doc_id,target_idx,target_pos,target_pos_frac,pos_frac,pos_bin,I_512,I_256,age_months,age_group,task,token_count
ECSC_4051_1_120M_4051_YR1,0,256,0.3346405228758169,0.3346405228758169,early,,17.896036452899033,120,10+yr,unknown,764
ECSC_4051_1_120M_4051_YR1,1,278,0.3633986928104575,0.3633986928104575,early,,5.23274988784184,120,10+yr,unknown,764
ECSC_4051_1_120M_4051_YR1,2,301,0.3934640522875817,0.3934640522875817,early,,3.1875720317688687,120,10+yr,unknown,764
ECSC_4051_1_120M_4051_YR1,3,324,0.4235294117647059,0.4235294117647059,mid,,3.775222337737554,120,10+yr,unknown,764
ECSC_4051_1_120M_4051_YR1,4,346,0.4522875816993464,0.4522875816993464,mid,,25.629482294595093,120,10+yr,unknown,764
ECSC_4051_1_120M_4051_YR1,5,369,0.4823529411764706,0.4823529411764706,mid,,17.55713462656243,120,10+yr,unknown,764
ECSC_4051_1_120M_4051_YR1,6,392,0.5124183006535947,0.5124183006535947,mid,,5.277496661529854,120,10+yr,unknown,764
ECSC_4051_1_120M_4051_YR1,7,415,0.5424836601307189,0.5424836601307189,mid,,14.115421082873478,120,10+yr,unknown,764
ECSC_4051_1_120M_4051_YR1,8,437,0.5712418300653594,0.5712418300653594,mid,,4.279615657680715,120,10+yr,unknown,764
ECSC_4051_1_120M_4051_YR1,9,460,0.6013071895424836,0.6013071895424836,mid,,21.59886127411064,120,10+yr,unknown,764
ECSC_4051_1_120M_4051_YR1,10,483,0.6313725490196078,0.6313725490196078,mid,,11.491294734956355,120,10+yr,unknown,764
ECSC_4051_1_120M_4051_YR1,11,506,0.661437908496732,0.661437908496732,late,,10.646450586930174,120,10+yr,unknown,764
ECSC_4051_1_120M_4051_YR1,12,528,0.6901960784313725,0.6901960784313725,late,,13.08001104135207,120,10+yr,unknown,764
ECSC_4051_1_120M_4051_YR1,13,551,0.7202614379084967,0.7202614379084967,late,,13.59079813481348,120,10+yr,unknown,764
ECSC_4051_1_120M_4051_YR1,14,574,0.7503267973856209,0.7503267973856209,late,,14.961032146632569,120,10+yr,unknown,764
ECSC_4051_1_120M_4051_YR1,15,597,0.7803921568627451,0.7803921568627451,late,,8.990685286256376,120,10+yr,unknown,764
ECSC_4051_1_120M_4051_YR1,16,619,0.8091503267973856,0.8091503267973856,late,,3.849787516294395,120,10+yr,unknown,764
ECSC_4051_1_120M_4051_YR1,17,642,0.8392156862745098,0.8392156862745098,late,,14.652793971824416,120,10+yr,unknown,764
ECSC_4051_1_120M_4051_YR1,18,665,0.869281045751634,0.869281045751634,late,,5.962904133480103,120,10+yr,unknown,764
ECSC_4051_1_120M_4051_YR1,19,688,0.8993464052287582,0.8993464052287582,late,9.968851657946672,9.655805535847326,120,10+yr,unknown,764
ECSC_4040_1_122F_4040_YR1,0,256,0.3878787878787879,0.3878787878787879,early,,9.47168815450575,122,10+yr,unknown,659
ECSC_4040_1_122F_4040_YR1,1,273,0.4136363636363636,0.4136363636363636,mid,,2.606759791565656,122,10+yr,unknown,659
ECSC_4040_1_122F_4040_YR1,2,291,0.4409090909090909,0.4409090909090909,mid,,2.977384325936537,122,10+yr,unknown,659
ECSC_4040_1_122F_4040_YR1,3,309,0.4681818181818182,0.4681818181818182,mid,,3.607788573680798,122,10+yr,unknown,659
ECSC_4040_1_122F_4040_YR1,4,327,0.4954545454545455,0.4954545454545455,mid,,3.904281227540336,122,10+yr,unknown,659
ECSC_4040_1_122F_4040_YR1,5,344,0.5212121212121212,0.5212121212121212,mid,,0.508891621700462,122,10+yr,unknown,659
ECSC_4040_1_122F_4040_YR1,6,362,0.5484848484848485,0.5484848484848485,mid,,2.8308759669748884,122,10+yr,unknown,659
ECSC_4040_1_122F_4040_YR1,7,380,0.5757575757575758,0.5757575757575758,mid,,2.3483345249395615,122,10+yr,unknown,659
ECSC_4040_1_122F_4040_YR1,8,398,0.603030303030303,0.603030303030303,mid,,6.032146933619668,122,10+yr,unknown,659
ECSC_4040_1_122F_4040_YR1,9,416,0.6303030303030303,0.6303030303030303,mid,,8.24111233229307,122,10+yr,unknown,659
ECSC_4040_1_122F_4040_YR1,10,433,0.656060606060606,0.656060606060606,mid,,3.058402734792864,122,10+yr,unknown,659
ECSC_4040_1_122F_4040_YR1,11,451,0.6833333333333333,0.6833333333333333,late,,1.3966326265486924,122,10+yr,unknown,659
ECSC_4040_1_122F_4040_YR1,12,469,0.7106060606060606,0.7106060606060606,late,,3.440963399457395,122,10+yr,unknown,659
ECSC_4040_1_122F_4040_YR1,13,487,0.7378787878787879,0.7378787878787879,late,,19.127215588745216,122,10+yr,unknown,659
ECSC_4040_1_122F_4040_YR1,14,505,0.7651515151515151,0.7651515151515151,late,,16.201778723716465,122,10+yr,unknown,659
ECSC_4040_1_122F_4040_YR1,15,522,0.7909090909090909,0.7909090909090909,late,,1.981405350355299,122,10+yr,unknown,659
ECSC_4040_1_122F_4040_YR1,16,540,0.8181818181818182,0.8181818181818182,late,,1.34276959647819,122,10+yr,unknown,659
ECSC_4040_1_122F_4040_YR1,17,558,0.8454545454545455,0.8454545454545455,late,,1.572677411367012,122,10+yr,unknown,659
ECSC_4040_1_122F_4040_YR1,18,576,0.8727272727272727,0.8727272727272727,late,13.953881885841906,12.512520110853076,122,10+yr,unknown,659
ECSC_4040_1_122F_4040_YR1,19,594,0.9,0.9,late,9.244981552585646,7.620082699456608,122,10+yr,unknown,659
ECSC_4041_1_122F_4041_YR1,0,256,0.4317032040472175,0.4317032040472175,mid,,7.631891097478787,122,10+yr,unknown,592
ECSC_4041_1_122F_4041_YR1,1,270,0.4553119730185497,0.4553119730185497,mid,,3.2274702341464803,122,10+yr,unknown,592
ECSC_4041_1_122F_4041_YR1,2,285,0.4806070826306914,0.4806070826306914,mid,,0.5880288368926063,122,10+yr,unknown,592
ECSC_4041_1_122F_4041_YR1,3,299,0.5042158516020236,0.5042158516020236,mid,,6.13085648447357,122,10+yr,unknown,592
ECSC_4041_1_122F_4041_YR1,4,314,0.5295109612141653,0.5295109612141653,mid,,9.728865499643346,122,10+yr,unknown,592
ECSC_4041_1_122F_4041_YR1,5,328,0.5531197301854974,0.5531197301854974,mid,,15.736473198132826,122,10+yr,unknown,592
ECSC_4041_1_122F_4041_YR1,6,343,0.5784148397976391,0.5784148397976391,mid,,5.103307655405702,122,10+yr,unknown,592
ECSC_4041_1_122F_4041_YR1,7,358,0.6037099494097807,0.6037099494097807,mid,,3.2880670121061257,122,10+yr,unknown,592
ECSC_4041_1_122F_4041_YR1,8,372,0.627318718381113,0.627318718381113,mid,,7.003271649943941,122,10+yr,unknown,592
ECSC_4041_1_122F_4041_YR1,9,387,0.6526138279932546,0.6526138279932546,mid,,4.0828094260164995,122,10+yr,unknown,592
ECSC_4041_1_122F_4041_YR1,10,401,0.6762225969645869,0.6762225969645869,late,,5.673390989907103,122,10+yr,unknown,592
ECSC_4041_1_122F_4041_YR1,11,416,0.7015177065767285,0.7015177065767285,late,,4.241321898269148,122,10+yr,unknown,592
ECSC_4041_1_122F_4041_YR1,12,430,0.7251264755480608,0.7251264755480608,late,,13.00005155657199,122,10+yr,unknown,592
ECSC_4041_1_122F_4041_YR1,13,445,0.7504215851602024,0.7504215851602024,late,,30.718390852453393,122,10+yr,unknown,592
ECSC_4041_1_122F_4041_YR1,14,460,0.7757166947723441,0.7757166947723441,late,,19.252466337351336,122,10+yr,unknown,592
ECSC_4041_1_122F_4041_YR1,15,474,0.7993254637436762,0.7993254637436762,late,,2.6582185543519774,122,10+yr,unknown,592
ECSC_4041_1_122F_4041_YR1,16,489,0.8246205733558178,0.8246205733558178,late,,9.062235146770927,122,10+yr,unknown,592
ECSC_4041_1_122F_4041_YR1,17,503,0.8482293423271501,0.8482293423271501,late,,11.876077462337076,122,10+yr,unknown,592
ECSC_4041_1_122F_4041_YR1,18,518,0.8735244519392917,0.8735244519392917,late,32.753082755830555,32.17137401162688,122,10+yr,unknown,592
ECSC_4041_1_122F_4041_YR1,19,533,0.8988195615514334,0.8988195615514334,late,6.213342996657143,5.2929238591433005,122,10+yr,unknown,592
ECSC_4061_1_122M_4061_YR1,0,256,0.4794007490636704,0.4794007490636704,mid,,8.27129291967046,122,10+yr,unknown,533
ECSC_4061_1_122M_4061_YR1,1,267,0.5,0.5,mid,,8.309529274720834,122,10+yr,unknown,533
ECSC_4061_1_122M_4061_YR1,2,279,0.5224719101123596,0.5224719101123596,mid,,1.6971916169543917,122,10+yr,unknown,533
ECSC_4061_1_122M_4061_YR1,3,291,0.5449438202247191,0.5449438202247191,mid,,2.567404318496573,122,10+yr,unknown,533
ECSC_4061_1_122M_4061_YR1,4,303,0.5674157303370787,0.5674157303370787,mid,,4.428305983819968,122,10+yr,unknown,533
ECSC_4061_1_122M_4061_YR1,5,314,0.5880149812734082,0.5880149812734082,mid,,2.5883489246566977,122,10+yr,unknown,533
ECSC_4061_1_122M_4061_YR1,6,326,0.6104868913857678,0.6104868913857678,mid,,16.747166181744713,122,10+yr,unknown,533
ECSC_4061_1_122M_4061_YR1,7,338,0.6329588014981273,0.6329588014981273,mid,,27.41478833513248,122,10+yr,unknown,533
ECSC_4061_1_122M_4061_YR1,8,350,0.6554307116104869,0.6554307116104869,mid,,18.85661904554435,122,10+yr,unknown,533
ECSC_4061_1_122M_4061_YR1,9,362,0.6779026217228464,0.6779026217228464,late,,8.606186712417648,122,10+yr,unknown,533
ECSC_4061_1_122M_4061_YR1,10,373,0.6985018726591761,0.6985018726591761,late,,1.132745718493393,122,10+yr,unknown,533
ECSC_4061_1_122M_4061_YR1,11,385,0.7209737827715356,0.7209737827715356,late,,4.729667405798102,122,10+yr,unknown,533
ECSC_4061_1_122M_4061_YR1,12,397,0.7434456928838952,0.7434456928838952,late,,6.474834007839736,122,10+yr,unknown,533
ECSC_4061_1_122M_4061_YR1,13,409,0.7659176029962547,0.7659176029962547,late,,3.6296058162856424,122,10+yr,unknown,533
ECSC_4061_1_122M_4061_YR1,14,421,0.7883895131086143,0.7883895131086143,late,,4.428518285051119,122,10+yr,unknown,533
ECSC_4061_1_122M_4061_YR1,15,432,0.8089887640449438,0.8089887640449438,late,,0.9806576322545536,122,10+yr,unknown,533
ECSC_4061_1_122M_4061_YR1,16,444,0.8314606741573034,0.8314606741573034,late,,1.22538790347307,122,10+yr,unknown,533
ECSC_4061_1_122M_4061_YR1,17,456,0.8539325842696629,0.8539325842696629,late,,2.671151997656003,122,10+yr,unknown,533
ECSC_4061_1_122M_4061_YR1,18,468,0.8764044943820225,0.8764044943820225,late,,1.427983884168837,122,10+yr,unknown,533
ECSC_4061_1_122M_4061_YR1,19,480,0.898876404494382,0.898876404494382,late,,2.043916827667749,122,10+yr,unknown,533
ECSC_4077_1_123F_4077_YR1,0,256,0.8178913738019169,0.8178913738019169,late,,6.671479167464554,123,10+yr,unknown,312
ECSC_4077_1_123F_4077_YR1,1,256,0.8178913738019169,0.8178913738019169,late,,6.671479167464554,123,10+yr,unknown,312
ECSC_4077_1_123F_4077_YR1,2,257,0.8210862619808307,0.8210862619808307,late,,7.491372714174686,123,10+yr,unknown,312
ECSC_4077_1_123F_4077_YR1,3,258,0.8242811501597445,0.8242811501597445,late,,7.992794974052842,123,10+yr,unknown,312
ECSC_4077_1_123F_4077_YR1,4,259,0.8274760383386581,0.8274760383386581,late,,8.258357602198897,123,10+yr,unknown,312
ECSC_4077_1_123F_4077_YR1,5,260,0.8306709265175719,0.8306709265175719,late,,8.275241535287616,123,10+yr,unknown,312
ECSC_4077_1_123F_4077_YR1,6,261,0.8338658146964856,0.8338658146964856,late,,7.316111240892724,123,10+yr,unknown,312
ECSC_4077_1_123F_4077_YR1,7,262,0.8370607028753994,0.8370607028753994,late,,7.0836140407525985,123,10+yr,unknown,312
ECSC_4077_1_123F_4077_YR1,8,263,0.8402555910543131,0.8402555910543131,late,,7.291043235016316,123,10+yr,unknown,312
ECSC_4077_1_123F_4077_YR1,9,264,0.8434504792332268,0.8434504792332268,late,,6.884115838223602,123,10+yr,unknown,312
ECSC_4077_1_123F_4077_YR1,10,264,0.8434504792332268,0.8434504792332268,late,,6.884115838223602,123,10+yr,unknown,312
ECSC_4077_1_123F_4077_YR1,11,265,0.8466453674121406,0.8466453674121406,late,,6.8977056603257125,123,10+yr,unknown,312
ECSC_4077_1_123F_4077_YR1,12,266,0.8498402555910544,0.8498402555910544,late,,6.672407314592991,123,10+yr,unknown,312
ECSC_4077_1_123F_4077_YR1,13,267,0.853035143769968,0.853035143769968,late,,6.52185975480335,123,10+yr,unknown,312
ECSC_4077_1_123F_4077_YR1,14,268,0.8562300319488818,0.8562300319488818,late,,5.922625308505392,123,10+yr,unknown,312
ECSC_4077_1_123F_4077_YR1,15,269,0.8594249201277955,0.8594249201277955,late,,7.249441611794097,123,10+yr,unknown,312
ECSC_4077_1_123F_4077_YR1,16,270,0.8626198083067093,0.8626198083067093,late,,6.9579932304817955,123,10+yr,unknown,312
ECSC_4077_1_123F_4077_YR1,17,271,0.865814696485623,0.865814696485623,late,,6.718479062236717,123,10+yr,unknown,312
ECSC_4077_1_123F_4077_YR1,18,272,0.8690095846645367,0.8690095846645367,late,,5.969776581178785,123,10+yr,unknown,312
ECSC_4077_1_123F_4077_YR1,19,273,0.8722044728434505,0.8722044728434505,late,,4.908963852447227,123,10+yr,unknown,312
ECSC_4052_1_124M_4052_YR1,0,256,0.6918918918918919,0.6918918918918919,late,,15.080443261784543,124,10+yr,unknown,369
ECSC_4052_1_124M_4052_YR1,1,259,0.7,0.7,late,,15.402530622981818,124,10+yr,unknown,369
ECSC_4052_1_124M_4052_YR1,2,263,0.7108108108108108,0.7108108108108108,late,,24.36565735263352,124,10+yr,unknown,369
ECSC_4052_1_124M_4052_YR1,3,267,0.7216216216216216,0.7216216216216216,late,,20.017976655860235,124,10+yr,unknown,369
ECSC_4052_1_124M_4052_YR1,4,271,0.7324324324324324,0.7324324324324324,late,,29.32108014164307,124,10+yr,unknown,369
ECSC_4052_1_124M_4052_YR1,5,275,0.7432432432432432,0.7432432432432432,late,,37.468792025419546,124,10+yr,unknown,369
ECSC_4052_1_124M_4052_YR1,6,279,0.754054054054054,0.754054054054054,late,,49.51027106790597,124,10+yr,unknown,369
ECSC_4052_1_124M_4052_YR1,7,283,0.7648648648648648,0.7648648648648648,late,,49.466169620883,124,10+yr,unknown,369
ECSC_4052_1_124M_4052_YR1,8,287,0.7756756756756756,0.7756756756756756,late,,25.32690797582167,124,10+yr,unknown,369
ECSC_4052_1_124M_4052_YR1,9,291,0.7864864864864864,0.7864864864864864,late,,14.205198353602952,124,10+yr,unknown,369
ECSC_4052_1_124M_4052_YR1,10,294,0.7945945945945946,0.7945945945945946,late,,16.491534032567603,124,10+yr,unknown,369
ECSC_4052_1_124M_4052_YR1,11,298,0.8054054054054054,0.8054054054054054,late,,15.95874798109395,124,10+yr,unknown,369
ECSC_4052_1_124M_4052_YR1,12,302,0.8162162162162162,0.8162162162162162,late,,9.86399829592255,124,10+yr,unknown,369
ECSC_4052_1_124M_4052_YR1,13,306,0.827027027027027,0.827027027027027,late,,7.943382443268245,124,10+yr,unknown,369
ECSC_4052_1_124M_4052_YR1,14,310,0.8378378378378378,0.8378378378378378,late,,7.579903864137023,124,10+yr,unknown,369
ECSC_4052_1_124M_4052_YR1,15,314,0.8486486486486486,0.8486486486486486,late,,5.8255369553280545,124,10+yr,unknown,369
ECSC_4052_1_124M_4052_YR1,16,318,0.8594594594594595,0.8594594594594595,late,,7.276784514757082,124,10+yr,unknown,369
ECSC_4052_1_124M_4052_YR1,17,322,0.8702702702702703,0.8702702702702703,late,,10.71945746363697,124,10+yr,unknown,369
ECSC_4052_1_124M_4052_YR1,18,326,0.8810810810810811,0.8810810810810811,late,,8.318382896949,124,10+yr,unknown,369
ECSC_4052_1_124M_4052_YR1,19,330,0.8918918918918919,0.8918918918918919,late,,5.518815879692188,124,10+yr,unknown,369
ECSC_4065_1_125F_4065_YR1,0,256,0.6464646464646465,0.6464646464646465,mid,,1.0314534641577868,125,10+yr,unknown,395
ECSC_4065_1_125F_4065_YR1,1,261,0.6590909090909091,0.6590909090909091,late,,0.1657710930901714,125,10+yr,unknown,395
ECSC_4065_1_125F_4065_YR1,2,266,0.6717171717171717,0.6717171717171717,late,,0.2244560486763527,125,10+yr,unknown,395
ECSC_4065_1_125F_4065_YR1,3,271,0.6843434343434344,0.6843434343434344,late,,0.101350710491606,125,10+yr,unknown,395
ECSC_4065_1_125F_4065_YR1,4,277,0.6994949494949495,0.6994949494949495,late,,0.5790140002053414,125,10+yr,unknown,395
ECSC_4065_1_125F_4065_YR1,5,282,0.7121212121212122,0.7121212121212122,late,,0.7246837991417667,125,10+yr,unknown,395
ECSC_4065_1_125F_4065_YR1,6,287,0.7247474747474747,0.7247474747474747,late,,1.6824244319978536,125,10+yr,unknown,395
ECSC_4065_1_125F_4065_YR1,7,292,0.7373737373737373,0.7373737373737373,late,,2.367568874854639,125,10+yr,unknown,395
ECSC_4065_1_125F_4065_YR1,8,298,0.7525252525252525,0.7525252525252525,late,,3.7697834420737433,125,10+yr,unknown,395
ECSC_4065_1_125F_4065_YR1,9,303,0.7651515151515151,0.7651515151515151,late,,2.4620094523878295,125,10+yr,unknown,395
ECSC_4065_1_125F_4065_YR1,10,308,0.7777777777777778,0.7777777777777778,late,,2.7430401479856803,125,10+yr,unknown,395
ECSC_4065_1_125F_4065_YR1,11,313,0.7904040404040404,0.7904040404040404,late,,2.278337918599151,125,10+yr,unknown,395
ECSC_4065_1_125F_4065_YR1,12,319,0.8055555555555556,0.8055555555555556,late,,0.8915791916013385,125,10+yr,unknown,395
ECSC_4065_1_125F_4065_YR1,13,324,0.8181818181818182,0.8181818181818182,late,,1.2380205312050734,125,10+yr,unknown,395
ECSC_4065_1_125F_4065_YR1,14,329,0.8308080808080808,0.8308080808080808,late,,1.131674108014959,125,10+yr,unknown,395
ECSC_4065_1_125F_4065_YR1,15,334,0.8434343434343434,0.8434343434343434,late,,1.2867341559564052,125,10+yr,unknown,395
ECSC_4065_1_125F_4065_YR1,16,340,0.8585858585858586,0.8585858585858586,late,,2.2778539003253933,125,10+yr,unknown,395
ECSC_4065_1_125F_4065_YR1,17,345,0.8712121212121212,0.8712121212121212,late,,4.228453772888362,125,10+yr,unknown,395
ECSC_4065_1_125F_4065_YR1,18,350,0.8838383838383839,0.8838383838383839,late,,3.6491428872876233,125,10+yr,unknown,395
ECSC_4065_1_125F_4065_YR1,19,356,0.898989898989899,0.898989898989899,late,,3.5859595106019064,125,10+yr,unknown,395
ECSC_4043_1_126F_4043_YR1,0,256,0.5300207039337475,0.5300207039337475,mid,,2.495031099913835,126,10+yr,unknown,482
ECSC_4043_1_126F_4043_YR1,1,265,0.5486542443064182,0.5486542443064182,mid,,3.5930440062743765,126,10+yr,unknown,482
ECSC_4043_1_126F_4043_YR1,2,274,0.567287784679089,0.567287784679089,mid,,3.193173161390672,126,10+yr,unknown,482
ECSC_4043_1_126F_4043_YR1,3,284,0.587991718426501,0.587991718426501,mid,,2.1214608242005397,126,10+yr,unknown,482
ECSC_4043_1_126F_4043_YR1,4,293,0.6066252587991718,0.6066252587991718,mid,,1.7243626965368382,126,10+yr,unknown,482
ECSC_4043_1_126F_4043_YR1,5,302,0.6252587991718427,0.6252587991718427,mid,,2.666649185519039,126,10+yr,unknown,482
ECSC_4043_1_126F_4043_YR1,6,312,0.6459627329192547,0.6459627329192547,mid,,1.6405144912645753,126,10+yr,unknown,482
ECSC_4043_1_126F_4043_YR1,7,321,0.6645962732919255,0.6645962732919255,late,,2.999129446569521,126,10+yr,unknown,482
ECSC_4043_1_126F_4043_YR1,8,330,0.6832298136645962,0.6832298136645962,late,,3.3412004020379102,126,10+yr,unknown,482
ECSC_4043_1_126F_4043_YR1,9,340,0.7039337474120083,0.7039337474120083,late,,0.0934537370871755,126,10+yr,unknown,482
ECSC_4043_1_126F_4043_YR1,10,349,0.722567287784679,0.722567287784679,late,,1.0693758355791072,126,10+yr,unknown,482
ECSC_4043_1_126F_4043_YR1,11,359,0.7432712215320911,0.7432712215320911,late,,2.3941168097296046,126,10+yr,unknown,482
ECSC_4043_1_126F_4043_YR1,12,368,0.7619047619047619,0.7619047619047619,late,,0.5026915873585285,126,10+yr,unknown,482
ECSC_4043_1_126F_4043_YR1,13,377,0.7805383022774327,0.7805383022774327,late,,1.8584934601188137,126,10+yr,unknown,482
ECSC_4043_1_126F_4043_YR1,14,387,0.8012422360248447,0.8012422360248447,late,,2.5504651137615957,126,10+yr,unknown,482
ECSC_4043_1_126F_4043_YR1,15,396,0.8198757763975155,0.8198757763975155,late,,2.198653167503234,126,10+yr,unknown,482
ECSC_4043_1_126F_4043_YR1,16,405,0.8385093167701864,0.8385093167701864,late,,1.4043356252844754,126,10+yr,unknown,482
ECSC_4043_1_126F_4043_YR1,17,415,0.8592132505175983,0.8592132505175983,late,,1.7557097910621111,126,10+yr,unknown,482
ECSC_4043_1_126F_4043_YR1,18,424,0.8778467908902692,0.8778467908902692,late,,2.075085748055825,126,10+yr,unknown,482
ECSC_4043_1_126F_4043_YR1,19,434,0.8985507246376812,0.8985507246376812,late,,2.254434996324016,126,10+yr,unknown,482
ECSC_4067_1_128F_4067_YR1,0,256,0.6772486772486772,0.6772486772486772,late,,5.703178980242711,128,10+yr,unknown,377
ECSC_4067_1_128F_4067_YR1,1,260,0.6878306878306878,0.6878306878306878,late,,6.823697418299529,128,10+yr,unknown,377
ECSC_4067_1_128F_4067_YR1,2,264,0.6984126984126984,0.6984126984126984,late,,7.53222729539276,128,10+yr,unknown,377
ECSC_4067_1_128F_4067_YR1,3,268,0.708994708994709,0.708994708994709,late,,7.5276233742820144,128,10+yr,unknown,377
ECSC_4067_1_128F_4067_YR1,4,273,0.7222222222222222,0.7222222222222222,late,,10.114616605448386,128,10+yr,unknown,377
ECSC_4067_1_128F_4067_YR1,5,277,0.7328042328042328,0.7328042328042328,late,,8.96568984208045,128,10+yr,unknown,377
ECSC_4067_1_128F_4067_YR1,6,281,0.7433862433862434,0.7433862433862434,late,,9.614696854579638,128,10+yr,unknown,377
ECSC_4067_1_128F_4067_YR1,7,286,0.7566137566137566,0.7566137566137566,late,,15.10323774733363,128,10+yr,unknown,377
ECSC_4067_1_128F_4067_YR1,8,290,0.7671957671957672,0.7671957671957672,late,,16.03723506293919,128,10+yr,unknown,377
ECSC_4067_1_128F_4067_YR1,9,294,0.7777777777777778,0.7777777777777778,late,,29.982012583039904,128,10+yr,unknown,377
ECSC_4067_1_128F_4067_YR1,10,299,0.791005291005291,0.791005291005291,late,,38.216689874855746,128,10+yr,unknown,377
ECSC_4067_1_128F_4067_YR1,11,303,0.8015873015873016,0.8015873015873016,late,,33.96965088521501,128,10+yr,unknown,377
ECSC_4067_1_128F_4067_YR1,12,307,0.8121693121693122,0.8121693121693122,late,,28.933872218176493,128,10+yr,unknown,377
ECSC_4067_1_128F_4067_YR1,13,312,0.8253968253968254,0.8253968253968254,late,,19.10417650161888,128,10+yr,unknown,377
ECSC_4067_1_128F_4067_YR1,14,316,0.8359788359788359,0.8359788359788359,late,,15.201775334169689,128,10+yr,unknown,377
ECSC_4067_1_128F_4067_YR1,15,320,0.8465608465608465,0.8465608465608465,late,,9.819010602233217,128,10+yr,unknown,377
ECSC_4067_1_128F_4067_YR1,16,325,0.8597883597883598,0.8597883597883598,late,,13.288829182553034,128,10+yr,unknown,377
ECSC_4067_1_128F_4067_YR1,17,329,0.8703703703703703,0.8703703703703703,late,,14.018992360634536,128,10+yr,unknown,377
ECSC_4067_1_128F_4067_YR1,18,333,0.8809523809523809,0.8809523809523809,late,,4.954503119747537,128,10+yr,unknown,377
ECSC_4067_1_128F_4067_YR1,19,338,0.8941798941798942,0.8941798941798942,late,,1.5024090497665883,128,10+yr,unknown,377
ECSC_4073_1_129F_4073_YR1,0,256,0.5150905432595574,0.5150905432595574,mid,,12.913291775863796,129,10+yr,unknown,496
ECSC_4073_1_129F_4073_YR1,1,266,0.5352112676056338,0.5352112676056338,mid,,7.143933247031332,129,10+yr,unknown,496
ECSC_4073_1_129F_4073_YR1,2,276,0.5553319919517102,0.5553319919517102,mid,,10.901104157042711,129,10+yr,unknown,496
ECSC_4073_1_129F_4073_YR1,3,286,0.5754527162977867,0.5754527162977867,mid,,2.710574845674195,129,10+yr,unknown,496
ECSC_4073_1_129F_4073_YR1,4,296,0.5955734406438632,0.5955734406438632,mid,,7.17209626531028,129,10+yr,unknown,496
ECSC_4073_1_129F_4073_YR1,5,306,0.6156941649899397,0.6156941649899397,mid,,3.313333120081408,129,10+yr,unknown,496
ECSC_4073_1_129F_4073_YR1,6,316,0.635814889336016,0.635814889336016,mid,,1.739069164854092,129,10+yr,unknown,496
ECSC_4073_1_129F_4073_YR1,7,326,0.6559356136820925,0.6559356136820925,mid,,4.559883711881177,129,10+yr,unknown,496
ECSC_4073_1_129F_4073_YR1,8,336,0.676056338028169,0.676056338028169,late,,3.765667000266976,129,10+yr,unknown,496
ECSC_4073_1_129F_4073_YR1,9,346,0.6961770623742455,0.6961770623742455,late,,3.3986885249685095,129,10+yr,unknown,496
ECSC_4073_1_129F_4073_YR1,10,356,0.716297786720322,0.716297786720322,late,,2.767694710859253,129,10+yr,unknown,496
ECSC_4073_1_129F_4073_YR1,11,366,0.7364185110663984,0.7364185110663984,late,,4.321806858358331,129,10+yr,unknown,496
ECSC_4073_1_129F_4073_YR1,12,376,0.7565392354124748,0.7565392354124748,late,,11.981932058315996,129,10+yr,unknown,496
ECSC_4073_1_129F_4073_YR1,13,386,0.7766599597585513,0.7766599597585513,late,,9.375947974346898,129,10+yr,unknown,496
ECSC_4073_1_129F_4073_YR1,14,396,0.7967806841046278,0.7967806841046278,late,,5.480980919916018,129,10+yr,unknown,496
ECSC_4073_1_129F_4073_YR1,15,406,0.8169014084507042,0.8169014084507042,late,,2.2791097237404276,129,10+yr,unknown,496
ECSC_4073_1_129F_4073_YR1,16,416,0.8370221327967807,0.8370221327967807,late,,1.1778793207440978,129,10+yr,unknown,496
ECSC_4073_1_129F_4073_YR1,17,426,0.8571428571428571,0.8571428571428571,late,,2.0070556096656063,129,10+yr,unknown,496
ECSC_4073_1_129F_4073_YR1,18,436,0.8772635814889336,0.8772635814889336,late,,10.629274852462633,129,10+yr,unknown,496
ECSC_4073_1_129F_4073_YR1,19,447,0.8993963782696177,0.8993963782696177,late,,16.46621827782531,129,10+yr,unknown,496
ECSC_4053_1_129M_4053_YR1,0,256,0.4421416234887737,0.4421416234887737,mid,,17.564000345638163,129,10+yr,unknown,578
ECSC_4053_1_129M_4053_YR1,1,269,0.464594127806563,0.464594127806563,mid,,26.05303706149602,129,10+yr,unknown,578
ECSC_4053_1_129M_4053_YR1,2,283,0.4887737478411053,0.4887737478411053,mid,,15.694525946897878,129,10+yr,unknown,578
ECSC_4053_1_129M_4053_YR1,3,297,0.5129533678756477,0.5129533678756477,mid,,6.919848273661376,129,10+yr,unknown,578
ECSC_4053_1_129M_4053_YR1,4,311,0.5371329879101899,0.5371329879101899,mid,,7.882666070143623,129,10+yr,unknown,578
ECSC_4053_1_129M_4053_YR1,5,325,0.5613126079447323,0.5613126079447323,mid,,4.002058264006927,129,10+yr,unknown,578
ECSC_4053_1_129M_4053_YR1,6,339,0.5854922279792746,0.5854922279792746,mid,,3.0945783121106683,129,10+yr,unknown,578
ECSC_4053_1_129M_4053_YR1,7,353,0.6096718480138169,0.6096718480138169,mid,,5.469793391615145,129,10+yr,unknown,578
ECSC_4053_1_129M_4053_YR1,8,367,0.6338514680483592,0.6338514680483592,mid,,9.987187935873616,129,10+yr,unknown,578
ECSC_4053_1_129M_4053_YR1,9,381,0.6580310880829016,0.6580310880829016,mid,,24.67038473644452,129,10+yr,unknown,578
ECSC_4053_1_129M_4053_YR1,10,395,0.6822107081174439,0.6822107081174439,late,,31.34859567591463,129,10+yr,unknown,578
ECSC_4053_1_129M_4053_YR1,11,409,0.7063903281519862,0.7063903281519862,late,,7.498149843850689,129,10+yr,unknown,578
ECSC_4053_1_129M_4053_YR1,12,423,0.7305699481865285,0.7305699481865285,late,,0.983958360803502,129,10+yr,unknown,578
ECSC_4053_1_129M_4053_YR1,13,437,0.7547495682210709,0.7547495682210709,late,,2.454143757305105,129,10+yr,unknown,578
ECSC_4053_1_129M_4053_YR1,14,451,0.7789291882556131,0.7789291882556131,late,,14.86515409021962,129,10+yr,unknown,578
ECSC_4053_1_129M_4053_YR1,15,465,0.8031088082901554,0.8031088082901554,late,,6.633933007039959,129,10+yr,unknown,578
ECSC_4053_1_129M_4053_YR1,16,479,0.8272884283246977,0.8272884283246977,late,,8.882573856717055,129,10+yr,unknown,578
ECSC_4053_1_129M_4053_YR1,17,493,0.8514680483592401,0.8514680483592401,late,,46.296946626123,129,10+yr,unknown,578
ECSC_4053_1_129M_4053_YR1,18,507,0.8756476683937824,0.8756476683937824,late,,16.74627723408566,129,10+yr,unknown,578
ECSC_4053_1_129M_4053_YR1,19,521,0.8998272884283247,0.8998272884283247,late,16.828339892475594,16.485889343570705,129,10+yr,unknown,578
ECSC_4046_1_132F_4046_YR1,0,256,0.3908396946564885,0.3908396946564885,early,,2.0778151899128066,132,10+yr,unknown,654
ECSC_4046_1_132F_4046_YR1,1,273,0.416793893129771,0.416793893129771,mid,,6.702882611894182,132,10+yr,unknown,654
ECSC_4046_1_132F_4046_YR1,2,291,0.4442748091603053,0.4442748091603053,mid,,9.53279389873939,132,10+yr,unknown,654
ECSC_4046_1_132F_4046_YR1,3,308,0.4702290076335877,0.4702290076335877,mid,,7.939868145554046,132,10+yr,unknown,654
ECSC_4046_1_132F_4046_YR1,4,326,0.4977099236641221,0.4977099236641221,mid,,2.4625032116886523,132,10+yr,unknown,654
ECSC_4046_1_132F_4046_YR1,5,343,0.5236641221374045,0.5236641221374045,mid,,4.123650053012862,132,10+yr,unknown,654
ECSC_4046_1_132F_4046_YR1,6,361,0.5511450381679389,0.5511450381679389,mid,,2.771958342973038,132,10+yr,unknown,654
ECSC_4046_1_132F_4046_YR1,7,378,0.5770992366412214,0.5770992366412214,mid,,6.137212169695154,132,10+yr,unknown,654
ECSC_4046_1_132F_4046_YR1,8,396,0.6045801526717557,0.6045801526717557,mid,,5.18853678343452,132,10+yr,unknown,654
ECSC_4046_1_132F_4046_YR1,9,413,0.6305343511450382,0.6305343511450382,mid,,1.4956562541464429,132,10+yr,unknown,654
ECSC_4046_1_132F_4046_YR1,10,431,0.6580152671755726,0.6580152671755726,mid,,6.412038128570045,132,10+yr,unknown,654
ECSC_4046_1_132F_4046_YR1,11,448,0.683969465648855,0.683969465648855,late,,7.641507523127628,132,10+yr,unknown,654
ECSC_4046_1_132F_4046_YR1,12,466,0.7114503816793893,0.7114503816793893,late,,3.4050638805489175,132,10+yr,unknown,654
ECSC_4046_1_132F_4046_YR1,13,483,0.7374045801526717,0.7374045801526717,late,,4.597347493241257,132,10+yr,unknown,654
ECSC_4046_1_132F_4046_YR1,14,501,0.7648854961832061,0.7648854961832061,late,,12.35386932104613,132,10+yr,unknown,654
ECSC_4046_1_132F_4046_YR1,15,518,0.7908396946564885,0.7908396946564885,late,,17.77647984710299,132,10+yr,unknown,654
ECSC_4046_1_132F_4046_YR1,16,536,0.8183206106870229,0.8183206106870229,late,23.66416630378619,20.765489807516875,132,10+yr,unknown,654
ECSC_4046_1_132F_4046_YR1,17,553,0.8442748091603054,0.8442748091603054,late,,10.080336047558204,132,10+yr,unknown,654
ECSC_4046_1_132F_4046_YR1,18,571,0.8717557251908397,0.8717557251908397,late,,7.707366502805337,132,10+yr,unknown,654
ECSC_4046_1_132F_4046_YR1,19,589,0.899236641221374,0.899236641221374,late,9.92548851985162,8.480893872403374,132,10+yr,unknown,654
ECSC_4063_1_132F_4063_YR1,0,256,0.5311203319502075,0.5311203319502075,mid,,2.1814285408018463,132,10+yr,unknown,481
ECSC_4063_1_132F_4063_YR1,1,265,0.549792531120332,0.549792531120332,mid,,1.5609181349524714,132,10+yr,unknown,481
ECSC_4063_1_132F_4063_YR1,2,274,0.5684647302904564,0.5684647302904564,mid,,1.8785831726904911,132,10+yr,unknown,481
ECSC_4063_1_132F_4063_YR1,3,283,0.5871369294605809,0.5871369294605809,mid,,2.6095610164808227,132,10+yr,unknown,481
ECSC_4063_1_132F_4063_YR1,4,293,0.6078838174273858,0.6078838174273858,mid,,1.1098654477852588,132,10+yr,unknown,481
ECSC_4063_1_132F_4063_YR1,5,302,0.6265560165975104,0.6265560165975104,mid,,1.653221603287471,132,10+yr,unknown,481
ECSC_4063_1_132F_4063_YR1,6,311,0.6452282157676349,0.6452282157676349,mid,,1.9076620266418096,132,10+yr,unknown,481
ECSC_4063_1_132F_4063_YR1,7,321,0.6659751037344398,0.6659751037344398,late,,1.4611004806953032,132,10+yr,unknown,481
ECSC_4063_1_132F_4063_YR1,8,330,0.6846473029045643,0.6846473029045643,late,,2.3717307291047325,132,10+yr,unknown,481
ECSC_4063_1_132F_4063_YR1,9,339,0.7033195020746889,0.7033195020746889,late,,2.0072237772684938,132,10+yr,unknown,481
ECSC_4063_1_132F_4063_YR1,10,349,0.7240663900414938,0.7240663900414938,late,,3.9374974324311864,132,10+yr,unknown,481
ECSC_4063_1_132F_4063_YR1,11,358,0.7427385892116183,0.7427385892116183,late,,5.201418714649618,132,10+yr,unknown,481
ECSC_4063_1_132F_4063_YR1,12,367,0.7614107883817427,0.7614107883817427,late,,3.652674488394295,132,10+yr,unknown,481
ECSC_4063_1_132F_4063_YR1,13,377,0.7821576763485477,0.7821576763485477,late,,1.7967835518750777,132,10+yr,unknown,481
ECSC_4063_1_132F_4063_YR1,14,386,0.8008298755186722,0.8008298755186722,late,,1.2317993141623125,132,10+yr,unknown,481
ECSC_4063_1_132F_4063_YR1,15,395,0.8195020746887967,0.8195020746887967,late,,2.1190557021593386,132,10+yr,unknown,481
ECSC_4063_1_132F_4063_YR1,16,405,0.8402489626556017,0.8402489626556017,late,,2.1750426904155216,132,10+yr,unknown,481
ECSC_4063_1_132F_4063_YR1,17,414,0.8589211618257261,0.8589211618257261,late,,2.1518088652395617,132,10+yr,unknown,481
ECSC_4063_1_132F_4063_YR1,18,423,0.8775933609958506,0.8775933609958506,late,,1.8550882794127936,132,10+yr,unknown,481
ECSC_4063_1_132F_4063_YR1,19,433,0.8983402489626556,0.8983402489626556,late,,1.2664528283952723,132,10+yr,unknown,481
ECSC_4087_1_132M_4087_YR1,0,256,0.6649350649350649,0.6649350649350649,late,,1.883316611452212,132,10+yr,unknown,384
ECSC_4087_1_132M_4087_YR1,1,260,0.6753246753246753,0.6753246753246753,late,,3.315325179989653,132,10+yr,unknown,384
ECSC_4087_1_132M_4087_YR1,2,265,0.6883116883116883,0.6883116883116883,late,,5.423085697951109,132,10+yr,unknown,384
ECSC_4087_1_132M_4087_YR1,3,270,0.7012987012987013,0.7012987012987013,late,,9.124334528497702,132,10+yr,unknown,384
ECSC_4087_1_132M_4087_YR1,4,274,0.7116883116883117,0.7116883116883117,late,,8.958218915540385,132,10+yr,unknown,384
ECSC_4087_1_132M_4087_YR1,5,279,0.7246753246753247,0.7246753246753247,late,,15.7141155383616,132,10+yr,unknown,384
ECSC_4087_1_132M_4087_YR1,6,284,0.7376623376623377,0.7376623376623377,late,,10.904088231533006,132,10+yr,unknown,384
ECSC_4087_1_132M_4087_YR1,7,288,0.7480519480519481,0.7480519480519481,late,,7.612199862472845,132,10+yr,unknown,384
ECSC_4087_1_132M_4087_YR1,8,293,0.7610389610389611,0.7610389610389611,late,,12.913583501727077,132,10+yr,unknown,384
ECSC_4087_1_132M_4087_YR1,9,298,0.7740259740259741,0.7740259740259741,late,,10.09242277736494,132,10+yr,unknown,384
ECSC_4087_1_132M_4087_YR1,10,302,0.7844155844155845,0.7844155844155845,late,,9.491120859154268,132,10+yr,unknown,384
ECSC_4087_1_132M_4087_YR1,11,307,0.7974025974025974,0.7974025974025974,late,,7.958662285097681,132,10+yr,unknown,384
ECSC_4087_1_132M_4087_YR1,12,312,0.8103896103896104,0.8103896103896104,late,,5.625767457725903,132,10+yr,unknown,384
ECSC_4087_1_132M_4087_YR1,13,316,0.8207792207792208,0.8207792207792208,late,,4.327082324836484,132,10+yr,unknown,384
ECSC_4087_1_132M_4087_YR1,14,321,0.8337662337662337,0.8337662337662337,late,,5.5232907803866915,132,10+yr,unknown,384
ECSC_4087_1_132M_4087_YR1,15,326,0.8467532467532467,0.8467532467532467,late,,4.476449042721077,132,10+yr,unknown,384
ECSC_4087_1_132M_4087_YR1,16,330,0.8571428571428571,0.8571428571428571,late,,6.583404068183784,132,10+yr,unknown,384
ECSC_4087_1_132M_4087_YR1,17,335,0.8701298701298701,0.8701298701298701,late,,5.345558586192153,132,10+yr,unknown,384
ECSC_4087_1_132M_4087_YR1,18,340,0.8831168831168831,0.8831168831168831,late,,5.252501439683288,132,10+yr,unknown,384
ECSC_4087_1_132M_4087_YR1,19,345,0.8961038961038961,0.8961038961038961,late,,5.933505555751919,132,10+yr,unknown,384
ECSC_4032_1_134M_4032_YR1,0,256,0.6368159203980099,0.6368159203980099,mid,,7.591073546245626,134,10+yr,unknown,401
ECSC_4032_1_134M_4032_YR1,1,261,0.6492537313432836,0.6492537313432836,mid,,13.462180075878932,134,10+yr,unknown,401
ECSC_4032_1_134M_4032_YR1,2,267,0.664179104477612,0.664179104477612,late,,10.612571657823892,134,10+yr,unknown,401
ECSC_4032_1_134M_4032_YR1,3,272,0.6766169154228856,0.6766169154228856,late,,6.280997608367674,134,10+yr,unknown,401
ECSC_4032_1_134M_4032_YR1,4,278,0.6915422885572139,0.6915422885572139,late,,6.665217927815599,134,10+yr,unknown,401
ECSC_4032_1_134M_4032_YR1,5,283,0.7039800995024875,0.7039800995024875,late,,5.296308080076697,134,10+yr,unknown,401
ECSC_4032_1_134M_4032_YR1,6,289,0.7189054726368159,0.7189054726368159,late,,5.76326430371295,134,10+yr,unknown,401
ECSC_4032_1_134M_4032_YR1,7,294,0.7313432835820896,0.7313432835820896,late,,5.523855447021502,134,10+yr,unknown,401
ECSC_4032_1_134M_4032_YR1,8,300,0.746268656716418,0.746268656716418,late,,6.1311774665707865,134,10+yr,unknown,401
ECSC_4032_1_134M_4032_YR1,9,305,0.7587064676616916,0.7587064676616916,late,,5.599306955581243,134,10+yr,unknown,401
ECSC_4032_1_134M_4032_YR1,10,311,0.7736318407960199,0.7736318407960199,late,,4.753071947216046,134,10+yr,unknown,401
ECSC_4032_1_134M_4032_YR1,11,316,0.7860696517412935,0.7860696517412935,late,,4.19137844727196,134,10+yr,unknown,401
ECSC_4032_1_134M_4032_YR1,12,322,0.8009950248756219,0.8009950248756219,late,,5.519315784481979,134,10+yr,unknown,401
ECSC_4032_1_134M_4032_YR1,13,327,0.8134328358208955,0.8134328358208955,late,,9.084472006442253,134,10+yr,unknown,401
ECSC_4032_1_134M_4032_YR1,14,333,0.8283582089552238,0.8283582089552238,late,,9.336342757175686,134,10+yr,unknown,401
ECSC_4032_1_134M_4032_YR1,15,338,0.8407960199004975,0.8407960199004975,late,,11.308329124748354,134,10+yr,unknown,401
ECSC_4032_1_134M_4032_YR1,16,344,0.8557213930348259,0.8557213930348259,late,,20.598407334403333,134,10+yr,unknown,401
ECSC_4032_1_134M_4032_YR1,17,349,0.8681592039800995,0.8681592039800995,late,,14.85654390636824,134,10+yr,unknown,401
ECSC_4032_1_134M_4032_YR1,18,355,0.8830845771144279,0.8830845771144279,late,,7.366184850231649,134,10+yr,unknown,401
ECSC_4032_1_134M_4032_YR1,19,361,0.8980099502487562,0.8980099502487562,late,,4.381234906898925,134,10+yr,unknown,401
ECSC_4072_1_135F_4072_YR1,0,256,0.5203252032520326,0.5203252032520326,mid,,34.75476120573304,135,10+yr,unknown,491
ECSC_4072_1_135F_4072_YR1,1,265,0.5386178861788617,0.5386178861788617,mid,,35.85722339609832,135,10+yr,unknown,491
ECSC_4072_1_135F_4072_YR1,2,275,0.5589430894308943,0.5589430894308943,mid,,14.69162846851791,135,10+yr,unknown,491
ECSC_4072_1_135F_4072_YR1,3,285,0.5792682926829268,0.5792682926829268,mid,,25.95839716498563,135,10+yr,unknown,491
ECSC_4072_1_135F_4072_YR1,4,295,0.5995934959349594,0.5995934959349594,mid,,11.179600009606537,135,10+yr,unknown,491
ECSC_4072_1_135F_4072_YR1,5,304,0.6178861788617886,0.6178861788617886,mid,,10.942044812762507,135,10+yr,unknown,491
ECSC_4072_1_135F_4072_YR1,6,314,0.6382113821138211,0.6382113821138211,mid,,9.332931867491244,135,10+yr,unknown,491
ECSC_4072_1_135F_4072_YR1,7,324,0.6585365853658537,0.6585365853658537,mid,,5.387359840138069,135,10+yr,unknown,491
ECSC_4072_1_135F_4072_YR1,8,334,0.6788617886178862,0.6788617886178862,late,,12.413632131620552,135,10+yr,unknown,491
ECSC_4072_1_135F_4072_YR1,9,344,0.6991869918699187,0.6991869918699187,late,,13.549765170237611,135,10+yr,unknown,491
ECSC_4072_1_135F_4072_YR1,10,353,0.717479674796748,0.717479674796748,late,,11.657948944023422,135,10+yr,unknown,491
ECSC_4072_1_135F_4072_YR1,11,363,0.7378048780487805,0.7378048780487805,late,,6.557601454414566,135,10+yr,unknown,491
ECSC_4072_1_135F_4072_YR1,12,373,0.758130081300813,0.758130081300813,late,,5.818968773184222,135,10+yr,unknown,491
ECSC_4072_1_135F_4072_YR1,13,383,0.7784552845528455,0.7784552845528455,late,,19.105409049013986,135,10+yr,unknown,491
ECSC_4072_1_135F_4072_YR1,14,393,0.7987804878048781,0.7987804878048781,late,,52.85407661332614,135,10+yr,unknown,491
ECSC_4072_1_135F_4072_YR1,15,402,0.8170731707317073,0.8170731707317073,late,,50.25269133699366,135,10+yr,unknown,491
ECSC_4072_1_135F_4072_YR1,16,412,0.8373983739837398,0.8373983739837398,late,,33.53091464382172,135,10+yr,unknown,491
ECSC_4072_1_135F_4072_YR1,17,422,0.8577235772357723,0.8577235772357723,late,,20.484607284630048,135,10+yr,unknown,491
ECSC_4072_1_135F_4072_YR1,18,432,0.8780487804878049,0.8780487804878049,late,,29.198505748166433,135,10+yr,unknown,491
ECSC_4072_1_135F_4072_YR1,19,442,0.8983739837398373,0.8983739837398373,late,,14.125534181807094,135,10+yr,unknown,491
ECSC_2025_1_135M_2025_YR1,0,256,0.3011764705882352,0.3011764705882352,early,,34.903587335437976,135,10+yr,unknown,849
ECSC_2025_1_135M_2025_YR1,1,282,0.3317647058823529,0.3317647058823529,early,,61.30565505735151,135,10+yr,unknown,849
ECSC_2025_1_135M_2025_YR1,2,309,0.3635294117647059,0.3635294117647059,early,,26.02937765658188,135,10+yr,unknown,849
ECSC_2025_1_135M_2025_YR1,3,336,0.3952941176470588,0.3952941176470588,early,,16.19163023672999,135,10+yr,unknown,849
ECSC_2025_1_135M_2025_YR1,4,363,0.4270588235294117,0.4270588235294117,mid,,12.103347721706964,135,10+yr,unknown,849
ECSC_2025_1_135M_2025_YR1,5,389,0.4576470588235294,0.4576470588235294,mid,,10.476544980751733,135,10+yr,unknown,849
ECSC_2025_1_135M_2025_YR1,6,416,0.4894117647058824,0.4894117647058824,mid,,44.688705718445576,135,10+yr,unknown,849
ECSC_2025_1_135M_2025_YR1,7,443,0.5211764705882352,0.5211764705882352,mid,,29.902949309825743,135,10+yr,unknown,849
ECSC_2025_1_135M_2025_YR1,8,470,0.5529411764705883,0.5529411764705883,mid,,28.059702937154515,135,10+yr,unknown,849
ECSC_2025_1_135M_2025_YR1,9,497,0.5847058823529412,0.5847058823529412,mid,,34.68571911383357,135,10+yr,unknown,849
ECSC_2025_1_135M_2025_YR1,10,523,0.6152941176470588,0.6152941176470588,mid,,33.67263302647896,135,10+yr,unknown,849
ECSC_2025_1_135M_2025_YR1,11,550,0.6470588235294118,0.6470588235294118,mid,,6.996045232382466,135,10+yr,unknown,849
ECSC_2025_1_135M_2025_YR1,12,577,0.6788235294117647,0.6788235294117647,late,,21.638123974498484,135,10+yr,unknown,849
ECSC_2025_1_135M_2025_YR1,13,604,0.7105882352941176,0.7105882352941176,late,,3.577555967091378,135,10+yr,unknown,849
ECSC_2025_1_135M_2025_YR1,14,631,0.7423529411764705,0.7423529411764705,late,43.2098985605042,41.65033030136081,135,10+yr,unknown,849
ECSC_2025_1_135M_2025_YR1,15,657,0.7729411764705882,0.7729411764705882,late,,33.0114474669454,135,10+yr,unknown,849
ECSC_2025_1_135M_2025_YR1,16,684,0.8047058823529412,0.8047058823529412,late,,11.052974337135382,135,10+yr,unknown,849
ECSC_2025_1_135M_2025_YR1,17,711,0.8364705882352941,0.8364705882352941,late,5.349058288493305,4.612861092599383,135,10+yr,unknown,849
ECSC_2025_1_135M_2025_YR1,18,738,0.8682352941176471,0.8682352941176471,late,46.3512634715287,47.43108747214667,135,10+yr,unknown,849
ECSC_2025_1_135M_2025_YR1,19,765,0.9,0.9,late,16.071064302715357,17.188317121489053,135,10+yr,unknown,849
ECSC_4028_1_136F_4028_YR1,0,256,0.3487738419618528,0.3487738419618528,early,,7.508082817001352,136,10+yr,unknown,733
ECSC_4028_1_136F_4028_YR1,1,277,0.3773841961852861,0.3773841961852861,early,,4.960691953942527,136,10+yr,unknown,733
ECSC_4028_1_136F_4028_YR1,2,298,0.4059945504087193,0.4059945504087193,early,,5.327809893852784,136,10+yr,unknown,733
ECSC_4028_1_136F_4028_YR1,3,319,0.4346049046321525,0.4346049046321525,mid,,1.858359839703894,136,10+yr,unknown,733
ECSC_4028_1_136F_4028_YR1,4,341,0.4645776566757493,0.4645776566757493,mid,,4.686324718431603,136,10+yr,unknown,733
ECSC_4028_1_136F_4028_YR1,5,362,0.4931880108991825,0.4931880108991825,mid,,2.691193751511719,136,10+yr,unknown,733
ECSC_4028_1_136F_4028_YR1,6,383,0.5217983651226158,0.5217983651226158,mid,,6.516484961277243,136,10+yr,unknown,733
ECSC_4028_1_136F_4028_YR1,7,404,0.5504087193460491,0.5504087193460491,mid,,16.783989832657014,136,10+yr,unknown,733
ECSC_4028_1_136F_4028_YR1,8,426,0.5803814713896458,0.5803814713896458,mid,,9.042207592234496,136,10+yr,unknown,733
ECSC_4028_1_136F_4028_YR1,9,447,0.6089918256130791,0.6089918256130791,mid,,8.47771044212761,136,10+yr,unknown,733
ECSC_4028_1_136F_4028_YR1,10,468,0.6376021798365122,0.6376021798365122,mid,,8.935227648940996,136,10+yr,unknown,733
ECSC_4028_1_136F_4028_YR1,11,489,0.6662125340599455,0.6662125340599455,late,,6.286651112642565,136,10+yr,unknown,733
ECSC_4028_1_136F_4028_YR1,12,511,0.6961852861035422,0.6961852861035422,late,,11.672606320286937,136,10+yr,unknown,733
ECSC_4028_1_136F_4028_YR1,13,532,0.7247956403269755,0.7247956403269755,late,,3.6444739162256017,136,10+yr,unknown,733
ECSC_4028_1_136F_4028_YR1,14,553,0.7534059945504087,0.7534059945504087,late,,1.7545414005077316,136,10+yr,unknown,733
ECSC_4028_1_136F_4028_YR1,15,574,0.782016348773842,0.782016348773842,late,3.16738874598121,2.3272989110317077,136,10+yr,unknown,733
ECSC_4028_1_136F_4028_YR1,16,596,0.8119891008174387,0.8119891008174387,late,,2.023263727205737,136,10+yr,unknown,733
ECSC_4028_1_136F_4028_YR1,17,617,0.840599455040872,0.840599455040872,late,,6.185204543654683,136,10+yr,unknown,733
ECSC_4028_1_136F_4028_YR1,18,638,0.8692098092643051,0.8692098092643051,late,,8.255779045749861,136,10+yr,unknown,733
ECSC_4028_1_136F_4028_YR1,19,660,0.8991825613079019,0.8991825613079019,late,7.018806220336659,6.33436842254695,136,10+yr,unknown,733
ECSC_4078_1_136F_4078_YR1,0,256,0.757396449704142,0.757396449704142,late,,3.501797654402793,136,10+yr,unknown,337
ECSC_4078_1_136F_4078_YR1,1,258,0.7633136094674556,0.7633136094674556,late,,3.3886416375685817,136,10+yr,unknown,337
ECSC_4078_1_136F_4078_YR1,2,260,0.7692307692307693,0.7692307692307693,late,,2.762818182636324,136,10+yr,unknown,337
ECSC_4078_1_136F_4078_YR1,3,262,0.7751479289940828,0.7751479289940828,late,,2.2193874260939843,136,10+yr,unknown,337
ECSC_4078_1_136F_4078_YR1,4,264,0.7810650887573964,0.7810650887573964,late,,1.934068831242328,136,10+yr,unknown,337
ECSC_4078_1_136F_4078_YR1,5,267,0.7899408284023669,0.7899408284023669,late,,2.046008096656567,136,10+yr,unknown,337
ECSC_4078_1_136F_4078_YR1,6,269,0.7958579881656804,0.7958579881656804,late,,1.359417610873802,136,10+yr,unknown,337
ECSC_4078_1_136F_4078_YR1,7,271,0.8017751479289941,0.8017751479289941,late,,1.0604768698134688,136,10+yr,unknown,337
ECSC_4078_1_136F_4078_YR1,8,273,0.8076923076923077,0.8076923076923077,late,,0.2713183443851115,136,10+yr,unknown,337
ECSC_4078_1_136F_4078_YR1,9,275,0.8136094674556213,0.8136094674556213,late,,0.3693810633070047,136,10+yr,unknown,337
ECSC_4078_1_136F_4078_YR1,10,278,0.8224852071005917,0.8224852071005917,late,,0.5560332508850809,136,10+yr,unknown,337
ECSC_4078_1_136F_4078_YR1,11,280,0.8284023668639053,0.8284023668639053,late,,0.7641921971851282,136,10+yr,unknown,337
ECSC_4078_1_136F_4078_YR1,12,282,0.834319526627219,0.834319526627219,late,,1.9583897698840795,136,10+yr,unknown,337
ECSC_4078_1_136F_4078_YR1,13,284,0.8402366863905325,0.8402366863905325,late,,2.511997859129952,136,10+yr,unknown,337
ECSC_4078_1_136F_4078_YR1,14,286,0.8461538461538461,0.8461538461538461,late,,2.1958335161782356,136,10+yr,unknown,337
ECSC_4078_1_136F_4078_YR1,15,289,0.8550295857988166,0.8550295857988166,late,,2.254830616707853,136,10+yr,unknown,337
ECSC_4078_1_136F_4078_YR1,16,291,0.8609467455621301,0.8609467455621301,late,,0.8694445348546651,136,10+yr,unknown,337
ECSC_4078_1_136F_4078_YR1,17,293,0.8668639053254438,0.8668639053254438,late,,0.6995796984894582,136,10+yr,unknown,337
ECSC_4078_1_136F_4078_YR1,18,295,0.8727810650887574,0.8727810650887574,late,,0.4824761143837159,136,10+yr,unknown,337
ECSC_4078_1_136F_4078_YR1,19,298,0.8816568047337278,0.8816568047337278,late,,0.3989008687695623,136,10+yr,unknown,337
ECSC_4064_1_138F_4064_YR1,0,256,0.5140562248995983,0.5140562248995983,mid,,2.3921028624356744,138,10+yr,unknown,497
ECSC_4064_1_138F_4064_YR1,1,266,0.5341365461847389,0.5341365461847389,mid,,2.981656644486578,138,10+yr,unknown,497
ECSC_4064_1_138F_4064_YR1,2,276,0.5542168674698795,0.5542168674698795,mid,,6.921314201259608,138,10+yr,unknown,497
ECSC_4064_1_138F_4064_YR1,3,286,0.5742971887550201,0.5742971887550201,mid,,10.904462775280566,138,10+yr,unknown,497
ECSC_4064_1_138F_4064_YR1,4,296,0.5943775100401606,0.5943775100401606,mid,,9.960221030676443,138,10+yr,unknown,497
ECSC_4064_1_138F_4064_YR1,5,306,0.6144578313253012,0.6144578313253012,mid,,6.137195366231328,138,10+yr,unknown,497
ECSC_4064_1_138F_4064_YR1,6,316,0.6345381526104418,0.6345381526104418,mid,,10.547594665219384,138,10+yr,unknown,497
ECSC_4064_1_138F_4064_YR1,7,326,0.6546184738955824,0.6546184738955824,mid,,18.314016030681323,138,10+yr,unknown,497
ECSC_4064_1_138F_4064_YR1,8,336,0.6746987951807228,0.6746987951807228,late,,25.574562406347702,138,10+yr,unknown,497
ECSC_4064_1_138F_4064_YR1,9,346,0.6947791164658634,0.6947791164658634,late,,29.78659950809209,138,10+yr,unknown,497
ECSC_4064_1_138F_4064_YR1,10,357,0.7168674698795181,0.7168674698795181,late,,11.796380660805143,138,10+yr,unknown,497
ECSC_4064_1_138F_4064_YR1,11,367,0.7369477911646586,0.7369477911646586,late,,11.115027578426986,138,10+yr,unknown,497
ECSC_4064_1_138F_4064_YR1,12,377,0.7570281124497992,0.7570281124497992,late,,9.409341864382856,138,10+yr,unknown,497
ECSC_4064_1_138F_4064_YR1,13,387,0.7771084337349398,0.7771084337349398,late,,4.596280657609832,138,10+yr,unknown,497
ECSC_4064_1_138F_4064_YR1,14,397,0.7971887550200804,0.7971887550200804,late,,2.2760492974441746,138,10+yr,unknown,497
ECSC_4064_1_138F_4064_YR1,15,407,0.8172690763052208,0.8172690763052208,late,,1.6846534786829643,138,10+yr,unknown,497
ECSC_4064_1_138F_4064_YR1,16,417,0.8373493975903614,0.8373493975903614,late,,6.205889855965522,138,10+yr,unknown,497
ECSC_4064_1_138F_4064_YR1,17,427,0.857429718875502,0.857429718875502,late,,11.968248361926502,138,10+yr,unknown,497
ECSC_4064_1_138F_4064_YR1,18,437,0.8775100401606426,0.8775100401606426,late,,17.567434342014835,138,10+yr,unknown,497
ECSC_4064_1_138F_4064_YR1,19,448,0.8995983935742972,0.8995983935742972,late,,9.249555491082228,138,10+yr,unknown,497
ECSC_4088_1_138F_4088_YR1,0,256,0.7252124645892352,0.7252124645892352,late,,2.43864175387421,138,10+yr,unknown,352
ECSC_4088_1_138F_4088_YR1,1,259,0.7337110481586402,0.7337110481586402,late,,2.5181528492753635,138,10+yr,unknown,352
ECSC_4088_1_138F_4088_YR1,2,262,0.7422096317280453,0.7422096317280453,late,,1.768026544218678,138,10+yr,unknown,352
ECSC_4088_1_138F_4088_YR1,3,265,0.7507082152974505,0.7507082152974505,late,,1.4289438515080573,138,10+yr,unknown,352
ECSC_4088_1_138F_4088_YR1,4,268,0.7592067988668555,0.7592067988668555,late,,2.187220463256276,138,10+yr,unknown,352
ECSC_4088_1_138F_4088_YR1,5,271,0.7677053824362606,0.7677053824362606,late,,1.6087568192879047,138,10+yr,unknown,352
ECSC_4088_1_138F_4088_YR1,6,274,0.7762039660056658,0.7762039660056658,late,,2.01866700788538,138,10+yr,unknown,352
ECSC_4088_1_138F_4088_YR1,7,277,0.7847025495750708,0.7847025495750708,late,,1.7376961316237285,138,10+yr,unknown,352
ECSC_4088_1_138F_4088_YR1,8,280,0.7932011331444759,0.7932011331444759,late,,1.260750799185546,138,10+yr,unknown,352
ECSC_4088_1_138F_4088_YR1,9,283,0.8016997167138811,0.8016997167138811,late,,4.769088226539681,138,10+yr,unknown,352
ECSC_4088_1_138F_4088_YR1,10,286,0.8101983002832861,0.8101983002832861,late,,5.411355642313012,138,10+yr,unknown,352
ECSC_4088_1_138F_4088_YR1,11,289,0.8186968838526912,0.8186968838526912,late,,8.892118292541603,138,10+yr,unknown,352
ECSC_4088_1_138F_4088_YR1,12,292,0.8271954674220963,0.8271954674220963,late,,9.683631237058783,138,10+yr,unknown,352
ECSC_4088_1_138F_4088_YR1,13,295,0.8356940509915014,0.8356940509915014,late,,9.868377491978949,138,10+yr,unknown,352
ECSC_4088_1_138F_4088_YR1,14,298,0.8441926345609065,0.8441926345609065,late,,9.778809687163893,138,10+yr,unknown,352
ECSC_4088_1_138F_4088_YR1,15,301,0.8526912181303116,0.8526912181303116,late,,9.88535420142423,138,10+yr,unknown,352
ECSC_4088_1_138F_4088_YR1,16,304,0.8611898016997167,0.8611898016997167,late,,6.959119814145447,138,10+yr,unknown,352
ECSC_4088_1_138F_4088_YR1,17,307,0.8696883852691218,0.8696883852691218,late,,8.897938453420576,138,10+yr,unknown,352
ECSC_4088_1_138F_4088_YR1,18,310,0.8781869688385269,0.8781869688385269,late,,9.934552843961008,138,10+yr,unknown,352
ECSC_4088_1_138F_4088_YR1,19,313,0.886685552407932,0.886685552407932,late,,5.980407287290894,138,10+yr,unknown,352
ECSC_1013_2_62F_1013_YR2,0,256,0.735632183908046,0.735632183908046,late,,3.2941036969238,62,4-6yr,one_frog_too_many,347
ECSC_1013_2_62F_1013_YR2,1,258,0.7413793103448276,0.7413793103448276,late,,3.508206389839315,62,4-6yr,one_frog_too_many,347
ECSC_1013_2_62F_1013_YR2,2,261,0.75,0.75,late,,2.375075305095619,62,4-6yr,one_frog_too_many,347
ECSC_1013_2_62F_1013_YR2,3,264,0.7586206896551724,0.7586206896551724,late,,4.0151138542300195,62,4-6yr,one_frog_too_many,347
ECSC_1013_2_62F_1013_YR2,4,266,0.764367816091954,0.764367816091954,late,,3.990021958965822,62,4-6yr,one_frog_too_many,347
ECSC_1013_2_62F_1013_YR2,5,269,0.7729885057471264,0.7729885057471264,late,,4.7199339502506525,62,4-6yr,one_frog_too_many,347
ECSC_1013_2_62F_1013_YR2,6,272,0.7816091954022989,0.7816091954022989,late,,4.262376530235989,62,4-6yr,one_frog_too_many,347
ECSC_1013_2_62F_1013_YR2,7,275,0.7902298850574713,0.7902298850574713,late,,3.537491638215477,62,4-6yr,one_frog_too_many,347
ECSC_1013_2_62F_1013_YR2,8,277,0.7959770114942529,0.7959770114942529,late,,3.5745866207795736,62,4-6yr,one_frog_too_many,347
ECSC_1013_2_62F_1013_YR2,9,280,0.8045977011494253,0.8045977011494253,late,,4.441445449627896,62,4-6yr,one_frog_too_many,347
ECSC_1013_2_62F_1013_YR2,10,283,0.8132183908045977,0.8132183908045977,late,,2.519140150186799,62,4-6yr,one_frog_too_many,347
ECSC_1013_2_62F_1013_YR2,11,286,0.8218390804597702,0.8218390804597702,late,,2.6509967189083463,62,4-6yr,one_frog_too_many,347
ECSC_1013_2_62F_1013_YR2,12,288,0.8275862068965517,0.8275862068965517,late,,2.943398997681336,62,4-6yr,one_frog_too_many,347
ECSC_1013_2_62F_1013_YR2,13,291,0.8362068965517241,0.8362068965517241,late,,3.981117344959967,62,4-6yr,one_frog_too_many,347
ECSC_1013_2_62F_1013_YR2,14,294,0.8448275862068966,0.8448275862068966,late,,4.5307254323898,62,4-6yr,one_frog_too_many,347
ECSC_1013_2_62F_1013_YR2,15,297,0.853448275862069,0.853448275862069,late,,3.0903805944892353,62,4-6yr,one_frog_too_many,347
ECSC_1013_2_62F_1013_YR2,16,299,0.8591954022988506,0.8591954022988506,late,,2.876931975691967,62,4-6yr,one_frog_too_many,347
ECSC_1013_2_62F_1013_YR2,17,302,0.867816091954023,0.867816091954023,late,,2.320508217232131,62,4-6yr,one_frog_too_many,347
ECSC_1013_2_62F_1013_YR2,18,305,0.8764367816091954,0.8764367816091954,late,,2.5989491015726625,62,4-6yr,one_frog_too_many,347
ECSC_1013_2_62F_1013_YR2,19,308,0.8850574712643678,0.8850574712643678,late,,2.912776057198993,62,4-6yr,one_frog_too_many,347
ECSC_3004_1_62F_3004_YR1,0,256,0.5967365967365967,0.5967365967365967,mid,,19.117440743290352,62,4-6yr,unknown,428
ECSC_3004_1_62F_3004_YR1,1,262,0.6107226107226107,0.6107226107226107,mid,,15.433963764772423,62,4-6yr,unknown,428
ECSC_3004_1_62F_3004_YR1,2,269,0.627039627039627,0.627039627039627,mid,,11.059729752919868,62,4-6yr,unknown,428
ECSC_3004_1_62F_3004_YR1,3,276,0.6433566433566433,0.6433566433566433,mid,,7.200433176518821,62,4-6yr,unknown,428
ECSC_3004_1_62F_3004_YR1,4,283,0.6596736596736597,0.6596736596736597,late,,5.721343271856838,62,4-6yr,unknown,428
ECSC_3004_1_62F_3004_YR1,5,290,0.675990675990676,0.675990675990676,late,,5.219819643742502,62,4-6yr,unknown,428
ECSC_3004_1_62F_3004_YR1,6,297,0.6923076923076923,0.6923076923076923,late,,6.332402177536491,62,4-6yr,unknown,428
ECSC_3004_1_62F_3004_YR1,7,303,0.7062937062937062,0.7062937062937062,late,,7.88978408536174,62,4-6yr,unknown,428
ECSC_3004_1_62F_3004_YR1,8,310,0.7226107226107226,0.7226107226107226,late,,5.620431755088704,62,4-6yr,unknown,428
ECSC_3004_1_62F_3004_YR1,9,317,0.7389277389277389,0.7389277389277389,late,,3.83507397108413,62,4-6yr,unknown,428
ECSC_3004_1_62F_3004_YR1,10,324,0.7552447552447552,0.7552447552447552,late,,4.1200470654948855,62,4-6yr,unknown,428
ECSC_3004_1_62F_3004_YR1,11,331,0.7715617715617715,0.7715617715617715,late,,2.7686303307485503,62,4-6yr,unknown,428
ECSC_3004_1_62F_3004_YR1,12,338,0.7878787878787878,0.7878787878787878,late,,1.4590891609416037,62,4-6yr,unknown,428
ECSC_3004_1_62F_3004_YR1,13,344,0.8018648018648019,0.8018648018648019,late,,1.2131781421983998,62,4-6yr,unknown,428
ECSC_3004_1_62F_3004_YR1,14,351,0.8181818181818182,0.8181818181818182,late,,2.7123855995829995,62,4-6yr,unknown,428
ECSC_3004_1_62F_3004_YR1,15,358,0.8344988344988346,0.8344988344988346,late,,1.8023139797994308,62,4-6yr,unknown,428
ECSC_3004_1_62F_3004_YR1,16,365,0.8508158508158508,0.8508158508158508,late,,5.482957986359434,62,4-6yr,unknown,428
ECSC_3004_1_62F_3004_YR1,17,372,0.8671328671328671,0.8671328671328671,late,,12.96113296142272,62,4-6yr,unknown,428
ECSC_3004_1_62F_3004_YR1,18,379,0.8834498834498834,0.8834498834498834,late,,10.184963652156233,62,4-6yr,unknown,428
ECSC_3004_1_62F_3004_YR1,19,386,0.8997668997668997,0.8997668997668997,late,,7.403191799638105,62,4-6yr,unknown,428
ECSC_1037_2_63M_1037_YR2,0,256,0.7398843930635838,0.7398843930635838,late,,6.861789686192154,63,4-6yr,frog_where_are_you,345
ECSC_1037_2_63M_1037_YR2,1,258,0.7456647398843931,0.7456647398843931,late,,4.13191348075874,63,4-6yr,frog_where_are_you,345
ECSC_1037_2_63M_1037_YR2,2,261,0.7543352601156069,0.7543352601156069,late,,4.047502970156071,63,4-6yr,frog_where_are_you,345
ECSC_1037_2_63M_1037_YR2,3,263,0.7601156069364162,0.7601156069364162,late,,4.921948005566609,63,4-6yr,frog_where_are_you,345
ECSC_1037_2_63M_1037_YR2,4,266,0.7687861271676301,0.7687861271676301,late,,4.498599002003427,63,4-6yr,frog_where_are_you,345
ECSC_1037_2_63M_1037_YR2,5,269,0.7774566473988439,0.7774566473988439,late,,6.327231603819051,63,4-6yr,frog_where_are_you,345
ECSC_1037_2_63M_1037_YR2,6,271,0.7832369942196532,0.7832369942196532,late,,6.834710600734006,63,4-6yr,frog_where_are_you,345
ECSC_1037_2_63M_1037_YR2,7,274,0.791907514450867,0.791907514450867,late,,5.316719779911372,63,4-6yr,frog_where_are_you,345
ECSC_1037_2_63M_1037_YR2,8,277,0.8005780346820809,0.8005780346820809,late,,5.824183678135936,63,4-6yr,frog_where_are_you,345
ECSC_1037_2_63M_1037_YR2,9,279,0.8063583815028902,0.8063583815028902,late,,4.316461075703614,63,4-6yr,frog_where_are_you,345
ECSC_1037_2_63M_1037_YR2,10,282,0.815028901734104,0.815028901734104,late,,4.0286976500147365,63,4-6yr,frog_where_are_you,345
ECSC_1037_2_63M_1037_YR2,11,284,0.8208092485549133,0.8208092485549133,late,,3.3434371060370296,63,4-6yr,frog_where_are_you,345
ECSC_1037_2_63M_1037_YR2,12,287,0.8294797687861272,0.8294797687861272,late,,4.926369727245264,63,4-6yr,frog_where_are_you,345
ECSC_1037_2_63M_1037_YR2,13,290,0.838150289017341,0.838150289017341,late,,4.4350995289645105,63,4-6yr,frog_where_are_you,345
ECSC_1037_2_63M_1037_YR2,14,292,0.8439306358381503,0.8439306358381503,late,,4.04531579102807,63,4-6yr,frog_where_are_you,345
ECSC_1037_2_63M_1037_YR2,15,295,0.8526011560693642,0.8526011560693642,late,,4.7397618534062005,63,4-6yr,frog_where_are_you,345
ECSC_1037_2_63M_1037_YR2,16,298,0.861271676300578,0.861271676300578,late,,5.794651648914634,63,4-6yr,frog_where_are_you,345
ECSC_1037_2_63M_1037_YR2,17,300,0.8670520231213873,0.8670520231213873,late,,4.426992089516297,63,4-6yr,frog_where_are_you,345
ECSC_1037_2_63M_1037_YR2,18,303,0.8757225433526011,0.8757225433526011,late,,3.74762504792767,63,4-6yr,frog_where_are_you,345
ECSC_1037_2_63M_1037_YR2,19,306,0.884393063583815,0.884393063583815,late,,4.632147013794473,63,4-6yr,frog_where_are_you,345
ECSC_1037_3_63M_1037_YR3,0,256,0.7781155015197568,0.7781155015197568,late,,2.2491122166085056,63,4-6yr,frog_where_are_you,328
ECSC_1037_3_63M_1037_YR3,1,257,0.7811550151975684,0.7811550151975684,late,,3.033843138320881,63,4-6yr,frog_where_are_you,328
ECSC_1037_3_63M_1037_YR3,2,259,0.7872340425531915,0.7872340425531915,late,,3.0989412047288134,63,4-6yr,frog_where_are_you,328
ECSC_1037_3_63M_1037_YR3,3,261,0.7933130699088146,0.7933130699088146,late,,2.2978938644607414,63,4-6yr,frog_where_are_you,328
ECSC_1037_3_63M_1037_YR3,4,262,0.7963525835866262,0.7963525835866262,late,,2.326757539558266,63,4-6yr,frog_where_are_you,328
ECSC_1037_3_63M_1037_YR3,5,264,0.8024316109422492,0.8024316109422492,late,,1.4482823484856802,63,4-6yr,frog_where_are_you,328
ECSC_1037_3_63M_1037_YR3,6,266,0.8085106382978723,0.8085106382978723,late,,1.138114144280852,63,4-6yr,frog_where_are_you,328
ECSC_1037_3_63M_1037_YR3,7,268,0.8145896656534954,0.8145896656534954,late,,1.5172193124053752,63,4-6yr,frog_where_are_you,328
ECSC_1037_3_63M_1037_YR3,8,269,0.817629179331307,0.817629179331307,late,,0.9024533933451976,63,4-6yr,frog_where_are_you,328
ECSC_1037_3_63M_1037_YR3,9,271,0.8237082066869301,0.8237082066869301,late,,0.6810559827051854,63,4-6yr,frog_where_are_you,328
ECSC_1037_3_63M_1037_YR3,10,273,0.8297872340425532,0.8297872340425532,late,,0.7007639876299709,63,4-6yr,frog_where_are_you,328
ECSC_1037_3_63M_1037_YR3,11,275,0.8358662613981763,0.8358662613981763,late,,1.2824184541124597,63,4-6yr,frog_where_are_you,328
ECSC_1037_3_63M_1037_YR3,12,276,0.8389057750759878,0.8389057750759878,late,,1.845645012567408,63,4-6yr,frog_where_are_you,328
ECSC_1037_3_63M_1037_YR3,13,278,0.8449848024316109,0.8449848024316109,late,,2.430349983983941,63,4-6yr,frog_where_are_you,328
ECSC_1037_3_63M_1037_YR3,14,280,0.851063829787234,0.851063829787234,late,,1.1805202757989883,63,4-6yr,frog_where_are_you,328
ECSC_1037_3_63M_1037_YR3,15,282,0.8571428571428571,0.8571428571428571,late,,2.691116321800896,63,4-6yr,frog_where_are_you,328
ECSC_1037_3_63M_1037_YR3,16,283,0.8601823708206687,0.8601823708206687,late,,2.475386315786615,63,4-6yr,frog_where_are_you,328
ECSC_1037_3_63M_1037_YR3,17,285,0.8662613981762918,0.8662613981762918,late,,4.084765881303884,63,4-6yr,frog_where_are_you,328
ECSC_1037_3_63M_1037_YR3,18,287,0.8723404255319149,0.8723404255319149,late,,4.769766756876937,63,4-6yr,frog_where_are_you,328
ECSC_1037_3_63M_1037_YR3,19,289,0.878419452887538,0.878419452887538,late,,3.5384670007335757,63,4-6yr,frog_where_are_you,328
ECSC_1017_1_64F_1017_YR1,0,256,0.6649350649350649,0.6649350649350649,late,,10.95541486864515,64,4-6yr,boy_dog_frog,384
ECSC_1017_1_64F_1017_YR1,1,260,0.6753246753246753,0.6753246753246753,late,,10.595089159373067,64,4-6yr,boy_dog_frog,384
ECSC_1017_1_64F_1017_YR1,2,265,0.6883116883116883,0.6883116883116883,late,,7.820069398400616,64,4-6yr,boy_dog_frog,384
ECSC_1017_1_64F_1017_YR1,3,270,0.7012987012987013,0.7012987012987013,late,,7.175697854736857,64,4-6yr,boy_dog_frog,384
ECSC_1017_1_64F_1017_YR1,4,274,0.7116883116883117,0.7116883116883117,late,,6.079804120331907,64,4-6yr,boy_dog_frog,384
ECSC_1017_1_64F_1017_YR1,5,279,0.7246753246753247,0.7246753246753247,late,,10.689941602037422,64,4-6yr,boy_dog_frog,384
ECSC_1017_1_64F_1017_YR1,6,284,0.7376623376623377,0.7376623376623377,late,,10.033812782828402,64,4-6yr,boy_dog_frog,384
ECSC_1017_1_64F_1017_YR1,7,288,0.7480519480519481,0.7480519480519481,late,,6.302458876789757,64,4-6yr,boy_dog_frog,384
ECSC_1017_1_64F_1017_YR1,8,293,0.7610389610389611,0.7610389610389611,late,,3.1404430413402338,64,4-6yr,boy_dog_frog,384
ECSC_1017_1_64F_1017_YR1,9,298,0.7740259740259741,0.7740259740259741,late,,4.084859125085007,64,4-6yr,boy_dog_frog,384
ECSC_1017_1_64F_1017_YR1,10,302,0.7844155844155845,0.7844155844155845,late,,4.63077584300755,64,4-6yr,boy_dog_frog,384
ECSC_1017_1_64F_1017_YR1,11,307,0.7974025974025974,0.7974025974025974,late,,2.8963368398860077,64,4-6yr,boy_dog_frog,384
ECSC_1017_1_64F_1017_YR1,12,312,0.8103896103896104,0.8103896103896104,late,,2.9964718999959423,64,4-6yr,boy_dog_frog,384
ECSC_1017_1_64F_1017_YR1,13,316,0.8207792207792208,0.8207792207792208,late,,3.2922326072014307,64,4-6yr,boy_dog_frog,384
ECSC_1017_1_64F_1017_YR1,14,321,0.8337662337662337,0.8337662337662337,late,,4.560018056046321,64,4-6yr,boy_dog_frog,384
ECSC_1017_1_64F_1017_YR1,15,326,0.8467532467532467,0.8467532467532467,late,,4.097040877286645,64,4-6yr,boy_dog_frog,384
ECSC_1017_1_64F_1017_YR1,16,330,0.8571428571428571,0.8571428571428571,late,,3.597871096224596,64,4-6yr,boy_dog_frog,384
ECSC_1017_1_64F_1017_YR1,17,335,0.8701298701298701,0.8701298701298701,late,,3.699392141282439,64,4-6yr,boy_dog_frog,384
ECSC_1017_1_64F_1017_YR1,18,340,0.8831168831168831,0.8831168831168831,late,,1.8650723318690725,64,4-6yr,boy_dog_frog,384
ECSC_1017_1_64F_1017_YR1,19,345,0.8961038961038961,0.8961038961038961,late,,1.605683854328153,64,4-6yr,boy_dog_frog,384
ECSC_1017_3_64F_1017_YR3,0,256,0.6547314578005116,0.6547314578005116,mid,,2.192021360494831,64,4-6yr,boy_dog_frog,390
ECSC_1017_3_64F_1017_YR3,1,261,0.6675191815856778,0.6675191815856778,late,,1.894219284547057,64,4-6yr,boy_dog_frog,390
ECSC_1017_3_64F_1017_YR3,2,266,0.680306905370844,0.680306905370844,late,,1.679006222035884,64,4-6yr,boy_dog_frog,390
ECSC_1017_3_64F_1017_YR3,3,271,0.6930946291560103,0.6930946291560103,late,,3.0475160652386712,64,4-6yr,boy_dog_frog,390
ECSC_1017_3_64F_1017_YR3,4,276,0.7058823529411765,0.7058823529411765,late,,4.182654789157672,64,4-6yr,boy_dog_frog,390
ECSC_1017_3_64F_1017_YR3,5,281,0.7186700767263428,0.7186700767263428,late,,12.701097829523023,64,4-6yr,boy_dog_frog,390
ECSC_1017_3_64F_1017_YR3,6,286,0.731457800511509,0.731457800511509,late,,7.1422015825989025,64,4-6yr,boy_dog_frog,390
ECSC_1017_3_64F_1017_YR3,7,291,0.7442455242966752,0.7442455242966752,late,,10.103547760097292,64,4-6yr,boy_dog_frog,390
ECSC_1017_3_64F_1017_YR3,8,296,0.7570332480818415,0.7570332480818415,late,,13.40285830906835,64,4-6yr,boy_dog_frog,390
ECSC_1017_3_64F_1017_YR3,9,301,0.7698209718670077,0.7698209718670077,late,,13.52659343794927,64,4-6yr,boy_dog_frog,390
ECSC_1017_3_64F_1017_YR3,10,306,0.782608695652174,0.782608695652174,late,,9.796893136588174,64,4-6yr,boy_dog_frog,390
ECSC_1017_3_64F_1017_YR3,11,311,0.7953964194373402,0.7953964194373402,late,,10.490687241397344,64,4-6yr,boy_dog_frog,390
ECSC_1017_3_64F_1017_YR3,12,316,0.8081841432225064,0.8081841432225064,late,,8.969248421756465,64,4-6yr,boy_dog_frog,390
ECSC_1017_3_64F_1017_YR3,13,321,0.8209718670076727,0.8209718670076727,late,,4.935291572097185,64,4-6yr,boy_dog_frog,390
ECSC_1017_3_64F_1017_YR3,14,326,0.8337595907928389,0.8337595907928389,late,,4.796230304516946,64,4-6yr,boy_dog_frog,390
ECSC_1017_3_64F_1017_YR3,15,331,0.8465473145780051,0.8465473145780051,late,,4.689160989062675,64,4-6yr,boy_dog_frog,390
ECSC_1017_3_64F_1017_YR3,16,336,0.8593350383631714,0.8593350383631714,late,,4.134693556467254,64,4-6yr,boy_dog_frog,390
ECSC_1017_3_64F_1017_YR3,17,341,0.8721227621483376,0.8721227621483376,late,,3.323936739515977,64,4-6yr,boy_dog_frog,390
ECSC_1017_3_64F_1017_YR3,18,346,0.8849104859335039,0.8849104859335039,late,,6.065490026390311,64,4-6yr,boy_dog_frog,390
ECSC_1017_3_64F_1017_YR3,19,351,0.8976982097186701,0.8976982097186701,late,,4.89105783405508,64,4-6yr,boy_dog_frog,390
ECSC_4050_1_64F_4050_YR1,0,256,0.750733137829912,0.750733137829912,late,,17.0044949767203,64,4-6yr,unknown,340
ECSC_4050_1_64F_4050_YR1,1,258,0.7565982404692082,0.7565982404692082,late,,17.986429070226844,64,4-6yr,unknown,340
ECSC_4050_1_64F_4050_YR1,2,260,0.7624633431085044,0.7624633431085044,late,,15.309855390635086,64,4-6yr,unknown,340
ECSC_4050_1_64F_4050_YR1,3,263,0.7712609970674487,0.7712609970674487,late,,11.862211485575816,64,4-6yr,unknown,340
ECSC_4050_1_64F_4050_YR1,4,265,0.7771260997067448,0.7771260997067448,late,,10.519885863406456,64,4-6yr,unknown,340
ECSC_4050_1_64F_4050_YR1,5,267,0.782991202346041,0.782991202346041,late,,7.322872683427114,64,4-6yr,unknown,340
ECSC_4050_1_64F_4050_YR1,6,270,0.7917888563049853,0.7917888563049853,late,,8.09419729863805,64,4-6yr,unknown,340
ECSC_4050_1_64F_4050_YR1,7,272,0.7976539589442815,0.7976539589442815,late,,4.894892510179133,64,4-6yr,unknown,340
ECSC_4050_1_64F_4050_YR1,8,274,0.8035190615835777,0.8035190615835777,late,,1.3514537810797034,64,4-6yr,unknown,340
ECSC_4050_1_64F_4050_YR1,9,277,0.8123167155425219,0.8123167155425219,late,,1.07266506354334,64,4-6yr,unknown,340
ECSC_4050_1_64F_4050_YR1,10,279,0.8181818181818182,0.8181818181818182,late,,0.7962746727329941,64,4-6yr,unknown,340
ECSC_4050_1_64F_4050_YR1,11,282,0.8269794721407625,0.8269794721407625,late,,1.5769833949516272,64,4-6yr,unknown,340
ECSC_4050_1_64F_4050_YR1,12,284,0.8328445747800587,0.8328445747800587,late,,1.9317452807105653,64,4-6yr,unknown,340
ECSC_4050_1_64F_4050_YR1,13,286,0.8387096774193549,0.8387096774193549,late,,2.4028299143692227,64,4-6yr,unknown,340
ECSC_4050_1_64F_4050_YR1,14,289,0.8475073313782991,0.8475073313782991,late,,1.1865044525008963,64,4-6yr,unknown,340
ECSC_4050_1_64F_4050_YR1,15,291,0.8533724340175953,0.8533724340175953,late,,1.401669869261296,64,4-6yr,unknown,340
ECSC_4050_1_64F_4050_YR1,16,293,0.8592375366568915,0.8592375366568915,late,,0.9180095721101936,64,4-6yr,unknown,340
ECSC_4050_1_64F_4050_YR1,17,296,0.8680351906158358,0.8680351906158358,late,,0.9679459692388176,64,4-6yr,unknown,340
ECSC_4050_1_64F_4050_YR1,18,298,0.873900293255132,0.873900293255132,late,,1.144383636091474,64,4-6yr,unknown,340
ECSC_4050_1_64F_4050_YR1,19,301,0.8826979472140762,0.8826979472140762,late,,0.4516202565588987,64,4-6yr,unknown,340
ECSC_1032_3_64M_1032_YR3,0,256,0.534446764091858,0.534446764091858,mid,,11.058959601538426,64,4-6yr,one_frog_too_many,478
ECSC_1032_3_64M_1032_YR3,1,265,0.5532359081419624,0.5532359081419624,mid,,8.935486374311939,64,4-6yr,one_frog_too_many,478
ECSC_1032_3_64M_1032_YR3,2,274,0.5720250521920668,0.5720250521920668,mid,,9.384482486286862,64,4-6yr,one_frog_too_many,478
ECSC_1032_3_64M_1032_YR3,3,283,0.5908141962421712,0.5908141962421712,mid,,15.804653691270156,64,4-6yr,one_frog_too_many,478
ECSC_1032_3_64M_1032_YR3,4,292,0.6096033402922756,0.6096033402922756,mid,,12.564935358126496,64,4-6yr,one_frog_too_many,478
ECSC_1032_3_64M_1032_YR3,5,302,0.6304801670146137,0.6304801670146137,mid,,10.283564540130682,64,4-6yr,one_frog_too_many,478
ECSC_1032_3_64M_1032_YR3,6,311,0.6492693110647182,0.6492693110647182,mid,,10.723896459668232,64,4-6yr,one_frog_too_many,478
ECSC_1032_3_64M_1032_YR3,7,320,0.6680584551148225,0.6680584551148225,late,,9.764762107502056,64,4-6yr,one_frog_too_many,478
ECSC_1032_3_64M_1032_YR3,8,329,0.6868475991649269,0.6868475991649269,late,,16.855568932621082,64,4-6yr,one_frog_too_many,478
ECSC_1032_3_64M_1032_YR3,9,338,0.7056367432150313,0.7056367432150313,late,,10.338142524306736,64,4-6yr,one_frog_too_many,478
ECSC_1032_3_64M_1032_YR3,10,348,0.7265135699373695,0.7265135699373695,late,,4.3727753634990805,64,4-6yr,one_frog_too_many,478
ECSC_1032_3_64M_1032_YR3,11,357,0.7453027139874739,0.7453027139874739,late,,10.166775241783212,64,4-6yr,one_frog_too_many,478
ECSC_1032_3_64M_1032_YR3,12,366,0.7640918580375783,0.7640918580375783,late,,7.4671845639963985,64,4-6yr,one_frog_too_many,478
ECSC_1032_3_64M_1032_YR3,13,375,0.7828810020876826,0.7828810020876826,late,,18.522685478931937,64,4-6yr,one_frog_too_many,478
ECSC_1032_3_64M_1032_YR3,14,384,0.8016701461377871,0.8016701461377871,late,,18.39013481975242,64,4-6yr,one_frog_too_many,478
ECSC_1032_3_64M_1032_YR3,15,394,0.8225469728601252,0.8225469728601252,late,,6.642624334821853,64,4-6yr,one_frog_too_many,478
ECSC_1032_3_64M_1032_YR3,16,403,0.8413361169102297,0.8413361169102297,late,,7.347023666109653,64,4-6yr,one_frog_too_many,478
ECSC_1032_3_64M_1032_YR3,17,412,0.860125260960334,0.860125260960334,late,,5.0977141148984435,64,4-6yr,one_frog_too_many,478
ECSC_1032_3_64M_1032_YR3,18,421,0.8789144050104384,0.8789144050104384,late,,6.466443650285786,64,4-6yr,one_frog_too_many,478
ECSC_1032_3_64M_1032_YR3,19,431,0.8997912317327766,0.8997912317327766,late,,8.841526943103316,64,4-6yr,one_frog_too_many,478
ECSC_1055_1_64M_1055_YR1,0,256,0.8338762214983714,0.8338762214983714,late,,3.99363613641549,64,4-6yr,one_frog_too_many,306
ECSC_1055_1_64M_1055_YR1,1,256,0.8338762214983714,0.8338762214983714,late,,3.99363613641549,64,4-6yr,one_frog_too_many,306
ECSC_1055_1_64M_1055_YR1,2,257,0.8371335504885994,0.8371335504885994,late,,4.056451482479012,64,4-6yr,one_frog_too_many,306
ECSC_1055_1_64M_1055_YR1,3,257,0.8371335504885994,0.8371335504885994,late,,4.056451482479012,64,4-6yr,one_frog_too_many,306
ECSC_1055_1_64M_1055_YR1,4,258,0.8403908794788274,0.8403908794788274,late,,3.260746821580942,64,4-6yr,one_frog_too_many,306
ECSC_1055_1_64M_1055_YR1,5,258,0.8403908794788274,0.8403908794788274,late,,3.260746821580942,64,4-6yr,one_frog_too_many,306
ECSC_1055_1_64M_1055_YR1,6,259,0.8436482084690554,0.8436482084690554,late,,3.565081210449228,64,4-6yr,one_frog_too_many,306
ECSC_1055_1_64M_1055_YR1,7,260,0.8469055374592834,0.8469055374592834,late,,3.9309835962108624,64,4-6yr,one_frog_too_many,306
ECSC_1055_1_64M_1055_YR1,8,260,0.8469055374592834,0.8469055374592834,late,,3.9309835962108624,64,4-6yr,one_frog_too_many,306
ECSC_1055_1_64M_1055_YR1,9,261,0.8501628664495114,0.8501628664495114,late,,4.241200404460048,64,4-6yr,one_frog_too_many,306
ECSC_1055_1_64M_1055_YR1,10,261,0.8501628664495114,0.8501628664495114,late,,4.241200404460048,64,4-6yr,one_frog_too_many,306
ECSC_1055_1_64M_1055_YR1,11,262,0.8534201954397395,0.8534201954397395,late,,3.2881486277276917,64,4-6yr,one_frog_too_many,306
ECSC_1055_1_64M_1055_YR1,12,262,0.8534201954397395,0.8534201954397395,late,,3.2881486277276917,64,4-6yr,one_frog_too_many,306
ECSC_1055_1_64M_1055_YR1,13,263,0.8566775244299675,0.8566775244299675,late,,3.5991331484701856,64,4-6yr,one_frog_too_many,306
ECSC_1055_1_64M_1055_YR1,14,264,0.8599348534201955,0.8599348534201955,late,,3.567402303580563,64,4-6yr,one_frog_too_many,306
ECSC_1055_1_64M_1055_YR1,15,264,0.8599348534201955,0.8599348534201955,late,,3.567402303580563,64,4-6yr,one_frog_too_many,306
ECSC_1055_1_64M_1055_YR1,16,265,0.8631921824104235,0.8631921824104235,late,,3.542904332064407,64,4-6yr,one_frog_too_many,306
ECSC_1055_1_64M_1055_YR1,17,265,0.8631921824104235,0.8631921824104235,late,,3.542904332064407,64,4-6yr,one_frog_too_many,306
ECSC_1055_1_64M_1055_YR1,18,266,0.8664495114006515,0.8664495114006515,late,,3.8661487229960825,64,4-6yr,one_frog_too_many,306
ECSC_1055_1_64M_1055_YR1,19,267,0.8697068403908795,0.8697068403908795,late,,2.986549853303164,64,4-6yr,one_frog_too_many,306
ECSC_1055_3_64M_1055_YR3,0,256,0.7211267605633803,0.7211267605633803,late,,6.632929928239896,64,4-6yr,one_frog_too_many,354
ECSC_1055_3_64M_1055_YR3,1,259,0.7295774647887324,0.7295774647887324,late,,7.614669948223387,64,4-6yr,one_frog_too_many,354
ECSC_1055_3_64M_1055_YR3,2,262,0.7380281690140845,0.7380281690140845,late,,7.611811779052612,64,4-6yr,one_frog_too_many,354
ECSC_1055_3_64M_1055_YR3,3,265,0.7464788732394366,0.7464788732394366,late,,8.449562676206945,64,4-6yr,one_frog_too_many,354
ECSC_1055_3_64M_1055_YR3,4,268,0.7549295774647887,0.7549295774647887,late,,4.652912724393623,64,4-6yr,one_frog_too_many,354
ECSC_1055_3_64M_1055_YR3,5,271,0.7633802816901408,0.7633802816901408,late,,3.5781656909931385,64,4-6yr,one_frog_too_many,354
ECSC_1055_3_64M_1055_YR3,6,274,0.7718309859154929,0.7718309859154929,late,,5.40652770894507,64,4-6yr,one_frog_too_many,354
ECSC_1055_3_64M_1055_YR3,7,277,0.780281690140845,0.780281690140845,late,,5.386799875621282,64,4-6yr,one_frog_too_many,354
ECSC_1055_3_64M_1055_YR3,8,280,0.7887323943661971,0.7887323943661971,late,,7.468025433607838,64,4-6yr,one_frog_too_many,354
ECSC_1055_3_64M_1055_YR3,9,283,0.7971830985915493,0.7971830985915493,late,,6.029729424399694,64,4-6yr,one_frog_too_many,354
ECSC_1055_3_64M_1055_YR3,10,287,0.8084507042253521,0.8084507042253521,late,,5.910634704650281,64,4-6yr,one_frog_too_many,354
ECSC_1055_3_64M_1055_YR3,11,290,0.8169014084507042,0.8169014084507042,late,,14.653107407929255,64,4-6yr,one_frog_too_many,354
ECSC_1055_3_64M_1055_YR3,12,293,0.8253521126760563,0.8253521126760563,late,,7.00507611660122,64,4-6yr,one_frog_too_many,354
ECSC_1055_3_64M_1055_YR3,13,296,0.8338028169014085,0.8338028169014085,late,,4.96449830407953,64,4-6yr,one_frog_too_many,354
ECSC_1055_3_64M_1055_YR3,14,299,0.8422535211267606,0.8422535211267606,late,,3.9559927292713226,64,4-6yr,one_frog_too_many,354
ECSC_1055_3_64M_1055_YR3,15,302,0.8507042253521127,0.8507042253521127,late,,7.5215224590008205,64,4-6yr,one_frog_too_many,354
ECSC_1055_3_64M_1055_YR3,16,305,0.8591549295774648,0.8591549295774648,late,,9.138778819710373,64,4-6yr,one_frog_too_many,354
ECSC_1055_3_64M_1055_YR3,17,308,0.8676056338028169,0.8676056338028169,late,,5.385245422140628,64,4-6yr,one_frog_too_many,354
ECSC_1055_3_64M_1055_YR3,18,311,0.8760563380281691,0.8760563380281691,late,,6.412945598981036,64,4-6yr,one_frog_too_many,354
ECSC_1055_3_64M_1055_YR3,19,315,0.8873239436619719,0.8873239436619719,late,,7.1025878625125785,64,4-6yr,one_frog_too_many,354
ECSC_4002_1_64M_4002_YR1,0,256,0.7664670658682635,0.7664670658682635,late,,1.3375318975998738,64,4-6yr,unknown,333
ECSC_4002_1_64M_4002_YR1,1,258,0.7724550898203593,0.7724550898203593,late,,1.8570448047410828,64,4-6yr,unknown,333
ECSC_4002_1_64M_4002_YR1,2,260,0.7784431137724551,0.7784431137724551,late,,1.6345518444069,64,4-6yr,unknown,333
ECSC_4002_1_64M_4002_YR1,3,262,0.7844311377245509,0.7844311377245509,late,,1.3964594706393072,64,4-6yr,unknown,333
ECSC_4002_1_64M_4002_YR1,4,264,0.7904191616766467,0.7904191616766467,late,,1.8329014577352467,64,4-6yr,unknown,333
ECSC_4002_1_64M_4002_YR1,5,266,0.7964071856287425,0.7964071856287425,late,,1.9517938569225208,64,4-6yr,unknown,333
ECSC_4002_1_64M_4002_YR1,6,268,0.8023952095808383,0.8023952095808383,late,,2.214725671229729,64,4-6yr,unknown,333
ECSC_4002_1_64M_4002_YR1,7,270,0.8083832335329342,0.8083832335329342,late,,0.8629314896752724,64,4-6yr,unknown,333
ECSC_4002_1_64M_4002_YR1,8,272,0.8143712574850299,0.8143712574850299,late,,2.4035148280155383,64,4-6yr,unknown,333
ECSC_4002_1_64M_4002_YR1,9,274,0.8203592814371258,0.8203592814371258,late,,5.218645129214366,64,4-6yr,unknown,333
ECSC_4002_1_64M_4002_YR1,10,276,0.8263473053892215,0.8263473053892215,late,,4.73206419662581,64,4-6yr,unknown,333
ECSC_4002_1_64M_4002_YR1,11,278,0.8323353293413174,0.8323353293413174,late,,4.367399296114961,64,4-6yr,unknown,333
ECSC_4002_1_64M_4002_YR1,12,280,0.8383233532934131,0.8383233532934131,late,,4.3399674044000385,64,4-6yr,unknown,333
ECSC_4002_1_64M_4002_YR1,13,282,0.844311377245509,0.844311377245509,late,,1.78332375224646,64,4-6yr,unknown,333
ECSC_4002_1_64M_4002_YR1,14,284,0.8502994011976048,0.8502994011976048,late,,0.7369755925679371,64,4-6yr,unknown,333
ECSC_4002_1_64M_4002_YR1,15,286,0.8562874251497006,0.8562874251497006,late,,1.2494248735396134,64,4-6yr,unknown,333
ECSC_4002_1_64M_4002_YR1,16,288,0.8622754491017964,0.8622754491017964,late,,0.1399658349699226,64,4-6yr,unknown,333
ECSC_4002_1_64M_4002_YR1,17,290,0.8682634730538922,0.8682634730538922,late,,0.0523691308940623,64,4-6yr,unknown,333
ECSC_4002_1_64M_4002_YR1,18,292,0.874251497005988,0.874251497005988,late,,0.7617607069857844,64,4-6yr,unknown,333
ECSC_4002_1_64M_4002_YR1,19,294,0.8802395209580839,0.8802395209580839,late,,0.942526350263334,64,4-6yr,unknown,333
ECSC_4012_1_65F_4012_YR1,0,256,0.7485380116959064,0.7485380116959064,late,,3.473082985191331,65,4-6yr,unknown,341
ECSC_4012_1_65F_4012_YR1,1,258,0.7543859649122807,0.7543859649122807,late,,4.565340021396576,65,4-6yr,unknown,341
ECSC_4012_1_65F_4012_YR1,2,260,0.7602339181286549,0.7602339181286549,late,,3.8659145547654585,65,4-6yr,unknown,341
ECSC_4012_1_65F_4012_YR1,3,263,0.7690058479532164,0.7690058479532164,late,,3.983431272718496,65,4-6yr,unknown,341
ECSC_4012_1_65F_4012_YR1,4,265,0.7748538011695907,0.7748538011695907,late,,4.402465859831922,65,4-6yr,unknown,341
ECSC_4012_1_65F_4012_YR1,5,268,0.783625730994152,0.783625730994152,late,,4.249216021335107,65,4-6yr,unknown,341
ECSC_4012_1_65F_4012_YR1,6,270,0.7894736842105263,0.7894736842105263,late,,3.775482618367388,65,4-6yr,unknown,341
ECSC_4012_1_65F_4012_YR1,7,272,0.7953216374269005,0.7953216374269005,late,,4.8377729215862875,65,4-6yr,unknown,341
ECSC_4012_1_65F_4012_YR1,8,275,0.804093567251462,0.804093567251462,late,,4.969170608965504,65,4-6yr,unknown,341
ECSC_4012_1_65F_4012_YR1,9,277,0.8099415204678363,0.8099415204678363,late,,5.18909470625273,65,4-6yr,unknown,341
ECSC_4012_1_65F_4012_YR1,10,280,0.8187134502923976,0.8187134502923976,late,,4.554419251046653,65,4-6yr,unknown,341
ECSC_4012_1_65F_4012_YR1,11,282,0.8245614035087719,0.8245614035087719,late,,5.299423763321425,65,4-6yr,unknown,341
ECSC_4012_1_65F_4012_YR1,12,285,0.8333333333333334,0.8333333333333334,late,,6.5759265713820625,65,4-6yr,unknown,341
ECSC_4012_1_65F_4012_YR1,13,287,0.8391812865497076,0.8391812865497076,late,,5.729016948298645,65,4-6yr,unknown,341
ECSC_4012_1_65F_4012_YR1,14,289,0.8450292397660819,0.8450292397660819,late,,4.028015121772977,65,4-6yr,unknown,341
ECSC_4012_1_65F_4012_YR1,15,292,0.8538011695906432,0.8538011695906432,late,,5.422085740422407,65,4-6yr,unknown,341
ECSC_4012_1_65F_4012_YR1,16,294,0.8596491228070176,0.8596491228070176,late,,4.468203172786879,65,4-6yr,unknown,341
ECSC_4012_1_65F_4012_YR1,17,297,0.868421052631579,0.868421052631579,late,,6.539235748867139,65,4-6yr,unknown,341
ECSC_4012_1_65F_4012_YR1,18,299,0.8742690058479532,0.8742690058479532,late,,7.098352102470029,65,4-6yr,unknown,341
ECSC_4012_1_65F_4012_YR1,19,302,0.8830409356725146,0.8830409356725146,late,,8.00697115966861,65,4-6yr,unknown,341
ECSC_1020_2_65M_1020_YR2,0,256,0.5844748858447488,0.5844748858447488,mid,,4.124135879612986,65,4-6yr,one_frog_too_many,437
ECSC_1020_2_65M_1020_YR2,1,263,0.6004566210045662,0.6004566210045662,mid,,2.9137076496484653,65,4-6yr,one_frog_too_many,437
ECSC_1020_2_65M_1020_YR2,2,270,0.6164383561643836,0.6164383561643836,mid,,3.435835262606336,65,4-6yr,one_frog_too_many,437
ECSC_1020_2_65M_1020_YR2,3,277,0.632420091324201,0.632420091324201,mid,,5.927872803001641,65,4-6yr,one_frog_too_many,437
ECSC_1020_2_65M_1020_YR2,4,285,0.6506849315068494,0.6506849315068494,mid,,11.745253190259938,65,4-6yr,one_frog_too_many,437
ECSC_1020_2_65M_1020_YR2,5,292,0.6666666666666666,0.6666666666666666,late,,7.60424043137176,65,4-6yr,one_frog_too_many,437
ECSC_1020_2_65M_1020_YR2,6,299,0.682648401826484,0.682648401826484,late,,10.76585527316558,65,4-6yr,one_frog_too_many,437
ECSC_1020_2_65M_1020_YR2,7,306,0.6986301369863014,0.6986301369863014,late,,13.029193592722976,65,4-6yr,one_frog_too_many,437
ECSC_1020_2_65M_1020_YR2,8,314,0.7168949771689498,0.7168949771689498,late,,18.27283915725359,65,4-6yr,one_frog_too_many,437
ECSC_1020_2_65M_1020_YR2,9,321,0.7328767123287672,0.7328767123287672,late,,5.055865586536907,65,4-6yr,one_frog_too_many,437
ECSC_1020_2_65M_1020_YR2,10,328,0.7488584474885844,0.7488584474885844,late,,6.062951630791371,65,4-6yr,one_frog_too_many,437
ECSC_1020_2_65M_1020_YR2,11,335,0.7648401826484018,0.7648401826484018,late,,8.629018411761436,65,4-6yr,one_frog_too_many,437
ECSC_1020_2_65M_1020_YR2,12,343,0.7831050228310502,0.7831050228310502,late,,5.249398617403662,65,4-6yr,one_frog_too_many,437
ECSC_1020_2_65M_1020_YR2,13,350,0.7990867579908676,0.7990867579908676,late,,5.905040112709047,65,4-6yr,one_frog_too_many,437
ECSC_1020_2_65M_1020_YR2,14,357,0.815068493150685,0.815068493150685,late,,7.533546779970793,65,4-6yr,one_frog_too_many,437
ECSC_1020_2_65M_1020_YR2,15,364,0.8310502283105022,0.8310502283105022,late,,11.54276534937278,65,4-6yr,one_frog_too_many,437
ECSC_1020_2_65M_1020_YR2,16,372,0.8493150684931506,0.8493150684931506,late,,7.248625445501297,65,4-6yr,one_frog_too_many,437
ECSC_1020_2_65M_1020_YR2,17,379,0.865296803652968,0.865296803652968,late,,4.1386560003652715,65,4-6yr,one_frog_too_many,437
ECSC_1020_2_65M_1020_YR2,18,386,0.8812785388127854,0.8812785388127854,late,,4.332877006396391,65,4-6yr,one_frog_too_many,437
ECSC_1020_2_65M_1020_YR2,19,394,0.8995433789954338,0.8995433789954338,late,,2.1514862355594904,65,4-6yr,one_frog_too_many,437
ECSC_1020_3_65M_1020_YR3,0,256,0.757396449704142,0.757396449704142,late,,3.781530707202352,65,4-6yr,frog_on_his_own,337
ECSC_1020_3_65M_1020_YR3,1,258,0.7633136094674556,0.7633136094674556,late,,2.3119868462712887,65,4-6yr,frog_on_his_own,337
ECSC_1020_3_65M_1020_YR3,2,260,0.7692307692307693,0.7692307692307693,late,,2.155110296946109,65,4-6yr,frog_on_his_own,337
ECSC_1020_3_65M_1020_YR3,3,262,0.7751479289940828,0.7751479289940828,late,,2.825698351806734,65,4-6yr,frog_on_his_own,337
ECSC_1020_3_65M_1020_YR3,4,264,0.7810650887573964,0.7810650887573964,late,,1.927976741183791,65,4-6yr,frog_on_his_own,337
ECSC_1020_3_65M_1020_YR3,5,267,0.7899408284023669,0.7899408284023669,late,,1.8754642949305025,65,4-6yr,frog_on_his_own,337
ECSC_1020_3_65M_1020_YR3,6,269,0.7958579881656804,0.7958579881656804,late,,1.255871214032382,65,4-6yr,frog_on_his_own,337
ECSC_1020_3_65M_1020_YR3,7,271,0.8017751479289941,0.8017751479289941,late,,4.638865522791722,65,4-6yr,frog_on_his_own,337
ECSC_1020_3_65M_1020_YR3,8,273,0.8076923076923077,0.8076923076923077,late,,6.121927366888247,65,4-6yr,frog_on_his_own,337
ECSC_1020_3_65M_1020_YR3,9,275,0.8136094674556213,0.8136094674556213,late,,10.040583843833126,65,4-6yr,frog_on_his_own,337
ECSC_1020_3_65M_1020_YR3,10,278,0.8224852071005917,0.8224852071005917,late,,8.968453789753573,65,4-6yr,frog_on_his_own,337
ECSC_1020_3_65M_1020_YR3,11,280,0.8284023668639053,0.8284023668639053,late,,6.982029860722566,65,4-6yr,frog_on_his_own,337
ECSC_1020_3_65M_1020_YR3,12,282,0.834319526627219,0.834319526627219,late,,7.06315542203636,65,4-6yr,frog_on_his_own,337
ECSC_1020_3_65M_1020_YR3,13,284,0.8402366863905325,0.8402366863905325,late,,7.372158572483928,65,4-6yr,frog_on_his_own,337
ECSC_1020_3_65M_1020_YR3,14,286,0.8461538461538461,0.8461538461538461,late,,4.624485647371282,65,4-6yr,frog_on_his_own,337
ECSC_1020_3_65M_1020_YR3,15,289,0.8550295857988166,0.8550295857988166,late,,4.560621811755045,65,4-6yr,frog_on_his_own,337
ECSC_1020_3_65M_1020_YR3,16,291,0.8609467455621301,0.8609467455621301,late,,2.7733738671613697,65,4-6yr,frog_on_his_own,337
ECSC_1020_3_65M_1020_YR3,17,293,0.8668639053254438,0.8668639053254438,late,,4.209776213021028,65,4-6yr,frog_on_his_own,337
ECSC_1020_3_65M_1020_YR3,18,295,0.8727810650887574,0.8727810650887574,late,,1.9962671836495804,65,4-6yr,frog_on_his_own,337
ECSC_1020_3_65M_1020_YR3,19,298,0.8816568047337278,0.8816568047337278,late,,1.9465673559772867,65,4-6yr,frog_on_his_own,337
ECSC_1053_1_65M_1053_YR1,0,256,0.839344262295082,0.839344262295082,late,,11.745297795764138,65,4-6yr,frog_where_are_you,304
ECSC_1053_1_65M_1053_YR1,1,256,0.839344262295082,0.839344262295082,late,,11.745297795764138,65,4-6yr,frog_where_are_you,304
ECSC_1053_1_65M_1053_YR1,2,256,0.839344262295082,0.839344262295082,late,,11.745297795764138,65,4-6yr,frog_where_are_you,304
ECSC_1053_1_65M_1053_YR1,3,257,0.8426229508196721,0.8426229508196721,late,,11.801858630982736,65,4-6yr,frog_where_are_you,304
ECSC_1053_1_65M_1053_YR1,4,257,0.8426229508196721,0.8426229508196721,late,,11.801858630982736,65,4-6yr,frog_where_are_you,304
ECSC_1053_1_65M_1053_YR1,5,258,0.8459016393442623,0.8459016393442623,late,,11.376217918264713,65,4-6yr,frog_where_are_you,304
ECSC_1053_1_65M_1053_YR1,6,258,0.8459016393442623,0.8459016393442623,late,,11.376217918264713,65,4-6yr,frog_where_are_you,304
ECSC_1053_1_65M_1053_YR1,7,259,0.8491803278688524,0.8491803278688524,late,,13.455739594162743,65,4-6yr,frog_where_are_you,304
ECSC_1053_1_65M_1053_YR1,8,259,0.8491803278688524,0.8491803278688524,late,,13.455739594162743,65,4-6yr,frog_where_are_you,304
ECSC_1053_1_65M_1053_YR1,9,260,0.8524590163934426,0.8524590163934426,late,,12.655032911166169,65,4-6yr,frog_where_are_you,304
ECSC_1053_1_65M_1053_YR1,10,260,0.8524590163934426,0.8524590163934426,late,,12.655032911166169,65,4-6yr,frog_where_are_you,304
ECSC_1053_1_65M_1053_YR1,11,261,0.8557377049180328,0.8557377049180328,late,,14.314379774188296,65,4-6yr,frog_where_are_you,304
ECSC_1053_1_65M_1053_YR1,12,261,0.8557377049180328,0.8557377049180328,late,,14.314379774188296,65,4-6yr,frog_where_are_you,304
ECSC_1053_1_65M_1053_YR1,13,262,0.8590163934426229,0.8590163934426229,late,,12.862887536715542,65,4-6yr,frog_where_are_you,304
ECSC_1053_1_65M_1053_YR1,14,262,0.8590163934426229,0.8590163934426229,late,,12.862887536715542,65,4-6yr,frog_where_are_you,304
ECSC_1053_1_65M_1053_YR1,15,263,0.8622950819672132,0.8622950819672132,late,,15.066676795157171,65,4-6yr,frog_where_are_you,304
ECSC_1053_1_65M_1053_YR1,16,263,0.8622950819672132,0.8622950819672132,late,,15.066676795157171,65,4-6yr,frog_where_are_you,304
ECSC_1053_1_65M_1053_YR1,17,264,0.8655737704918033,0.8655737704918033,late,,14.912129515355256,65,4-6yr,frog_where_are_you,304
ECSC_1053_1_65M_1053_YR1,18,264,0.8655737704918033,0.8655737704918033,late,,14.912129515355256,65,4-6yr,frog_where_are_you,304
ECSC_1053_1_65M_1053_YR1,19,265,0.8688524590163934,0.8688524590163934,late,,13.604354710248325,65,4-6yr,frog_where_are_you,304
ECSC_1053_2_65M_1053_YR2,0,256,0.585812356979405,0.585812356979405,mid,,10.951414726320792,65,4-6yr,boy_dog_frog,436
ECSC_1053_2_65M_1053_YR2,1,263,0.6018306636155606,0.6018306636155606,mid,,14.675525147351074,65,4-6yr,boy_dog_frog,436
ECSC_1053_2_65M_1053_YR2,2,270,0.6178489702517163,0.6178489702517163,mid,,10.354148095171656,65,4-6yr,boy_dog_frog,436
ECSC_1053_2_65M_1053_YR2,3,277,0.6338672768878718,0.6338672768878718,mid,,8.045740360440362,65,4-6yr,boy_dog_frog,436
ECSC_1053_2_65M_1053_YR2,4,284,0.6498855835240275,0.6498855835240275,mid,,3.6942333352371097,65,4-6yr,boy_dog_frog,436
ECSC_1053_2_65M_1053_YR2,5,292,0.6681922196796338,0.6681922196796338,late,,3.857431938244664,65,4-6yr,boy_dog_frog,436
ECSC_1053_2_65M_1053_YR2,6,299,0.6842105263157895,0.6842105263157895,late,,5.522090049736281,65,4-6yr,boy_dog_frog,436
ECSC_1053_2_65M_1053_YR2,7,306,0.700228832951945,0.700228832951945,late,,1.792503239428644,65,4-6yr,boy_dog_frog,436
ECSC_1053_2_65M_1053_YR2,8,313,0.7162471395881007,0.7162471395881007,late,,1.9047079881159767,65,4-6yr,boy_dog_frog,436
ECSC_1053_2_65M_1053_YR2,9,320,0.7322654462242563,0.7322654462242563,late,,6.825536497737285,65,4-6yr,boy_dog_frog,436
ECSC_1053_2_65M_1053_YR2,10,328,0.7505720823798627,0.7505720823798627,late,,9.05910763837025,65,4-6yr,boy_dog_frog,436
ECSC_1053_2_65M_1053_YR2,11,335,0.7665903890160183,0.7665903890160183,late,,5.44348125894772,65,4-6yr,boy_dog_frog,436
ECSC_1053_2_65M_1053_YR2,12,342,0.782608695652174,0.782608695652174,late,,7.106373613852492,65,4-6yr,boy_dog_frog,436
ECSC_1053_2_65M_1053_YR2,13,349,0.7986270022883295,0.7986270022883295,late,,2.223939370901448,65,4-6yr,boy_dog_frog,436
ECSC_1053_2_65M_1053_YR2,14,356,0.8146453089244852,0.8146453089244852,late,,2.365965639961736,65,4-6yr,boy_dog_frog,436
ECSC_1053_2_65M_1053_YR2,15,364,0.8329519450800915,0.8329519450800915,late,,2.740471866223844,65,4-6yr,boy_dog_frog,436
ECSC_1053_2_65M_1053_YR2,16,371,0.8489702517162472,0.8489702517162472,late,,2.306141014128059,65,4-6yr,boy_dog_frog,436
ECSC_1053_2_65M_1053_YR2,17,378,0.8649885583524027,0.8649885583524027,late,,0.5963102106423026,65,4-6yr,boy_dog_frog,436
ECSC_1053_2_65M_1053_YR2,18,385,0.8810068649885584,0.8810068649885584,late,,2.2604733117813307,65,4-6yr,boy_dog_frog,436
ECSC_1053_2_65M_1053_YR2,19,393,0.8993135011441648,0.8993135011441648,late,,2.82252748300908,65,4-6yr,boy_dog_frog,436
ECSC_1053_3_65M_1053_YR3,0,256,0.8311688311688312,0.8311688311688312,late,,13.018792373213447,65,4-6yr,frog_where_are_you,307
ECSC_1053_3_65M_1053_YR3,1,256,0.8311688311688312,0.8311688311688312,late,,13.018792373213447,65,4-6yr,frog_where_are_you,307
ECSC_1053_3_65M_1053_YR3,2,257,0.8344155844155844,0.8344155844155844,late,,11.705351607730286,65,4-6yr,frog_where_are_you,307
ECSC_1053_3_65M_1053_YR3,3,257,0.8344155844155844,0.8344155844155844,late,,11.705351607730286,65,4-6yr,frog_where_are_you,307
ECSC_1053_3_65M_1053_YR3,4,258,0.8376623376623377,0.8376623376623377,late,,9.274257048726142,65,4-6yr,frog_where_are_you,307
ECSC_1053_3_65M_1053_YR3,5,259,0.8409090909090909,0.8409090909090909,late,,10.415783704375423,65,4-6yr,frog_where_are_you,307
ECSC_1053_3_65M_1053_YR3,6,259,0.8409090909090909,0.8409090909090909,late,,10.415783704375423,65,4-6yr,frog_where_are_you,307
ECSC_1053_3_65M_1053_YR3,7,260,0.8441558441558441,0.8441558441558441,late,,10.572933314858597,65,4-6yr,frog_where_are_you,307
ECSC_1053_3_65M_1053_YR3,8,261,0.8474025974025974,0.8474025974025974,late,,10.073592470190786,65,4-6yr,frog_where_are_you,307
ECSC_1053_3_65M_1053_YR3,9,261,0.8474025974025974,0.8474025974025974,late,,10.073592470190786,65,4-6yr,frog_where_are_you,307
ECSC_1053_3_65M_1053_YR3,10,262,0.8506493506493507,0.8506493506493507,late,,10.226186035356047,65,4-6yr,frog_where_are_you,307
ECSC_1053_3_65M_1053_YR3,11,262,0.8506493506493507,0.8506493506493507,late,,10.226186035356047,65,4-6yr,frog_where_are_you,307
ECSC_1053_3_65M_1053_YR3,12,263,0.8538961038961039,0.8538961038961039,late,,10.967970113934118,65,4-6yr,frog_where_are_you,307
ECSC_1053_3_65M_1053_YR3,13,264,0.8571428571428571,0.8571428571428571,late,,10.718967868232353,65,4-6yr,frog_where_are_you,307
ECSC_1053_3_65M_1053_YR3,14,264,0.8571428571428571,0.8571428571428571,late,,10.718967868232353,65,4-6yr,frog_where_are_you,307
ECSC_1053_3_65M_1053_YR3,15,265,0.8603896103896104,0.8603896103896104,late,,12.168308985034702,65,4-6yr,frog_where_are_you,307
ECSC_1053_3_65M_1053_YR3,16,266,0.8636363636363636,0.8636363636363636,late,,12.186347262695724,65,4-6yr,frog_where_are_you,307
ECSC_1053_3_65M_1053_YR3,17,266,0.8636363636363636,0.8636363636363636,late,,12.186347262695724,65,4-6yr,frog_where_are_you,307
ECSC_1053_3_65M_1053_YR3,18,267,0.8668831168831169,0.8668831168831169,late,,12.70998325583706,65,4-6yr,frog_where_are_you,307
ECSC_1053_3_65M_1053_YR3,19,268,0.8701298701298701,0.8701298701298701,late,,11.209739834730517,65,4-6yr,frog_where_are_you,307
ECSC_1097_3_65M_1097_YR3,0,256,0.6772486772486772,0.6772486772486772,late,,2.6377555376775454,65,4-6yr,frog_on_his_own,377
ECSC_1097_3_65M_1097_YR3,1,260,0.6878306878306878,0.6878306878306878,late,,2.0006835693666964,65,4-6yr,frog_on_his_own,377
ECSC_1097_3_65M_1097_YR3,2,264,0.6984126984126984,0.6984126984126984,late,,3.6822609965405366,65,4-6yr,frog_on_his_own,377
ECSC_1097_3_65M_1097_YR3,3,268,0.708994708994709,0.708994708994709,late,,3.439671715969906,65,4-6yr,frog_on_his_own,377
ECSC_1097_3_65M_1097_YR3,4,273,0.7222222222222222,0.7222222222222222,late,,6.376885615914986,65,4-6yr,frog_on_his_own,377
ECSC_1097_3_65M_1097_YR3,5,277,0.7328042328042328,0.7328042328042328,late,,5.288168352590828,65,4-6yr,frog_on_his_own,377
ECSC_1097_3_65M_1097_YR3,6,281,0.7433862433862434,0.7433862433862434,late,,4.268459850050615,65,4-6yr,frog_on_his_own,377
ECSC_1097_3_65M_1097_YR3,7,286,0.7566137566137566,0.7566137566137566,late,,4.929568830049998,65,4-6yr,frog_on_his_own,377
ECSC_1097_3_65M_1097_YR3,8,290,0.7671957671957672,0.7671957671957672,late,,4.8861774819952775,65,4-6yr,frog_on_his_own,377
ECSC_1097_3_65M_1097_YR3,9,294,0.7777777777777778,0.7777777777777778,late,,9.625115165118393,65,4-6yr,frog_on_his_own,377
ECSC_1097_3_65M_1097_YR3,10,299,0.791005291005291,0.791005291005291,late,,7.043093311544178,65,4-6yr,frog_on_his_own,377
ECSC_1097_3_65M_1097_YR3,11,303,0.8015873015873016,0.8015873015873016,late,,8.869105059067799,65,4-6yr,frog_on_his_own,377
ECSC_1097_3_65M_1097_YR3,12,307,0.8121693121693122,0.8121693121693122,late,,6.836731275715504,65,4-6yr,frog_on_his_own,377
ECSC_1097_3_65M_1097_YR3,13,312,0.8253968253968254,0.8253968253968254,late,,7.659172775557508,65,4-6yr,frog_on_his_own,377
ECSC_1097_3_65M_1097_YR3,14,316,0.8359788359788359,0.8359788359788359,late,,8.864803094741081,65,4-6yr,frog_on_his_own,377
ECSC_1097_3_65M_1097_YR3,15,320,0.8465608465608465,0.8465608465608465,late,,5.3478627654131685,65,4-6yr,frog_on_his_own,377
ECSC_1097_3_65M_1097_YR3,16,325,0.8597883597883598,0.8597883597883598,late,,4.065600454543876,65,4-6yr,frog_on_his_own,377
ECSC_1097_3_65M_1097_YR3,17,329,0.8703703703703703,0.8703703703703703,late,,5.422889758808445,65,4-6yr,frog_on_his_own,377
ECSC_1097_3_65M_1097_YR3,18,333,0.8809523809523809,0.8809523809523809,late,,1.7313103880828926,65,4-6yr,frog_on_his_own,377
ECSC_1097_3_65M_1097_YR3,19,338,0.8941798941798942,0.8941798941798942,late,,-0.5197103705334776,65,4-6yr,frog_on_his_own,377
ECSC_2003_2_65M_2003_YR2,0,256,0.6956521739130435,0.6956521739130435,late,,-0.8483309632428551,65,4-6yr,unknown,367
ECSC_2003_2_65M_2003_YR2,1,259,0.7038043478260869,0.7038043478260869,late,,0.3469756879911365,65,4-6yr,unknown,367
ECSC_2003_2_65M_2003_YR2,2,263,0.7146739130434783,0.7146739130434783,late,,1.1480878538207655,65,4-6yr,unknown,367
ECSC_2003_2_65M_2003_YR2,3,267,0.7255434782608695,0.7255434782608695,late,,1.3578430450995889,65,4-6yr,unknown,367
ECSC_2003_2_65M_2003_YR2,4,271,0.7364130434782609,0.7364130434782609,late,,20.323730811605895,65,4-6yr,unknown,367
ECSC_2003_2_65M_2003_YR2,5,274,0.7445652173913043,0.7445652173913043,late,,12.306233347655596,65,4-6yr,unknown,367
ECSC_2003_2_65M_2003_YR2,6,278,0.7554347826086957,0.7554347826086957,late,,2.123948362484807,65,4-6yr,unknown,367
ECSC_2003_2_65M_2003_YR2,7,282,0.7663043478260869,0.7663043478260869,late,,2.636192114607418,65,4-6yr,unknown,367
ECSC_2003_2_65M_2003_YR2,8,286,0.7771739130434783,0.7771739130434783,late,,2.4919685319447176,65,4-6yr,unknown,367
ECSC_2003_2_65M_2003_YR2,9,290,0.7880434782608695,0.7880434782608695,late,,2.881777531926657,65,4-6yr,unknown,367
ECSC_2003_2_65M_2003_YR2,10,293,0.7961956521739131,0.7961956521739131,late,,3.918718279506365,65,4-6yr,unknown,367
ECSC_2003_2_65M_2003_YR2,11,297,0.8070652173913043,0.8070652173913043,late,,8.259000991220924,65,4-6yr,unknown,367
ECSC_2003_2_65M_2003_YR2,12,301,0.8179347826086957,0.8179347826086957,late,,7.414335790892505,65,4-6yr,unknown,367
ECSC_2003_2_65M_2003_YR2,13,305,0.8288043478260869,0.8288043478260869,late,,9.307372177729096,65,4-6yr,unknown,367
ECSC_2003_2_65M_2003_YR2,14,309,0.8396739130434783,0.8396739130434783,late,,26.103197022534605,65,4-6yr,unknown,367
ECSC_2003_2_65M_2003_YR2,15,312,0.8478260869565217,0.8478260869565217,late,,37.47472975597181,65,4-6yr,unknown,367
ECSC_2003_2_65M_2003_YR2,16,316,0.8586956521739131,0.8586956521739131,late,,30.656623591219915,65,4-6yr,unknown,367
ECSC_2003_2_65M_2003_YR2,17,320,0.8695652173913043,0.8695652173913043,late,,36.28138863325448,65,4-6yr,unknown,367
ECSC_2003_2_65M_2003_YR2,18,324,0.8804347826086957,0.8804347826086957,late,,37.873757647357166,65,4-6yr,unknown,367
ECSC_2003_2_65M_2003_YR2,19,328,0.8913043478260869,0.8913043478260869,late,,40.36020102919235,65,4-6yr,unknown,367
ECSC_4005_1_65M_4005_YR1,0,256,0.6564102564102564,0.6564102564102564,mid,,12.266468518074811,65,4-6yr,unknown,389
ECSC_4005_1_65M_4005_YR1,1,260,0.6666666666666666,0.6666666666666666,late,,12.317543429077851,65,4-6yr,unknown,389
ECSC_4005_1_65M_4005_YR1,2,265,0.6794871794871795,0.6794871794871795,late,,10.572481455806724,65,4-6yr,unknown,389
ECSC_4005_1_65M_4005_YR1,3,270,0.6923076923076923,0.6923076923076923,late,,30.28135382953881,65,4-6yr,unknown,389
ECSC_4005_1_65M_4005_YR1,4,275,0.7051282051282052,0.7051282051282052,late,,13.486068126975296,65,4-6yr,unknown,389
ECSC_4005_1_65M_4005_YR1,5,280,0.717948717948718,0.717948717948718,late,,6.087827137522712,65,4-6yr,unknown,389
ECSC_4005_1_65M_4005_YR1,6,285,0.7307692307692307,0.7307692307692307,late,,5.6100106292431775,65,4-6yr,unknown,389
ECSC_4005_1_65M_4005_YR1,7,290,0.7435897435897436,0.7435897435897436,late,,5.566001655050368,65,4-6yr,unknown,389
ECSC_4005_1_65M_4005_YR1,8,295,0.7564102564102564,0.7564102564102564,late,,3.550493725849563,65,4-6yr,unknown,389
ECSC_4005_1_65M_4005_YR1,9,300,0.7692307692307693,0.7692307692307693,late,,1.0429104356947203,65,4-6yr,unknown,389
ECSC_4005_1_65M_4005_YR1,10,305,0.782051282051282,0.782051282051282,late,,7.355031713393451,65,4-6yr,unknown,389
ECSC_4005_1_65M_4005_YR1,11,310,0.7948717948717948,0.7948717948717948,late,,7.8222132853945485,65,4-6yr,unknown,389
ECSC_4005_1_65M_4005_YR1,12,315,0.8076923076923077,0.8076923076923077,late,,10.835578587734444,65,4-6yr,unknown,389
ECSC_4005_1_65M_4005_YR1,13,320,0.8205128205128205,0.8205128205128205,late,,4.948323184938987,65,4-6yr,unknown,389
ECSC_4005_1_65M_4005_YR1,14,325,0.8333333333333334,0.8333333333333334,late,,2.0987625776578778,65,4-6yr,unknown,389
ECSC_4005_1_65M_4005_YR1,15,330,0.8461538461538461,0.8461538461538461,late,,5.452135925935291,65,4-6yr,unknown,389
ECSC_4005_1_65M_4005_YR1,16,335,0.8589743589743589,0.8589743589743589,late,,6.2474422085139665,65,4-6yr,unknown,389
ECSC_4005_1_65M_4005_YR1,17,340,0.8717948717948718,0.8717948717948718,late,,8.801692630332475,65,4-6yr,unknown,389
ECSC_4005_1_65M_4005_YR1,18,345,0.8846153846153846,0.8846153846153846,late,,14.18926682272911,65,4-6yr,unknown,389
ECSC_4005_1_65M_4005_YR1,19,350,0.8974358974358975,0.8974358974358975,late,,13.935098905826155,65,4-6yr,unknown,389
ECSC_2008_1_66F_2008_YR1,0,256,0.4785046728971963,0.4785046728971963,mid,,3.058097949494977,66,4-6yr,unknown,534
ECSC_2008_1_66F_2008_YR1,1,267,0.4990654205607476,0.4990654205607476,mid,,3.5662611887239297,66,4-6yr,unknown,534
ECSC_2008_1_66F_2008_YR1,2,279,0.5214953271028038,0.5214953271028038,mid,,1.7820451491423466,66,4-6yr,unknown,534
ECSC_2008_1_66F_2008_YR1,3,291,0.5439252336448598,0.5439252336448598,mid,,3.520727927632456,66,4-6yr,unknown,534
ECSC_2008_1_66F_2008_YR1,4,303,0.5663551401869159,0.5663551401869159,mid,,2.996045695240716,66,4-6yr,unknown,534
ECSC_2008_1_66F_2008_YR1,5,315,0.5887850467289719,0.5887850467289719,mid,,1.7224061133584074,66,4-6yr,unknown,534
ECSC_2008_1_66F_2008_YR1,6,327,0.611214953271028,0.611214953271028,mid,,2.6455870411126705,66,4-6yr,unknown,534
ECSC_2008_1_66F_2008_YR1,7,338,0.6317757009345795,0.6317757009345795,mid,,3.4064604630277,66,4-6yr,unknown,534
ECSC_2008_1_66F_2008_YR1,8,350,0.6542056074766355,0.6542056074766355,mid,,2.18236207943416,66,4-6yr,unknown,534
ECSC_2008_1_66F_2008_YR1,9,362,0.6766355140186916,0.6766355140186916,late,,1.6788881383672072,66,4-6yr,unknown,534
ECSC_2008_1_66F_2008_YR1,10,374,0.6990654205607477,0.6990654205607477,late,,1.678087280738418,66,4-6yr,unknown,534
ECSC_2008_1_66F_2008_YR1,11,386,0.7214953271028037,0.7214953271028037,late,,2.789876913251524,66,4-6yr,unknown,534
ECSC_2008_1_66F_2008_YR1,12,398,0.7439252336448599,0.7439252336448599,late,,5.803602526021571,66,4-6yr,unknown,534
ECSC_2008_1_66F_2008_YR1,13,409,0.7644859813084112,0.7644859813084112,late,,3.7439534805832873,66,4-6yr,unknown,534
ECSC_2008_1_66F_2008_YR1,14,421,0.7869158878504673,0.7869158878504673,late,,1.571940299520544,66,4-6yr,unknown,534
ECSC_2008_1_66F_2008_YR1,15,433,0.8093457943925234,0.8093457943925234,late,,2.5153474342917574,66,4-6yr,unknown,534
ECSC_2008_1_66F_2008_YR1,16,445,0.8317757009345794,0.8317757009345794,late,,2.624090328939773,66,4-6yr,unknown,534
ECSC_2008_1_66F_2008_YR1,17,457,0.8542056074766355,0.8542056074766355,late,,1.6051589251576428,66,4-6yr,unknown,534
ECSC_2008_1_66F_2008_YR1,18,469,0.8766355140186916,0.8766355140186916,late,,1.4200476186791242,66,4-6yr,unknown,534
ECSC_2008_1_66F_2008_YR1,19,481,0.8990654205607477,0.8990654205607477,late,,6.368242711315613,66,4-6yr,unknown,534
ECSC_2008_2_66F_2008_YR2,0,256,0.6448362720403022,0.6448362720403022,mid,,11.64751450203192,66,4-6yr,unknown,396
ECSC_2008_2_66F_2008_YR2,1,261,0.6574307304785895,0.6574307304785895,mid,,9.26783552444121,66,4-6yr,unknown,396
ECSC_2008_2_66F_2008_YR2,2,266,0.6700251889168766,0.6700251889168766,late,,14.3211763163563,66,4-6yr,unknown,396
ECSC_2008_2_66F_2008_YR2,3,271,0.6826196473551638,0.6826196473551638,late,,18.804206559588728,66,4-6yr,unknown,396
ECSC_2008_2_66F_2008_YR2,4,277,0.6977329974811083,0.6977329974811083,late,,15.08962658640889,66,4-6yr,unknown,396
ECSC_2008_2_66F_2008_YR2,5,282,0.7103274559193955,0.7103274559193955,late,,28.884598568361767,66,4-6yr,unknown,396
ECSC_2008_2_66F_2008_YR2,6,287,0.7229219143576826,0.7229219143576826,late,,37.65318353022268,66,4-6yr,unknown,396
ECSC_2008_2_66F_2008_YR2,7,293,0.7380352644836272,0.7380352644836272,late,,17.541427569863007,66,4-6yr,unknown,396
ECSC_2008_2_66F_2008_YR2,8,298,0.7506297229219143,0.7506297229219143,late,,13.032685233623546,66,4-6yr,unknown,396
ECSC_2008_2_66F_2008_YR2,9,303,0.7632241813602015,0.7632241813602015,late,,6.982090805275384,66,4-6yr,unknown,396
ECSC_2008_2_66F_2008_YR2,10,309,0.7783375314861462,0.7783375314861462,late,,3.0964301467669646,66,4-6yr,unknown,396
ECSC_2008_2_66F_2008_YR2,11,314,0.7909319899244333,0.7909319899244333,late,,5.6650160464075725,66,4-6yr,unknown,396
ECSC_2008_2_66F_2008_YR2,12,319,0.8035264483627204,0.8035264483627204,late,,6.420713457911829,66,4-6yr,unknown,396
ECSC_2008_2_66F_2008_YR2,13,325,0.818639798488665,0.818639798488665,late,,4.795183526158436,66,4-6yr,unknown,396
ECSC_2008_2_66F_2008_YR2,14,330,0.8312342569269522,0.8312342569269522,late,,5.259221115669355,66,4-6yr,unknown,396
ECSC_2008_2_66F_2008_YR2,15,335,0.8438287153652393,0.8438287153652393,late,,3.573725917945154,66,4-6yr,unknown,396
ECSC_2008_2_66F_2008_YR2,16,341,0.8589420654911839,0.8589420654911839,late,,3.481746645662364,66,4-6yr,unknown,396
ECSC_2008_2_66F_2008_YR2,17,346,0.871536523929471,0.871536523929471,late,,4.489224859527026,66,4-6yr,unknown,396
ECSC_2008_2_66F_2008_YR2,18,351,0.8841309823677582,0.8841309823677582,late,,5.006776046968486,66,4-6yr,unknown,396
ECSC_2008_2_66F_2008_YR2,19,357,0.8992443324937027,0.8992443324937027,late,,2.020990033118343,66,4-6yr,unknown,396
ECSC_4076_1_66F_4076_YR1,0,256,0.7734138972809668,0.7734138972809668,late,,22.188675721938548,66,4-6yr,unknown,330
ECSC_4076_1_66F_4076_YR1,1,257,0.7764350453172205,0.7764350453172205,late,,22.27536559356616,66,4-6yr,unknown,330
ECSC_4076_1_66F_4076_YR1,2,259,0.7824773413897281,0.7824773413897281,late,,21.728477968061025,66,4-6yr,unknown,330
ECSC_4076_1_66F_4076_YR1,3,261,0.7885196374622356,0.7885196374622356,late,,17.238611060374925,66,4-6yr,unknown,330
ECSC_4076_1_66F_4076_YR1,4,263,0.7945619335347432,0.7945619335347432,late,,23.835488081781023,66,4-6yr,unknown,330
ECSC_4076_1_66F_4076_YR1,5,265,0.8006042296072508,0.8006042296072508,late,,29.966176865569444,66,4-6yr,unknown,330
ECSC_4076_1_66F_4076_YR1,6,267,0.8066465256797583,0.8066465256797583,late,,32.95211750205361,66,4-6yr,unknown,330
ECSC_4076_1_66F_4076_YR1,7,268,0.8096676737160121,0.8096676737160121,late,,32.115821489904896,66,4-6yr,unknown,330
ECSC_4076_1_66F_4076_YR1,8,270,0.8157099697885196,0.8157099697885196,late,,32.576869932972784,66,4-6yr,unknown,330
ECSC_4076_1_66F_4076_YR1,9,272,0.8217522658610272,0.8217522658610272,late,,32.219183252683806,66,4-6yr,unknown,330
ECSC_4076_1_66F_4076_YR1,10,274,0.8277945619335347,0.8277945619335347,late,,21.58516076612507,66,4-6yr,unknown,330
ECSC_4076_1_66F_4076_YR1,11,276,0.8338368580060423,0.8338368580060423,late,,18.69499111359919,66,4-6yr,unknown,330
ECSC_4076_1_66F_4076_YR1,12,278,0.8398791540785498,0.8398791540785498,late,,8.517069603364245,66,4-6yr,unknown,330
ECSC_4076_1_66F_4076_YR1,13,279,0.8429003021148036,0.8429003021148036,late,,7.758728342546968,66,4-6yr,unknown,330
ECSC_4076_1_66F_4076_YR1,14,281,0.8489425981873112,0.8489425981873112,late,,8.403867836524466,66,4-6yr,unknown,330
ECSC_4076_1_66F_4076_YR1,15,283,0.8549848942598187,0.8549848942598187,late,,9.788972734358545,66,4-6yr,unknown,330
ECSC_4076_1_66F_4076_YR1,16,285,0.8610271903323263,0.8610271903323263,late,,8.912007465774487,66,4-6yr,unknown,330
ECSC_4076_1_66F_4076_YR1,17,287,0.8670694864048338,0.8670694864048338,late,,7.397191222822069,66,4-6yr,unknown,330
ECSC_4076_1_66F_4076_YR1,18,289,0.8731117824773413,0.8731117824773413,late,,6.799048959403066,66,4-6yr,unknown,330
ECSC_4076_1_66F_4076_YR1,19,291,0.879154078549849,0.879154078549849,late,,3.0002610917232353,66,4-6yr,unknown,330
ECSC_1036_1_66M_1036_YR1,0,256,0.6352357320099256,0.6352357320099256,mid,,9.547316155213226,66,4-6yr,one_frog_too_many,402
ECSC_1036_1_66M_1036_YR1,1,261,0.6476426799007444,0.6476426799007444,mid,,6.01879161974577,66,4-6yr,one_frog_too_many,402
ECSC_1036_1_66M_1036_YR1,2,267,0.6625310173697271,0.6625310173697271,late,,4.3613608659750795,66,4-6yr,one_frog_too_many,402
ECSC_1036_1_66M_1036_YR1,3,272,0.674937965260546,0.674937965260546,late,,3.154633971822662,66,4-6yr,one_frog_too_many,402
ECSC_1036_1_66M_1036_YR1,4,278,0.6898263027295285,0.6898263027295285,late,,3.9289964878136097,66,4-6yr,one_frog_too_many,402
ECSC_1036_1_66M_1036_YR1,5,283,0.7022332506203474,0.7022332506203474,late,,0.5292778602020469,66,4-6yr,one_frog_too_many,402
ECSC_1036_1_66M_1036_YR1,6,289,0.71712158808933,0.71712158808933,late,,0.9298038885019916,66,4-6yr,one_frog_too_many,402
ECSC_1036_1_66M_1036_YR1,7,295,0.7320099255583127,0.7320099255583127,late,,1.5405413023430974,66,4-6yr,one_frog_too_many,402
ECSC_1036_1_66M_1036_YR1,8,300,0.7444168734491315,0.7444168734491315,late,,4.128353127247097,66,4-6yr,one_frog_too_many,402
ECSC_1036_1_66M_1036_YR1,9,306,0.7593052109181141,0.7593052109181141,late,,3.8622069873202367,66,4-6yr,one_frog_too_many,402
ECSC_1036_1_66M_1036_YR1,10,311,0.771712158808933,0.771712158808933,late,,4.118477265922817,66,4-6yr,one_frog_too_many,402
ECSC_1036_1_66M_1036_YR1,11,317,0.7866004962779156,0.7866004962779156,late,,9.22813249152527,66,4-6yr,one_frog_too_many,402
ECSC_1036_1_66M_1036_YR1,12,322,0.7990074441687345,0.7990074441687345,late,,10.262601486626924,66,4-6yr,one_frog_too_many,402
ECSC_1036_1_66M_1036_YR1,13,328,0.8138957816377171,0.8138957816377171,late,,7.646349704971719,66,4-6yr,one_frog_too_many,402
ECSC_1036_1_66M_1036_YR1,14,334,0.8287841191066998,0.8287841191066998,late,,8.176141201308464,66,4-6yr,one_frog_too_many,402
ECSC_1036_1_66M_1036_YR1,15,339,0.8411910669975186,0.8411910669975186,late,,5.100270101726036,66,4-6yr,one_frog_too_many,402
ECSC_1036_1_66M_1036_YR1,16,345,0.8560794044665012,0.8560794044665012,late,,7.83965270403651,66,4-6yr,one_frog_too_many,402
ECSC_1036_1_66M_1036_YR1,17,350,0.8684863523573201,0.8684863523573201,late,,6.141881579732166,66,4-6yr,one_frog_too_many,402
ECSC_1036_1_66M_1036_YR1,18,356,0.8833746898263027,0.8833746898263027,late,,4.653906225191621,66,4-6yr,one_frog_too_many,402
ECSC_1036_1_66M_1036_YR1,19,362,0.8982630272952854,0.8982630272952854,late,,4.339496584959891,66,4-6yr,one_frog_too_many,402
ECSC_1036_2_66M_1036_YR2,0,256,0.5871559633027523,0.5871559633027523,mid,,1.1199395344388137,66,4-6yr,one_frog_too_many,435
ECSC_1036_2_66M_1036_YR2,1,263,0.6032110091743119,0.6032110091743119,mid,,2.4869579793961094,66,4-6yr,one_frog_too_many,435
ECSC_1036_2_66M_1036_YR2,2,270,0.6192660550458715,0.6192660550458715,mid,,1.7852724567722014,66,4-6yr,one_frog_too_many,435
ECSC_1036_2_66M_1036_YR2,3,277,0.6353211009174312,0.6353211009174312,mid,,5.236808930793954,66,4-6yr,one_frog_too_many,435
ECSC_1036_2_66M_1036_YR2,4,284,0.6513761467889908,0.6513761467889908,mid,,15.823308674403831,66,4-6yr,one_frog_too_many,435
ECSC_1036_2_66M_1036_YR2,5,291,0.6674311926605505,0.6674311926605505,late,,2.3732228078903006,66,4-6yr,one_frog_too_many,435
ECSC_1036_2_66M_1036_YR2,6,298,0.6834862385321101,0.6834862385321101,late,,2.091848018739194,66,4-6yr,one_frog_too_many,435
ECSC_1036_2_66M_1036_YR2,7,306,0.7018348623853211,0.7018348623853211,late,,2.37216238417009,66,4-6yr,one_frog_too_many,435
ECSC_1036_2_66M_1036_YR2,8,313,0.7178899082568807,0.7178899082568807,late,,1.775960513759017,66,4-6yr,one_frog_too_many,435
ECSC_1036_2_66M_1036_YR2,9,320,0.7339449541284404,0.7339449541284404,late,,1.1654335215387972,66,4-6yr,one_frog_too_many,435
ECSC_1036_2_66M_1036_YR2,10,327,0.75,0.75,late,,1.321889942392196,66,4-6yr,one_frog_too_many,435
ECSC_1036_2_66M_1036_YR2,11,334,0.7660550458715596,0.7660550458715596,late,,3.3152925758459615,66,4-6yr,one_frog_too_many,435
ECSC_1036_2_66M_1036_YR2,12,341,0.7821100917431193,0.7821100917431193,late,,5.436634427114238,66,4-6yr,one_frog_too_many,435
ECSC_1036_2_66M_1036_YR2,13,349,0.8004587155963303,0.8004587155963303,late,,7.52589854961758,66,4-6yr,one_frog_too_many,435
ECSC_1036_2_66M_1036_YR2,14,356,0.8165137614678899,0.8165137614678899,late,,7.493757087188824,66,4-6yr,one_frog_too_many,435
ECSC_1036_2_66M_1036_YR2,15,363,0.8325688073394495,0.8325688073394495,late,,6.698567937220439,66,4-6yr,one_frog_too_many,435
ECSC_1036_2_66M_1036_YR2,16,370,0.8486238532110092,0.8486238532110092,late,,7.035184259664524,66,4-6yr,one_frog_too_many,435
ECSC_1036_2_66M_1036_YR2,17,377,0.8646788990825688,0.8646788990825688,late,,4.006253695282307,66,4-6yr,one_frog_too_many,435
ECSC_1036_2_66M_1036_YR2,18,384,0.8807339449541285,0.8807339449541285,late,,1.9127267090777451,66,4-6yr,one_frog_too_many,435
ECSC_1036_2_66M_1036_YR2,19,392,0.8990825688073395,0.8990825688073395,late,,3.9869181821790423,66,4-6yr,one_frog_too_many,435
ECSC_1036_3_66M_1036_YR3,0,256,0.5831435079726651,0.5831435079726651,mid,,9.636838174177583,66,4-6yr,boy_dog_frog,438
ECSC_1036_3_66M_1036_YR3,1,263,0.5990888382687927,0.5990888382687927,mid,,14.08103004159141,66,4-6yr,boy_dog_frog,438
ECSC_1036_3_66M_1036_YR3,2,270,0.6150341685649203,0.6150341685649203,mid,,14.049211569637729,66,4-6yr,boy_dog_frog,438
ECSC_1036_3_66M_1036_YR3,3,277,0.6309794988610479,0.6309794988610479,mid,,9.894171723326178,66,4-6yr,boy_dog_frog,438
ECSC_1036_3_66M_1036_YR3,4,285,0.6492027334851936,0.6492027334851936,mid,,12.01231190680922,66,4-6yr,boy_dog_frog,438
ECSC_1036_3_66M_1036_YR3,5,292,0.6651480637813212,0.6651480637813212,late,,14.719116433287772,66,4-6yr,boy_dog_frog,438
ECSC_1036_3_66M_1036_YR3,6,299,0.6810933940774487,0.6810933940774487,late,,4.282404860007151,66,4-6yr,boy_dog_frog,438
ECSC_1036_3_66M_1036_YR3,7,307,0.6993166287015945,0.6993166287015945,late,,3.6087842344280783,66,4-6yr,boy_dog_frog,438
ECSC_1036_3_66M_1036_YR3,8,314,0.715261958997722,0.715261958997722,late,,5.506448753233565,66,4-6yr,boy_dog_frog,438
ECSC_1036_3_66M_1036_YR3,9,321,0.7312072892938497,0.7312072892938497,late,,3.681220719633064,66,4-6yr,boy_dog_frog,438
ECSC_1036_3_66M_1036_YR3,10,329,0.7494305239179955,0.7494305239179955,late,,6.59264250982131,66,4-6yr,boy_dog_frog,438
ECSC_1036_3_66M_1036_YR3,11,336,0.765375854214123,0.765375854214123,late,,9.523576696868128,66,4-6yr,boy_dog_frog,438
ECSC_1036_3_66M_1036_YR3,12,343,0.7813211845102506,0.7813211845102506,late,,8.80007009183744,66,4-6yr,boy_dog_frog,438
ECSC_1036_3_66M_1036_YR3,13,351,0.7995444191343963,0.7995444191343963,late,,6.814553825160115,66,4-6yr,boy_dog_frog,438
ECSC_1036_3_66M_1036_YR3,14,358,0.8154897494305239,0.8154897494305239,late,,1.7777582705432913,66,4-6yr,boy_dog_frog,438
ECSC_1036_3_66M_1036_YR3,15,365,0.8314350797266514,0.8314350797266514,late,,1.7475904003059286,66,4-6yr,boy_dog_frog,438
ECSC_1036_3_66M_1036_YR3,16,373,0.8496583143507973,0.8496583143507973,late,,2.519036289821156,66,4-6yr,boy_dog_frog,438
ECSC_1036_3_66M_1036_YR3,17,380,0.8656036446469249,0.8656036446469249,late,,5.1832539645530895,66,4-6yr,boy_dog_frog,438
ECSC_1036_3_66M_1036_YR3,18,387,0.8815489749430524,0.8815489749430524,late,,4.303375107468502,66,4-6yr,boy_dog_frog,438
ECSC_1036_3_66M_1036_YR3,19,395,0.8997722095671982,0.8997722095671982,late,,11.500774496562466,66,4-6yr,boy_dog_frog,438
ECSC_2001_1_66M_2001_YR1,0,256,0.7950310559006211,0.7950310559006211,late,,12.323921748837162,66,4-6yr,unknown,321
ECSC_2001_1_66M_2001_YR1,1,257,0.7981366459627329,0.7981366459627329,late,,13.973093518256432,66,4-6yr,unknown,321
ECSC_2001_1_66M_2001_YR1,2,258,0.8012422360248447,0.8012422360248447,late,,14.141962633513572,66,4-6yr,unknown,321
ECSC_2001_1_66M_2001_YR1,3,260,0.8074534161490683,0.8074534161490683,late,,17.671914462026958,66,4-6yr,unknown,321
ECSC_2001_1_66M_2001_YR1,4,261,0.8105590062111802,0.8105590062111802,late,,20.265133282830003,66,4-6yr,unknown,321
ECSC_2001_1_66M_2001_YR1,5,262,0.8136645962732919,0.8136645962732919,late,,17.206395831739876,66,4-6yr,unknown,321
ECSC_2001_1_66M_2001_YR1,6,264,0.8198757763975155,0.8198757763975155,late,,14.436413123871128,66,4-6yr,unknown,321
ECSC_2001_1_66M_2001_YR1,7,265,0.8229813664596274,0.8229813664596274,late,,14.160950261063732,66,4-6yr,unknown,321
ECSC_2001_1_66M_2001_YR1,8,266,0.8260869565217391,0.8260869565217391,late,,13.669452181665246,66,4-6yr,unknown,321
ECSC_2001_1_66M_2001_YR1,9,268,0.8322981366459627,0.8322981366459627,late,,14.541900010462651,66,4-6yr,unknown,321
ECSC_2001_1_66M_2001_YR1,10,269,0.8354037267080745,0.8354037267080745,late,,10.303004570286976,66,4-6yr,unknown,321
ECSC_2001_1_66M_2001_YR1,11,271,0.8416149068322981,0.8416149068322981,late,,2.360442447802612,66,4-6yr,unknown,321
ECSC_2001_1_66M_2001_YR1,12,272,0.84472049689441,0.84472049689441,late,,4.325936423222172,66,4-6yr,unknown,321
ECSC_2001_1_66M_2001_YR1,13,273,0.8478260869565217,0.8478260869565217,late,,4.6189534170646915,66,4-6yr,unknown,321
ECSC_2001_1_66M_2001_YR1,14,275,0.8540372670807453,0.8540372670807453,late,,3.5237644100848833,66,4-6yr,unknown,321
ECSC_2001_1_66M_2001_YR1,15,276,0.8571428571428571,0.8571428571428571,late,,3.4010680606988117,66,4-6yr,unknown,321
ECSC_2001_1_66M_2001_YR1,16,277,0.860248447204969,0.860248447204969,late,,3.20605920563485,66,4-6yr,unknown,321
ECSC_2001_1_66M_2001_YR1,17,279,0.8664596273291926,0.8664596273291926,late,,2.098333852464643,66,4-6yr,unknown,321
ECSC_2001_1_66M_2001_YR1,18,280,0.8695652173913043,0.8695652173913043,late,,2.041745193028449,66,4-6yr,unknown,321
ECSC_2001_1_66M_2001_YR1,19,282,0.8757763975155279,0.8757763975155279,late,,2.32331216524188,66,4-6yr,unknown,321
ECSC_2001_2_66M_2001_YR2,0,256,0.5739910313901345,0.5739910313901345,mid,,5.547590310629671,66,4-6yr,unknown,445
ECSC_2001_2_66M_2001_YR2,1,263,0.5896860986547086,0.5896860986547086,mid,,6.086214022603222,66,4-6yr,unknown,445
ECSC_2001_2_66M_2001_YR2,2,271,0.6076233183856502,0.6076233183856502,mid,,9.667734204641404,66,4-6yr,unknown,445
ECSC_2001_2_66M_2001_YR2,3,278,0.6233183856502242,0.6233183856502242,mid,,7.0482190032371586,66,4-6yr,unknown,445
ECSC_2001_2_66M_2001_YR2,4,286,0.6412556053811659,0.6412556053811659,mid,,5.011387369643872,66,4-6yr,unknown,445
ECSC_2001_2_66M_2001_YR2,5,294,0.6591928251121076,0.6591928251121076,late,,2.7125451559379083,66,4-6yr,unknown,445
ECSC_2001_2_66M_2001_YR2,6,301,0.6748878923766816,0.6748878923766816,late,,2.9886660028640746,66,4-6yr,unknown,445
ECSC_2001_2_66M_2001_YR2,7,309,0.6928251121076233,0.6928251121076233,late,,1.758174305430478,66,4-6yr,unknown,445
ECSC_2001_2_66M_2001_YR2,8,317,0.7107623318385651,0.7107623318385651,late,,1.2550687730366024,66,4-6yr,unknown,445
ECSC_2001_2_66M_2001_YR2,9,324,0.726457399103139,0.726457399103139,late,,1.0064557355355035,66,4-6yr,unknown,445
ECSC_2001_2_66M_2001_YR2,10,332,0.7443946188340808,0.7443946188340808,late,,1.5759231081013958,66,4-6yr,unknown,445
ECSC_2001_2_66M_2001_YR2,11,339,0.7600896860986547,0.7600896860986547,late,,2.2184801932687277,66,4-6yr,unknown,445
ECSC_2001_2_66M_2001_YR2,12,347,0.7780269058295964,0.7780269058295964,late,,5.567887590113635,66,4-6yr,unknown,445
ECSC_2001_2_66M_2001_YR2,13,355,0.7959641255605381,0.7959641255605381,late,,9.630858304375462,66,4-6yr,unknown,445
ECSC_2001_2_66M_2001_YR2,14,362,0.8116591928251121,0.8116591928251121,late,,16.542382039748475,66,4-6yr,unknown,445
ECSC_2001_2_66M_2001_YR2,15,370,0.8295964125560538,0.8295964125560538,late,,16.628950023164364,66,4-6yr,unknown,445
ECSC_2001_2_66M_2001_YR2,16,378,0.8475336322869955,0.8475336322869955,late,,8.684789463623474,66,4-6yr,unknown,445
ECSC_2001_2_66M_2001_YR2,17,385,0.8632286995515696,0.8632286995515696,late,,9.057242420796932,66,4-6yr,unknown,445
ECSC_2001_2_66M_2001_YR2,18,393,0.8811659192825112,0.8811659192825112,late,,4.267768056666306,66,4-6yr,unknown,445
ECSC_2001_2_66M_2001_YR2,19,401,0.899103139013453,0.899103139013453,late,,2.1813076725143397,66,4-6yr,unknown,445
ECSC_2011_1_66M_2011_YR1,0,256,0.7485380116959064,0.7485380116959064,late,,5.006267814183687,66,4-6yr,unknown,341
ECSC_2011_1_66M_2011_YR1,1,258,0.7543859649122807,0.7543859649122807,late,,5.423335730337847,66,4-6yr,unknown,341
ECSC_2011_1_66M_2011_YR1,2,260,0.7602339181286549,0.7602339181286549,late,,3.4654688868866685,66,4-6yr,unknown,341
ECSC_2011_1_66M_2011_YR1,3,263,0.7690058479532164,0.7690058479532164,late,,3.5371324636066532,66,4-6yr,unknown,341
ECSC_2011_1_66M_2011_YR1,4,265,0.7748538011695907,0.7748538011695907,late,,8.533594165913051,66,4-6yr,unknown,341
ECSC_2011_1_66M_2011_YR1,5,268,0.783625730994152,0.783625730994152,late,,10.68530519249166,66,4-6yr,unknown,341
ECSC_2011_1_66M_2011_YR1,6,270,0.7894736842105263,0.7894736842105263,late,,8.175843020658625,66,4-6yr,unknown,341
ECSC_2011_1_66M_2011_YR1,7,272,0.7953216374269005,0.7953216374269005,late,,14.81144013634681,66,4-6yr,unknown,341
ECSC_2011_1_66M_2011_YR1,8,275,0.804093567251462,0.804093567251462,late,,13.788245883401046,66,4-6yr,unknown,341
ECSC_2011_1_66M_2011_YR1,9,277,0.8099415204678363,0.8099415204678363,late,,13.14659270065404,66,4-6yr,unknown,341
ECSC_2011_1_66M_2011_YR1,10,280,0.8187134502923976,0.8187134502923976,late,,16.87771193149264,66,4-6yr,unknown,341
ECSC_2011_1_66M_2011_YR1,11,282,0.8245614035087719,0.8245614035087719,late,,16.313290925374567,66,4-6yr,unknown,341
ECSC_2011_1_66M_2011_YR1,12,285,0.8333333333333334,0.8333333333333334,late,,17.167675237630704,66,4-6yr,unknown,341
ECSC_2011_1_66M_2011_YR1,13,287,0.8391812865497076,0.8391812865497076,late,,22.3909930072409,66,4-6yr,unknown,341
ECSC_2011_1_66M_2011_YR1,14,289,0.8450292397660819,0.8450292397660819,late,,14.162693963841503,66,4-6yr,unknown,341
ECSC_2011_1_66M_2011_YR1,15,292,0.8538011695906432,0.8538011695906432,late,,10.680594318776937,66,4-6yr,unknown,341
ECSC_2011_1_66M_2011_YR1,16,294,0.8596491228070176,0.8596491228070176,late,,14.52100361502723,66,4-6yr,unknown,341
ECSC_2011_1_66M_2011_YR1,17,297,0.868421052631579,0.868421052631579,late,,13.336139060936794,66,4-6yr,unknown,341
ECSC_2011_1_66M_2011_YR1,18,299,0.8742690058479532,0.8742690058479532,late,,11.60560835578205,66,4-6yr,unknown,341
ECSC_2011_1_66M_2011_YR1,19,302,0.8830409356725146,0.8830409356725146,late,,9.18143930805256,66,4-6yr,unknown,341
ECSC_2022_1_66M_2022_YR1,0,256,0.8561872909698997,0.8561872909698997,late,,30.760312015270696,66,4-6yr,unknown,298
ECSC_2022_1_66M_2022_YR1,1,256,0.8561872909698997,0.8561872909698997,late,,30.760312015270696,66,4-6yr,unknown,298
ECSC_2022_1_66M_2022_YR1,2,256,0.8561872909698997,0.8561872909698997,late,,30.760312015270696,66,4-6yr,unknown,298
ECSC_2022_1_66M_2022_YR1,3,256,0.8561872909698997,0.8561872909698997,late,,30.760312015270696,66,4-6yr,unknown,298
ECSC_2022_1_66M_2022_YR1,4,256,0.8561872909698997,0.8561872909698997,late,,30.760312015270696,66,4-6yr,unknown,298
ECSC_2022_1_66M_2022_YR1,5,256,0.8561872909698997,0.8561872909698997,late,,30.760312015270696,66,4-6yr,unknown,298
ECSC_2022_1_66M_2022_YR1,6,256,0.8561872909698997,0.8561872909698997,late,,30.760312015270696,66,4-6yr,unknown,298
ECSC_2022_1_66M_2022_YR1,7,257,0.8595317725752508,0.8595317725752508,late,,33.92575263795685,66,4-6yr,unknown,298
ECSC_2022_1_66M_2022_YR1,8,257,0.8595317725752508,0.8595317725752508,late,,33.92575263795685,66,4-6yr,unknown,298
ECSC_2022_1_66M_2022_YR1,9,257,0.8595317725752508,0.8595317725752508,late,,33.92575263795685,66,4-6yr,unknown,298
ECSC_2022_1_66M_2022_YR1,10,257,0.8595317725752508,0.8595317725752508,late,,33.92575263795685,66,4-6yr,unknown,298
ECSC_2022_1_66M_2022_YR1,11,257,0.8595317725752508,0.8595317725752508,late,,33.92575263795685,66,4-6yr,unknown,298
ECSC_2022_1_66M_2022_YR1,12,257,0.8595317725752508,0.8595317725752508,late,,33.92575263795685,66,4-6yr,unknown,298
ECSC_2022_1_66M_2022_YR1,13,258,0.862876254180602,0.862876254180602,late,,29.180978880093665,66,4-6yr,unknown,298
ECSC_2022_1_66M_2022_YR1,14,258,0.862876254180602,0.862876254180602,late,,29.180978880093665,66,4-6yr,unknown,298
ECSC_2022_1_66M_2022_YR1,15,258,0.862876254180602,0.862876254180602,late,,29.180978880093665,66,4-6yr,unknown,298
ECSC_2022_1_66M_2022_YR1,16,258,0.862876254180602,0.862876254180602,late,,29.180978880093665,66,4-6yr,unknown,298
ECSC_2022_1_66M_2022_YR1,17,258,0.862876254180602,0.862876254180602,late,,29.180978880093665,66,4-6yr,unknown,298
ECSC_2022_1_66M_2022_YR1,18,258,0.862876254180602,0.862876254180602,late,,29.180978880093665,66,4-6yr,unknown,298
ECSC_2022_1_66M_2022_YR1,19,259,0.8662207357859532,0.8662207357859532,late,,24.847957060800443,66,4-6yr,unknown,298
ECSC_1057_1_67F_1057_YR1,0,256,0.4839319470699433,0.4839319470699433,mid,,1.809925617483972,67,4-6yr,frog_on_his_own,528
ECSC_1057_1_67F_1057_YR1,1,267,0.504725897920605,0.504725897920605,mid,,2.9787703144571944,67,4-6yr,frog_on_his_own,528
ECSC_1057_1_67F_1057_YR1,2,279,0.5274102079395085,0.5274102079395085,mid,,1.8454969168003872,67,4-6yr,frog_on_his_own,528
ECSC_1057_1_67F_1057_YR1,3,290,0.5482041587901701,0.5482041587901701,mid,,4.651786728555342,67,4-6yr,frog_on_his_own,528
ECSC_1057_1_67F_1057_YR1,4,302,0.5708884688090737,0.5708884688090737,mid,,5.1904942519452195,67,4-6yr,frog_on_his_own,528
ECSC_1057_1_67F_1057_YR1,5,313,0.5916824196597353,0.5916824196597353,mid,,7.335675154278784,67,4-6yr,frog_on_his_own,528
ECSC_1057_1_67F_1057_YR1,6,325,0.6143667296786389,0.6143667296786389,mid,,2.1708740879496418,67,4-6yr,frog_on_his_own,528
ECSC_1057_1_67F_1057_YR1,7,337,0.6370510396975425,0.6370510396975425,mid,,-0.1080121265881537,67,4-6yr,frog_on_his_own,528
ECSC_1057_1_67F_1057_YR1,8,348,0.6578449905482041,0.6578449905482041,mid,,1.6653966889323826,67,4-6yr,frog_on_his_own,528
ECSC_1057_1_67F_1057_YR1,9,360,0.6805293005671077,0.6805293005671077,late,,5.163598916975642,67,4-6yr,frog_on_his_own,528
ECSC_1057_1_67F_1057_YR1,10,371,0.7013232514177694,0.7013232514177694,late,,2.526909530803481,67,4-6yr,frog_on_his_own,528
ECSC_1057_1_67F_1057_YR1,11,383,0.724007561436673,0.724007561436673,late,,5.15659456421986,67,4-6yr,frog_on_his_own,528
ECSC_1057_1_67F_1057_YR1,12,394,0.7448015122873346,0.7448015122873346,late,,5.95503943966804,67,4-6yr,frog_on_his_own,528
ECSC_1057_1_67F_1057_YR1,13,406,0.7674858223062382,0.7674858223062382,late,,10.33829525525206,67,4-6yr,frog_on_his_own,528
ECSC_1057_1_67F_1057_YR1,14,418,0.7901701323251418,0.7901701323251418,late,,4.8243292509732445,67,4-6yr,frog_on_his_own,528
ECSC_1057_1_67F_1057_YR1,15,429,0.8109640831758034,0.8109640831758034,late,,2.280971010278096,67,4-6yr,frog_on_his_own,528
ECSC_1057_1_67F_1057_YR1,16,441,0.833648393194707,0.833648393194707,late,,1.5543672728300413,67,4-6yr,frog_on_his_own,528
ECSC_1057_1_67F_1057_YR1,17,452,0.8544423440453687,0.8544423440453687,late,,0.5905748202426038,67,4-6yr,frog_on_his_own,528
ECSC_1057_1_67F_1057_YR1,18,464,0.8771266540642723,0.8771266540642723,late,,0.8253651165932574,67,4-6yr,frog_on_his_own,528
ECSC_1057_1_67F_1057_YR1,19,476,0.8998109640831758,0.8998109640831758,late,,6.611849937886628,67,4-6yr,frog_on_his_own,528
ECSC_1057_2_67F_1057_YR2,0,256,0.7596439169139466,0.7596439169139466,late,,8.557283369950383,67,4-6yr,boy_dog_frog,336
ECSC_1057_2_67F_1057_YR2,1,258,0.7655786350148368,0.7655786350148368,late,,8.349291780805522,67,4-6yr,boy_dog_frog,336
ECSC_1057_2_67F_1057_YR2,2,260,0.771513353115727,0.771513353115727,late,,9.569669849784695,67,4-6yr,boy_dog_frog,336
ECSC_1057_2_67F_1057_YR2,3,262,0.7774480712166172,0.7774480712166172,late,,5.404812929751124,67,4-6yr,boy_dog_frog,336
ECSC_1057_2_67F_1057_YR2,4,264,0.7833827893175074,0.7833827893175074,late,,6.163787275741157,67,4-6yr,boy_dog_frog,336
ECSC_1057_2_67F_1057_YR2,5,266,0.7893175074183977,0.7893175074183977,late,,4.5637803127305645,67,4-6yr,boy_dog_frog,336
ECSC_1057_2_67F_1057_YR2,6,268,0.7952522255192879,0.7952522255192879,late,,4.247334738202509,67,4-6yr,boy_dog_frog,336
ECSC_1057_2_67F_1057_YR2,7,271,0.8041543026706232,0.8041543026706232,late,,5.619496465255576,67,4-6yr,boy_dog_frog,336
ECSC_1057_2_67F_1057_YR2,8,273,0.8100890207715133,0.8100890207715133,late,,6.164304399782559,67,4-6yr,boy_dog_frog,336
ECSC_1057_2_67F_1057_YR2,9,275,0.8160237388724035,0.8160237388724035,late,,7.073476672690754,67,4-6yr,boy_dog_frog,336
ECSC_1057_2_67F_1057_YR2,10,277,0.8219584569732937,0.8219584569732937,late,,5.284444424435026,67,4-6yr,boy_dog_frog,336
ECSC_1057_2_67F_1057_YR2,11,279,0.827893175074184,0.827893175074184,late,,5.022446516894108,67,4-6yr,boy_dog_frog,336
ECSC_1057_2_67F_1057_YR2,12,281,0.8338278931750742,0.8338278931750742,late,,5.155326182571315,67,4-6yr,boy_dog_frog,336
ECSC_1057_2_67F_1057_YR2,13,284,0.8427299703264095,0.8427299703264095,late,,4.516872192826572,67,4-6yr,boy_dog_frog,336
ECSC_1057_2_67F_1057_YR2,14,286,0.8486646884272997,0.8486646884272997,late,,5.993730995461352,67,4-6yr,boy_dog_frog,336
ECSC_1057_2_67F_1057_YR2,15,288,0.8545994065281899,0.8545994065281899,late,,4.616040788922029,67,4-6yr,boy_dog_frog,336
ECSC_1057_2_67F_1057_YR2,16,290,0.8605341246290801,0.8605341246290801,late,,4.160333935067161,67,4-6yr,boy_dog_frog,336
ECSC_1057_2_67F_1057_YR2,17,292,0.8664688427299704,0.8664688427299704,late,,4.956297137237847,67,4-6yr,boy_dog_frog,336
ECSC_1057_2_67F_1057_YR2,18,294,0.8724035608308606,0.8724035608308606,late,,5.282353730671445,67,4-6yr,boy_dog_frog,336
ECSC_1057_2_67F_1057_YR2,19,297,0.8813056379821959,0.8813056379821959,late,,8.753989845248167,67,4-6yr,boy_dog_frog,336
ECSC_1057_3_67F_1057_YR3,0,256,0.4749536178107607,0.4749536178107607,mid,,2.612597509874215,67,4-6yr,one_frog_too_many,538
ECSC_1057_3_67F_1057_YR3,1,268,0.4972170686456401,0.4972170686456401,mid,,1.7531919536482263,67,4-6yr,one_frog_too_many,538
ECSC_1057_3_67F_1057_YR3,2,280,0.5194805194805194,0.5194805194805194,mid,,0.51106775759951,67,4-6yr,one_frog_too_many,538
ECSC_1057_3_67F_1057_YR3,3,292,0.5417439703153989,0.5417439703153989,mid,,0.6968815436011084,67,4-6yr,one_frog_too_many,538
ECSC_1057_3_67F_1057_YR3,4,304,0.5640074211502782,0.5640074211502782,mid,,2.240342037746053,67,4-6yr,one_frog_too_many,538
ECSC_1057_3_67F_1057_YR3,5,316,0.5862708719851577,0.5862708719851577,mid,,5.913689801242664,67,4-6yr,one_frog_too_many,538
ECSC_1057_3_67F_1057_YR3,6,328,0.608534322820037,0.608534322820037,mid,,5.036767897574859,67,4-6yr,one_frog_too_many,538
ECSC_1057_3_67F_1057_YR3,7,340,0.6307977736549165,0.6307977736549165,mid,,8.325581362066822,67,4-6yr,one_frog_too_many,538
ECSC_1057_3_67F_1057_YR3,8,352,0.6530612244897959,0.6530612244897959,mid,,7.297319791585306,67,4-6yr,one_frog_too_many,538
ECSC_1057_3_67F_1057_YR3,9,364,0.6753246753246753,0.6753246753246753,late,,3.9487961326805503,67,4-6yr,one_frog_too_many,538
ECSC_1057_3_67F_1057_YR3,10,376,0.6975881261595547,0.6975881261595547,late,,5.2356926955897265,67,4-6yr,one_frog_too_many,538
ECSC_1057_3_67F_1057_YR3,11,388,0.7198515769944341,0.7198515769944341,late,,3.827078762051507,67,4-6yr,one_frog_too_many,538
ECSC_1057_3_67F_1057_YR3,12,400,0.7421150278293135,0.7421150278293135,late,,1.6002244304723092,67,4-6yr,one_frog_too_many,538
ECSC_1057_3_67F_1057_YR3,13,412,0.764378478664193,0.764378478664193,late,,1.065554930098287,67,4-6yr,one_frog_too_many,538
ECSC_1057_3_67F_1057_YR3,14,424,0.7866419294990723,0.7866419294990723,late,,3.376489462636103,67,4-6yr,one_frog_too_many,538
ECSC_1057_3_67F_1057_YR3,15,436,0.8089053803339518,0.8089053803339518,late,,5.0644302643018335,67,4-6yr,one_frog_too_many,538
ECSC_1057_3_67F_1057_YR3,16,448,0.8311688311688312,0.8311688311688312,late,,3.467006856874633,67,4-6yr,one_frog_too_many,538
ECSC_1057_3_67F_1057_YR3,17,460,0.8534322820037106,0.8534322820037106,late,,6.220919802173206,67,4-6yr,one_frog_too_many,538
ECSC_1057_3_67F_1057_YR3,18,472,0.87569573283859,0.87569573283859,late,,6.09927518412337,67,4-6yr,one_frog_too_many,538
ECSC_1057_3_67F_1057_YR3,19,485,0.8998144712430427,0.8998144712430427,late,,6.295229186395774,67,4-6yr,one_frog_too_many,538
ECSC_2013_1_67F_2013_YR1,0,256,0.7852760736196319,0.7852760736196319,late,,12.685814653582852,67,4-6yr,unknown,325
ECSC_2013_1_67F_2013_YR1,1,257,0.7883435582822086,0.7883435582822086,late,,13.76237013825557,67,4-6yr,unknown,325
ECSC_2013_1_67F_2013_YR1,2,259,0.7944785276073619,0.7944785276073619,late,,16.211074791475866,67,4-6yr,unknown,325
ECSC_2013_1_67F_2013_YR1,3,260,0.7975460122699386,0.7975460122699386,late,,14.38299944356217,67,4-6yr,unknown,325
ECSC_2013_1_67F_2013_YR1,4,262,0.803680981595092,0.803680981595092,late,,18.247968740586707,67,4-6yr,unknown,325
ECSC_2013_1_67F_2013_YR1,5,263,0.8067484662576687,0.8067484662576687,late,,21.50551851041115,67,4-6yr,unknown,325
ECSC_2013_1_67F_2013_YR1,6,265,0.8128834355828221,0.8128834355828221,late,,19.00023560803102,67,4-6yr,unknown,325
ECSC_2013_1_67F_2013_YR1,7,267,0.8190184049079755,0.8190184049079755,late,,16.618425101208498,67,4-6yr,unknown,325
ECSC_2013_1_67F_2013_YR1,8,268,0.8220858895705522,0.8220858895705522,late,,12.87211249359158,67,4-6yr,unknown,325
ECSC_2013_1_67F_2013_YR1,9,270,0.8282208588957055,0.8282208588957055,late,,7.472046707307175,67,4-6yr,unknown,325
ECSC_2013_1_67F_2013_YR1,10,271,0.8312883435582822,0.8312883435582822,late,,8.957653387904575,67,4-6yr,unknown,325
ECSC_2013_1_67F_2013_YR1,11,273,0.8374233128834356,0.8374233128834356,late,,10.085926243084891,67,4-6yr,unknown,325
ECSC_2013_1_67F_2013_YR1,12,274,0.8404907975460123,0.8404907975460123,late,,9.95832817021032,67,4-6yr,unknown,325
ECSC_2013_1_67F_2013_YR1,13,276,0.8466257668711656,0.8466257668711656,late,,10.02943111500971,67,4-6yr,unknown,325
ECSC_2013_1_67F_2013_YR1,14,278,0.852760736196319,0.852760736196319,late,,6.984337193128177,67,4-6yr,unknown,325
ECSC_2013_1_67F_2013_YR1,15,279,0.8558282208588958,0.8558282208588958,late,,6.7811091347883625,67,4-6yr,unknown,325
ECSC_2013_1_67F_2013_YR1,16,281,0.8619631901840491,0.8619631901840491,late,,5.656825768552903,67,4-6yr,unknown,325
ECSC_2013_1_67F_2013_YR1,17,282,0.8650306748466258,0.8650306748466258,late,,5.602171647673835,67,4-6yr,unknown,325
ECSC_2013_1_67F_2013_YR1,18,284,0.8711656441717791,0.8711656441717791,late,,6.820197318554765,67,4-6yr,unknown,325
ECSC_2013_1_67F_2013_YR1,19,286,0.8773006134969326,0.8773006134969326,late,,7.488996028896887,67,4-6yr,unknown,325
ECSC_1028_1_67M_1028_YR1,0,256,0.5039370078740157,0.5039370078740157,mid,,2.8027476752201395,67,4-6yr,one_frog_too_many,507
ECSC_1028_1_67M_1028_YR1,1,266,0.5236220472440944,0.5236220472440944,mid,,30.190065187378035,67,4-6yr,one_frog_too_many,507
ECSC_1028_1_67M_1028_YR1,2,277,0.5452755905511811,0.5452755905511811,mid,,30.03383830328974,67,4-6yr,one_frog_too_many,507
ECSC_1028_1_67M_1028_YR1,3,287,0.5649606299212598,0.5649606299212598,mid,,48.75256089602523,67,4-6yr,one_frog_too_many,507
ECSC_1028_1_67M_1028_YR1,4,298,0.5866141732283464,0.5866141732283464,mid,,28.38763562706249,67,4-6yr,one_frog_too_many,507
ECSC_1028_1_67M_1028_YR1,5,308,0.6062992125984252,0.6062992125984252,mid,,17.14963468753064,67,4-6yr,one_frog_too_many,507
ECSC_1028_1_67M_1028_YR1,6,319,0.6279527559055118,0.6279527559055118,mid,,15.330895514918309,67,4-6yr,one_frog_too_many,507
ECSC_1028_1_67M_1028_YR1,7,330,0.6496062992125984,0.6496062992125984,mid,,10.59623454426842,67,4-6yr,one_frog_too_many,507
ECSC_1028_1_67M_1028_YR1,8,340,0.6692913385826772,0.6692913385826772,late,,15.02949712199153,67,4-6yr,one_frog_too_many,507
ECSC_1028_1_67M_1028_YR1,9,351,0.6909448818897638,0.6909448818897638,late,,12.724797985860986,67,4-6yr,one_frog_too_many,507
ECSC_1028_1_67M_1028_YR1,10,361,0.7106299212598425,0.7106299212598425,late,,22.07194725654331,67,4-6yr,one_frog_too_many,507
ECSC_1028_1_67M_1028_YR1,11,372,0.7322834645669292,0.7322834645669292,late,,23.470230750744506,67,4-6yr,one_frog_too_many,507
ECSC_1028_1_67M_1028_YR1,12,382,0.7519685039370079,0.7519685039370079,late,,10.377419416996696,67,4-6yr,one_frog_too_many,507
ECSC_1028_1_67M_1028_YR1,13,393,0.7736220472440944,0.7736220472440944,late,,5.109614706471486,67,4-6yr,one_frog_too_many,507
ECSC_1028_1_67M_1028_YR1,14,404,0.7952755905511811,0.7952755905511811,late,,13.523153010998712,67,4-6yr,one_frog_too_many,507
ECSC_1028_1_67M_1028_YR1,15,414,0.8149606299212598,0.8149606299212598,late,,21.423099592030937,67,4-6yr,one_frog_too_many,507
ECSC_1028_1_67M_1028_YR1,16,425,0.8366141732283464,0.8366141732283464,late,,40.51317853736749,67,4-6yr,one_frog_too_many,507
ECSC_1028_1_67M_1028_YR1,17,435,0.8562992125984252,0.8562992125984252,late,,62.71865502527069,67,4-6yr,one_frog_too_many,507
ECSC_1028_1_67M_1028_YR1,18,446,0.8779527559055118,0.8779527559055118,late,,55.40910266834908,67,4-6yr,one_frog_too_many,507
ECSC_1028_1_67M_1028_YR1,19,457,0.8996062992125984,0.8996062992125984,late,,27.063851270938567,67,4-6yr,one_frog_too_many,507
ECSC_2014_1_68F_2014_YR1,0,256,0.6368159203980099,0.6368159203980099,mid,,7.565166440729392,68,4-6yr,unknown,401
ECSC_2014_1_68F_2014_YR1,1,261,0.6492537313432836,0.6492537313432836,mid,,3.535881639920122,68,4-6yr,unknown,401
ECSC_2014_1_68F_2014_YR1,2,267,0.664179104477612,0.664179104477612,late,,4.368868943859605,68,4-6yr,unknown,401
ECSC_2014_1_68F_2014_YR1,3,272,0.6766169154228856,0.6766169154228856,late,,2.522499743134066,68,4-6yr,unknown,401
ECSC_2014_1_68F_2014_YR1,4,278,0.6915422885572139,0.6915422885572139,late,,2.0289772117778124,68,4-6yr,unknown,401
ECSC_2014_1_68F_2014_YR1,5,283,0.7039800995024875,0.7039800995024875,late,,1.6928316603361786,68,4-6yr,unknown,401
ECSC_2014_1_68F_2014_YR1,6,289,0.7189054726368159,0.7189054726368159,late,,2.5086367451426455,68,4-6yr,unknown,401
ECSC_2014_1_68F_2014_YR1,7,294,0.7313432835820896,0.7313432835820896,late,,1.9790765139700888,68,4-6yr,unknown,401
ECSC_2014_1_68F_2014_YR1,8,300,0.746268656716418,0.746268656716418,late,,3.9580504445725495,68,4-6yr,unknown,401
ECSC_2014_1_68F_2014_YR1,9,305,0.7587064676616916,0.7587064676616916,late,,7.427092489505361,68,4-6yr,unknown,401
ECSC_2014_1_68F_2014_YR1,10,311,0.7736318407960199,0.7736318407960199,late,,9.631350045975225,68,4-6yr,unknown,401
ECSC_2014_1_68F_2014_YR1,11,316,0.7860696517412935,0.7860696517412935,late,,3.4196231385316143,68,4-6yr,unknown,401
ECSC_2014_1_68F_2014_YR1,12,322,0.8009950248756219,0.8009950248756219,late,,4.60236584182769,68,4-6yr,unknown,401
ECSC_2014_1_68F_2014_YR1,13,327,0.8134328358208955,0.8134328358208955,late,,4.8066469553735445,68,4-6yr,unknown,401
ECSC_2014_1_68F_2014_YR1,14,333,0.8283582089552238,0.8283582089552238,late,,5.126576732817643,68,4-6yr,unknown,401
ECSC_2014_1_68F_2014_YR1,15,338,0.8407960199004975,0.8407960199004975,late,,4.532532265885038,68,4-6yr,unknown,401
ECSC_2014_1_68F_2014_YR1,16,344,0.8557213930348259,0.8557213930348259,late,,3.8055177964811993,68,4-6yr,unknown,401
ECSC_2014_1_68F_2014_YR1,17,349,0.8681592039800995,0.8681592039800995,late,,3.122683660844231,68,4-6yr,unknown,401
ECSC_2014_1_68F_2014_YR1,18,355,0.8830845771144279,0.8830845771144279,late,,2.9950946650607175,68,4-6yr,unknown,401
ECSC_2014_1_68F_2014_YR1,19,361,0.8980099502487562,0.8980099502487562,late,,2.7346643008809632,68,4-6yr,unknown,401
ECSC_2014_2_68F_2014_YR2,0,256,0.735632183908046,0.735632183908046,late,,16.68755438611975,68,4-6yr,unknown,347
ECSC_2014_2_68F_2014_YR2,1,258,0.7413793103448276,0.7413793103448276,late,,11.559507960422671,68,4-6yr,unknown,347
ECSC_2014_2_68F_2014_YR2,2,261,0.75,0.75,late,,1.8635327797153067,68,4-6yr,unknown,347
ECSC_2014_2_68F_2014_YR2,3,264,0.7586206896551724,0.7586206896551724,late,,2.3535447361298196,68,4-6yr,unknown,347
ECSC_2014_2_68F_2014_YR2,4,266,0.764367816091954,0.764367816091954,late,,2.2906684776472197,68,4-6yr,unknown,347
ECSC_2014_2_68F_2014_YR2,5,269,0.7729885057471264,0.7729885057471264,late,,0.3152898578331999,68,4-6yr,unknown,347
ECSC_2014_2_68F_2014_YR2,6,272,0.7816091954022989,0.7816091954022989,late,,3.829955885165374,68,4-6yr,unknown,347
ECSC_2014_2_68F_2014_YR2,7,275,0.7902298850574713,0.7902298850574713,late,,3.1296808343848905,68,4-6yr,unknown,347
ECSC_2014_2_68F_2014_YR2,8,277,0.7959770114942529,0.7959770114942529,late,,2.1429471626126144,68,4-6yr,unknown,347
ECSC_2014_2_68F_2014_YR2,9,280,0.8045977011494253,0.8045977011494253,late,,5.210549523313702,68,4-6yr,unknown,347
ECSC_2014_2_68F_2014_YR2,10,283,0.8132183908045977,0.8132183908045977,late,,0.6670968377687849,68,4-6yr,unknown,347
ECSC_2014_2_68F_2014_YR2,11,286,0.8218390804597702,0.8218390804597702,late,,1.412038679422967,68,4-6yr,unknown,347
ECSC_2014_2_68F_2014_YR2,12,288,0.8275862068965517,0.8275862068965517,late,,0.5160259992357368,68,4-6yr,unknown,347
ECSC_2014_2_68F_2014_YR2,13,291,0.8362068965517241,0.8362068965517241,late,,1.0531096707330736,68,4-6yr,unknown,347
ECSC_2014_2_68F_2014_YR2,14,294,0.8448275862068966,0.8448275862068966,late,,1.1284727118193416,68,4-6yr,unknown,347
ECSC_2014_2_68F_2014_YR2,15,297,0.853448275862069,0.853448275862069,late,,1.1381812877554234,68,4-6yr,unknown,347
ECSC_2014_2_68F_2014_YR2,16,299,0.8591954022988506,0.8591954022988506,late,,1.779912398755486,68,4-6yr,unknown,347
ECSC_2014_2_68F_2014_YR2,17,302,0.867816091954023,0.867816091954023,late,,2.598350819052756,68,4-6yr,unknown,347
ECSC_2014_2_68F_2014_YR2,18,305,0.8764367816091954,0.8764367816091954,late,,3.109032104645149,68,4-6yr,unknown,347
ECSC_2014_2_68F_2014_YR2,19,308,0.8850574712643678,0.8850574712643678,late,,3.2495411506128793,68,4-6yr,unknown,347
ECSC_2019_1_68F_2019_YR1,0,256,0.3731778425655976,0.3731778425655976,early,,7.708217057908538,68,4-6yr,unknown,685
ECSC_2019_1_68F_2019_YR1,1,275,0.4008746355685131,0.4008746355685131,early,,3.851051713631584,68,4-6yr,unknown,685
ECSC_2019_1_68F_2019_YR1,2,294,0.4285714285714285,0.4285714285714285,mid,,-0.0317372190620979,68,4-6yr,unknown,685
ECSC_2019_1_68F_2019_YR1,3,313,0.456268221574344,0.456268221574344,mid,,1.0472879472225305,68,4-6yr,unknown,685
ECSC_2019_1_68F_2019_YR1,4,332,0.4839650145772595,0.4839650145772595,mid,,7.7851795561258115,68,4-6yr,unknown,685
ECSC_2019_1_68F_2019_YR1,5,351,0.5116618075801749,0.5116618075801749,mid,,3.88240826766512,68,4-6yr,unknown,685
ECSC_2019_1_68F_2019_YR1,6,370,0.5393586005830904,0.5393586005830904,mid,,3.3266737084247877,68,4-6yr,unknown,685
ECSC_2019_1_68F_2019_YR1,7,389,0.5670553935860059,0.5670553935860059,mid,,1.4283780681821732,68,4-6yr,unknown,685
ECSC_2019_1_68F_2019_YR1,8,408,0.5947521865889213,0.5947521865889213,mid,,6.615452182096213,68,4-6yr,unknown,685
ECSC_2019_1_68F_2019_YR1,9,427,0.6224489795918368,0.6224489795918368,mid,,11.581553058313728,68,4-6yr,unknown,685
ECSC_2019_1_68F_2019_YR1,10,446,0.6501457725947521,0.6501457725947521,mid,,20.542521892176985,68,4-6yr,unknown,685
ECSC_2019_1_68F_2019_YR1,11,465,0.6778425655976676,0.6778425655976676,late,,13.506835372645067,68,4-6yr,unknown,685
ECSC_2019_1_68F_2019_YR1,12,484,0.7055393586005831,0.7055393586005831,late,,8.427691373203297,68,4-6yr,unknown,685
ECSC_2019_1_68F_2019_YR1,13,503,0.7332361516034985,0.7332361516034985,late,,2.851570338956815,68,4-6yr,unknown,685
ECSC_2019_1_68F_2019_YR1,14,522,0.760932944606414,0.760932944606414,late,,4.090424762539479,68,4-6yr,unknown,685
ECSC_2019_1_68F_2019_YR1,15,541,0.7886297376093294,0.7886297376093294,late,,2.051367975403652,68,4-6yr,unknown,685
ECSC_2019_1_68F_2019_YR1,16,560,0.8163265306122449,0.8163265306122449,late,,5.21096209601097,68,4-6yr,unknown,685
ECSC_2019_1_68F_2019_YR1,17,579,0.8440233236151603,0.8440233236151603,late,,5.318270040324901,68,4-6yr,unknown,685
ECSC_2019_1_68F_2019_YR1,18,598,0.8717201166180758,0.8717201166180758,late,,10.401418243212769,68,4-6yr,unknown,685
ECSC_2019_1_68F_2019_YR1,19,617,0.8994169096209913,0.8994169096209913,late,15.641899312052058,11.103014377468453,68,4-6yr,unknown,685
ECSC_4055_1_68F_4055_YR1,0,256,0.7191011235955056,0.7191011235955056,late,,10.75874307989858,68,4-6yr,unknown,355
ECSC_4055_1_68F_4055_YR1,1,259,0.7275280898876404,0.7275280898876404,late,,6.890600544491836,68,4-6yr,unknown,355
ECSC_4055_1_68F_4055_YR1,2,262,0.7359550561797753,0.7359550561797753,late,,6.673319578433222,68,4-6yr,unknown,355
ECSC_4055_1_68F_4055_YR1,3,265,0.7443820224719101,0.7443820224719101,late,,6.768333680237088,68,4-6yr,unknown,355
ECSC_4055_1_68F_4055_YR1,4,268,0.7528089887640449,0.7528089887640449,late,,3.1041198503100684,68,4-6yr,unknown,355
ECSC_4055_1_68F_4055_YR1,5,271,0.7612359550561798,0.7612359550561798,late,,2.657879616286724,68,4-6yr,unknown,355
ECSC_4055_1_68F_4055_YR1,6,274,0.7696629213483146,0.7696629213483146,late,,1.8651650698505655,68,4-6yr,unknown,355
ECSC_4055_1_68F_4055_YR1,7,278,0.7808988764044944,0.7808988764044944,late,,0.4088880831668184,68,4-6yr,unknown,355
ECSC_4055_1_68F_4055_YR1,8,281,0.7893258426966292,0.7893258426966292,late,,1.1035140835976076,68,4-6yr,unknown,355
ECSC_4055_1_68F_4055_YR1,9,284,0.797752808988764,0.797752808988764,late,,1.761918634394549,68,4-6yr,unknown,355
ECSC_4055_1_68F_4055_YR1,10,287,0.8061797752808989,0.8061797752808989,late,,1.5886809624433835,68,4-6yr,unknown,355
ECSC_4055_1_68F_4055_YR1,11,290,0.8146067415730337,0.8146067415730337,late,,2.97859627196838,68,4-6yr,unknown,355
ECSC_4055_1_68F_4055_YR1,12,293,0.8230337078651685,0.8230337078651685,late,,2.4759069648089245,68,4-6yr,unknown,355
ECSC_4055_1_68F_4055_YR1,13,297,0.8342696629213483,0.8342696629213483,late,,4.5438575410637245,68,4-6yr,unknown,355
ECSC_4055_1_68F_4055_YR1,14,300,0.8426966292134831,0.8426966292134831,late,,4.131509235779895,68,4-6yr,unknown,355
ECSC_4055_1_68F_4055_YR1,15,303,0.851123595505618,0.851123595505618,late,,5.293169093935958,68,4-6yr,unknown,355
ECSC_4055_1_68F_4055_YR1,16,306,0.8595505617977528,0.8595505617977528,late,,7.248649817647635,68,4-6yr,unknown,355
ECSC_4055_1_68F_4055_YR1,17,309,0.8679775280898876,0.8679775280898876,late,,5.61833519002683,68,4-6yr,unknown,355
ECSC_4055_1_68F_4055_YR1,18,312,0.8764044943820225,0.8764044943820225,late,,5.950696921351849,68,4-6yr,unknown,355
ECSC_4055_1_68F_4055_YR1,19,316,0.8876404494382022,0.8876404494382022,late,,6.760754374732819,68,4-6yr,unknown,355
ECSC_1061_2_68M_1061_YR2,0,256,0.6632124352331606,0.6632124352331606,late,,1.8628352189394883,68,4-6yr,frog_where_are_you,385
ECSC_1061_2_68M_1061_YR2,1,260,0.6735751295336787,0.6735751295336787,late,,1.9133488200966704,68,4-6yr,frog_where_are_you,385
ECSC_1061_2_68M_1061_YR2,2,265,0.6865284974093264,0.6865284974093264,late,,1.9845638664097864,68,4-6yr,frog_where_are_you,385
ECSC_1061_2_68M_1061_YR2,3,270,0.6994818652849741,0.6994818652849741,late,,1.6497320759782754,68,4-6yr,frog_where_are_you,385
ECSC_1061_2_68M_1061_YR2,4,274,0.7098445595854922,0.7098445595854922,late,,1.102160777322262,68,4-6yr,frog_where_are_you,385
ECSC_1061_2_68M_1061_YR2,5,279,0.7227979274611399,0.7227979274611399,late,,0.9199046704597408,68,4-6yr,frog_where_are_you,385
ECSC_1061_2_68M_1061_YR2,6,284,0.7357512953367875,0.7357512953367875,late,,1.0604655725863037,68,4-6yr,frog_where_are_you,385
ECSC_1061_2_68M_1061_YR2,7,289,0.7487046632124352,0.7487046632124352,late,,1.953102623332927,68,4-6yr,frog_where_are_you,385
ECSC_1061_2_68M_1061_YR2,8,293,0.7590673575129534,0.7590673575129534,late,,2.145806056238097,68,4-6yr,frog_where_are_you,385
ECSC_1061_2_68M_1061_YR2,9,298,0.772020725388601,0.772020725388601,late,,2.7016995770226693,68,4-6yr,frog_where_are_you,385
ECSC_1061_2_68M_1061_YR2,10,303,0.7849740932642487,0.7849740932642487,late,,1.897859733866999,68,4-6yr,frog_where_are_you,385
ECSC_1061_2_68M_1061_YR2,11,308,0.7979274611398963,0.7979274611398963,late,,2.267151644314999,68,4-6yr,frog_where_are_you,385
ECSC_1061_2_68M_1061_YR2,12,312,0.8082901554404145,0.8082901554404145,late,,2.398230446220234,68,4-6yr,frog_where_are_you,385
ECSC_1061_2_68M_1061_YR2,13,317,0.8212435233160622,0.8212435233160622,late,,1.730709561098417,68,4-6yr,frog_where_are_you,385
ECSC_1061_2_68M_1061_YR2,14,322,0.8341968911917098,0.8341968911917098,late,,1.7859149928290954,68,4-6yr,frog_where_are_you,385
ECSC_1061_2_68M_1061_YR2,15,327,0.8471502590673575,0.8471502590673575,late,,0.2996670863714739,68,4-6yr,frog_where_are_you,385
ECSC_1061_2_68M_1061_YR2,16,331,0.8575129533678757,0.8575129533678757,late,,0.502446568624995,68,4-6yr,frog_where_are_you,385
ECSC_1061_2_68M_1061_YR2,17,336,0.8704663212435233,0.8704663212435233,late,,2.6550475465332823,68,4-6yr,frog_where_are_you,385
ECSC_1061_2_68M_1061_YR2,18,341,0.883419689119171,0.883419689119171,late,,1.175344931298664,68,4-6yr,frog_where_are_you,385
ECSC_1061_2_68M_1061_YR2,19,346,0.8963730569948186,0.8963730569948186,late,,1.521985648094418,68,4-6yr,frog_where_are_you,385
ECSC_2009_1_68M_2009_YR1,0,256,0.7925696594427245,0.7925696594427245,late,,5.512286805546712,68,4-6yr,unknown,322
ECSC_2009_1_68M_2009_YR1,1,257,0.7956656346749226,0.7956656346749226,late,,12.579002876486488,68,4-6yr,unknown,322
ECSC_2009_1_68M_2009_YR1,2,258,0.7987616099071208,0.7987616099071208,late,,16.64933080066198,68,4-6yr,unknown,322
ECSC_2009_1_68M_2009_YR1,3,260,0.804953560371517,0.804953560371517,late,,16.347609702506244,68,4-6yr,unknown,322
ECSC_2009_1_68M_2009_YR1,4,261,0.8080495356037152,0.8080495356037152,late,,13.926938115139354,68,4-6yr,unknown,322
ECSC_2009_1_68M_2009_YR1,5,263,0.8142414860681114,0.8142414860681114,late,,7.295503544526142,68,4-6yr,unknown,322
ECSC_2009_1_68M_2009_YR1,6,264,0.8173374613003096,0.8173374613003096,late,,7.126676025241196,68,4-6yr,unknown,322
ECSC_2009_1_68M_2009_YR1,7,265,0.8204334365325078,0.8204334365325078,late,,6.487422272096943,68,4-6yr,unknown,322
ECSC_2009_1_68M_2009_YR1,8,267,0.826625386996904,0.826625386996904,late,,7.729699773904375,68,4-6yr,unknown,322
ECSC_2009_1_68M_2009_YR1,9,268,0.8297213622291022,0.8297213622291022,late,,7.111836531975667,68,4-6yr,unknown,322
ECSC_2009_1_68M_2009_YR1,10,270,0.8359133126934984,0.8359133126934984,late,,6.612259803018876,68,4-6yr,unknown,322
ECSC_2009_1_68M_2009_YR1,11,271,0.8390092879256966,0.8390092879256966,late,,5.13534341155553,68,4-6yr,unknown,322
ECSC_2009_1_68M_2009_YR1,12,273,0.8452012383900929,0.8452012383900929,late,,4.366128458895968,68,4-6yr,unknown,322
ECSC_2009_1_68M_2009_YR1,13,274,0.848297213622291,0.848297213622291,late,,4.6030858272907835,68,4-6yr,unknown,322
ECSC_2009_1_68M_2009_YR1,14,275,0.8513931888544891,0.8513931888544891,late,,5.058858814653197,68,4-6yr,unknown,322
ECSC_2009_1_68M_2009_YR1,15,277,0.8575851393188855,0.8575851393188855,late,,7.292195065617532,68,4-6yr,unknown,322
ECSC_2009_1_68M_2009_YR1,16,278,0.8606811145510835,0.8606811145510835,late,,6.888536934072684,68,4-6yr,unknown,322
ECSC_2009_1_68M_2009_YR1,17,280,0.8668730650154799,0.8668730650154799,late,,5.020092612417667,68,4-6yr,unknown,322
ECSC_2009_1_68M_2009_YR1,18,281,0.8699690402476781,0.8699690402476781,late,,4.3366259757630825,68,4-6yr,unknown,322
ECSC_2009_1_68M_2009_YR1,19,283,0.8761609907120743,0.8761609907120743,late,,3.095621566381892,68,4-6yr,unknown,322
ECSC_2009_2_68M_2009_YR2,0,256,0.6320987654320988,0.6320987654320988,mid,,8.92387616534045,68,4-6yr,unknown,404
ECSC_2009_2_68M_2009_YR2,1,261,0.6444444444444445,0.6444444444444445,mid,,6.141147697724923,68,4-6yr,unknown,404
ECSC_2009_2_68M_2009_YR2,2,267,0.6592592592592592,0.6592592592592592,late,,5.478070173834777,68,4-6yr,unknown,404
ECSC_2009_2_68M_2009_YR2,3,273,0.674074074074074,0.674074074074074,late,,5.197645808828614,68,4-6yr,unknown,404
ECSC_2009_2_68M_2009_YR2,4,278,0.6864197530864198,0.6864197530864198,late,,7.2966443267452945,68,4-6yr,unknown,404
ECSC_2009_2_68M_2009_YR2,5,284,0.7012345679012346,0.7012345679012346,late,,9.886456859056704,68,4-6yr,unknown,404
ECSC_2009_2_68M_2009_YR2,6,290,0.7160493827160493,0.7160493827160493,late,,10.008926582419454,68,4-6yr,unknown,404
ECSC_2009_2_68M_2009_YR2,7,295,0.7283950617283951,0.7283950617283951,late,,9.936440167646545,68,4-6yr,unknown,404
ECSC_2009_2_68M_2009_YR2,8,301,0.7432098765432099,0.7432098765432099,late,,6.782439523723175,68,4-6yr,unknown,404
ECSC_2009_2_68M_2009_YR2,9,307,0.7580246913580246,0.7580246913580246,late,,7.641981789125643,68,4-6yr,unknown,404
ECSC_2009_2_68M_2009_YR2,10,312,0.7703703703703704,0.7703703703703704,late,,5.049653226724686,68,4-6yr,unknown,404
ECSC_2009_2_68M_2009_YR2,11,318,0.7851851851851852,0.7851851851851852,late,,8.063076953357484,68,4-6yr,unknown,404
ECSC_2009_2_68M_2009_YR2,12,324,0.8,0.8,late,,4.844125080489253,68,4-6yr,unknown,404
ECSC_2009_2_68M_2009_YR2,13,329,0.8123456790123457,0.8123456790123457,late,,8.172946609889049,68,4-6yr,unknown,404
ECSC_2009_2_68M_2009_YR2,14,335,0.8271604938271605,0.8271604938271605,late,,6.827470457583395,68,4-6yr,unknown,404
ECSC_2009_2_68M_2009_YR2,15,341,0.8419753086419753,0.8419753086419753,late,,4.8906480732161235,68,4-6yr,unknown,404
ECSC_2009_2_68M_2009_YR2,16,346,0.854320987654321,0.854320987654321,late,,3.616034318961944,68,4-6yr,unknown,404
ECSC_2009_2_68M_2009_YR2,17,352,0.8691358024691358,0.8691358024691358,late,,4.112168250054118,68,4-6yr,unknown,404
ECSC_2009_2_68M_2009_YR2,18,358,0.8839506172839506,0.8839506172839506,late,,3.871514948611232,68,4-6yr,unknown,404
ECSC_2009_2_68M_2009_YR2,19,364,0.8987654320987655,0.8987654320987655,late,,1.4969597012996552,68,4-6yr,unknown,404
ECSC_2015_1_69F_2015_YR1,0,256,0.4169381107491857,0.4169381107491857,mid,,12.43390845050136,69,4-6yr,unknown,613
ECSC_2015_1_69F_2015_YR1,1,271,0.4413680781758957,0.4413680781758957,mid,,7.470569927808537,69,4-6yr,unknown,613
ECSC_2015_1_69F_2015_YR1,2,287,0.4674267100977198,0.4674267100977198,mid,,4.524534131495855,69,4-6yr,unknown,613
ECSC_2015_1_69F_2015_YR1,3,302,0.4918566775244299,0.4918566775244299,mid,,1.867081713545952,69,4-6yr,unknown,613
ECSC_2015_1_69F_2015_YR1,4,318,0.5179153094462541,0.5179153094462541,mid,,6.530398006431485,69,4-6yr,unknown,613
ECSC_2015_1_69F_2015_YR1,5,333,0.5423452768729642,0.5423452768729642,mid,,13.539989628467048,69,4-6yr,unknown,613
ECSC_2015_1_69F_2015_YR1,6,349,0.5684039087947883,0.5684039087947883,mid,,1.82015849601731,69,4-6yr,unknown,613
ECSC_2015_1_69F_2015_YR1,7,365,0.5944625407166124,0.5944625407166124,mid,,14.834331801822882,69,4-6yr,unknown,613
ECSC_2015_1_69F_2015_YR1,8,380,0.6188925081433225,0.6188925081433225,mid,,9.393651325165983,69,4-6yr,unknown,613
ECSC_2015_1_69F_2015_YR1,9,396,0.6449511400651465,0.6449511400651465,mid,,11.102931253267457,69,4-6yr,unknown,613
ECSC_2015_1_69F_2015_YR1,10,411,0.6693811074918566,0.6693811074918566,late,,6.688179345562688,69,4-6yr,unknown,613
ECSC_2015_1_69F_2015_YR1,11,427,0.6954397394136808,0.6954397394136808,late,,9.267716017597053,69,4-6yr,unknown,613
ECSC_2015_1_69F_2015_YR1,12,442,0.7198697068403909,0.7198697068403909,late,,6.474244422011703,69,4-6yr,unknown,613
ECSC_2015_1_69F_2015_YR1,13,458,0.745928338762215,0.745928338762215,late,,3.1256078439359936,69,4-6yr,unknown,613
ECSC_2015_1_69F_2015_YR1,14,474,0.7719869706840391,0.7719869706840391,late,,6.1605932500861424,69,4-6yr,unknown,613
ECSC_2015_1_69F_2015_YR1,15,489,0.7964169381107492,0.7964169381107492,late,,7.709877171892934,69,4-6yr,unknown,613
ECSC_2015_1_69F_2015_YR1,16,505,0.8224755700325733,0.8224755700325733,late,,13.146751658464844,69,4-6yr,unknown,613
ECSC_2015_1_69F_2015_YR1,17,520,0.8469055374592834,0.8469055374592834,late,18.32521615927709,19.89041510617219,69,4-6yr,unknown,613
ECSC_2015_1_69F_2015_YR1,18,536,0.8729641693811075,0.8729641693811075,late,,6.4120440365693945,69,4-6yr,unknown,613
ECSC_2015_1_69F_2015_YR1,19,552,0.8990228013029316,0.8990228013029316,late,2.0496900506409013,2.0900920377231937,69,4-6yr,unknown,613
ECSC_3001_1_69M_3001_YR1,0,256,0.7377521613832853,0.7377521613832853,late,,4.971774177095784,69,4-6yr,unknown,346
ECSC_3001_1_69M_3001_YR1,1,258,0.7435158501440923,0.7435158501440923,late,,3.358662850053044,69,4-6yr,unknown,346
ECSC_3001_1_69M_3001_YR1,2,261,0.7521613832853026,0.7521613832853026,late,,3.0823700869414763,69,4-6yr,unknown,346
ECSC_3001_1_69M_3001_YR1,3,264,0.760806916426513,0.760806916426513,late,,2.7208418227356512,69,4-6yr,unknown,346
ECSC_3001_1_69M_3001_YR1,4,266,0.7665706051873199,0.7665706051873199,late,,3.7300511392101914,69,4-6yr,unknown,346
ECSC_3001_1_69M_3001_YR1,5,269,0.7752161383285303,0.7752161383285303,late,,2.670500212282093,69,4-6yr,unknown,346
ECSC_3001_1_69M_3001_YR1,6,272,0.7838616714697406,0.7838616714697406,late,,3.2589108128094715,69,4-6yr,unknown,346
ECSC_3001_1_69M_3001_YR1,7,274,0.7896253602305475,0.7896253602305475,late,,3.6000280531997326,69,4-6yr,unknown,346
ECSC_3001_1_69M_3001_YR1,8,277,0.7982708933717579,0.7982708933717579,late,,3.474146429915046,69,4-6yr,unknown,346
ECSC_3001_1_69M_3001_YR1,9,280,0.8069164265129684,0.8069164265129684,late,,1.6308256233485254,69,4-6yr,unknown,346
ECSC_3001_1_69M_3001_YR1,10,282,0.8126801152737753,0.8126801152737753,late,,1.461551682914406,69,4-6yr,unknown,346
ECSC_3001_1_69M_3001_YR1,11,285,0.8213256484149856,0.8213256484149856,late,,1.971813418078688,69,4-6yr,unknown,346
ECSC_3001_1_69M_3001_YR1,12,288,0.829971181556196,0.829971181556196,late,,2.0487521228571053,69,4-6yr,unknown,346
ECSC_3001_1_69M_3001_YR1,13,290,0.8357348703170029,0.8357348703170029,late,,1.5773019356594804,69,4-6yr,unknown,346
ECSC_3001_1_69M_3001_YR1,14,293,0.8443804034582133,0.8443804034582133,late,,1.5327880027657477,69,4-6yr,unknown,346
ECSC_3001_1_69M_3001_YR1,15,296,0.8530259365994236,0.8530259365994236,late,,1.086409887308255,69,4-6yr,unknown,346
ECSC_3001_1_69M_3001_YR1,16,298,0.8587896253602305,0.8587896253602305,late,,0.8036998409025955,69,4-6yr,unknown,346
ECSC_3001_1_69M_3001_YR1,17,301,0.8674351585014409,0.8674351585014409,late,,1.425847340201727,69,4-6yr,unknown,346
ECSC_3001_1_69M_3001_YR1,18,304,0.8760806916426513,0.8760806916426513,late,,1.6760390234654254,69,4-6yr,unknown,346
ECSC_3001_1_69M_3001_YR1,19,307,0.8847262247838616,0.8847262247838616,late,,1.6267009157638732,69,4-6yr,unknown,346
ECSC_2010_2_70F_2010_YR2,0,256,0.6937669376693767,0.6937669376693767,late,,-0.8973466699020776,70,4-6yr,unknown,368
ECSC_2010_2_70F_2010_YR2,1,259,0.7018970189701897,0.7018970189701897,late,,-3.1556173784706196,70,4-6yr,unknown,368
ECSC_2010_2_70F_2010_YR2,2,263,0.7127371273712737,0.7127371273712737,late,,-4.778537151084363,70,4-6yr,unknown,368
ECSC_2010_2_70F_2010_YR2,3,267,0.7235772357723578,0.7235772357723578,late,,-5.647624742434608,70,4-6yr,unknown,368
ECSC_2010_2_70F_2010_YR2,4,271,0.7344173441734417,0.7344173441734417,late,,-2.759493870517627,70,4-6yr,unknown,368
ECSC_2010_2_70F_2010_YR2,5,275,0.7452574525745257,0.7452574525745257,late,,-0.3546066982725477,70,4-6yr,unknown,368
ECSC_2010_2_70F_2010_YR2,6,279,0.7560975609756098,0.7560975609756098,late,,2.524510010024283,70,4-6yr,unknown,368
ECSC_2010_2_70F_2010_YR2,7,282,0.7642276422764228,0.7642276422764228,late,,2.5760115004232347,70,4-6yr,unknown,368
ECSC_2010_2_70F_2010_YR2,8,286,0.7750677506775068,0.7750677506775068,late,,2.451753129811884,70,4-6yr,unknown,368
ECSC_2010_2_70F_2010_YR2,9,290,0.7859078590785907,0.7859078590785907,late,,4.1059582321353645,70,4-6yr,unknown,368
ECSC_2010_2_70F_2010_YR2,10,294,0.7967479674796748,0.7967479674796748,late,,2.480218276464319,70,4-6yr,unknown,368
ECSC_2010_2_70F_2010_YR2,11,298,0.8075880758807588,0.8075880758807588,late,,1.8333590563302575,70,4-6yr,unknown,368
ECSC_2010_2_70F_2010_YR2,12,302,0.8184281842818428,0.8184281842818428,late,,1.689372130460602,70,4-6yr,unknown,368
ECSC_2010_2_70F_2010_YR2,13,305,0.8265582655826558,0.8265582655826558,late,,2.1286380596587797,70,4-6yr,unknown,368
ECSC_2010_2_70F_2010_YR2,14,309,0.8373983739837398,0.8373983739837398,late,,1.128549152730228,70,4-6yr,unknown,368
ECSC_2010_2_70F_2010_YR2,15,313,0.8482384823848238,0.8482384823848238,late,,1.312100487014888,70,4-6yr,unknown,368
ECSC_2010_2_70F_2010_YR2,16,317,0.8590785907859079,0.8590785907859079,late,,1.4616881911642583,70,4-6yr,unknown,368
ECSC_2010_2_70F_2010_YR2,17,321,0.8699186991869918,0.8699186991869918,late,,0.4749277966861984,70,4-6yr,unknown,368
ECSC_2010_2_70F_2010_YR2,18,325,0.8807588075880759,0.8807588075880759,late,,0.6451586773576397,70,4-6yr,unknown,368
ECSC_2010_2_70F_2010_YR2,19,329,0.8915989159891599,0.8915989159891599,late,,0.84557237927529,70,4-6yr,unknown,368
ECSC_1073_1_70M_1073_YR1,0,256,0.2628336755646817,0.2628336755646817,early,,3.755115064495985,70,4-6yr,one_frog_too_many,973
ECSC_1073_1_70M_1073_YR1,1,288,0.2956878850102669,0.2956878850102669,early,,0.7216128625813347,70,4-6yr,one_frog_too_many,973
ECSC_1073_1_70M_1073_YR1,2,321,0.3295687885010267,0.3295687885010267,early,,2.846514693085199,70,4-6yr,one_frog_too_many,973
ECSC_1073_1_70M_1073_YR1,3,353,0.3624229979466119,0.3624229979466119,early,,4.996530214296072,70,4-6yr,one_frog_too_many,973
ECSC_1073_1_70M_1073_YR1,4,386,0.3963039014373716,0.3963039014373716,early,,2.097562010708823,70,4-6yr,one_frog_too_many,973
ECSC_1073_1_70M_1073_YR1,5,419,0.4301848049281314,0.4301848049281314,mid,,13.258394648845403,70,4-6yr,one_frog_too_many,973
ECSC_1073_1_70M_1073_YR1,6,451,0.4630390143737166,0.4630390143737166,mid,,3.166767707787433,70,4-6yr,one_frog_too_many,973
ECSC_1073_1_70M_1073_YR1,7,484,0.4969199178644763,0.4969199178644763,mid,,7.374859386310131,70,4-6yr,one_frog_too_many,973
ECSC_1073_1_70M_1073_YR1,8,517,0.5308008213552361,0.5308008213552361,mid,,24.622457963009577,70,4-6yr,one_frog_too_many,973
ECSC_1073_1_70M_1073_YR1,9,549,0.5636550308008214,0.5636550308008214,mid,,1.7882385675215602,70,4-6yr,one_frog_too_many,973
ECSC_1073_1_70M_1073_YR1,10,582,0.5975359342915811,0.5975359342915811,mid,,2.455389171634277,70,4-6yr,one_frog_too_many,973
ECSC_1073_1_70M_1073_YR1,11,614,0.6303901437371663,0.6303901437371663,mid,,4.096504841823098,70,4-6yr,one_frog_too_many,973
ECSC_1073_1_70M_1073_YR1,12,647,0.6642710472279261,0.6642710472279261,late,,1.56896921716792,70,4-6yr,one_frog_too_many,973
ECSC_1073_1_70M_1073_YR1,13,680,0.6981519507186859,0.6981519507186859,late,,1.6738740636808096,70,4-6yr,one_frog_too_many,973
ECSC_1073_1_70M_1073_YR1,14,712,0.731006160164271,0.731006160164271,late,,5.8525582155186395,70,4-6yr,one_frog_too_many,973
ECSC_1073_1_70M_1073_YR1,15,745,0.7648870636550308,0.7648870636550308,late,,4.243057452107504,70,4-6yr,one_frog_too_many,973
ECSC_1073_1_70M_1073_YR1,16,778,0.7987679671457906,0.7987679671457906,late,,4.204264111113131,70,4-6yr,one_frog_too_many,973
ECSC_1073_1_70M_1073_YR1,17,810,0.8316221765913757,0.8316221765913757,late,,2.426664110094137,70,4-6yr,one_frog_too_many,973
ECSC_1073_1_70M_1073_YR1,18,843,0.8655030800821355,0.8655030800821355,late,,7.748048232093513,70,4-6yr,one_frog_too_many,973
ECSC_1073_1_70M_1073_YR1,19,875,0.8983572895277208,0.8983572895277208,late,,4.6817013103676,70,4-6yr,one_frog_too_many,973
ECSC_1073_2_70M_1073_YR2,0,256,0.540084388185654,0.540084388185654,mid,,24.412996931661908,70,4-6yr,frog_on_his_own,473
ECSC_1073_2_70M_1073_YR2,1,264,0.5569620253164557,0.5569620253164557,mid,,16.399347642308964,70,4-6yr,frog_on_his_own,473
ECSC_1073_2_70M_1073_YR2,2,273,0.5759493670886076,0.5759493670886076,mid,,22.55538447954435,70,4-6yr,frog_on_his_own,473
ECSC_1073_2_70M_1073_YR2,3,282,0.5949367088607594,0.5949367088607594,mid,,23.112393081898777,70,4-6yr,frog_on_his_own,473
ECSC_1073_2_70M_1073_YR2,4,291,0.6139240506329114,0.6139240506329114,mid,,11.827735229465937,70,4-6yr,frog_on_his_own,473
ECSC_1073_2_70M_1073_YR2,5,300,0.6329113924050633,0.6329113924050633,mid,,5.175457898453427,70,4-6yr,frog_on_his_own,473
ECSC_1073_2_70M_1073_YR2,6,309,0.6518987341772152,0.6518987341772152,mid,,0.8026310009370405,70,4-6yr,frog_on_his_own,473
ECSC_1073_2_70M_1073_YR2,7,318,0.6708860759493671,0.6708860759493671,late,,2.6884142932321815,70,4-6yr,frog_on_his_own,473
ECSC_1073_2_70M_1073_YR2,8,327,0.689873417721519,0.689873417721519,late,,5.359789987347291,70,4-6yr,frog_on_his_own,473
ECSC_1073_2_70M_1073_YR2,9,336,0.7088607594936709,0.7088607594936709,late,,12.868856965098988,70,4-6yr,frog_on_his_own,473
ECSC_1073_2_70M_1073_YR2,10,345,0.7278481012658228,0.7278481012658228,late,,6.768244125733441,70,4-6yr,frog_on_his_own,473
ECSC_1073_2_70M_1073_YR2,11,354,0.7468354430379747,0.7468354430379747,late,,11.147750868722833,70,4-6yr,frog_on_his_own,473
ECSC_1073_2_70M_1073_YR2,12,363,0.7658227848101266,0.7658227848101266,late,,8.49232509307363,70,4-6yr,frog_on_his_own,473
ECSC_1073_2_70M_1073_YR2,13,372,0.7848101265822784,0.7848101265822784,late,,8.328718470587546,70,4-6yr,frog_on_his_own,473
ECSC_1073_2_70M_1073_YR2,14,381,0.8037974683544303,0.8037974683544303,late,,4.005236758477927,70,4-6yr,frog_on_his_own,473
ECSC_1073_2_70M_1073_YR2,15,390,0.8227848101265823,0.8227848101265823,late,,3.1286055434864632,70,4-6yr,frog_on_his_own,473
ECSC_1073_2_70M_1073_YR2,16,399,0.8417721518987342,0.8417721518987342,late,,1.3375534801533533,70,4-6yr,frog_on_his_own,473
ECSC_1073_2_70M_1073_YR2,17,408,0.8607594936708861,0.8607594936708861,late,,1.7608232610381922,70,4-6yr,frog_on_his_own,473
ECSC_1073_2_70M_1073_YR2,18,417,0.879746835443038,0.879746835443038,late,,0.9354152276501502,70,4-6yr,frog_on_his_own,473
ECSC_1073_2_70M_1073_YR2,19,426,0.8987341772151899,0.8987341772151899,late,,20.845684997392773,70,4-6yr,frog_on_his_own,473
ECSC_1073_3_70M_1073_YR3,0,256,0.5898617511520737,0.5898617511520737,mid,,12.336737019872244,70,4-6yr,one_frog_too_many,433
ECSC_1073_3_70M_1073_YR3,1,263,0.6059907834101382,0.6059907834101382,mid,,12.963802681414418,70,4-6yr,one_frog_too_many,433
ECSC_1073_3_70M_1073_YR3,2,270,0.6221198156682027,0.6221198156682027,mid,,16.85363575997799,70,4-6yr,one_frog_too_many,433
ECSC_1073_3_70M_1073_YR3,3,277,0.6382488479262672,0.6382488479262672,mid,,24.059528338954067,70,4-6yr,one_frog_too_many,433
ECSC_1073_3_70M_1073_YR3,4,284,0.6543778801843319,0.6543778801843319,mid,,21.140714393952955,70,4-6yr,one_frog_too_many,433
ECSC_1073_3_70M_1073_YR3,5,291,0.6705069124423964,0.6705069124423964,late,,5.329872515268828,70,4-6yr,one_frog_too_many,433
ECSC_1073_3_70M_1073_YR3,6,298,0.6866359447004609,0.6866359447004609,late,,12.478504594830603,70,4-6yr,one_frog_too_many,433
ECSC_1073_3_70M_1073_YR3,7,305,0.7027649769585254,0.7027649769585254,late,,13.183834790840615,70,4-6yr,one_frog_too_many,433
ECSC_1073_3_70M_1073_YR3,8,312,0.7188940092165899,0.7188940092165899,late,,3.429610456153098,70,4-6yr,one_frog_too_many,433
ECSC_1073_3_70M_1073_YR3,9,319,0.7350230414746544,0.7350230414746544,late,,2.836062884528422,70,4-6yr,one_frog_too_many,433
ECSC_1073_3_70M_1073_YR3,10,326,0.7511520737327189,0.7511520737327189,late,,1.6301159495702624,70,4-6yr,one_frog_too_many,433
ECSC_1073_3_70M_1073_YR3,11,333,0.7672811059907834,0.7672811059907834,late,,2.396555633385905,70,4-6yr,one_frog_too_many,433
ECSC_1073_3_70M_1073_YR3,12,340,0.783410138248848,0.783410138248848,late,,5.4883573421286975,70,4-6yr,one_frog_too_many,433
ECSC_1073_3_70M_1073_YR3,13,347,0.7995391705069125,0.7995391705069125,late,,4.015110404905801,70,4-6yr,one_frog_too_many,433
ECSC_1073_3_70M_1073_YR3,14,354,0.815668202764977,0.815668202764977,late,,5.803048064890259,70,4-6yr,one_frog_too_many,433
ECSC_1073_3_70M_1073_YR3,15,361,0.8317972350230415,0.8317972350230415,late,,3.1426998496447975,70,4-6yr,one_frog_too_many,433
ECSC_1073_3_70M_1073_YR3,16,368,0.847926267281106,0.847926267281106,late,,3.319368682675881,70,4-6yr,one_frog_too_many,433
ECSC_1073_3_70M_1073_YR3,17,375,0.8640552995391705,0.8640552995391705,late,,5.118695273124078,70,4-6yr,one_frog_too_many,433
ECSC_1073_3_70M_1073_YR3,18,382,0.880184331797235,0.880184331797235,late,,12.44244625292188,70,4-6yr,one_frog_too_many,433
ECSC_1073_3_70M_1073_YR3,19,390,0.8986175115207373,0.8986175115207373,late,,4.79552274791519,70,4-6yr,one_frog_too_many,433
ECSC_1047_2_71F_1047_YR2,0,256,0.6790450928381963,0.6790450928381963,late,,4.793733931961053,71,4-6yr,frog_where_are_you,376
ECSC_1047_2_71F_1047_YR2,1,260,0.6896551724137931,0.6896551724137931,late,,5.684883152077145,71,4-6yr,frog_where_are_you,376
ECSC_1047_2_71F_1047_YR2,2,264,0.7002652519893899,0.7002652519893899,late,,4.1750195925161755,71,4-6yr,frog_where_are_you,376
ECSC_1047_2_71F_1047_YR2,3,268,0.7108753315649867,0.7108753315649867,late,,3.631078864058905,71,4-6yr,frog_where_are_you,376
ECSC_1047_2_71F_1047_YR2,4,273,0.7241379310344828,0.7241379310344828,late,,2.7368770742281265,71,4-6yr,frog_where_are_you,376
ECSC_1047_2_71F_1047_YR2,5,277,0.7347480106100795,0.7347480106100795,late,,1.8508561803402213,71,4-6yr,frog_where_are_you,376
ECSC_1047_2_71F_1047_YR2,6,281,0.7453580901856764,0.7453580901856764,late,,3.3997435115528525,71,4-6yr,frog_where_are_you,376
ECSC_1047_2_71F_1047_YR2,7,285,0.7559681697612732,0.7559681697612732,late,,4.103812822721721,71,4-6yr,frog_where_are_you,376
ECSC_1047_2_71F_1047_YR2,8,290,0.7692307692307693,0.7692307692307693,late,,3.737374468370776,71,4-6yr,frog_where_are_you,376
ECSC_1047_2_71F_1047_YR2,9,294,0.7798408488063661,0.7798408488063661,late,,4.976473331843298,71,4-6yr,frog_where_are_you,376
ECSC_1047_2_71F_1047_YR2,10,298,0.7904509283819628,0.7904509283819628,late,,5.823532012545427,71,4-6yr,frog_where_are_you,376
ECSC_1047_2_71F_1047_YR2,11,302,0.8010610079575596,0.8010610079575596,late,,8.031500737776609,71,4-6yr,frog_where_are_you,376
ECSC_1047_2_71F_1047_YR2,12,307,0.8143236074270557,0.8143236074270557,late,,12.780074242172326,71,4-6yr,frog_where_are_you,376
ECSC_1047_2_71F_1047_YR2,13,311,0.8249336870026526,0.8249336870026526,late,,9.466970702204764,71,4-6yr,frog_where_are_you,376
ECSC_1047_2_71F_1047_YR2,14,315,0.8355437665782494,0.8355437665782494,late,,8.709751548628457,71,4-6yr,frog_where_are_you,376
ECSC_1047_2_71F_1047_YR2,15,319,0.8461538461538461,0.8461538461538461,late,,8.946815484764201,71,4-6yr,frog_where_are_you,376
ECSC_1047_2_71F_1047_YR2,16,324,0.8594164456233422,0.8594164456233422,late,,9.980826226750612,71,4-6yr,frog_where_are_you,376
ECSC_1047_2_71F_1047_YR2,17,328,0.870026525198939,0.870026525198939,late,,10.816643989536812,71,4-6yr,frog_where_are_you,376
ECSC_1047_2_71F_1047_YR2,18,332,0.8806366047745358,0.8806366047745358,late,,9.534250444961623,71,4-6yr,frog_where_are_you,376
ECSC_1047_2_71F_1047_YR2,19,337,0.8938992042440318,0.8938992042440318,late,,10.104742766489478,71,4-6yr,frog_where_are_you,376
ECSC_1047_3_71F_1047_YR3,0,256,0.4266666666666667,0.4266666666666667,mid,,8.487146617135192,71,4-6yr,one_frog_too_many,599
ECSC_1047_3_71F_1047_YR3,1,270,0.45,0.45,mid,,4.402788575199501,71,4-6yr,one_frog_too_many,599
ECSC_1047_3_71F_1047_YR3,2,285,0.475,0.475,mid,,2.3306279980622087,71,4-6yr,one_frog_too_many,599
ECSC_1047_3_71F_1047_YR3,3,300,0.5,0.5,mid,,5.963063599445329,71,4-6yr,one_frog_too_many,599
ECSC_1047_3_71F_1047_YR3,4,315,0.525,0.525,mid,,6.884627630633373,71,4-6yr,one_frog_too_many,599
ECSC_1047_3_71F_1047_YR3,5,330,0.55,0.55,mid,,9.386970169905815,71,4-6yr,one_frog_too_many,599
ECSC_1047_3_71F_1047_YR3,6,345,0.575,0.575,mid,,3.8636981289992214,71,4-6yr,one_frog_too_many,599
ECSC_1047_3_71F_1047_YR3,7,360,0.6,0.6,mid,,6.568391169829519,71,4-6yr,one_frog_too_many,599
ECSC_1047_3_71F_1047_YR3,8,375,0.625,0.625,mid,,4.925908551788719,71,4-6yr,one_frog_too_many,599
ECSC_1047_3_71F_1047_YR3,9,390,0.65,0.65,mid,,4.334143558046625,71,4-6yr,one_frog_too_many,599
ECSC_1047_3_71F_1047_YR3,10,405,0.675,0.675,late,,10.763532669334056,71,4-6yr,one_frog_too_many,599
ECSC_1047_3_71F_1047_YR3,11,420,0.7,0.7,late,,7.856961929703155,71,4-6yr,one_frog_too_many,599
ECSC_1047_3_71F_1047_YR3,12,435,0.725,0.725,late,,3.827428806485594,71,4-6yr,one_frog_too_many,599
ECSC_1047_3_71F_1047_YR3,13,450,0.75,0.75,late,,4.854007874101395,71,4-6yr,one_frog_too_many,599
ECSC_1047_3_71F_1047_YR3,14,465,0.775,0.775,late,,3.792848152375404,71,4-6yr,one_frog_too_many,599
ECSC_1047_3_71F_1047_YR3,15,480,0.8,0.8,late,,5.417622380239683,71,4-6yr,one_frog_too_many,599
ECSC_1047_3_71F_1047_YR3,16,495,0.825,0.825,late,,3.870846859912575,71,4-6yr,one_frog_too_many,599
ECSC_1047_3_71F_1047_YR3,17,510,0.85,0.85,late,,2.153057163349819,71,4-6yr,one_frog_too_many,599
ECSC_1047_3_71F_1047_YR3,18,525,0.875,0.875,late,5.167641659990694,4.977681017915621,71,4-6yr,one_frog_too_many,599
ECSC_1047_3_71F_1047_YR3,19,540,0.9,0.9,late,5.079318606257521,4.7841155006296185,71,4-6yr,one_frog_too_many,599
ECSC_4084_1_71F_4084_YR1,0,256,0.4697247706422018,0.4697247706422018,mid,,1.9922372771133388,71,4-6yr,unknown,544
ECSC_4084_1_71F_4084_YR1,1,268,0.4917431192660551,0.4917431192660551,mid,,1.4018307464472626,71,4-6yr,unknown,544
ECSC_4084_1_71F_4084_YR1,2,280,0.5137614678899083,0.5137614678899083,mid,,2.1951021824269965,71,4-6yr,unknown,544
ECSC_4084_1_71F_4084_YR1,3,292,0.5357798165137615,0.5357798165137615,mid,,5.198110444905499,71,4-6yr,unknown,544
ECSC_4084_1_71F_4084_YR1,4,305,0.5596330275229358,0.5596330275229358,mid,,6.253335885523245,71,4-6yr,unknown,544
ECSC_4084_1_71F_4084_YR1,5,317,0.581651376146789,0.581651376146789,mid,,5.630160076116241,71,4-6yr,unknown,544
ECSC_4084_1_71F_4084_YR1,6,329,0.6036697247706422,0.6036697247706422,mid,,4.469064602414481,71,4-6yr,unknown,544
ECSC_4084_1_71F_4084_YR1,7,342,0.6275229357798165,0.6275229357798165,mid,,2.4391233526053187,71,4-6yr,unknown,544
ECSC_4084_1_71F_4084_YR1,8,354,0.6495412844036698,0.6495412844036698,mid,,1.86508574536321,71,4-6yr,unknown,544
ECSC_4084_1_71F_4084_YR1,9,366,0.671559633027523,0.671559633027523,late,,4.192751402769344,71,4-6yr,unknown,544
ECSC_4084_1_71F_4084_YR1,10,379,0.6954128440366972,0.6954128440366972,late,,2.099460327375324,71,4-6yr,unknown,544
ECSC_4084_1_71F_4084_YR1,11,391,0.7174311926605504,0.7174311926605504,late,,1.4808827884830915,71,4-6yr,unknown,544
ECSC_4084_1_71F_4084_YR1,12,403,0.7394495412844037,0.7394495412844037,late,,5.372716068450941,71,4-6yr,unknown,544
ECSC_4084_1_71F_4084_YR1,13,416,0.763302752293578,0.763302752293578,late,,9.68768401784168,71,4-6yr,unknown,544
ECSC_4084_1_71F_4084_YR1,14,428,0.7853211009174312,0.7853211009174312,late,,18.391764628263523,71,4-6yr,unknown,544
ECSC_4084_1_71F_4084_YR1,15,440,0.8073394495412844,0.8073394495412844,late,,38.33462194849792,71,4-6yr,unknown,544
ECSC_4084_1_71F_4084_YR1,16,453,0.8311926605504587,0.8311926605504587,late,,27.78992918403472,71,4-6yr,unknown,544
ECSC_4084_1_71F_4084_YR1,17,465,0.8532110091743119,0.8532110091743119,late,,16.761584038008994,71,4-6yr,unknown,544
ECSC_4084_1_71F_4084_YR1,18,477,0.8752293577981651,0.8752293577981651,late,,3.7589549230976225,71,4-6yr,unknown,544
ECSC_4084_1_71F_4084_YR1,19,490,0.8990825688073395,0.8990825688073395,late,,3.532956687718088,71,4-6yr,unknown,544
ECSC_1011_3_71M_1011_YR3,0,256,0.6109785202863962,0.6109785202863962,mid,,10.446623355442732,71,4-6yr,frog_where_are_you,418
ECSC_1011_3_71M_1011_YR3,1,262,0.6252983293556086,0.6252983293556086,mid,,8.152790153260728,71,4-6yr,frog_where_are_you,418
ECSC_1011_3_71M_1011_YR3,2,268,0.639618138424821,0.639618138424821,mid,,12.309225457134248,71,4-6yr,frog_where_are_you,418
ECSC_1011_3_71M_1011_YR3,3,275,0.6563245823389021,0.6563245823389021,mid,,11.2174179043634,71,4-6yr,frog_where_are_you,418
ECSC_1011_3_71M_1011_YR3,4,281,0.6706443914081146,0.6706443914081146,late,,10.752453948125384,71,4-6yr,frog_where_are_you,418
ECSC_1011_3_71M_1011_YR3,5,287,0.684964200477327,0.684964200477327,late,,15.850938603329888,71,4-6yr,frog_where_are_you,418
ECSC_1011_3_71M_1011_YR3,6,294,0.7016706443914081,0.7016706443914081,late,,12.045577387956598,71,4-6yr,frog_where_are_you,418
ECSC_1011_3_71M_1011_YR3,7,300,0.7159904534606205,0.7159904534606205,late,,13.090919730062756,71,4-6yr,frog_where_are_you,418
ECSC_1011_3_71M_1011_YR3,8,306,0.7303102625298329,0.7303102625298329,late,,11.198613163262618,71,4-6yr,frog_where_are_you,418
ECSC_1011_3_71M_1011_YR3,9,313,0.747016706443914,0.747016706443914,late,,11.9356118120037,71,4-6yr,frog_where_are_you,418
ECSC_1011_3_71M_1011_YR3,10,319,0.7613365155131265,0.7613365155131265,late,,7.212053953450424,71,4-6yr,frog_where_are_you,418
ECSC_1011_3_71M_1011_YR3,11,326,0.7780429594272077,0.7780429594272077,late,,6.2399629747648895,71,4-6yr,frog_where_are_you,418
ECSC_1011_3_71M_1011_YR3,12,332,0.7923627684964201,0.7923627684964201,late,,13.709936857778846,71,4-6yr,frog_where_are_you,418
ECSC_1011_3_71M_1011_YR3,13,338,0.8066825775656324,0.8066825775656324,late,,9.815940287321173,71,4-6yr,frog_where_are_you,418
ECSC_1011_3_71M_1011_YR3,14,345,0.8233890214797136,0.8233890214797136,late,,10.32176776083552,71,4-6yr,frog_where_are_you,418
ECSC_1011_3_71M_1011_YR3,15,351,0.837708830548926,0.837708830548926,late,,10.667543055524431,71,4-6yr,frog_where_are_you,418
ECSC_1011_3_71M_1011_YR3,16,357,0.8520286396181385,0.8520286396181385,late,,11.686258885153231,71,4-6yr,frog_where_are_you,418
ECSC_1011_3_71M_1011_YR3,17,364,0.8687350835322196,0.8687350835322196,late,,8.171422839989672,71,4-6yr,frog_where_are_you,418
ECSC_1011_3_71M_1011_YR3,18,370,0.883054892601432,0.883054892601432,late,,1.7802797912302228,71,4-6yr,frog_where_are_you,418
ECSC_1011_3_71M_1011_YR3,19,377,0.8997613365155132,0.8997613365155132,late,,1.669453964538599,71,4-6yr,frog_where_are_you,418
ECSC_1083_1_71M_1083_YR1,0,256,0.6772486772486772,0.6772486772486772,late,,12.437211533453244,71,4-6yr,frog_where_are_you,377
ECSC_1083_1_71M_1083_YR1,1,260,0.6878306878306878,0.6878306878306878,late,,13.261620442003853,71,4-6yr,frog_where_are_you,377
ECSC_1083_1_71M_1083_YR1,2,264,0.6984126984126984,0.6984126984126984,late,,12.19239312497718,71,4-6yr,frog_where_are_you,377
ECSC_1083_1_71M_1083_YR1,3,268,0.708994708994709,0.708994708994709,late,,7.388993896124415,71,4-6yr,frog_where_are_you,377
ECSC_1083_1_71M_1083_YR1,4,273,0.7222222222222222,0.7222222222222222,late,,3.1828508343823643,71,4-6yr,frog_where_are_you,377
ECSC_1083_1_71M_1083_YR1,5,277,0.7328042328042328,0.7328042328042328,late,,5.798917679238233,71,4-6yr,frog_where_are_you,377
ECSC_1083_1_71M_1083_YR1,6,281,0.7433862433862434,0.7433862433862434,late,,6.1596872254525685,71,4-6yr,frog_where_are_you,377
ECSC_1083_1_71M_1083_YR1,7,286,0.7566137566137566,0.7566137566137566,late,,7.535709203237573,71,4-6yr,frog_where_are_you,377
ECSC_1083_1_71M_1083_YR1,8,290,0.7671957671957672,0.7671957671957672,late,,8.231492304712887,71,4-6yr,frog_where_are_you,377
ECSC_1083_1_71M_1083_YR1,9,294,0.7777777777777778,0.7777777777777778,late,,12.589434580214212,71,4-6yr,frog_where_are_you,377
ECSC_1083_1_71M_1083_YR1,10,299,0.791005291005291,0.791005291005291,late,,9.117154954738837,71,4-6yr,frog_where_are_you,377
ECSC_1083_1_71M_1083_YR1,11,303,0.8015873015873016,0.8015873015873016,late,,12.61185138448672,71,4-6yr,frog_where_are_you,377
ECSC_1083_1_71M_1083_YR1,12,307,0.8121693121693122,0.8121693121693122,late,,22.9495910379192,71,4-6yr,frog_where_are_you,377
ECSC_1083_1_71M_1083_YR1,13,312,0.8253968253968254,0.8253968253968254,late,,33.10723355382309,71,4-6yr,frog_where_are_you,377
ECSC_1083_1_71M_1083_YR1,14,316,0.8359788359788359,0.8359788359788359,late,,29.90401629970735,71,4-6yr,frog_where_are_you,377
ECSC_1083_1_71M_1083_YR1,15,320,0.8465608465608465,0.8465608465608465,late,,26.813769503384457,71,4-6yr,frog_where_are_you,377
ECSC_1083_1_71M_1083_YR1,16,325,0.8597883597883598,0.8597883597883598,late,,22.85515772435612,71,4-6yr,frog_where_are_you,377
ECSC_1083_1_71M_1083_YR1,17,329,0.8703703703703703,0.8703703703703703,late,,26.436945886104507,71,4-6yr,frog_where_are_you,377
ECSC_1083_1_71M_1083_YR1,18,333,0.8809523809523809,0.8809523809523809,late,,20.377696449026956,71,4-6yr,frog_where_are_you,377
ECSC_1083_1_71M_1083_YR1,19,338,0.8941798941798942,0.8941798941798942,late,,11.209413409147928,71,4-6yr,frog_where_are_you,377
ECSC_1083_3_71M_1083_YR3,0,256,0.4183006535947712,0.4183006535947712,mid,,17.36400860269377,71,4-6yr,frog_where_are_you,611
ECSC_1083_3_71M_1083_YR3,1,271,0.4428104575163398,0.4428104575163398,mid,,8.04460034849114,71,4-6yr,frog_where_are_you,611
ECSC_1083_3_71M_1083_YR3,2,286,0.4673202614379085,0.4673202614379085,mid,,8.09303799947157,71,4-6yr,frog_where_are_you,611
ECSC_1083_3_71M_1083_YR3,3,302,0.4934640522875817,0.4934640522875817,mid,,10.131382082270846,71,4-6yr,frog_where_are_you,611
ECSC_1083_3_71M_1083_YR3,4,317,0.5179738562091504,0.5179738562091504,mid,,13.35521479479674,71,4-6yr,frog_where_are_you,611
ECSC_1083_3_71M_1083_YR3,5,333,0.5441176470588235,0.5441176470588235,mid,,6.440431513689973,71,4-6yr,frog_where_are_you,611
ECSC_1083_3_71M_1083_YR3,6,348,0.5686274509803921,0.5686274509803921,mid,,7.444085750280998,71,4-6yr,frog_where_are_you,611
ECSC_1083_3_71M_1083_YR3,7,364,0.5947712418300654,0.5947712418300654,mid,,1.979969953902959,71,4-6yr,frog_where_are_you,611
ECSC_1083_3_71M_1083_YR3,8,379,0.619281045751634,0.619281045751634,mid,,11.57317581174064,71,4-6yr,frog_where_are_you,611
ECSC_1083_3_71M_1083_YR3,9,395,0.6454248366013072,0.6454248366013072,mid,,-1.5940673895148656,71,4-6yr,frog_where_are_you,611
ECSC_1083_3_71M_1083_YR3,10,410,0.6699346405228758,0.6699346405228758,late,,0.5280392134781255,71,4-6yr,frog_where_are_you,611
ECSC_1083_3_71M_1083_YR3,11,426,0.696078431372549,0.696078431372549,late,,0.4258946128351475,71,4-6yr,frog_where_are_you,611
ECSC_1083_3_71M_1083_YR3,12,441,0.7205882352941176,0.7205882352941176,late,,1.4446984448416649,71,4-6yr,frog_where_are_you,611
ECSC_1083_3_71M_1083_YR3,13,457,0.7467320261437909,0.7467320261437909,late,,0.720896711542089,71,4-6yr,frog_where_are_you,611
ECSC_1083_3_71M_1083_YR3,14,472,0.7712418300653595,0.7712418300653595,late,,1.13326317870788,71,4-6yr,frog_where_are_you,611
ECSC_1083_3_71M_1083_YR3,15,488,0.7973856209150327,0.7973856209150327,late,,4.46689705026991,71,4-6yr,frog_where_are_you,611
ECSC_1083_3_71M_1083_YR3,16,503,0.8218954248366013,0.8218954248366013,late,,6.28809063452459,71,4-6yr,frog_where_are_you,611
ECSC_1083_3_71M_1083_YR3,17,519,0.8480392156862745,0.8480392156862745,late,,7.751793110845931,71,4-6yr,frog_where_are_you,611
ECSC_1083_3_71M_1083_YR3,18,534,0.8725490196078431,0.8725490196078431,late,7.369242238997124,3.4832411714961555,71,4-6yr,frog_where_are_you,611
ECSC_1083_3_71M_1083_YR3,19,550,0.8986928104575164,0.8986928104575164,late,6.383974996424076,5.06853662867867,71,4-6yr,frog_where_are_you,611
ECSC_1045_1_72F_1045_YR1,0,256,0.7950310559006211,0.7950310559006211,late,,2.0264861594202443,72,6-8yr,boy_dog_frog,321
ECSC_1045_1_72F_1045_YR1,1,257,0.7981366459627329,0.7981366459627329,late,,2.9340631725427535,72,6-8yr,boy_dog_frog,321
ECSC_1045_1_72F_1045_YR1,2,258,0.8012422360248447,0.8012422360248447,late,,1.6868720676668651,72,6-8yr,boy_dog_frog,321
ECSC_1045_1_72F_1045_YR1,3,260,0.8074534161490683,0.8074534161490683,late,,2.5613245750417875,72,6-8yr,boy_dog_frog,321
ECSC_1045_1_72F_1045_YR1,4,261,0.8105590062111802,0.8105590062111802,late,,2.270440599904891,72,6-8yr,boy_dog_frog,321
ECSC_1045_1_72F_1045_YR1,5,262,0.8136645962732919,0.8136645962732919,late,,2.004596148595951,72,6-8yr,boy_dog_frog,321
ECSC_1045_1_72F_1045_YR1,6,264,0.8198757763975155,0.8198757763975155,late,,1.9909402897761588,72,6-8yr,boy_dog_frog,321
ECSC_1045_1_72F_1045_YR1,7,265,0.8229813664596274,0.8229813664596274,late,,1.9180006263525264,72,6-8yr,boy_dog_frog,321
ECSC_1045_1_72F_1045_YR1,8,266,0.8260869565217391,0.8260869565217391,late,,2.272235961430944,72,6-8yr,boy_dog_frog,321
ECSC_1045_1_72F_1045_YR1,9,268,0.8322981366459627,0.8322981366459627,late,,2.053271757094393,72,6-8yr,boy_dog_frog,321
ECSC_1045_1_72F_1045_YR1,10,269,0.8354037267080745,0.8354037267080745,late,,2.196901955176955,72,6-8yr,boy_dog_frog,321
ECSC_1045_1_72F_1045_YR1,11,271,0.8416149068322981,0.8416149068322981,late,,1.7995400706758762,72,6-8yr,boy_dog_frog,321
ECSC_1045_1_72F_1045_YR1,12,272,0.84472049689441,0.84472049689441,late,,2.9159640518952443,72,6-8yr,boy_dog_frog,321
ECSC_1045_1_72F_1045_YR1,13,273,0.8478260869565217,0.8478260869565217,late,,2.4661749606688996,72,6-8yr,boy_dog_frog,321
ECSC_1045_1_72F_1045_YR1,14,275,0.8540372670807453,0.8540372670807453,late,,2.111865942689918,72,6-8yr,boy_dog_frog,321
ECSC_1045_1_72F_1045_YR1,15,276,0.8571428571428571,0.8571428571428571,late,,1.7848682621193743,72,6-8yr,boy_dog_frog,321
ECSC_1045_1_72F_1045_YR1,16,277,0.860248447204969,0.860248447204969,late,,1.4448120879070183,72,6-8yr,boy_dog_frog,321
ECSC_1045_1_72F_1045_YR1,17,279,0.8664596273291926,0.8664596273291926,late,,0.9614856512928256,72,6-8yr,boy_dog_frog,321
ECSC_1045_1_72F_1045_YR1,18,280,0.8695652173913043,0.8695652173913043,late,,0.8580601847601628,72,6-8yr,boy_dog_frog,321
ECSC_1045_1_72F_1045_YR1,19,282,0.8757763975155279,0.8757763975155279,late,,0.9624571519085344,72,6-8yr,boy_dog_frog,321
ECSC_1045_2_72F_1045_YR2,0,256,0.5804988662131519,0.5804988662131519,mid,,5.628357948901755,72,6-8yr,one_frog_too_many,440
ECSC_1045_2_72F_1045_YR2,1,263,0.5963718820861678,0.5963718820861678,mid,,8.071064116281319,72,6-8yr,one_frog_too_many,440
ECSC_1045_2_72F_1045_YR2,2,270,0.6122448979591837,0.6122448979591837,mid,,4.146358058528465,72,6-8yr,one_frog_too_many,440
ECSC_1045_2_72F_1045_YR2,3,278,0.6303854875283447,0.6303854875283447,mid,,2.3238702159505724,72,6-8yr,one_frog_too_many,440
ECSC_1045_2_72F_1045_YR2,4,285,0.6462585034013606,0.6462585034013606,mid,,1.3205576066211204,72,6-8yr,one_frog_too_many,440
ECSC_1045_2_72F_1045_YR2,5,292,0.6621315192743764,0.6621315192743764,late,,0.561077119686809,72,6-8yr,one_frog_too_many,440
ECSC_1045_2_72F_1045_YR2,6,300,0.6802721088435374,0.6802721088435374,late,,-0.4156270388607872,72,6-8yr,one_frog_too_many,440
ECSC_1045_2_72F_1045_YR2,7,307,0.6961451247165533,0.6961451247165533,late,,2.1746962011430817,72,6-8yr,one_frog_too_many,440
ECSC_1045_2_72F_1045_YR2,8,314,0.7120181405895691,0.7120181405895691,late,,2.8683269605340236,72,6-8yr,one_frog_too_many,440
ECSC_1045_2_72F_1045_YR2,9,322,0.7301587301587301,0.7301587301587301,late,,5.142598786717908,72,6-8yr,one_frog_too_many,440
ECSC_1045_2_72F_1045_YR2,10,329,0.746031746031746,0.746031746031746,late,,9.77217494478349,72,6-8yr,one_frog_too_many,440
ECSC_1045_2_72F_1045_YR2,11,337,0.764172335600907,0.764172335600907,late,,11.021017457633352,72,6-8yr,one_frog_too_many,440
ECSC_1045_2_72F_1045_YR2,12,344,0.780045351473923,0.780045351473923,late,,3.832814774146037,72,6-8yr,one_frog_too_many,440
ECSC_1045_2_72F_1045_YR2,13,351,0.7959183673469388,0.7959183673469388,late,,1.0661117844219063,72,6-8yr,one_frog_too_many,440
ECSC_1045_2_72F_1045_YR2,14,359,0.8140589569160998,0.8140589569160998,late,,1.1760853989527842,72,6-8yr,one_frog_too_many,440
ECSC_1045_2_72F_1045_YR2,15,366,0.8299319727891157,0.8299319727891157,late,,2.944915912715393,72,6-8yr,one_frog_too_many,440
ECSC_1045_2_72F_1045_YR2,16,373,0.8458049886621315,0.8458049886621315,late,,2.108010355600431,72,6-8yr,one_frog_too_many,440
ECSC_1045_2_72F_1045_YR2,17,381,0.8639455782312925,0.8639455782312925,late,,3.542856478260221,72,6-8yr,one_frog_too_many,440
ECSC_1045_2_72F_1045_YR2,18,388,0.8798185941043084,0.8798185941043084,late,,5.317522797335338,72,6-8yr,one_frog_too_many,440
ECSC_1045_2_72F_1045_YR2,19,396,0.8979591836734694,0.8979591836734694,late,,8.770983466323338,72,6-8yr,one_frog_too_many,440
ECSC_1045_3_72F_1045_YR3,0,256,0.4970873786407767,0.4970873786407767,mid,,4.623263162050071,72,6-8yr,frog_on_his_own,514
ECSC_1045_3_72F_1045_YR3,1,266,0.516504854368932,0.516504854368932,mid,,4.735474316690389,72,6-8yr,frog_on_his_own,514
ECSC_1045_3_72F_1045_YR3,2,277,0.537864077669903,0.537864077669903,mid,,4.45419531273841,72,6-8yr,frog_on_his_own,514
ECSC_1045_3_72F_1045_YR3,3,288,0.5592233009708738,0.5592233009708738,mid,,1.0607760678258735,72,6-8yr,frog_on_his_own,514
ECSC_1045_3_72F_1045_YR3,4,299,0.5805825242718446,0.5805825242718446,mid,,10.40787272051771,72,6-8yr,frog_on_his_own,514
ECSC_1045_3_72F_1045_YR3,5,310,0.6019417475728155,0.6019417475728155,mid,,11.3450622396739,72,6-8yr,frog_on_his_own,514
ECSC_1045_3_72F_1045_YR3,6,321,0.6233009708737864,0.6233009708737864,mid,,11.18038991066016,72,6-8yr,frog_on_his_own,514
ECSC_1045_3_72F_1045_YR3,7,332,0.6446601941747573,0.6446601941747573,mid,,5.318451070297632,72,6-8yr,frog_on_his_own,514
ECSC_1045_3_72F_1045_YR3,8,343,0.6660194174757281,0.6660194174757281,late,,1.6825108501452295,72,6-8yr,frog_on_his_own,514
ECSC_1045_3_72F_1045_YR3,9,354,0.6873786407766991,0.6873786407766991,late,,5.837347554130311,72,6-8yr,frog_on_his_own,514
ECSC_1045_3_72F_1045_YR3,10,364,0.7067961165048544,0.7067961165048544,late,,3.319027907061468,72,6-8yr,frog_on_his_own,514
ECSC_1045_3_72F_1045_YR3,11,375,0.7281553398058253,0.7281553398058253,late,,9.229362666624034,72,6-8yr,frog_on_his_own,514
ECSC_1045_3_72F_1045_YR3,12,386,0.7495145631067961,0.7495145631067961,late,,4.636418018276617,72,6-8yr,frog_on_his_own,514
ECSC_1045_3_72F_1045_YR3,13,397,0.7708737864077669,0.7708737864077669,late,,2.0848621388275212,72,6-8yr,frog_on_his_own,514
ECSC_1045_3_72F_1045_YR3,14,408,0.7922330097087379,0.7922330097087379,late,,0.5063976566972932,72,6-8yr,frog_on_his_own,514
ECSC_1045_3_72F_1045_YR3,15,419,0.8135922330097087,0.8135922330097087,late,,1.946106794376358,72,6-8yr,frog_on_his_own,514
ECSC_1045_3_72F_1045_YR3,16,430,0.8349514563106796,0.8349514563106796,late,,0.4966284753079728,72,6-8yr,frog_on_his_own,514
ECSC_1045_3_72F_1045_YR3,17,441,0.8563106796116505,0.8563106796116505,late,,2.487479503761909,72,6-8yr,frog_on_his_own,514
ECSC_1045_3_72F_1045_YR3,18,452,0.8776699029126214,0.8776699029126214,late,,4.302705894929057,72,6-8yr,frog_on_his_own,514
ECSC_1045_3_72F_1045_YR3,19,463,0.8990291262135922,0.8990291262135922,late,,4.77664008754682,72,6-8yr,frog_on_his_own,514
ECSC_2028_1_72F_2028_YR1,0,256,0.6666666666666666,0.6666666666666666,late,,2.6316567168078393,72,6-8yr,unknown,383
ECSC_2028_1_72F_2028_YR1,1,260,0.6770833333333334,0.6770833333333334,late,,3.0275041309891364,72,6-8yr,unknown,383
ECSC_2028_1_72F_2028_YR1,2,265,0.6901041666666666,0.6901041666666666,late,,3.11966782910908,72,6-8yr,unknown,383
ECSC_2028_1_72F_2028_YR1,3,269,0.7005208333333334,0.7005208333333334,late,,9.1469865168779,72,6-8yr,unknown,383
ECSC_2028_1_72F_2028_YR1,4,274,0.7135416666666666,0.7135416666666666,late,,7.498384443290831,72,6-8yr,unknown,383
ECSC_2028_1_72F_2028_YR1,5,279,0.7265625,0.7265625,late,,8.39602450677042,72,6-8yr,unknown,383
ECSC_2028_1_72F_2028_YR1,6,283,0.7369791666666666,0.7369791666666666,late,,12.07592507679659,72,6-8yr,unknown,383
ECSC_2028_1_72F_2028_YR1,7,288,0.75,0.75,late,,20.66150217634158,72,6-8yr,unknown,383
ECSC_2028_1_72F_2028_YR1,8,293,0.7630208333333334,0.7630208333333334,late,,21.966379847293787,72,6-8yr,unknown,383
ECSC_2028_1_72F_2028_YR1,9,297,0.7734375,0.7734375,late,,26.14929294825071,72,6-8yr,unknown,383
ECSC_2028_1_72F_2028_YR1,10,302,0.7864583333333334,0.7864583333333334,late,,25.301667049895016,72,6-8yr,unknown,383
ECSC_2028_1_72F_2028_YR1,11,306,0.796875,0.796875,late,,17.617519982439504,72,6-8yr,unknown,383
ECSC_2028_1_72F_2028_YR1,12,311,0.8098958333333334,0.8098958333333334,late,,11.510731766368448,72,6-8yr,unknown,383
ECSC_2028_1_72F_2028_YR1,13,316,0.8229166666666666,0.8229166666666666,late,,18.071022819960454,72,6-8yr,unknown,383
ECSC_2028_1_72F_2028_YR1,14,320,0.8333333333333334,0.8333333333333334,late,,8.560143731819954,72,6-8yr,unknown,383
ECSC_2028_1_72F_2028_YR1,15,325,0.8463541666666666,0.8463541666666666,late,,4.76635681449339,72,6-8yr,unknown,383
ECSC_2028_1_72F_2028_YR1,16,330,0.859375,0.859375,late,,3.232722040194849,72,6-8yr,unknown,383
ECSC_2028_1_72F_2028_YR1,17,334,0.8697916666666666,0.8697916666666666,late,,3.335999190371888,72,6-8yr,unknown,383
ECSC_2028_1_72F_2028_YR1,18,339,0.8828125,0.8828125,late,,9.319225916834377,72,6-8yr,unknown,383
ECSC_2028_1_72F_2028_YR1,19,344,0.8958333333333334,0.8958333333333334,late,,12.374286131072184,72,6-8yr,unknown,383
ECSC_4008_1_72F_4008_YR1,0,256,0.757396449704142,0.757396449704142,late,,2.952698245093341,72,6-8yr,unknown,337
ECSC_4008_1_72F_4008_YR1,1,258,0.7633136094674556,0.7633136094674556,late,,1.6884783625326456,72,6-8yr,unknown,337
ECSC_4008_1_72F_4008_YR1,2,260,0.7692307692307693,0.7692307692307693,late,,0.3677032592588531,72,6-8yr,unknown,337
ECSC_4008_1_72F_4008_YR1,3,262,0.7751479289940828,0.7751479289940828,late,,2.710820182283044,72,6-8yr,unknown,337
ECSC_4008_1_72F_4008_YR1,4,264,0.7810650887573964,0.7810650887573964,late,,0.9755392864646736,72,6-8yr,unknown,337
ECSC_4008_1_72F_4008_YR1,5,267,0.7899408284023669,0.7899408284023669,late,,0.5283312679337087,72,6-8yr,unknown,337
ECSC_4008_1_72F_4008_YR1,6,269,0.7958579881656804,0.7958579881656804,late,,1.1153541978770851,72,6-8yr,unknown,337
ECSC_4008_1_72F_4008_YR1,7,271,0.8017751479289941,0.8017751479289941,late,,3.5226184692989264,72,6-8yr,unknown,337
ECSC_4008_1_72F_4008_YR1,8,273,0.8076923076923077,0.8076923076923077,late,,6.110270054431009,72,6-8yr,unknown,337
ECSC_4008_1_72F_4008_YR1,9,275,0.8136094674556213,0.8136094674556213,late,,6.383662671101572,72,6-8yr,unknown,337
ECSC_4008_1_72F_4008_YR1,10,278,0.8224852071005917,0.8224852071005917,late,,6.656395323969651,72,6-8yr,unknown,337
ECSC_4008_1_72F_4008_YR1,11,280,0.8284023668639053,0.8284023668639053,late,,4.995580454064434,72,6-8yr,unknown,337
ECSC_4008_1_72F_4008_YR1,12,282,0.834319526627219,0.834319526627219,late,,6.257649784904675,72,6-8yr,unknown,337
ECSC_4008_1_72F_4008_YR1,13,284,0.8402366863905325,0.8402366863905325,late,,10.547240276222762,72,6-8yr,unknown,337
ECSC_4008_1_72F_4008_YR1,14,286,0.8461538461538461,0.8461538461538461,late,,12.580412014505011,72,6-8yr,unknown,337
ECSC_4008_1_72F_4008_YR1,15,289,0.8550295857988166,0.8550295857988166,late,,10.511482581454173,72,6-8yr,unknown,337
ECSC_4008_1_72F_4008_YR1,16,291,0.8609467455621301,0.8609467455621301,late,,12.276479725585542,72,6-8yr,unknown,337
ECSC_4008_1_72F_4008_YR1,17,293,0.8668639053254438,0.8668639053254438,late,,15.651743143264556,72,6-8yr,unknown,337
ECSC_4008_1_72F_4008_YR1,18,295,0.8727810650887574,0.8727810650887574,late,,9.82980766118598,72,6-8yr,unknown,337
ECSC_4008_1_72F_4008_YR1,19,298,0.8816568047337278,0.8816568047337278,late,,4.929011733067508,72,6-8yr,unknown,337
ECSC_2007_1_72M_2007_YR1,0,256,0.491362763915547,0.491362763915547,mid,,7.113327031595595,72,6-8yr,unknown,520
ECSC_2007_1_72M_2007_YR1,1,267,0.5124760076775432,0.5124760076775432,mid,,8.03273698278336,72,6-8yr,unknown,520
ECSC_2007_1_72M_2007_YR1,2,278,0.5335892514395394,0.5335892514395394,mid,,5.9916789281618765,72,6-8yr,unknown,520
ECSC_2007_1_72M_2007_YR1,3,289,0.5547024952015355,0.5547024952015355,mid,,2.785174640854531,72,6-8yr,unknown,520
ECSC_2007_1_72M_2007_YR1,4,300,0.5758157389635317,0.5758157389635317,mid,,7.501423033547024,72,6-8yr,unknown,520
ECSC_2007_1_72M_2007_YR1,5,311,0.5969289827255279,0.5969289827255279,mid,,8.436374081247024,72,6-8yr,unknown,520
ECSC_2007_1_72M_2007_YR1,6,322,0.6180422264875239,0.6180422264875239,mid,,6.0895637424767415,72,6-8yr,unknown,520
ECSC_2007_1_72M_2007_YR1,7,334,0.6410748560460653,0.6410748560460653,mid,,4.264867759470732,72,6-8yr,unknown,520
ECSC_2007_1_72M_2007_YR1,8,345,0.6621880998080614,0.6621880998080614,late,,3.460739601184031,72,6-8yr,unknown,520
ECSC_2007_1_72M_2007_YR1,9,356,0.6833013435700576,0.6833013435700576,late,,2.86543136743958,72,6-8yr,unknown,520
ECSC_2007_1_72M_2007_YR1,10,367,0.7044145873320538,0.7044145873320538,late,,-0.6063981095252906,72,6-8yr,unknown,520
ECSC_2007_1_72M_2007_YR1,11,378,0.72552783109405,0.72552783109405,late,,0.8342824485530311,72,6-8yr,unknown,520
ECSC_2007_1_72M_2007_YR1,12,389,0.746641074856046,0.746641074856046,late,,-0.0625694099945288,72,6-8yr,unknown,520
ECSC_2007_1_72M_2007_YR1,13,401,0.7696737044145874,0.7696737044145874,late,,1.4213458457402623,72,6-8yr,unknown,520
ECSC_2007_1_72M_2007_YR1,14,412,0.7907869481765835,0.7907869481765835,late,,5.95642521760163,72,6-8yr,unknown,520
ECSC_2007_1_72M_2007_YR1,15,423,0.8119001919385797,0.8119001919385797,late,,3.529020975672868,72,6-8yr,unknown,520
ECSC_2007_1_72M_2007_YR1,16,434,0.8330134357005758,0.8330134357005758,late,,-0.0035867116816987,72,6-8yr,unknown,520
ECSC_2007_1_72M_2007_YR1,17,445,0.8541266794625719,0.8541266794625719,late,,-0.8374215594805428,72,6-8yr,unknown,520
ECSC_2007_1_72M_2007_YR1,18,456,0.8752399232245681,0.8752399232245681,late,,2.5993156499796655,72,6-8yr,unknown,520
ECSC_2007_1_72M_2007_YR1,19,468,0.8982725527831094,0.8982725527831094,late,,6.660283581061339,72,6-8yr,unknown,520
ECSC_2007_2_72M_2007_YR2,0,256,0.3506849315068493,0.3506849315068493,early,,2.9808067353274836,72,6-8yr,unknown,729
ECSC_2007_2_72M_2007_YR2,1,277,0.3794520547945205,0.3794520547945205,early,,6.371934454575454,72,6-8yr,unknown,729
ECSC_2007_2_72M_2007_YR2,2,298,0.4082191780821917,0.4082191780821917,early,,19.400963969488828,72,6-8yr,unknown,729
ECSC_2007_2_72M_2007_YR2,3,319,0.436986301369863,0.436986301369863,mid,,6.2232305097835905,72,6-8yr,unknown,729
ECSC_2007_2_72M_2007_YR2,4,340,0.4657534246575342,0.4657534246575342,mid,,4.846481364740498,72,6-8yr,unknown,729
ECSC_2007_2_72M_2007_YR2,5,361,0.4945205479452055,0.4945205479452055,mid,,3.3052345865858843,72,6-8yr,unknown,729
ECSC_2007_2_72M_2007_YR2,6,382,0.5232876712328767,0.5232876712328767,mid,,3.8771867248110783,72,6-8yr,unknown,729
ECSC_2007_2_72M_2007_YR2,7,403,0.552054794520548,0.552054794520548,mid,,2.897122655246732,72,6-8yr,unknown,729
ECSC_2007_2_72M_2007_YR2,8,424,0.5808219178082191,0.5808219178082191,mid,,4.270240159810836,72,6-8yr,unknown,729
ECSC_2007_2_72M_2007_YR2,9,445,0.6095890410958904,0.6095890410958904,mid,,3.1169493152386742,72,6-8yr,unknown,729
ECSC_2007_2_72M_2007_YR2,10,467,0.6397260273972603,0.6397260273972603,mid,,0.0750216500308571,72,6-8yr,unknown,729
ECSC_2007_2_72M_2007_YR2,11,488,0.6684931506849315,0.6684931506849315,late,,9.38743863527968,72,6-8yr,unknown,729
ECSC_2007_2_72M_2007_YR2,12,509,0.6972602739726027,0.6972602739726027,late,,5.841670796803367,72,6-8yr,unknown,729
ECSC_2007_2_72M_2007_YR2,13,530,0.726027397260274,0.726027397260274,late,,12.877396066701971,72,6-8yr,unknown,729
ECSC_2007_2_72M_2007_YR2,14,551,0.7547945205479452,0.7547945205479452,late,,6.608605746839912,72,6-8yr,unknown,729
ECSC_2007_2_72M_2007_YR2,15,572,0.7835616438356164,0.7835616438356164,late,,1.0645780311378896,72,6-8yr,unknown,729
ECSC_2007_2_72M_2007_YR2,16,593,0.8123287671232877,0.8123287671232877,late,,0.5066042186676238,72,6-8yr,unknown,729
ECSC_2007_2_72M_2007_YR2,17,614,0.8410958904109589,0.8410958904109589,late,,1.5513766803744635,72,6-8yr,unknown,729
ECSC_2007_2_72M_2007_YR2,18,635,0.8698630136986302,0.8698630136986302,late,,2.192062484676729,72,6-8yr,unknown,729
ECSC_2007_2_72M_2007_YR2,19,657,0.9,0.9,late,1.4354327573504089,0.635957949991063,72,6-8yr,unknown,729
ECSC_2004_1_73M_2004_YR1,0,256,0.7441860465116279,0.7441860465116279,late,,5.8297502713095355,73,6-8yr,unknown,343
ECSC_2004_1_73M_2004_YR1,1,258,0.75,0.75,late,,3.002234077871833,73,6-8yr,unknown,343
ECSC_2004_1_73M_2004_YR1,2,261,0.7587209302325582,0.7587209302325582,late,,9.175001435421208,73,6-8yr,unknown,343
ECSC_2004_1_73M_2004_YR1,3,263,0.7645348837209303,0.7645348837209303,late,,9.593318399724431,73,6-8yr,unknown,343
ECSC_2004_1_73M_2004_YR1,4,266,0.7732558139534884,0.7732558139534884,late,,15.014066718179926,73,6-8yr,unknown,343
ECSC_2004_1_73M_2004_YR1,5,268,0.7790697674418605,0.7790697674418605,late,,12.708113297891863,73,6-8yr,unknown,343
ECSC_2004_1_73M_2004_YR1,6,271,0.7877906976744186,0.7877906976744186,late,,13.8237254421878,73,6-8yr,unknown,343
ECSC_2004_1_73M_2004_YR1,7,273,0.7936046511627907,0.7936046511627907,late,,8.193341899583384,73,6-8yr,unknown,343
ECSC_2004_1_73M_2004_YR1,8,276,0.8023255813953488,0.8023255813953488,late,,7.468572094151426,73,6-8yr,unknown,343
ECSC_2004_1_73M_2004_YR1,9,278,0.8081395348837209,0.8081395348837209,late,,7.7078703433315425,73,6-8yr,unknown,343
ECSC_2004_1_73M_2004_YR1,10,281,0.8168604651162791,0.8168604651162791,late,,9.566324601357728,73,6-8yr,unknown,343
ECSC_2004_1_73M_2004_YR1,11,283,0.8226744186046512,0.8226744186046512,late,,14.721283112551616,73,6-8yr,unknown,343
ECSC_2004_1_73M_2004_YR1,12,286,0.8313953488372093,0.8313953488372093,late,,14.698087012540904,73,6-8yr,unknown,343
ECSC_2004_1_73M_2004_YR1,13,288,0.8372093023255814,0.8372093023255814,late,,22.68152955044459,73,6-8yr,unknown,343
ECSC_2004_1_73M_2004_YR1,14,291,0.8459302325581395,0.8459302325581395,late,,22.62335860973553,73,6-8yr,unknown,343
ECSC_2004_1_73M_2004_YR1,15,293,0.8517441860465116,0.8517441860465116,late,,21.22666959603164,73,6-8yr,unknown,343
ECSC_2004_1_73M_2004_YR1,16,296,0.8604651162790697,0.8604651162790697,late,,13.535466281807524,73,6-8yr,unknown,343
ECSC_2004_1_73M_2004_YR1,17,298,0.8662790697674418,0.8662790697674418,late,,9.479096260241365,73,6-8yr,unknown,343
ECSC_2004_1_73M_2004_YR1,18,301,0.875,0.875,late,,5.524407660913319,73,6-8yr,unknown,343
ECSC_2004_1_73M_2004_YR1,19,304,0.8837209302325582,0.8837209302325582,late,,2.9206885769233004,73,6-8yr,unknown,343
ECSC_4010_1_73M_4010_YR1,0,256,0.6580976863753213,0.6580976863753213,mid,,14.637958245421864,73,6-8yr,unknown,388
ECSC_4010_1_73M_4010_YR1,1,260,0.6683804627249358,0.6683804627249358,late,,14.019510855510974,73,6-8yr,unknown,388
ECSC_4010_1_73M_4010_YR1,2,265,0.6812339331619537,0.6812339331619537,late,,15.64340747300674,73,6-8yr,unknown,388
ECSC_4010_1_73M_4010_YR1,3,270,0.6940874035989717,0.6940874035989717,late,,7.960062973814907,73,6-8yr,unknown,388
ECSC_4010_1_73M_4010_YR1,4,275,0.7069408740359897,0.7069408740359897,late,,6.303563334693701,73,6-8yr,unknown,388
ECSC_4010_1_73M_4010_YR1,5,280,0.7197943444730077,0.7197943444730077,late,,2.646111513772535,73,6-8yr,unknown,388
ECSC_4010_1_73M_4010_YR1,6,285,0.7326478149100257,0.7326478149100257,late,,7.8314436471442175,73,6-8yr,unknown,388
ECSC_4010_1_73M_4010_YR1,7,290,0.7455012853470437,0.7455012853470437,late,,9.94239564334418,73,6-8yr,unknown,388
ECSC_4010_1_73M_4010_YR1,8,295,0.7583547557840618,0.7583547557840618,late,,13.657121360150333,73,6-8yr,unknown,388
ECSC_4010_1_73M_4010_YR1,9,300,0.7712082262210797,0.7712082262210797,late,,14.041838149134588,73,6-8yr,unknown,388
ECSC_4010_1_73M_4010_YR1,10,304,0.781491002570694,0.781491002570694,late,,11.06760056474596,73,6-8yr,unknown,388
ECSC_4010_1_73M_4010_YR1,11,309,0.794344473007712,0.794344473007712,late,,14.05373821791648,73,6-8yr,unknown,388
ECSC_4010_1_73M_4010_YR1,12,314,0.8071979434447301,0.8071979434447301,late,,13.323568706852804,73,6-8yr,unknown,388
ECSC_4010_1_73M_4010_YR1,13,319,0.8200514138817481,0.8200514138817481,late,,16.927250122938112,73,6-8yr,unknown,388
ECSC_4010_1_73M_4010_YR1,14,324,0.8329048843187661,0.8329048843187661,late,,8.885555233121567,73,6-8yr,unknown,388
ECSC_4010_1_73M_4010_YR1,15,329,0.8457583547557841,0.8457583547557841,late,,5.637331290924719,73,6-8yr,unknown,388
ECSC_4010_1_73M_4010_YR1,16,334,0.8586118251928021,0.8586118251928021,late,,5.073268583864268,73,6-8yr,unknown,388
ECSC_4010_1_73M_4010_YR1,17,339,0.87146529562982,0.87146529562982,late,,4.391970602026159,73,6-8yr,unknown,388
ECSC_4010_1_73M_4010_YR1,18,344,0.884318766066838,0.884318766066838,late,,6.343309267545289,73,6-8yr,unknown,388
ECSC_4010_1_73M_4010_YR1,19,349,0.897172236503856,0.897172236503856,late,,9.62104198535418,73,6-8yr,unknown,388
ECSC_1092_1_74F_1092_YR1,0,256,0.460431654676259,0.460431654676259,mid,,3.024547530256722,74,6-8yr,boy_dog_frog,555
ECSC_1092_1_74F_1092_YR1,1,268,0.4820143884892086,0.4820143884892086,mid,,5.058655273454422,74,6-8yr,boy_dog_frog,555
ECSC_1092_1_74F_1092_YR1,2,281,0.5053956834532374,0.5053956834532374,mid,,11.40451824727385,74,6-8yr,boy_dog_frog,555
ECSC_1092_1_74F_1092_YR1,3,294,0.5287769784172662,0.5287769784172662,mid,,8.02300116256613,74,6-8yr,boy_dog_frog,555
ECSC_1092_1_74F_1092_YR1,4,307,0.552158273381295,0.552158273381295,mid,,12.22329926070982,74,6-8yr,boy_dog_frog,555
ECSC_1092_1_74F_1092_YR1,5,320,0.5755395683453237,0.5755395683453237,mid,,8.481552193852487,74,6-8yr,boy_dog_frog,555
ECSC_1092_1_74F_1092_YR1,6,333,0.5989208633093526,0.5989208633093526,mid,,2.5282916882962,74,6-8yr,boy_dog_frog,555
ECSC_1092_1_74F_1092_YR1,7,345,0.6205035971223022,0.6205035971223022,mid,,5.556880505949901,74,6-8yr,boy_dog_frog,555
ECSC_1092_1_74F_1092_YR1,8,358,0.6438848920863309,0.6438848920863309,mid,,5.903440717325067,74,6-8yr,boy_dog_frog,555
ECSC_1092_1_74F_1092_YR1,9,371,0.6672661870503597,0.6672661870503597,late,,6.958685456625139,74,6-8yr,boy_dog_frog,555
ECSC_1092_1_74F_1092_YR1,10,384,0.6906474820143885,0.6906474820143885,late,,7.092712473063118,74,6-8yr,boy_dog_frog,555
ECSC_1092_1_74F_1092_YR1,11,397,0.7140287769784173,0.7140287769784173,late,,4.424701076254568,74,6-8yr,boy_dog_frog,555
ECSC_1092_1_74F_1092_YR1,12,410,0.737410071942446,0.737410071942446,late,,13.180865550292168,74,6-8yr,boy_dog_frog,555
ECSC_1092_1_74F_1092_YR1,13,422,0.7589928057553957,0.7589928057553957,late,,36.96520690959424,74,6-8yr,boy_dog_frog,555
ECSC_1092_1_74F_1092_YR1,14,435,0.7823741007194245,0.7823741007194245,late,,16.352957447237607,74,6-8yr,boy_dog_frog,555
ECSC_1092_1_74F_1092_YR1,15,448,0.8057553956834532,0.8057553956834532,late,,4.247995838654944,74,6-8yr,boy_dog_frog,555
ECSC_1092_1_74F_1092_YR1,16,461,0.829136690647482,0.829136690647482,late,,9.317295888534725,74,6-8yr,boy_dog_frog,555
ECSC_1092_1_74F_1092_YR1,17,474,0.8525179856115108,0.8525179856115108,late,,2.5368654305682075,74,6-8yr,boy_dog_frog,555
ECSC_1092_1_74F_1092_YR1,18,487,0.8758992805755396,0.8758992805755396,late,,8.154765701750545,74,6-8yr,boy_dog_frog,555
ECSC_1092_1_74F_1092_YR1,19,500,0.8992805755395683,0.8992805755395683,late,,8.226259181444293,74,6-8yr,boy_dog_frog,555
ECSC_1092_2_74F_1092_YR2,0,256,0.378698224852071,0.378698224852071,early,,5.002864343438164,74,6-8yr,frog_where_are_you,675
ECSC_1092_2_74F_1092_YR2,1,274,0.4053254437869822,0.4053254437869822,early,,8.392238046902655,74,6-8yr,frog_where_are_you,675
ECSC_1092_2_74F_1092_YR2,2,293,0.4334319526627219,0.4334319526627219,mid,,4.551575741323068,74,6-8yr,frog_where_are_you,675
ECSC_1092_2_74F_1092_YR2,3,311,0.4600591715976331,0.4600591715976331,mid,,17.49829448057803,74,6-8yr,frog_where_are_you,675
ECSC_1092_2_74F_1092_YR2,4,330,0.4881656804733728,0.4881656804733728,mid,,7.387139985326701,74,6-8yr,frog_where_are_you,675
ECSC_1092_2_74F_1092_YR2,5,348,0.514792899408284,0.514792899408284,mid,,5.871575537832975,74,6-8yr,frog_where_are_you,675
ECSC_1092_2_74F_1092_YR2,6,367,0.5428994082840237,0.5428994082840237,mid,,10.29750431501946,74,6-8yr,frog_where_are_you,675
ECSC_1092_2_74F_1092_YR2,7,385,0.5695266272189349,0.5695266272189349,mid,,10.791101471382367,74,6-8yr,frog_where_are_you,675
ECSC_1092_2_74F_1092_YR2,8,404,0.5976331360946746,0.5976331360946746,mid,,13.320061706486708,74,6-8yr,frog_where_are_you,675
ECSC_1092_2_74F_1092_YR2,9,422,0.6242603550295858,0.6242603550295858,mid,,11.285836745350773,74,6-8yr,frog_where_are_you,675
ECSC_1092_2_74F_1092_YR2,10,441,0.6523668639053254,0.6523668639053254,mid,,11.018371654121957,74,6-8yr,frog_where_are_you,675
ECSC_1092_2_74F_1092_YR2,11,459,0.6789940828402367,0.6789940828402367,late,,7.881581755576022,74,6-8yr,frog_where_are_you,675
ECSC_1092_2_74F_1092_YR2,12,478,0.7071005917159763,0.7071005917159763,late,,8.779485753457891,74,6-8yr,frog_where_are_you,675
ECSC_1092_2_74F_1092_YR2,13,496,0.7337278106508875,0.7337278106508875,late,,2.1647444858438867,74,6-8yr,frog_where_are_you,675
ECSC_1092_2_74F_1092_YR2,14,515,0.7618343195266272,0.7618343195266272,late,,6.106024087733722,74,6-8yr,frog_where_are_you,675
ECSC_1092_2_74F_1092_YR2,15,533,0.7884615384615384,0.7884615384615384,late,,10.623473206518971,74,6-8yr,frog_where_are_you,675
ECSC_1092_2_74F_1092_YR2,16,552,0.8165680473372781,0.8165680473372781,late,4.796837495556664,3.0912282817328194,74,6-8yr,frog_where_are_you,675
ECSC_1092_2_74F_1092_YR2,17,570,0.8431952662721893,0.8431952662721893,late,,6.716590640383139,74,6-8yr,frog_where_are_you,675
ECSC_1092_2_74F_1092_YR2,18,589,0.871301775147929,0.871301775147929,late,,3.2033214693538667,74,6-8yr,frog_where_are_you,675
ECSC_1092_2_74F_1092_YR2,19,608,0.8994082840236687,0.8994082840236687,late,2.142614278314418,1.819673286996487,74,6-8yr,frog_where_are_you,675
ECSC_1092_3_74F_1092_YR3,0,256,0.4499121265377855,0.4499121265377855,mid,,18.459312822391965,74,6-8yr,one_frog_too_many,568
ECSC_1092_3_74F_1092_YR3,1,269,0.4727592267135325,0.4727592267135325,mid,,16.166367971207396,74,6-8yr,one_frog_too_many,568
ECSC_1092_3_74F_1092_YR3,2,282,0.4956063268892794,0.4956063268892794,mid,,12.86235086090516,74,6-8yr,one_frog_too_many,568
ECSC_1092_3_74F_1092_YR3,3,296,0.5202108963093146,0.5202108963093146,mid,,15.668212802796296,74,6-8yr,one_frog_too_many,568
ECSC_1092_3_74F_1092_YR3,4,309,0.5430579964850615,0.5430579964850615,mid,,2.0840729139687895,74,6-8yr,one_frog_too_many,568
ECSC_1092_3_74F_1092_YR3,5,323,0.5676625659050967,0.5676625659050967,mid,,7.692811885519541,74,6-8yr,one_frog_too_many,568
ECSC_1092_3_74F_1092_YR3,6,336,0.5905096660808435,0.5905096660808435,mid,,27.779211666951703,74,6-8yr,one_frog_too_many,568
ECSC_1092_3_74F_1092_YR3,7,350,0.6151142355008787,0.6151142355008787,mid,,37.97484871558579,74,6-8yr,one_frog_too_many,568
ECSC_1092_3_74F_1092_YR3,8,363,0.6379613356766256,0.6379613356766256,mid,,60.16227037436407,74,6-8yr,one_frog_too_many,568
ECSC_1092_3_74F_1092_YR3,9,377,0.6625659050966608,0.6625659050966608,late,,43.34002215829961,74,6-8yr,one_frog_too_many,568
ECSC_1092_3_74F_1092_YR3,10,390,0.6854130052724078,0.6854130052724078,late,,62.18045007884071,74,6-8yr,one_frog_too_many,568
ECSC_1092_3_74F_1092_YR3,11,404,0.7100175746924429,0.7100175746924429,late,,26.404895658839497,74,6-8yr,one_frog_too_many,568
ECSC_1092_3_74F_1092_YR3,12,417,0.7328646748681898,0.7328646748681898,late,,12.364230303023264,74,6-8yr,one_frog_too_many,568
ECSC_1092_3_74F_1092_YR3,13,431,0.7574692442882249,0.7574692442882249,late,,15.127040094132338,74,6-8yr,one_frog_too_many,568
ECSC_1092_3_74F_1092_YR3,14,444,0.7803163444639719,0.7803163444639719,late,,9.26435433063989,74,6-8yr,one_frog_too_many,568
ECSC_1092_3_74F_1092_YR3,15,458,0.804920913884007,0.804920913884007,late,,8.04914376911421,74,6-8yr,one_frog_too_many,568
ECSC_1092_3_74F_1092_YR3,16,471,0.827768014059754,0.827768014059754,late,,12.353471825592532,74,6-8yr,one_frog_too_many,568
ECSC_1092_3_74F_1092_YR3,17,485,0.8523725834797891,0.8523725834797891,late,,13.874647532875713,74,6-8yr,one_frog_too_many,568
ECSC_1092_3_74F_1092_YR3,18,498,0.875219683655536,0.875219683655536,late,,11.08097607265632,74,6-8yr,one_frog_too_many,568
ECSC_1092_3_74F_1092_YR3,19,512,0.8998242530755711,0.8998242530755711,late,,2.03676128994557,74,6-8yr,one_frog_too_many,568
ECSC_2029_1_74F_2029_YR1,0,256,0.5663716814159292,0.5663716814159292,mid,,8.994112200851937,74,6-8yr,unknown,451
ECSC_2029_1_74F_2029_YR1,1,263,0.581858407079646,0.581858407079646,mid,,16.37617743152483,74,6-8yr,unknown,451
ECSC_2029_1_74F_2029_YR1,2,271,0.5995575221238938,0.5995575221238938,mid,,18.73658087518416,74,6-8yr,unknown,451
ECSC_2029_1_74F_2029_YR1,3,279,0.6172566371681416,0.6172566371681416,mid,,17.415289131174504,74,6-8yr,unknown,451
ECSC_2029_1_74F_2029_YR1,4,287,0.6349557522123894,0.6349557522123894,mid,,19.15772562085203,74,6-8yr,unknown,451
ECSC_2029_1_74F_2029_YR1,5,295,0.6526548672566371,0.6526548672566371,mid,,16.65098060123567,74,6-8yr,unknown,451
ECSC_2029_1_74F_2029_YR1,6,303,0.6703539823008849,0.6703539823008849,late,,15.53327886785586,74,6-8yr,unknown,451
ECSC_2029_1_74F_2029_YR1,7,311,0.6880530973451328,0.6880530973451328,late,,8.008019225181933,74,6-8yr,unknown,451
ECSC_2029_1_74F_2029_YR1,8,319,0.7057522123893806,0.7057522123893806,late,,6.640233905503301,74,6-8yr,unknown,451
ECSC_2029_1_74F_2029_YR1,9,327,0.7234513274336283,0.7234513274336283,late,,8.500168358187596,74,6-8yr,unknown,451
ECSC_2029_1_74F_2029_YR1,10,334,0.7389380530973452,0.7389380530973452,late,,29.194622808311667,74,6-8yr,unknown,451
ECSC_2029_1_74F_2029_YR1,11,342,0.7566371681415929,0.7566371681415929,late,,23.880630965014372,74,6-8yr,unknown,451
ECSC_2029_1_74F_2029_YR1,12,350,0.7743362831858407,0.7743362831858407,late,,18.32712993242788,74,6-8yr,unknown,451
ECSC_2029_1_74F_2029_YR1,13,358,0.7920353982300885,0.7920353982300885,late,,17.2378262305786,74,6-8yr,unknown,451
ECSC_2029_1_74F_2029_YR1,14,366,0.8097345132743363,0.8097345132743363,late,,13.86794572006793,74,6-8yr,unknown,451
ECSC_2029_1_74F_2029_YR1,15,374,0.827433628318584,0.827433628318584,late,,4.29940827683896,74,6-8yr,unknown,451
ECSC_2029_1_74F_2029_YR1,16,382,0.8451327433628318,0.8451327433628318,late,,4.274985096807113,74,6-8yr,unknown,451
ECSC_2029_1_74F_2029_YR1,17,390,0.8628318584070797,0.8628318584070797,late,,12.321130958127425,74,6-8yr,unknown,451
ECSC_2029_1_74F_2029_YR1,18,398,0.8805309734513275,0.8805309734513275,late,,13.82047851357946,74,6-8yr,unknown,451
ECSC_2029_1_74F_2029_YR1,19,406,0.8982300884955752,0.8982300884955752,late,,14.535737709811414,74,6-8yr,unknown,451
ECSC_2029_2_74F_2029_YR2,0,256,0.5688888888888889,0.5688888888888889,mid,,1.1502971601186849,74,6-8yr,unknown,449
ECSC_2029_2_74F_2029_YR2,1,263,0.5844444444444444,0.5844444444444444,mid,,4.213745014412304,74,6-8yr,unknown,449
ECSC_2029_2_74F_2029_YR2,2,271,0.6022222222222222,0.6022222222222222,mid,,7.270154764228916,74,6-8yr,unknown,449
ECSC_2029_2_74F_2029_YR2,3,279,0.62,0.62,mid,,6.328300080240142,74,6-8yr,unknown,449
ECSC_2029_2_74F_2029_YR2,4,287,0.6377777777777778,0.6377777777777778,mid,,8.602805135479356,74,6-8yr,unknown,449
ECSC_2029_2_74F_2029_YR2,5,295,0.6555555555555556,0.6555555555555556,mid,,10.997579729218716,74,6-8yr,unknown,449
ECSC_2029_2_74F_2029_YR2,6,303,0.6733333333333333,0.6733333333333333,late,,9.262649764015578,74,6-8yr,unknown,449
ECSC_2029_2_74F_2029_YR2,7,310,0.6888888888888889,0.6888888888888889,late,,19.7853605591853,74,6-8yr,unknown,449
ECSC_2029_2_74F_2029_YR2,8,318,0.7066666666666667,0.7066666666666667,late,,27.25134580346289,74,6-8yr,unknown,449
ECSC_2029_2_74F_2029_YR2,9,326,0.7244444444444444,0.7244444444444444,late,,37.66020361881813,74,6-8yr,unknown,449
ECSC_2029_2_74F_2029_YR2,10,334,0.7422222222222222,0.7422222222222222,late,,6.584733535013022,74,6-8yr,unknown,449
ECSC_2029_2_74F_2029_YR2,11,342,0.76,0.76,late,,4.169546488954307,74,6-8yr,unknown,449
ECSC_2029_2_74F_2029_YR2,12,350,0.7777777777777778,0.7777777777777778,late,,2.6456454424653497,74,6-8yr,unknown,449
ECSC_2029_2_74F_2029_YR2,13,357,0.7933333333333333,0.7933333333333333,late,,-0.046951040441403,74,6-8yr,unknown,449
ECSC_2029_2_74F_2029_YR2,14,365,0.8111111111111111,0.8111111111111111,late,,1.3445083846412391,74,6-8yr,unknown,449
ECSC_2029_2_74F_2029_YR2,15,373,0.8288888888888889,0.8288888888888889,late,,1.5592354168087257,74,6-8yr,unknown,449
ECSC_2029_2_74F_2029_YR2,16,381,0.8466666666666667,0.8466666666666667,late,,4.6142976858153695,74,6-8yr,unknown,449
ECSC_2029_2_74F_2029_YR2,17,389,0.8644444444444445,0.8644444444444445,late,,13.658961938881962,74,6-8yr,unknown,449
ECSC_2029_2_74F_2029_YR2,18,397,0.8822222222222222,0.8822222222222222,late,,18.009034537681924,74,6-8yr,unknown,449
ECSC_2029_2_74F_2029_YR2,19,405,0.9,0.9,late,,24.743326909008736,74,6-8yr,unknown,449
ECSC_1072_1_74M_1072_YR1,0,256,0.6448362720403022,0.6448362720403022,mid,,1.107577016904667,74,6-8yr,frog_where_are_you,396
ECSC_1072_1_74M_1072_YR1,1,261,0.6574307304785895,0.6574307304785895,mid,,1.0736180085869993,74,6-8yr,frog_where_are_you,396
ECSC_1072_1_74M_1072_YR1,2,266,0.6700251889168766,0.6700251889168766,late,,-0.9025076300111614,74,6-8yr,frog_where_are_you,396
ECSC_1072_1_74M_1072_YR1,3,271,0.6826196473551638,0.6826196473551638,late,,-1.1854717315350791,74,6-8yr,frog_where_are_you,396
ECSC_1072_1_74M_1072_YR1,4,277,0.6977329974811083,0.6977329974811083,late,,-0.8234567881987616,74,6-8yr,frog_where_are_you,396
ECSC_1072_1_74M_1072_YR1,5,282,0.7103274559193955,0.7103274559193955,late,,2.461485867797892,74,6-8yr,frog_where_are_you,396
ECSC_1072_1_74M_1072_YR1,6,287,0.7229219143576826,0.7229219143576826,late,,3.9873235838664343,74,6-8yr,frog_where_are_you,396
ECSC_1072_1_74M_1072_YR1,7,293,0.7380352644836272,0.7380352644836272,late,,3.7054050589952183,74,6-8yr,frog_where_are_you,396
ECSC_1072_1_74M_1072_YR1,8,298,0.7506297229219143,0.7506297229219143,late,,4.771735134692614,74,6-8yr,frog_where_are_you,396
ECSC_1072_1_74M_1072_YR1,9,303,0.7632241813602015,0.7632241813602015,late,,4.156594246464447,74,6-8yr,frog_where_are_you,396
ECSC_1072_1_74M_1072_YR1,10,309,0.7783375314861462,0.7783375314861462,late,,19.01000140150625,74,6-8yr,frog_where_are_you,396
ECSC_1072_1_74M_1072_YR1,11,314,0.7909319899244333,0.7909319899244333,late,,15.82030752094718,74,6-8yr,frog_where_are_you,396
ECSC_1072_1_74M_1072_YR1,12,319,0.8035264483627204,0.8035264483627204,late,,10.21904568573362,74,6-8yr,frog_where_are_you,396
ECSC_1072_1_74M_1072_YR1,13,325,0.818639798488665,0.818639798488665,late,,8.122397141637007,74,6-8yr,frog_where_are_you,396
ECSC_1072_1_74M_1072_YR1,14,330,0.8312342569269522,0.8312342569269522,late,,8.168438080952395,74,6-8yr,frog_where_are_you,396
ECSC_1072_1_74M_1072_YR1,15,335,0.8438287153652393,0.8438287153652393,late,,9.818329331122944,74,6-8yr,frog_where_are_you,396
ECSC_1072_1_74M_1072_YR1,16,341,0.8589420654911839,0.8589420654911839,late,,10.06958559018951,74,6-8yr,frog_where_are_you,396
ECSC_1072_1_74M_1072_YR1,17,346,0.871536523929471,0.871536523929471,late,,2.2136940821243964,74,6-8yr,frog_where_are_you,396
ECSC_1072_1_74M_1072_YR1,18,351,0.8841309823677582,0.8841309823677582,late,,3.309794848222539,74,6-8yr,frog_where_are_you,396
ECSC_1072_1_74M_1072_YR1,19,357,0.8992443324937027,0.8992443324937027,late,,3.7168630424767497,74,6-8yr,frog_where_are_you,396
ECSC_1072_2_74M_1072_YR2,0,256,0.7231638418079096,0.7231638418079096,late,,4.037588717324272,74,6-8yr,one_frog_too_many,353
ECSC_1072_2_74M_1072_YR2,1,259,0.731638418079096,0.731638418079096,late,,3.095766775863032,74,6-8yr,one_frog_too_many,353
ECSC_1072_2_74M_1072_YR2,2,262,0.7401129943502824,0.7401129943502824,late,,2.898279035950395,74,6-8yr,one_frog_too_many,353
ECSC_1072_2_74M_1072_YR2,3,265,0.748587570621469,0.748587570621469,late,,2.4387603826878266,74,6-8yr,one_frog_too_many,353
ECSC_1072_2_74M_1072_YR2,4,268,0.7570621468926554,0.7570621468926554,late,,2.82566634430498,74,6-8yr,one_frog_too_many,353
ECSC_1072_2_74M_1072_YR2,5,271,0.7655367231638418,0.7655367231638418,late,,2.569751520052053,74,6-8yr,one_frog_too_many,353
ECSC_1072_2_74M_1072_YR2,6,274,0.7740112994350282,0.7740112994350282,late,,3.5262801261978955,74,6-8yr,one_frog_too_many,353
ECSC_1072_2_74M_1072_YR2,7,277,0.7824858757062146,0.7824858757062146,late,,3.2495198301415,74,6-8yr,one_frog_too_many,353
ECSC_1072_2_74M_1072_YR2,8,280,0.7909604519774012,0.7909604519774012,late,,3.2403744945132003,74,6-8yr,one_frog_too_many,353
ECSC_1072_2_74M_1072_YR2,9,283,0.7994350282485876,0.7994350282485876,late,,3.078644480214157,74,6-8yr,one_frog_too_many,353
ECSC_1072_2_74M_1072_YR2,10,286,0.807909604519774,0.807909604519774,late,,2.6954664050326533,74,6-8yr,one_frog_too_many,353
ECSC_1072_2_74M_1072_YR2,11,289,0.8163841807909604,0.8163841807909604,late,,2.983746692876492,74,6-8yr,one_frog_too_many,353
ECSC_1072_2_74M_1072_YR2,12,292,0.8248587570621468,0.8248587570621468,late,,2.477496819894313,74,6-8yr,one_frog_too_many,353
ECSC_1072_2_74M_1072_YR2,13,295,0.8333333333333334,0.8333333333333334,late,,1.7237654977990298,74,6-8yr,one_frog_too_many,353
ECSC_1072_2_74M_1072_YR2,14,298,0.8418079096045198,0.8418079096045198,late,,1.99320311862137,74,6-8yr,one_frog_too_many,353
ECSC_1072_2_74M_1072_YR2,15,301,0.8502824858757062,0.8502824858757062,late,,2.3841359785889784,74,6-8yr,one_frog_too_many,353
ECSC_1072_2_74M_1072_YR2,16,304,0.8587570621468926,0.8587570621468926,late,,2.2741741200520895,74,6-8yr,one_frog_too_many,353
ECSC_1072_2_74M_1072_YR2,17,307,0.867231638418079,0.867231638418079,late,,2.234308212260972,74,6-8yr,one_frog_too_many,353
ECSC_1072_2_74M_1072_YR2,18,310,0.8757062146892656,0.8757062146892656,late,,1.9341979677910943,74,6-8yr,one_frog_too_many,353
ECSC_1072_2_74M_1072_YR2,19,314,0.8870056497175142,0.8870056497175142,late,,2.905377328557557,74,6-8yr,one_frog_too_many,353
ECSC_1025_2_75F_1025_YR2,0,256,0.4723247232472324,0.4723247232472324,mid,,8.725269400583322,75,6-8yr,frog_where_are_you,541
ECSC_1025_2_75F_1025_YR2,1,268,0.4944649446494465,0.4944649446494465,mid,,5.372793593975379,75,6-8yr,frog_where_are_you,541
ECSC_1025_2_75F_1025_YR2,2,280,0.5166051660516605,0.5166051660516605,mid,,13.51066307275028,75,6-8yr,frog_where_are_you,541
ECSC_1025_2_75F_1025_YR2,3,292,0.5387453874538746,0.5387453874538746,mid,,15.246280524868258,75,6-8yr,frog_where_are_you,541
ECSC_1025_2_75F_1025_YR2,4,304,0.5608856088560885,0.5608856088560885,mid,,34.20927604531549,75,6-8yr,frog_where_are_you,541
ECSC_1025_2_75F_1025_YR2,5,316,0.5830258302583026,0.5830258302583026,mid,,12.569389281960648,75,6-8yr,frog_where_are_you,541
ECSC_1025_2_75F_1025_YR2,6,328,0.6051660516605166,0.6051660516605166,mid,,11.603987592381358,75,6-8yr,frog_where_are_you,541
ECSC_1025_2_75F_1025_YR2,7,341,0.6291512915129152,0.6291512915129152,mid,,5.090918775306317,75,6-8yr,frog_where_are_you,541
ECSC_1025_2_75F_1025_YR2,8,353,0.6512915129151291,0.6512915129151291,mid,,2.881980351524182,75,6-8yr,frog_where_are_you,541
ECSC_1025_2_75F_1025_YR2,9,365,0.6734317343173432,0.6734317343173432,late,,0.8815051045096478,75,6-8yr,frog_where_are_you,541
ECSC_1025_2_75F_1025_YR2,10,377,0.6955719557195572,0.6955719557195572,late,,2.7835666686537266,75,6-8yr,frog_where_are_you,541
ECSC_1025_2_75F_1025_YR2,11,389,0.7177121771217713,0.7177121771217713,late,,2.6743470630345403,75,6-8yr,frog_where_are_you,541
ECSC_1025_2_75F_1025_YR2,12,401,0.7398523985239852,0.7398523985239852,late,,14.906327803367947,75,6-8yr,frog_where_are_you,541
ECSC_1025_2_75F_1025_YR2,13,414,0.7638376383763837,0.7638376383763837,late,,10.400625911249987,75,6-8yr,frog_where_are_you,541
ECSC_1025_2_75F_1025_YR2,14,426,0.7859778597785978,0.7859778597785978,late,,15.622556408235528,75,6-8yr,frog_where_are_you,541
ECSC_1025_2_75F_1025_YR2,15,438,0.8081180811808119,0.8081180811808119,late,,6.7483741380869375,75,6-8yr,frog_where_are_you,541
ECSC_1025_2_75F_1025_YR2,16,450,0.8302583025830258,0.8302583025830258,late,,3.126327037740989,75,6-8yr,frog_where_are_you,541
ECSC_1025_2_75F_1025_YR2,17,462,0.8523985239852399,0.8523985239852399,late,,3.963110205810393,75,6-8yr,frog_where_are_you,541
ECSC_1025_2_75F_1025_YR2,18,474,0.8745387453874539,0.8745387453874539,late,,2.9754705936759684,75,6-8yr,frog_where_are_you,541
ECSC_1025_2_75F_1025_YR2,19,487,0.8985239852398524,0.8985239852398524,late,,4.0233899811580205,75,6-8yr,frog_where_are_you,541
ECSC_1042_1_75F_1042_YR1,0,256,0.8366013071895425,0.8366013071895425,late,,4.459381940797757,75,6-8yr,boy_dog_frog,305
ECSC_1042_1_75F_1042_YR1,1,256,0.8366013071895425,0.8366013071895425,late,,4.459381940797757,75,6-8yr,boy_dog_frog,305
ECSC_1042_1_75F_1042_YR1,2,257,0.8398692810457516,0.8398692810457516,late,,8.613737246376012,75,6-8yr,boy_dog_frog,305
ECSC_1042_1_75F_1042_YR1,3,257,0.8398692810457516,0.8398692810457516,late,,8.613737246376012,75,6-8yr,boy_dog_frog,305
ECSC_1042_1_75F_1042_YR1,4,258,0.8431372549019608,0.8431372549019608,late,,7.383665649169023,75,6-8yr,boy_dog_frog,305
ECSC_1042_1_75F_1042_YR1,5,258,0.8431372549019608,0.8431372549019608,late,,7.383665649169023,75,6-8yr,boy_dog_frog,305
ECSC_1042_1_75F_1042_YR1,6,259,0.8464052287581699,0.8464052287581699,late,,6.7814225669260555,75,6-8yr,boy_dog_frog,305
ECSC_1042_1_75F_1042_YR1,7,259,0.8464052287581699,0.8464052287581699,late,,6.7814225669260555,75,6-8yr,boy_dog_frog,305
ECSC_1042_1_75F_1042_YR1,8,260,0.8496732026143791,0.8496732026143791,late,,4.478903839708561,75,6-8yr,boy_dog_frog,305
ECSC_1042_1_75F_1042_YR1,9,260,0.8496732026143791,0.8496732026143791,late,,4.478903839708561,75,6-8yr,boy_dog_frog,305
ECSC_1042_1_75F_1042_YR1,10,261,0.8529411764705882,0.8529411764705882,late,,3.4429552788234385,75,6-8yr,boy_dog_frog,305
ECSC_1042_1_75F_1042_YR1,11,261,0.8529411764705882,0.8529411764705882,late,,3.4429552788234385,75,6-8yr,boy_dog_frog,305
ECSC_1042_1_75F_1042_YR1,12,262,0.8562091503267973,0.8562091503267973,late,,3.2590121363262092,75,6-8yr,boy_dog_frog,305
ECSC_1042_1_75F_1042_YR1,13,262,0.8562091503267973,0.8562091503267973,late,,3.2590121363262092,75,6-8yr,boy_dog_frog,305
ECSC_1042_1_75F_1042_YR1,14,263,0.8594771241830066,0.8594771241830066,late,,2.899035007016657,75,6-8yr,boy_dog_frog,305
ECSC_1042_1_75F_1042_YR1,15,263,0.8594771241830066,0.8594771241830066,late,,2.899035007016657,75,6-8yr,boy_dog_frog,305
ECSC_1042_1_75F_1042_YR1,16,264,0.8627450980392157,0.8627450980392157,late,,4.036018399981328,75,6-8yr,boy_dog_frog,305
ECSC_1042_1_75F_1042_YR1,17,264,0.8627450980392157,0.8627450980392157,late,,4.036018399981328,75,6-8yr,boy_dog_frog,305
ECSC_1042_1_75F_1042_YR1,18,265,0.8660130718954249,0.8660130718954249,late,,3.550161234698283,75,6-8yr,boy_dog_frog,305
ECSC_1042_1_75F_1042_YR1,19,266,0.869281045751634,0.869281045751634,late,,3.5592901254862355,75,6-8yr,boy_dog_frog,305
ECSC_1042_2_75F_1042_YR2,0,256,0.4331641285956006,0.4331641285956006,mid,,8.692720805195925,75,6-8yr,frog_on_his_own,590
ECSC_1042_2_75F_1042_YR2,1,270,0.4568527918781725,0.4568527918781725,mid,,9.677369228624258,75,6-8yr,frog_on_his_own,590
ECSC_1042_2_75F_1042_YR2,2,284,0.4805414551607445,0.4805414551607445,mid,,3.35146523108018,75,6-8yr,frog_on_his_own,590
ECSC_1042_2_75F_1042_YR2,3,299,0.505922165820643,0.505922165820643,mid,,3.1844591052892373,75,6-8yr,frog_on_his_own,590
ECSC_1042_2_75F_1042_YR2,4,313,0.5296108291032149,0.5296108291032149,mid,,0.5328404420024366,75,6-8yr,frog_on_his_own,590
ECSC_1042_2_75F_1042_YR2,5,328,0.5549915397631133,0.5549915397631133,mid,,0.6551320241021958,75,6-8yr,frog_on_his_own,590
ECSC_1042_2_75F_1042_YR2,6,342,0.5786802030456852,0.5786802030456852,mid,,7.492642429980652,75,6-8yr,frog_on_his_own,590
ECSC_1042_2_75F_1042_YR2,7,357,0.6040609137055838,0.6040609137055838,mid,,9.578896387846708,75,6-8yr,frog_on_his_own,590
ECSC_1042_2_75F_1042_YR2,8,371,0.6277495769881557,0.6277495769881557,mid,,3.3652478721303174,75,6-8yr,frog_on_his_own,590
ECSC_1042_2_75F_1042_YR2,9,386,0.6531302876480541,0.6531302876480541,mid,,2.627617986142737,75,6-8yr,frog_on_his_own,590
ECSC_1042_2_75F_1042_YR2,10,400,0.676818950930626,0.676818950930626,late,,1.7157509291934323,75,6-8yr,frog_on_his_own,590
ECSC_1042_2_75F_1042_YR2,11,415,0.7021996615905245,0.7021996615905245,late,,2.363934372235404,75,6-8yr,frog_on_his_own,590
ECSC_1042_2_75F_1042_YR2,12,429,0.7258883248730964,0.7258883248730964,late,,6.951309922961895,75,6-8yr,frog_on_his_own,590
ECSC_1042_2_75F_1042_YR2,13,444,0.751269035532995,0.751269035532995,late,,8.619419756469437,75,6-8yr,frog_on_his_own,590
ECSC_1042_2_75F_1042_YR2,14,458,0.7749576988155669,0.7749576988155669,late,,7.538311163750407,75,6-8yr,frog_on_his_own,590
ECSC_1042_2_75F_1042_YR2,15,473,0.8003384094754653,0.8003384094754653,late,,-0.1076972531784719,75,6-8yr,frog_on_his_own,590
ECSC_1042_2_75F_1042_YR2,16,487,0.8240270727580372,0.8240270727580372,late,,0.1554753500493131,75,6-8yr,frog_on_his_own,590
ECSC_1042_2_75F_1042_YR2,17,502,0.8494077834179357,0.8494077834179357,late,,0.4700978156622604,75,6-8yr,frog_on_his_own,590
ECSC_1042_2_75F_1042_YR2,18,516,0.8730964467005076,0.8730964467005076,late,13.865929734012946,10.024519205647977,75,6-8yr,frog_on_his_own,590
ECSC_1042_2_75F_1042_YR2,19,531,0.8984771573604061,0.8984771573604061,late,21.85104391504284,16.902929420641748,75,6-8yr,frog_on_his_own,590
ECSC_1042_3_75F_1042_YR3,0,256,0.6448362720403022,0.6448362720403022,mid,,4.320728815944776,75,6-8yr,boy_dog_frog,396
ECSC_1042_3_75F_1042_YR3,1,261,0.6574307304785895,0.6574307304785895,mid,,4.742585436318523,75,6-8yr,boy_dog_frog,396
ECSC_1042_3_75F_1042_YR3,2,266,0.6700251889168766,0.6700251889168766,late,,2.9999417169926703,75,6-8yr,boy_dog_frog,396
ECSC_1042_3_75F_1042_YR3,3,271,0.6826196473551638,0.6826196473551638,late,,5.008156355561184,75,6-8yr,boy_dog_frog,396
ECSC_1042_3_75F_1042_YR3,4,277,0.6977329974811083,0.6977329974811083,late,,6.439402707111743,75,6-8yr,boy_dog_frog,396
ECSC_1042_3_75F_1042_YR3,5,282,0.7103274559193955,0.7103274559193955,late,,1.8868725968432205,75,6-8yr,boy_dog_frog,396
ECSC_1042_3_75F_1042_YR3,6,287,0.7229219143576826,0.7229219143576826,late,,0.9958870306386204,75,6-8yr,boy_dog_frog,396
ECSC_1042_3_75F_1042_YR3,7,293,0.7380352644836272,0.7380352644836272,late,,2.062704425698616,75,6-8yr,boy_dog_frog,396
ECSC_1042_3_75F_1042_YR3,8,298,0.7506297229219143,0.7506297229219143,late,,2.314553192556545,75,6-8yr,boy_dog_frog,396
ECSC_1042_3_75F_1042_YR3,9,303,0.7632241813602015,0.7632241813602015,late,,4.173208799173638,75,6-8yr,boy_dog_frog,396
ECSC_1042_3_75F_1042_YR3,10,309,0.7783375314861462,0.7783375314861462,late,,3.1763710477223785,75,6-8yr,boy_dog_frog,396
ECSC_1042_3_75F_1042_YR3,11,314,0.7909319899244333,0.7909319899244333,late,,2.2068669860515726,75,6-8yr,boy_dog_frog,396
ECSC_1042_3_75F_1042_YR3,12,319,0.8035264483627204,0.8035264483627204,late,,0.5575474059257264,75,6-8yr,boy_dog_frog,396
ECSC_1042_3_75F_1042_YR3,13,325,0.818639798488665,0.818639798488665,late,,1.0665679708683165,75,6-8yr,boy_dog_frog,396
ECSC_1042_3_75F_1042_YR3,14,330,0.8312342569269522,0.8312342569269522,late,,0.8549164492498011,75,6-8yr,boy_dog_frog,396
ECSC_1042_3_75F_1042_YR3,15,335,0.8438287153652393,0.8438287153652393,late,,1.0273612631773812,75,6-8yr,boy_dog_frog,396
ECSC_1042_3_75F_1042_YR3,16,341,0.8589420654911839,0.8589420654911839,late,,1.6302921009183695,75,6-8yr,boy_dog_frog,396
ECSC_1042_3_75F_1042_YR3,17,346,0.871536523929471,0.871536523929471,late,,5.009765164938843,75,6-8yr,boy_dog_frog,396
ECSC_1042_3_75F_1042_YR3,18,351,0.8841309823677582,0.8841309823677582,late,,2.0460255680980755,75,6-8yr,boy_dog_frog,396
ECSC_1042_3_75F_1042_YR3,19,357,0.8992443324937027,0.8992443324937027,late,,1.5491073505497202,75,6-8yr,boy_dog_frog,396
ECSC_2020_1_75F_2020_YR1,0,256,0.5493562231759657,0.5493562231759657,mid,,11.262558850253836,75,6-8yr,unknown,465
ECSC_2020_1_75F_2020_YR1,1,264,0.5665236051502146,0.5665236051502146,mid,,7.40492980448899,75,6-8yr,unknown,465
ECSC_2020_1_75F_2020_YR1,2,273,0.5858369098712446,0.5858369098712446,mid,,9.471266127991882,75,6-8yr,unknown,465
ECSC_2020_1_75F_2020_YR1,3,281,0.6030042918454935,0.6030042918454935,mid,,20.387424576352643,75,6-8yr,unknown,465
ECSC_2020_1_75F_2020_YR1,4,290,0.6223175965665236,0.6223175965665236,mid,,8.975552602560398,75,6-8yr,unknown,465
ECSC_2020_1_75F_2020_YR1,5,298,0.6394849785407726,0.6394849785407726,mid,,8.132499618368442,75,6-8yr,unknown,465
ECSC_2020_1_75F_2020_YR1,6,307,0.6587982832618026,0.6587982832618026,mid,,13.766083450107484,75,6-8yr,unknown,465
ECSC_2020_1_75F_2020_YR1,7,316,0.6781115879828327,0.6781115879828327,late,,14.87103741969591,75,6-8yr,unknown,465
ECSC_2020_1_75F_2020_YR1,8,324,0.6952789699570815,0.6952789699570815,late,,24.77038610213483,75,6-8yr,unknown,465
ECSC_2020_1_75F_2020_YR1,9,333,0.7145922746781116,0.7145922746781116,late,,27.35582955227879,75,6-8yr,unknown,465
ECSC_2020_1_75F_2020_YR1,10,341,0.7317596566523605,0.7317596566523605,late,,33.12503384975433,75,6-8yr,unknown,465
ECSC_2020_1_75F_2020_YR1,11,350,0.7510729613733905,0.7510729613733905,late,,24.269855451598197,75,6-8yr,unknown,465
ECSC_2020_1_75F_2020_YR1,12,358,0.7682403433476395,0.7682403433476395,late,,29.396563210900105,75,6-8yr,unknown,465
ECSC_2020_1_75F_2020_YR1,13,367,0.7875536480686696,0.7875536480686696,late,,4.532596831301955,75,6-8yr,unknown,465
ECSC_2020_1_75F_2020_YR1,14,376,0.8068669527896996,0.8068669527896996,late,,2.7707868064794603,75,6-8yr,unknown,465
ECSC_2020_1_75F_2020_YR1,15,384,0.8240343347639485,0.8240343347639485,late,,8.296095008972586,75,6-8yr,unknown,465
ECSC_2020_1_75F_2020_YR1,16,393,0.8433476394849786,0.8433476394849786,late,,9.565519147250374,75,6-8yr,unknown,465
ECSC_2020_1_75F_2020_YR1,17,401,0.8605150214592274,0.8605150214592274,late,,17.005325960980766,75,6-8yr,unknown,465
ECSC_2020_1_75F_2020_YR1,18,410,0.8798283261802575,0.8798283261802575,late,,20.151832931048908,75,6-8yr,unknown,465
ECSC_2020_1_75F_2020_YR1,19,419,0.8991416309012875,0.8991416309012875,late,,9.354337695508956,75,6-8yr,unknown,465
ECSC_2020_2_75F_2020_YR2,0,256,0.8,0.8,late,,9.914264242530992,75,6-8yr,unknown,319
ECSC_2020_2_75F_2020_YR2,1,257,0.803125,0.803125,late,,9.4061453416839,75,6-8yr,unknown,319
ECSC_2020_2_75F_2020_YR2,2,258,0.80625,0.80625,late,,8.9469094194205,75,6-8yr,unknown,319
ECSC_2020_2_75F_2020_YR2,3,259,0.809375,0.809375,late,,9.46601578562976,75,6-8yr,unknown,319
ECSC_2020_2_75F_2020_YR2,4,261,0.815625,0.815625,late,,6.87710855304524,75,6-8yr,unknown,319
ECSC_2020_2_75F_2020_YR2,5,262,0.81875,0.81875,late,,8.85521036446414,75,6-8yr,unknown,319
ECSC_2020_2_75F_2020_YR2,6,263,0.821875,0.821875,late,,6.909946443645689,75,6-8yr,unknown,319
ECSC_2020_2_75F_2020_YR2,7,264,0.825,0.825,late,,6.887982987083113,75,6-8yr,unknown,319
ECSC_2020_2_75F_2020_YR2,8,266,0.83125,0.83125,late,,6.124200932699267,75,6-8yr,unknown,319
ECSC_2020_2_75F_2020_YR2,9,267,0.834375,0.834375,late,,4.1478564917957765,75,6-8yr,unknown,319
ECSC_2020_2_75F_2020_YR2,10,268,0.8375,0.8375,late,,4.256271336815157,75,6-8yr,unknown,319
ECSC_2020_2_75F_2020_YR2,11,269,0.840625,0.840625,late,,2.7448455998910166,75,6-8yr,unknown,319
ECSC_2020_2_75F_2020_YR2,12,271,0.846875,0.846875,late,,2.074126150942428,75,6-8yr,unknown,319
ECSC_2020_2_75F_2020_YR2,13,272,0.85,0.85,late,,1.9715398160999715,75,6-8yr,unknown,319
ECSC_2020_2_75F_2020_YR2,14,273,0.853125,0.853125,late,,2.319011371739057,75,6-8yr,unknown,319
ECSC_2020_2_75F_2020_YR2,15,274,0.85625,0.85625,late,,1.9115135359413316,75,6-8yr,unknown,319
ECSC_2020_2_75F_2020_YR2,16,276,0.8625,0.8625,late,,2.3591440025068824,75,6-8yr,unknown,319
ECSC_2020_2_75F_2020_YR2,17,277,0.865625,0.865625,late,,1.8529793759962023,75,6-8yr,unknown,319
ECSC_2020_2_75F_2020_YR2,18,278,0.86875,0.86875,late,,2.54105437868329,75,6-8yr,unknown,319
ECSC_2020_2_75F_2020_YR2,19,280,0.875,0.875,late,,2.2358728503489544,75,6-8yr,unknown,319
ECSC_4003_1_75M_4003_YR1,0,256,0.3342036553524804,0.3342036553524804,early,,12.104375508118068,75,6-8yr,unknown,765
ECSC_4003_1_75M_4003_YR1,1,278,0.3629242819843342,0.3629242819843342,early,,5.250978603730455,75,6-8yr,unknown,765
ECSC_4003_1_75M_4003_YR1,2,301,0.3929503916449086,0.3929503916449086,early,,2.5706151466067757,75,6-8yr,unknown,765
ECSC_4003_1_75M_4003_YR1,3,324,0.422976501305483,0.422976501305483,mid,,6.34479190158664,75,6-8yr,unknown,765
ECSC_4003_1_75M_4003_YR1,4,347,0.4530026109660574,0.4530026109660574,mid,,6.679550722497071,75,6-8yr,unknown,765
ECSC_4003_1_75M_4003_YR1,5,369,0.4817232375979112,0.4817232375979112,mid,,7.106286422535446,75,6-8yr,unknown,765
ECSC_4003_1_75M_4003_YR1,6,392,0.5117493472584856,0.5117493472584856,mid,,17.050355764407037,75,6-8yr,unknown,765
ECSC_4003_1_75M_4003_YR1,7,415,0.54177545691906,0.54177545691906,mid,,14.646547032330371,75,6-8yr,unknown,765
ECSC_4003_1_75M_4003_YR1,8,438,0.5718015665796344,0.5718015665796344,mid,,-0.2927695587002858,75,6-8yr,unknown,765
ECSC_4003_1_75M_4003_YR1,9,461,0.6018276762402088,0.6018276762402088,mid,,24.93190453282164,75,6-8yr,unknown,765
ECSC_4003_1_75M_4003_YR1,10,483,0.6305483028720626,0.6305483028720626,mid,,15.174511663167138,75,6-8yr,unknown,765
ECSC_4003_1_75M_4003_YR1,11,506,0.660574412532637,0.660574412532637,late,,28.619934027703223,75,6-8yr,unknown,765
ECSC_4003_1_75M_4003_YR1,12,529,0.6906005221932114,0.6906005221932114,late,,21.00562223940492,75,6-8yr,unknown,765
ECSC_4003_1_75M_4003_YR1,13,552,0.720626631853786,0.720626631853786,late,,10.225129248408525,75,6-8yr,unknown,765
ECSC_4003_1_75M_4003_YR1,14,575,0.7506527415143603,0.7506527415143603,late,,14.488438776022704,75,6-8yr,unknown,765
ECSC_4003_1_75M_4003_YR1,15,597,0.779373368146214,0.779373368146214,late,,28.77375026651038,75,6-8yr,unknown,765
ECSC_4003_1_75M_4003_YR1,16,620,0.8093994778067886,0.8093994778067886,late,,13.020433994494285,75,6-8yr,unknown,765
ECSC_4003_1_75M_4003_YR1,17,643,0.839425587467363,0.839425587467363,late,,2.700850870761247,75,6-8yr,unknown,765
ECSC_4003_1_75M_4003_YR1,18,666,0.8694516971279374,0.8694516971279374,late,,14.368390526551106,75,6-8yr,unknown,765
ECSC_4003_1_75M_4003_YR1,19,689,0.8994778067885117,0.8994778067885117,late,11.296989717440834,8.82499270296793,75,6-8yr,unknown,765
ECSC_1014_1_76F_1014_YR1,0,256,0.7441860465116279,0.7441860465116279,late,,5.163287519457278,76,6-8yr,one_frog_too_many,343
ECSC_1014_1_76F_1014_YR1,1,258,0.75,0.75,late,,3.857398358498422,76,6-8yr,one_frog_too_many,343
ECSC_1014_1_76F_1014_YR1,2,261,0.7587209302325582,0.7587209302325582,late,,4.539598211839154,76,6-8yr,one_frog_too_many,343
ECSC_1014_1_76F_1014_YR1,3,263,0.7645348837209303,0.7645348837209303,late,,3.4082164520581646,76,6-8yr,one_frog_too_many,343
ECSC_1014_1_76F_1014_YR1,4,266,0.7732558139534884,0.7732558139534884,late,,3.0907103034316847,76,6-8yr,one_frog_too_many,343
ECSC_1014_1_76F_1014_YR1,5,268,0.7790697674418605,0.7790697674418605,late,,2.6311888277147535,76,6-8yr,one_frog_too_many,343
ECSC_1014_1_76F_1014_YR1,6,271,0.7877906976744186,0.7877906976744186,late,,2.3296519861054072,76,6-8yr,one_frog_too_many,343
ECSC_1014_1_76F_1014_YR1,7,273,0.7936046511627907,0.7936046511627907,late,,1.993664872776387,76,6-8yr,one_frog_too_many,343
ECSC_1014_1_76F_1014_YR1,8,276,0.8023255813953488,0.8023255813953488,late,,0.4927101626416714,76,6-8yr,one_frog_too_many,343
ECSC_1014_1_76F_1014_YR1,9,278,0.8081395348837209,0.8081395348837209,late,,0.6085057551650035,76,6-8yr,one_frog_too_many,343
ECSC_1014_1_76F_1014_YR1,10,281,0.8168604651162791,0.8168604651162791,late,,0.4493491870921868,76,6-8yr,one_frog_too_many,343
ECSC_1014_1_76F_1014_YR1,11,283,0.8226744186046512,0.8226744186046512,late,,0.3563572524561094,76,6-8yr,one_frog_too_many,343
ECSC_1014_1_76F_1014_YR1,12,286,0.8313953488372093,0.8313953488372093,late,,0.3037402845400194,76,6-8yr,one_frog_too_many,343
ECSC_1014_1_76F_1014_YR1,13,288,0.8372093023255814,0.8372093023255814,late,,0.0533946666452971,76,6-8yr,one_frog_too_many,343
ECSC_1014_1_76F_1014_YR1,14,291,0.8459302325581395,0.8459302325581395,late,,0.4270890722486271,76,6-8yr,one_frog_too_many,343
ECSC_1014_1_76F_1014_YR1,15,293,0.8517441860465116,0.8517441860465116,late,,0.4373266498446497,76,6-8yr,one_frog_too_many,343
ECSC_1014_1_76F_1014_YR1,16,296,0.8604651162790697,0.8604651162790697,late,,0.8407479821565955,76,6-8yr,one_frog_too_many,343
ECSC_1014_1_76F_1014_YR1,17,298,0.8662790697674418,0.8662790697674418,late,,0.874871831881129,76,6-8yr,one_frog_too_many,343
ECSC_1014_1_76F_1014_YR1,18,301,0.875,0.875,late,,0.8816804638140239,76,6-8yr,one_frog_too_many,343
ECSC_1014_1_76F_1014_YR1,19,304,0.8837209302325582,0.8837209302325582,late,,-0.0125359045655066,76,6-8yr,one_frog_too_many,343
ECSC_1014_2_76F_1014_YR2,0,256,0.3482993197278911,0.3482993197278911,early,,6.231422502975903,76,6-8yr,frog_on_his_own,734
ECSC_1014_2_76F_1014_YR2,1,277,0.3768707482993197,0.3768707482993197,early,,20.09821323303014,76,6-8yr,frog_on_his_own,734
ECSC_1014_2_76F_1014_YR2,2,298,0.4054421768707483,0.4054421768707483,early,,15.613076752723616,76,6-8yr,frog_on_his_own,734
ECSC_1014_2_76F_1014_YR2,3,319,0.4340136054421769,0.4340136054421769,mid,,3.5795184242502565,76,6-8yr,frog_on_his_own,734
ECSC_1014_2_76F_1014_YR2,4,341,0.4639455782312925,0.4639455782312925,mid,,12.042900573474723,76,6-8yr,frog_on_his_own,734
ECSC_1014_2_76F_1014_YR2,5,362,0.4925170068027211,0.4925170068027211,mid,,19.815813033754328,76,6-8yr,frog_on_his_own,734
ECSC_1014_2_76F_1014_YR2,6,383,0.5210884353741496,0.5210884353741496,mid,,6.024005457624003,76,6-8yr,frog_on_his_own,734
ECSC_1014_2_76F_1014_YR2,7,405,0.5510204081632653,0.5510204081632653,mid,,1.914942066432905,76,6-8yr,frog_on_his_own,734
ECSC_1014_2_76F_1014_YR2,8,426,0.5795918367346938,0.5795918367346938,mid,,4.45244485478524,76,6-8yr,frog_on_his_own,734
ECSC_1014_2_76F_1014_YR2,9,447,0.6081632653061224,0.6081632653061224,mid,,5.8638509815255855,76,6-8yr,frog_on_his_own,734
ECSC_1014_2_76F_1014_YR2,10,469,0.638095238095238,0.638095238095238,mid,,0.6250389513486141,76,6-8yr,frog_on_his_own,734
ECSC_1014_2_76F_1014_YR2,11,490,0.6666666666666666,0.6666666666666666,late,,1.054708044366551,76,6-8yr,frog_on_his_own,734
ECSC_1014_2_76F_1014_YR2,12,511,0.6952380952380952,0.6952380952380952,late,,9.074326127226184,76,6-8yr,frog_on_his_own,734
ECSC_1014_2_76F_1014_YR2,13,533,0.7251700680272108,0.7251700680272108,late,,14.381049265876976,76,6-8yr,frog_on_his_own,734
ECSC_1014_2_76F_1014_YR2,14,554,0.7537414965986394,0.7537414965986394,late,,4.303640411887599,76,6-8yr,frog_on_his_own,734
ECSC_1014_2_76F_1014_YR2,15,575,0.782312925170068,0.782312925170068,late,,4.570599171487876,76,6-8yr,frog_on_his_own,734
ECSC_1014_2_76F_1014_YR2,16,597,0.8122448979591836,0.8122448979591836,late,,4.7768448921692634,76,6-8yr,frog_on_his_own,734
ECSC_1014_2_76F_1014_YR2,17,618,0.8408163265306122,0.8408163265306122,late,,16.93937943103532,76,6-8yr,frog_on_his_own,734
ECSC_1014_2_76F_1014_YR2,18,639,0.8693877551020408,0.8693877551020408,late,,-1.7040475952711418,76,6-8yr,frog_on_his_own,734
ECSC_1014_2_76F_1014_YR2,19,661,0.8993197278911564,0.8993197278911564,late,6.715296639685281,6.489100744448169,76,6-8yr,frog_on_his_own,734
ECSC_1014_3_76F_1014_YR3,0,256,0.3626062322946176,0.3626062322946176,early,,2.3579788072251286,76,6-8yr,boy_dog_frog,705
ECSC_1014_3_76F_1014_YR3,1,275,0.3895184135977337,0.3895184135977337,early,,6.640661079106099,76,6-8yr,boy_dog_frog,705
ECSC_1014_3_76F_1014_YR3,2,295,0.4178470254957507,0.4178470254957507,mid,,8.141502804650782,76,6-8yr,boy_dog_frog,705
ECSC_1014_3_76F_1014_YR3,3,315,0.4461756373937677,0.4461756373937677,mid,,21.363164036414258,76,6-8yr,boy_dog_frog,705
ECSC_1014_3_76F_1014_YR3,4,335,0.4745042492917847,0.4745042492917847,mid,,15.604913940832995,76,6-8yr,boy_dog_frog,705
ECSC_1014_3_76F_1014_YR3,5,355,0.5028328611898017,0.5028328611898017,mid,,13.011382013878452,76,6-8yr,boy_dog_frog,705
ECSC_1014_3_76F_1014_YR3,6,375,0.5311614730878187,0.5311614730878187,mid,,11.376586598482096,76,6-8yr,boy_dog_frog,705
ECSC_1014_3_76F_1014_YR3,7,395,0.5594900849858357,0.5594900849858357,mid,,5.717398704247884,76,6-8yr,boy_dog_frog,705
ECSC_1014_3_76F_1014_YR3,8,415,0.5878186968838527,0.5878186968838527,mid,,9.279032524741629,76,6-8yr,boy_dog_frog,705
ECSC_1014_3_76F_1014_YR3,9,435,0.6161473087818697,0.6161473087818697,mid,,6.709961746265607,76,6-8yr,boy_dog_frog,705
ECSC_1014_3_76F_1014_YR3,10,455,0.6444759206798867,0.6444759206798867,mid,,1.9913014427877052,76,6-8yr,boy_dog_frog,705
ECSC_1014_3_76F_1014_YR3,11,475,0.6728045325779037,0.6728045325779037,late,,1.029152513009623,76,6-8yr,boy_dog_frog,705
ECSC_1014_3_76F_1014_YR3,12,495,0.7011331444759207,0.7011331444759207,late,,0.9219446403266414,76,6-8yr,boy_dog_frog,705
ECSC_1014_3_76F_1014_YR3,13,515,0.7294617563739377,0.7294617563739377,late,,0.7137313567542645,76,6-8yr,boy_dog_frog,705
ECSC_1014_3_76F_1014_YR3,14,535,0.7577903682719547,0.7577903682719547,late,,1.8087956237980691,76,6-8yr,boy_dog_frog,705
ECSC_1014_3_76F_1014_YR3,15,555,0.7861189801699717,0.7861189801699717,late,,2.991357174239967,76,6-8yr,boy_dog_frog,705
ECSC_1014_3_76F_1014_YR3,16,575,0.8144475920679887,0.8144475920679887,late,,7.1237850545899235,76,6-8yr,boy_dog_frog,705
ECSC_1014_3_76F_1014_YR3,17,595,0.8427762039660056,0.8427762039660056,late,,2.591480459061671,76,6-8yr,boy_dog_frog,705
ECSC_1014_3_76F_1014_YR3,18,615,0.8711048158640227,0.8711048158640227,late,2.181957266547636,1.9633226792403615,76,6-8yr,boy_dog_frog,705
ECSC_1014_3_76F_1014_YR3,19,635,0.8994334277620396,0.8994334277620396,late,6.224786349940128,6.229645058957092,76,6-8yr,boy_dog_frog,705
ECSC_1023_2_76F_1023_YR2,0,256,0.5885057471264368,0.5885057471264368,mid,,24.641055306995337,76,6-8yr,frog_on_his_own,434
ECSC_1023_2_76F_1023_YR2,1,263,0.6045977011494252,0.6045977011494252,mid,,21.912327535615866,76,6-8yr,frog_on_his_own,434
ECSC_1023_2_76F_1023_YR2,2,270,0.6206896551724138,0.6206896551724138,mid,,38.40104965963583,76,6-8yr,frog_on_his_own,434
ECSC_1023_2_76F_1023_YR2,3,277,0.6367816091954023,0.6367816091954023,mid,,37.681371143192145,76,6-8yr,frog_on_his_own,434
ECSC_1023_2_76F_1023_YR2,4,284,0.6528735632183909,0.6528735632183909,mid,,42.21357686335891,76,6-8yr,frog_on_his_own,434
ECSC_1023_2_76F_1023_YR2,5,291,0.6689655172413793,0.6689655172413793,late,,41.57138638306938,76,6-8yr,frog_on_his_own,434
ECSC_1023_2_76F_1023_YR2,6,298,0.6850574712643678,0.6850574712643678,late,,29.82499626348191,76,6-8yr,frog_on_his_own,434
ECSC_1023_2_76F_1023_YR2,7,305,0.7011494252873564,0.7011494252873564,late,,26.36846816694765,76,6-8yr,frog_on_his_own,434
ECSC_1023_2_76F_1023_YR2,8,312,0.7172413793103448,0.7172413793103448,late,,28.471885108058487,76,6-8yr,frog_on_his_own,434
ECSC_1023_2_76F_1023_YR2,9,319,0.7333333333333333,0.7333333333333333,late,,14.209077900447609,76,6-8yr,frog_on_his_own,434
ECSC_1023_2_76F_1023_YR2,10,327,0.7517241379310344,0.7517241379310344,late,,8.842288919211818,76,6-8yr,frog_on_his_own,434
ECSC_1023_2_76F_1023_YR2,11,334,0.767816091954023,0.767816091954023,late,,6.97775560691348,76,6-8yr,frog_on_his_own,434
ECSC_1023_2_76F_1023_YR2,12,341,0.7839080459770115,0.7839080459770115,late,,6.56404963921573,76,6-8yr,frog_on_his_own,434
ECSC_1023_2_76F_1023_YR2,13,348,0.8,0.8,late,,5.7354534949843625,76,6-8yr,frog_on_his_own,434
ECSC_1023_2_76F_1023_YR2,14,355,0.8160919540229885,0.8160919540229885,late,,2.914792281888662,76,6-8yr,frog_on_his_own,434
ECSC_1023_2_76F_1023_YR2,15,362,0.832183908045977,0.832183908045977,late,,4.99409193157063,76,6-8yr,frog_on_his_own,434
ECSC_1023_2_76F_1023_YR2,16,369,0.8482758620689655,0.8482758620689655,late,,1.988599040492229,76,6-8yr,frog_on_his_own,434
ECSC_1023_2_76F_1023_YR2,17,376,0.864367816091954,0.864367816091954,late,,1.6092634045077627,76,6-8yr,frog_on_his_own,434
ECSC_1023_2_76F_1023_YR2,18,383,0.8804597701149425,0.8804597701149425,late,,3.8340858678754217,76,6-8yr,frog_on_his_own,434
ECSC_1023_2_76F_1023_YR2,19,391,0.8988505747126436,0.8988505747126436,late,,7.027627755244858,76,6-8yr,frog_on_his_own,434
ECSC_1023_3_76F_1023_YR3,0,256,0.8561872909698997,0.8561872909698997,late,,5.344511143624921,76,6-8yr,one_frog_too_many,298
ECSC_1023_3_76F_1023_YR3,1,256,0.8561872909698997,0.8561872909698997,late,,5.344511143624921,76,6-8yr,one_frog_too_many,298
ECSC_1023_3_76F_1023_YR3,2,256,0.8561872909698997,0.8561872909698997,late,,5.344511143624921,76,6-8yr,one_frog_too_many,298
ECSC_1023_3_76F_1023_YR3,3,256,0.8561872909698997,0.8561872909698997,late,,5.344511143624921,76,6-8yr,one_frog_too_many,298
ECSC_1023_3_76F_1023_YR3,4,256,0.8561872909698997,0.8561872909698997,late,,5.344511143624921,76,6-8yr,one_frog_too_many,298
ECSC_1023_3_76F_1023_YR3,5,256,0.8561872909698997,0.8561872909698997,late,,5.344511143624921,76,6-8yr,one_frog_too_many,298
ECSC_1023_3_76F_1023_YR3,6,256,0.8561872909698997,0.8561872909698997,late,,5.344511143624921,76,6-8yr,one_frog_too_many,298
ECSC_1023_3_76F_1023_YR3,7,257,0.8595317725752508,0.8595317725752508,late,,7.598180843413728,76,6-8yr,one_frog_too_many,298
ECSC_1023_3_76F_1023_YR3,8,257,0.8595317725752508,0.8595317725752508,late,,7.598180843413728,76,6-8yr,one_frog_too_many,298
ECSC_1023_3_76F_1023_YR3,9,257,0.8595317725752508,0.8595317725752508,late,,7.598180843413728,76,6-8yr,one_frog_too_many,298
ECSC_1023_3_76F_1023_YR3,10,257,0.8595317725752508,0.8595317725752508,late,,7.598180843413728,76,6-8yr,one_frog_too_many,298
ECSC_1023_3_76F_1023_YR3,11,257,0.8595317725752508,0.8595317725752508,late,,7.598180843413728,76,6-8yr,one_frog_too_many,298
ECSC_1023_3_76F_1023_YR3,12,257,0.8595317725752508,0.8595317725752508,late,,7.598180843413728,76,6-8yr,one_frog_too_many,298
ECSC_1023_3_76F_1023_YR3,13,258,0.862876254180602,0.862876254180602,late,,7.625033973032291,76,6-8yr,one_frog_too_many,298
ECSC_1023_3_76F_1023_YR3,14,258,0.862876254180602,0.862876254180602,late,,7.625033973032291,76,6-8yr,one_frog_too_many,298
ECSC_1023_3_76F_1023_YR3,15,258,0.862876254180602,0.862876254180602,late,,7.625033973032291,76,6-8yr,one_frog_too_many,298
ECSC_1023_3_76F_1023_YR3,16,258,0.862876254180602,0.862876254180602,late,,7.625033973032291,76,6-8yr,one_frog_too_many,298
ECSC_1023_3_76F_1023_YR3,17,258,0.862876254180602,0.862876254180602,late,,7.625033973032291,76,6-8yr,one_frog_too_many,298
ECSC_1023_3_76F_1023_YR3,18,258,0.862876254180602,0.862876254180602,late,,7.625033973032291,76,6-8yr,one_frog_too_many,298
ECSC_1023_3_76F_1023_YR3,19,259,0.8662207357859532,0.8662207357859532,late,,5.799202525266299,76,6-8yr,one_frog_too_many,298
ECSC_1065_1_76F_1065_YR1,0,256,0.5203252032520326,0.5203252032520326,mid,,4.319573856087667,76,6-8yr,boy_dog_frog,491
ECSC_1065_1_76F_1065_YR1,1,265,0.5386178861788617,0.5386178861788617,mid,,1.868706444578191,76,6-8yr,boy_dog_frog,491
ECSC_1065_1_76F_1065_YR1,2,275,0.5589430894308943,0.5589430894308943,mid,,4.955241480977785,76,6-8yr,boy_dog_frog,491
ECSC_1065_1_76F_1065_YR1,3,285,0.5792682926829268,0.5792682926829268,mid,,5.0854023382118925,76,6-8yr,boy_dog_frog,491
ECSC_1065_1_76F_1065_YR1,4,295,0.5995934959349594,0.5995934959349594,mid,,5.320432748517314,76,6-8yr,boy_dog_frog,491
ECSC_1065_1_76F_1065_YR1,5,304,0.6178861788617886,0.6178861788617886,mid,,5.744859094379032,76,6-8yr,boy_dog_frog,491
ECSC_1065_1_76F_1065_YR1,6,314,0.6382113821138211,0.6382113821138211,mid,,9.483677503102683,76,6-8yr,boy_dog_frog,491
ECSC_1065_1_76F_1065_YR1,7,324,0.6585365853658537,0.6585365853658537,mid,,13.21331493828698,76,6-8yr,boy_dog_frog,491
ECSC_1065_1_76F_1065_YR1,8,334,0.6788617886178862,0.6788617886178862,late,,10.20830594500034,76,6-8yr,boy_dog_frog,491
ECSC_1065_1_76F_1065_YR1,9,344,0.6991869918699187,0.6991869918699187,late,,17.851806258877673,76,6-8yr,boy_dog_frog,491
ECSC_1065_1_76F_1065_YR1,10,353,0.717479674796748,0.717479674796748,late,,8.500800537393998,76,6-8yr,boy_dog_frog,491
ECSC_1065_1_76F_1065_YR1,11,363,0.7378048780487805,0.7378048780487805,late,,6.540488965475465,76,6-8yr,boy_dog_frog,491
ECSC_1065_1_76F_1065_YR1,12,373,0.758130081300813,0.758130081300813,late,,4.497451934303928,76,6-8yr,boy_dog_frog,491
ECSC_1065_1_76F_1065_YR1,13,383,0.7784552845528455,0.7784552845528455,late,,10.345403395206173,76,6-8yr,boy_dog_frog,491
ECSC_1065_1_76F_1065_YR1,14,393,0.7987804878048781,0.7987804878048781,late,,11.870622636144477,76,6-8yr,boy_dog_frog,491
ECSC_1065_1_76F_1065_YR1,15,402,0.8170731707317073,0.8170731707317073,late,,12.673361945939575,76,6-8yr,boy_dog_frog,491
ECSC_1065_1_76F_1065_YR1,16,412,0.8373983739837398,0.8373983739837398,late,,17.040754471360266,76,6-8yr,boy_dog_frog,491
ECSC_1065_1_76F_1065_YR1,17,422,0.8577235772357723,0.8577235772357723,late,,9.85193845038732,76,6-8yr,boy_dog_frog,491
ECSC_1065_1_76F_1065_YR1,18,432,0.8780487804878049,0.8780487804878049,late,,2.073201207419924,76,6-8yr,boy_dog_frog,491
ECSC_1065_1_76F_1065_YR1,19,442,0.8983739837398373,0.8983739837398373,late,,1.0298679672205475,76,6-8yr,boy_dog_frog,491
ECSC_1065_2_76F_1065_YR2,0,256,0.5099601593625498,0.5099601593625498,mid,,7.0584791957804915,76,6-8yr,boy_dog_frog,501
ECSC_1065_2_76F_1065_YR2,1,266,0.5298804780876494,0.5298804780876494,mid,,4.7063326009398265,76,6-8yr,boy_dog_frog,501
ECSC_1065_2_76F_1065_YR2,2,276,0.549800796812749,0.549800796812749,mid,,4.540120334169923,76,6-8yr,boy_dog_frog,501
ECSC_1065_2_76F_1065_YR2,3,286,0.5697211155378487,0.5697211155378487,mid,,4.592470621277759,76,6-8yr,boy_dog_frog,501
ECSC_1065_2_76F_1065_YR2,4,297,0.5916334661354582,0.5916334661354582,mid,,8.410986297982346,76,6-8yr,boy_dog_frog,501
ECSC_1065_2_76F_1065_YR2,5,307,0.6115537848605578,0.6115537848605578,mid,,5.444772512399506,76,6-8yr,boy_dog_frog,501
ECSC_1065_2_76F_1065_YR2,6,317,0.6314741035856574,0.6314741035856574,mid,,2.992537881246853,76,6-8yr,boy_dog_frog,501
ECSC_1065_2_76F_1065_YR2,7,327,0.651394422310757,0.651394422310757,mid,,3.732594894289285,76,6-8yr,boy_dog_frog,501
ECSC_1065_2_76F_1065_YR2,8,338,0.6733067729083665,0.6733067729083665,late,,5.519504066512495,76,6-8yr,boy_dog_frog,501
ECSC_1065_2_76F_1065_YR2,9,348,0.6932270916334662,0.6932270916334662,late,,5.056710758039262,76,6-8yr,boy_dog_frog,501
ECSC_1065_2_76F_1065_YR2,10,358,0.7131474103585658,0.7131474103585658,late,,8.0065550545559,76,6-8yr,boy_dog_frog,501
ECSC_1065_2_76F_1065_YR2,11,368,0.7330677290836654,0.7330677290836654,late,,10.319404202455544,76,6-8yr,boy_dog_frog,501
ECSC_1065_2_76F_1065_YR2,12,379,0.7549800796812749,0.7549800796812749,late,,5.687550852193519,76,6-8yr,boy_dog_frog,501
ECSC_1065_2_76F_1065_YR2,13,389,0.7749003984063745,0.7749003984063745,late,,3.320825143288685,76,6-8yr,boy_dog_frog,501
ECSC_1065_2_76F_1065_YR2,14,399,0.7948207171314741,0.7948207171314741,late,,1.1906093164011526,76,6-8yr,boy_dog_frog,501
ECSC_1065_2_76F_1065_YR2,15,409,0.8147410358565738,0.8147410358565738,late,,0.3448473604080178,76,6-8yr,boy_dog_frog,501
ECSC_1065_2_76F_1065_YR2,16,420,0.8366533864541833,0.8366533864541833,late,,4.855548282238432,76,6-8yr,boy_dog_frog,501
ECSC_1065_2_76F_1065_YR2,17,430,0.8565737051792829,0.8565737051792829,late,,9.1215381547268,76,6-8yr,boy_dog_frog,501
ECSC_1065_2_76F_1065_YR2,18,440,0.8764940239043825,0.8764940239043825,late,,14.644366248266302,76,6-8yr,boy_dog_frog,501
ECSC_1065_2_76F_1065_YR2,19,451,0.898406374501992,0.898406374501992,late,,16.327348005517795,76,6-8yr,boy_dog_frog,501
ECSC_1065_3_76F_1065_YR3,0,256,0.5778781038374717,0.5778781038374717,mid,,8.275507910351287,76,6-8yr,one_frog_too_many,442
ECSC_1065_3_76F_1065_YR3,1,263,0.5936794582392777,0.5936794582392777,mid,,1.823315948177033,76,6-8yr,one_frog_too_many,442
ECSC_1065_3_76F_1065_YR3,2,270,0.6094808126410836,0.6094808126410836,mid,,2.6529269414481806,76,6-8yr,one_frog_too_many,442
ECSC_1065_3_76F_1065_YR3,3,278,0.6275395033860045,0.6275395033860045,mid,,6.428448700051158,76,6-8yr,one_frog_too_many,442
ECSC_1065_3_76F_1065_YR3,4,285,0.6433408577878104,0.6433408577878104,mid,,7.46599391210035,76,6-8yr,one_frog_too_many,442
ECSC_1065_3_76F_1065_YR3,5,293,0.6613995485327314,0.6613995485327314,late,,4.125059483830851,76,6-8yr,one_frog_too_many,442
ECSC_1065_3_76F_1065_YR3,6,300,0.6772009029345373,0.6772009029345373,late,,4.499437771609034,76,6-8yr,one_frog_too_many,442
ECSC_1065_3_76F_1065_YR3,7,308,0.6952595936794582,0.6952595936794582,late,,5.1798326237829535,76,6-8yr,one_frog_too_many,442
ECSC_1065_3_76F_1065_YR3,8,315,0.7110609480812641,0.7110609480812641,late,,3.409919593725869,76,6-8yr,one_frog_too_many,442
ECSC_1065_3_76F_1065_YR3,9,323,0.7291196388261851,0.7291196388261851,late,,3.1373093987337564,76,6-8yr,one_frog_too_many,442
ECSC_1065_3_76F_1065_YR3,10,330,0.744920993227991,0.744920993227991,late,,3.067825200948848,76,6-8yr,one_frog_too_many,442
ECSC_1065_3_76F_1065_YR3,11,338,0.7629796839729119,0.7629796839729119,late,,2.376623688483358,76,6-8yr,one_frog_too_many,442
ECSC_1065_3_76F_1065_YR3,12,345,0.7787810383747178,0.7787810383747178,late,,2.164233034964531,76,6-8yr,one_frog_too_many,442
ECSC_1065_3_76F_1065_YR3,13,353,0.7968397291196389,0.7968397291196389,late,,2.214704637412794,76,6-8yr,one_frog_too_many,442
ECSC_1065_3_76F_1065_YR3,14,360,0.8126410835214447,0.8126410835214447,late,,1.3602448604971205,76,6-8yr,one_frog_too_many,442
ECSC_1065_3_76F_1065_YR3,15,368,0.8306997742663657,0.8306997742663657,late,,1.5365670897111023,76,6-8yr,one_frog_too_many,442
ECSC_1065_3_76F_1065_YR3,16,375,0.8465011286681715,0.8465011286681715,late,,1.332037626498126,76,6-8yr,one_frog_too_many,442
ECSC_1065_3_76F_1065_YR3,17,383,0.8645598194130926,0.8645598194130926,late,,3.136642380213755,76,6-8yr,one_frog_too_many,442
ECSC_1065_3_76F_1065_YR3,18,390,0.8803611738148984,0.8803611738148984,late,,2.9653777421099186,76,6-8yr,one_frog_too_many,442
ECSC_1065_3_76F_1065_YR3,19,398,0.8984198645598194,0.8984198645598194,late,,2.8379579206140564,76,6-8yr,one_frog_too_many,442
ECSC_3005_1_77M_3005_YR1,0,256,0.4346349745331069,0.4346349745331069,mid,,10.785315870960378,77,6-8yr,unknown,588
ECSC_3005_1_77M_3005_YR1,1,270,0.4584040747028862,0.4584040747028862,mid,,11.311338586814436,77,6-8yr,unknown,588
ECSC_3005_1_77M_3005_YR1,2,284,0.4821731748726655,0.4821731748726655,mid,,21.259578921931336,77,6-8yr,unknown,588
ECSC_3005_1_77M_3005_YR1,3,299,0.5076400679117148,0.5076400679117148,mid,,2.8067884628486333,77,6-8yr,unknown,588
ECSC_3005_1_77M_3005_YR1,4,313,0.5314091680814941,0.5314091680814941,mid,,12.854762130227272,77,6-8yr,unknown,588
ECSC_3005_1_77M_3005_YR1,5,328,0.5568760611205433,0.5568760611205433,mid,,29.730777864684818,77,6-8yr,unknown,588
ECSC_3005_1_77M_3005_YR1,6,342,0.5806451612903226,0.5806451612903226,mid,,32.94926355859813,77,6-8yr,unknown,588
ECSC_3005_1_77M_3005_YR1,7,356,0.6044142614601019,0.6044142614601019,mid,,27.489046772818742,77,6-8yr,unknown,588
ECSC_3005_1_77M_3005_YR1,8,371,0.629881154499151,0.629881154499151,mid,,26.617586981310374,77,6-8yr,unknown,588
ECSC_3005_1_77M_3005_YR1,9,385,0.6536502546689303,0.6536502546689303,mid,,53.94843365798678,77,6-8yr,unknown,588
ECSC_3005_1_77M_3005_YR1,10,400,0.6791171477079796,0.6791171477079796,late,,35.58507497357809,77,6-8yr,unknown,588
ECSC_3005_1_77M_3005_YR1,11,414,0.7028862478777589,0.7028862478777589,late,,9.717746863109989,77,6-8yr,unknown,588
ECSC_3005_1_77M_3005_YR1,12,429,0.7283531409168081,0.7283531409168081,late,,9.219776713922252,77,6-8yr,unknown,588
ECSC_3005_1_77M_3005_YR1,13,443,0.7521222410865874,0.7521222410865874,late,,19.38508713299924,77,6-8yr,unknown,588
ECSC_3005_1_77M_3005_YR1,14,457,0.7758913412563667,0.7758913412563667,late,,36.64312478702029,77,6-8yr,unknown,588
ECSC_3005_1_77M_3005_YR1,15,472,0.801358234295416,0.801358234295416,late,,34.43811551271159,77,6-8yr,unknown,588
ECSC_3005_1_77M_3005_YR1,16,486,0.8251273344651953,0.8251273344651953,late,,27.54504594232607,77,6-8yr,unknown,588
ECSC_3005_1_77M_3005_YR1,17,501,0.8505942275042445,0.8505942275042445,late,,38.68877400497983,77,6-8yr,unknown,588
ECSC_3005_1_77M_3005_YR1,18,515,0.8743633276740238,0.8743633276740238,late,31.806824053014875,31.248309124995156,77,6-8yr,unknown,588
ECSC_3005_1_77M_3005_YR1,19,530,0.8998302207130731,0.8998302207130731,late,23.070617791958593,19.010212022984614,77,6-8yr,unknown,588
ECSC_3006_1_77M_3006_YR1,0,256,0.6153846153846154,0.6153846153846154,mid,,26.45723298515612,77,6-8yr,unknown,415
ECSC_3006_1_77M_3006_YR1,1,262,0.6298076923076923,0.6298076923076923,mid,,14.7596131603678,77,6-8yr,unknown,415
ECSC_3006_1_77M_3006_YR1,2,268,0.6442307692307693,0.6442307692307693,mid,,9.279803120567417,77,6-8yr,unknown,415
ECSC_3006_1_77M_3006_YR1,3,274,0.6586538461538461,0.6586538461538461,mid,,0.9643801783734034,77,6-8yr,unknown,415
ECSC_3006_1_77M_3006_YR1,4,280,0.6730769230769231,0.6730769230769231,late,,2.9080000404911104,77,6-8yr,unknown,415
ECSC_3006_1_77M_3006_YR1,5,287,0.6899038461538461,0.6899038461538461,late,,8.650120395481771,77,6-8yr,unknown,415
ECSC_3006_1_77M_3006_YR1,6,293,0.7043269230769231,0.7043269230769231,late,,12.28881185481655,77,6-8yr,unknown,415
ECSC_3006_1_77M_3006_YR1,7,299,0.71875,0.71875,late,,18.637356971945284,77,6-8yr,unknown,415
ECSC_3006_1_77M_3006_YR1,8,305,0.7331730769230769,0.7331730769230769,late,,17.416262183998846,77,6-8yr,unknown,415
ECSC_3006_1_77M_3006_YR1,9,311,0.7475961538461539,0.7475961538461539,late,,13.730956347044586,77,6-8yr,unknown,415
ECSC_3006_1_77M_3006_YR1,10,318,0.7644230769230769,0.7644230769230769,late,,11.029072345171482,77,6-8yr,unknown,415
ECSC_3006_1_77M_3006_YR1,11,324,0.7788461538461539,0.7788461538461539,late,,11.102211200773183,77,6-8yr,unknown,415
ECSC_3006_1_77M_3006_YR1,12,330,0.7932692307692307,0.7932692307692307,late,,8.765391853129607,77,6-8yr,unknown,415
ECSC_3006_1_77M_3006_YR1,13,336,0.8076923076923077,0.8076923076923077,late,,20.61687737262718,77,6-8yr,unknown,415
ECSC_3006_1_77M_3006_YR1,14,342,0.8221153846153846,0.8221153846153846,late,,19.218630897836615,77,6-8yr,unknown,415
ECSC_3006_1_77M_3006_YR1,15,349,0.8389423076923077,0.8389423076923077,late,,16.538556644214516,77,6-8yr,unknown,415
ECSC_3006_1_77M_3006_YR1,16,355,0.8533653846153846,0.8533653846153846,late,,10.639798202337827,77,6-8yr,unknown,415
ECSC_3006_1_77M_3006_YR1,17,361,0.8677884615384616,0.8677884615384616,late,,8.56875867093642,77,6-8yr,unknown,415
ECSC_3006_1_77M_3006_YR1,18,367,0.8822115384615384,0.8822115384615384,late,,4.53249282195797,77,6-8yr,unknown,415
ECSC_3006_1_77M_3006_YR1,19,374,0.8990384615384616,0.8990384615384616,late,,4.23497303902097,77,6-8yr,unknown,415
ECSC_1004_1_78F_1004_YR1,0,256,0.4063492063492063,0.4063492063492063,early,,11.717089662996443,78,6-8yr,one_frog_too_many,629
ECSC_1004_1_78F_1004_YR1,1,272,0.4317460317460317,0.4317460317460317,mid,,7.9323385697895965,78,6-8yr,one_frog_too_many,629
ECSC_1004_1_78F_1004_YR1,2,288,0.4571428571428571,0.4571428571428571,mid,,4.167527106109873,78,6-8yr,one_frog_too_many,629
ECSC_1004_1_78F_1004_YR1,3,305,0.4841269841269841,0.4841269841269841,mid,,14.564118520151236,78,6-8yr,one_frog_too_many,629
ECSC_1004_1_78F_1004_YR1,4,321,0.5095238095238095,0.5095238095238095,mid,,10.309391624483212,78,6-8yr,one_frog_too_many,629
ECSC_1004_1_78F_1004_YR1,5,337,0.5349206349206349,0.5349206349206349,mid,,9.242724679523272,78,6-8yr,one_frog_too_many,629
ECSC_1004_1_78F_1004_YR1,6,354,0.5619047619047619,0.5619047619047619,mid,,6.569300075031257,78,6-8yr,one_frog_too_many,629
ECSC_1004_1_78F_1004_YR1,7,370,0.5873015873015873,0.5873015873015873,mid,,6.015092841519049,78,6-8yr,one_frog_too_many,629
ECSC_1004_1_78F_1004_YR1,8,386,0.6126984126984127,0.6126984126984127,mid,,2.460763730917477,78,6-8yr,one_frog_too_many,629
ECSC_1004_1_78F_1004_YR1,9,403,0.6396825396825396,0.6396825396825396,mid,,4.385581986101928,78,6-8yr,one_frog_too_many,629
ECSC_1004_1_78F_1004_YR1,10,419,0.665079365079365,0.665079365079365,late,,6.429184121713336,78,6-8yr,one_frog_too_many,629
ECSC_1004_1_78F_1004_YR1,11,436,0.692063492063492,0.692063492063492,late,,0.9364994687690728,78,6-8yr,one_frog_too_many,629
ECSC_1004_1_78F_1004_YR1,12,452,0.7174603174603175,0.7174603174603175,late,,0.5135861215103219,78,6-8yr,one_frog_too_many,629
ECSC_1004_1_78F_1004_YR1,13,468,0.7428571428571429,0.7428571428571429,late,,3.0537200373657845,78,6-8yr,one_frog_too_many,629
ECSC_1004_1_78F_1004_YR1,14,485,0.7698412698412699,0.7698412698412699,late,,4.594059614201429,78,6-8yr,one_frog_too_many,629
ECSC_1004_1_78F_1004_YR1,15,501,0.7952380952380952,0.7952380952380952,late,,11.347945676441467,78,6-8yr,one_frog_too_many,629
ECSC_1004_1_78F_1004_YR1,16,517,0.8206349206349206,0.8206349206349206,late,17.689156530265024,16.51808428103316,78,6-8yr,one_frog_too_many,629
ECSC_1004_1_78F_1004_YR1,17,534,0.8476190476190476,0.8476190476190476,late,,6.020715846391381,78,6-8yr,one_frog_too_many,629
ECSC_1004_1_78F_1004_YR1,18,550,0.873015873015873,0.873015873015873,late,,-0.9419037583910032,78,6-8yr,one_frog_too_many,629
ECSC_1004_1_78F_1004_YR1,19,567,0.9,0.9,late,1.7078502313794708,2.1450426135893306,78,6-8yr,one_frog_too_many,629
ECSC_1004_2_78F_1004_YR2,0,256,0.512,0.512,mid,,2.6467040418604206,78,6-8yr,one_frog_too_many,499
ECSC_1004_2_78F_1004_YR2,1,266,0.532,0.532,mid,,5.017019649375705,78,6-8yr,one_frog_too_many,499
ECSC_1004_2_78F_1004_YR2,2,276,0.552,0.552,mid,,4.876546076734076,78,6-8yr,one_frog_too_many,499
ECSC_1004_2_78F_1004_YR2,3,286,0.572,0.572,mid,,5.587219782031427,78,6-8yr,one_frog_too_many,499
ECSC_1004_2_78F_1004_YR2,4,296,0.592,0.592,mid,,6.722924614572937,78,6-8yr,one_frog_too_many,499
ECSC_1004_2_78F_1004_YR2,5,307,0.614,0.614,mid,,9.232280727302602,78,6-8yr,one_frog_too_many,499
ECSC_1004_2_78F_1004_YR2,6,317,0.634,0.634,mid,,8.169604205698652,78,6-8yr,one_frog_too_many,499
ECSC_1004_2_78F_1004_YR2,7,327,0.654,0.654,mid,,10.57741262928011,78,6-8yr,one_frog_too_many,499
ECSC_1004_2_78F_1004_YR2,8,337,0.674,0.674,late,,5.233807768215161,78,6-8yr,one_frog_too_many,499
ECSC_1004_2_78F_1004_YR2,9,347,0.694,0.694,late,,6.661607304123745,78,6-8yr,one_frog_too_many,499
ECSC_1004_2_78F_1004_YR2,10,358,0.716,0.716,late,,4.593642418108402,78,6-8yr,one_frog_too_many,499
ECSC_1004_2_78F_1004_YR2,11,368,0.736,0.736,late,,1.5696555951052955,78,6-8yr,one_frog_too_many,499
ECSC_1004_2_78F_1004_YR2,12,378,0.756,0.756,late,,1.3497525945601936,78,6-8yr,one_frog_too_many,499
ECSC_1004_2_78F_1004_YR2,13,388,0.776,0.776,late,,7.211435540268921,78,6-8yr,one_frog_too_many,499
ECSC_1004_2_78F_1004_YR2,14,398,0.796,0.796,late,,5.8123363413201075,78,6-8yr,one_frog_too_many,499
ECSC_1004_2_78F_1004_YR2,15,409,0.818,0.818,late,,4.147464285872484,78,6-8yr,one_frog_too_many,499
ECSC_1004_2_78F_1004_YR2,16,419,0.838,0.838,late,,1.6840247526078915,78,6-8yr,one_frog_too_many,499
ECSC_1004_2_78F_1004_YR2,17,429,0.858,0.858,late,,5.602525126200163,78,6-8yr,one_frog_too_many,499
ECSC_1004_2_78F_1004_YR2,18,439,0.878,0.878,late,,16.835896157020546,78,6-8yr,one_frog_too_many,499
ECSC_1004_2_78F_1004_YR2,19,450,0.9,0.9,late,,15.751946469799172,78,6-8yr,one_frog_too_many,499
ECSC_1004_3_78F_1004_YR3,0,256,0.5366876310272537,0.5366876310272537,mid,,3.159302859914204,78,6-8yr,boy_dog_frog,476
ECSC_1004_3_78F_1004_YR3,1,265,0.5555555555555556,0.5555555555555556,mid,,3.073292539575961,78,6-8yr,boy_dog_frog,476
ECSC_1004_3_78F_1004_YR3,2,274,0.5744234800838575,0.5744234800838575,mid,,1.503225732774375,78,6-8yr,boy_dog_frog,476
ECSC_1004_3_78F_1004_YR3,3,283,0.5932914046121593,0.5932914046121593,mid,,2.1557729641797643,78,6-8yr,boy_dog_frog,476
ECSC_1004_3_78F_1004_YR3,4,292,0.6121593291404612,0.6121593291404612,mid,,2.1771280207246537,78,6-8yr,boy_dog_frog,476
ECSC_1004_3_78F_1004_YR3,5,301,0.6310272536687631,0.6310272536687631,mid,,4.8408409107377715,78,6-8yr,boy_dog_frog,476
ECSC_1004_3_78F_1004_YR3,6,310,0.649895178197065,0.649895178197065,mid,,3.0363691970831788,78,6-8yr,boy_dog_frog,476
ECSC_1004_3_78F_1004_YR3,7,319,0.6687631027253669,0.6687631027253669,late,,3.0554170136037477,78,6-8yr,boy_dog_frog,476
ECSC_1004_3_78F_1004_YR3,8,328,0.6876310272536688,0.6876310272536688,late,,3.357793844620664,78,6-8yr,boy_dog_frog,476
ECSC_1004_3_78F_1004_YR3,9,337,0.7064989517819706,0.7064989517819706,late,,2.972756451307488,78,6-8yr,boy_dog_frog,476
ECSC_1004_3_78F_1004_YR3,10,347,0.7274633123689728,0.7274633123689728,late,,2.722324863804337,78,6-8yr,boy_dog_frog,476
ECSC_1004_3_78F_1004_YR3,11,356,0.7463312368972747,0.7463312368972747,late,,3.138044198255427,78,6-8yr,boy_dog_frog,476
ECSC_1004_3_78F_1004_YR3,12,365,0.7651991614255765,0.7651991614255765,late,,2.7759547591207756,78,6-8yr,boy_dog_frog,476
ECSC_1004_3_78F_1004_YR3,13,374,0.7840670859538784,0.7840670859538784,late,,1.1085348107632915,78,6-8yr,boy_dog_frog,476
ECSC_1004_3_78F_1004_YR3,14,383,0.8029350104821803,0.8029350104821803,late,,4.081400574007979,78,6-8yr,boy_dog_frog,476
ECSC_1004_3_78F_1004_YR3,15,392,0.8218029350104822,0.8218029350104822,late,,2.9431942471207826,78,6-8yr,boy_dog_frog,476
ECSC_1004_3_78F_1004_YR3,16,401,0.8406708595387841,0.8406708595387841,late,,2.771224258794154,78,6-8yr,boy_dog_frog,476
ECSC_1004_3_78F_1004_YR3,17,410,0.859538784067086,0.859538784067086,late,,5.021242695420287,78,6-8yr,boy_dog_frog,476
ECSC_1004_3_78F_1004_YR3,18,419,0.8784067085953878,0.8784067085953878,late,,4.688686436514773,78,6-8yr,boy_dog_frog,476
ECSC_1004_3_78F_1004_YR3,19,429,0.89937106918239,0.89937106918239,late,,2.603883392837139,78,6-8yr,boy_dog_frog,476
ECSC_4066_1_78F_4066_YR1,0,256,0.5589519650655022,0.5589519650655022,mid,,7.726820627818052,78,6-8yr,unknown,457
ECSC_4066_1_78F_4066_YR1,1,264,0.5764192139737991,0.5764192139737991,mid,,11.333064684292696,78,6-8yr,unknown,457
ECSC_4066_1_78F_4066_YR1,2,272,0.5938864628820961,0.5938864628820961,mid,,4.419741476398853,78,6-8yr,unknown,457
ECSC_4066_1_78F_4066_YR1,3,280,0.611353711790393,0.611353711790393,mid,,3.592969209793302,78,6-8yr,unknown,457
ECSC_4066_1_78F_4066_YR1,4,288,0.62882096069869,0.62882096069869,mid,,0.7547106048224128,78,6-8yr,unknown,457
ECSC_4066_1_78F_4066_YR1,5,297,0.648471615720524,0.648471615720524,mid,,2.1717284997071475,78,6-8yr,unknown,457
ECSC_4066_1_78F_4066_YR1,6,305,0.665938864628821,0.665938864628821,late,,4.086255515284215,78,6-8yr,unknown,457
ECSC_4066_1_78F_4066_YR1,7,313,0.6834061135371179,0.6834061135371179,late,,2.247227321261006,78,6-8yr,unknown,457
ECSC_4066_1_78F_4066_YR1,8,321,0.7008733624454149,0.7008733624454149,late,,4.096593881999821,78,6-8yr,unknown,457
ECSC_4066_1_78F_4066_YR1,9,329,0.7183406113537117,0.7183406113537117,late,,3.789847621311992,78,6-8yr,unknown,457
ECSC_4066_1_78F_4066_YR1,10,338,0.7379912663755459,0.7379912663755459,late,,0.8837142428174758,78,6-8yr,unknown,457
ECSC_4066_1_78F_4066_YR1,11,346,0.7554585152838428,0.7554585152838428,late,,2.5436382359444067,78,6-8yr,unknown,457
ECSC_4066_1_78F_4066_YR1,12,354,0.7729257641921398,0.7729257641921398,late,,4.03473257803585,78,6-8yr,unknown,457
ECSC_4066_1_78F_4066_YR1,13,362,0.7903930131004366,0.7903930131004366,late,,3.386445475906947,78,6-8yr,unknown,457
ECSC_4066_1_78F_4066_YR1,14,370,0.8078602620087336,0.8078602620087336,late,,4.4788336169728336,78,6-8yr,unknown,457
ECSC_4066_1_78F_4066_YR1,15,379,0.8275109170305677,0.8275109170305677,late,,6.569989195826489,78,6-8yr,unknown,457
ECSC_4066_1_78F_4066_YR1,16,387,0.8449781659388647,0.8449781659388647,late,,2.3948922884737893,78,6-8yr,unknown,457
ECSC_4066_1_78F_4066_YR1,17,395,0.8624454148471615,0.8624454148471615,late,,2.757490608060703,78,6-8yr,unknown,457
ECSC_4066_1_78F_4066_YR1,18,403,0.8799126637554585,0.8799126637554585,late,,1.455688170025871,78,6-8yr,unknown,457
ECSC_4066_1_78F_4066_YR1,19,412,0.8995633187772926,0.8995633187772926,late,,2.5340885982710404,78,6-8yr,unknown,457
ECSC_1068_1_78M_1068_YR1,0,256,0.6183574879227053,0.6183574879227053,mid,,7.533803045146485,78,6-8yr,one_frog_too_many,413
ECSC_1068_1_78M_1068_YR1,1,262,0.6328502415458938,0.6328502415458938,mid,,6.137622560775041,78,6-8yr,one_frog_too_many,413
ECSC_1068_1_78M_1068_YR1,2,268,0.6473429951690821,0.6473429951690821,mid,,6.065998350256173,78,6-8yr,one_frog_too_many,413
ECSC_1068_1_78M_1068_YR1,3,274,0.6618357487922706,0.6618357487922706,late,,8.421099467073251,78,6-8yr,one_frog_too_many,413
ECSC_1068_1_78M_1068_YR1,4,280,0.6763285024154589,0.6763285024154589,late,,4.55352397215024,78,6-8yr,one_frog_too_many,413
ECSC_1068_1_78M_1068_YR1,5,286,0.6908212560386473,0.6908212560386473,late,,4.895064091246217,78,6-8yr,one_frog_too_many,413
ECSC_1068_1_78M_1068_YR1,6,292,0.7053140096618358,0.7053140096618358,late,,8.91910230674683,78,6-8yr,one_frog_too_many,413
ECSC_1068_1_78M_1068_YR1,7,298,0.7198067632850241,0.7198067632850241,late,,6.528807912511736,78,6-8yr,one_frog_too_many,413
ECSC_1068_1_78M_1068_YR1,8,304,0.7342995169082126,0.7342995169082126,late,,5.5000730144347205,78,6-8yr,one_frog_too_many,413
ECSC_1068_1_78M_1068_YR1,9,310,0.748792270531401,0.748792270531401,late,,5.015802220975633,78,6-8yr,one_frog_too_many,413
ECSC_1068_1_78M_1068_YR1,10,317,0.7657004830917874,0.7657004830917874,late,,10.666262077641818,78,6-8yr,one_frog_too_many,413
ECSC_1068_1_78M_1068_YR1,11,323,0.7801932367149759,0.7801932367149759,late,,15.33277202800756,78,6-8yr,one_frog_too_many,413
ECSC_1068_1_78M_1068_YR1,12,329,0.7946859903381642,0.7946859903381642,late,,36.67330239313084,78,6-8yr,one_frog_too_many,413
ECSC_1068_1_78M_1068_YR1,13,335,0.8091787439613527,0.8091787439613527,late,,37.962807978755706,78,6-8yr,one_frog_too_many,413
ECSC_1068_1_78M_1068_YR1,14,341,0.8236714975845411,0.8236714975845411,late,,41.09469440874521,78,6-8yr,one_frog_too_many,413
ECSC_1068_1_78M_1068_YR1,15,347,0.8381642512077294,0.8381642512077294,late,,43.26875622430002,78,6-8yr,one_frog_too_many,413
ECSC_1068_1_78M_1068_YR1,16,353,0.8526570048309179,0.8526570048309179,late,,28.196763197196717,78,6-8yr,one_frog_too_many,413
ECSC_1068_1_78M_1068_YR1,17,359,0.8671497584541062,0.8671497584541062,late,,28.067193196114147,78,6-8yr,one_frog_too_many,413
ECSC_1068_1_78M_1068_YR1,18,365,0.8816425120772947,0.8816425120772947,late,,20.352114334912997,78,6-8yr,one_frog_too_many,413
ECSC_1068_1_78M_1068_YR1,19,372,0.8985507246376812,0.8985507246376812,late,,14.364799896250004,78,6-8yr,one_frog_too_many,413
ECSC_1068_2_78M_1068_YR2,0,256,0.5089463220675944,0.5089463220675944,mid,,19.713746718902055,78,6-8yr,boy_dog_frog,502
ECSC_1068_2_78M_1068_YR2,1,266,0.5288270377733598,0.5288270377733598,mid,,35.0625935898961,78,6-8yr,boy_dog_frog,502
ECSC_1068_2_78M_1068_YR2,2,276,0.5487077534791253,0.5487077534791253,mid,,40.696195435216104,78,6-8yr,boy_dog_frog,502
ECSC_1068_2_78M_1068_YR2,3,286,0.5685884691848907,0.5685884691848907,mid,,42.006255726144175,78,6-8yr,boy_dog_frog,502
ECSC_1068_2_78M_1068_YR2,4,297,0.5904572564612326,0.5904572564612326,mid,,15.070317201319384,78,6-8yr,boy_dog_frog,502
ECSC_1068_2_78M_1068_YR2,5,307,0.610337972166998,0.610337972166998,mid,,13.18017170028255,78,6-8yr,boy_dog_frog,502
ECSC_1068_2_78M_1068_YR2,6,317,0.6302186878727635,0.6302186878727635,mid,,10.923551432407349,78,6-8yr,boy_dog_frog,502
ECSC_1068_2_78M_1068_YR2,7,328,0.6520874751491054,0.6520874751491054,mid,,17.957479700317347,78,6-8yr,boy_dog_frog,502
ECSC_1068_2_78M_1068_YR2,8,338,0.6719681908548708,0.6719681908548708,late,,9.266873575320002,78,6-8yr,boy_dog_frog,502
ECSC_1068_2_78M_1068_YR2,9,348,0.6918489065606361,0.6918489065606361,late,,8.050802476097202,78,6-8yr,boy_dog_frog,502
ECSC_1068_2_78M_1068_YR2,10,359,0.7137176938369781,0.7137176938369781,late,,12.138092645002448,78,6-8yr,boy_dog_frog,502
ECSC_1068_2_78M_1068_YR2,11,369,0.7335984095427436,0.7335984095427436,late,,10.230046745186018,78,6-8yr,boy_dog_frog,502
ECSC_1068_2_78M_1068_YR2,12,379,0.7534791252485089,0.7534791252485089,late,,15.00016753651957,78,6-8yr,boy_dog_frog,502
ECSC_1068_2_78M_1068_YR2,13,390,0.7753479125248509,0.7753479125248509,late,,7.08860201272066,78,6-8yr,boy_dog_frog,502
ECSC_1068_2_78M_1068_YR2,14,400,0.7952286282306164,0.7952286282306164,late,,6.3932613357721415,78,6-8yr,boy_dog_frog,502
ECSC_1068_2_78M_1068_YR2,15,410,0.8151093439363817,0.8151093439363817,late,,5.044872640153676,78,6-8yr,boy_dog_frog,502
ECSC_1068_2_78M_1068_YR2,16,421,0.8369781312127237,0.8369781312127237,late,,2.236528297313331,78,6-8yr,boy_dog_frog,502
ECSC_1068_2_78M_1068_YR2,17,431,0.856858846918489,0.856858846918489,late,,4.851528789127327,78,6-8yr,boy_dog_frog,502
ECSC_1068_2_78M_1068_YR2,18,441,0.8767395626242545,0.8767395626242545,late,,3.158238966819379,78,6-8yr,boy_dog_frog,502
ECSC_1068_2_78M_1068_YR2,19,452,0.8986083499005965,0.8986083499005965,late,,0.0614656148949137,78,6-8yr,boy_dog_frog,502
ECSC_1068_3_78M_1068_YR3,0,256,0.4398625429553264,0.4398625429553264,mid,,21.40376394701258,78,6-8yr,frog_where_are_you,581
ECSC_1068_3_78M_1068_YR3,1,270,0.4639175257731959,0.4639175257731959,mid,,13.463217325922232,78,6-8yr,frog_where_are_you,581
ECSC_1068_3_78M_1068_YR3,2,284,0.4879725085910653,0.4879725085910653,mid,,11.78504435807958,78,6-8yr,frog_where_are_you,581
ECSC_1068_3_78M_1068_YR3,3,298,0.5120274914089347,0.5120274914089347,mid,,4.203302323213109,78,6-8yr,frog_where_are_you,581
ECSC_1068_3_78M_1068_YR3,4,312,0.5360824742268041,0.5360824742268041,mid,,17.65976883559607,78,6-8yr,frog_where_are_you,581
ECSC_1068_3_78M_1068_YR3,5,326,0.5601374570446735,0.5601374570446735,mid,,14.186353027721374,78,6-8yr,frog_where_are_you,581
ECSC_1068_3_78M_1068_YR3,6,340,0.584192439862543,0.584192439862543,mid,,17.308290185467484,78,6-8yr,frog_where_are_you,581
ECSC_1068_3_78M_1068_YR3,7,354,0.6082474226804123,0.6082474226804123,mid,,16.593787373110843,78,6-8yr,frog_where_are_you,581
ECSC_1068_3_78M_1068_YR3,8,368,0.6323024054982818,0.6323024054982818,mid,,6.585587623099592,78,6-8yr,frog_where_are_you,581
ECSC_1068_3_78M_1068_YR3,9,382,0.6563573883161512,0.6563573883161512,mid,,21.68814589032194,78,6-8yr,frog_where_are_you,581
ECSC_1068_3_78M_1068_YR3,10,396,0.6804123711340206,0.6804123711340206,late,,33.110691753228366,78,6-8yr,frog_where_are_you,581
ECSC_1068_3_78M_1068_YR3,11,410,0.7044673539518901,0.7044673539518901,late,,13.384603255883484,78,6-8yr,frog_where_are_you,581
ECSC_1068_3_78M_1068_YR3,12,424,0.7285223367697594,0.7285223367697594,late,,8.836694113422343,78,6-8yr,frog_where_are_you,581
ECSC_1068_3_78M_1068_YR3,13,438,0.7525773195876289,0.7525773195876289,late,,22.488451197214417,78,6-8yr,frog_where_are_you,581
ECSC_1068_3_78M_1068_YR3,14,452,0.7766323024054983,0.7766323024054983,late,,8.782877816284033,78,6-8yr,frog_where_are_you,581
ECSC_1068_3_78M_1068_YR3,15,466,0.8006872852233677,0.8006872852233677,late,,13.71712756829865,78,6-8yr,frog_where_are_you,581
ECSC_1068_3_78M_1068_YR3,16,480,0.8247422680412371,0.8247422680412371,late,,5.538618352895359,78,6-8yr,frog_where_are_you,581
ECSC_1068_3_78M_1068_YR3,17,494,0.8487972508591065,0.8487972508591065,late,,2.0484873733407447,78,6-8yr,frog_where_are_you,581
ECSC_1068_3_78M_1068_YR3,18,508,0.872852233676976,0.872852233676976,late,,0.167860355180732,78,6-8yr,frog_where_are_you,581
ECSC_1068_3_78M_1068_YR3,19,523,0.8986254295532646,0.8986254295532646,late,3.854388529720481,3.1583082928577166,78,6-8yr,frog_where_are_you,581
ECSC_4017_1_78M_4017_YR1,0,256,0.8619528619528619,0.8619528619528619,late,,0.4353910166452035,78,6-8yr,unknown,296
ECSC_4017_1_78M_4017_YR1,1,256,0.8619528619528619,0.8619528619528619,late,,0.4353910166452035,78,6-8yr,unknown,296
ECSC_4017_1_78M_4017_YR1,2,256,0.8619528619528619,0.8619528619528619,late,,0.4353910166452035,78,6-8yr,unknown,296
ECSC_4017_1_78M_4017_YR1,3,256,0.8619528619528619,0.8619528619528619,late,,0.4353910166452035,78,6-8yr,unknown,296
ECSC_4017_1_78M_4017_YR1,4,256,0.8619528619528619,0.8619528619528619,late,,0.4353910166452035,78,6-8yr,unknown,296
ECSC_4017_1_78M_4017_YR1,5,256,0.8619528619528619,0.8619528619528619,late,,0.4353910166452035,78,6-8yr,unknown,296
ECSC_4017_1_78M_4017_YR1,6,256,0.8619528619528619,0.8619528619528619,late,,0.4353910166452035,78,6-8yr,unknown,296
ECSC_4017_1_78M_4017_YR1,7,256,0.8619528619528619,0.8619528619528619,late,,0.4353910166452035,78,6-8yr,unknown,296
ECSC_4017_1_78M_4017_YR1,8,256,0.8619528619528619,0.8619528619528619,late,,0.4353910166452035,78,6-8yr,unknown,296
ECSC_4017_1_78M_4017_YR1,9,256,0.8619528619528619,0.8619528619528619,late,,0.4353910166452035,78,6-8yr,unknown,296
ECSC_4017_1_78M_4017_YR1,10,256,0.8619528619528619,0.8619528619528619,late,,0.4353910166452035,78,6-8yr,unknown,296
ECSC_4017_1_78M_4017_YR1,11,256,0.8619528619528619,0.8619528619528619,late,,0.4353910166452035,78,6-8yr,unknown,296
ECSC_4017_1_78M_4017_YR1,12,256,0.8619528619528619,0.8619528619528619,late,,0.4353910166452035,78,6-8yr,unknown,296
ECSC_4017_1_78M_4017_YR1,13,256,0.8619528619528619,0.8619528619528619,late,,0.4353910166452035,78,6-8yr,unknown,296
ECSC_4017_1_78M_4017_YR1,14,256,0.8619528619528619,0.8619528619528619,late,,0.4353910166452035,78,6-8yr,unknown,296
ECSC_4017_1_78M_4017_YR1,15,256,0.8619528619528619,0.8619528619528619,late,,0.4353910166452035,78,6-8yr,unknown,296
ECSC_4017_1_78M_4017_YR1,16,256,0.8619528619528619,0.8619528619528619,late,,0.4353910166452035,78,6-8yr,unknown,296
ECSC_4017_1_78M_4017_YR1,17,256,0.8619528619528619,0.8619528619528619,late,,0.4353910166452035,78,6-8yr,unknown,296
ECSC_4017_1_78M_4017_YR1,18,256,0.8619528619528619,0.8619528619528619,late,,0.4353910166452035,78,6-8yr,unknown,296
ECSC_4017_1_78M_4017_YR1,19,257,0.8653198653198653,0.8653198653198653,late,,0.3715062844068493,78,6-8yr,unknown,296
ECSC_1035_1_79M_1035_YR1,0,256,0.6772486772486772,0.6772486772486772,late,,1.3392252402046676,79,6-8yr,frog_where_are_you,377
ECSC_1035_1_79M_1035_YR1,1,260,0.6878306878306878,0.6878306878306878,late,,1.6986057352614008,79,6-8yr,frog_where_are_you,377
ECSC_1035_1_79M_1035_YR1,2,264,0.6984126984126984,0.6984126984126984,late,,1.9993399109581116,79,6-8yr,frog_where_are_you,377
ECSC_1035_1_79M_1035_YR1,3,268,0.708994708994709,0.708994708994709,late,,2.751811078519216,79,6-8yr,frog_where_are_you,377
ECSC_1035_1_79M_1035_YR1,4,273,0.7222222222222222,0.7222222222222222,late,,2.6974166799070165,79,6-8yr,frog_where_are_you,377
ECSC_1035_1_79M_1035_YR1,5,277,0.7328042328042328,0.7328042328042328,late,,2.861052801494999,79,6-8yr,frog_where_are_you,377
ECSC_1035_1_79M_1035_YR1,6,281,0.7433862433862434,0.7433862433862434,late,,3.7805172850124023,79,6-8yr,frog_where_are_you,377
ECSC_1035_1_79M_1035_YR1,7,286,0.7566137566137566,0.7566137566137566,late,,3.632189641375348,79,6-8yr,frog_where_are_you,377
ECSC_1035_1_79M_1035_YR1,8,290,0.7671957671957672,0.7671957671957672,late,,4.077123339374602,79,6-8yr,frog_where_are_you,377
ECSC_1035_1_79M_1035_YR1,9,294,0.7777777777777778,0.7777777777777778,late,,10.109873890216992,79,6-8yr,frog_where_are_you,377
ECSC_1035_1_79M_1035_YR1,10,299,0.791005291005291,0.791005291005291,late,,11.849388300536514,79,6-8yr,frog_where_are_you,377
ECSC_1035_1_79M_1035_YR1,11,303,0.8015873015873016,0.8015873015873016,late,,14.774704980535583,79,6-8yr,frog_where_are_you,377
ECSC_1035_1_79M_1035_YR1,12,307,0.8121693121693122,0.8121693121693122,late,,14.169971720933216,79,6-8yr,frog_where_are_you,377
ECSC_1035_1_79M_1035_YR1,13,312,0.8253968253968254,0.8253968253968254,late,,14.118383708850878,79,6-8yr,frog_where_are_you,377
ECSC_1035_1_79M_1035_YR1,14,316,0.8359788359788359,0.8359788359788359,late,,9.644233813153887,79,6-8yr,frog_where_are_you,377
ECSC_1035_1_79M_1035_YR1,15,320,0.8465608465608465,0.8465608465608465,late,,6.062407360797039,79,6-8yr,frog_where_are_you,377
ECSC_1035_1_79M_1035_YR1,16,325,0.8597883597883598,0.8597883597883598,late,,8.164171710827176,79,6-8yr,frog_where_are_you,377
ECSC_1035_1_79M_1035_YR1,17,329,0.8703703703703703,0.8703703703703703,late,,11.913177895294496,79,6-8yr,frog_where_are_you,377
ECSC_1035_1_79M_1035_YR1,18,333,0.8809523809523809,0.8809523809523809,late,,6.0060361008472665,79,6-8yr,frog_where_are_you,377
ECSC_1035_1_79M_1035_YR1,19,338,0.8941798941798942,0.8941798941798942,late,,5.399706834245002,79,6-8yr,frog_where_are_you,377
ECSC_1035_2_79M_1035_YR2,0,256,0.7032967032967034,0.7032967032967034,late,,8.466888937066019,79,6-8yr,one_frog_too_many,363
ECSC_1035_2_79M_1035_YR2,1,259,0.7115384615384616,0.7115384615384616,late,,8.848256650021527,79,6-8yr,one_frog_too_many,363
ECSC_1035_2_79M_1035_YR2,2,263,0.7225274725274725,0.7225274725274725,late,,6.4089829866001295,79,6-8yr,one_frog_too_many,363
ECSC_1035_2_79M_1035_YR2,3,266,0.7307692307692307,0.7307692307692307,late,,7.215698772753937,79,6-8yr,one_frog_too_many,363
ECSC_1035_2_79M_1035_YR2,4,270,0.7417582417582418,0.7417582417582418,late,,5.528223793343772,79,6-8yr,one_frog_too_many,363
ECSC_1035_2_79M_1035_YR2,5,273,0.75,0.75,late,,4.723239954635023,79,6-8yr,one_frog_too_many,363
ECSC_1035_2_79M_1035_YR2,6,277,0.760989010989011,0.760989010989011,late,,4.8448571158801315,79,6-8yr,one_frog_too_many,363
ECSC_1035_2_79M_1035_YR2,7,281,0.771978021978022,0.771978021978022,late,,4.636839373543403,79,6-8yr,one_frog_too_many,363
ECSC_1035_2_79M_1035_YR2,8,284,0.7802197802197802,0.7802197802197802,late,,4.029741067970898,79,6-8yr,one_frog_too_many,363
ECSC_1035_2_79M_1035_YR2,9,288,0.7912087912087912,0.7912087912087912,late,,2.854625156397548,79,6-8yr,one_frog_too_many,363
ECSC_1035_2_79M_1035_YR2,10,291,0.7994505494505495,0.7994505494505495,late,,3.2124392379723563,79,6-8yr,one_frog_too_many,363
ECSC_1035_2_79M_1035_YR2,11,295,0.8104395604395604,0.8104395604395604,late,,5.213619236702501,79,6-8yr,one_frog_too_many,363
ECSC_1035_2_79M_1035_YR2,12,298,0.8186813186813187,0.8186813186813187,late,,3.537550819340396,79,6-8yr,one_frog_too_many,363
ECSC_1035_2_79M_1035_YR2,13,302,0.8296703296703297,0.8296703296703297,late,,8.938653101968637,79,6-8yr,one_frog_too_many,363
ECSC_1035_2_79M_1035_YR2,14,306,0.8406593406593407,0.8406593406593407,late,,11.05316595939868,79,6-8yr,one_frog_too_many,363
ECSC_1035_2_79M_1035_YR2,15,309,0.8489010989010989,0.8489010989010989,late,,10.399915661557513,79,6-8yr,one_frog_too_many,363
ECSC_1035_2_79M_1035_YR2,16,313,0.8598901098901099,0.8598901098901099,late,,10.702670954432222,79,6-8yr,one_frog_too_many,363
ECSC_1035_2_79M_1035_YR2,17,316,0.8681318681318682,0.8681318681318682,late,,9.885976301471043,79,6-8yr,one_frog_too_many,363
ECSC_1035_2_79M_1035_YR2,18,320,0.8791208791208791,0.8791208791208791,late,,6.2131250736179275,79,6-8yr,one_frog_too_many,363
ECSC_1035_2_79M_1035_YR2,19,324,0.8901098901098901,0.8901098901098901,late,,7.275329607598128,79,6-8yr,one_frog_too_many,363
ECSC_1035_3_79M_1035_YR3,0,256,0.7757575757575758,0.7757575757575758,late,,6.685366473301439,79,6-8yr,frog_on_his_own,329
ECSC_1035_3_79M_1035_YR3,1,257,0.7787878787878788,0.7787878787878788,late,,6.391451766518083,79,6-8yr,frog_on_his_own,329
ECSC_1035_3_79M_1035_YR3,2,259,0.7848484848484848,0.7848484848484848,late,,5.304298403053009,79,6-8yr,frog_on_his_own,329
ECSC_1035_3_79M_1035_YR3,3,261,0.7909090909090909,0.7909090909090909,late,,6.331329387782262,79,6-8yr,frog_on_his_own,329
ECSC_1035_3_79M_1035_YR3,4,263,0.796969696969697,0.796969696969697,late,,6.530314818267062,79,6-8yr,frog_on_his_own,329
ECSC_1035_3_79M_1035_YR3,5,264,0.8,0.8,late,,6.723288225725112,79,6-8yr,frog_on_his_own,329
ECSC_1035_3_79M_1035_YR3,6,266,0.806060606060606,0.806060606060606,late,,5.422240143294864,79,6-8yr,frog_on_his_own,329
ECSC_1035_3_79M_1035_YR3,7,268,0.8121212121212121,0.8121212121212121,late,,5.771228265989091,79,6-8yr,frog_on_his_own,329
ECSC_1035_3_79M_1035_YR3,8,270,0.8181818181818182,0.8181818181818182,late,,4.10794004974024,79,6-8yr,frog_on_his_own,329
ECSC_1035_3_79M_1035_YR3,9,272,0.8242424242424242,0.8242424242424242,late,,4.634904413917294,79,6-8yr,frog_on_his_own,329
ECSC_1035_3_79M_1035_YR3,10,273,0.8272727272727273,0.8272727272727273,late,,4.746979571965047,79,6-8yr,frog_on_his_own,329
ECSC_1035_3_79M_1035_YR3,11,275,0.8333333333333334,0.8333333333333334,late,,5.73365461166355,79,6-8yr,frog_on_his_own,329
ECSC_1035_3_79M_1035_YR3,12,277,0.8393939393939394,0.8393939393939394,late,,6.491152811141099,79,6-8yr,frog_on_his_own,329
ECSC_1035_3_79M_1035_YR3,13,279,0.8454545454545455,0.8454545454545455,late,,5.404761223014489,79,6-8yr,frog_on_his_own,329
ECSC_1035_3_79M_1035_YR3,14,281,0.8515151515151516,0.8515151515151516,late,,5.022550378051181,79,6-8yr,frog_on_his_own,329
ECSC_1035_3_79M_1035_YR3,15,282,0.8545454545454545,0.8545454545454545,late,,5.369559952166004,79,6-8yr,frog_on_his_own,329
ECSC_1035_3_79M_1035_YR3,16,284,0.8606060606060606,0.8606060606060606,late,,4.7738889986848045,79,6-8yr,frog_on_his_own,329
ECSC_1035_3_79M_1035_YR3,17,286,0.8666666666666667,0.8666666666666667,late,,6.768375372461076,79,6-8yr,frog_on_his_own,329
ECSC_1035_3_79M_1035_YR3,18,288,0.8727272727272727,0.8727272727272727,late,,7.304558185827336,79,6-8yr,frog_on_his_own,329
ECSC_1035_3_79M_1035_YR3,19,290,0.8787878787878788,0.8787878787878788,late,,8.392706963543226,79,6-8yr,frog_on_his_own,329
ECSC_1064_1_80F_1064_YR1,0,256,0.810126582278481,0.810126582278481,late,,6.060737866776737,80,6-8yr,boy_dog_frog,315
ECSC_1064_1_80F_1064_YR1,1,257,0.8132911392405063,0.8132911392405063,late,,6.6314956231743,80,6-8yr,boy_dog_frog,315
ECSC_1064_1_80F_1064_YR1,2,258,0.8164556962025317,0.8164556962025317,late,,6.112268993745164,80,6-8yr,boy_dog_frog,315
ECSC_1064_1_80F_1064_YR1,3,259,0.819620253164557,0.819620253164557,late,,6.79773007411181,80,6-8yr,boy_dog_frog,315
ECSC_1064_1_80F_1064_YR1,4,260,0.8227848101265823,0.8227848101265823,late,,7.0732375931231415,80,6-8yr,boy_dog_frog,315
ECSC_1064_1_80F_1064_YR1,5,261,0.8259493670886076,0.8259493670886076,late,,7.009665922512216,80,6-8yr,boy_dog_frog,315
ECSC_1064_1_80F_1064_YR1,6,262,0.8291139240506329,0.8291139240506329,late,,6.606657748924554,80,6-8yr,boy_dog_frog,315
ECSC_1064_1_80F_1064_YR1,7,263,0.8322784810126582,0.8322784810126582,late,,6.695512443945654,80,6-8yr,boy_dog_frog,315
ECSC_1064_1_80F_1064_YR1,8,264,0.8354430379746836,0.8354430379746836,late,,6.804467315901217,80,6-8yr,boy_dog_frog,315
ECSC_1064_1_80F_1064_YR1,9,265,0.8386075949367089,0.8386075949367089,late,,5.492681603134053,80,6-8yr,boy_dog_frog,315
ECSC_1064_1_80F_1064_YR1,10,266,0.8417721518987342,0.8417721518987342,late,,6.39022413942909,80,6-8yr,boy_dog_frog,315
ECSC_1064_1_80F_1064_YR1,11,267,0.8449367088607594,0.8449367088607594,late,,6.250828315758727,80,6-8yr,boy_dog_frog,315
ECSC_1064_1_80F_1064_YR1,12,268,0.8481012658227848,0.8481012658227848,late,,6.263368970155709,80,6-8yr,boy_dog_frog,315
ECSC_1064_1_80F_1064_YR1,13,269,0.8512658227848101,0.8512658227848101,late,,5.3007399615691995,80,6-8yr,boy_dog_frog,315
ECSC_1064_1_80F_1064_YR1,14,270,0.8544303797468354,0.8544303797468354,late,,3.9116099809180143,80,6-8yr,boy_dog_frog,315
ECSC_1064_1_80F_1064_YR1,15,271,0.8575949367088608,0.8575949367088608,late,,1.912153846866043,80,6-8yr,boy_dog_frog,315
ECSC_1064_1_80F_1064_YR1,16,272,0.8607594936708861,0.8607594936708861,late,,2.075314907715123,80,6-8yr,boy_dog_frog,315
ECSC_1064_1_80F_1064_YR1,17,273,0.8639240506329114,0.8639240506329114,late,,2.874693307289899,80,6-8yr,boy_dog_frog,315
ECSC_1064_1_80F_1064_YR1,18,274,0.8670886075949367,0.8670886075949367,late,,3.073850828955216,80,6-8yr,boy_dog_frog,315
ECSC_1064_1_80F_1064_YR1,19,276,0.8734177215189873,0.8734177215189873,late,,3.470262169018124,80,6-8yr,boy_dog_frog,315
ECSC_1064_2_80F_1064_YR2,0,256,0.8258064516129032,0.8258064516129032,late,,14.254714538509663,80,6-8yr,frog_on_his_own,309
ECSC_1064_2_80F_1064_YR2,1,256,0.8258064516129032,0.8258064516129032,late,,14.254714538509663,80,6-8yr,frog_on_his_own,309
ECSC_1064_2_80F_1064_YR2,2,257,0.8290322580645161,0.8290322580645161,late,,12.295186566217325,80,6-8yr,frog_on_his_own,309
ECSC_1064_2_80F_1064_YR2,3,258,0.832258064516129,0.832258064516129,late,,10.847583772610315,80,6-8yr,frog_on_his_own,309
ECSC_1064_2_80F_1064_YR2,4,258,0.832258064516129,0.832258064516129,late,,10.847583772610315,80,6-8yr,frog_on_his_own,309
ECSC_1064_2_80F_1064_YR2,5,259,0.8354838709677419,0.8354838709677419,late,,10.28056694302584,80,6-8yr,frog_on_his_own,309
ECSC_1064_2_80F_1064_YR2,6,260,0.8387096774193549,0.8387096774193549,late,,9.572717972806252,80,6-8yr,frog_on_his_own,309
ECSC_1064_2_80F_1064_YR2,7,261,0.8419354838709677,0.8419354838709677,late,,8.439443613172234,80,6-8yr,frog_on_his_own,309
ECSC_1064_2_80F_1064_YR2,8,261,0.8419354838709677,0.8419354838709677,late,,8.439443613172234,80,6-8yr,frog_on_his_own,309
ECSC_1064_2_80F_1064_YR2,9,262,0.8451612903225807,0.8451612903225807,late,,5.96239743156064,80,6-8yr,frog_on_his_own,309
ECSC_1064_2_80F_1064_YR2,10,263,0.8483870967741935,0.8483870967741935,late,,4.007325502958846,80,6-8yr,frog_on_his_own,309
ECSC_1064_2_80F_1064_YR2,11,264,0.8516129032258064,0.8516129032258064,late,,2.7782308659243267,80,6-8yr,frog_on_his_own,309
ECSC_1064_2_80F_1064_YR2,12,264,0.8516129032258064,0.8516129032258064,late,,2.7782308659243267,80,6-8yr,frog_on_his_own,309
ECSC_1064_2_80F_1064_YR2,13,265,0.8548387096774194,0.8548387096774194,late,,1.9406418776478027,80,6-8yr,frog_on_his_own,309
ECSC_1064_2_80F_1064_YR2,14,266,0.8580645161290322,0.8580645161290322,late,,1.5719185043652963,80,6-8yr,frog_on_his_own,309
ECSC_1064_2_80F_1064_YR2,15,267,0.8612903225806452,0.8612903225806452,late,,1.2312456581491382,80,6-8yr,frog_on_his_own,309
ECSC_1064_2_80F_1064_YR2,16,267,0.8612903225806452,0.8612903225806452,late,,1.2312456581491382,80,6-8yr,frog_on_his_own,309
ECSC_1064_2_80F_1064_YR2,17,268,0.864516129032258,0.864516129032258,late,,1.223450527751366,80,6-8yr,frog_on_his_own,309
ECSC_1064_2_80F_1064_YR2,18,269,0.867741935483871,0.867741935483871,late,,1.2461935826580506,80,6-8yr,frog_on_his_own,309
ECSC_1064_2_80F_1064_YR2,19,270,0.8709677419354839,0.8709677419354839,late,,1.0666650221373404,80,6-8yr,frog_on_his_own,309
ECSC_1064_3_80F_1064_YR3,0,256,0.6701570680628273,0.6701570680628273,late,,9.064994071694816,80,6-8yr,boy_dog_frog,381
ECSC_1064_3_80F_1064_YR3,1,260,0.680628272251309,0.680628272251309,late,,11.296715242285078,80,6-8yr,boy_dog_frog,381
ECSC_1064_3_80F_1064_YR3,2,265,0.693717277486911,0.693717277486911,late,,11.61915646862479,80,6-8yr,boy_dog_frog,381
ECSC_1064_3_80F_1064_YR3,3,269,0.7041884816753927,0.7041884816753927,late,,24.113301303883663,80,6-8yr,boy_dog_frog,381
ECSC_1064_3_80F_1064_YR3,4,274,0.7172774869109948,0.7172774869109948,late,,32.809509262697844,80,6-8yr,boy_dog_frog,381
ECSC_1064_3_80F_1064_YR3,5,278,0.7277486910994765,0.7277486910994765,late,,35.17072256129859,80,6-8yr,boy_dog_frog,381
ECSC_1064_3_80F_1064_YR3,6,283,0.7408376963350786,0.7408376963350786,late,,10.468934590480927,80,6-8yr,boy_dog_frog,381
ECSC_1064_3_80F_1064_YR3,7,287,0.7513089005235603,0.7513089005235603,late,,13.06216848555983,80,6-8yr,boy_dog_frog,381
ECSC_1064_3_80F_1064_YR3,8,292,0.7643979057591623,0.7643979057591623,late,,11.573202663503425,80,6-8yr,boy_dog_frog,381
ECSC_1064_3_80F_1064_YR3,9,296,0.774869109947644,0.774869109947644,late,,3.018737296772578,80,6-8yr,boy_dog_frog,381
ECSC_1064_3_80F_1064_YR3,10,301,0.7879581151832461,0.7879581151832461,late,,0.2962813470673744,80,6-8yr,boy_dog_frog,381
ECSC_1064_3_80F_1064_YR3,11,305,0.7984293193717278,0.7984293193717278,late,,-2.3366930624663595,80,6-8yr,boy_dog_frog,381
ECSC_1064_3_80F_1064_YR3,12,310,0.8115183246073299,0.8115183246073299,late,,-0.2005591683584899,80,6-8yr,boy_dog_frog,381
ECSC_1064_3_80F_1064_YR3,13,314,0.8219895287958116,0.8219895287958116,late,,4.294497046557586,80,6-8yr,boy_dog_frog,381
ECSC_1064_3_80F_1064_YR3,14,319,0.8350785340314136,0.8350785340314136,late,,7.746157644343246,80,6-8yr,boy_dog_frog,381
ECSC_1064_3_80F_1064_YR3,15,323,0.8455497382198953,0.8455497382198953,late,,6.92738929225186,80,6-8yr,boy_dog_frog,381
ECSC_1064_3_80F_1064_YR3,16,328,0.8586387434554974,0.8586387434554974,late,,7.036539087227741,80,6-8yr,boy_dog_frog,381
ECSC_1064_3_80F_1064_YR3,17,332,0.8691099476439791,0.8691099476439791,late,,6.273027728338734,80,6-8yr,boy_dog_frog,381
ECSC_1064_3_80F_1064_YR3,18,337,0.8821989528795812,0.8821989528795812,late,,8.824381683344738,80,6-8yr,boy_dog_frog,381
ECSC_1064_3_80F_1064_YR3,19,342,0.8952879581151832,0.8952879581151832,late,,8.753987604479853,80,6-8yr,boy_dog_frog,381
ECSC_1041_1_80M_1041_YR1,0,256,0.7272727272727273,0.7272727272727273,late,,4.896468964682416,80,6-8yr,frog_on_his_own,351
ECSC_1041_1_80M_1041_YR1,1,258,0.7329545454545454,0.7329545454545454,late,,2.9617905473520434,80,6-8yr,frog_on_his_own,351
ECSC_1041_1_80M_1041_YR1,2,261,0.7414772727272727,0.7414772727272727,late,,3.059243698609187,80,6-8yr,frog_on_his_own,351
ECSC_1041_1_80M_1041_YR1,3,264,0.75,0.75,late,,3.706884103124807,80,6-8yr,frog_on_his_own,351
ECSC_1041_1_80M_1041_YR1,4,267,0.7585227272727273,0.7585227272727273,late,,0.9089465497719136,80,6-8yr,frog_on_his_own,351
ECSC_1041_1_80M_1041_YR1,5,270,0.7670454545454546,0.7670454545454546,late,,1.3699777334277474,80,6-8yr,frog_on_his_own,351
ECSC_1041_1_80M_1041_YR1,6,273,0.7755681818181818,0.7755681818181818,late,,3.87329829078005,80,6-8yr,frog_on_his_own,351
ECSC_1041_1_80M_1041_YR1,7,276,0.7840909090909091,0.7840909090909091,late,,2.489470935367589,80,6-8yr,frog_on_his_own,351
ECSC_1041_1_80M_1041_YR1,8,279,0.7926136363636364,0.7926136363636364,late,,2.489983559344072,80,6-8yr,frog_on_his_own,351
ECSC_1041_1_80M_1041_YR1,9,282,0.8011363636363636,0.8011363636363636,late,,1.7802608726109668,80,6-8yr,frog_on_his_own,351
ECSC_1041_1_80M_1041_YR1,10,285,0.8096590909090909,0.8096590909090909,late,,2.245340055728507,80,6-8yr,frog_on_his_own,351
ECSC_1041_1_80M_1041_YR1,11,288,0.8181818181818182,0.8181818181818182,late,,0.9726887711712084,80,6-8yr,frog_on_his_own,351
ECSC_1041_1_80M_1041_YR1,12,291,0.8267045454545454,0.8267045454545454,late,,1.5217655982752216,80,6-8yr,frog_on_his_own,351
ECSC_1041_1_80M_1041_YR1,13,294,0.8352272727272727,0.8352272727272727,late,,1.4893100544768636,80,6-8yr,frog_on_his_own,351
ECSC_1041_1_80M_1041_YR1,14,297,0.84375,0.84375,late,,1.3212898653074987,80,6-8yr,frog_on_his_own,351
ECSC_1041_1_80M_1041_YR1,15,300,0.8522727272727273,0.8522727272727273,late,,1.7218686370431584,80,6-8yr,frog_on_his_own,351
ECSC_1041_1_80M_1041_YR1,16,303,0.8607954545454546,0.8607954545454546,late,,1.870021908164732,80,6-8yr,frog_on_his_own,351
ECSC_1041_1_80M_1041_YR1,17,306,0.8693181818181818,0.8693181818181818,late,,1.6859168515821017,80,6-8yr,frog_on_his_own,351
ECSC_1041_1_80M_1041_YR1,18,309,0.8778409090909091,0.8778409090909091,late,,2.687862413214951,80,6-8yr,frog_on_his_own,351
ECSC_1041_1_80M_1041_YR1,19,312,0.8863636363636364,0.8863636363636364,late,,4.311027620677102,80,6-8yr,frog_on_his_own,351
ECSC_1041_2_80M_1041_YR2,0,256,0.7111111111111111,0.7111111111111111,late,,0.6084213752166203,80,6-8yr,frog_on_his_own,359
ECSC_1041_2_80M_1041_YR2,1,259,0.7194444444444444,0.7194444444444444,late,,0.758025169501586,80,6-8yr,frog_on_his_own,359
ECSC_1041_2_80M_1041_YR2,2,262,0.7277777777777777,0.7277777777777777,late,,0.8696955828885127,80,6-8yr,frog_on_his_own,359
ECSC_1041_2_80M_1041_YR2,3,266,0.7388888888888889,0.7388888888888889,late,,0.8686001458059343,80,6-8yr,frog_on_his_own,359
ECSC_1041_2_80M_1041_YR2,4,269,0.7472222222222222,0.7472222222222222,late,,1.7710912313222522,80,6-8yr,frog_on_his_own,359
ECSC_1041_2_80M_1041_YR2,5,272,0.7555555555555555,0.7555555555555555,late,,1.2731458579759112,80,6-8yr,frog_on_his_own,359
ECSC_1041_2_80M_1041_YR2,6,276,0.7666666666666667,0.7666666666666667,late,,1.2829602916993297,80,6-8yr,frog_on_his_own,359
ECSC_1041_2_80M_1041_YR2,7,279,0.775,0.775,late,,0.9470246532304304,80,6-8yr,frog_on_his_own,359
ECSC_1041_2_80M_1041_YR2,8,282,0.7833333333333333,0.7833333333333333,late,,0.6967315380847907,80,6-8yr,frog_on_his_own,359
ECSC_1041_2_80M_1041_YR2,9,286,0.7944444444444444,0.7944444444444444,late,,1.1445603669248836,80,6-8yr,frog_on_his_own,359
ECSC_1041_2_80M_1041_YR2,10,289,0.8027777777777778,0.8027777777777778,late,,1.541123669703027,80,6-8yr,frog_on_his_own,359
ECSC_1041_2_80M_1041_YR2,11,293,0.8138888888888889,0.8138888888888889,late,,1.8410063122807137,80,6-8yr,frog_on_his_own,359
ECSC_1041_2_80M_1041_YR2,12,296,0.8222222222222222,0.8222222222222222,late,,1.6046826119532849,80,6-8yr,frog_on_his_own,359
ECSC_1041_2_80M_1041_YR2,13,299,0.8305555555555556,0.8305555555555556,late,,1.4521496210159093,80,6-8yr,frog_on_his_own,359
ECSC_1041_2_80M_1041_YR2,14,303,0.8416666666666667,0.8416666666666667,late,,1.5747843620969055,80,6-8yr,frog_on_his_own,359
ECSC_1041_2_80M_1041_YR2,15,306,0.85,0.85,late,,1.3284178273365317,80,6-8yr,frog_on_his_own,359
ECSC_1041_2_80M_1041_YR2,16,309,0.8583333333333333,0.8583333333333333,late,,2.2864966395848336,80,6-8yr,frog_on_his_own,359
ECSC_1041_2_80M_1041_YR2,17,313,0.8694444444444445,0.8694444444444445,late,,2.941055836392639,80,6-8yr,frog_on_his_own,359
ECSC_1041_2_80M_1041_YR2,18,316,0.8777777777777778,0.8777777777777778,late,,4.016200647122961,80,6-8yr,frog_on_his_own,359
ECSC_1041_2_80M_1041_YR2,19,320,0.8888888888888888,0.8888888888888888,late,,3.322993220896226,80,6-8yr,frog_on_his_own,359
ECSC_1041_3_80M_1041_YR3,0,256,0.6109785202863962,0.6109785202863962,mid,,10.416710835176069,80,6-8yr,one_frog_too_many,418
ECSC_1041_3_80M_1041_YR3,1,262,0.6252983293556086,0.6252983293556086,mid,,8.049787644956119,80,6-8yr,one_frog_too_many,418
ECSC_1041_3_80M_1041_YR3,2,268,0.639618138424821,0.639618138424821,mid,,8.961792208660256,80,6-8yr,one_frog_too_many,418
ECSC_1041_3_80M_1041_YR3,3,275,0.6563245823389021,0.6563245823389021,mid,,11.530142090476668,80,6-8yr,one_frog_too_many,418
ECSC_1041_3_80M_1041_YR3,4,281,0.6706443914081146,0.6706443914081146,late,,10.41174589014738,80,6-8yr,one_frog_too_many,418
ECSC_1041_3_80M_1041_YR3,5,287,0.684964200477327,0.684964200477327,late,,8.235209873838294,80,6-8yr,one_frog_too_many,418
ECSC_1041_3_80M_1041_YR3,6,294,0.7016706443914081,0.7016706443914081,late,,3.183578416180026,80,6-8yr,one_frog_too_many,418
ECSC_1041_3_80M_1041_YR3,7,300,0.7159904534606205,0.7159904534606205,late,,3.799768639413328,80,6-8yr,one_frog_too_many,418
ECSC_1041_3_80M_1041_YR3,8,306,0.7303102625298329,0.7303102625298329,late,,4.628734832687791,80,6-8yr,one_frog_too_many,418
ECSC_1041_3_80M_1041_YR3,9,313,0.747016706443914,0.747016706443914,late,,3.091408800154266,80,6-8yr,one_frog_too_many,418
ECSC_1041_3_80M_1041_YR3,10,319,0.7613365155131265,0.7613365155131265,late,,2.6115597496737193,80,6-8yr,one_frog_too_many,418
ECSC_1041_3_80M_1041_YR3,11,326,0.7780429594272077,0.7780429594272077,late,,5.212677456787016,80,6-8yr,one_frog_too_many,418
ECSC_1041_3_80M_1041_YR3,12,332,0.7923627684964201,0.7923627684964201,late,,4.243039894210041,80,6-8yr,one_frog_too_many,418
ECSC_1041_3_80M_1041_YR3,13,338,0.8066825775656324,0.8066825775656324,late,,4.622704097114287,80,6-8yr,one_frog_too_many,418
ECSC_1041_3_80M_1041_YR3,14,345,0.8233890214797136,0.8233890214797136,late,,2.925063378574894,80,6-8yr,one_frog_too_many,418
ECSC_1041_3_80M_1041_YR3,15,351,0.837708830548926,0.837708830548926,late,,-0.2993245692761448,80,6-8yr,one_frog_too_many,418
ECSC_1041_3_80M_1041_YR3,16,357,0.8520286396181385,0.8520286396181385,late,,-0.5310249972495811,80,6-8yr,one_frog_too_many,418
ECSC_1041_3_80M_1041_YR3,17,364,0.8687350835322196,0.8687350835322196,late,,-0.5874420563997695,80,6-8yr,one_frog_too_many,418
ECSC_1041_3_80M_1041_YR3,18,370,0.883054892601432,0.883054892601432,late,,2.5476978863178736,80,6-8yr,one_frog_too_many,418
ECSC_1041_3_80M_1041_YR3,19,377,0.8997613365155132,0.8997613365155132,late,,1.0909352796120722,80,6-8yr,one_frog_too_many,418
ECSC_1080_1_81M_1080_YR1,0,256,0.7463556851311953,0.7463556851311953,late,,9.275967679626817,81,6-8yr,one_frog_too_many,342
ECSC_1080_1_81M_1080_YR1,1,258,0.7521865889212828,0.7521865889212828,late,,10.644640133760928,81,6-8yr,one_frog_too_many,342
ECSC_1080_1_81M_1080_YR1,2,260,0.7580174927113703,0.7580174927113703,late,,9.514618707153003,81,6-8yr,one_frog_too_many,342
ECSC_1080_1_81M_1080_YR1,3,263,0.7667638483965015,0.7667638483965015,late,,8.744275077800435,81,6-8yr,one_frog_too_many,342
ECSC_1080_1_81M_1080_YR1,4,265,0.7725947521865889,0.7725947521865889,late,,7.421877495166317,81,6-8yr,one_frog_too_many,342
ECSC_1080_1_81M_1080_YR1,5,268,0.7813411078717201,0.7813411078717201,late,,13.58935791238865,81,6-8yr,one_frog_too_many,342
ECSC_1080_1_81M_1080_YR1,6,270,0.7871720116618076,0.7871720116618076,late,,15.666486188541835,81,6-8yr,one_frog_too_many,342
ECSC_1080_1_81M_1080_YR1,7,273,0.7959183673469388,0.7959183673469388,late,,21.042593650441333,81,6-8yr,one_frog_too_many,342
ECSC_1080_1_81M_1080_YR1,8,275,0.8017492711370262,0.8017492711370262,late,,22.79527098076806,81,6-8yr,one_frog_too_many,342
ECSC_1080_1_81M_1080_YR1,9,278,0.8104956268221575,0.8104956268221575,late,,14.901761043656537,81,6-8yr,one_frog_too_many,342
ECSC_1080_1_81M_1080_YR1,10,280,0.8163265306122449,0.8163265306122449,late,,12.394746977902024,81,6-8yr,one_frog_too_many,342
ECSC_1080_1_81M_1080_YR1,11,283,0.8250728862973761,0.8250728862973761,late,,8.877841347228738,81,6-8yr,one_frog_too_many,342
ECSC_1080_1_81M_1080_YR1,12,285,0.8309037900874635,0.8309037900874635,late,,11.405339368096008,81,6-8yr,one_frog_too_many,342
ECSC_1080_1_81M_1080_YR1,13,288,0.8396501457725948,0.8396501457725948,late,,11.585207125175016,81,6-8yr,one_frog_too_many,342
ECSC_1080_1_81M_1080_YR1,14,290,0.8454810495626822,0.8454810495626822,late,,8.549284545397803,81,6-8yr,one_frog_too_many,342
ECSC_1080_1_81M_1080_YR1,15,293,0.8542274052478134,0.8542274052478134,late,,8.829554446948983,81,6-8yr,one_frog_too_many,342
ECSC_1080_1_81M_1080_YR1,16,295,0.8600583090379009,0.8600583090379009,late,,8.03572107867171,81,6-8yr,one_frog_too_many,342
ECSC_1080_1_81M_1080_YR1,17,298,0.8688046647230321,0.8688046647230321,late,,13.914899152501404,81,6-8yr,one_frog_too_many,342
ECSC_1080_1_81M_1080_YR1,18,300,0.8746355685131195,0.8746355685131195,late,,16.00793922469045,81,6-8yr,one_frog_too_many,342
ECSC_1080_1_81M_1080_YR1,19,303,0.8833819241982507,0.8833819241982507,late,,11.100919408892786,81,6-8yr,one_frog_too_many,342
ECSC_1080_2_81M_1080_YR2,0,256,0.7781155015197568,0.7781155015197568,late,,3.756430359825039,81,6-8yr,frog_where_are_you,328
ECSC_1080_2_81M_1080_YR2,1,257,0.7811550151975684,0.7811550151975684,late,,3.6492485497906166,81,6-8yr,frog_where_are_you,328
ECSC_1080_2_81M_1080_YR2,2,259,0.7872340425531915,0.7872340425531915,late,,5.033492902495116,81,6-8yr,frog_where_are_you,328
ECSC_1080_2_81M_1080_YR2,3,261,0.7933130699088146,0.7933130699088146,late,,6.300988529670597,81,6-8yr,frog_where_are_you,328
ECSC_1080_2_81M_1080_YR2,4,262,0.7963525835866262,0.7963525835866262,late,,6.731518814261488,81,6-8yr,frog_where_are_you,328
ECSC_1080_2_81M_1080_YR2,5,264,0.8024316109422492,0.8024316109422492,late,,3.8352670161147273,81,6-8yr,frog_where_are_you,328
ECSC_1080_2_81M_1080_YR2,6,266,0.8085106382978723,0.8085106382978723,late,,5.729550882549486,81,6-8yr,frog_where_are_you,328
ECSC_1080_2_81M_1080_YR2,7,268,0.8145896656534954,0.8145896656534954,late,,5.1493352986727565,81,6-8yr,frog_where_are_you,328
ECSC_1080_2_81M_1080_YR2,8,269,0.817629179331307,0.817629179331307,late,,5.822845464839599,81,6-8yr,frog_where_are_you,328
ECSC_1080_2_81M_1080_YR2,9,271,0.8237082066869301,0.8237082066869301,late,,6.358989146547527,81,6-8yr,frog_where_are_you,328
ECSC_1080_2_81M_1080_YR2,10,273,0.8297872340425532,0.8297872340425532,late,,5.998335113630098,81,6-8yr,frog_where_are_you,328
ECSC_1080_2_81M_1080_YR2,11,275,0.8358662613981763,0.8358662613981763,late,,4.090143838688848,81,6-8yr,frog_where_are_you,328
ECSC_1080_2_81M_1080_YR2,12,276,0.8389057750759878,0.8389057750759878,late,,3.690278117063947,81,6-8yr,frog_where_are_you,328
ECSC_1080_2_81M_1080_YR2,13,278,0.8449848024316109,0.8449848024316109,late,,3.2036162603599063,81,6-8yr,frog_where_are_you,328
ECSC_1080_2_81M_1080_YR2,14,280,0.851063829787234,0.851063829787234,late,,3.8246618563631856,81,6-8yr,frog_where_are_you,328
ECSC_1080_2_81M_1080_YR2,15,282,0.8571428571428571,0.8571428571428571,late,,3.1982480335980625,81,6-8yr,frog_where_are_you,328
ECSC_1080_2_81M_1080_YR2,16,283,0.8601823708206687,0.8601823708206687,late,,4.095871326576248,81,6-8yr,frog_where_are_you,328
ECSC_1080_2_81M_1080_YR2,17,285,0.8662613981762918,0.8662613981762918,late,,4.499044606044055,81,6-8yr,frog_where_are_you,328
ECSC_1080_2_81M_1080_YR2,18,287,0.8723404255319149,0.8723404255319149,late,,5.425884760119139,81,6-8yr,frog_where_are_you,328
ECSC_1080_2_81M_1080_YR2,19,289,0.878419452887538,0.878419452887538,late,,8.047148371546495,81,6-8yr,frog_where_are_you,328
ECSC_1080_3_81M_1080_YR3,0,256,0.5009784735812133,0.5009784735812133,mid,,2.4706765294399986,81,6-8yr,frog_where_are_you,510
ECSC_1080_3_81M_1080_YR3,1,266,0.5205479452054794,0.5205479452054794,mid,,10.663603776333945,81,6-8yr,frog_where_are_you,510
ECSC_1080_3_81M_1080_YR3,2,277,0.5420743639921722,0.5420743639921722,mid,,3.761197559175553,81,6-8yr,frog_where_are_you,510
ECSC_1080_3_81M_1080_YR3,3,288,0.5636007827788649,0.5636007827788649,mid,,3.554618351638954,81,6-8yr,frog_where_are_you,510
ECSC_1080_3_81M_1080_YR3,4,298,0.5831702544031311,0.5831702544031311,mid,,2.302984917669118,81,6-8yr,frog_where_are_you,510
ECSC_1080_3_81M_1080_YR3,5,309,0.6046966731898239,0.6046966731898239,mid,,5.403963102387477,81,6-8yr,frog_where_are_you,510
ECSC_1080_3_81M_1080_YR3,6,320,0.6262230919765166,0.6262230919765166,mid,,17.87633949186234,81,6-8yr,frog_where_are_you,510
ECSC_1080_3_81M_1080_YR3,7,330,0.6457925636007827,0.6457925636007827,mid,,45.229246065997486,81,6-8yr,frog_where_are_you,510
ECSC_1080_3_81M_1080_YR3,8,341,0.6673189823874756,0.6673189823874756,late,,19.425817374692976,81,6-8yr,frog_where_are_you,510
ECSC_1080_3_81M_1080_YR3,9,352,0.6888454011741683,0.6888454011741683,late,,20.88857813834603,81,6-8yr,frog_where_are_you,510
ECSC_1080_3_81M_1080_YR3,10,362,0.7084148727984344,0.7084148727984344,late,,8.17013959595079,81,6-8yr,frog_where_are_you,510
ECSC_1080_3_81M_1080_YR3,11,373,0.7299412915851272,0.7299412915851272,late,,10.014365301491484,81,6-8yr,frog_where_are_you,510
ECSC_1080_3_81M_1080_YR3,12,384,0.7514677103718199,0.7514677103718199,late,,4.642391303269649,81,6-8yr,frog_where_are_you,510
ECSC_1080_3_81M_1080_YR3,13,394,0.7710371819960861,0.7710371819960861,late,,3.9712267676674102,81,6-8yr,frog_where_are_you,510
ECSC_1080_3_81M_1080_YR3,14,405,0.7925636007827789,0.7925636007827789,late,,5.094289089504221,81,6-8yr,frog_where_are_you,510
ECSC_1080_3_81M_1080_YR3,15,416,0.8140900195694716,0.8140900195694716,late,,4.994230091002267,81,6-8yr,frog_where_are_you,510
ECSC_1080_3_81M_1080_YR3,16,426,0.8336594911937377,0.8336594911937377,late,,2.888187585050918,81,6-8yr,frog_where_are_you,510
ECSC_1080_3_81M_1080_YR3,17,437,0.8551859099804305,0.8551859099804305,late,,9.509528472678516,81,6-8yr,frog_where_are_you,510
ECSC_1080_3_81M_1080_YR3,18,448,0.8767123287671232,0.8767123287671232,late,,34.54195811018557,81,6-8yr,frog_where_are_you,510
ECSC_1080_3_81M_1080_YR3,19,459,0.898238747553816,0.898238747553816,late,,25.475372951342372,81,6-8yr,frog_where_are_you,510
ECSC_1084_1_81M_1084_YR1,0,256,0.7211267605633803,0.7211267605633803,late,,1.4892969948865709,81,6-8yr,boy_dog_frog,354
ECSC_1084_1_81M_1084_YR1,1,259,0.7295774647887324,0.7295774647887324,late,,1.4764334009172462,81,6-8yr,boy_dog_frog,354
ECSC_1084_1_81M_1084_YR1,2,262,0.7380281690140845,0.7380281690140845,late,,0.9116376144672068,81,6-8yr,boy_dog_frog,354
ECSC_1084_1_81M_1084_YR1,3,265,0.7464788732394366,0.7464788732394366,late,,1.3611579140765198,81,6-8yr,boy_dog_frog,354
ECSC_1084_1_81M_1084_YR1,4,268,0.7549295774647887,0.7549295774647887,late,,2.0444460078114375,81,6-8yr,boy_dog_frog,354
ECSC_1084_1_81M_1084_YR1,5,271,0.7633802816901408,0.7633802816901408,late,,2.9812834486665523,81,6-8yr,boy_dog_frog,354
ECSC_1084_1_81M_1084_YR1,6,274,0.7718309859154929,0.7718309859154929,late,,2.8663182780999854,81,6-8yr,boy_dog_frog,354
ECSC_1084_1_81M_1084_YR1,7,277,0.780281690140845,0.780281690140845,late,,1.7073097425976265,81,6-8yr,boy_dog_frog,354
ECSC_1084_1_81M_1084_YR1,8,280,0.7887323943661971,0.7887323943661971,late,,1.3057312765710254,81,6-8yr,boy_dog_frog,354
ECSC_1084_1_81M_1084_YR1,9,283,0.7971830985915493,0.7971830985915493,late,,1.6098258655848632,81,6-8yr,boy_dog_frog,354
ECSC_1084_1_81M_1084_YR1,10,287,0.8084507042253521,0.8084507042253521,late,,3.282480959841207,81,6-8yr,boy_dog_frog,354
ECSC_1084_1_81M_1084_YR1,11,290,0.8169014084507042,0.8169014084507042,late,,2.792905672298319,81,6-8yr,boy_dog_frog,354
ECSC_1084_1_81M_1084_YR1,12,293,0.8253521126760563,0.8253521126760563,late,,0.8151431957513235,81,6-8yr,boy_dog_frog,354
ECSC_1084_1_81M_1084_YR1,13,296,0.8338028169014085,0.8338028169014085,late,,2.3745625588386137,81,6-8yr,boy_dog_frog,354
ECSC_1084_1_81M_1084_YR1,14,299,0.8422535211267606,0.8422535211267606,late,,2.3267051099351654,81,6-8yr,boy_dog_frog,354
ECSC_1084_1_81M_1084_YR1,15,302,0.8507042253521127,0.8507042253521127,late,,2.1220822913537383,81,6-8yr,boy_dog_frog,354
ECSC_1084_1_81M_1084_YR1,16,305,0.8591549295774648,0.8591549295774648,late,,1.0182823759519302,81,6-8yr,boy_dog_frog,354
ECSC_1084_1_81M_1084_YR1,17,308,0.8676056338028169,0.8676056338028169,late,,0.622451693514547,81,6-8yr,boy_dog_frog,354
ECSC_1084_1_81M_1084_YR1,18,311,0.8760563380281691,0.8760563380281691,late,,0.5816831484113543,81,6-8yr,boy_dog_frog,354
ECSC_1084_1_81M_1084_YR1,19,315,0.8873239436619719,0.8873239436619719,late,,2.3515356882408636,81,6-8yr,boy_dog_frog,354
ECSC_1084_2_81M_1084_YR2,0,256,0.7170868347338936,0.7170868347338936,late,,17.34982678420963,81,6-8yr,one_frog_too_many,356
ECSC_1084_2_81M_1084_YR2,1,259,0.7254901960784313,0.7254901960784313,late,,11.417195480223544,81,6-8yr,one_frog_too_many,356
ECSC_1084_2_81M_1084_YR2,2,262,0.7338935574229691,0.7338935574229691,late,,8.985154647357724,81,6-8yr,one_frog_too_many,356
ECSC_1084_2_81M_1084_YR2,3,265,0.742296918767507,0.742296918767507,late,,7.263867979156441,81,6-8yr,one_frog_too_many,356
ECSC_1084_2_81M_1084_YR2,4,268,0.7507002801120448,0.7507002801120448,late,,9.059705777054305,81,6-8yr,one_frog_too_many,356
ECSC_1084_2_81M_1084_YR2,5,272,0.7619047619047619,0.7619047619047619,late,,5.456490799993023,81,6-8yr,one_frog_too_many,356
ECSC_1084_2_81M_1084_YR2,6,275,0.7703081232492998,0.7703081232492998,late,,2.9636919841173963,81,6-8yr,one_frog_too_many,356
ECSC_1084_2_81M_1084_YR2,7,278,0.7787114845938375,0.7787114845938375,late,,2.8114675612967392,81,6-8yr,one_frog_too_many,356
ECSC_1084_2_81M_1084_YR2,8,281,0.7871148459383753,0.7871148459383753,late,,4.723000378547498,81,6-8yr,one_frog_too_many,356
ECSC_1084_2_81M_1084_YR2,9,284,0.7955182072829131,0.7955182072829131,late,,3.7913104017093193,81,6-8yr,one_frog_too_many,356
ECSC_1084_2_81M_1084_YR2,10,288,0.8067226890756303,0.8067226890756303,late,,2.3959361752441986,81,6-8yr,one_frog_too_many,356
ECSC_1084_2_81M_1084_YR2,11,291,0.8151260504201681,0.8151260504201681,late,,2.0076598431099395,81,6-8yr,one_frog_too_many,356
ECSC_1084_2_81M_1084_YR2,12,294,0.8235294117647058,0.8235294117647058,late,,1.5552435127672055,81,6-8yr,one_frog_too_many,356
ECSC_1084_2_81M_1084_YR2,13,297,0.8319327731092437,0.8319327731092437,late,,2.502463541132869,81,6-8yr,one_frog_too_many,356
ECSC_1084_2_81M_1084_YR2,14,300,0.8403361344537815,0.8403361344537815,late,,4.294130013131538,81,6-8yr,one_frog_too_many,356
ECSC_1084_2_81M_1084_YR2,15,304,0.8515406162464986,0.8515406162464986,late,,6.235827834423196,81,6-8yr,one_frog_too_many,356
ECSC_1084_2_81M_1084_YR2,16,307,0.8599439775910365,0.8599439775910365,late,,2.88772659280043,81,6-8yr,one_frog_too_many,356
ECSC_1084_2_81M_1084_YR2,17,310,0.8683473389355743,0.8683473389355743,late,,1.9742064372948975,81,6-8yr,one_frog_too_many,356
ECSC_1084_2_81M_1084_YR2,18,313,0.876750700280112,0.876750700280112,late,,3.373528327132263,81,6-8yr,one_frog_too_many,356
ECSC_1084_2_81M_1084_YR2,19,317,0.8879551820728291,0.8879551820728291,late,,4.12675476761266,81,6-8yr,one_frog_too_many,356
ECSC_1084_3_81M_1084_YR3,0,256,0.847682119205298,0.847682119205298,late,,13.975843502394069,81,6-8yr,frog_where_are_you,301
ECSC_1084_3_81M_1084_YR3,1,256,0.847682119205298,0.847682119205298,late,,13.975843502394069,81,6-8yr,frog_where_are_you,301
ECSC_1084_3_81M_1084_YR3,2,256,0.847682119205298,0.847682119205298,late,,13.975843502394069,81,6-8yr,frog_where_are_you,301
ECSC_1084_3_81M_1084_YR3,3,256,0.847682119205298,0.847682119205298,late,,13.975843502394069,81,6-8yr,frog_where_are_you,301
ECSC_1084_3_81M_1084_YR3,4,257,0.8509933774834437,0.8509933774834437,late,,13.316926239680924,81,6-8yr,frog_where_are_you,301
ECSC_1084_3_81M_1084_YR3,5,257,0.8509933774834437,0.8509933774834437,late,,13.316926239680924,81,6-8yr,frog_where_are_you,301
ECSC_1084_3_81M_1084_YR3,6,257,0.8509933774834437,0.8509933774834437,late,,13.316926239680924,81,6-8yr,frog_where_are_you,301
ECSC_1084_3_81M_1084_YR3,7,258,0.8543046357615894,0.8543046357615894,late,,15.6981394690097,81,6-8yr,frog_where_are_you,301
ECSC_1084_3_81M_1084_YR3,8,258,0.8543046357615894,0.8543046357615894,late,,15.6981394690097,81,6-8yr,frog_where_are_you,301
ECSC_1084_3_81M_1084_YR3,9,258,0.8543046357615894,0.8543046357615894,late,,15.6981394690097,81,6-8yr,frog_where_are_you,301
ECSC_1084_3_81M_1084_YR3,10,259,0.8576158940397351,0.8576158940397351,late,,15.193614211529765,81,6-8yr,frog_where_are_you,301
ECSC_1084_3_81M_1084_YR3,11,259,0.8576158940397351,0.8576158940397351,late,,15.193614211529765,81,6-8yr,frog_where_are_you,301
ECSC_1084_3_81M_1084_YR3,12,259,0.8576158940397351,0.8576158940397351,late,,15.193614211529765,81,6-8yr,frog_where_are_you,301
ECSC_1084_3_81M_1084_YR3,13,260,0.8609271523178808,0.8609271523178808,late,,16.641973822270653,81,6-8yr,frog_where_are_you,301
ECSC_1084_3_81M_1084_YR3,14,260,0.8609271523178808,0.8609271523178808,late,,16.641973822270653,81,6-8yr,frog_where_are_you,301
ECSC_1084_3_81M_1084_YR3,15,260,0.8609271523178808,0.8609271523178808,late,,16.641973822270653,81,6-8yr,frog_where_are_you,301
ECSC_1084_3_81M_1084_YR3,16,261,0.8642384105960265,0.8642384105960265,late,,18.07630728261339,81,6-8yr,frog_where_are_you,301
ECSC_1084_3_81M_1084_YR3,17,261,0.8642384105960265,0.8642384105960265,late,,18.07630728261339,81,6-8yr,frog_where_are_you,301
ECSC_1084_3_81M_1084_YR3,18,261,0.8642384105960265,0.8642384105960265,late,,18.07630728261339,81,6-8yr,frog_where_are_you,301
ECSC_1084_3_81M_1084_YR3,19,262,0.8675496688741722,0.8675496688741722,late,,16.734862885923686,81,6-8yr,frog_where_are_you,301
ECSC_4029_1_81M_4029_YR1,0,256,0.839344262295082,0.839344262295082,late,,1.627566561350121,81,6-8yr,unknown,304
ECSC_4029_1_81M_4029_YR1,1,256,0.839344262295082,0.839344262295082,late,,1.627566561350121,81,6-8yr,unknown,304
ECSC_4029_1_81M_4029_YR1,2,256,0.839344262295082,0.839344262295082,late,,1.627566561350121,81,6-8yr,unknown,304
ECSC_4029_1_81M_4029_YR1,3,257,0.8426229508196721,0.8426229508196721,late,,2.1244711751819496,81,6-8yr,unknown,304
ECSC_4029_1_81M_4029_YR1,4,257,0.8426229508196721,0.8426229508196721,late,,2.1244711751819496,81,6-8yr,unknown,304
ECSC_4029_1_81M_4029_YR1,5,258,0.8459016393442623,0.8459016393442623,late,,1.719198313860181,81,6-8yr,unknown,304
ECSC_4029_1_81M_4029_YR1,6,258,0.8459016393442623,0.8459016393442623,late,,1.719198313860181,81,6-8yr,unknown,304
ECSC_4029_1_81M_4029_YR1,7,259,0.8491803278688524,0.8491803278688524,late,,2.274918653072908,81,6-8yr,unknown,304
ECSC_4029_1_81M_4029_YR1,8,259,0.8491803278688524,0.8491803278688524,late,,2.274918653072908,81,6-8yr,unknown,304
ECSC_4029_1_81M_4029_YR1,9,260,0.8524590163934426,0.8524590163934426,late,,2.253050964617768,81,6-8yr,unknown,304
ECSC_4029_1_81M_4029_YR1,10,260,0.8524590163934426,0.8524590163934426,late,,2.253050964617768,81,6-8yr,unknown,304
ECSC_4029_1_81M_4029_YR1,11,261,0.8557377049180328,0.8557377049180328,late,,1.818128743226226,81,6-8yr,unknown,304
ECSC_4029_1_81M_4029_YR1,12,261,0.8557377049180328,0.8557377049180328,late,,1.818128743226226,81,6-8yr,unknown,304
ECSC_4029_1_81M_4029_YR1,13,262,0.8590163934426229,0.8590163934426229,late,,1.9106968080684812,81,6-8yr,unknown,304
ECSC_4029_1_81M_4029_YR1,14,262,0.8590163934426229,0.8590163934426229,late,,1.9106968080684812,81,6-8yr,unknown,304
ECSC_4029_1_81M_4029_YR1,15,263,0.8622950819672132,0.8622950819672132,late,,2.532064615251965,81,6-8yr,unknown,304
ECSC_4029_1_81M_4029_YR1,16,263,0.8622950819672132,0.8622950819672132,late,,2.532064615251965,81,6-8yr,unknown,304
ECSC_4029_1_81M_4029_YR1,17,264,0.8655737704918033,0.8655737704918033,late,,3.020710418333731,81,6-8yr,unknown,304
ECSC_4029_1_81M_4029_YR1,18,264,0.8655737704918033,0.8655737704918033,late,,3.020710418333731,81,6-8yr,unknown,304
ECSC_4029_1_81M_4029_YR1,19,265,0.8688524590163934,0.8688524590163934,late,,2.2213948829128665,81,6-8yr,unknown,304
ECSC_1003_1_82F_1003_YR1,0,256,0.649746192893401,0.649746192893401,mid,,14.323984189342784,82,6-8yr,one_frog_too_many,393
ECSC_1003_1_82F_1003_YR1,1,261,0.6624365482233503,0.6624365482233503,late,,13.902444523786782,82,6-8yr,one_frog_too_many,393
ECSC_1003_1_82F_1003_YR1,2,266,0.6751269035532995,0.6751269035532995,late,,6.56505970843523,82,6-8yr,one_frog_too_many,393
ECSC_1003_1_82F_1003_YR1,3,271,0.6878172588832487,0.6878172588832487,late,,7.3019216639578435,82,6-8yr,one_frog_too_many,393
ECSC_1003_1_82F_1003_YR1,4,276,0.700507614213198,0.700507614213198,late,,7.720896184858731,82,6-8yr,one_frog_too_many,393
ECSC_1003_1_82F_1003_YR1,5,281,0.7131979695431472,0.7131979695431472,late,,3.786458521893025,82,6-8yr,one_frog_too_many,393
ECSC_1003_1_82F_1003_YR1,6,286,0.7258883248730964,0.7258883248730964,late,,4.395781012637835,82,6-8yr,one_frog_too_many,393
ECSC_1003_1_82F_1003_YR1,7,292,0.7411167512690355,0.7411167512690355,late,,4.237509435622117,82,6-8yr,one_frog_too_many,393
ECSC_1003_1_82F_1003_YR1,8,297,0.7538071065989848,0.7538071065989848,late,,5.113548522043628,82,6-8yr,one_frog_too_many,393
ECSC_1003_1_82F_1003_YR1,9,302,0.766497461928934,0.766497461928934,late,,5.886564332755331,82,6-8yr,one_frog_too_many,393
ECSC_1003_1_82F_1003_YR1,10,307,0.7791878172588832,0.7791878172588832,late,,5.756198457211866,82,6-8yr,one_frog_too_many,393
ECSC_1003_1_82F_1003_YR1,11,312,0.7918781725888325,0.7918781725888325,late,,3.801676419106803,82,6-8yr,one_frog_too_many,393
ECSC_1003_1_82F_1003_YR1,12,317,0.8045685279187818,0.8045685279187818,late,,16.69100686793776,82,6-8yr,one_frog_too_many,393
ECSC_1003_1_82F_1003_YR1,13,323,0.8197969543147208,0.8197969543147208,late,,17.725872645506485,82,6-8yr,one_frog_too_many,393
ECSC_1003_1_82F_1003_YR1,14,328,0.8324873096446701,0.8324873096446701,late,,22.484394103660065,82,6-8yr,one_frog_too_many,393
ECSC_1003_1_82F_1003_YR1,15,333,0.8451776649746193,0.8451776649746193,late,,19.510222462368645,82,6-8yr,one_frog_too_many,393
ECSC_1003_1_82F_1003_YR1,16,338,0.8578680203045685,0.8578680203045685,late,,15.70933781416568,82,6-8yr,one_frog_too_many,393
ECSC_1003_1_82F_1003_YR1,17,343,0.8705583756345178,0.8705583756345178,late,,28.857596968543135,82,6-8yr,one_frog_too_many,393
ECSC_1003_1_82F_1003_YR1,18,348,0.883248730964467,0.883248730964467,late,,38.50262416193179,82,6-8yr,one_frog_too_many,393
ECSC_1003_1_82F_1003_YR1,19,354,0.8984771573604061,0.8984771573604061,late,,15.385273202036338,82,6-8yr,one_frog_too_many,393
ECSC_1003_2_82F_1003_YR2,0,256,0.4044233807266982,0.4044233807266982,early,,6.095291685383522,82,6-8yr,frog_on_his_own,632
ECSC_1003_2_82F_1003_YR2,1,272,0.4296998420221169,0.4296998420221169,mid,,8.356935118210966,82,6-8yr,frog_on_his_own,632
ECSC_1003_2_82F_1003_YR2,2,288,0.4549763033175355,0.4549763033175355,mid,,3.996695764100572,82,6-8yr,frog_on_his_own,632
ECSC_1003_2_82F_1003_YR2,3,305,0.4818325434439178,0.4818325434439178,mid,,4.103040697071313,82,6-8yr,frog_on_his_own,632
ECSC_1003_2_82F_1003_YR2,4,321,0.5071090047393365,0.5071090047393365,mid,,3.9802732866916006,82,6-8yr,frog_on_his_own,632
ECSC_1003_2_82F_1003_YR2,5,338,0.5339652448657188,0.5339652448657188,mid,,6.025968289387793,82,6-8yr,frog_on_his_own,632
ECSC_1003_2_82F_1003_YR2,6,354,0.5592417061611374,0.5592417061611374,mid,,2.6124099434301833,82,6-8yr,frog_on_his_own,632
ECSC_1003_2_82F_1003_YR2,7,371,0.5860979462875198,0.5860979462875198,mid,,15.054681078967649,82,6-8yr,frog_on_his_own,632
ECSC_1003_2_82F_1003_YR2,8,387,0.6113744075829384,0.6113744075829384,mid,,15.371692015264545,82,6-8yr,frog_on_his_own,632
ECSC_1003_2_82F_1003_YR2,9,404,0.6382306477093207,0.6382306477093207,mid,,12.32782482728523,82,6-8yr,frog_on_his_own,632
ECSC_1003_2_82F_1003_YR2,10,420,0.6635071090047393,0.6635071090047393,late,,3.1283835991577496,82,6-8yr,frog_on_his_own,632
ECSC_1003_2_82F_1003_YR2,11,437,0.6903633491311216,0.6903633491311216,late,,5.116136935691479,82,6-8yr,frog_on_his_own,632
ECSC_1003_2_82F_1003_YR2,12,453,0.7156398104265402,0.7156398104265402,late,,5.405154546108035,82,6-8yr,frog_on_his_own,632
ECSC_1003_2_82F_1003_YR2,13,470,0.7424960505529226,0.7424960505529226,late,,7.456106279118203,82,6-8yr,frog_on_his_own,632
ECSC_1003_2_82F_1003_YR2,14,486,0.7677725118483413,0.7677725118483413,late,,6.652216841237218,82,6-8yr,frog_on_his_own,632
ECSC_1003_2_82F_1003_YR2,15,503,0.7946287519747235,0.7946287519747235,late,,3.8799398399806297,82,6-8yr,frog_on_his_own,632
ECSC_1003_2_82F_1003_YR2,16,519,0.8199052132701422,0.8199052132701422,late,,5.350566070600163,82,6-8yr,frog_on_his_own,632
ECSC_1003_2_82F_1003_YR2,17,536,0.8467614533965245,0.8467614533965245,late,3.0197674137078696,3.166766323157198,82,6-8yr,frog_on_his_own,632
ECSC_1003_2_82F_1003_YR2,18,552,0.8720379146919431,0.8720379146919431,late,,3.743384780101037,82,6-8yr,frog_on_his_own,632
ECSC_1003_2_82F_1003_YR2,19,569,0.8988941548183255,0.8988941548183255,late,4.302926863446823,4.405855479741874,82,6-8yr,frog_on_his_own,632
ECSC_1003_3_82F_1003_YR3,0,256,0.6790450928381963,0.6790450928381963,late,,3.744981671422069,82,6-8yr,frog_on_his_own,376
ECSC_1003_3_82F_1003_YR3,1,260,0.6896551724137931,0.6896551724137931,late,,6.756388960736102,82,6-8yr,frog_on_his_own,376
ECSC_1003_3_82F_1003_YR3,2,264,0.7002652519893899,0.7002652519893899,late,,6.911435355571079,82,6-8yr,frog_on_his_own,376
ECSC_1003_3_82F_1003_YR3,3,268,0.7108753315649867,0.7108753315649867,late,,9.47769854896287,82,6-8yr,frog_on_his_own,376
ECSC_1003_3_82F_1003_YR3,4,273,0.7241379310344828,0.7241379310344828,late,,6.2082389567981835,82,6-8yr,frog_on_his_own,376
ECSC_1003_3_82F_1003_YR3,5,277,0.7347480106100795,0.7347480106100795,late,,11.07921904283247,82,6-8yr,frog_on_his_own,376
ECSC_1003_3_82F_1003_YR3,6,281,0.7453580901856764,0.7453580901856764,late,,11.43706046240009,82,6-8yr,frog_on_his_own,376
ECSC_1003_3_82F_1003_YR3,7,285,0.7559681697612732,0.7559681697612732,late,,12.07076124460121,82,6-8yr,frog_on_his_own,376
ECSC_1003_3_82F_1003_YR3,8,290,0.7692307692307693,0.7692307692307693,late,,8.79784004558732,82,6-8yr,frog_on_his_own,376
ECSC_1003_3_82F_1003_YR3,9,294,0.7798408488063661,0.7798408488063661,late,,10.47880105557411,82,6-8yr,frog_on_his_own,376
ECSC_1003_3_82F_1003_YR3,10,298,0.7904509283819628,0.7904509283819628,late,,10.077223276663558,82,6-8yr,frog_on_his_own,376
ECSC_1003_3_82F_1003_YR3,11,302,0.8010610079575596,0.8010610079575596,late,,4.392073810068294,82,6-8yr,frog_on_his_own,376
ECSC_1003_3_82F_1003_YR3,12,307,0.8143236074270557,0.8143236074270557,late,,2.983904361705072,82,6-8yr,frog_on_his_own,376
ECSC_1003_3_82F_1003_YR3,13,311,0.8249336870026526,0.8249336870026526,late,,2.2121621238977003,82,6-8yr,frog_on_his_own,376
ECSC_1003_3_82F_1003_YR3,14,315,0.8355437665782494,0.8355437665782494,late,,2.944368701150978,82,6-8yr,frog_on_his_own,376
ECSC_1003_3_82F_1003_YR3,15,319,0.8461538461538461,0.8461538461538461,late,,3.830928471414364,82,6-8yr,frog_on_his_own,376
ECSC_1003_3_82F_1003_YR3,16,324,0.8594164456233422,0.8594164456233422,late,,3.3435886141900664,82,6-8yr,frog_on_his_own,376
ECSC_1003_3_82F_1003_YR3,17,328,0.870026525198939,0.870026525198939,late,,4.063051805066975,82,6-8yr,frog_on_his_own,376
ECSC_1003_3_82F_1003_YR3,18,332,0.8806366047745358,0.8806366047745358,late,,2.866693751645391,82,6-8yr,frog_on_his_own,376
ECSC_1003_3_82F_1003_YR3,19,337,0.8938992042440318,0.8938992042440318,late,,1.8528570418299868,82,6-8yr,frog_on_his_own,376
ECSC_1024_1_82F_1024_YR1,0,256,0.3694083694083694,0.3694083694083694,early,,18.561786293223783,82,6-8yr,boy_dog_frog,692
ECSC_1024_1_82F_1024_YR1,1,275,0.3968253968253968,0.3968253968253968,early,,27.443523506999057,82,6-8yr,boy_dog_frog,692
ECSC_1024_1_82F_1024_YR1,2,294,0.4242424242424242,0.4242424242424242,mid,,8.072452572255976,82,6-8yr,boy_dog_frog,692
ECSC_1024_1_82F_1024_YR1,3,313,0.4516594516594516,0.4516594516594516,mid,,2.497654562114996,82,6-8yr,boy_dog_frog,692
ECSC_1024_1_82F_1024_YR1,4,333,0.4805194805194805,0.4805194805194805,mid,,7.0910415825378035,82,6-8yr,boy_dog_frog,692
ECSC_1024_1_82F_1024_YR1,5,352,0.5079365079365079,0.5079365079365079,mid,,18.564966792020815,82,6-8yr,boy_dog_frog,692
ECSC_1024_1_82F_1024_YR1,6,371,0.5353535353535354,0.5353535353535354,mid,,12.026626721214068,82,6-8yr,boy_dog_frog,692
ECSC_1024_1_82F_1024_YR1,7,391,0.5642135642135642,0.5642135642135642,mid,,8.795511126041212,82,6-8yr,boy_dog_frog,692
ECSC_1024_1_82F_1024_YR1,8,410,0.5916305916305916,0.5916305916305916,mid,,12.172995988319276,82,6-8yr,boy_dog_frog,692
ECSC_1024_1_82F_1024_YR1,9,429,0.6190476190476191,0.6190476190476191,mid,,6.42743391562254,82,6-8yr,boy_dog_frog,692
ECSC_1024_1_82F_1024_YR1,10,449,0.6479076479076479,0.6479076479076479,mid,,12.53058922084394,82,6-8yr,boy_dog_frog,692
ECSC_1024_1_82F_1024_YR1,11,468,0.6753246753246753,0.6753246753246753,late,,8.296448866229099,82,6-8yr,boy_dog_frog,692
ECSC_1024_1_82F_1024_YR1,12,487,0.7027417027417028,0.7027417027417028,late,,6.344500693535313,82,6-8yr,boy_dog_frog,692
ECSC_1024_1_82F_1024_YR1,13,507,0.7316017316017316,0.7316017316017316,late,,26.255727428254612,82,6-8yr,boy_dog_frog,692
ECSC_1024_1_82F_1024_YR1,14,526,0.759018759018759,0.759018759018759,late,,10.12897021939708,82,6-8yr,boy_dog_frog,692
ECSC_1024_1_82F_1024_YR1,15,545,0.7864357864357865,0.7864357864357865,late,,18.04617946243001,82,6-8yr,boy_dog_frog,692
ECSC_1024_1_82F_1024_YR1,16,565,0.8152958152958153,0.8152958152958153,late,,9.980188904390516,82,6-8yr,boy_dog_frog,692
ECSC_1024_1_82F_1024_YR1,17,584,0.8427128427128427,0.8427128427128427,late,,9.023286219444412,82,6-8yr,boy_dog_frog,692
ECSC_1024_1_82F_1024_YR1,18,603,0.8701298701298701,0.8701298701298701,late,,3.806908011704619,82,6-8yr,boy_dog_frog,692
ECSC_1024_1_82F_1024_YR1,19,623,0.898989898989899,0.898989898989899,late,12.408192308872014,12.37573419944552,82,6-8yr,boy_dog_frog,692
ECSC_1024_2_82F_1024_YR2,0,256,0.29732868757259,0.29732868757259,early,,6.868096040566476,82,6-8yr,frog_on_his_own,860
ECSC_1024_2_82F_1024_YR2,1,283,0.3286875725900116,0.3286875725900116,early,,15.027537753347229,82,6-8yr,frog_on_his_own,860
ECSC_1024_2_82F_1024_YR2,2,310,0.3600464576074332,0.3600464576074332,early,,6.030697043042807,82,6-8yr,frog_on_his_own,860
ECSC_1024_2_82F_1024_YR2,3,337,0.3914053426248548,0.3914053426248548,early,,0.655639053507624,82,6-8yr,frog_on_his_own,860
ECSC_1024_2_82F_1024_YR2,4,365,0.4239256678281068,0.4239256678281068,mid,,0.380418207572843,82,6-8yr,frog_on_his_own,860
ECSC_1024_2_82F_1024_YR2,5,392,0.4552845528455284,0.4552845528455284,mid,,7.97662210003528,82,6-8yr,frog_on_his_own,860
ECSC_1024_2_82F_1024_YR2,6,419,0.48664343786295,0.48664343786295,mid,,1.93112303963105,82,6-8yr,frog_on_his_own,860
ECSC_1024_2_82F_1024_YR2,7,446,0.5180023228803716,0.5180023228803716,mid,,3.2115126046482843,82,6-8yr,frog_on_his_own,860
ECSC_1024_2_82F_1024_YR2,8,474,0.5505226480836237,0.5505226480836237,mid,,6.716932285173947,82,6-8yr,frog_on_his_own,860
ECSC_1024_2_82F_1024_YR2,9,501,0.5818815331010453,0.5818815331010453,mid,,7.408387690900199,82,6-8yr,frog_on_his_own,860
ECSC_1024_2_82F_1024_YR2,10,528,0.6132404181184669,0.6132404181184669,mid,,5.7859455016799295,82,6-8yr,frog_on_his_own,860
ECSC_1024_2_82F_1024_YR2,11,555,0.6445993031358885,0.6445993031358885,mid,,15.911196764626574,82,6-8yr,frog_on_his_own,860
ECSC_1024_2_82F_1024_YR2,12,583,0.6771196283391405,0.6771196283391405,late,,11.303288094665604,82,6-8yr,frog_on_his_own,860
ECSC_1024_2_82F_1024_YR2,13,610,0.7084785133565621,0.7084785133565621,late,,3.749350764213004,82,6-8yr,frog_on_his_own,860
ECSC_1024_2_82F_1024_YR2,14,637,0.7398373983739838,0.7398373983739838,late,,2.6939756220847126,82,6-8yr,frog_on_his_own,860
ECSC_1024_2_82F_1024_YR2,15,664,0.7711962833914053,0.7711962833914053,late,,10.145728457404326,82,6-8yr,frog_on_his_own,860
ECSC_1024_2_82F_1024_YR2,16,692,0.8037166085946573,0.8037166085946573,late,,5.060757504387613,82,6-8yr,frog_on_his_own,860
ECSC_1024_2_82F_1024_YR2,17,719,0.835075493612079,0.835075493612079,late,,1.7375673309915394,82,6-8yr,frog_on_his_own,860
ECSC_1024_2_82F_1024_YR2,18,746,0.8664343786295006,0.8664343786295006,late,22.588419817779908,13.389057700951184,82,6-8yr,frog_on_his_own,860
ECSC_1024_2_82F_1024_YR2,19,774,0.8989547038327527,0.8989547038327527,late,9.403419404361514,4.600490171898038,82,6-8yr,frog_on_his_own,860
ECSC_1024_3_82F_1024_YR3,0,256,0.6719160104986877,0.6719160104986877,late,,4.489642725858031,82,6-8yr,frog_where_are_you,380
ECSC_1024_3_82F_1024_YR3,1,260,0.6824146981627297,0.6824146981627297,late,,3.910014258511888,82,6-8yr,frog_where_are_you,380
ECSC_1024_3_82F_1024_YR3,2,264,0.6929133858267716,0.6929133858267716,late,,5.251496111601499,82,6-8yr,frog_where_are_you,380
ECSC_1024_3_82F_1024_YR3,3,269,0.7060367454068242,0.7060367454068242,late,,6.124235765736097,82,6-8yr,frog_where_are_you,380
ECSC_1024_3_82F_1024_YR3,4,273,0.7165354330708661,0.7165354330708661,late,,7.130590026800247,82,6-8yr,frog_where_are_you,380
ECSC_1024_3_82F_1024_YR3,5,278,0.7296587926509186,0.7296587926509186,late,,6.697945097613978,82,6-8yr,frog_where_are_you,380
ECSC_1024_3_82F_1024_YR3,6,282,0.7401574803149606,0.7401574803149606,late,,8.253893697949506,82,6-8yr,frog_where_are_you,380
ECSC_1024_3_82F_1024_YR3,7,287,0.7532808398950132,0.7532808398950132,late,,7.095907616273337,82,6-8yr,frog_where_are_you,380
ECSC_1024_3_82F_1024_YR3,8,291,0.7637795275590551,0.7637795275590551,late,,7.989697375887081,82,6-8yr,frog_where_are_you,380
ECSC_1024_3_82F_1024_YR3,9,296,0.7769028871391076,0.7769028871391076,late,,7.86132436846729,82,6-8yr,frog_where_are_you,380
ECSC_1024_3_82F_1024_YR3,10,300,0.7874015748031497,0.7874015748031497,late,,9.685230781149295,82,6-8yr,frog_where_are_you,380
ECSC_1024_3_82F_1024_YR3,11,305,0.800524934383202,0.800524934383202,late,,12.052103468127203,82,6-8yr,frog_where_are_you,380
ECSC_1024_3_82F_1024_YR3,12,309,0.8110236220472441,0.8110236220472441,late,,10.100413447671489,82,6-8yr,frog_where_are_you,380
ECSC_1024_3_82F_1024_YR3,13,314,0.8241469816272966,0.8241469816272966,late,,10.867673941168713,82,6-8yr,frog_where_are_you,380
ECSC_1024_3_82F_1024_YR3,14,318,0.8346456692913385,0.8346456692913385,late,,9.136938525332026,82,6-8yr,frog_where_are_you,380
ECSC_1024_3_82F_1024_YR3,15,323,0.847769028871391,0.847769028871391,late,,10.584223676691122,82,6-8yr,frog_where_are_you,380
ECSC_1024_3_82F_1024_YR3,16,327,0.8582677165354331,0.8582677165354331,late,,12.585651530696431,82,6-8yr,frog_where_are_you,380
ECSC_1024_3_82F_1024_YR3,17,332,0.8713910761154856,0.8713910761154856,late,,13.602172593751604,82,6-8yr,frog_where_are_you,380
ECSC_1024_3_82F_1024_YR3,18,336,0.8818897637795275,0.8818897637795275,late,,14.73158895217957,82,6-8yr,frog_where_are_you,380
ECSC_1024_3_82F_1024_YR3,19,341,0.89501312335958,0.89501312335958,late,,11.901193778523789,82,6-8yr,frog_where_are_you,380
ECSC_1039_1_82F_1039_YR1,0,256,0.5553145336225597,0.5553145336225597,mid,,0.4228916285638693,82,6-8yr,one_frog_too_many,460
ECSC_1039_1_82F_1039_YR1,1,264,0.5726681127982647,0.5726681127982647,mid,,11.0256224460847,82,6-8yr,one_frog_too_many,460
ECSC_1039_1_82F_1039_YR1,2,272,0.5900216919739696,0.5900216919739696,mid,,18.144382892460072,82,6-8yr,one_frog_too_many,460
ECSC_1039_1_82F_1039_YR1,3,280,0.6073752711496746,0.6073752711496746,mid,,11.68288489916914,82,6-8yr,one_frog_too_many,460
ECSC_1039_1_82F_1039_YR1,4,289,0.6268980477223427,0.6268980477223427,mid,,12.388779662788576,82,6-8yr,one_frog_too_many,460
ECSC_1039_1_82F_1039_YR1,5,297,0.6442516268980477,0.6442516268980477,mid,,15.957092729525684,82,6-8yr,one_frog_too_many,460
ECSC_1039_1_82F_1039_YR1,6,305,0.6616052060737527,0.6616052060737527,late,,5.664979555666563,82,6-8yr,one_frog_too_many,460
ECSC_1039_1_82F_1039_YR1,7,314,0.6811279826464208,0.6811279826464208,late,,6.32838383857856,82,6-8yr,one_frog_too_many,460
ECSC_1039_1_82F_1039_YR1,8,322,0.6984815618221258,0.6984815618221258,late,,9.644592518589018,82,6-8yr,one_frog_too_many,460
ECSC_1039_1_82F_1039_YR1,9,330,0.7158351409978309,0.7158351409978309,late,,6.084140958150332,82,6-8yr,one_frog_too_many,460
ECSC_1039_1_82F_1039_YR1,10,339,0.735357917570499,0.735357917570499,late,,3.5574249634370076,82,6-8yr,one_frog_too_many,460
ECSC_1039_1_82F_1039_YR1,11,347,0.7527114967462039,0.7527114967462039,late,,2.344625428019028,82,6-8yr,one_frog_too_many,460
ECSC_1039_1_82F_1039_YR1,12,355,0.7700650759219089,0.7700650759219089,late,,3.828594904473097,82,6-8yr,one_frog_too_many,460
ECSC_1039_1_82F_1039_YR1,13,364,0.789587852494577,0.789587852494577,late,,4.649810757071597,82,6-8yr,one_frog_too_many,460
ECSC_1039_1_82F_1039_YR1,14,372,0.806941431670282,0.806941431670282,late,,4.9574649721371475,82,6-8yr,one_frog_too_many,460
ECSC_1039_1_82F_1039_YR1,15,380,0.824295010845987,0.824295010845987,late,,6.32468940758322,82,6-8yr,one_frog_too_many,460
ECSC_1039_1_82F_1039_YR1,16,389,0.8438177874186551,0.8438177874186551,late,,6.761662174876321,82,6-8yr,one_frog_too_many,460
ECSC_1039_1_82F_1039_YR1,17,397,0.8611713665943601,0.8611713665943601,late,,2.7024703809783706,82,6-8yr,one_frog_too_many,460
ECSC_1039_1_82F_1039_YR1,18,405,0.8785249457700651,0.8785249457700651,late,,5.7098761110028935,82,6-8yr,one_frog_too_many,460
ECSC_1039_1_82F_1039_YR1,19,414,0.8980477223427332,0.8980477223427332,late,,6.788827183601148,82,6-8yr,one_frog_too_many,460
ECSC_1039_2_82F_1039_YR2,0,256,0.3809523809523809,0.3809523809523809,early,,4.937201940273873,82,6-8yr,frog_on_his_own,671
ECSC_1039_2_82F_1039_YR2,1,274,0.4077380952380952,0.4077380952380952,early,,9.405594483626086,82,6-8yr,frog_on_his_own,671
ECSC_1039_2_82F_1039_YR2,2,292,0.4345238095238095,0.4345238095238095,mid,,2.1747154754262414,82,6-8yr,frog_on_his_own,671
ECSC_1039_2_82F_1039_YR2,3,310,0.4613095238095238,0.4613095238095238,mid,,-0.4731705791097518,82,6-8yr,frog_on_his_own,671
ECSC_1039_2_82F_1039_YR2,4,329,0.4895833333333333,0.4895833333333333,mid,,0.5948626231143992,82,6-8yr,frog_on_his_own,671
ECSC_1039_2_82F_1039_YR2,5,347,0.5163690476190477,0.5163690476190477,mid,,3.7203382251368886,82,6-8yr,frog_on_his_own,671
ECSC_1039_2_82F_1039_YR2,6,365,0.5431547619047619,0.5431547619047619,mid,,9.084608649217678,82,6-8yr,frog_on_his_own,671
ECSC_1039_2_82F_1039_YR2,7,384,0.5714285714285714,0.5714285714285714,mid,,6.506563878301039,82,6-8yr,frog_on_his_own,671
ECSC_1039_2_82F_1039_YR2,8,402,0.5982142857142857,0.5982142857142857,mid,,2.588512344020291,82,6-8yr,frog_on_his_own,671
ECSC_1039_2_82F_1039_YR2,9,420,0.625,0.625,mid,,2.935155755697778,82,6-8yr,frog_on_his_own,671
ECSC_1039_2_82F_1039_YR2,10,439,0.6532738095238095,0.6532738095238095,mid,,4.06724422953215,82,6-8yr,frog_on_his_own,671
ECSC_1039_2_82F_1039_YR2,11,457,0.6800595238095238,0.6800595238095238,late,,10.59115539786622,82,6-8yr,frog_on_his_own,671
ECSC_1039_2_82F_1039_YR2,12,475,0.7068452380952381,0.7068452380952381,late,,3.339042647270894,82,6-8yr,frog_on_his_own,671
ECSC_1039_2_82F_1039_YR2,13,494,0.7351190476190477,0.7351190476190477,late,,3.574789523225828,82,6-8yr,frog_on_his_own,671
ECSC_1039_2_82F_1039_YR2,14,512,0.7619047619047619,0.7619047619047619,late,3.301522803745023,3.262694209079094,82,6-8yr,frog_on_his_own,671
ECSC_1039_2_82F_1039_YR2,15,530,0.7886904761904762,0.7886904761904762,late,,12.708539058645345,82,6-8yr,frog_on_his_own,671
ECSC_1039_2_82F_1039_YR2,16,549,0.8169642857142857,0.8169642857142857,late,,17.466788062867238,82,6-8yr,frog_on_his_own,671
ECSC_1039_2_82F_1039_YR2,17,567,0.84375,0.84375,late,,7.900950763062443,82,6-8yr,frog_on_his_own,671
ECSC_1039_2_82F_1039_YR2,18,585,0.8705357142857143,0.8705357142857143,late,,2.0133322383598475,82,6-8yr,frog_on_his_own,671
ECSC_1039_2_82F_1039_YR2,19,604,0.8988095238095238,0.8988095238095238,late,4.935657140171366,4.6624920704870485,82,6-8yr,frog_on_his_own,671
ECSC_1039_3_82F_1039_YR3,0,256,0.3683453237410072,0.3683453237410072,early,,2.307696928671521,82,6-8yr,one_frog_too_many,694
ECSC_1039_3_82F_1039_YR3,1,275,0.39568345323741,0.39568345323741,early,,3.0248707632816787,82,6-8yr,one_frog_too_many,694
ECSC_1039_3_82F_1039_YR3,2,294,0.4230215827338129,0.4230215827338129,mid,,3.4225638465657138,82,6-8yr,one_frog_too_many,694
ECSC_1039_3_82F_1039_YR3,3,314,0.4517985611510791,0.4517985611510791,mid,,5.374728489405344,82,6-8yr,one_frog_too_many,694
ECSC_1039_3_82F_1039_YR3,4,333,0.479136690647482,0.479136690647482,mid,,3.1196895976785353,82,6-8yr,one_frog_too_many,694
ECSC_1039_3_82F_1039_YR3,5,353,0.5079136690647482,0.5079136690647482,mid,,1.7481260064526385,82,6-8yr,one_frog_too_many,694
ECSC_1039_3_82F_1039_YR3,6,372,0.5352517985611511,0.5352517985611511,mid,,3.0882727693943908,82,6-8yr,one_frog_too_many,694
ECSC_1039_3_82F_1039_YR3,7,391,0.5625899280575539,0.5625899280575539,mid,,1.8443961553930075,82,6-8yr,one_frog_too_many,694
ECSC_1039_3_82F_1039_YR3,8,411,0.5913669064748202,0.5913669064748202,mid,,3.3213637872991484,82,6-8yr,one_frog_too_many,694
ECSC_1039_3_82F_1039_YR3,9,430,0.6187050359712231,0.6187050359712231,mid,,2.349913474664847,82,6-8yr,one_frog_too_many,694
ECSC_1039_3_82F_1039_YR3,10,450,0.6474820143884892,0.6474820143884892,mid,,2.4927909598927425,82,6-8yr,one_frog_too_many,694
ECSC_1039_3_82F_1039_YR3,11,469,0.6748201438848921,0.6748201438848921,late,,3.661685620624828,82,6-8yr,one_frog_too_many,694
ECSC_1039_3_82F_1039_YR3,12,489,0.7035971223021583,0.7035971223021583,late,,4.207089201809389,82,6-8yr,one_frog_too_many,694
ECSC_1039_3_82F_1039_YR3,13,508,0.7309352517985611,0.7309352517985611,late,,3.5456614434107125,82,6-8yr,one_frog_too_many,694
ECSC_1039_3_82F_1039_YR3,14,527,0.758273381294964,0.758273381294964,late,,6.383214504411402,82,6-8yr,one_frog_too_many,694
ECSC_1039_3_82F_1039_YR3,15,547,0.7870503597122303,0.7870503597122303,late,7.256482925251511,6.82352626275059,82,6-8yr,one_frog_too_many,694
ECSC_1039_3_82F_1039_YR3,16,566,0.814388489208633,0.814388489208633,late,,0.9906384405481176,82,6-8yr,one_frog_too_many,694
ECSC_1039_3_82F_1039_YR3,17,586,0.8431654676258993,0.8431654676258993,late,,1.9860607235950276,82,6-8yr,one_frog_too_many,694
ECSC_1039_3_82F_1039_YR3,18,605,0.8705035971223022,0.8705035971223022,late,,2.6132475587497357,82,6-8yr,one_frog_too_many,694
ECSC_1039_3_82F_1039_YR3,19,625,0.8992805755395683,0.8992805755395683,late,2.628955567758726,1.889509906379085,82,6-8yr,one_frog_too_many,694
ECSC_1018_1_82M_1018_YR1,0,256,0.847682119205298,0.847682119205298,late,,11.043163399224044,82,6-8yr,frog_where_are_you,301
ECSC_1018_1_82M_1018_YR1,1,256,0.847682119205298,0.847682119205298,late,,11.043163399224044,82,6-8yr,frog_where_are_you,301
ECSC_1018_1_82M_1018_YR1,2,256,0.847682119205298,0.847682119205298,late,,11.043163399224044,82,6-8yr,frog_where_are_you,301
ECSC_1018_1_82M_1018_YR1,3,256,0.847682119205298,0.847682119205298,late,,11.043163399224044,82,6-8yr,frog_where_are_you,301
ECSC_1018_1_82M_1018_YR1,4,257,0.8509933774834437,0.8509933774834437,late,,12.706651694055903,82,6-8yr,frog_where_are_you,301
ECSC_1018_1_82M_1018_YR1,5,257,0.8509933774834437,0.8509933774834437,late,,12.706651694055903,82,6-8yr,frog_where_are_you,301
ECSC_1018_1_82M_1018_YR1,6,257,0.8509933774834437,0.8509933774834437,late,,12.706651694055903,82,6-8yr,frog_where_are_you,301
ECSC_1018_1_82M_1018_YR1,7,258,0.8543046357615894,0.8543046357615894,late,,12.6169290074763,82,6-8yr,frog_where_are_you,301
ECSC_1018_1_82M_1018_YR1,8,258,0.8543046357615894,0.8543046357615894,late,,12.6169290074763,82,6-8yr,frog_where_are_you,301
ECSC_1018_1_82M_1018_YR1,9,258,0.8543046357615894,0.8543046357615894,late,,12.6169290074763,82,6-8yr,frog_where_are_you,301
ECSC_1018_1_82M_1018_YR1,10,259,0.8576158940397351,0.8576158940397351,late,,13.133932929952469,82,6-8yr,frog_where_are_you,301
ECSC_1018_1_82M_1018_YR1,11,259,0.8576158940397351,0.8576158940397351,late,,13.133932929952469,82,6-8yr,frog_where_are_you,301
ECSC_1018_1_82M_1018_YR1,12,259,0.8576158940397351,0.8576158940397351,late,,13.133932929952469,82,6-8yr,frog_where_are_you,301
ECSC_1018_1_82M_1018_YR1,13,260,0.8609271523178808,0.8609271523178808,late,,14.418707960004204,82,6-8yr,frog_where_are_you,301
ECSC_1018_1_82M_1018_YR1,14,260,0.8609271523178808,0.8609271523178808,late,,14.418707960004204,82,6-8yr,frog_where_are_you,301
ECSC_1018_1_82M_1018_YR1,15,260,0.8609271523178808,0.8609271523178808,late,,14.418707960004204,82,6-8yr,frog_where_are_you,301
ECSC_1018_1_82M_1018_YR1,16,261,0.8642384105960265,0.8642384105960265,late,,14.692212537781147,82,6-8yr,frog_where_are_you,301
ECSC_1018_1_82M_1018_YR1,17,261,0.8642384105960265,0.8642384105960265,late,,14.692212537781147,82,6-8yr,frog_where_are_you,301
ECSC_1018_1_82M_1018_YR1,18,261,0.8642384105960265,0.8642384105960265,late,,14.692212537781147,82,6-8yr,frog_where_are_you,301
ECSC_1018_1_82M_1018_YR1,19,262,0.8675496688741722,0.8675496688741722,late,,13.615251856521809,82,6-8yr,frog_where_are_you,301
ECSC_1005_2_83F_1005_YR2,0,256,0.6320987654320988,0.6320987654320988,mid,,2.2174462605038094,83,6-8yr,frog_on_his_own,404
ECSC_1005_2_83F_1005_YR2,1,261,0.6444444444444445,0.6444444444444445,mid,,1.9982884516167143,83,6-8yr,frog_on_his_own,404
ECSC_1005_2_83F_1005_YR2,2,267,0.6592592592592592,0.6592592592592592,late,,2.711792026878271,83,6-8yr,frog_on_his_own,404
ECSC_1005_2_83F_1005_YR2,3,273,0.674074074074074,0.674074074074074,late,,7.823308662956885,83,6-8yr,frog_on_his_own,404
ECSC_1005_2_83F_1005_YR2,4,278,0.6864197530864198,0.6864197530864198,late,,12.624960206438947,83,6-8yr,frog_on_his_own,404
ECSC_1005_2_83F_1005_YR2,5,284,0.7012345679012346,0.7012345679012346,late,,10.396759205183754,83,6-8yr,frog_on_his_own,404
ECSC_1005_2_83F_1005_YR2,6,290,0.7160493827160493,0.7160493827160493,late,,7.836515198099533,83,6-8yr,frog_on_his_own,404
ECSC_1005_2_83F_1005_YR2,7,295,0.7283950617283951,0.7283950617283951,late,,4.106226659650058,83,6-8yr,frog_on_his_own,404
ECSC_1005_2_83F_1005_YR2,8,301,0.7432098765432099,0.7432098765432099,late,,2.308882399654455,83,6-8yr,frog_on_his_own,404
ECSC_1005_2_83F_1005_YR2,9,307,0.7580246913580246,0.7580246913580246,late,,4.418758408421391,83,6-8yr,frog_on_his_own,404
ECSC_1005_2_83F_1005_YR2,10,312,0.7703703703703704,0.7703703703703704,late,,5.053080981519444,83,6-8yr,frog_on_his_own,404
ECSC_1005_2_83F_1005_YR2,11,318,0.7851851851851852,0.7851851851851852,late,,4.532587706474041,83,6-8yr,frog_on_his_own,404
ECSC_1005_2_83F_1005_YR2,12,324,0.8,0.8,late,,3.714195042181487,83,6-8yr,frog_on_his_own,404
ECSC_1005_2_83F_1005_YR2,13,329,0.8123456790123457,0.8123456790123457,late,,2.7415132098932204,83,6-8yr,frog_on_his_own,404
ECSC_1005_2_83F_1005_YR2,14,335,0.8271604938271605,0.8271604938271605,late,,2.1136526652902123,83,6-8yr,frog_on_his_own,404
ECSC_1005_2_83F_1005_YR2,15,341,0.8419753086419753,0.8419753086419753,late,,5.64811698206802,83,6-8yr,frog_on_his_own,404
ECSC_1005_2_83F_1005_YR2,16,346,0.854320987654321,0.854320987654321,late,,2.406396312103702,83,6-8yr,frog_on_his_own,404
ECSC_1005_2_83F_1005_YR2,17,352,0.8691358024691358,0.8691358024691358,late,,5.059895686100404,83,6-8yr,frog_on_his_own,404
ECSC_1005_2_83F_1005_YR2,18,358,0.8839506172839506,0.8839506172839506,late,,1.546826017473208,83,6-8yr,frog_on_his_own,404
ECSC_1005_2_83F_1005_YR2,19,364,0.8987654320987655,0.8987654320987655,late,,3.9377755340307754,83,6-8yr,frog_on_his_own,404
ECSC_1005_3_83F_1005_YR3,0,256,0.5981308411214953,0.5981308411214953,mid,,3.650401199303288,83,6-8yr,one_frog_too_many,427
ECSC_1005_3_83F_1005_YR3,1,262,0.6121495327102804,0.6121495327102804,mid,,3.3018574351340932,83,6-8yr,one_frog_too_many,427
ECSC_1005_3_83F_1005_YR3,2,269,0.6285046728971962,0.6285046728971962,mid,,2.83491908305926,83,6-8yr,one_frog_too_many,427
ECSC_1005_3_83F_1005_YR3,3,276,0.6448598130841121,0.6448598130841121,mid,,4.247799876123117,83,6-8yr,one_frog_too_many,427
ECSC_1005_3_83F_1005_YR3,4,283,0.6612149532710281,0.6612149532710281,late,,3.8393362455122695,83,6-8yr,one_frog_too_many,427
ECSC_1005_3_83F_1005_YR3,5,289,0.6752336448598131,0.6752336448598131,late,,2.7977354308638196,83,6-8yr,one_frog_too_many,427
ECSC_1005_3_83F_1005_YR3,6,296,0.6915887850467289,0.6915887850467289,late,,6.019544053866704,83,6-8yr,one_frog_too_many,427
ECSC_1005_3_83F_1005_YR3,7,303,0.7079439252336449,0.7079439252336449,late,,9.78803317074377,83,6-8yr,one_frog_too_many,427
ECSC_1005_3_83F_1005_YR3,8,310,0.7242990654205608,0.7242990654205608,late,,9.690531798767104,83,6-8yr,one_frog_too_many,427
ECSC_1005_3_83F_1005_YR3,9,317,0.7406542056074766,0.7406542056074766,late,,12.151011994894658,83,6-8yr,one_frog_too_many,427
ECSC_1005_3_83F_1005_YR3,10,323,0.7546728971962616,0.7546728971962616,late,,9.584987677351046,83,6-8yr,one_frog_too_many,427
ECSC_1005_3_83F_1005_YR3,11,330,0.7710280373831776,0.7710280373831776,late,,10.353604909060309,83,6-8yr,one_frog_too_many,427
ECSC_1005_3_83F_1005_YR3,12,337,0.7873831775700935,0.7873831775700935,late,,4.565593697786682,83,6-8yr,one_frog_too_many,427
ECSC_1005_3_83F_1005_YR3,13,344,0.8037383177570093,0.8037383177570093,late,,5.46516497586515,83,6-8yr,one_frog_too_many,427
ECSC_1005_3_83F_1005_YR3,14,351,0.8200934579439252,0.8200934579439252,late,,9.55908366318685,83,6-8yr,one_frog_too_many,427
ECSC_1005_3_83F_1005_YR3,15,357,0.8341121495327103,0.8341121495327103,late,,7.520885654877293,83,6-8yr,one_frog_too_many,427
ECSC_1005_3_83F_1005_YR3,16,364,0.8504672897196262,0.8504672897196262,late,,8.732653117284205,83,6-8yr,one_frog_too_many,427
ECSC_1005_3_83F_1005_YR3,17,371,0.866822429906542,0.866822429906542,late,,7.526649391225899,83,6-8yr,one_frog_too_many,427
ECSC_1005_3_83F_1005_YR3,18,378,0.883177570093458,0.883177570093458,late,,6.410470814154392,83,6-8yr,one_frog_too_many,427
ECSC_1005_3_83F_1005_YR3,19,385,0.8995327102803738,0.8995327102803738,late,,1.6705922947398737,83,6-8yr,one_frog_too_many,427
ECSC_1094_2_84M_1094_YR2,0,256,0.5844748858447488,0.5844748858447488,mid,,4.690329775398299,84,6-8yr,frog_on_his_own,437
ECSC_1094_2_84M_1094_YR2,1,263,0.6004566210045662,0.6004566210045662,mid,,3.806383287509137,84,6-8yr,frog_on_his_own,437
ECSC_1094_2_84M_1094_YR2,2,270,0.6164383561643836,0.6164383561643836,mid,,2.3372324104167106,84,6-8yr,frog_on_his_own,437
ECSC_1094_2_84M_1094_YR2,3,277,0.632420091324201,0.632420091324201,mid,,1.896391925810348,84,6-8yr,frog_on_his_own,437
ECSC_1094_2_84M_1094_YR2,4,285,0.6506849315068494,0.6506849315068494,mid,,1.0371476949111944,84,6-8yr,frog_on_his_own,437
ECSC_1094_2_84M_1094_YR2,5,292,0.6666666666666666,0.6666666666666666,late,,1.2333292404558671,84,6-8yr,frog_on_his_own,437
ECSC_1094_2_84M_1094_YR2,6,299,0.682648401826484,0.682648401826484,late,,2.5437514857464336,84,6-8yr,frog_on_his_own,437
ECSC_1094_2_84M_1094_YR2,7,306,0.6986301369863014,0.6986301369863014,late,,4.24042821386668,84,6-8yr,frog_on_his_own,437
ECSC_1094_2_84M_1094_YR2,8,314,0.7168949771689498,0.7168949771689498,late,,3.856983814878411,84,6-8yr,frog_on_his_own,437
ECSC_1094_2_84M_1094_YR2,9,321,0.7328767123287672,0.7328767123287672,late,,2.8552667034628474,84,6-8yr,frog_on_his_own,437
ECSC_1094_2_84M_1094_YR2,10,328,0.7488584474885844,0.7488584474885844,late,,2.5568559193643576,84,6-8yr,frog_on_his_own,437
ECSC_1094_2_84M_1094_YR2,11,335,0.7648401826484018,0.7648401826484018,late,,3.4019805847013567,84,6-8yr,frog_on_his_own,437
ECSC_1094_2_84M_1094_YR2,12,343,0.7831050228310502,0.7831050228310502,late,,5.4404909462017095,84,6-8yr,frog_on_his_own,437
ECSC_1094_2_84M_1094_YR2,13,350,0.7990867579908676,0.7990867579908676,late,,1.6942544489286977,84,6-8yr,frog_on_his_own,437
ECSC_1094_2_84M_1094_YR2,14,357,0.815068493150685,0.815068493150685,late,,2.2234524068260297,84,6-8yr,frog_on_his_own,437
ECSC_1094_2_84M_1094_YR2,15,364,0.8310502283105022,0.8310502283105022,late,,1.343344051645584,84,6-8yr,frog_on_his_own,437
ECSC_1094_2_84M_1094_YR2,16,372,0.8493150684931506,0.8493150684931506,late,,1.8436750215523388,84,6-8yr,frog_on_his_own,437
ECSC_1094_2_84M_1094_YR2,17,379,0.865296803652968,0.865296803652968,late,,1.619595118985698,84,6-8yr,frog_on_his_own,437
ECSC_1094_2_84M_1094_YR2,18,386,0.8812785388127854,0.8812785388127854,late,,1.5129258875160838,84,6-8yr,frog_on_his_own,437
ECSC_1094_2_84M_1094_YR2,19,394,0.8995433789954338,0.8995433789954338,late,,3.201598975397962,84,6-8yr,frog_on_his_own,437
ECSC_1094_3_84M_1094_YR3,0,256,0.5727069351230425,0.5727069351230425,mid,,5.529463859460057,84,6-8yr,one_frog_too_many,446
ECSC_1094_3_84M_1094_YR3,1,263,0.5883668903803132,0.5883668903803132,mid,,8.757555295090512,84,6-8yr,one_frog_too_many,446
ECSC_1094_3_84M_1094_YR3,2,271,0.6062639821029083,0.6062639821029083,mid,,17.140176696905623,84,6-8yr,one_frog_too_many,446
ECSC_1094_3_84M_1094_YR3,3,279,0.6241610738255033,0.6241610738255033,mid,,15.135842533791449,84,6-8yr,one_frog_too_many,446
ECSC_1094_3_84M_1094_YR3,4,286,0.639821029082774,0.639821029082774,mid,,11.205915885151656,84,6-8yr,one_frog_too_many,446
ECSC_1094_3_84M_1094_YR3,5,294,0.6577181208053692,0.6577181208053692,mid,,17.49330782412314,84,6-8yr,one_frog_too_many,446
ECSC_1094_3_84M_1094_YR3,6,302,0.6756152125279642,0.6756152125279642,late,,15.06439779559225,84,6-8yr,one_frog_too_many,446
ECSC_1094_3_84M_1094_YR3,7,309,0.6912751677852349,0.6912751677852349,late,,14.504481377458855,84,6-8yr,one_frog_too_many,446
ECSC_1094_3_84M_1094_YR3,8,317,0.70917225950783,0.70917225950783,late,,10.224573444046268,84,6-8yr,one_frog_too_many,446
ECSC_1094_3_84M_1094_YR3,9,325,0.727069351230425,0.727069351230425,late,,16.698997926894,84,6-8yr,one_frog_too_many,446
ECSC_1094_3_84M_1094_YR3,10,332,0.7427293064876958,0.7427293064876958,late,,12.043149079485062,84,6-8yr,one_frog_too_many,446
ECSC_1094_3_84M_1094_YR3,11,340,0.7606263982102909,0.7606263982102909,late,,7.909953776864217,84,6-8yr,one_frog_too_many,446
ECSC_1094_3_84M_1094_YR3,12,348,0.7785234899328859,0.7785234899328859,late,,3.7272240285662352,84,6-8yr,one_frog_too_many,446
ECSC_1094_3_84M_1094_YR3,13,355,0.7941834451901566,0.7941834451901566,late,,9.002740324799491,84,6-8yr,one_frog_too_many,446
ECSC_1094_3_84M_1094_YR3,14,363,0.8120805369127517,0.8120805369127517,late,,8.542502355539167,84,6-8yr,one_frog_too_many,446
ECSC_1094_3_84M_1094_YR3,15,371,0.8299776286353467,0.8299776286353467,late,,4.754604605810058,84,6-8yr,one_frog_too_many,446
ECSC_1094_3_84M_1094_YR3,16,378,0.8456375838926175,0.8456375838926175,late,,6.859405040114155,84,6-8yr,one_frog_too_many,446
ECSC_1094_3_84M_1094_YR3,17,386,0.8635346756152126,0.8635346756152126,late,,6.153142024406641,84,6-8yr,one_frog_too_many,446
ECSC_1094_3_84M_1094_YR3,18,394,0.8814317673378076,0.8814317673378076,late,,5.930669813272762,84,6-8yr,one_frog_too_many,446
ECSC_1094_3_84M_1094_YR3,19,402,0.8993288590604027,0.8993288590604027,late,,4.581724119884977,84,6-8yr,one_frog_too_many,446
ECSC_1038_1_85F_1038_YR1,0,256,0.4723247232472324,0.4723247232472324,mid,,11.805806309261028,85,6-8yr,frog_where_are_you,541
ECSC_1038_1_85F_1038_YR1,1,268,0.4944649446494465,0.4944649446494465,mid,,10.545008485997958,85,6-8yr,frog_where_are_you,541
ECSC_1038_1_85F_1038_YR1,2,280,0.5166051660516605,0.5166051660516605,mid,,6.995108333016219,85,6-8yr,frog_where_are_you,541
ECSC_1038_1_85F_1038_YR1,3,292,0.5387453874538746,0.5387453874538746,mid,,6.258112154965422,85,6-8yr,frog_where_are_you,541
ECSC_1038_1_85F_1038_YR1,4,304,0.5608856088560885,0.5608856088560885,mid,,6.936031284700778,85,6-8yr,frog_where_are_you,541
ECSC_1038_1_85F_1038_YR1,5,316,0.5830258302583026,0.5830258302583026,mid,,27.1091957018757,85,6-8yr,frog_where_are_you,541
ECSC_1038_1_85F_1038_YR1,6,328,0.6051660516605166,0.6051660516605166,mid,,17.746105637473065,85,6-8yr,frog_where_are_you,541
ECSC_1038_1_85F_1038_YR1,7,341,0.6291512915129152,0.6291512915129152,mid,,18.13789362575342,85,6-8yr,frog_where_are_you,541
ECSC_1038_1_85F_1038_YR1,8,353,0.6512915129151291,0.6512915129151291,mid,,14.46481586049407,85,6-8yr,frog_where_are_you,541
ECSC_1038_1_85F_1038_YR1,9,365,0.6734317343173432,0.6734317343173432,late,,5.825247459998874,85,6-8yr,frog_where_are_you,541
ECSC_1038_1_85F_1038_YR1,10,377,0.6955719557195572,0.6955719557195572,late,,8.378293161257915,85,6-8yr,frog_where_are_you,541
ECSC_1038_1_85F_1038_YR1,11,389,0.7177121771217713,0.7177121771217713,late,,3.908630385222633,85,6-8yr,frog_where_are_you,541
ECSC_1038_1_85F_1038_YR1,12,401,0.7398523985239852,0.7398523985239852,late,,3.053780589233837,85,6-8yr,frog_where_are_you,541
ECSC_1038_1_85F_1038_YR1,13,414,0.7638376383763837,0.7638376383763837,late,,1.9725616916641329,85,6-8yr,frog_where_are_you,541
ECSC_1038_1_85F_1038_YR1,14,426,0.7859778597785978,0.7859778597785978,late,,2.053077047276357,85,6-8yr,frog_where_are_you,541
ECSC_1038_1_85F_1038_YR1,15,438,0.8081180811808119,0.8081180811808119,late,,2.398198919323809,85,6-8yr,frog_where_are_you,541
ECSC_1038_1_85F_1038_YR1,16,450,0.8302583025830258,0.8302583025830258,late,,14.20197752276004,85,6-8yr,frog_where_are_you,541
ECSC_1038_1_85F_1038_YR1,17,462,0.8523985239852399,0.8523985239852399,late,,15.393322946078236,85,6-8yr,frog_where_are_you,541
ECSC_1038_1_85F_1038_YR1,18,474,0.8745387453874539,0.8745387453874539,late,,20.943492402203855,85,6-8yr,frog_where_are_you,541
ECSC_1038_1_85F_1038_YR1,19,487,0.8985239852398524,0.8985239852398524,late,,7.115951494819093,85,6-8yr,frog_where_are_you,541
ECSC_1038_2_85F_1038_YR2,0,256,0.463768115942029,0.463768115942029,mid,,8.374060500965397,85,6-8yr,boy_dog_frog,551
ECSC_1038_2_85F_1038_YR2,1,268,0.4855072463768116,0.4855072463768116,mid,,6.970779299135604,85,6-8yr,boy_dog_frog,551
ECSC_1038_2_85F_1038_YR2,2,281,0.5090579710144928,0.5090579710144928,mid,,1.9455550575777956,85,6-8yr,boy_dog_frog,551
ECSC_1038_2_85F_1038_YR2,3,293,0.5307971014492754,0.5307971014492754,mid,,2.5172802902325806,85,6-8yr,boy_dog_frog,551
ECSC_1038_2_85F_1038_YR2,4,306,0.5543478260869565,0.5543478260869565,mid,,5.664705874260665,85,6-8yr,boy_dog_frog,551
ECSC_1038_2_85F_1038_YR2,5,319,0.5778985507246377,0.5778985507246377,mid,,5.750753199044109,85,6-8yr,boy_dog_frog,551
ECSC_1038_2_85F_1038_YR2,6,331,0.5996376811594203,0.5996376811594203,mid,,7.595405050639149,85,6-8yr,boy_dog_frog,551
ECSC_1038_2_85F_1038_YR2,7,344,0.6231884057971014,0.6231884057971014,mid,,4.023065403395043,85,6-8yr,boy_dog_frog,551
ECSC_1038_2_85F_1038_YR2,8,357,0.6467391304347826,0.6467391304347826,mid,,3.1339574787028006,85,6-8yr,boy_dog_frog,551
ECSC_1038_2_85F_1038_YR2,9,369,0.6684782608695652,0.6684782608695652,late,,8.027777140514315,85,6-8yr,boy_dog_frog,551
ECSC_1038_2_85F_1038_YR2,10,382,0.6920289855072463,0.6920289855072463,late,,6.459568355129587,85,6-8yr,boy_dog_frog,551
ECSC_1038_2_85F_1038_YR2,11,394,0.7137681159420289,0.7137681159420289,late,,4.122116166455276,85,6-8yr,boy_dog_frog,551
ECSC_1038_2_85F_1038_YR2,12,407,0.7373188405797102,0.7373188405797102,late,,1.4389834843607874,85,6-8yr,boy_dog_frog,551
ECSC_1038_2_85F_1038_YR2,13,420,0.7608695652173914,0.7608695652173914,late,,1.3084670069346238,85,6-8yr,boy_dog_frog,551
ECSC_1038_2_85F_1038_YR2,14,432,0.782608695652174,0.782608695652174,late,,1.289192819178929,85,6-8yr,boy_dog_frog,551
ECSC_1038_2_85F_1038_YR2,15,445,0.8061594202898551,0.8061594202898551,late,,3.746761746877976,85,6-8yr,boy_dog_frog,551
ECSC_1038_2_85F_1038_YR2,16,458,0.8297101449275363,0.8297101449275363,late,,8.562428739434399,85,6-8yr,boy_dog_frog,551
ECSC_1038_2_85F_1038_YR2,17,470,0.8514492753623188,0.8514492753623188,late,,7.2734654351038035,85,6-8yr,boy_dog_frog,551
ECSC_1038_2_85F_1038_YR2,18,483,0.875,0.875,late,,7.008637626263546,85,6-8yr,boy_dog_frog,551
ECSC_1038_2_85F_1038_YR2,19,496,0.8985507246376812,0.8985507246376812,late,,5.787790693475378,85,6-8yr,boy_dog_frog,551
ECSC_1038_3_85F_1038_YR3,0,256,0.4688644688644688,0.4688644688644688,mid,,21.11523058719327,85,6-8yr,frog_where_are_you,545
ECSC_1038_3_85F_1038_YR3,1,268,0.4908424908424908,0.4908424908424908,mid,,9.08926458917726,85,6-8yr,frog_where_are_you,545
ECSC_1038_3_85F_1038_YR3,2,280,0.5128205128205128,0.5128205128205128,mid,,4.006862514562389,85,6-8yr,frog_where_are_you,545
ECSC_1038_3_85F_1038_YR3,3,293,0.5366300366300366,0.5366300366300366,mid,,4.255031331510409,85,6-8yr,frog_where_are_you,545
ECSC_1038_3_85F_1038_YR3,4,305,0.5586080586080586,0.5586080586080586,mid,,18.85178365640971,85,6-8yr,frog_where_are_you,545
ECSC_1038_3_85F_1038_YR3,5,317,0.5805860805860806,0.5805860805860806,mid,,33.72206048938891,85,6-8yr,frog_where_are_you,545
ECSC_1038_3_85F_1038_YR3,6,330,0.6043956043956044,0.6043956043956044,mid,,20.412395148181197,85,6-8yr,frog_where_are_you,545
ECSC_1038_3_85F_1038_YR3,7,342,0.6263736263736264,0.6263736263736264,mid,,10.054494412203589,85,6-8yr,frog_where_are_you,545
ECSC_1038_3_85F_1038_YR3,8,354,0.6483516483516484,0.6483516483516484,mid,,5.45129014686831,85,6-8yr,frog_where_are_you,545
ECSC_1038_3_85F_1038_YR3,9,367,0.6721611721611722,0.6721611721611722,late,,9.894209947608466,85,6-8yr,frog_where_are_you,545
ECSC_1038_3_85F_1038_YR3,10,379,0.6941391941391941,0.6941391941391941,late,,1.6936991383636375,85,6-8yr,frog_where_are_you,545
ECSC_1038_3_85F_1038_YR3,11,392,0.717948717948718,0.717948717948718,late,,10.312760712573828,85,6-8yr,frog_where_are_you,545
ECSC_1038_3_85F_1038_YR3,12,404,0.73992673992674,0.73992673992674,late,,9.749140233309776,85,6-8yr,frog_where_are_you,545
ECSC_1038_3_85F_1038_YR3,13,416,0.7619047619047619,0.7619047619047619,late,,13.091435115736058,85,6-8yr,frog_where_are_you,545
ECSC_1038_3_85F_1038_YR3,14,429,0.7857142857142857,0.7857142857142857,late,,13.252779058741304,85,6-8yr,frog_where_are_you,545
ECSC_1038_3_85F_1038_YR3,15,441,0.8076923076923077,0.8076923076923077,late,,2.2472952764325456,85,6-8yr,frog_where_are_you,545
ECSC_1038_3_85F_1038_YR3,16,453,0.8296703296703297,0.8296703296703297,late,,2.2095742589099814,85,6-8yr,frog_where_are_you,545
ECSC_1038_3_85F_1038_YR3,17,466,0.8534798534798534,0.8534798534798534,late,,7.230054309660879,85,6-8yr,frog_where_are_you,545
ECSC_1038_3_85F_1038_YR3,18,478,0.8754578754578755,0.8754578754578755,late,,6.738340638137625,85,6-8yr,frog_where_are_you,545
ECSC_1038_3_85F_1038_YR3,19,491,0.8992673992673993,0.8992673992673993,late,,6.6601445819418,85,6-8yr,frog_where_are_you,545
ECSC_1016_2_85M_1016_YR2,0,256,0.6975476839237057,0.6975476839237057,late,,3.8372796468700727,85,6-8yr,boy_dog_frog,366
ECSC_1016_2_85M_1016_YR2,1,259,0.7057220708446866,0.7057220708446866,late,,1.3408329331171709,85,6-8yr,boy_dog_frog,366
ECSC_1016_2_85M_1016_YR2,2,263,0.7166212534059946,0.7166212534059946,late,,1.2527804228186374,85,6-8yr,boy_dog_frog,366
ECSC_1016_2_85M_1016_YR2,3,267,0.7275204359673024,0.7275204359673024,late,,1.745714906523899,85,6-8yr,boy_dog_frog,366
ECSC_1016_2_85M_1016_YR2,4,270,0.7356948228882834,0.7356948228882834,late,,1.3141213092179491,85,6-8yr,boy_dog_frog,366
ECSC_1016_2_85M_1016_YR2,5,274,0.7465940054495913,0.7465940054495913,late,,2.316460300853146,85,6-8yr,boy_dog_frog,366
ECSC_1016_2_85M_1016_YR2,6,278,0.7574931880108992,0.7574931880108992,late,,1.9071980970726976,85,6-8yr,boy_dog_frog,366
ECSC_1016_2_85M_1016_YR2,7,282,0.7683923705722071,0.7683923705722071,late,,2.7309608552752715,85,6-8yr,boy_dog_frog,366
ECSC_1016_2_85M_1016_YR2,8,285,0.776566757493188,0.776566757493188,late,,1.7306175233927554,85,6-8yr,boy_dog_frog,366
ECSC_1016_2_85M_1016_YR2,9,289,0.7874659400544959,0.7874659400544959,late,,1.2157781194676396,85,6-8yr,boy_dog_frog,366
ECSC_1016_2_85M_1016_YR2,10,293,0.7983651226158038,0.7983651226158038,late,,-0.4682501727789709,85,6-8yr,boy_dog_frog,366
ECSC_1016_2_85M_1016_YR2,11,297,0.8092643051771117,0.8092643051771117,late,,-0.4162810088369788,85,6-8yr,boy_dog_frog,366
ECSC_1016_2_85M_1016_YR2,12,300,0.8174386920980926,0.8174386920980926,late,,-1.229935877316775,85,6-8yr,boy_dog_frog,366
ECSC_1016_2_85M_1016_YR2,13,304,0.8283378746594006,0.8283378746594006,late,,4.470877690482563,85,6-8yr,boy_dog_frog,366
ECSC_1016_2_85M_1016_YR2,14,308,0.8392370572207084,0.8392370572207084,late,,2.935974468789384,85,6-8yr,boy_dog_frog,366
ECSC_1016_2_85M_1016_YR2,15,312,0.8501362397820164,0.8501362397820164,late,,5.53643125288805,85,6-8yr,boy_dog_frog,366
ECSC_1016_2_85M_1016_YR2,16,315,0.8583106267029973,0.8583106267029973,late,,3.593943735833369,85,6-8yr,boy_dog_frog,366
ECSC_1016_2_85M_1016_YR2,17,319,0.8692098092643051,0.8692098092643051,late,,2.26169327127257,85,6-8yr,boy_dog_frog,366
ECSC_1016_2_85M_1016_YR2,18,323,0.8801089918256131,0.8801089918256131,late,,1.8396333508820213,85,6-8yr,boy_dog_frog,366
ECSC_1016_2_85M_1016_YR2,19,327,0.8910081743869209,0.8910081743869209,late,,2.660177087522621,85,6-8yr,boy_dog_frog,366
ECSC_1016_3_85M_1016_YR3,0,256,0.4383561643835616,0.4383561643835616,mid,,2.728956520620642,85,6-8yr,frog_on_his_own,583
ECSC_1016_3_85M_1016_YR3,1,270,0.4623287671232877,0.4623287671232877,mid,,6.023263429013456,85,6-8yr,frog_on_his_own,583
ECSC_1016_3_85M_1016_YR3,2,284,0.4863013698630137,0.4863013698630137,mid,,32.73327756010016,85,6-8yr,frog_on_his_own,583
ECSC_1016_3_85M_1016_YR3,3,298,0.5102739726027398,0.5102739726027398,mid,,23.65087124157295,85,6-8yr,frog_on_his_own,583
ECSC_1016_3_85M_1016_YR3,4,312,0.5342465753424658,0.5342465753424658,mid,,11.041591571251471,85,6-8yr,frog_on_his_own,583
ECSC_1016_3_85M_1016_YR3,5,326,0.5582191780821918,0.5582191780821918,mid,,1.821876554017635,85,6-8yr,frog_on_his_own,583
ECSC_1016_3_85M_1016_YR3,6,340,0.5821917808219178,0.5821917808219178,mid,,3.05411408713562,85,6-8yr,frog_on_his_own,583
ECSC_1016_3_85M_1016_YR3,7,355,0.6078767123287672,0.6078767123287672,mid,,6.959332665695802,85,6-8yr,frog_on_his_own,583
ECSC_1016_3_85M_1016_YR3,8,369,0.6318493150684932,0.6318493150684932,mid,,6.102554660267989,85,6-8yr,frog_on_his_own,583
ECSC_1016_3_85M_1016_YR3,9,383,0.6558219178082192,0.6558219178082192,mid,,6.624389313597808,85,6-8yr,frog_on_his_own,583
ECSC_1016_3_85M_1016_YR3,10,397,0.6797945205479452,0.6797945205479452,late,,4.738333323386215,85,6-8yr,frog_on_his_own,583
ECSC_1016_3_85M_1016_YR3,11,411,0.7037671232876712,0.7037671232876712,late,,2.9958772762560137,85,6-8yr,frog_on_his_own,583
ECSC_1016_3_85M_1016_YR3,12,425,0.7277397260273972,0.7277397260273972,late,,17.92795350901899,85,6-8yr,frog_on_his_own,583
ECSC_1016_3_85M_1016_YR3,13,440,0.7534246575342466,0.7534246575342466,late,,16.069724368403975,85,6-8yr,frog_on_his_own,583
ECSC_1016_3_85M_1016_YR3,14,454,0.7773972602739726,0.7773972602739726,late,,20.803677762606924,85,6-8yr,frog_on_his_own,583
ECSC_1016_3_85M_1016_YR3,15,468,0.8013698630136986,0.8013698630136986,late,,4.185825597302312,85,6-8yr,frog_on_his_own,583
ECSC_1016_3_85M_1016_YR3,16,482,0.8253424657534246,0.8253424657534246,late,,4.236798494322684,85,6-8yr,frog_on_his_own,583
ECSC_1016_3_85M_1016_YR3,17,496,0.8493150684931506,0.8493150684931506,late,,9.038771384794815,85,6-8yr,frog_on_his_own,583
ECSC_1016_3_85M_1016_YR3,18,510,0.8732876712328768,0.8732876712328768,late,,9.12734509056222,85,6-8yr,frog_on_his_own,583
ECSC_1016_3_85M_1016_YR3,19,525,0.898972602739726,0.898972602739726,late,7.6085629291673875,6.374781067182813,85,6-8yr,frog_on_his_own,583
ECSC_1048_2_85M_1048_YR2,0,256,0.5663716814159292,0.5663716814159292,mid,,2.0029344581019384,85,6-8yr,one_frog_too_many,451
ECSC_1048_2_85M_1048_YR2,1,263,0.581858407079646,0.581858407079646,mid,,1.438133100437195,85,6-8yr,one_frog_too_many,451
ECSC_1048_2_85M_1048_YR2,2,271,0.5995575221238938,0.5995575221238938,mid,,3.3018410672204013,85,6-8yr,one_frog_too_many,451
ECSC_1048_2_85M_1048_YR2,3,279,0.6172566371681416,0.6172566371681416,mid,,7.109260730145063,85,6-8yr,one_frog_too_many,451
ECSC_1048_2_85M_1048_YR2,4,287,0.6349557522123894,0.6349557522123894,mid,,6.3966874150490725,85,6-8yr,one_frog_too_many,451
ECSC_1048_2_85M_1048_YR2,5,295,0.6526548672566371,0.6526548672566371,mid,,14.98740745751854,85,6-8yr,one_frog_too_many,451
ECSC_1048_2_85M_1048_YR2,6,303,0.6703539823008849,0.6703539823008849,late,,24.686481028960394,85,6-8yr,one_frog_too_many,451
ECSC_1048_2_85M_1048_YR2,7,311,0.6880530973451328,0.6880530973451328,late,,13.357495533122975,85,6-8yr,one_frog_too_many,451
ECSC_1048_2_85M_1048_YR2,8,319,0.7057522123893806,0.7057522123893806,late,,9.51416670560419,85,6-8yr,one_frog_too_many,451
ECSC_1048_2_85M_1048_YR2,9,327,0.7234513274336283,0.7234513274336283,late,,13.90837465087328,85,6-8yr,one_frog_too_many,451
ECSC_1048_2_85M_1048_YR2,10,334,0.7389380530973452,0.7389380530973452,late,,5.803281022084331,85,6-8yr,one_frog_too_many,451
ECSC_1048_2_85M_1048_YR2,11,342,0.7566371681415929,0.7566371681415929,late,,6.149528190603331,85,6-8yr,one_frog_too_many,451
ECSC_1048_2_85M_1048_YR2,12,350,0.7743362831858407,0.7743362831858407,late,,9.231366128731905,85,6-8yr,one_frog_too_many,451
ECSC_1048_2_85M_1048_YR2,13,358,0.7920353982300885,0.7920353982300885,late,,8.576525588149584,85,6-8yr,one_frog_too_many,451
ECSC_1048_2_85M_1048_YR2,14,366,0.8097345132743363,0.8097345132743363,late,,7.3025553426101535,85,6-8yr,one_frog_too_many,451
ECSC_1048_2_85M_1048_YR2,15,374,0.827433628318584,0.827433628318584,late,,6.27414661703177,85,6-8yr,one_frog_too_many,451
ECSC_1048_2_85M_1048_YR2,16,382,0.8451327433628318,0.8451327433628318,late,,3.5518345544048575,85,6-8yr,one_frog_too_many,451
ECSC_1048_2_85M_1048_YR2,17,390,0.8628318584070797,0.8628318584070797,late,,5.079036646101271,85,6-8yr,one_frog_too_many,451
ECSC_1048_2_85M_1048_YR2,18,398,0.8805309734513275,0.8805309734513275,late,,6.729674938961995,85,6-8yr,one_frog_too_many,451
ECSC_1048_2_85M_1048_YR2,19,406,0.8982300884955752,0.8982300884955752,late,,7.376568042834144,85,6-8yr,one_frog_too_many,451
ECSC_1048_3_85M_1048_YR3,0,256,0.735632183908046,0.735632183908046,late,,5.9221955529265795,85,6-8yr,one_frog_too_many,347
ECSC_1048_3_85M_1048_YR3,1,258,0.7413793103448276,0.7413793103448276,late,,4.815487668440266,85,6-8yr,one_frog_too_many,347
ECSC_1048_3_85M_1048_YR3,2,261,0.75,0.75,late,,4.083429100487722,85,6-8yr,one_frog_too_many,347
ECSC_1048_3_85M_1048_YR3,3,264,0.7586206896551724,0.7586206896551724,late,,5.171138556184259,85,6-8yr,one_frog_too_many,347
ECSC_1048_3_85M_1048_YR3,4,266,0.764367816091954,0.764367816091954,late,,4.104855306450078,85,6-8yr,one_frog_too_many,347
ECSC_1048_3_85M_1048_YR3,5,269,0.7729885057471264,0.7729885057471264,late,,3.5054866910139726,85,6-8yr,one_frog_too_many,347
ECSC_1048_3_85M_1048_YR3,6,272,0.7816091954022989,0.7816091954022989,late,,3.4597696921935572,85,6-8yr,one_frog_too_many,347
ECSC_1048_3_85M_1048_YR3,7,275,0.7902298850574713,0.7902298850574713,late,,8.529509669127323,85,6-8yr,one_frog_too_many,347
ECSC_1048_3_85M_1048_YR3,8,277,0.7959770114942529,0.7959770114942529,late,,16.179688899840748,85,6-8yr,one_frog_too_many,347
ECSC_1048_3_85M_1048_YR3,9,280,0.8045977011494253,0.8045977011494253,late,,23.692762573420815,85,6-8yr,one_frog_too_many,347
ECSC_1048_3_85M_1048_YR3,10,283,0.8132183908045977,0.8132183908045977,late,,23.206455644129928,85,6-8yr,one_frog_too_many,347
ECSC_1048_3_85M_1048_YR3,11,286,0.8218390804597702,0.8218390804597702,late,,20.19795171826851,85,6-8yr,one_frog_too_many,347
ECSC_1048_3_85M_1048_YR3,12,288,0.8275862068965517,0.8275862068965517,late,,18.306822263335103,85,6-8yr,one_frog_too_many,347
ECSC_1048_3_85M_1048_YR3,13,291,0.8362068965517241,0.8362068965517241,late,,19.2317743051468,85,6-8yr,one_frog_too_many,347
ECSC_1048_3_85M_1048_YR3,14,294,0.8448275862068966,0.8448275862068966,late,,22.30227321360173,85,6-8yr,one_frog_too_many,347
ECSC_1048_3_85M_1048_YR3,15,297,0.853448275862069,0.853448275862069,late,,15.932993473886988,85,6-8yr,one_frog_too_many,347
ECSC_1048_3_85M_1048_YR3,16,299,0.8591954022988506,0.8591954022988506,late,,12.296898403069118,85,6-8yr,one_frog_too_many,347
ECSC_1048_3_85M_1048_YR3,17,302,0.867816091954023,0.867816091954023,late,,5.982430947726055,85,6-8yr,one_frog_too_many,347
ECSC_1048_3_85M_1048_YR3,18,305,0.8764367816091954,0.8764367816091954,late,,8.503442205553977,85,6-8yr,one_frog_too_many,347
ECSC_1048_3_85M_1048_YR3,19,308,0.8850574712643678,0.8850574712643678,late,,9.266632101788492,85,6-8yr,one_frog_too_many,347
ECSC_1058_1_86F_1058_YR1,0,256,0.4866920152091255,0.4866920152091255,mid,,8.003435575301577,86,6-8yr,frog_where_are_you,525
ECSC_1058_1_86F_1058_YR1,1,267,0.5076045627376425,0.5076045627376425,mid,,4.438810422219054,86,6-8yr,frog_where_are_you,525
ECSC_1058_1_86F_1058_YR1,2,278,0.5285171102661597,0.5285171102661597,mid,,5.0562116760933495,86,6-8yr,frog_where_are_you,525
ECSC_1058_1_86F_1058_YR1,3,290,0.5513307984790875,0.5513307984790875,mid,,3.801734418251165,86,6-8yr,frog_where_are_you,525
ECSC_1058_1_86F_1058_YR1,4,301,0.5722433460076045,0.5722433460076045,mid,,2.699696708377054,86,6-8yr,frog_where_are_you,525
ECSC_1058_1_86F_1058_YR1,5,313,0.5950570342205324,0.5950570342205324,mid,,2.462480639620116,86,6-8yr,frog_where_are_you,525
ECSC_1058_1_86F_1058_YR1,6,324,0.6159695817490495,0.6159695817490495,mid,,5.03436876221696,86,6-8yr,frog_where_are_you,525
ECSC_1058_1_86F_1058_YR1,7,335,0.6368821292775665,0.6368821292775665,mid,,4.433348832137288,86,6-8yr,frog_where_are_you,525
ECSC_1058_1_86F_1058_YR1,8,347,0.6596958174904943,0.6596958174904943,late,,3.065281097169714,86,6-8yr,frog_where_are_you,525
ECSC_1058_1_86F_1058_YR1,9,358,0.6806083650190115,0.6806083650190115,late,,1.5500360159643574,86,6-8yr,frog_where_are_you,525
ECSC_1058_1_86F_1058_YR1,10,370,0.7034220532319392,0.7034220532319392,late,,3.0374679007291245,86,6-8yr,frog_where_are_you,525
ECSC_1058_1_86F_1058_YR1,11,381,0.7243346007604563,0.7243346007604563,late,,6.585554528710617,86,6-8yr,frog_where_are_you,525
ECSC_1058_1_86F_1058_YR1,12,393,0.747148288973384,0.747148288973384,late,,8.498726639833913,86,6-8yr,frog_where_are_you,525
ECSC_1058_1_86F_1058_YR1,13,404,0.7680608365019012,0.7680608365019012,late,,3.158196146546512,86,6-8yr,frog_where_are_you,525
ECSC_1058_1_86F_1058_YR1,14,415,0.7889733840304183,0.7889733840304183,late,,3.2444573888950696,86,6-8yr,frog_where_are_you,525
ECSC_1058_1_86F_1058_YR1,15,427,0.811787072243346,0.811787072243346,late,,1.9204296276743609,86,6-8yr,frog_where_are_you,525
ECSC_1058_1_86F_1058_YR1,16,438,0.8326996197718631,0.8326996197718631,late,,1.3818124277592485,86,6-8yr,frog_where_are_you,525
ECSC_1058_1_86F_1058_YR1,17,450,0.8555133079847909,0.8555133079847909,late,,4.736426221946701,86,6-8yr,frog_where_are_you,525
ECSC_1058_1_86F_1058_YR1,18,461,0.876425855513308,0.876425855513308,late,,3.2508467836580444,86,6-8yr,frog_where_are_you,525
ECSC_1058_1_86F_1058_YR1,19,473,0.8992395437262357,0.8992395437262357,late,,7.108910279048278,86,6-8yr,frog_where_are_you,525
ECSC_1058_2_86F_1058_YR2,0,256,0.3192019950124688,0.3192019950124688,early,,1.1770055580819214,86,6-8yr,one_frog_too_many,801
ECSC_1058_2_86F_1058_YR2,1,280,0.3491271820448878,0.3491271820448878,early,,7.871663941357898,86,6-8yr,one_frog_too_many,801
ECSC_1058_2_86F_1058_YR2,2,304,0.3790523690773067,0.3790523690773067,early,,7.98032418035031,86,6-8yr,one_frog_too_many,801
ECSC_1058_2_86F_1058_YR2,3,329,0.4102244389027431,0.4102244389027431,early,,7.018450924185185,86,6-8yr,one_frog_too_many,801
ECSC_1058_2_86F_1058_YR2,4,353,0.4401496259351621,0.4401496259351621,mid,,4.544113139690289,86,6-8yr,one_frog_too_many,801
ECSC_1058_2_86F_1058_YR2,5,378,0.4713216957605985,0.4713216957605985,mid,,23.330354702810325,86,6-8yr,one_frog_too_many,801
ECSC_1058_2_86F_1058_YR2,6,402,0.5012468827930174,0.5012468827930174,mid,,12.256434807381584,86,6-8yr,one_frog_too_many,801
ECSC_1058_2_86F_1058_YR2,7,427,0.5324189526184538,0.5324189526184538,mid,,3.4945148966476554,86,6-8yr,one_frog_too_many,801
ECSC_1058_2_86F_1058_YR2,8,451,0.5623441396508728,0.5623441396508728,mid,,8.88463653758992,86,6-8yr,one_frog_too_many,801
ECSC_1058_2_86F_1058_YR2,9,476,0.5935162094763092,0.5935162094763092,mid,,10.599774023115,86,6-8yr,one_frog_too_many,801
ECSC_1058_2_86F_1058_YR2,10,500,0.6234413965087282,0.6234413965087282,mid,,23.27035880043399,86,6-8yr,one_frog_too_many,801
ECSC_1058_2_86F_1058_YR2,11,525,0.6546134663341646,0.6546134663341646,mid,,3.825838797322188,86,6-8yr,one_frog_too_many,801
ECSC_1058_2_86F_1058_YR2,12,549,0.6845386533665836,0.6845386533665836,late,,3.973809469925936,86,6-8yr,one_frog_too_many,801
ECSC_1058_2_86F_1058_YR2,13,574,0.71571072319202,0.71571072319202,late,,4.35096647766961,86,6-8yr,one_frog_too_many,801
ECSC_1058_2_86F_1058_YR2,14,598,0.7456359102244389,0.7456359102244389,late,,5.01395673566952,86,6-8yr,one_frog_too_many,801
ECSC_1058_2_86F_1058_YR2,15,623,0.7768079800498753,0.7768079800498753,late,,7.785160078953261,86,6-8yr,one_frog_too_many,801
ECSC_1058_2_86F_1058_YR2,16,647,0.8067331670822943,0.8067331670822943,late,,9.72675630817602,86,6-8yr,one_frog_too_many,801
ECSC_1058_2_86F_1058_YR2,17,672,0.8379052369077307,0.8379052369077307,late,,3.025978933280987,86,6-8yr,one_frog_too_many,801
ECSC_1058_2_86F_1058_YR2,18,696,0.8678304239401496,0.8678304239401496,late,,3.013087617003725,86,6-8yr,one_frog_too_many,801
ECSC_1058_2_86F_1058_YR2,19,721,0.899002493765586,0.899002493765586,late,8.185895763631637,7.952124902692985,86,6-8yr,one_frog_too_many,801
ECSC_1058_3_86F_1058_YR3,0,256,0.2052927024859663,0.2052927024859663,early,,4.268469702497297,86,6-8yr,frog_where_are_you,1246
ECSC_1058_3_86F_1058_YR3,1,301,0.2413793103448276,0.2413793103448276,early,,23.77265539053622,86,6-8yr,frog_where_are_you,1246
ECSC_1058_3_86F_1058_YR3,2,347,0.2782678428227746,0.2782678428227746,early,,17.864124992424006,86,6-8yr,frog_where_are_you,1246
ECSC_1058_3_86F_1058_YR3,3,392,0.3143544506816359,0.3143544506816359,early,,4.749052886095875,86,6-8yr,frog_where_are_you,1246
ECSC_1058_3_86F_1058_YR3,4,438,0.351242983159583,0.351242983159583,early,,10.046415830823458,86,6-8yr,frog_where_are_you,1246
ECSC_1058_3_86F_1058_YR3,5,483,0.3873295910184443,0.3873295910184443,early,,6.816613546508772,86,6-8yr,frog_where_are_you,1246
ECSC_1058_3_86F_1058_YR3,6,529,0.4242181234963913,0.4242181234963913,mid,,15.242819242520646,86,6-8yr,frog_where_are_you,1246
ECSC_1058_3_86F_1058_YR3,7,575,0.4611066559743384,0.4611066559743384,mid,,6.964999955257019,86,6-8yr,frog_where_are_you,1246
ECSC_1058_3_86F_1058_YR3,8,620,0.4971932638331997,0.4971932638331997,mid,,12.669785559568158,86,6-8yr,frog_where_are_you,1246
ECSC_1058_3_86F_1058_YR3,9,666,0.5340817963111467,0.5340817963111467,mid,,13.463189841365317,86,6-8yr,frog_where_are_you,1246
ECSC_1058_3_86F_1058_YR3,10,711,0.570168404170008,0.570168404170008,mid,,35.61052257032093,86,6-8yr,frog_where_are_you,1246
ECSC_1058_3_86F_1058_YR3,11,757,0.6070569366479551,0.6070569366479551,mid,,12.633185933590582,86,6-8yr,frog_where_are_you,1246
ECSC_1058_3_86F_1058_YR3,12,802,0.6431435445068163,0.6431435445068163,mid,,4.812725049009069,86,6-8yr,frog_where_are_you,1246
ECSC_1058_3_86F_1058_YR3,13,848,0.6800320769847634,0.6800320769847634,late,,3.3856799452669826,86,6-8yr,frog_where_are_you,1246
ECSC_1058_3_86F_1058_YR3,14,894,0.7169206094627105,0.7169206094627105,late,,7.7317437756844924,86,6-8yr,frog_where_are_you,1246
ECSC_1058_3_86F_1058_YR3,15,939,0.7530072173215717,0.7530072173215717,late,,21.01578528394549,86,6-8yr,frog_where_are_you,1246
ECSC_1058_3_86F_1058_YR3,16,985,0.7898957497995188,0.7898957497995188,late,,11.555003191449336,86,6-8yr,frog_where_are_you,1246
ECSC_1058_3_86F_1058_YR3,17,1030,0.8259823576583801,0.8259823576583801,late,,3.8984741688029114,86,6-8yr,frog_where_are_you,1246
ECSC_1058_3_86F_1058_YR3,18,1076,0.8628708901363272,0.8628708901363272,late,,16.456954105556644,86,6-8yr,frog_where_are_you,1246
ECSC_1058_3_86F_1058_YR3,19,1122,0.8997594226142742,0.8997594226142742,late,17.37241922899163,14.657931298651286,86,6-8yr,frog_where_are_you,1246
ECSC_1076_2_87M_1076_YR2,0,256,0.6863270777479893,0.6863270777479893,late,,5.913295089928777,87,6-8yr,boy_dog_frog,372
ECSC_1076_2_87M_1076_YR2,1,260,0.6970509383378016,0.6970509383378016,late,,6.041507987697248,87,6-8yr,boy_dog_frog,372
ECSC_1076_2_87M_1076_YR2,2,264,0.707774798927614,0.707774798927614,late,,4.777076543031438,87,6-8yr,boy_dog_frog,372
ECSC_1076_2_87M_1076_YR2,3,268,0.7184986595174263,0.7184986595174263,late,,8.681816819933253,87,6-8yr,boy_dog_frog,372
ECSC_1076_2_87M_1076_YR2,4,272,0.7292225201072386,0.7292225201072386,late,,3.320369597278768,87,6-8yr,boy_dog_frog,372
ECSC_1076_2_87M_1076_YR2,5,276,0.739946380697051,0.739946380697051,late,,6.450629133412187,87,6-8yr,boy_dog_frog,372
ECSC_1076_2_87M_1076_YR2,6,280,0.7506702412868632,0.7506702412868632,late,,6.343970408991744,87,6-8yr,boy_dog_frog,372
ECSC_1076_2_87M_1076_YR2,7,284,0.7613941018766756,0.7613941018766756,late,,2.1845162846513215,87,6-8yr,boy_dog_frog,372
ECSC_1076_2_87M_1076_YR2,8,288,0.7721179624664879,0.7721179624664879,late,,2.631916352906285,87,6-8yr,boy_dog_frog,372
ECSC_1076_2_87M_1076_YR2,9,292,0.7828418230563002,0.7828418230563002,late,,1.106654143063846,87,6-8yr,boy_dog_frog,372
ECSC_1076_2_87M_1076_YR2,10,296,0.7935656836461126,0.7935656836461126,late,,1.2162625503573965,87,6-8yr,boy_dog_frog,372
ECSC_1076_2_87M_1076_YR2,11,300,0.8042895442359249,0.8042895442359249,late,,1.9390469747263737,87,6-8yr,boy_dog_frog,372
ECSC_1076_2_87M_1076_YR2,12,304,0.8150134048257373,0.8150134048257373,late,,1.6500046363807943,87,6-8yr,boy_dog_frog,372
ECSC_1076_2_87M_1076_YR2,13,308,0.8257372654155496,0.8257372654155496,late,,2.636762608328425,87,6-8yr,boy_dog_frog,372
ECSC_1076_2_87M_1076_YR2,14,312,0.8364611260053619,0.8364611260053619,late,,3.039544566529309,87,6-8yr,boy_dog_frog,372
ECSC_1076_2_87M_1076_YR2,15,316,0.8471849865951743,0.8471849865951743,late,,2.4118425504068446,87,6-8yr,boy_dog_frog,372
ECSC_1076_2_87M_1076_YR2,16,320,0.8579088471849866,0.8579088471849866,late,,1.2733958486308303,87,6-8yr,boy_dog_frog,372
ECSC_1076_2_87M_1076_YR2,17,324,0.868632707774799,0.868632707774799,late,,4.466765182131583,87,6-8yr,boy_dog_frog,372
ECSC_1076_2_87M_1076_YR2,18,328,0.8793565683646113,0.8793565683646113,late,,7.818657566532762,87,6-8yr,boy_dog_frog,372
ECSC_1076_2_87M_1076_YR2,19,333,0.8927613941018767,0.8927613941018767,late,,10.569117485780192,87,6-8yr,boy_dog_frog,372
ECSC_1076_3_87M_1076_YR3,0,256,0.5663716814159292,0.5663716814159292,mid,,7.663058684394329,87,6-8yr,frog_on_his_own,451
ECSC_1076_3_87M_1076_YR3,1,263,0.581858407079646,0.581858407079646,mid,,5.9745940496200625,87,6-8yr,frog_on_his_own,451
ECSC_1076_3_87M_1076_YR3,2,271,0.5995575221238938,0.5995575221238938,mid,,6.359666666798635,87,6-8yr,frog_on_his_own,451
ECSC_1076_3_87M_1076_YR3,3,279,0.6172566371681416,0.6172566371681416,mid,,3.4575818359770913,87,6-8yr,frog_on_his_own,451
ECSC_1076_3_87M_1076_YR3,4,287,0.6349557522123894,0.6349557522123894,mid,,7.537062031246723,87,6-8yr,frog_on_his_own,451
ECSC_1076_3_87M_1076_YR3,5,295,0.6526548672566371,0.6526548672566371,mid,,6.227107958583925,87,6-8yr,frog_on_his_own,451
ECSC_1076_3_87M_1076_YR3,6,303,0.6703539823008849,0.6703539823008849,late,,6.993972965128439,87,6-8yr,frog_on_his_own,451
ECSC_1076_3_87M_1076_YR3,7,311,0.6880530973451328,0.6880530973451328,late,,10.259589043616543,87,6-8yr,frog_on_his_own,451
ECSC_1076_3_87M_1076_YR3,8,319,0.7057522123893806,0.7057522123893806,late,,7.196142841687763,87,6-8yr,frog_on_his_own,451
ECSC_1076_3_87M_1076_YR3,9,327,0.7234513274336283,0.7234513274336283,late,,3.850897352666778,87,6-8yr,frog_on_his_own,451
ECSC_1076_3_87M_1076_YR3,10,334,0.7389380530973452,0.7389380530973452,late,,10.517997568455757,87,6-8yr,frog_on_his_own,451
ECSC_1076_3_87M_1076_YR3,11,342,0.7566371681415929,0.7566371681415929,late,,4.7191059313289685,87,6-8yr,frog_on_his_own,451
ECSC_1076_3_87M_1076_YR3,12,350,0.7743362831858407,0.7743362831858407,late,,3.86453614525629,87,6-8yr,frog_on_his_own,451
ECSC_1076_3_87M_1076_YR3,13,358,0.7920353982300885,0.7920353982300885,late,,2.6687367559702455,87,6-8yr,frog_on_his_own,451
ECSC_1076_3_87M_1076_YR3,14,366,0.8097345132743363,0.8097345132743363,late,,5.20644135401194,87,6-8yr,frog_on_his_own,451
ECSC_1076_3_87M_1076_YR3,15,374,0.827433628318584,0.827433628318584,late,,9.08985183649452,87,6-8yr,frog_on_his_own,451
ECSC_1076_3_87M_1076_YR3,16,382,0.8451327433628318,0.8451327433628318,late,,2.6295735452097855,87,6-8yr,frog_on_his_own,451
ECSC_1076_3_87M_1076_YR3,17,390,0.8628318584070797,0.8628318584070797,late,,8.133699477522637,87,6-8yr,frog_on_his_own,451
ECSC_1076_3_87M_1076_YR3,18,398,0.8805309734513275,0.8805309734513275,late,,3.673117088061064,87,6-8yr,frog_on_his_own,451
ECSC_1076_3_87M_1076_YR3,19,406,0.8982300884955752,0.8982300884955752,late,,4.13882027554647,87,6-8yr,frog_on_his_own,451
ECSC_1086_2_87M_1086_YR2,0,256,0.4821092278719397,0.4821092278719397,mid,,6.831177605525921,87,6-8yr,frog_on_his_own,530
ECSC_1086_2_87M_1086_YR2,1,267,0.5028248587570622,0.5028248587570622,mid,,2.953999589293895,87,6-8yr,frog_on_his_own,530
ECSC_1086_2_87M_1086_YR2,2,279,0.5254237288135594,0.5254237288135594,mid,,3.13037201944603,87,6-8yr,frog_on_his_own,530
ECSC_1086_2_87M_1086_YR2,3,290,0.5461393596986818,0.5461393596986818,mid,,3.0643260463034725,87,6-8yr,frog_on_his_own,530
ECSC_1086_2_87M_1086_YR2,4,302,0.568738229755179,0.568738229755179,mid,,3.3823492632143672,87,6-8yr,frog_on_his_own,530
ECSC_1086_2_87M_1086_YR2,5,314,0.591337099811676,0.591337099811676,mid,,13.160119717489872,87,6-8yr,frog_on_his_own,530
ECSC_1086_2_87M_1086_YR2,6,325,0.6120527306967984,0.6120527306967984,mid,,11.12061600421453,87,6-8yr,frog_on_his_own,530
ECSC_1086_2_87M_1086_YR2,7,337,0.6346516007532956,0.6346516007532956,mid,,12.119394523556211,87,6-8yr,frog_on_his_own,530
ECSC_1086_2_87M_1086_YR2,8,349,0.6572504708097928,0.6572504708097928,mid,,10.372041732766458,87,6-8yr,frog_on_his_own,530
ECSC_1086_2_87M_1086_YR2,9,360,0.6779661016949152,0.6779661016949152,late,,4.0384541781015635,87,6-8yr,frog_on_his_own,530
ECSC_1086_2_87M_1086_YR2,10,372,0.7005649717514124,0.7005649717514124,late,,2.473849439539043,87,6-8yr,frog_on_his_own,530
ECSC_1086_2_87M_1086_YR2,11,383,0.7212806026365348,0.7212806026365348,late,,-1.0780946876701272,87,6-8yr,frog_on_his_own,530
ECSC_1086_2_87M_1086_YR2,12,395,0.743879472693032,0.743879472693032,late,,4.490532183991007,87,6-8yr,frog_on_his_own,530
ECSC_1086_2_87M_1086_YR2,13,407,0.7664783427495292,0.7664783427495292,late,,6.575727991572812,87,6-8yr,frog_on_his_own,530
ECSC_1086_2_87M_1086_YR2,14,418,0.7871939736346516,0.7871939736346516,late,,7.051370948432156,87,6-8yr,frog_on_his_own,530
ECSC_1086_2_87M_1086_YR2,15,430,0.8097928436911488,0.8097928436911488,late,,4.266404861554458,87,6-8yr,frog_on_his_own,530
ECSC_1086_2_87M_1086_YR2,16,442,0.832391713747646,0.832391713747646,late,,4.050924053561562,87,6-8yr,frog_on_his_own,530
ECSC_1086_2_87M_1086_YR2,17,453,0.8531073446327684,0.8531073446327684,late,,4.62726560547895,87,6-8yr,frog_on_his_own,530
ECSC_1086_2_87M_1086_YR2,18,465,0.8757062146892656,0.8757062146892656,late,,5.371131740526302,87,6-8yr,frog_on_his_own,530
ECSC_1086_2_87M_1086_YR2,19,477,0.8983050847457628,0.8983050847457628,late,,4.190436808135798,87,6-8yr,frog_on_his_own,530
ECSC_1086_3_87M_1086_YR3,0,256,0.7950310559006211,0.7950310559006211,late,,3.415973947552054,87,6-8yr,boy_dog_frog,321
ECSC_1086_3_87M_1086_YR3,1,257,0.7981366459627329,0.7981366459627329,late,,3.0848327857352515,87,6-8yr,boy_dog_frog,321
ECSC_1086_3_87M_1086_YR3,2,258,0.8012422360248447,0.8012422360248447,late,,3.002298369701464,87,6-8yr,boy_dog_frog,321
ECSC_1086_3_87M_1086_YR3,3,260,0.8074534161490683,0.8074534161490683,late,,3.543410515984803,87,6-8yr,boy_dog_frog,321
ECSC_1086_3_87M_1086_YR3,4,261,0.8105590062111802,0.8105590062111802,late,,3.552453850233734,87,6-8yr,boy_dog_frog,321
ECSC_1086_3_87M_1086_YR3,5,262,0.8136645962732919,0.8136645962732919,late,,3.225638810512198,87,6-8yr,boy_dog_frog,321
ECSC_1086_3_87M_1086_YR3,6,264,0.8198757763975155,0.8198757763975155,late,,2.624746524073384,87,6-8yr,boy_dog_frog,321
ECSC_1086_3_87M_1086_YR3,7,265,0.8229813664596274,0.8229813664596274,late,,1.8698196381734604,87,6-8yr,boy_dog_frog,321
ECSC_1086_3_87M_1086_YR3,8,266,0.8260869565217391,0.8260869565217391,late,,1.698982390329963,87,6-8yr,boy_dog_frog,321
ECSC_1086_3_87M_1086_YR3,9,268,0.8322981366459627,0.8322981366459627,late,,2.2695052749882105,87,6-8yr,boy_dog_frog,321
ECSC_1086_3_87M_1086_YR3,10,269,0.8354037267080745,0.8354037267080745,late,,1.951503181388066,87,6-8yr,boy_dog_frog,321
ECSC_1086_3_87M_1086_YR3,11,271,0.8416149068322981,0.8416149068322981,late,,1.5987284201487435,87,6-8yr,boy_dog_frog,321
ECSC_1086_3_87M_1086_YR3,12,272,0.84472049689441,0.84472049689441,late,,1.5399468061962898,87,6-8yr,boy_dog_frog,321
ECSC_1086_3_87M_1086_YR3,13,273,0.8478260869565217,0.8478260869565217,late,,1.460189985097304,87,6-8yr,boy_dog_frog,321
ECSC_1086_3_87M_1086_YR3,14,275,0.8540372670807453,0.8540372670807453,late,,1.3089822614213755,87,6-8yr,boy_dog_frog,321
ECSC_1086_3_87M_1086_YR3,15,276,0.8571428571428571,0.8571428571428571,late,,1.3932713415502942,87,6-8yr,boy_dog_frog,321
ECSC_1086_3_87M_1086_YR3,16,277,0.860248447204969,0.860248447204969,late,,0.6429174826625728,87,6-8yr,boy_dog_frog,321
ECSC_1086_3_87M_1086_YR3,17,279,0.8664596273291926,0.8664596273291926,late,,0.1248595412599566,87,6-8yr,boy_dog_frog,321
ECSC_1086_3_87M_1086_YR3,18,280,0.8695652173913043,0.8695652173913043,late,,0.3539423447363159,87,6-8yr,boy_dog_frog,321
ECSC_1086_3_87M_1086_YR3,19,282,0.8757763975155279,0.8757763975155279,late,,0.4301107234122803,87,6-8yr,boy_dog_frog,321
ECSC_2002_1_87M_2002_YR1,0,256,0.8258064516129032,0.8258064516129032,late,,5.405382503710065,87,6-8yr,unknown,309
ECSC_2002_1_87M_2002_YR1,1,256,0.8258064516129032,0.8258064516129032,late,,5.405382503710065,87,6-8yr,unknown,309
ECSC_2002_1_87M_2002_YR1,2,257,0.8290322580645161,0.8290322580645161,late,,4.633557303365706,87,6-8yr,unknown,309
ECSC_2002_1_87M_2002_YR1,3,258,0.832258064516129,0.832258064516129,late,,4.514953888906092,87,6-8yr,unknown,309
ECSC_2002_1_87M_2002_YR1,4,258,0.832258064516129,0.832258064516129,late,,4.514953888906092,87,6-8yr,unknown,309
ECSC_2002_1_87M_2002_YR1,5,259,0.8354838709677419,0.8354838709677419,late,,4.229105415387686,87,6-8yr,unknown,309
ECSC_2002_1_87M_2002_YR1,6,260,0.8387096774193549,0.8387096774193549,late,,4.409128106449653,87,6-8yr,unknown,309
ECSC_2002_1_87M_2002_YR1,7,261,0.8419354838709677,0.8419354838709677,late,,5.444374984400971,87,6-8yr,unknown,309
ECSC_2002_1_87M_2002_YR1,8,261,0.8419354838709677,0.8419354838709677,late,,5.444374984400971,87,6-8yr,unknown,309
ECSC_2002_1_87M_2002_YR1,9,262,0.8451612903225807,0.8451612903225807,late,,5.794107777621608,87,6-8yr,unknown,309
ECSC_2002_1_87M_2002_YR1,10,263,0.8483870967741935,0.8483870967741935,late,,6.583156246883789,87,6-8yr,unknown,309
ECSC_2002_1_87M_2002_YR1,11,264,0.8516129032258064,0.8516129032258064,late,,7.1002252179559395,87,6-8yr,unknown,309
ECSC_2002_1_87M_2002_YR1,12,264,0.8516129032258064,0.8516129032258064,late,,7.1002252179559395,87,6-8yr,unknown,309
ECSC_2002_1_87M_2002_YR1,13,265,0.8548387096774194,0.8548387096774194,late,,6.619161623178876,87,6-8yr,unknown,309
ECSC_2002_1_87M_2002_YR1,14,266,0.8580645161290322,0.8580645161290322,late,,7.297194433435928,87,6-8yr,unknown,309
ECSC_2002_1_87M_2002_YR1,15,267,0.8612903225806452,0.8612903225806452,late,,6.775763318865545,87,6-8yr,unknown,309
ECSC_2002_1_87M_2002_YR1,16,267,0.8612903225806452,0.8612903225806452,late,,6.775763318865545,87,6-8yr,unknown,309
ECSC_2002_1_87M_2002_YR1,17,268,0.864516129032258,0.864516129032258,late,,6.103841343773267,87,6-8yr,unknown,309
ECSC_2002_1_87M_2002_YR1,18,269,0.867741935483871,0.867741935483871,late,,6.756402758692738,87,6-8yr,unknown,309
ECSC_2002_1_87M_2002_YR1,19,270,0.8709677419354839,0.8709677419354839,late,,6.065529909082702,87,6-8yr,unknown,309
ECSC_1075_2_88F_1075_YR2,0,256,0.5150905432595574,0.5150905432595574,mid,,4.476553149939676,88,6-8yr,boy_dog_frog,496
ECSC_1075_2_88F_1075_YR2,1,266,0.5352112676056338,0.5352112676056338,mid,,2.975236720982293,88,6-8yr,boy_dog_frog,496
ECSC_1075_2_88F_1075_YR2,2,276,0.5553319919517102,0.5553319919517102,mid,,1.8399258430919332,88,6-8yr,boy_dog_frog,496
ECSC_1075_2_88F_1075_YR2,3,286,0.5754527162977867,0.5754527162977867,mid,,5.9757256258639515,88,6-8yr,boy_dog_frog,496
ECSC_1075_2_88F_1075_YR2,4,296,0.5955734406438632,0.5955734406438632,mid,,14.987021755177643,88,6-8yr,boy_dog_frog,496
ECSC_1075_2_88F_1075_YR2,5,306,0.6156941649899397,0.6156941649899397,mid,,21.150520526178845,88,6-8yr,boy_dog_frog,496
ECSC_1075_2_88F_1075_YR2,6,316,0.635814889336016,0.635814889336016,mid,,11.19910661307688,88,6-8yr,boy_dog_frog,496
ECSC_1075_2_88F_1075_YR2,7,326,0.6559356136820925,0.6559356136820925,mid,,5.6160697371974635,88,6-8yr,boy_dog_frog,496
ECSC_1075_2_88F_1075_YR2,8,336,0.676056338028169,0.676056338028169,late,,6.168872536419544,88,6-8yr,boy_dog_frog,496
ECSC_1075_2_88F_1075_YR2,9,346,0.6961770623742455,0.6961770623742455,late,,9.404028957191644,88,6-8yr,boy_dog_frog,496
ECSC_1075_2_88F_1075_YR2,10,356,0.716297786720322,0.716297786720322,late,,12.258174019796517,88,6-8yr,boy_dog_frog,496
ECSC_1075_2_88F_1075_YR2,11,366,0.7364185110663984,0.7364185110663984,late,,8.06132893985043,88,6-8yr,boy_dog_frog,496
ECSC_1075_2_88F_1075_YR2,12,376,0.7565392354124748,0.7565392354124748,late,,27.403850679597056,88,6-8yr,boy_dog_frog,496
ECSC_1075_2_88F_1075_YR2,13,386,0.7766599597585513,0.7766599597585513,late,,27.367301961936473,88,6-8yr,boy_dog_frog,496
ECSC_1075_2_88F_1075_YR2,14,396,0.7967806841046278,0.7967806841046278,late,,15.506367978773763,88,6-8yr,boy_dog_frog,496
ECSC_1075_2_88F_1075_YR2,15,406,0.8169014084507042,0.8169014084507042,late,,15.184556630079392,88,6-8yr,boy_dog_frog,496
ECSC_1075_2_88F_1075_YR2,16,416,0.8370221327967807,0.8370221327967807,late,,15.001288897325434,88,6-8yr,boy_dog_frog,496
ECSC_1075_2_88F_1075_YR2,17,426,0.8571428571428571,0.8571428571428571,late,,11.998326229070257,88,6-8yr,boy_dog_frog,496
ECSC_1075_2_88F_1075_YR2,18,436,0.8772635814889336,0.8772635814889336,late,,11.84759345985938,88,6-8yr,boy_dog_frog,496
ECSC_1075_2_88F_1075_YR2,19,447,0.8993963782696177,0.8993963782696177,late,,5.699370070139578,88,6-8yr,boy_dog_frog,496
ECSC_1075_3_88F_1075_YR3,0,256,0.7293447293447294,0.7293447293447294,late,,1.74259797567467,88,6-8yr,one_frog_too_many,350
ECSC_1075_3_88F_1075_YR3,1,258,0.7350427350427351,0.7350427350427351,late,,1.7762049134644364,88,6-8yr,one_frog_too_many,350
ECSC_1075_3_88F_1075_YR3,2,261,0.7435897435897436,0.7435897435897436,late,,1.6930003757795085,88,6-8yr,one_frog_too_many,350
ECSC_1075_3_88F_1075_YR3,3,264,0.7521367521367521,0.7521367521367521,late,,3.501312475848396,88,6-8yr,one_frog_too_many,350
ECSC_1075_3_88F_1075_YR3,4,267,0.7606837606837606,0.7606837606837606,late,,3.64924019127924,88,6-8yr,one_frog_too_many,350
ECSC_1075_3_88F_1075_YR3,5,270,0.7692307692307693,0.7692307692307693,late,,5.569866728095279,88,6-8yr,one_frog_too_many,350
ECSC_1075_3_88F_1075_YR3,6,273,0.7777777777777778,0.7777777777777778,late,,5.831207210522093,88,6-8yr,one_frog_too_many,350
ECSC_1075_3_88F_1075_YR3,7,276,0.7863247863247863,0.7863247863247863,late,,5.700384706966455,88,6-8yr,one_frog_too_many,350
ECSC_1075_3_88F_1075_YR3,8,279,0.7948717948717948,0.7948717948717948,late,,5.7869407781604,88,6-8yr,one_frog_too_many,350
ECSC_1075_3_88F_1075_YR3,9,282,0.8034188034188035,0.8034188034188035,late,,5.224245983855814,88,6-8yr,one_frog_too_many,350
ECSC_1075_3_88F_1075_YR3,10,284,0.8091168091168092,0.8091168091168092,late,,5.301663319262241,88,6-8yr,one_frog_too_many,350
ECSC_1075_3_88F_1075_YR3,11,287,0.8176638176638177,0.8176638176638177,late,,6.858022653908632,88,6-8yr,one_frog_too_many,350
ECSC_1075_3_88F_1075_YR3,12,290,0.8262108262108262,0.8262108262108262,late,,5.5768363344175675,88,6-8yr,one_frog_too_many,350
ECSC_1075_3_88F_1075_YR3,13,293,0.8347578347578347,0.8347578347578347,late,,4.691441846349418,88,6-8yr,one_frog_too_many,350
ECSC_1075_3_88F_1075_YR3,14,296,0.8433048433048433,0.8433048433048433,late,,3.81055822831261,88,6-8yr,one_frog_too_many,350
ECSC_1075_3_88F_1075_YR3,15,299,0.8518518518518519,0.8518518518518519,late,,5.4700218552956255,88,6-8yr,one_frog_too_many,350
ECSC_1075_3_88F_1075_YR3,16,302,0.8603988603988604,0.8603988603988604,late,,5.963371826209908,88,6-8yr,one_frog_too_many,350
ECSC_1075_3_88F_1075_YR3,17,305,0.8689458689458689,0.8689458689458689,late,,5.696031535430556,88,6-8yr,one_frog_too_many,350
ECSC_1075_3_88F_1075_YR3,18,308,0.8774928774928775,0.8774928774928775,late,,4.783014711341947,88,6-8yr,one_frog_too_many,350
ECSC_1075_3_88F_1075_YR3,19,311,0.886039886039886,0.886039886039886,late,,4.741459098588837,88,6-8yr,one_frog_too_many,350
ECSC_1078_1_88M_1078_YR1,0,256,0.7828746177370031,0.7828746177370031,late,,10.32555694654814,88,6-8yr,frog_on_his_own,326
ECSC_1078_1_88M_1078_YR1,1,257,0.7859327217125383,0.7859327217125383,late,,9.708291697396382,88,6-8yr,frog_on_his_own,326
ECSC_1078_1_88M_1078_YR1,2,259,0.7920489296636085,0.7920489296636085,late,,9.2958688335602,88,6-8yr,frog_on_his_own,326
ECSC_1078_1_88M_1078_YR1,3,260,0.7951070336391437,0.7951070336391437,late,,8.454490265075984,88,6-8yr,frog_on_his_own,326
ECSC_1078_1_88M_1078_YR1,4,262,0.8012232415902141,0.8012232415902141,late,,8.040247213958574,88,6-8yr,frog_on_his_own,326
ECSC_1078_1_88M_1078_YR1,5,264,0.8073394495412844,0.8073394495412844,late,,8.26383344080594,88,6-8yr,frog_on_his_own,326
ECSC_1078_1_88M_1078_YR1,6,265,0.8103975535168195,0.8103975535168195,late,,9.838086205322266,88,6-8yr,frog_on_his_own,326
ECSC_1078_1_88M_1078_YR1,7,267,0.8165137614678899,0.8165137614678899,late,,7.802874908579504,88,6-8yr,frog_on_his_own,326
ECSC_1078_1_88M_1078_YR1,8,269,0.8226299694189603,0.8226299694189603,late,,7.698123803276989,88,6-8yr,frog_on_his_own,326
ECSC_1078_1_88M_1078_YR1,9,270,0.8256880733944955,0.8256880733944955,late,,9.031050314785348,88,6-8yr,frog_on_his_own,326
ECSC_1078_1_88M_1078_YR1,10,272,0.8318042813455657,0.8318042813455657,late,,4.759695271875092,88,6-8yr,frog_on_his_own,326
ECSC_1078_1_88M_1078_YR1,11,273,0.8348623853211009,0.8348623853211009,late,,2.62124895206291,88,6-8yr,frog_on_his_own,326
ECSC_1078_1_88M_1078_YR1,12,275,0.8409785932721713,0.8409785932721713,late,,0.7633468425218304,88,6-8yr,frog_on_his_own,326
ECSC_1078_1_88M_1078_YR1,13,277,0.8470948012232415,0.8470948012232415,late,,0.3746296919311351,88,6-8yr,frog_on_his_own,326
ECSC_1078_1_88M_1078_YR1,14,278,0.8501529051987767,0.8501529051987767,late,,-0.1471100725882843,88,6-8yr,frog_on_his_own,326
ECSC_1078_1_88M_1078_YR1,15,280,0.8562691131498471,0.8562691131498471,late,,0.5488724105434866,88,6-8yr,frog_on_his_own,326
ECSC_1078_1_88M_1078_YR1,16,282,0.8623853211009175,0.8623853211009175,late,,0.5759354140637374,88,6-8yr,frog_on_his_own,326
ECSC_1078_1_88M_1078_YR1,17,283,0.8654434250764526,0.8654434250764526,late,,0.97555665974627,88,6-8yr,frog_on_his_own,326
ECSC_1078_1_88M_1078_YR1,18,285,0.8715596330275229,0.8715596330275229,late,,0.944269088316794,88,6-8yr,frog_on_his_own,326
ECSC_1078_1_88M_1078_YR1,19,287,0.8776758409785933,0.8776758409785933,late,,0.7006091217517127,88,6-8yr,frog_on_his_own,326
ECSC_1078_2_88M_1078_YR2,0,256,0.7804878048780488,0.7804878048780488,late,,4.734435601959246,88,6-8yr,frog_on_his_own,327
ECSC_1078_2_88M_1078_YR2,1,257,0.7835365853658537,0.7835365853658537,late,,3.6313102593321585,88,6-8yr,frog_on_his_own,327
ECSC_1078_2_88M_1078_YR2,2,259,0.7896341463414634,0.7896341463414634,late,,7.562513074051063,88,6-8yr,frog_on_his_own,327
ECSC_1078_2_88M_1078_YR2,3,261,0.7957317073170732,0.7957317073170732,late,,3.9226923983048767,88,6-8yr,frog_on_his_own,327
ECSC_1078_2_88M_1078_YR2,4,262,0.7987804878048781,0.7987804878048781,late,,4.613963676428234,88,6-8yr,frog_on_his_own,327
ECSC_1078_2_88M_1078_YR2,5,264,0.8048780487804879,0.8048780487804879,late,,4.68420549396132,88,6-8yr,frog_on_his_own,327
ECSC_1078_2_88M_1078_YR2,6,266,0.8109756097560976,0.8109756097560976,late,,4.6143624831826315,88,6-8yr,frog_on_his_own,327
ECSC_1078_2_88M_1078_YR2,7,267,0.8140243902439024,0.8140243902439024,late,,4.167013702158245,88,6-8yr,frog_on_his_own,327
ECSC_1078_2_88M_1078_YR2,8,269,0.8201219512195121,0.8201219512195121,late,,4.135365070705459,88,6-8yr,frog_on_his_own,327
ECSC_1078_2_88M_1078_YR2,9,271,0.8262195121951219,0.8262195121951219,late,,3.434335154437278,88,6-8yr,frog_on_his_own,327
ECSC_1078_2_88M_1078_YR2,10,272,0.8292682926829268,0.8292682926829268,late,,2.9742305298138643,88,6-8yr,frog_on_his_own,327
ECSC_1078_2_88M_1078_YR2,11,274,0.8353658536585366,0.8353658536585366,late,,2.8500496311474324,88,6-8yr,frog_on_his_own,327
ECSC_1078_2_88M_1078_YR2,12,276,0.8414634146341463,0.8414634146341463,late,,1.0754612978339289,88,6-8yr,frog_on_his_own,327
ECSC_1078_2_88M_1078_YR2,13,277,0.8445121951219512,0.8445121951219512,late,,0.8477095532724981,88,6-8yr,frog_on_his_own,327
ECSC_1078_2_88M_1078_YR2,14,279,0.850609756097561,0.850609756097561,late,,1.826032757299977,88,6-8yr,frog_on_his_own,327
ECSC_1078_2_88M_1078_YR2,15,281,0.8567073170731707,0.8567073170731707,late,,1.8946219276598375,88,6-8yr,frog_on_his_own,327
ECSC_1078_2_88M_1078_YR2,16,282,0.8597560975609756,0.8597560975609756,late,,2.381945698736512,88,6-8yr,frog_on_his_own,327
ECSC_1078_2_88M_1078_YR2,17,284,0.8658536585365854,0.8658536585365854,late,,2.2960867046033826,88,6-8yr,frog_on_his_own,327
ECSC_1078_2_88M_1078_YR2,18,286,0.8719512195121951,0.8719512195121951,late,,1.4280601616592783,88,6-8yr,frog_on_his_own,327
ECSC_1078_2_88M_1078_YR2,19,288,0.8780487804878049,0.8780487804878049,late,,1.4371307748429043,88,6-8yr,frog_on_his_own,327
ECSC_1078_3_88M_1078_YR3,0,256,0.4217462932454695,0.4217462932454695,mid,,6.224620654755068,88,6-8yr,one_frog_too_many,606
ECSC_1078_3_88M_1078_YR3,1,271,0.4464579901153213,0.4464579901153213,mid,,3.339001503187869,88,6-8yr,one_frog_too_many,606
ECSC_1078_3_88M_1078_YR3,2,286,0.471169686985173,0.471169686985173,mid,,3.1133868531618853,88,6-8yr,one_frog_too_many,606
ECSC_1078_3_88M_1078_YR3,3,301,0.4958813838550247,0.4958813838550247,mid,,1.8764455490035372,88,6-8yr,one_frog_too_many,606
ECSC_1078_3_88M_1078_YR3,4,317,0.5222405271828665,0.5222405271828665,mid,,6.52921644605496,88,6-8yr,one_frog_too_many,606
ECSC_1078_3_88M_1078_YR3,5,332,0.5469522240527183,0.5469522240527183,mid,,6.566134447268725,88,6-8yr,one_frog_too_many,606
ECSC_1078_3_88M_1078_YR3,6,347,0.57166392092257,0.57166392092257,mid,,6.56470606349918,88,6-8yr,one_frog_too_many,606
ECSC_1078_3_88M_1078_YR3,7,362,0.5963756177924218,0.5963756177924218,mid,,17.532600186746137,88,6-8yr,one_frog_too_many,606
ECSC_1078_3_88M_1078_YR3,8,378,0.6227347611202636,0.6227347611202636,mid,,37.951234492220074,88,6-8yr,one_frog_too_many,606
ECSC_1078_3_88M_1078_YR3,9,393,0.6474464579901154,0.6474464579901154,mid,,21.521640836439975,88,6-8yr,one_frog_too_many,606
ECSC_1078_3_88M_1078_YR3,10,408,0.6721581548599671,0.6721581548599671,late,,8.239170258624732,88,6-8yr,one_frog_too_many,606
ECSC_1078_3_88M_1078_YR3,11,423,0.6968698517298187,0.6968698517298187,late,,14.130851193989212,88,6-8yr,one_frog_too_many,606
ECSC_1078_3_88M_1078_YR3,12,439,0.7232289950576606,0.7232289950576606,late,,9.854569111919988,88,6-8yr,one_frog_too_many,606
ECSC_1078_3_88M_1078_YR3,13,454,0.7479406919275123,0.7479406919275123,late,,12.458381344767403,88,6-8yr,one_frog_too_many,606
ECSC_1078_3_88M_1078_YR3,14,469,0.7726523887973641,0.7726523887973641,late,,5.530382201652355,88,6-8yr,one_frog_too_many,606
ECSC_1078_3_88M_1078_YR3,15,484,0.7973640856672158,0.7973640856672158,late,,2.309386547976631,88,6-8yr,one_frog_too_many,606
ECSC_1078_3_88M_1078_YR3,16,500,0.8237232289950577,0.8237232289950577,late,,5.542776507068702,88,6-8yr,one_frog_too_many,606
ECSC_1078_3_88M_1078_YR3,17,515,0.8484349258649094,0.8484349258649094,late,19.30431602219842,15.24187298311616,88,6-8yr,one_frog_too_many,606
ECSC_1078_3_88M_1078_YR3,18,530,0.8731466227347611,0.8731466227347611,late,,9.48775866864232,88,6-8yr,one_frog_too_many,606
ECSC_1078_3_88M_1078_YR3,19,546,0.899505766062603,0.899505766062603,late,3.6075531304654542,2.504026277030338,88,6-8yr,one_frog_too_many,606
ECSC_1002_1_89F_1002_YR1,0,256,0.5099601593625498,0.5099601593625498,mid,,2.574572172392065,89,6-8yr,frog_on_his_own,501
ECSC_1002_1_89F_1002_YR1,1,266,0.5298804780876494,0.5298804780876494,mid,,8.686305001910842,89,6-8yr,frog_on_his_own,501
ECSC_1002_1_89F_1002_YR1,2,276,0.549800796812749,0.549800796812749,mid,,7.081724700405571,89,6-8yr,frog_on_his_own,501
ECSC_1002_1_89F_1002_YR1,3,286,0.5697211155378487,0.5697211155378487,mid,,3.408924027868503,89,6-8yr,frog_on_his_own,501
ECSC_1002_1_89F_1002_YR1,4,297,0.5916334661354582,0.5916334661354582,mid,,1.347383171672245,89,6-8yr,frog_on_his_own,501
ECSC_1002_1_89F_1002_YR1,5,307,0.6115537848605578,0.6115537848605578,mid,,1.3799082244356953,89,6-8yr,frog_on_his_own,501
ECSC_1002_1_89F_1002_YR1,6,317,0.6314741035856574,0.6314741035856574,mid,,4.2476765291147345,89,6-8yr,frog_on_his_own,501
ECSC_1002_1_89F_1002_YR1,7,327,0.651394422310757,0.651394422310757,mid,,5.694278507839769,89,6-8yr,frog_on_his_own,501
ECSC_1002_1_89F_1002_YR1,8,338,0.6733067729083665,0.6733067729083665,late,,2.0636350074183785,89,6-8yr,frog_on_his_own,501
ECSC_1002_1_89F_1002_YR1,9,348,0.6932270916334662,0.6932270916334662,late,,1.578666574443826,89,6-8yr,frog_on_his_own,501
ECSC_1002_1_89F_1002_YR1,10,358,0.7131474103585658,0.7131474103585658,late,,3.463936485115827,89,6-8yr,frog_on_his_own,501
ECSC_1002_1_89F_1002_YR1,11,368,0.7330677290836654,0.7330677290836654,late,,4.876604818776946,89,6-8yr,frog_on_his_own,501
ECSC_1002_1_89F_1002_YR1,12,379,0.7549800796812749,0.7549800796812749,late,,7.765961999856692,89,6-8yr,frog_on_his_own,501
ECSC_1002_1_89F_1002_YR1,13,389,0.7749003984063745,0.7749003984063745,late,,4.023823326951967,89,6-8yr,frog_on_his_own,501
ECSC_1002_1_89F_1002_YR1,14,399,0.7948207171314741,0.7948207171314741,late,,3.3065604001142086,89,6-8yr,frog_on_his_own,501
ECSC_1002_1_89F_1002_YR1,15,409,0.8147410358565738,0.8147410358565738,late,,1.4577126012150554,89,6-8yr,frog_on_his_own,501
ECSC_1002_1_89F_1002_YR1,16,420,0.8366533864541833,0.8366533864541833,late,,1.754455052418928,89,6-8yr,frog_on_his_own,501
ECSC_1002_1_89F_1002_YR1,17,430,0.8565737051792829,0.8565737051792829,late,,2.270588894669604,89,6-8yr,frog_on_his_own,501
ECSC_1002_1_89F_1002_YR1,18,440,0.8764940239043825,0.8764940239043825,late,,1.8272342352864612,89,6-8yr,frog_on_his_own,501
ECSC_1002_1_89F_1002_YR1,19,451,0.898406374501992,0.898406374501992,late,,1.7785644337353783,89,6-8yr,frog_on_his_own,501
ECSC_1002_2_89F_1002_YR2,0,256,0.416260162601626,0.416260162601626,mid,,3.5782620562216643,89,6-8yr,frog_where_are_you,614
ECSC_1002_2_89F_1002_YR2,1,271,0.440650406504065,0.440650406504065,mid,,3.225821738132579,89,6-8yr,frog_where_are_you,614
ECSC_1002_2_89F_1002_YR2,2,287,0.4666666666666667,0.4666666666666667,mid,,5.548516079370856,89,6-8yr,frog_where_are_you,614
ECSC_1002_2_89F_1002_YR2,3,302,0.4910569105691056,0.4910569105691056,mid,,6.074606314375256,89,6-8yr,frog_where_are_you,614
ECSC_1002_2_89F_1002_YR2,4,318,0.5170731707317073,0.5170731707317073,mid,,7.646811416880835,89,6-8yr,frog_where_are_you,614
ECSC_1002_2_89F_1002_YR2,5,334,0.5430894308943089,0.5430894308943089,mid,,7.751787502519807,89,6-8yr,frog_where_are_you,614
ECSC_1002_2_89F_1002_YR2,6,349,0.567479674796748,0.567479674796748,mid,,6.386150703818737,89,6-8yr,frog_where_are_you,614
ECSC_1002_2_89F_1002_YR2,7,365,0.5934959349593496,0.5934959349593496,mid,,3.119611675665448,89,6-8yr,frog_where_are_you,614
ECSC_1002_2_89F_1002_YR2,8,381,0.6195121951219512,0.6195121951219512,mid,,1.35903418000213,89,6-8yr,frog_where_are_you,614
ECSC_1002_2_89F_1002_YR2,9,396,0.6439024390243903,0.6439024390243903,mid,,2.358859332255772,89,6-8yr,frog_where_are_you,614
ECSC_1002_2_89F_1002_YR2,10,412,0.6699186991869919,0.6699186991869919,late,,10.057315006074582,89,6-8yr,frog_where_are_you,614
ECSC_1002_2_89F_1002_YR2,11,427,0.6943089430894309,0.6943089430894309,late,,7.422978788184011,89,6-8yr,frog_where_are_you,614
ECSC_1002_2_89F_1002_YR2,12,443,0.7203252032520325,0.7203252032520325,late,,2.569111863456774,89,6-8yr,frog_where_are_you,614
ECSC_1002_2_89F_1002_YR2,13,459,0.7463414634146341,0.7463414634146341,late,,5.528722378070091,89,6-8yr,frog_where_are_you,614
ECSC_1002_2_89F_1002_YR2,14,474,0.7707317073170732,0.7707317073170732,late,,7.032567096462273,89,6-8yr,frog_where_are_you,614
ECSC_1002_2_89F_1002_YR2,15,490,0.7967479674796748,0.7967479674796748,late,,3.5376780335408036,89,6-8yr,frog_where_are_you,614
ECSC_1002_2_89F_1002_YR2,16,506,0.8227642276422764,0.8227642276422764,late,,13.519504932831492,89,6-8yr,frog_where_are_you,614
ECSC_1002_2_89F_1002_YR2,17,521,0.8471544715447155,0.8471544715447155,late,,7.598951608336682,89,6-8yr,frog_where_are_you,614
ECSC_1002_2_89F_1002_YR2,18,537,0.8731707317073171,0.8731707317073171,late,10.347506928154605,11.185371035381245,89,6-8yr,frog_where_are_you,614
ECSC_1002_2_89F_1002_YR2,19,553,0.8991869918699187,0.8991869918699187,late,7.183172475678539,6.976210222196448,89,6-8yr,frog_where_are_you,614
ECSC_1002_3_89F_1002_YR3,0,256,0.5885057471264368,0.5885057471264368,mid,,1.3043579576690352,89,6-8yr,one_frog_too_many,434
ECSC_1002_3_89F_1002_YR3,1,263,0.6045977011494252,0.6045977011494252,mid,,1.775956556389354,89,6-8yr,one_frog_too_many,434
ECSC_1002_3_89F_1002_YR3,2,270,0.6206896551724138,0.6206896551724138,mid,,0.7882390299050774,89,6-8yr,one_frog_too_many,434
ECSC_1002_3_89F_1002_YR3,3,277,0.6367816091954023,0.6367816091954023,mid,,1.934907497822758,89,6-8yr,one_frog_too_many,434
ECSC_1002_3_89F_1002_YR3,4,284,0.6528735632183909,0.6528735632183909,mid,,5.829876477900601,89,6-8yr,one_frog_too_many,434
ECSC_1002_3_89F_1002_YR3,5,291,0.6689655172413793,0.6689655172413793,late,,7.385441026346306,89,6-8yr,one_frog_too_many,434
ECSC_1002_3_89F_1002_YR3,6,298,0.6850574712643678,0.6850574712643678,late,,7.277795140260231,89,6-8yr,one_frog_too_many,434
ECSC_1002_3_89F_1002_YR3,7,305,0.7011494252873564,0.7011494252873564,late,,11.874383924933964,89,6-8yr,one_frog_too_many,434
ECSC_1002_3_89F_1002_YR3,8,312,0.7172413793103448,0.7172413793103448,late,,9.812596302253269,89,6-8yr,one_frog_too_many,434
ECSC_1002_3_89F_1002_YR3,9,319,0.7333333333333333,0.7333333333333333,late,,7.151015104619628,89,6-8yr,one_frog_too_many,434
ECSC_1002_3_89F_1002_YR3,10,327,0.7517241379310344,0.7517241379310344,late,,2.1781477726724408,89,6-8yr,one_frog_too_many,434
ECSC_1002_3_89F_1002_YR3,11,334,0.767816091954023,0.767816091954023,late,,4.331571618768256,89,6-8yr,one_frog_too_many,434
ECSC_1002_3_89F_1002_YR3,12,341,0.7839080459770115,0.7839080459770115,late,,1.2801770771361554,89,6-8yr,one_frog_too_many,434
ECSC_1002_3_89F_1002_YR3,13,348,0.8,0.8,late,,1.1610242576541143,89,6-8yr,one_frog_too_many,434
ECSC_1002_3_89F_1002_YR3,14,355,0.8160919540229885,0.8160919540229885,late,,2.975509184937544,89,6-8yr,one_frog_too_many,434
ECSC_1002_3_89F_1002_YR3,15,362,0.832183908045977,0.832183908045977,late,,2.040707994002416,89,6-8yr,one_frog_too_many,434
ECSC_1002_3_89F_1002_YR3,16,369,0.8482758620689655,0.8482758620689655,late,,2.6349311496482475,89,6-8yr,one_frog_too_many,434
ECSC_1002_3_89F_1002_YR3,17,376,0.864367816091954,0.864367816091954,late,,0.689556246677741,89,6-8yr,one_frog_too_many,434
ECSC_1002_3_89F_1002_YR3,18,383,0.8804597701149425,0.8804597701149425,late,,1.5734126481058146,89,6-8yr,one_frog_too_many,434
ECSC_1002_3_89F_1002_YR3,19,391,0.8988505747126436,0.8988505747126436,late,,3.4637938858548356,89,6-8yr,one_frog_too_many,434
ECSC_1030_1_89F_1030_YR1,0,256,0.6937669376693767,0.6937669376693767,late,,1.2455380612588742,89,6-8yr,boy_dog_frog,368
ECSC_1030_1_89F_1030_YR1,1,259,0.7018970189701897,0.7018970189701897,late,,1.8735049648923416,89,6-8yr,boy_dog_frog,368
ECSC_1030_1_89F_1030_YR1,2,263,0.7127371273712737,0.7127371273712737,late,,2.279424094569734,89,6-8yr,boy_dog_frog,368
ECSC_1030_1_89F_1030_YR1,3,267,0.7235772357723578,0.7235772357723578,late,,2.5973190121952037,89,6-8yr,boy_dog_frog,368
ECSC_1030_1_89F_1030_YR1,4,271,0.7344173441734417,0.7344173441734417,late,,1.3813589595419913,89,6-8yr,boy_dog_frog,368
ECSC_1030_1_89F_1030_YR1,5,275,0.7452574525745257,0.7452574525745257,late,,0.2012678558478366,89,6-8yr,boy_dog_frog,368
ECSC_1030_1_89F_1030_YR1,6,279,0.7560975609756098,0.7560975609756098,late,,1.6844091196973174,89,6-8yr,boy_dog_frog,368
ECSC_1030_1_89F_1030_YR1,7,282,0.7642276422764228,0.7642276422764228,late,,1.655677355818101,89,6-8yr,boy_dog_frog,368
ECSC_1030_1_89F_1030_YR1,8,286,0.7750677506775068,0.7750677506775068,late,,1.880611651261319,89,6-8yr,boy_dog_frog,368
ECSC_1030_1_89F_1030_YR1,9,290,0.7859078590785907,0.7859078590785907,late,,2.3805705053002857,89,6-8yr,boy_dog_frog,368
ECSC_1030_1_89F_1030_YR1,10,294,0.7967479674796748,0.7967479674796748,late,,2.689820420258783,89,6-8yr,boy_dog_frog,368
ECSC_1030_1_89F_1030_YR1,11,298,0.8075880758807588,0.8075880758807588,late,,1.304085823438481,89,6-8yr,boy_dog_frog,368
ECSC_1030_1_89F_1030_YR1,12,302,0.8184281842818428,0.8184281842818428,late,,1.4108853981041758,89,6-8yr,boy_dog_frog,368
ECSC_1030_1_89F_1030_YR1,13,305,0.8265582655826558,0.8265582655826558,late,,1.5268834135638976,89,6-8yr,boy_dog_frog,368
ECSC_1030_1_89F_1030_YR1,14,309,0.8373983739837398,0.8373983739837398,late,,1.5670723402470743,89,6-8yr,boy_dog_frog,368
ECSC_1030_1_89F_1030_YR1,15,313,0.8482384823848238,0.8482384823848238,late,,1.9698628878781577,89,6-8yr,boy_dog_frog,368
ECSC_1030_1_89F_1030_YR1,16,317,0.8590785907859079,0.8590785907859079,late,,1.5888713430805428,89,6-8yr,boy_dog_frog,368
ECSC_1030_1_89F_1030_YR1,17,321,0.8699186991869918,0.8699186991869918,late,,1.2351177832319795,89,6-8yr,boy_dog_frog,368
ECSC_1030_1_89F_1030_YR1,18,325,0.8807588075880759,0.8807588075880759,late,,1.0104043070283426,89,6-8yr,boy_dog_frog,368
ECSC_1030_1_89F_1030_YR1,19,329,0.8915989159891599,0.8915989159891599,late,,1.3762724905978103,89,6-8yr,boy_dog_frog,368
ECSC_1030_2_89F_1030_YR2,0,256,0.4245439469320066,0.4245439469320066,mid,,2.3062991370608508,89,6-8yr,one_frog_too_many,602
ECSC_1030_2_89F_1030_YR2,1,271,0.4494195688225539,0.4494195688225539,mid,,1.615220034071629,89,6-8yr,one_frog_too_many,602
ECSC_1030_2_89F_1030_YR2,2,286,0.4742951907131011,0.4742951907131011,mid,,0.9155580870624016,89,6-8yr,one_frog_too_many,602
ECSC_1030_2_89F_1030_YR2,3,301,0.4991708126036484,0.4991708126036484,mid,,1.4384877342840614,89,6-8yr,one_frog_too_many,602
ECSC_1030_2_89F_1030_YR2,4,316,0.5240464344941956,0.5240464344941956,mid,,4.602117968315822,89,6-8yr,one_frog_too_many,602
ECSC_1030_2_89F_1030_YR2,5,331,0.548922056384743,0.548922056384743,mid,,8.879430590616955,89,6-8yr,one_frog_too_many,602
ECSC_1030_2_89F_1030_YR2,6,346,0.5737976782752903,0.5737976782752903,mid,,7.163210532699457,89,6-8yr,one_frog_too_many,602
ECSC_1030_2_89F_1030_YR2,7,361,0.5986733001658375,0.5986733001658375,mid,,9.667167574601182,89,6-8yr,one_frog_too_many,602
ECSC_1030_2_89F_1030_YR2,8,376,0.6235489220563848,0.6235489220563848,mid,,18.13773874060408,89,6-8yr,one_frog_too_many,602
ECSC_1030_2_89F_1030_YR2,9,391,0.648424543946932,0.648424543946932,mid,,24.619091739648752,89,6-8yr,one_frog_too_many,602
ECSC_1030_2_89F_1030_YR2,10,406,0.6733001658374793,0.6733001658374793,late,,8.516430914692716,89,6-8yr,one_frog_too_many,602
ECSC_1030_2_89F_1030_YR2,11,421,0.6981757877280266,0.6981757877280266,late,,9.560277252562464,89,6-8yr,one_frog_too_many,602
ECSC_1030_2_89F_1030_YR2,12,436,0.7230514096185738,0.7230514096185738,late,,6.577544362244822,89,6-8yr,one_frog_too_many,602
ECSC_1030_2_89F_1030_YR2,13,451,0.7479270315091211,0.7479270315091211,late,,4.278670621603095,89,6-8yr,one_frog_too_many,602
ECSC_1030_2_89F_1030_YR2,14,466,0.7728026533996684,0.7728026533996684,late,,3.4297344381302857,89,6-8yr,one_frog_too_many,602
ECSC_1030_2_89F_1030_YR2,15,481,0.7976782752902156,0.7976782752902156,late,,4.477687654354785,89,6-8yr,one_frog_too_many,602
ECSC_1030_2_89F_1030_YR2,16,496,0.8225538971807629,0.8225538971807629,late,,12.324367634112058,89,6-8yr,one_frog_too_many,602
ECSC_1030_2_89F_1030_YR2,17,511,0.8474295190713101,0.8474295190713101,late,,7.467722259449083,89,6-8yr,one_frog_too_many,602
ECSC_1030_2_89F_1030_YR2,18,526,0.8723051409618574,0.8723051409618574,late,12.335807197977568,10.708403894115031,89,6-8yr,one_frog_too_many,602
ECSC_1030_2_89F_1030_YR2,19,542,0.8988391376451078,0.8988391376451078,late,9.120609960230029,6.070698146700741,89,6-8yr,one_frog_too_many,602
ECSC_1030_3_89F_1030_YR3,0,256,0.4705882352941176,0.4705882352941176,mid,,1.5146166264008052,89,6-8yr,frog_where_are_you,543
ECSC_1030_3_89F_1030_YR3,1,268,0.4926470588235294,0.4926470588235294,mid,,1.9749045801594705,89,6-8yr,frog_where_are_you,543
ECSC_1030_3_89F_1030_YR3,2,280,0.5147058823529411,0.5147058823529411,mid,,5.3994376960792305,89,6-8yr,frog_where_are_you,543
ECSC_1030_3_89F_1030_YR3,3,292,0.5367647058823529,0.5367647058823529,mid,,6.49887757351474,89,6-8yr,frog_where_are_you,543
ECSC_1030_3_89F_1030_YR3,4,305,0.5606617647058824,0.5606617647058824,mid,,4.568274587274288,89,6-8yr,frog_where_are_you,543
ECSC_1030_3_89F_1030_YR3,5,317,0.5827205882352942,0.5827205882352942,mid,,3.7221884662568456,89,6-8yr,frog_where_are_you,543
ECSC_1030_3_89F_1030_YR3,6,329,0.6047794117647058,0.6047794117647058,mid,,5.657125757666227,89,6-8yr,frog_where_are_you,543
ECSC_1030_3_89F_1030_YR3,7,341,0.6268382352941176,0.6268382352941176,mid,,7.277994611129148,89,6-8yr,frog_where_are_you,543
ECSC_1030_3_89F_1030_YR3,8,354,0.6507352941176471,0.6507352941176471,mid,,4.447067525237581,89,6-8yr,frog_where_are_you,543
ECSC_1030_3_89F_1030_YR3,9,366,0.6727941176470589,0.6727941176470589,late,,2.989110731529987,89,6-8yr,frog_where_are_you,543
ECSC_1030_3_89F_1030_YR3,10,378,0.6948529411764706,0.6948529411764706,late,,2.110666882927566,89,6-8yr,frog_where_are_you,543
ECSC_1030_3_89F_1030_YR3,11,390,0.7169117647058824,0.7169117647058824,late,,1.7364267133625244,89,6-8yr,frog_where_are_you,543
ECSC_1030_3_89F_1030_YR3,12,403,0.7408088235294118,0.7408088235294118,late,,1.0041444700828557,89,6-8yr,frog_where_are_you,543
ECSC_1030_3_89F_1030_YR3,13,415,0.7628676470588235,0.7628676470588235,late,,2.9157158243520858,89,6-8yr,frog_where_are_you,543
ECSC_1030_3_89F_1030_YR3,14,427,0.7849264705882353,0.7849264705882353,late,,2.4311948780940575,89,6-8yr,frog_where_are_you,543
ECSC_1030_3_89F_1030_YR3,15,439,0.8069852941176471,0.8069852941176471,late,,0.9506331993489,89,6-8yr,frog_where_are_you,543
ECSC_1030_3_89F_1030_YR3,16,452,0.8308823529411765,0.8308823529411765,late,,0.66481952491052,89,6-8yr,frog_where_are_you,543
ECSC_1030_3_89F_1030_YR3,17,464,0.8529411764705882,0.8529411764705882,late,,0.792131677354849,89,6-8yr,frog_where_are_you,543
ECSC_1030_3_89F_1030_YR3,18,476,0.875,0.875,late,,2.036214629887514,89,6-8yr,frog_where_are_you,543
ECSC_1030_3_89F_1030_YR3,19,489,0.8988970588235294,0.8988970588235294,late,,1.3675757432026003,89,6-8yr,frog_where_are_you,543
ECSC_1054_1_89F_1054_YR1,0,256,0.6109785202863962,0.6109785202863962,mid,,6.5071880754075035,89,6-8yr,one_frog_too_many,418
ECSC_1054_1_89F_1054_YR1,1,262,0.6252983293556086,0.6252983293556086,mid,,9.98799319942562,89,6-8yr,one_frog_too_many,418
ECSC_1054_1_89F_1054_YR1,2,268,0.639618138424821,0.639618138424821,mid,,7.159001516324665,89,6-8yr,one_frog_too_many,418
ECSC_1054_1_89F_1054_YR1,3,275,0.6563245823389021,0.6563245823389021,mid,,7.11246856544334,89,6-8yr,one_frog_too_many,418
ECSC_1054_1_89F_1054_YR1,4,281,0.6706443914081146,0.6706443914081146,late,,25.752882215157836,89,6-8yr,one_frog_too_many,418
ECSC_1054_1_89F_1054_YR1,5,287,0.684964200477327,0.684964200477327,late,,20.90711840990212,89,6-8yr,one_frog_too_many,418
ECSC_1054_1_89F_1054_YR1,6,294,0.7016706443914081,0.7016706443914081,late,,11.01129958811281,89,6-8yr,one_frog_too_many,418
ECSC_1054_1_89F_1054_YR1,7,300,0.7159904534606205,0.7159904534606205,late,,10.779370644335147,89,6-8yr,one_frog_too_many,418
ECSC_1054_1_89F_1054_YR1,8,306,0.7303102625298329,0.7303102625298329,late,,9.357967600779624,89,6-8yr,one_frog_too_many,418
ECSC_1054_1_89F_1054_YR1,9,313,0.747016706443914,0.747016706443914,late,,17.1103911551781,89,6-8yr,one_frog_too_many,418
ECSC_1054_1_89F_1054_YR1,10,319,0.7613365155131265,0.7613365155131265,late,,6.913886786973544,89,6-8yr,one_frog_too_many,418
ECSC_1054_1_89F_1054_YR1,11,326,0.7780429594272077,0.7780429594272077,late,,3.466238388133725,89,6-8yr,one_frog_too_many,418
ECSC_1054_1_89F_1054_YR1,12,332,0.7923627684964201,0.7923627684964201,late,,4.516472959705068,89,6-8yr,one_frog_too_many,418
ECSC_1054_1_89F_1054_YR1,13,338,0.8066825775656324,0.8066825775656324,late,,4.563417373089312,89,6-8yr,one_frog_too_many,418
ECSC_1054_1_89F_1054_YR1,14,345,0.8233890214797136,0.8233890214797136,late,,4.200033807613618,89,6-8yr,one_frog_too_many,418
ECSC_1054_1_89F_1054_YR1,15,351,0.837708830548926,0.837708830548926,late,,1.446084494005362,89,6-8yr,one_frog_too_many,418
ECSC_1054_1_89F_1054_YR1,16,357,0.8520286396181385,0.8520286396181385,late,,0.937733658398452,89,6-8yr,one_frog_too_many,418
ECSC_1054_1_89F_1054_YR1,17,364,0.8687350835322196,0.8687350835322196,late,,1.0841832358653134,89,6-8yr,one_frog_too_many,418
ECSC_1054_1_89F_1054_YR1,18,370,0.883054892601432,0.883054892601432,late,,1.3496927715456648,89,6-8yr,one_frog_too_many,418
ECSC_1054_1_89F_1054_YR1,19,377,0.8997613365155132,0.8997613365155132,late,,2.0825351947191786,89,6-8yr,one_frog_too_many,418
ECSC_1054_2_89F_1054_YR2,0,256,0.534446764091858,0.534446764091858,mid,,5.36691399016747,89,6-8yr,frog_on_his_own,478
ECSC_1054_2_89F_1054_YR2,1,265,0.5532359081419624,0.5532359081419624,mid,,3.516397593817264,89,6-8yr,frog_on_his_own,478
ECSC_1054_2_89F_1054_YR2,2,274,0.5720250521920668,0.5720250521920668,mid,,6.336821827450654,89,6-8yr,frog_on_his_own,478
ECSC_1054_2_89F_1054_YR2,3,283,0.5908141962421712,0.5908141962421712,mid,,17.291994855799963,89,6-8yr,frog_on_his_own,478
ECSC_1054_2_89F_1054_YR2,4,292,0.6096033402922756,0.6096033402922756,mid,,15.931406722297629,89,6-8yr,frog_on_his_own,478
ECSC_1054_2_89F_1054_YR2,5,302,0.6304801670146137,0.6304801670146137,mid,,11.667869542771069,89,6-8yr,frog_on_his_own,478
ECSC_1054_2_89F_1054_YR2,6,311,0.6492693110647182,0.6492693110647182,mid,,12.08644749108089,89,6-8yr,frog_on_his_own,478
ECSC_1054_2_89F_1054_YR2,7,320,0.6680584551148225,0.6680584551148225,late,,5.23425769215172,89,6-8yr,frog_on_his_own,478
ECSC_1054_2_89F_1054_YR2,8,329,0.6868475991649269,0.6868475991649269,late,,6.726439912091653,89,6-8yr,frog_on_his_own,478
ECSC_1054_2_89F_1054_YR2,9,338,0.7056367432150313,0.7056367432150313,late,,4.080422902532499,89,6-8yr,frog_on_his_own,478
ECSC_1054_2_89F_1054_YR2,10,348,0.7265135699373695,0.7265135699373695,late,,2.67026270189581,89,6-8yr,frog_on_his_own,478
ECSC_1054_2_89F_1054_YR2,11,357,0.7453027139874739,0.7453027139874739,late,,2.260457876547002,89,6-8yr,frog_on_his_own,478
ECSC_1054_2_89F_1054_YR2,12,366,0.7640918580375783,0.7640918580375783,late,,1.798668751291561,89,6-8yr,frog_on_his_own,478
ECSC_1054_2_89F_1054_YR2,13,375,0.7828810020876826,0.7828810020876826,late,,2.7566715250489047,89,6-8yr,frog_on_his_own,478
ECSC_1054_2_89F_1054_YR2,14,384,0.8016701461377871,0.8016701461377871,late,,3.6111454775523377,89,6-8yr,frog_on_his_own,478
ECSC_1054_2_89F_1054_YR2,15,394,0.8225469728601252,0.8225469728601252,late,,2.519930768865823,89,6-8yr,frog_on_his_own,478
ECSC_1054_2_89F_1054_YR2,16,403,0.8413361169102297,0.8413361169102297,late,,3.537268799291148,89,6-8yr,frog_on_his_own,478
ECSC_1054_2_89F_1054_YR2,17,412,0.860125260960334,0.860125260960334,late,,2.1330481493590483,89,6-8yr,frog_on_his_own,478
ECSC_1054_2_89F_1054_YR2,18,421,0.8789144050104384,0.8789144050104384,late,,-0.4851721008821279,89,6-8yr,frog_on_his_own,478
ECSC_1054_2_89F_1054_YR2,19,431,0.8997912317327766,0.8997912317327766,late,,1.0972162492339432,89,6-8yr,frog_on_his_own,478
ECSC_1054_3_89F_1054_YR3,0,256,0.5739910313901345,0.5739910313901345,mid,,8.489378121164366,89,6-8yr,one_frog_too_many,445
ECSC_1054_3_89F_1054_YR3,1,263,0.5896860986547086,0.5896860986547086,mid,,6.116598508342606,89,6-8yr,one_frog_too_many,445
ECSC_1054_3_89F_1054_YR3,2,271,0.6076233183856502,0.6076233183856502,mid,,4.997843098011519,89,6-8yr,one_frog_too_many,445
ECSC_1054_3_89F_1054_YR3,3,278,0.6233183856502242,0.6233183856502242,mid,,4.107718981304248,89,6-8yr,one_frog_too_many,445
ECSC_1054_3_89F_1054_YR3,4,286,0.6412556053811659,0.6412556053811659,mid,,1.9785746544471268,89,6-8yr,one_frog_too_many,445
ECSC_1054_3_89F_1054_YR3,5,294,0.6591928251121076,0.6591928251121076,late,,1.8318201855103209,89,6-8yr,one_frog_too_many,445
ECSC_1054_3_89F_1054_YR3,6,301,0.6748878923766816,0.6748878923766816,late,,2.5530154069384228,89,6-8yr,one_frog_too_many,445
ECSC_1054_3_89F_1054_YR3,7,309,0.6928251121076233,0.6928251121076233,late,,6.459223928256867,89,6-8yr,one_frog_too_many,445
ECSC_1054_3_89F_1054_YR3,8,317,0.7107623318385651,0.7107623318385651,late,,2.884708496688744,89,6-8yr,one_frog_too_many,445
ECSC_1054_3_89F_1054_YR3,9,324,0.726457399103139,0.726457399103139,late,,5.447594952600276,89,6-8yr,one_frog_too_many,445
ECSC_1054_3_89F_1054_YR3,10,332,0.7443946188340808,0.7443946188340808,late,,4.25867286096198,89,6-8yr,one_frog_too_many,445
ECSC_1054_3_89F_1054_YR3,11,339,0.7600896860986547,0.7600896860986547,late,,4.183121107149145,89,6-8yr,one_frog_too_many,445
ECSC_1054_3_89F_1054_YR3,12,347,0.7780269058295964,0.7780269058295964,late,,4.486685825858761,89,6-8yr,one_frog_too_many,445
ECSC_1054_3_89F_1054_YR3,13,355,0.7959641255605381,0.7959641255605381,late,,6.45500822265148,89,6-8yr,one_frog_too_many,445
ECSC_1054_3_89F_1054_YR3,14,362,0.8116591928251121,0.8116591928251121,late,,5.397135149679529,89,6-8yr,one_frog_too_many,445
ECSC_1054_3_89F_1054_YR3,15,370,0.8295964125560538,0.8295964125560538,late,,3.216137811424611,89,6-8yr,one_frog_too_many,445
ECSC_1054_3_89F_1054_YR3,16,378,0.8475336322869955,0.8475336322869955,late,,2.537716146739104,89,6-8yr,one_frog_too_many,445
ECSC_1054_3_89F_1054_YR3,17,385,0.8632286995515696,0.8632286995515696,late,,1.0377048240786984,89,6-8yr,one_frog_too_many,445
ECSC_1054_3_89F_1054_YR3,18,393,0.8811659192825112,0.8811659192825112,late,,1.3741263911359285,89,6-8yr,one_frog_too_many,445
ECSC_1054_3_89F_1054_YR3,19,401,0.899103139013453,0.899103139013453,late,,2.7421472489560177,89,6-8yr,one_frog_too_many,445
ECSC_1026_1_89M_1026_YR1,0,256,0.7170868347338936,0.7170868347338936,late,,3.9140400546746648,89,6-8yr,boy_dog_frog,356
ECSC_1026_1_89M_1026_YR1,1,259,0.7254901960784313,0.7254901960784313,late,,3.398608727525854,89,6-8yr,boy_dog_frog,356
ECSC_1026_1_89M_1026_YR1,2,262,0.7338935574229691,0.7338935574229691,late,,3.920736765877877,89,6-8yr,boy_dog_frog,356
ECSC_1026_1_89M_1026_YR1,3,265,0.742296918767507,0.742296918767507,late,,4.345511473491696,89,6-8yr,boy_dog_frog,356
ECSC_1026_1_89M_1026_YR1,4,268,0.7507002801120448,0.7507002801120448,late,,3.4759558389529026,89,6-8yr,boy_dog_frog,356
ECSC_1026_1_89M_1026_YR1,5,272,0.7619047619047619,0.7619047619047619,late,,3.1882042573506046,89,6-8yr,boy_dog_frog,356
ECSC_1026_1_89M_1026_YR1,6,275,0.7703081232492998,0.7703081232492998,late,,2.987092929731885,89,6-8yr,boy_dog_frog,356
ECSC_1026_1_89M_1026_YR1,7,278,0.7787114845938375,0.7787114845938375,late,,3.547729163562458,89,6-8yr,boy_dog_frog,356
ECSC_1026_1_89M_1026_YR1,8,281,0.7871148459383753,0.7871148459383753,late,,2.6001798421548026,89,6-8yr,boy_dog_frog,356
ECSC_1026_1_89M_1026_YR1,9,284,0.7955182072829131,0.7955182072829131,late,,3.127918626484872,89,6-8yr,boy_dog_frog,356
ECSC_1026_1_89M_1026_YR1,10,288,0.8067226890756303,0.8067226890756303,late,,4.4406656606873725,89,6-8yr,boy_dog_frog,356
ECSC_1026_1_89M_1026_YR1,11,291,0.8151260504201681,0.8151260504201681,late,,4.9821795402170475,89,6-8yr,boy_dog_frog,356
ECSC_1026_1_89M_1026_YR1,12,294,0.8235294117647058,0.8235294117647058,late,,4.6166026605273345,89,6-8yr,boy_dog_frog,356
ECSC_1026_1_89M_1026_YR1,13,297,0.8319327731092437,0.8319327731092437,late,,4.812865563942471,89,6-8yr,boy_dog_frog,356
ECSC_1026_1_89M_1026_YR1,14,300,0.8403361344537815,0.8403361344537815,late,,4.859998690267395,89,6-8yr,boy_dog_frog,356
ECSC_1026_1_89M_1026_YR1,15,304,0.8515406162464986,0.8515406162464986,late,,4.119538195668527,89,6-8yr,boy_dog_frog,356
ECSC_1026_1_89M_1026_YR1,16,307,0.8599439775910365,0.8599439775910365,late,,2.148155947150321,89,6-8yr,boy_dog_frog,356
ECSC_1026_1_89M_1026_YR1,17,310,0.8683473389355743,0.8683473389355743,late,,2.332750562106412,89,6-8yr,boy_dog_frog,356
ECSC_1026_1_89M_1026_YR1,18,313,0.876750700280112,0.876750700280112,late,,2.7506443466629875,89,6-8yr,boy_dog_frog,356
ECSC_1026_1_89M_1026_YR1,19,317,0.8879551820728291,0.8879551820728291,late,,2.406757151251764,89,6-8yr,boy_dog_frog,356
ECSC_1026_2_89M_1026_YR2,0,256,0.5688888888888889,0.5688888888888889,mid,,3.995587818531863,89,6-8yr,frog_where_are_you,449
ECSC_1026_2_89M_1026_YR2,1,263,0.5844444444444444,0.5844444444444444,mid,,5.703231552327596,89,6-8yr,frog_where_are_you,449
ECSC_1026_2_89M_1026_YR2,2,271,0.6022222222222222,0.6022222222222222,mid,,8.009372290201533,89,6-8yr,frog_where_are_you,449
ECSC_1026_2_89M_1026_YR2,3,279,0.62,0.62,mid,,10.397098480809792,89,6-8yr,frog_where_are_you,449
ECSC_1026_2_89M_1026_YR2,4,287,0.6377777777777778,0.6377777777777778,mid,,15.695957179703909,89,6-8yr,frog_where_are_you,449
ECSC_1026_2_89M_1026_YR2,5,295,0.6555555555555556,0.6555555555555556,mid,,25.940308340811775,89,6-8yr,frog_where_are_you,449
ECSC_1026_2_89M_1026_YR2,6,303,0.6733333333333333,0.6733333333333333,late,,8.819959078933476,89,6-8yr,frog_where_are_you,449
ECSC_1026_2_89M_1026_YR2,7,310,0.6888888888888889,0.6888888888888889,late,,8.113668867795761,89,6-8yr,frog_where_are_you,449
ECSC_1026_2_89M_1026_YR2,8,318,0.7066666666666667,0.7066666666666667,late,,7.832951636903337,89,6-8yr,frog_where_are_you,449
ECSC_1026_2_89M_1026_YR2,9,326,0.7244444444444444,0.7244444444444444,late,,5.600711426861469,89,6-8yr,frog_where_are_you,449
ECSC_1026_2_89M_1026_YR2,10,334,0.7422222222222222,0.7422222222222222,late,,4.476697474161904,89,6-8yr,frog_where_are_you,449
ECSC_1026_2_89M_1026_YR2,11,342,0.76,0.76,late,,3.0757350106199155,89,6-8yr,frog_where_are_you,449
ECSC_1026_2_89M_1026_YR2,12,350,0.7777777777777778,0.7777777777777778,late,,3.7210149489974,89,6-8yr,frog_where_are_you,449
ECSC_1026_2_89M_1026_YR2,13,357,0.7933333333333333,0.7933333333333333,late,,4.775477544155951,89,6-8yr,frog_where_are_you,449
ECSC_1026_2_89M_1026_YR2,14,365,0.8111111111111111,0.8111111111111111,late,,6.969037041674147,89,6-8yr,frog_where_are_you,449
ECSC_1026_2_89M_1026_YR2,15,373,0.8288888888888889,0.8288888888888889,late,,7.44845731853542,89,6-8yr,frog_where_are_you,449
ECSC_1026_2_89M_1026_YR2,16,381,0.8466666666666667,0.8466666666666667,late,,10.30449681822747,89,6-8yr,frog_where_are_you,449
ECSC_1026_2_89M_1026_YR2,17,389,0.8644444444444445,0.8644444444444445,late,,11.666360901781411,89,6-8yr,frog_where_are_you,449
ECSC_1026_2_89M_1026_YR2,18,397,0.8822222222222222,0.8822222222222222,late,,10.522875232049696,89,6-8yr,frog_where_are_you,449
ECSC_1026_2_89M_1026_YR2,19,405,0.9,0.9,late,,12.002250659823046,89,6-8yr,frog_where_are_you,449
ECSC_1026_3_89M_1026_YR3,0,256,0.5601750547045952,0.5601750547045952,mid,,3.8099752729214256,89,6-8yr,frog_on_his_own,456
ECSC_1026_3_89M_1026_YR3,1,264,0.5776805251641138,0.5776805251641138,mid,,3.882230090603943,89,6-8yr,frog_on_his_own,456
ECSC_1026_3_89M_1026_YR3,2,272,0.5951859956236324,0.5951859956236324,mid,,4.476991322667609,89,6-8yr,frog_on_his_own,456
ECSC_1026_3_89M_1026_YR3,3,280,0.612691466083151,0.612691466083151,mid,,4.086418156188855,89,6-8yr,frog_on_his_own,456
ECSC_1026_3_89M_1026_YR3,4,288,0.6301969365426696,0.6301969365426696,mid,,2.7843829596539926,89,6-8yr,frog_on_his_own,456
ECSC_1026_3_89M_1026_YR3,5,296,0.6477024070021882,0.6477024070021882,mid,,2.521475430706023,89,6-8yr,frog_on_his_own,456
ECSC_1026_3_89M_1026_YR3,6,304,0.6652078774617067,0.6652078774617067,late,,3.0818062555829338,89,6-8yr,frog_on_his_own,456
ECSC_1026_3_89M_1026_YR3,7,313,0.6849015317286652,0.6849015317286652,late,,2.5159156099421747,89,6-8yr,frog_on_his_own,456
ECSC_1026_3_89M_1026_YR3,8,321,0.7024070021881839,0.7024070021881839,late,,7.30088756981432,89,6-8yr,frog_on_his_own,456
ECSC_1026_3_89M_1026_YR3,9,329,0.7199124726477024,0.7199124726477024,late,,4.23914166360143,89,6-8yr,frog_on_his_own,456
ECSC_1026_3_89M_1026_YR3,10,337,0.737417943107221,0.737417943107221,late,,5.035347351611349,89,6-8yr,frog_on_his_own,456
ECSC_1026_3_89M_1026_YR3,11,345,0.7549234135667396,0.7549234135667396,late,,3.212688786193217,89,6-8yr,frog_on_his_own,456
ECSC_1026_3_89M_1026_YR3,12,353,0.7724288840262582,0.7724288840262582,late,,3.2594723162793375,89,6-8yr,frog_on_his_own,456
ECSC_1026_3_89M_1026_YR3,13,362,0.7921225382932167,0.7921225382932167,late,,2.875340795734953,89,6-8yr,frog_on_his_own,456
ECSC_1026_3_89M_1026_YR3,14,370,0.8096280087527352,0.8096280087527352,late,,4.128901671358067,89,6-8yr,frog_on_his_own,456
ECSC_1026_3_89M_1026_YR3,15,378,0.8271334792122538,0.8271334792122538,late,,3.8032911900954183,89,6-8yr,frog_on_his_own,456
ECSC_1026_3_89M_1026_YR3,16,386,0.8446389496717724,0.8446389496717724,late,,2.9926129482611135,89,6-8yr,frog_on_his_own,456
ECSC_1026_3_89M_1026_YR3,17,394,0.862144420131291,0.862144420131291,late,,4.679562493061933,89,6-8yr,frog_on_his_own,456
ECSC_1026_3_89M_1026_YR3,18,402,0.8796498905908097,0.8796498905908097,late,,7.425775797059995,89,6-8yr,frog_on_his_own,456
ECSC_1026_3_89M_1026_YR3,19,411,0.899343544857768,0.899343544857768,late,,7.85422804454122,89,6-8yr,frog_on_his_own,456
ECSC_1031_1_90F_1031_YR1,0,256,0.8205128205128205,0.8205128205128205,late,,2.435230703316857,90,6-8yr,one_frog_too_many,311
ECSC_1031_1_90F_1031_YR1,1,256,0.8205128205128205,0.8205128205128205,late,,2.435230703316857,90,6-8yr,one_frog_too_many,311
ECSC_1031_1_90F_1031_YR1,2,257,0.8237179487179487,0.8237179487179487,late,,2.270171604222826,90,6-8yr,one_frog_too_many,311
ECSC_1031_1_90F_1031_YR1,3,258,0.8269230769230769,0.8269230769230769,late,,2.2675877935543243,90,6-8yr,one_frog_too_many,311
ECSC_1031_1_90F_1031_YR1,4,259,0.8301282051282052,0.8301282051282052,late,,2.2645299893120807,90,6-8yr,one_frog_too_many,311
ECSC_1031_1_90F_1031_YR1,5,260,0.8333333333333334,0.8333333333333334,late,,1.6263922971623304,90,6-8yr,one_frog_too_many,311
ECSC_1031_1_90F_1031_YR1,6,261,0.8365384615384616,0.8365384615384616,late,,1.862716069610288,90,6-8yr,one_frog_too_many,311
ECSC_1031_1_90F_1031_YR1,7,261,0.8365384615384616,0.8365384615384616,late,,1.862716069610288,90,6-8yr,one_frog_too_many,311
ECSC_1031_1_90F_1031_YR1,8,262,0.8397435897435898,0.8397435897435898,late,,1.3872845202228152,90,6-8yr,one_frog_too_many,311
ECSC_1031_1_90F_1031_YR1,9,263,0.842948717948718,0.842948717948718,late,,1.2998770711049517,90,6-8yr,one_frog_too_many,311
ECSC_1031_1_90F_1031_YR1,10,264,0.8461538461538461,0.8461538461538461,late,,1.5086002640736478,90,6-8yr,one_frog_too_many,311
ECSC_1031_1_90F_1031_YR1,11,265,0.8493589743589743,0.8493589743589743,late,,1.678119495603598,90,6-8yr,one_frog_too_many,311
ECSC_1031_1_90F_1031_YR1,12,266,0.8525641025641025,0.8525641025641025,late,,1.7037344359370925,90,6-8yr,one_frog_too_many,311
ECSC_1031_1_90F_1031_YR1,13,266,0.8525641025641025,0.8525641025641025,late,,1.7037344359370925,90,6-8yr,one_frog_too_many,311
ECSC_1031_1_90F_1031_YR1,14,267,0.8557692307692307,0.8557692307692307,late,,1.447950269359227,90,6-8yr,one_frog_too_many,311
ECSC_1031_1_90F_1031_YR1,15,268,0.8589743589743589,0.8589743589743589,late,,1.0832580212400256,90,6-8yr,one_frog_too_many,311
ECSC_1031_1_90F_1031_YR1,16,269,0.8621794871794872,0.8621794871794872,late,,1.0547315998532705,90,6-8yr,one_frog_too_many,311
ECSC_1031_1_90F_1031_YR1,17,270,0.8653846153846154,0.8653846153846154,late,,0.5213605507087244,90,6-8yr,one_frog_too_many,311
ECSC_1031_1_90F_1031_YR1,18,271,0.8685897435897436,0.8685897435897436,late,,0.3651301986551054,90,6-8yr,one_frog_too_many,311
ECSC_1031_1_90F_1031_YR1,19,272,0.8717948717948718,0.8717948717948718,late,,0.393403886998227,90,6-8yr,one_frog_too_many,311
ECSC_1031_2_90F_1031_YR2,0,256,0.6124401913875598,0.6124401913875598,mid,,5.690549936102255,90,6-8yr,frog_where_are_you,417
ECSC_1031_2_90F_1031_YR2,1,262,0.6267942583732058,0.6267942583732058,mid,,7.555392972878277,90,6-8yr,frog_where_are_you,417
ECSC_1031_2_90F_1031_YR2,2,268,0.6411483253588517,0.6411483253588517,mid,,12.907242604545688,90,6-8yr,frog_where_are_you,417
ECSC_1031_2_90F_1031_YR2,3,274,0.6555023923444976,0.6555023923444976,mid,,13.099239935412784,90,6-8yr,frog_where_are_you,417
ECSC_1031_2_90F_1031_YR2,4,281,0.6722488038277512,0.6722488038277512,late,,9.187168010109296,90,6-8yr,frog_where_are_you,417
ECSC_1031_2_90F_1031_YR2,5,287,0.6866028708133971,0.6866028708133971,late,,12.197490155901278,90,6-8yr,frog_where_are_you,417
ECSC_1031_2_90F_1031_YR2,6,293,0.7009569377990431,0.7009569377990431,late,,7.330852451862659,90,6-8yr,frog_where_are_you,417
ECSC_1031_2_90F_1031_YR2,7,300,0.7177033492822966,0.7177033492822966,late,,5.6104682492819755,90,6-8yr,frog_where_are_you,417
ECSC_1031_2_90F_1031_YR2,8,306,0.7320574162679426,0.7320574162679426,late,,5.281280943645012,90,6-8yr,frog_where_are_you,417
ECSC_1031_2_90F_1031_YR2,9,312,0.7464114832535885,0.7464114832535885,late,,3.7827845870406738,90,6-8yr,frog_where_are_you,417
ECSC_1031_2_90F_1031_YR2,10,319,0.7631578947368421,0.7631578947368421,late,,5.083784643848674,90,6-8yr,frog_where_are_you,417
ECSC_1031_2_90F_1031_YR2,11,325,0.777511961722488,0.777511961722488,late,,4.324871622784357,90,6-8yr,frog_where_are_you,417
ECSC_1031_2_90F_1031_YR2,12,331,0.7918660287081339,0.7918660287081339,late,,5.1123202023010546,90,6-8yr,frog_where_are_you,417
ECSC_1031_2_90F_1031_YR2,13,338,0.8086124401913876,0.8086124401913876,late,,5.613447009528903,90,6-8yr,frog_where_are_you,417
ECSC_1031_2_90F_1031_YR2,14,344,0.8229665071770335,0.8229665071770335,late,,5.834373226552804,90,6-8yr,frog_where_are_you,417
ECSC_1031_2_90F_1031_YR2,15,350,0.8373205741626795,0.8373205741626795,late,,6.02639872475455,90,6-8yr,frog_where_are_you,417
ECSC_1031_2_90F_1031_YR2,16,357,0.854066985645933,0.854066985645933,late,,2.7277435714959353,90,6-8yr,frog_where_are_you,417
ECSC_1031_2_90F_1031_YR2,17,363,0.868421052631579,0.868421052631579,late,,4.27425118574312,90,6-8yr,frog_where_are_you,417
ECSC_1031_2_90F_1031_YR2,18,369,0.8827751196172249,0.8827751196172249,late,,3.246573557543014,90,6-8yr,frog_where_are_you,417
ECSC_1031_2_90F_1031_YR2,19,376,0.8995215311004785,0.8995215311004785,late,,0.6090836877390657,90,6-8yr,frog_where_are_you,417
ECSC_1031_3_90F_1031_YR3,0,256,0.5435244161358811,0.5435244161358811,mid,,2.8135439660669146,90,6-8yr,frog_where_are_you,470
ECSC_1031_3_90F_1031_YR3,1,264,0.5605095541401274,0.5605095541401274,mid,,-0.0707048434805681,90,6-8yr,frog_where_are_you,470
ECSC_1031_3_90F_1031_YR3,2,273,0.5796178343949044,0.5796178343949044,mid,,5.762702608943149,90,6-8yr,frog_where_are_you,470
ECSC_1031_3_90F_1031_YR3,3,282,0.5987261146496815,0.5987261146496815,mid,,14.443555339032194,90,6-8yr,frog_where_are_you,470
ECSC_1031_3_90F_1031_YR3,4,291,0.6178343949044586,0.6178343949044586,mid,,30.290589234184825,90,6-8yr,frog_where_are_you,470
ECSC_1031_3_90F_1031_YR3,5,299,0.6348195329087049,0.6348195329087049,mid,,14.842004038896668,90,6-8yr,frog_where_are_you,470
ECSC_1031_3_90F_1031_YR3,6,308,0.6539278131634819,0.6539278131634819,mid,,20.717853772950583,90,6-8yr,frog_where_are_you,470
ECSC_1031_3_90F_1031_YR3,7,317,0.673036093418259,0.673036093418259,late,,18.168077402424384,90,6-8yr,frog_where_are_you,470
ECSC_1031_3_90F_1031_YR3,8,326,0.692144373673036,0.692144373673036,late,,6.770859751803997,90,6-8yr,frog_where_are_you,470
ECSC_1031_3_90F_1031_YR3,9,335,0.7112526539278131,0.7112526539278131,late,,4.309834517321562,90,6-8yr,frog_where_are_you,470
ECSC_1031_3_90F_1031_YR3,10,343,0.7282377919320594,0.7282377919320594,late,,15.848124009719402,90,6-8yr,frog_where_are_you,470
ECSC_1031_3_90F_1031_YR3,11,352,0.7473460721868365,0.7473460721868365,late,,12.76381360685766,90,6-8yr,frog_where_are_you,470
ECSC_1031_3_90F_1031_YR3,12,361,0.7664543524416136,0.7664543524416136,late,,11.768200267744472,90,6-8yr,frog_where_are_you,470
ECSC_1031_3_90F_1031_YR3,13,370,0.7855626326963907,0.7855626326963907,late,,11.39904436971828,90,6-8yr,frog_where_are_you,470
ECSC_1031_3_90F_1031_YR3,14,379,0.8046709129511678,0.8046709129511678,late,,7.694115182902815,90,6-8yr,frog_where_are_you,470
ECSC_1031_3_90F_1031_YR3,15,387,0.821656050955414,0.821656050955414,late,,2.764676755673358,90,6-8yr,frog_where_are_you,470
ECSC_1031_3_90F_1031_YR3,16,396,0.8407643312101911,0.8407643312101911,late,,2.5870524188447757,90,6-8yr,frog_where_are_you,470
ECSC_1031_3_90F_1031_YR3,17,405,0.8598726114649682,0.8598726114649682,late,,0.3503923434367966,90,6-8yr,frog_where_are_you,470
ECSC_1031_3_90F_1031_YR3,18,414,0.8789808917197452,0.8789808917197452,late,,0.6467431814915372,90,6-8yr,frog_where_are_you,470
ECSC_1031_3_90F_1031_YR3,19,423,0.8980891719745223,0.8980891719745223,late,,2.02855688002281,90,6-8yr,frog_where_are_you,470
ECSC_1044_1_90F_1044_YR1,0,256,0.3683453237410072,0.3683453237410072,early,,4.160055186722042,90,6-8yr,frog_where_are_you,694
ECSC_1044_1_90F_1044_YR1,1,275,0.39568345323741,0.39568345323741,early,,4.4492772763160175,90,6-8yr,frog_where_are_you,694
ECSC_1044_1_90F_1044_YR1,2,294,0.4230215827338129,0.4230215827338129,mid,,6.8551059590914,90,6-8yr,frog_where_are_you,694
ECSC_1044_1_90F_1044_YR1,3,314,0.4517985611510791,0.4517985611510791,mid,,15.150380037058932,90,6-8yr,frog_where_are_you,694
ECSC_1044_1_90F_1044_YR1,4,333,0.479136690647482,0.479136690647482,mid,,7.856171139635748,90,6-8yr,frog_where_are_you,694
ECSC_1044_1_90F_1044_YR1,5,353,0.5079136690647482,0.5079136690647482,mid,,12.15660225362135,90,6-8yr,frog_where_are_you,694
ECSC_1044_1_90F_1044_YR1,6,372,0.5352517985611511,0.5352517985611511,mid,,5.840034473914152,90,6-8yr,frog_where_are_you,694
ECSC_1044_1_90F_1044_YR1,7,391,0.5625899280575539,0.5625899280575539,mid,,7.525401476837192,90,6-8yr,frog_where_are_you,694
ECSC_1044_1_90F_1044_YR1,8,411,0.5913669064748202,0.5913669064748202,mid,,4.497634650133236,90,6-8yr,frog_where_are_you,694
ECSC_1044_1_90F_1044_YR1,9,430,0.6187050359712231,0.6187050359712231,mid,,1.2039197939827542,90,6-8yr,frog_where_are_you,694
ECSC_1044_1_90F_1044_YR1,10,450,0.6474820143884892,0.6474820143884892,mid,,5.718158684208699,90,6-8yr,frog_where_are_you,694
ECSC_1044_1_90F_1044_YR1,11,469,0.6748201438848921,0.6748201438848921,late,,8.729164127090808,90,6-8yr,frog_where_are_you,694
ECSC_1044_1_90F_1044_YR1,12,489,0.7035971223021583,0.7035971223021583,late,,3.411478964612016,90,6-8yr,frog_where_are_you,694
ECSC_1044_1_90F_1044_YR1,13,508,0.7309352517985611,0.7309352517985611,late,,4.479681275134876,90,6-8yr,frog_where_are_you,694
ECSC_1044_1_90F_1044_YR1,14,527,0.758273381294964,0.758273381294964,late,,33.42685450857637,90,6-8yr,frog_where_are_you,694
ECSC_1044_1_90F_1044_YR1,15,547,0.7870503597122303,0.7870503597122303,late,45.210392119031184,42.677717824135186,90,6-8yr,frog_where_are_you,694
ECSC_1044_1_90F_1044_YR1,16,566,0.814388489208633,0.814388489208633,late,,14.005425858002294,90,6-8yr,frog_where_are_you,694
ECSC_1044_1_90F_1044_YR1,17,586,0.8431654676258993,0.8431654676258993,late,,26.965779268681235,90,6-8yr,frog_where_are_you,694
ECSC_1044_1_90F_1044_YR1,18,605,0.8705035971223022,0.8705035971223022,late,,11.664590711879974,90,6-8yr,frog_where_are_you,694
ECSC_1044_1_90F_1044_YR1,19,625,0.8992805755395683,0.8992805755395683,late,18.15947618412849,14.44407985016976,90,6-8yr,frog_where_are_you,694
ECSC_1044_2_90F_1044_YR2,0,256,0.3144963144963145,0.3144963144963145,early,,-0.1448908169840557,90,6-8yr,frog_where_are_you,813
ECSC_1044_2_90F_1044_YR2,1,281,0.3452088452088452,0.3452088452088452,early,,5.865425613293095,90,6-8yr,frog_where_are_you,813
ECSC_1044_2_90F_1044_YR2,2,306,0.3759213759213759,0.3759213759213759,early,,1.4938745454393525,90,6-8yr,frog_where_are_you,813
ECSC_1044_2_90F_1044_YR2,3,331,0.4066339066339066,0.4066339066339066,early,,1.3039967483877248,90,6-8yr,frog_where_are_you,813
ECSC_1044_2_90F_1044_YR2,4,356,0.4373464373464373,0.4373464373464373,mid,,5.790861118575105,90,6-8yr,frog_where_are_you,813
ECSC_1044_2_90F_1044_YR2,5,381,0.4680589680589681,0.4680589680589681,mid,,2.0891883693963287,90,6-8yr,frog_where_are_you,813
ECSC_1044_2_90F_1044_YR2,6,406,0.4987714987714988,0.4987714987714988,mid,,10.03629476782967,90,6-8yr,frog_where_are_you,813
ECSC_1044_2_90F_1044_YR2,7,431,0.5294840294840295,0.5294840294840295,mid,,4.342161943022509,90,6-8yr,frog_where_are_you,813
ECSC_1044_2_90F_1044_YR2,8,456,0.5601965601965602,0.5601965601965602,mid,,8.3009781496588,90,6-8yr,frog_where_are_you,813
ECSC_1044_2_90F_1044_YR2,9,481,0.5909090909090909,0.5909090909090909,mid,,13.62391088520253,90,6-8yr,frog_where_are_you,813
ECSC_1044_2_90F_1044_YR2,10,506,0.6216216216216216,0.6216216216216216,mid,,3.856658230578432,90,6-8yr,frog_where_are_you,813
ECSC_1044_2_90F_1044_YR2,11,531,0.6523341523341524,0.6523341523341524,mid,,0.145772772484694,90,6-8yr,frog_where_are_you,813
ECSC_1044_2_90F_1044_YR2,12,556,0.683046683046683,0.683046683046683,late,,2.3786223954695096,90,6-8yr,frog_where_are_you,813
ECSC_1044_2_90F_1044_YR2,13,581,0.7137592137592138,0.7137592137592138,late,2.675576686577923,2.4238633584418103,90,6-8yr,frog_where_are_you,813
ECSC_1044_2_90F_1044_YR2,14,606,0.7444717444717445,0.7444717444717445,late,,6.00266083684831,90,6-8yr,frog_where_are_you,813
ECSC_1044_2_90F_1044_YR2,15,631,0.7751842751842751,0.7751842751842751,late,,2.0669181774812486,90,6-8yr,frog_where_are_you,813
ECSC_1044_2_90F_1044_YR2,16,656,0.8058968058968059,0.8058968058968059,late,,3.7522366780403207,90,6-8yr,frog_where_are_you,813
ECSC_1044_2_90F_1044_YR2,17,681,0.8366093366093366,0.8366093366093366,late,,9.939009978744558,90,6-8yr,frog_where_are_you,813
ECSC_1044_2_90F_1044_YR2,18,706,0.8673218673218673,0.8673218673218673,late,,2.5256374512673307,90,6-8yr,frog_where_are_you,813
ECSC_1044_2_90F_1044_YR2,19,732,0.8992628992628993,0.8992628992628993,late,4.778011417766951,4.845347476266642,90,6-8yr,frog_where_are_you,813
ECSC_1060_2_90M_1060_YR2,0,256,0.3781388478581979,0.3781388478581979,early,,6.489901508615768,90,6-8yr,frog_on_his_own,676
ECSC_1060_2_90M_1060_YR2,1,274,0.4047267355982274,0.4047267355982274,early,,9.957100568492889,90,6-8yr,frog_on_his_own,676
ECSC_1060_2_90M_1060_YR2,2,293,0.4327917282127031,0.4327917282127031,mid,,4.315296681563652,90,6-8yr,frog_on_his_own,676
ECSC_1060_2_90M_1060_YR2,3,311,0.4593796159527326,0.4593796159527326,mid,,4.540076438842185,90,6-8yr,frog_on_his_own,676
ECSC_1060_2_90M_1060_YR2,4,330,0.4874446085672083,0.4874446085672083,mid,,6.09853435191017,90,6-8yr,frog_on_his_own,676
ECSC_1060_2_90M_1060_YR2,5,348,0.5140324963072378,0.5140324963072378,mid,,2.7983461353337704,90,6-8yr,frog_on_his_own,676
ECSC_1060_2_90M_1060_YR2,6,367,0.5420974889217134,0.5420974889217134,mid,,1.1037584449408469,90,6-8yr,frog_on_his_own,676
ECSC_1060_2_90M_1060_YR2,7,386,0.5701624815361891,0.5701624815361891,mid,,2.2839332604181433,90,6-8yr,frog_on_his_own,676
ECSC_1060_2_90M_1060_YR2,8,404,0.5967503692762186,0.5967503692762186,mid,,3.548466634803166,90,6-8yr,frog_on_his_own,676
ECSC_1060_2_90M_1060_YR2,9,423,0.6248153618906942,0.6248153618906942,mid,,2.735285895340742,90,6-8yr,frog_on_his_own,676
ECSC_1060_2_90M_1060_YR2,10,441,0.6514032496307238,0.6514032496307238,mid,,3.4822589584924257,90,6-8yr,frog_on_his_own,676
ECSC_1060_2_90M_1060_YR2,11,460,0.6794682422451994,0.6794682422451994,late,,2.3562421752833966,90,6-8yr,frog_on_his_own,676
ECSC_1060_2_90M_1060_YR2,12,478,0.7060561299852289,0.7060561299852289,late,,4.4636115278921,90,6-8yr,frog_on_his_own,676
ECSC_1060_2_90M_1060_YR2,13,497,0.7341211225997046,0.7341211225997046,late,,4.2404368961301095,90,6-8yr,frog_on_his_own,676
ECSC_1060_2_90M_1060_YR2,14,516,0.7621861152141802,0.7621861152141802,late,,5.386818883819609,90,6-8yr,frog_on_his_own,676
ECSC_1060_2_90M_1060_YR2,15,534,0.7887740029542097,0.7887740029542097,late,,11.525692727150368,90,6-8yr,frog_on_his_own,676
ECSC_1060_2_90M_1060_YR2,16,553,0.8168389955686853,0.8168389955686853,late,,10.579851120734602,90,6-8yr,frog_on_his_own,676
ECSC_1060_2_90M_1060_YR2,17,571,0.843426883308715,0.843426883308715,late,,18.863380931889846,90,6-8yr,frog_on_his_own,676
ECSC_1060_2_90M_1060_YR2,18,590,0.8714918759231906,0.8714918759231906,late,,8.440323052179892,90,6-8yr,frog_on_his_own,676
ECSC_1060_2_90M_1060_YR2,19,609,0.8995568685376661,0.8995568685376661,late,0.6376011073957208,0.582079651691167,90,6-8yr,frog_on_his_own,676
ECSC_1060_3_90M_1060_YR3,0,256,0.4980544747081712,0.4980544747081712,mid,,8.724041388549715,90,6-8yr,frog_where_are_you,513
ECSC_1060_3_90M_1060_YR3,1,266,0.5175097276264592,0.5175097276264592,mid,,4.193373850742809,90,6-8yr,frog_where_are_you,513
ECSC_1060_3_90M_1060_YR3,2,277,0.5389105058365758,0.5389105058365758,mid,,9.58130152388416,90,6-8yr,frog_where_are_you,513
ECSC_1060_3_90M_1060_YR3,3,288,0.5603112840466926,0.5603112840466926,mid,,2.401543907267728,90,6-8yr,frog_where_are_you,513
ECSC_1060_3_90M_1060_YR3,4,299,0.5817120622568094,0.5817120622568094,mid,,1.8775925628610857,90,6-8yr,frog_where_are_you,513
ECSC_1060_3_90M_1060_YR3,5,310,0.603112840466926,0.603112840466926,mid,,3.353078289408536,90,6-8yr,frog_where_are_you,513
ECSC_1060_3_90M_1060_YR3,6,321,0.6245136186770428,0.6245136186770428,mid,,3.039142651708765,90,6-8yr,frog_where_are_you,513
ECSC_1060_3_90M_1060_YR3,7,331,0.6439688715953308,0.6439688715953308,mid,,5.397658087529205,90,6-8yr,frog_where_are_you,513
ECSC_1060_3_90M_1060_YR3,8,342,0.6653696498054474,0.6653696498054474,late,,8.082025527525108,90,6-8yr,frog_where_are_you,513
ECSC_1060_3_90M_1060_YR3,9,353,0.6867704280155642,0.6867704280155642,late,,6.696553347048155,90,6-8yr,frog_where_are_you,513
ECSC_1060_3_90M_1060_YR3,10,364,0.708171206225681,0.708171206225681,late,,7.0667640642996545,90,6-8yr,frog_where_are_you,513
ECSC_1060_3_90M_1060_YR3,11,375,0.7295719844357976,0.7295719844357976,late,,6.792281234985671,90,6-8yr,frog_where_are_you,513
ECSC_1060_3_90M_1060_YR3,12,386,0.7509727626459144,0.7509727626459144,late,,6.028185204457017,90,6-8yr,frog_where_are_you,513
ECSC_1060_3_90M_1060_YR3,13,396,0.7704280155642024,0.7704280155642024,late,,3.985514509767315,90,6-8yr,frog_where_are_you,513
ECSC_1060_3_90M_1060_YR3,14,407,0.791828793774319,0.791828793774319,late,,5.3473819786268315,90,6-8yr,frog_where_are_you,513
ECSC_1060_3_90M_1060_YR3,15,418,0.8132295719844358,0.8132295719844358,late,,11.109372924435323,90,6-8yr,frog_where_are_you,513
ECSC_1060_3_90M_1060_YR3,16,429,0.8346303501945526,0.8346303501945526,late,,2.8845172529782186,90,6-8yr,frog_where_are_you,513
ECSC_1060_3_90M_1060_YR3,17,440,0.8560311284046692,0.8560311284046692,late,,2.0984765595293045,90,6-8yr,frog_where_are_you,513
ECSC_1060_3_90M_1060_YR3,18,451,0.877431906614786,0.877431906614786,late,,13.934352950446538,90,6-8yr,frog_where_are_you,513
ECSC_1060_3_90M_1060_YR3,19,462,0.8988326848249028,0.8988326848249028,late,,18.635272459713217,90,6-8yr,frog_where_are_you,513
ECSC_1040_1_91F_1040_YR1,0,256,0.3445491251682369,0.3445491251682369,early,,3.8997073939273057,91,6-8yr,frog_where_are_you,742
ECSC_1040_1_91F_1040_YR1,1,277,0.3728129205921938,0.3728129205921938,early,,17.910431223883506,91,6-8yr,frog_where_are_you,742
ECSC_1040_1_91F_1040_YR1,2,299,0.4024226110363391,0.4024226110363391,early,,8.90074321187114,91,6-8yr,frog_where_are_you,742
ECSC_1040_1_91F_1040_YR1,3,321,0.4320323014804845,0.4320323014804845,mid,,27.34602439816137,91,6-8yr,frog_where_are_you,742
ECSC_1040_1_91F_1040_YR1,4,342,0.4602960969044414,0.4602960969044414,mid,,28.007383389596125,91,6-8yr,frog_where_are_you,742
ECSC_1040_1_91F_1040_YR1,5,364,0.4899057873485868,0.4899057873485868,mid,,11.630265914991734,91,6-8yr,frog_where_are_you,742
ECSC_1040_1_91F_1040_YR1,6,386,0.5195154777927322,0.5195154777927322,mid,,3.347782034762023,91,6-8yr,frog_where_are_you,742
ECSC_1040_1_91F_1040_YR1,7,407,0.5477792732166891,0.5477792732166891,mid,,17.033891467338904,91,6-8yr,frog_where_are_you,742
ECSC_1040_1_91F_1040_YR1,8,429,0.5773889636608345,0.5773889636608345,mid,,13.325072133184172,91,6-8yr,frog_where_are_you,742
ECSC_1040_1_91F_1040_YR1,9,451,0.6069986541049798,0.6069986541049798,mid,,16.756324251146808,91,6-8yr,frog_where_are_you,742
ECSC_1040_1_91F_1040_YR1,10,472,0.6352624495289367,0.6352624495289367,mid,,46.66064806839977,91,6-8yr,frog_where_are_you,742
ECSC_1040_1_91F_1040_YR1,11,494,0.6648721399730821,0.6648721399730821,late,,14.281897761571678,91,6-8yr,frog_where_are_you,742
ECSC_1040_1_91F_1040_YR1,12,516,0.6944818304172274,0.6944818304172274,late,,7.548412692404154,91,6-8yr,frog_where_are_you,742
ECSC_1040_1_91F_1040_YR1,13,537,0.7227456258411844,0.7227456258411844,late,,25.065106321626956,91,6-8yr,frog_where_are_you,742
ECSC_1040_1_91F_1040_YR1,14,559,0.7523553162853297,0.7523553162853297,late,,26.36595524013178,91,6-8yr,frog_where_are_you,742
ECSC_1040_1_91F_1040_YR1,15,581,0.7819650067294751,0.7819650067294751,late,,6.795833366988074,91,6-8yr,frog_where_are_you,742
ECSC_1040_1_91F_1040_YR1,16,602,0.8102288021534321,0.8102288021534321,late,7.795155515005721,6.16210630467428,91,6-8yr,frog_where_are_you,742
ECSC_1040_1_91F_1040_YR1,17,624,0.8398384925975774,0.8398384925975774,late,,2.881845292864732,91,6-8yr,frog_where_are_you,742
ECSC_1040_1_91F_1040_YR1,18,646,0.8694481830417228,0.8694481830417228,late,,2.4357636881280307,91,6-8yr,frog_where_are_you,742
ECSC_1040_1_91F_1040_YR1,19,668,0.8990578734858681,0.8990578734858681,late,0.8768831163953319,0.65663114882455,91,6-8yr,frog_where_are_you,742
ECSC_1040_2_91F_1040_YR2,0,256,0.4885496183206106,0.4885496183206106,mid,,7.932512760343997,91,6-8yr,frog_where_are_you,523
ECSC_1040_2_91F_1040_YR2,1,267,0.5095419847328244,0.5095419847328244,mid,,3.233611717852366,91,6-8yr,frog_where_are_you,523
ECSC_1040_2_91F_1040_YR2,2,278,0.5305343511450382,0.5305343511450382,mid,,2.922322443839054,91,6-8yr,frog_where_are_you,523
ECSC_1040_2_91F_1040_YR2,3,289,0.5515267175572519,0.5515267175572519,mid,,11.264692810243307,91,6-8yr,frog_where_are_you,523
ECSC_1040_2_91F_1040_YR2,4,301,0.5744274809160306,0.5744274809160306,mid,,13.005618465789423,91,6-8yr,frog_where_are_you,523
ECSC_1040_2_91F_1040_YR2,5,312,0.5954198473282443,0.5954198473282443,mid,,19.03772238833196,91,6-8yr,frog_where_are_you,523
ECSC_1040_2_91F_1040_YR2,6,323,0.6164122137404581,0.6164122137404581,mid,,8.84959385397223,91,6-8yr,frog_where_are_you,523
ECSC_1040_2_91F_1040_YR2,7,335,0.6393129770992366,0.6393129770992366,mid,,30.063431880745497,91,6-8yr,frog_where_are_you,523
ECSC_1040_2_91F_1040_YR2,8,346,0.6603053435114504,0.6603053435114504,late,,36.572104291786566,91,6-8yr,frog_where_are_you,523
ECSC_1040_2_91F_1040_YR2,9,357,0.6812977099236641,0.6812977099236641,late,,33.851970455409706,91,6-8yr,frog_where_are_you,523
ECSC_1040_2_91F_1040_YR2,10,369,0.7041984732824428,0.7041984732824428,late,,13.542178162829051,91,6-8yr,frog_where_are_you,523
ECSC_1040_2_91F_1040_YR2,11,380,0.7251908396946565,0.7251908396946565,late,,9.478491061572882,91,6-8yr,frog_where_are_you,523
ECSC_1040_2_91F_1040_YR2,12,391,0.7461832061068703,0.7461832061068703,late,,1.7890590974482947,91,6-8yr,frog_where_are_you,523
ECSC_1040_2_91F_1040_YR2,13,403,0.7690839694656488,0.7690839694656488,late,,4.549792668593646,91,6-8yr,frog_where_are_you,523
ECSC_1040_2_91F_1040_YR2,14,414,0.7900763358778626,0.7900763358778626,late,,1.766939415363762,91,6-8yr,frog_where_are_you,523
ECSC_1040_2_91F_1040_YR2,15,425,0.8110687022900763,0.8110687022900763,late,,6.840810895131655,91,6-8yr,frog_where_are_you,523
ECSC_1040_2_91F_1040_YR2,16,437,0.833969465648855,0.833969465648855,late,,18.216862451516285,91,6-8yr,frog_where_are_you,523
ECSC_1040_2_91F_1040_YR2,17,448,0.8549618320610687,0.8549618320610687,late,,14.000465839756178,91,6-8yr,frog_where_are_you,523
ECSC_1040_2_91F_1040_YR2,18,459,0.8759541984732825,0.8759541984732825,late,,10.50179793699757,91,6-8yr,frog_where_are_you,523
ECSC_1040_2_91F_1040_YR2,19,471,0.898854961832061,0.898854961832061,late,,4.9580239043869945,91,6-8yr,frog_where_are_you,523
ECSC_1040_3_91F_1040_YR3,0,256,0.4731977818853974,0.4731977818853974,mid,,6.586957871936038,91,6-8yr,one_frog_too_many,540
ECSC_1040_3_91F_1040_YR3,1,268,0.4953789279112754,0.4953789279112754,mid,,8.7658768744063,91,6-8yr,one_frog_too_many,540
ECSC_1040_3_91F_1040_YR3,2,280,0.5175600739371534,0.5175600739371534,mid,,17.876732418628112,91,6-8yr,one_frog_too_many,540
ECSC_1040_3_91F_1040_YR3,3,292,0.5397412199630314,0.5397412199630314,mid,,9.721137598608465,91,6-8yr,one_frog_too_many,540
ECSC_1040_3_91F_1040_YR3,4,304,0.5619223659889094,0.5619223659889094,mid,,10.23128027170813,91,6-8yr,one_frog_too_many,540
ECSC_1040_3_91F_1040_YR3,5,316,0.5841035120147874,0.5841035120147874,mid,,7.285790615749464,91,6-8yr,one_frog_too_many,540
ECSC_1040_3_91F_1040_YR3,6,328,0.6062846580406654,0.6062846580406654,mid,,2.644765979156668,91,6-8yr,one_frog_too_many,540
ECSC_1040_3_91F_1040_YR3,7,340,0.6284658040665434,0.6284658040665434,mid,,3.1466615790161185,91,6-8yr,one_frog_too_many,540
ECSC_1040_3_91F_1040_YR3,8,352,0.6506469500924215,0.6506469500924215,mid,,8.574351419956793,91,6-8yr,one_frog_too_many,540
ECSC_1040_3_91F_1040_YR3,9,364,0.6728280961182994,0.6728280961182994,late,,10.20214017521822,91,6-8yr,one_frog_too_many,540
ECSC_1040_3_91F_1040_YR3,10,377,0.6968576709796673,0.6968576709796673,late,,12.086504551147923,91,6-8yr,one_frog_too_many,540
ECSC_1040_3_91F_1040_YR3,11,389,0.7190388170055453,0.7190388170055453,late,,5.6158359128386035,91,6-8yr,one_frog_too_many,540
ECSC_1040_3_91F_1040_YR3,12,401,0.7412199630314233,0.7412199630314233,late,,5.0864902240830805,91,6-8yr,one_frog_too_many,540
ECSC_1040_3_91F_1040_YR3,13,413,0.7634011090573013,0.7634011090573013,late,,1.920091671062922,91,6-8yr,one_frog_too_many,540
ECSC_1040_3_91F_1040_YR3,14,425,0.7855822550831792,0.7855822550831792,late,,1.589419197908919,91,6-8yr,one_frog_too_many,540
ECSC_1040_3_91F_1040_YR3,15,437,0.8077634011090573,0.8077634011090573,late,,3.198108304582794,91,6-8yr,one_frog_too_many,540
ECSC_1040_3_91F_1040_YR3,16,449,0.8299445471349353,0.8299445471349353,late,,6.6251150570738115,91,6-8yr,one_frog_too_many,540
ECSC_1040_3_91F_1040_YR3,17,461,0.8521256931608133,0.8521256931608133,late,,5.7202309591601,91,6-8yr,one_frog_too_many,540
ECSC_1040_3_91F_1040_YR3,18,473,0.8743068391866913,0.8743068391866913,late,,3.146325217364317,91,6-8yr,one_frog_too_many,540
ECSC_1040_3_91F_1040_YR3,19,486,0.8983364140480592,0.8983364140480592,late,,2.5273333978282713,91,6-8yr,one_frog_too_many,540
ECSC_1027_1_91M_1027_YR1,0,256,0.6808510638297872,0.6808510638297872,late,,1.9133901927599517,91,6-8yr,frog_where_are_you,375
ECSC_1027_1_91M_1027_YR1,1,260,0.6914893617021277,0.6914893617021277,late,,3.172689617660714,91,6-8yr,frog_where_are_you,375
ECSC_1027_1_91M_1027_YR1,2,264,0.7021276595744681,0.7021276595744681,late,,6.965021913936923,91,6-8yr,frog_where_are_you,375
ECSC_1027_1_91M_1027_YR1,3,268,0.7127659574468085,0.7127659574468085,late,,7.63626201948439,91,6-8yr,frog_where_are_you,375
ECSC_1027_1_91M_1027_YR1,4,272,0.723404255319149,0.723404255319149,late,,9.145751844130016,91,6-8yr,frog_where_are_you,375
ECSC_1027_1_91M_1027_YR1,5,277,0.7367021276595744,0.7367021276595744,late,,5.420834439489223,91,6-8yr,frog_where_are_you,375
ECSC_1027_1_91M_1027_YR1,6,281,0.7473404255319149,0.7473404255319149,late,,3.487823637525242,91,6-8yr,frog_where_are_you,375
ECSC_1027_1_91M_1027_YR1,7,285,0.7579787234042553,0.7579787234042553,late,,3.992143594857625,91,6-8yr,frog_where_are_you,375
ECSC_1027_1_91M_1027_YR1,8,289,0.7686170212765957,0.7686170212765957,late,,5.243956968205326,91,6-8yr,frog_where_are_you,375
ECSC_1027_1_91M_1027_YR1,9,293,0.7792553191489362,0.7792553191489362,late,,10.093763607062906,91,6-8yr,frog_where_are_you,375
ECSC_1027_1_91M_1027_YR1,10,298,0.7925531914893617,0.7925531914893617,late,,4.982416444446635,91,6-8yr,frog_where_are_you,375
ECSC_1027_1_91M_1027_YR1,11,302,0.8031914893617021,0.8031914893617021,late,,5.702489615967908,91,6-8yr,frog_where_are_you,375
ECSC_1027_1_91M_1027_YR1,12,306,0.8138297872340425,0.8138297872340425,late,,3.5757856390650495,91,6-8yr,frog_where_are_you,375
ECSC_1027_1_91M_1027_YR1,13,310,0.824468085106383,0.824468085106383,late,,3.8018538411250127,91,6-8yr,frog_where_are_you,375
ECSC_1027_1_91M_1027_YR1,14,314,0.8351063829787234,0.8351063829787234,late,,4.1357095196799865,91,6-8yr,frog_where_are_you,375
ECSC_1027_1_91M_1027_YR1,15,319,0.848404255319149,0.848404255319149,late,,4.048211293832486,91,6-8yr,frog_where_are_you,375
ECSC_1027_1_91M_1027_YR1,16,323,0.8590425531914894,0.8590425531914894,late,,3.951560247237463,91,6-8yr,frog_where_are_you,375
ECSC_1027_1_91M_1027_YR1,17,327,0.8696808510638298,0.8696808510638298,late,,2.2342302220926715,91,6-8yr,frog_where_are_you,375
ECSC_1027_1_91M_1027_YR1,18,331,0.8803191489361702,0.8803191489361702,late,,1.4524977961032537,91,6-8yr,frog_where_are_you,375
ECSC_1027_1_91M_1027_YR1,19,336,0.8936170212765957,0.8936170212765957,late,,-0.5420889807218785,91,6-8yr,frog_where_are_you,375
ECSC_1027_2_91M_1027_YR2,0,256,0.4961240310077519,0.4961240310077519,mid,,14.81753133351536,91,6-8yr,one_frog_too_many,515
ECSC_1027_2_91M_1027_YR2,1,266,0.5155038759689923,0.5155038759689923,mid,,14.95034586964522,91,6-8yr,one_frog_too_many,515
ECSC_1027_2_91M_1027_YR2,2,277,0.5368217054263565,0.5368217054263565,mid,,21.05343253932262,91,6-8yr,one_frog_too_many,515
ECSC_1027_2_91M_1027_YR2,3,288,0.5581395348837209,0.5581395348837209,mid,,6.645827122250726,91,6-8yr,one_frog_too_many,515
ECSC_1027_2_91M_1027_YR2,4,299,0.5794573643410853,0.5794573643410853,mid,,5.128471859974088,91,6-8yr,one_frog_too_many,515
ECSC_1027_2_91M_1027_YR2,5,310,0.6007751937984496,0.6007751937984496,mid,,9.08856845644252,91,6-8yr,one_frog_too_many,515
ECSC_1027_2_91M_1027_YR2,6,321,0.622093023255814,0.622093023255814,mid,,11.343312099385058,91,6-8yr,one_frog_too_many,515
ECSC_1027_2_91M_1027_YR2,7,332,0.6434108527131783,0.6434108527131783,mid,,22.575690670572577,91,6-8yr,one_frog_too_many,515
ECSC_1027_2_91M_1027_YR2,8,343,0.6647286821705426,0.6647286821705426,late,,17.202071800175407,91,6-8yr,one_frog_too_many,515
ECSC_1027_2_91M_1027_YR2,9,354,0.686046511627907,0.686046511627907,late,,9.352392036690324,91,6-8yr,one_frog_too_many,515
ECSC_1027_2_91M_1027_YR2,10,365,0.7073643410852714,0.7073643410852714,late,,4.019261925896918,91,6-8yr,one_frog_too_many,515
ECSC_1027_2_91M_1027_YR2,11,376,0.7286821705426356,0.7286821705426356,late,,7.068230599716154,91,6-8yr,one_frog_too_many,515
ECSC_1027_2_91M_1027_YR2,12,387,0.75,0.75,late,,19.34213027487401,91,6-8yr,one_frog_too_many,515
ECSC_1027_2_91M_1027_YR2,13,398,0.7713178294573644,0.7713178294573644,late,,27.19056833643453,91,6-8yr,one_frog_too_many,515
ECSC_1027_2_91M_1027_YR2,14,409,0.7926356589147286,0.7926356589147286,late,,22.41658278037639,91,6-8yr,one_frog_too_many,515
ECSC_1027_2_91M_1027_YR2,15,420,0.813953488372093,0.813953488372093,late,,9.67108653483916,91,6-8yr,one_frog_too_many,515
ECSC_1027_2_91M_1027_YR2,16,431,0.8352713178294574,0.8352713178294574,late,,4.29786483192713,91,6-8yr,one_frog_too_many,515
ECSC_1027_2_91M_1027_YR2,17,442,0.8565891472868217,0.8565891472868217,late,,1.975617074049996,91,6-8yr,one_frog_too_many,515
ECSC_1027_2_91M_1027_YR2,18,453,0.877906976744186,0.877906976744186,late,,14.599579248411809,91,6-8yr,one_frog_too_many,515
ECSC_1027_2_91M_1027_YR2,19,464,0.8992248062015504,0.8992248062015504,late,,24.65430351824179,91,6-8yr,one_frog_too_many,515
ECSC_1027_3_91M_1027_YR3,0,256,0.7231638418079096,0.7231638418079096,late,,5.465240052528301,91,6-8yr,boy_dog_frog,353
ECSC_1027_3_91M_1027_YR3,1,259,0.731638418079096,0.731638418079096,late,,3.8947272016756074,91,6-8yr,boy_dog_frog,353
ECSC_1027_3_91M_1027_YR3,2,262,0.7401129943502824,0.7401129943502824,late,,4.466961706668215,91,6-8yr,boy_dog_frog,353
ECSC_1027_3_91M_1027_YR3,3,265,0.748587570621469,0.748587570621469,late,,11.5639373366995,91,6-8yr,boy_dog_frog,353
ECSC_1027_3_91M_1027_YR3,4,268,0.7570621468926554,0.7570621468926554,late,,15.563332793213412,91,6-8yr,boy_dog_frog,353
ECSC_1027_3_91M_1027_YR3,5,271,0.7655367231638418,0.7655367231638418,late,,18.492558323003035,91,6-8yr,boy_dog_frog,353
ECSC_1027_3_91M_1027_YR3,6,274,0.7740112994350282,0.7740112994350282,late,,11.649991868642893,91,6-8yr,boy_dog_frog,353
ECSC_1027_3_91M_1027_YR3,7,277,0.7824858757062146,0.7824858757062146,late,,10.955087534218553,91,6-8yr,boy_dog_frog,353
ECSC_1027_3_91M_1027_YR3,8,280,0.7909604519774012,0.7909604519774012,late,,14.498220279443974,91,6-8yr,boy_dog_frog,353
ECSC_1027_3_91M_1027_YR3,9,283,0.7994350282485876,0.7994350282485876,late,,11.173591227513246,91,6-8yr,boy_dog_frog,353
ECSC_1027_3_91M_1027_YR3,10,286,0.807909604519774,0.807909604519774,late,,11.59931339010826,91,6-8yr,boy_dog_frog,353
ECSC_1027_3_91M_1027_YR3,11,289,0.8163841807909604,0.8163841807909604,late,,14.994572839620368,91,6-8yr,boy_dog_frog,353
ECSC_1027_3_91M_1027_YR3,12,292,0.8248587570621468,0.8248587570621468,late,,15.405913211133868,91,6-8yr,boy_dog_frog,353
ECSC_1027_3_91M_1027_YR3,13,295,0.8333333333333334,0.8333333333333334,late,,20.08673698999154,91,6-8yr,boy_dog_frog,353
ECSC_1027_3_91M_1027_YR3,14,298,0.8418079096045198,0.8418079096045198,late,,19.63893422879631,91,6-8yr,boy_dog_frog,353
ECSC_1027_3_91M_1027_YR3,15,301,0.8502824858757062,0.8502824858757062,late,,15.47161547522632,91,6-8yr,boy_dog_frog,353
ECSC_1027_3_91M_1027_YR3,16,304,0.8587570621468926,0.8587570621468926,late,,11.377938508878067,91,6-8yr,boy_dog_frog,353
ECSC_1027_3_91M_1027_YR3,17,307,0.867231638418079,0.867231638418079,late,,8.987526372303737,91,6-8yr,boy_dog_frog,353
ECSC_1027_3_91M_1027_YR3,18,310,0.8757062146892656,0.8757062146892656,late,,6.456300745524043,91,6-8yr,boy_dog_frog,353
ECSC_1027_3_91M_1027_YR3,19,314,0.8870056497175142,0.8870056497175142,late,,5.0700232988937985,91,6-8yr,boy_dog_frog,353
ECSC_4070_1_91M_4070_YR1,0,256,0.6513994910941476,0.6513994910941476,mid,,25.226361084936812,91,6-8yr,unknown,392
ECSC_4070_1_91M_4070_YR1,1,261,0.6641221374045801,0.6641221374045801,late,,24.492519893519905,91,6-8yr,unknown,392
ECSC_4070_1_91M_4070_YR1,2,266,0.6768447837150128,0.6768447837150128,late,,12.37750702619729,91,6-8yr,unknown,392
ECSC_4070_1_91M_4070_YR1,3,271,0.6895674300254453,0.6895674300254453,late,,8.259026978075266,91,6-8yr,unknown,392
ECSC_4070_1_91M_4070_YR1,4,276,0.7022900763358778,0.7022900763358778,late,,6.275405904237697,91,6-8yr,unknown,392
ECSC_4070_1_91M_4070_YR1,5,281,0.7150127226463104,0.7150127226463104,late,,20.709855615898967,91,6-8yr,unknown,392
ECSC_4070_1_91M_4070_YR1,6,286,0.727735368956743,0.727735368956743,late,,14.541207232070455,91,6-8yr,unknown,392
ECSC_4070_1_91M_4070_YR1,7,291,0.7404580152671756,0.7404580152671756,late,,14.90614633389209,91,6-8yr,unknown,392
ECSC_4070_1_91M_4070_YR1,8,296,0.7531806615776081,0.7531806615776081,late,,13.48714737552355,91,6-8yr,unknown,392
ECSC_4070_1_91M_4070_YR1,9,301,0.7659033078880407,0.7659033078880407,late,,7.161600352891666,91,6-8yr,unknown,392
ECSC_4070_1_91M_4070_YR1,10,307,0.7811704834605598,0.7811704834605598,late,,5.414577956702978,91,6-8yr,unknown,392
ECSC_4070_1_91M_4070_YR1,11,312,0.7938931297709924,0.7938931297709924,late,,4.906195512768807,91,6-8yr,unknown,392
ECSC_4070_1_91M_4070_YR1,12,317,0.806615776081425,0.806615776081425,late,,3.799668130681922,91,6-8yr,unknown,392
ECSC_4070_1_91M_4070_YR1,13,322,0.8193384223918575,0.8193384223918575,late,,6.378452180340107,91,6-8yr,unknown,392
ECSC_4070_1_91M_4070_YR1,14,327,0.8320610687022901,0.8320610687022901,late,,5.184754877396932,91,6-8yr,unknown,392
ECSC_4070_1_91M_4070_YR1,15,332,0.8447837150127226,0.8447837150127226,late,,3.321159967351001,91,6-8yr,unknown,392
ECSC_4070_1_91M_4070_YR1,16,337,0.8575063613231552,0.8575063613231552,late,,3.0853280414765383,91,6-8yr,unknown,392
ECSC_4070_1_91M_4070_YR1,17,342,0.8702290076335878,0.8702290076335878,late,,5.24759020002689,91,6-8yr,unknown,392
ECSC_4070_1_91M_4070_YR1,18,347,0.8829516539440203,0.8829516539440203,late,,4.474212767002644,91,6-8yr,unknown,392
ECSC_4070_1_91M_4070_YR1,19,353,0.8982188295165394,0.8982188295165394,late,,2.2228394312241875,91,6-8yr,unknown,392
ECSC_1098_3_92M_1098_YR3,0,256,0.8152866242038217,0.8152866242038217,late,,1.192686536201481,92,6-8yr,boy_dog_frog,313
ECSC_1098_3_92M_1098_YR3,1,256,0.8152866242038217,0.8152866242038217,late,,1.192686536201481,92,6-8yr,boy_dog_frog,313
ECSC_1098_3_92M_1098_YR3,2,257,0.8184713375796179,0.8184713375796179,late,,1.2075576562696124,92,6-8yr,boy_dog_frog,313
ECSC_1098_3_92M_1098_YR3,3,258,0.821656050955414,0.821656050955414,late,,1.2940818726641714,92,6-8yr,boy_dog_frog,313
ECSC_1098_3_92M_1098_YR3,4,259,0.8248407643312102,0.8248407643312102,late,,0.7521422435161509,92,6-8yr,boy_dog_frog,313
ECSC_1098_3_92M_1098_YR3,5,260,0.8280254777070064,0.8280254777070064,late,,0.8267630341130556,92,6-8yr,boy_dog_frog,313
ECSC_1098_3_92M_1098_YR3,6,261,0.8312101910828026,0.8312101910828026,late,,0.731910755291334,92,6-8yr,boy_dog_frog,313
ECSC_1098_3_92M_1098_YR3,7,262,0.8343949044585988,0.8343949044585988,late,,0.9220407466486832,92,6-8yr,boy_dog_frog,313
ECSC_1098_3_92M_1098_YR3,8,263,0.8375796178343949,0.8375796178343949,late,,1.123450067908652,92,6-8yr,boy_dog_frog,313
ECSC_1098_3_92M_1098_YR3,9,264,0.8407643312101911,0.8407643312101911,late,,1.171755752839215,92,6-8yr,boy_dog_frog,313
ECSC_1098_3_92M_1098_YR3,10,265,0.8439490445859873,0.8439490445859873,late,,1.1856561279241546,92,6-8yr,boy_dog_frog,313
ECSC_1098_3_92M_1098_YR3,11,266,0.8471337579617835,0.8471337579617835,late,,1.6141406008055927,92,6-8yr,boy_dog_frog,313
ECSC_1098_3_92M_1098_YR3,12,267,0.8503184713375797,0.8503184713375797,late,,1.3356159908807177,92,6-8yr,boy_dog_frog,313
ECSC_1098_3_92M_1098_YR3,13,268,0.8535031847133758,0.8535031847133758,late,,1.35883455881536,92,6-8yr,boy_dog_frog,313
ECSC_1098_3_92M_1098_YR3,14,269,0.856687898089172,0.856687898089172,late,,1.670561478132849,92,6-8yr,boy_dog_frog,313
ECSC_1098_3_92M_1098_YR3,15,270,0.8598726114649682,0.8598726114649682,late,,1.8452412410118617,92,6-8yr,boy_dog_frog,313
ECSC_1098_3_92M_1098_YR3,16,271,0.8630573248407644,0.8630573248407644,late,,1.6706884818324523,92,6-8yr,boy_dog_frog,313
ECSC_1098_3_92M_1098_YR3,17,272,0.8662420382165605,0.8662420382165605,late,,1.3892723238009816,92,6-8yr,boy_dog_frog,313
ECSC_1098_3_92M_1098_YR3,18,273,0.8694267515923567,0.8694267515923567,late,,1.1698526984478477,92,6-8yr,boy_dog_frog,313
ECSC_1098_3_92M_1098_YR3,19,274,0.8726114649681529,0.8726114649681529,late,,1.205383091669697,92,6-8yr,boy_dog_frog,313
ECSC_1034_1_93F_1034_YR1,0,256,0.8231511254019293,0.8231511254019293,late,,1.8890207700672248,93,6-8yr,one_frog_too_many,310
ECSC_1034_1_93F_1034_YR1,1,256,0.8231511254019293,0.8231511254019293,late,,1.8890207700672248,93,6-8yr,one_frog_too_many,310
ECSC_1034_1_93F_1034_YR1,2,257,0.8263665594855305,0.8263665594855305,late,,2.946161809532631,93,6-8yr,one_frog_too_many,310
ECSC_1034_1_93F_1034_YR1,3,258,0.8295819935691319,0.8295819935691319,late,,2.73552452331694,93,6-8yr,one_frog_too_many,310
ECSC_1034_1_93F_1034_YR1,4,259,0.8327974276527331,0.8327974276527331,late,,2.5563271776380576,93,6-8yr,one_frog_too_many,310
ECSC_1034_1_93F_1034_YR1,5,259,0.8327974276527331,0.8327974276527331,late,,2.5563271776380576,93,6-8yr,one_frog_too_many,310
ECSC_1034_1_93F_1034_YR1,6,260,0.8360128617363344,0.8360128617363344,late,,3.544723924900464,93,6-8yr,one_frog_too_many,310
ECSC_1034_1_93F_1034_YR1,7,261,0.8392282958199357,0.8392282958199357,late,,3.019329807809453,93,6-8yr,one_frog_too_many,310
ECSC_1034_1_93F_1034_YR1,8,262,0.842443729903537,0.842443729903537,late,,3.307321675762706,93,6-8yr,one_frog_too_many,310
ECSC_1034_1_93F_1034_YR1,9,263,0.8456591639871383,0.8456591639871383,late,,2.90289915655019,93,6-8yr,one_frog_too_many,310
ECSC_1034_1_93F_1034_YR1,10,263,0.8456591639871383,0.8456591639871383,late,,2.90289915655019,93,6-8yr,one_frog_too_many,310
ECSC_1034_1_93F_1034_YR1,11,264,0.8488745980707395,0.8488745980707395,late,,1.7980457967616168,93,6-8yr,one_frog_too_many,310
ECSC_1034_1_93F_1034_YR1,12,265,0.8520900321543409,0.8520900321543409,late,,0.707531071478714,93,6-8yr,one_frog_too_many,310
ECSC_1034_1_93F_1034_YR1,13,266,0.8553054662379421,0.8553054662379421,late,,1.5773631225142903,93,6-8yr,one_frog_too_many,310
ECSC_1034_1_93F_1034_YR1,14,267,0.8585209003215434,0.8585209003215434,late,,2.6431941270328743,93,6-8yr,one_frog_too_many,310
ECSC_1034_1_93F_1034_YR1,15,267,0.8585209003215434,0.8585209003215434,late,,2.6431941270328743,93,6-8yr,one_frog_too_many,310
ECSC_1034_1_93F_1034_YR1,16,268,0.8617363344051447,0.8617363344051447,late,,3.5992259399974973,93,6-8yr,one_frog_too_many,310
ECSC_1034_1_93F_1034_YR1,17,269,0.864951768488746,0.864951768488746,late,,2.5037101188121653,93,6-8yr,one_frog_too_many,310
ECSC_1034_1_93F_1034_YR1,18,270,0.8681672025723473,0.8681672025723473,late,,3.4718166619872513,93,6-8yr,one_frog_too_many,310
ECSC_1034_1_93F_1034_YR1,19,271,0.8713826366559485,0.8713826366559485,late,,4.3389408590781,93,6-8yr,one_frog_too_many,310
ECSC_1034_2_93F_1034_YR2,0,256,0.3152709359605911,0.3152709359605911,early,,16.87236553612238,93,6-8yr,frog_where_are_you,811
ECSC_1034_2_93F_1034_YR2,1,280,0.3448275862068966,0.3448275862068966,early,,17.116431940778725,93,6-8yr,frog_where_are_you,811
ECSC_1034_2_93F_1034_YR2,2,305,0.375615763546798,0.375615763546798,early,,5.399364049568533,93,6-8yr,frog_where_are_you,811
ECSC_1034_2_93F_1034_YR2,3,330,0.4064039408866995,0.4064039408866995,early,,10.940306301413386,93,6-8yr,frog_where_are_you,811
ECSC_1034_2_93F_1034_YR2,4,355,0.437192118226601,0.437192118226601,mid,,39.05059079027184,93,6-8yr,frog_where_are_you,811
ECSC_1034_2_93F_1034_YR2,5,380,0.4679802955665024,0.4679802955665024,mid,,59.1888181909201,93,6-8yr,frog_where_are_you,811
ECSC_1034_2_93F_1034_YR2,6,405,0.4987684729064039,0.4987684729064039,mid,,9.628357985922722,93,6-8yr,frog_where_are_you,811
ECSC_1034_2_93F_1034_YR2,7,430,0.5295566502463054,0.5295566502463054,mid,,31.243192950202676,93,6-8yr,frog_where_are_you,811
ECSC_1034_2_93F_1034_YR2,8,455,0.5603448275862069,0.5603448275862069,mid,,32.512248724401644,93,6-8yr,frog_where_are_you,811
ECSC_1034_2_93F_1034_YR2,9,480,0.5911330049261084,0.5911330049261084,mid,,11.486757589720156,93,6-8yr,frog_where_are_you,811
ECSC_1034_2_93F_1034_YR2,10,505,0.6219211822660099,0.6219211822660099,mid,,26.48538793405975,93,6-8yr,frog_where_are_you,811
ECSC_1034_2_93F_1034_YR2,11,530,0.6527093596059114,0.6527093596059114,mid,,19.31532406058632,93,6-8yr,frog_where_are_you,811
ECSC_1034_2_93F_1034_YR2,12,555,0.6834975369458128,0.6834975369458128,late,,15.399018095461535,93,6-8yr,frog_where_are_you,811
ECSC_1034_2_93F_1034_YR2,13,580,0.7142857142857143,0.7142857142857143,late,19.030031555599106,14.299872401360016,93,6-8yr,frog_where_are_you,811
ECSC_1034_2_93F_1034_YR2,14,605,0.7450738916256158,0.7450738916256158,late,,12.709673850715603,93,6-8yr,frog_where_are_you,811
ECSC_1034_2_93F_1034_YR2,15,630,0.7758620689655172,0.7758620689655172,late,,4.993355088978113,93,6-8yr,frog_where_are_you,811
ECSC_1034_2_93F_1034_YR2,16,655,0.8066502463054187,0.8066502463054187,late,,1.5351974081752822,93,6-8yr,frog_where_are_you,811
ECSC_1034_2_93F_1034_YR2,17,680,0.8374384236453202,0.8374384236453202,late,,21.779763294807506,93,6-8yr,frog_where_are_you,811
ECSC_1034_2_93F_1034_YR2,18,705,0.8682266009852216,0.8682266009852216,late,,4.903058321903291,93,6-8yr,frog_where_are_you,811
ECSC_1034_2_93F_1034_YR2,19,730,0.8990147783251231,0.8990147783251231,late,12.382979712381411,12.651558556283453,93,6-8yr,frog_where_are_you,811
ECSC_1034_3_93F_1034_YR3,0,256,0.6547314578005116,0.6547314578005116,mid,,7.3591769533230575,93,6-8yr,one_frog_too_many,390
ECSC_1034_3_93F_1034_YR3,1,261,0.6675191815856778,0.6675191815856778,late,,21.81662490803256,93,6-8yr,one_frog_too_many,390
ECSC_1034_3_93F_1034_YR3,2,266,0.680306905370844,0.680306905370844,late,,26.408579334369016,93,6-8yr,one_frog_too_many,390
ECSC_1034_3_93F_1034_YR3,3,271,0.6930946291560103,0.6930946291560103,late,,16.694711092547426,93,6-8yr,one_frog_too_many,390
ECSC_1034_3_93F_1034_YR3,4,276,0.7058823529411765,0.7058823529411765,late,,24.255821153663987,93,6-8yr,one_frog_too_many,390
ECSC_1034_3_93F_1034_YR3,5,281,0.7186700767263428,0.7186700767263428,late,,18.146671324439367,93,6-8yr,one_frog_too_many,390
ECSC_1034_3_93F_1034_YR3,6,286,0.731457800511509,0.731457800511509,late,,19.894687898661708,93,6-8yr,one_frog_too_many,390
ECSC_1034_3_93F_1034_YR3,7,291,0.7442455242966752,0.7442455242966752,late,,24.810671395708376,93,6-8yr,one_frog_too_many,390
ECSC_1034_3_93F_1034_YR3,8,296,0.7570332480818415,0.7570332480818415,late,,21.218856825111395,93,6-8yr,one_frog_too_many,390
ECSC_1034_3_93F_1034_YR3,9,301,0.7698209718670077,0.7698209718670077,late,,15.712491379978548,93,6-8yr,one_frog_too_many,390
ECSC_1034_3_93F_1034_YR3,10,306,0.782608695652174,0.782608695652174,late,,14.28053113148675,93,6-8yr,one_frog_too_many,390
ECSC_1034_3_93F_1034_YR3,11,311,0.7953964194373402,0.7953964194373402,late,,10.95186559073322,93,6-8yr,one_frog_too_many,390
ECSC_1034_3_93F_1034_YR3,12,316,0.8081841432225064,0.8081841432225064,late,,8.632891088075883,93,6-8yr,one_frog_too_many,390
ECSC_1034_3_93F_1034_YR3,13,321,0.8209718670076727,0.8209718670076727,late,,7.230650768348671,93,6-8yr,one_frog_too_many,390
ECSC_1034_3_93F_1034_YR3,14,326,0.8337595907928389,0.8337595907928389,late,,5.522373397324014,93,6-8yr,one_frog_too_many,390
ECSC_1034_3_93F_1034_YR3,15,331,0.8465473145780051,0.8465473145780051,late,,1.0995983618323368,93,6-8yr,one_frog_too_many,390
ECSC_1034_3_93F_1034_YR3,16,336,0.8593350383631714,0.8593350383631714,late,,0.7123558778293138,93,6-8yr,one_frog_too_many,390
ECSC_1034_3_93F_1034_YR3,17,341,0.8721227621483376,0.8721227621483376,late,,1.9576400812586092,93,6-8yr,one_frog_too_many,390
ECSC_1034_3_93F_1034_YR3,18,346,0.8849104859335039,0.8849104859335039,late,,1.855008208801432,93,6-8yr,one_frog_too_many,390
ECSC_1034_3_93F_1034_YR3,19,351,0.8976982097186701,0.8976982097186701,late,,1.854834124346552,93,6-8yr,one_frog_too_many,390
ECSC_4019_1_93M_4019_YR1,0,256,0.7664670658682635,0.7664670658682635,late,,0.7882744566026219,93,6-8yr,unknown,333
ECSC_4019_1_93M_4019_YR1,1,258,0.7724550898203593,0.7724550898203593,late,,0.9452767728985804,93,6-8yr,unknown,333
ECSC_4019_1_93M_4019_YR1,2,260,0.7784431137724551,0.7784431137724551,late,,1.4263216742278528,93,6-8yr,unknown,333
ECSC_4019_1_93M_4019_YR1,3,262,0.7844311377245509,0.7844311377245509,late,,2.348078769565581,93,6-8yr,unknown,333
ECSC_4019_1_93M_4019_YR1,4,264,0.7904191616766467,0.7904191616766467,late,,4.383448473462092,93,6-8yr,unknown,333
ECSC_4019_1_93M_4019_YR1,5,266,0.7964071856287425,0.7964071856287425,late,,11.49315303723196,93,6-8yr,unknown,333
ECSC_4019_1_93M_4019_YR1,6,268,0.8023952095808383,0.8023952095808383,late,,13.277166357781118,93,6-8yr,unknown,333
ECSC_4019_1_93M_4019_YR1,7,270,0.8083832335329342,0.8083832335329342,late,,12.6815232619452,93,6-8yr,unknown,333
ECSC_4019_1_93M_4019_YR1,8,272,0.8143712574850299,0.8143712574850299,late,,13.8864587004176,93,6-8yr,unknown,333
ECSC_4019_1_93M_4019_YR1,9,274,0.8203592814371258,0.8203592814371258,late,,12.072853853865151,93,6-8yr,unknown,333
ECSC_4019_1_93M_4019_YR1,10,276,0.8263473053892215,0.8263473053892215,late,,8.844635041542585,93,6-8yr,unknown,333
ECSC_4019_1_93M_4019_YR1,11,278,0.8323353293413174,0.8323353293413174,late,,7.868475239918837,93,6-8yr,unknown,333
ECSC_4019_1_93M_4019_YR1,12,280,0.8383233532934131,0.8383233532934131,late,,8.629786620933391,93,6-8yr,unknown,333
ECSC_4019_1_93M_4019_YR1,13,282,0.844311377245509,0.844311377245509,late,,7.698403862305096,93,6-8yr,unknown,333
ECSC_4019_1_93M_4019_YR1,14,284,0.8502994011976048,0.8502994011976048,late,,8.03488893152287,93,6-8yr,unknown,333
ECSC_4019_1_93M_4019_YR1,15,286,0.8562874251497006,0.8562874251497006,late,,6.968674036219548,93,6-8yr,unknown,333
ECSC_4019_1_93M_4019_YR1,16,288,0.8622754491017964,0.8622754491017964,late,,5.5529361319851755,93,6-8yr,unknown,333
ECSC_4019_1_93M_4019_YR1,17,290,0.8682634730538922,0.8682634730538922,late,,5.58615276035612,93,6-8yr,unknown,333
ECSC_4019_1_93M_4019_YR1,18,292,0.874251497005988,0.874251497005988,late,,5.6809497223058445,93,6-8yr,unknown,333
ECSC_4019_1_93M_4019_YR1,19,294,0.8802395209580839,0.8802395209580839,late,,5.50416467510662,93,6-8yr,unknown,333
ECSC_1008_1_94F_1008_YR1,0,256,0.3902439024390244,0.3902439024390244,early,,4.039837735200219,94,6-8yr,frog_where_are_you,655
ECSC_1008_1_94F_1008_YR1,1,273,0.4161585365853658,0.4161585365853658,mid,,8.191903413806356,94,6-8yr,frog_where_are_you,655
ECSC_1008_1_94F_1008_YR1,2,291,0.4435975609756097,0.4435975609756097,mid,,6.316294208213428,94,6-8yr,frog_where_are_you,655
ECSC_1008_1_94F_1008_YR1,3,308,0.4695121951219512,0.4695121951219512,mid,,0.2532878403089542,94,6-8yr,frog_where_are_you,655
ECSC_1008_1_94F_1008_YR1,4,326,0.4969512195121951,0.4969512195121951,mid,,2.656551924006344,94,6-8yr,frog_where_are_you,655
ECSC_1008_1_94F_1008_YR1,5,343,0.5228658536585366,0.5228658536585366,mid,,5.737581919721343,94,6-8yr,frog_where_are_you,655
ECSC_1008_1_94F_1008_YR1,6,361,0.5503048780487805,0.5503048780487805,mid,,3.2339417426090966,94,6-8yr,frog_where_are_you,655
ECSC_1008_1_94F_1008_YR1,7,379,0.5777439024390244,0.5777439024390244,mid,,1.2708011495921596,94,6-8yr,frog_where_are_you,655
ECSC_1008_1_94F_1008_YR1,8,396,0.6036585365853658,0.6036585365853658,mid,,3.8264292371860815,94,6-8yr,frog_where_are_you,655
ECSC_1008_1_94F_1008_YR1,9,414,0.6310975609756098,0.6310975609756098,mid,,15.357284191017255,94,6-8yr,frog_where_are_you,655
ECSC_1008_1_94F_1008_YR1,10,431,0.6570121951219512,0.6570121951219512,mid,,19.701394782014475,94,6-8yr,frog_where_are_you,655
ECSC_1008_1_94F_1008_YR1,11,449,0.6844512195121951,0.6844512195121951,late,,5.8539246565767655,94,6-8yr,frog_where_are_you,655
ECSC_1008_1_94F_1008_YR1,12,466,0.7103658536585366,0.7103658536585366,late,,7.413749695031443,94,6-8yr,frog_where_are_you,655
ECSC_1008_1_94F_1008_YR1,13,484,0.7378048780487805,0.7378048780487805,late,,5.992930610185649,94,6-8yr,frog_where_are_you,655
ECSC_1008_1_94F_1008_YR1,14,502,0.7652439024390244,0.7652439024390244,late,,4.767645163759045,94,6-8yr,frog_where_are_you,655
ECSC_1008_1_94F_1008_YR1,15,519,0.7911585365853658,0.7911585365853658,late,,1.9358248394752628,94,6-8yr,frog_where_are_you,655
ECSC_1008_1_94F_1008_YR1,16,537,0.8185975609756098,0.8185975609756098,late,,2.5649575859911833,94,6-8yr,frog_where_are_you,655
ECSC_1008_1_94F_1008_YR1,17,554,0.8445121951219512,0.8445121951219512,late,,2.2202695849510956,94,6-8yr,frog_where_are_you,655
ECSC_1008_1_94F_1008_YR1,18,572,0.8719512195121951,0.8719512195121951,late,,6.500877202367757,94,6-8yr,frog_where_are_you,655
ECSC_1008_1_94F_1008_YR1,19,590,0.899390243902439,0.899390243902439,late,8.276077422305642,6.981768422303206,94,6-8yr,frog_where_are_you,655
ECSC_1008_2_94F_1008_YR2,0,256,0.4210526315789473,0.4210526315789473,mid,,5.431329321164472,94,6-8yr,frog_where_are_you,607
ECSC_1008_2_94F_1008_YR2,1,271,0.4457236842105263,0.4457236842105263,mid,,8.483065007434158,94,6-8yr,frog_where_are_you,607
ECSC_1008_2_94F_1008_YR2,2,286,0.4703947368421052,0.4703947368421052,mid,,8.777792508948362,94,6-8yr,frog_where_are_you,607
ECSC_1008_2_94F_1008_YR2,3,301,0.4950657894736842,0.4950657894736842,mid,,6.008834908958388,94,6-8yr,frog_where_are_you,607
ECSC_1008_2_94F_1008_YR2,4,317,0.5213815789473685,0.5213815789473685,mid,,16.525607513650037,94,6-8yr,frog_where_are_you,607
ECSC_1008_2_94F_1008_YR2,5,332,0.5460526315789473,0.5460526315789473,mid,,25.30064388984154,94,6-8yr,frog_where_are_you,607
ECSC_1008_2_94F_1008_YR2,6,347,0.5707236842105263,0.5707236842105263,mid,,21.437813642598503,94,6-8yr,frog_where_are_you,607
ECSC_1008_2_94F_1008_YR2,7,363,0.5970394736842105,0.5970394736842105,mid,,8.896148725522213,94,6-8yr,frog_where_are_you,607
ECSC_1008_2_94F_1008_YR2,8,378,0.6217105263157895,0.6217105263157895,mid,,2.536662093420623,94,6-8yr,frog_where_are_you,607
ECSC_1008_2_94F_1008_YR2,9,393,0.6463815789473685,0.6463815789473685,mid,,1.7023233888323928,94,6-8yr,frog_where_are_you,607
ECSC_1008_2_94F_1008_YR2,10,409,0.6726973684210527,0.6726973684210527,late,,10.308139645697436,94,6-8yr,frog_where_are_you,607
ECSC_1008_2_94F_1008_YR2,11,424,0.6973684210526315,0.6973684210526315,late,,12.41168283548276,94,6-8yr,frog_where_are_you,607
ECSC_1008_2_94F_1008_YR2,12,439,0.7220394736842105,0.7220394736842105,late,,4.306224768453719,94,6-8yr,frog_where_are_you,607
ECSC_1008_2_94F_1008_YR2,13,455,0.7483552631578947,0.7483552631578947,late,,2.7824182455283832,94,6-8yr,frog_where_are_you,607
ECSC_1008_2_94F_1008_YR2,14,470,0.7730263157894737,0.7730263157894737,late,,1.3787531521802032,94,6-8yr,frog_where_are_you,607
ECSC_1008_2_94F_1008_YR2,15,485,0.7976973684210527,0.7976973684210527,late,,3.9277735491158614,94,6-8yr,frog_where_are_you,607
ECSC_1008_2_94F_1008_YR2,16,501,0.8240131578947368,0.8240131578947368,late,,7.9942703830377475,94,6-8yr,frog_where_are_you,607
ECSC_1008_2_94F_1008_YR2,17,516,0.8486842105263158,0.8486842105263158,late,,12.477086805313066,94,6-8yr,frog_where_are_you,607
ECSC_1008_2_94F_1008_YR2,18,531,0.8733552631578947,0.8733552631578947,late,,4.902240794667724,94,6-8yr,frog_where_are_you,607
ECSC_1008_2_94F_1008_YR2,19,547,0.899671052631579,0.899671052631579,late,7.266645649661996,6.944763844847502,94,6-8yr,frog_where_are_you,607
ECSC_1008_3_94F_1008_YR3,0,256,0.3404255319148936,0.3404255319148936,early,,3.1166454640771004,94,6-8yr,one_frog_too_many,751
ECSC_1008_3_94F_1008_YR3,1,278,0.3696808510638298,0.3696808510638298,early,,7.196986227464068,94,6-8yr,one_frog_too_many,751
ECSC_1008_3_94F_1008_YR3,2,300,0.3989361702127659,0.3989361702127659,early,,12.676062747833669,94,6-8yr,one_frog_too_many,751
ECSC_1008_3_94F_1008_YR3,3,322,0.4281914893617021,0.4281914893617021,mid,,10.588139528327734,94,6-8yr,one_frog_too_many,751
ECSC_1008_3_94F_1008_YR3,4,344,0.4574468085106383,0.4574468085106383,mid,,9.2598144547533,94,6-8yr,one_frog_too_many,751
ECSC_1008_3_94F_1008_YR3,5,366,0.4867021276595745,0.4867021276595745,mid,,0.9581782931395731,94,6-8yr,one_frog_too_many,751
ECSC_1008_3_94F_1008_YR3,6,388,0.5159574468085106,0.5159574468085106,mid,,16.627759100065298,94,6-8yr,one_frog_too_many,751
ECSC_1008_3_94F_1008_YR3,7,410,0.5452127659574468,0.5452127659574468,mid,,18.163085400406928,94,6-8yr,one_frog_too_many,751
ECSC_1008_3_94F_1008_YR3,8,432,0.574468085106383,0.574468085106383,mid,,10.300980772308186,94,6-8yr,one_frog_too_many,751
ECSC_1008_3_94F_1008_YR3,9,454,0.6037234042553191,0.6037234042553191,mid,,26.10943588708887,94,6-8yr,one_frog_too_many,751
ECSC_1008_3_94F_1008_YR3,10,477,0.6343085106382979,0.6343085106382979,mid,,11.897977163065796,94,6-8yr,one_frog_too_many,751
ECSC_1008_3_94F_1008_YR3,11,499,0.663563829787234,0.663563829787234,late,,21.344115183764483,94,6-8yr,one_frog_too_many,751
ECSC_1008_3_94F_1008_YR3,12,521,0.6928191489361702,0.6928191489361702,late,,23.388594853456645,94,6-8yr,one_frog_too_many,751
ECSC_1008_3_94F_1008_YR3,13,543,0.7220744680851063,0.7220744680851063,late,,3.183672100630247,94,6-8yr,one_frog_too_many,751
ECSC_1008_3_94F_1008_YR3,14,565,0.7513297872340425,0.7513297872340425,late,,3.272365344173144,94,6-8yr,one_frog_too_many,751
ECSC_1008_3_94F_1008_YR3,15,587,0.7805851063829787,0.7805851063829787,late,,7.112966285963237,94,6-8yr,one_frog_too_many,751
ECSC_1008_3_94F_1008_YR3,16,609,0.8098404255319149,0.8098404255319149,late,,7.977185465114545,94,6-8yr,one_frog_too_many,751
ECSC_1008_3_94F_1008_YR3,17,631,0.839095744680851,0.839095744680851,late,,7.040800383431872,94,6-8yr,one_frog_too_many,751
ECSC_1008_3_94F_1008_YR3,18,653,0.8683510638297872,0.8683510638297872,late,,8.880130282665963,94,6-8yr,one_frog_too_many,751
ECSC_1008_3_94F_1008_YR3,19,676,0.898936170212766,0.898936170212766,late,9.736686349434333,8.52787195051365,94,6-8yr,one_frog_too_many,751
ECSC_1009_1_94F_1009_YR1,0,256,0.3667621776504298,0.3667621776504298,early,,6.627692236931777,94,6-8yr,boy_dog_frog,697
ECSC_1009_1_94F_1009_YR1,1,275,0.3939828080229226,0.3939828080229226,early,,14.35451449344285,94,6-8yr,boy_dog_frog,697
ECSC_1009_1_94F_1009_YR1,2,295,0.4226361031518624,0.4226361031518624,mid,,13.035242134634933,94,6-8yr,boy_dog_frog,697
ECSC_1009_1_94F_1009_YR1,3,314,0.4498567335243553,0.4498567335243553,mid,,4.1078319449607825,94,6-8yr,boy_dog_frog,697
ECSC_1009_1_94F_1009_YR1,4,334,0.4785100286532951,0.4785100286532951,mid,,3.9654495228105535,94,6-8yr,boy_dog_frog,697
ECSC_1009_1_94F_1009_YR1,5,353,0.505730659025788,0.505730659025788,mid,,18.50462703889083,94,6-8yr,boy_dog_frog,697
ECSC_1009_1_94F_1009_YR1,6,373,0.5343839541547278,0.5343839541547278,mid,,14.24578888539198,94,6-8yr,boy_dog_frog,697
ECSC_1009_1_94F_1009_YR1,7,393,0.5630372492836676,0.5630372492836676,mid,,3.721794661962986,94,6-8yr,boy_dog_frog,697
ECSC_1009_1_94F_1009_YR1,8,412,0.5902578796561605,0.5902578796561605,mid,,4.4994576328345435,94,6-8yr,boy_dog_frog,697
ECSC_1009_1_94F_1009_YR1,9,432,0.6189111747851003,0.6189111747851003,mid,,2.385683619438363,94,6-8yr,boy_dog_frog,697
ECSC_1009_1_94F_1009_YR1,10,451,0.6461318051575932,0.6461318051575932,mid,,8.000188429262419,94,6-8yr,boy_dog_frog,697
ECSC_1009_1_94F_1009_YR1,11,471,0.6747851002865329,0.6747851002865329,late,,1.028649337972638,94,6-8yr,boy_dog_frog,697
ECSC_1009_1_94F_1009_YR1,12,490,0.7020057306590258,0.7020057306590258,late,,2.7176643430644107,94,6-8yr,boy_dog_frog,697
ECSC_1009_1_94F_1009_YR1,13,510,0.7306590257879656,0.7306590257879656,late,,1.6700390865054304,94,6-8yr,boy_dog_frog,697
ECSC_1009_1_94F_1009_YR1,14,530,0.7593123209169055,0.7593123209169055,late,5.068964506787329,4.212900853457822,94,6-8yr,boy_dog_frog,697
ECSC_1009_1_94F_1009_YR1,15,549,0.7865329512893983,0.7865329512893983,late,,6.493484046797767,94,6-8yr,boy_dog_frog,697
ECSC_1009_1_94F_1009_YR1,16,569,0.8151862464183381,0.8151862464183381,late,,1.1541361722071848,94,6-8yr,boy_dog_frog,697
ECSC_1009_1_94F_1009_YR1,17,588,0.8424068767908309,0.8424068767908309,late,,3.2999236169827766,94,6-8yr,boy_dog_frog,697
ECSC_1009_1_94F_1009_YR1,18,608,0.8710601719197708,0.8710601719197708,late,,3.4653662907745586,94,6-8yr,boy_dog_frog,697
ECSC_1009_1_94F_1009_YR1,19,628,0.8997134670487106,0.8997134670487106,late,2.8919158814944144,2.616143126303008,94,6-8yr,boy_dog_frog,697
ECSC_1009_2_94F_1009_YR2,0,256,0.1694242223692918,0.1694242223692918,early,,11.559725525768954,94,6-8yr,one_frog_too_many,1510
ECSC_1009_2_94F_1009_YR2,1,314,0.2078093977498345,0.2078093977498345,early,,10.42238614934758,94,6-8yr,one_frog_too_many,1510
ECSC_1009_2_94F_1009_YR2,2,372,0.2461945731303772,0.2461945731303772,early,,5.078466776130095,94,6-8yr,one_frog_too_many,1510
ECSC_1009_2_94F_1009_YR2,3,430,0.2845797485109199,0.2845797485109199,early,,19.780791398200822,94,6-8yr,one_frog_too_many,1510
ECSC_1009_2_94F_1009_YR2,4,488,0.3229649238914626,0.3229649238914626,early,,9.359663323776974,94,6-8yr,one_frog_too_many,1510
ECSC_1009_2_94F_1009_YR2,5,546,0.3613500992720053,0.3613500992720053,early,,21.05770155404244,94,6-8yr,one_frog_too_many,1510
ECSC_1009_2_94F_1009_YR2,6,604,0.399735274652548,0.399735274652548,early,,18.474984134033072,94,6-8yr,one_frog_too_many,1510
ECSC_1009_2_94F_1009_YR2,7,662,0.4381204500330907,0.4381204500330907,mid,,8.819489804310843,94,6-8yr,one_frog_too_many,1510
ECSC_1009_2_94F_1009_YR2,8,720,0.4765056254136333,0.4765056254136333,mid,,5.590770234621692,94,6-8yr,one_frog_too_many,1510
ECSC_1009_2_94F_1009_YR2,9,778,0.514890800794176,0.514890800794176,mid,,3.902124320224941,94,6-8yr,one_frog_too_many,1510
ECSC_1009_2_94F_1009_YR2,10,836,0.5532759761747187,0.5532759761747187,mid,,7.078913518599416,94,6-8yr,one_frog_too_many,1510
ECSC_1009_2_94F_1009_YR2,11,894,0.5916611515552614,0.5916611515552614,mid,,9.313562534445314,94,6-8yr,one_frog_too_many,1510
ECSC_1009_2_94F_1009_YR2,12,952,0.6300463269358041,0.6300463269358041,mid,,12.401621392406703,94,6-8yr,one_frog_too_many,1510
ECSC_1009_2_94F_1009_YR2,13,1010,0.6684315023163467,0.6684315023163467,late,,17.187073847842406,94,6-8yr,one_frog_too_many,1510
ECSC_1009_2_94F_1009_YR2,14,1068,0.7068166776968895,0.7068166776968895,late,,4.678955683401026,94,6-8yr,one_frog_too_many,1510
ECSC_1009_2_94F_1009_YR2,15,1126,0.7452018530774321,0.7452018530774321,late,,1.7038261087915298,94,6-8yr,one_frog_too_many,1510
ECSC_1009_2_94F_1009_YR2,16,1184,0.7835870284579749,0.7835870284579749,late,,14.659944888562311,94,6-8yr,one_frog_too_many,1510
ECSC_1009_2_94F_1009_YR2,17,1242,0.8219722038385175,0.8219722038385175,late,,1.374860608797154,94,6-8yr,one_frog_too_many,1510
ECSC_1009_2_94F_1009_YR2,18,1300,0.8603573792190602,0.8603573792190602,late,,9.277664549778995,94,6-8yr,one_frog_too_many,1510
ECSC_1009_2_94F_1009_YR2,19,1359,0.899404367968233,0.899404367968233,late,15.721720287303327,13.96487129291809,94,6-8yr,one_frog_too_many,1510
ECSC_1009_3_94F_1009_YR3,0,256,0.3350785340314136,0.3350785340314136,early,,12.4767898385237,94,6-8yr,one_frog_too_many,763
ECSC_1009_3_94F_1009_YR3,1,278,0.3638743455497382,0.3638743455497382,early,,3.036817278656855,94,6-8yr,one_frog_too_many,763
ECSC_1009_3_94F_1009_YR3,2,301,0.393979057591623,0.393979057591623,early,,6.437386845668373,94,6-8yr,one_frog_too_many,763
ECSC_1009_3_94F_1009_YR3,3,324,0.4240837696335078,0.4240837696335078,mid,,7.046502599251175,94,6-8yr,one_frog_too_many,763
ECSC_1009_3_94F_1009_YR3,4,346,0.4528795811518324,0.4528795811518324,mid,,2.319813482232501,94,6-8yr,one_frog_too_many,763
ECSC_1009_3_94F_1009_YR3,5,369,0.4829842931937173,0.4829842931937173,mid,,0.5765569237812493,94,6-8yr,one_frog_too_many,763
ECSC_1009_3_94F_1009_YR3,6,392,0.5130890052356021,0.5130890052356021,mid,,2.321049292400036,94,6-8yr,one_frog_too_many,763
ECSC_1009_3_94F_1009_YR3,7,414,0.5418848167539267,0.5418848167539267,mid,,12.512072984298822,94,6-8yr,one_frog_too_many,763
ECSC_1009_3_94F_1009_YR3,8,437,0.5719895287958116,0.5719895287958116,mid,,10.159719523940035,94,6-8yr,one_frog_too_many,763
ECSC_1009_3_94F_1009_YR3,9,460,0.6020942408376964,0.6020942408376964,mid,,4.988139083798357,94,6-8yr,one_frog_too_many,763
ECSC_1009_3_94F_1009_YR3,10,482,0.6308900523560209,0.6308900523560209,mid,,7.432660435758599,94,6-8yr,one_frog_too_many,763
ECSC_1009_3_94F_1009_YR3,11,505,0.6609947643979057,0.6609947643979057,late,,5.396127092912218,94,6-8yr,one_frog_too_many,763
ECSC_1009_3_94F_1009_YR3,12,528,0.6910994764397905,0.6910994764397905,late,,4.5032761557889,94,6-8yr,one_frog_too_many,763
ECSC_1009_3_94F_1009_YR3,13,550,0.7198952879581152,0.7198952879581152,late,,2.34553840848596,94,6-8yr,one_frog_too_many,763
ECSC_1009_3_94F_1009_YR3,14,573,0.75,0.75,late,,4.388614819317196,94,6-8yr,one_frog_too_many,763
ECSC_1009_3_94F_1009_YR3,15,596,0.7801047120418848,0.7801047120418848,late,,1.6640476316343324,94,6-8yr,one_frog_too_many,763
ECSC_1009_3_94F_1009_YR3,16,618,0.8089005235602095,0.8089005235602095,late,,3.315171447776587,94,6-8yr,one_frog_too_many,763
ECSC_1009_3_94F_1009_YR3,17,641,0.8390052356020943,0.8390052356020943,late,,20.519961614439534,94,6-8yr,one_frog_too_many,763
ECSC_1009_3_94F_1009_YR3,18,664,0.8691099476439791,0.8691099476439791,late,,40.14021804565586,94,6-8yr,one_frog_too_many,763
ECSC_1009_3_94F_1009_YR3,19,687,0.8992146596858639,0.8992146596858639,late,12.372466687040443,10.77647573073538,94,6-8yr,one_frog_too_many,763
ECSC_1012_1_94F_1012_YR1,0,256,0.5701559020044543,0.5701559020044543,mid,,6.115771109048857,94,6-8yr,one_frog_too_many,448
ECSC_1012_1_94F_1012_YR1,1,263,0.5857461024498887,0.5857461024498887,mid,,6.788165568971852,94,6-8yr,one_frog_too_many,448
ECSC_1012_1_94F_1012_YR1,2,271,0.6035634743875279,0.6035634743875279,mid,,6.4121728040921475,94,6-8yr,one_frog_too_many,448
ECSC_1012_1_94F_1012_YR1,3,279,0.621380846325167,0.621380846325167,mid,,17.665979243616967,94,6-8yr,one_frog_too_many,448
ECSC_1012_1_94F_1012_YR1,4,287,0.6391982182628062,0.6391982182628062,mid,,22.04338291858454,94,6-8yr,one_frog_too_many,448
ECSC_1012_1_94F_1012_YR1,5,294,0.6547884187082406,0.6547884187082406,mid,,9.406470999417827,94,6-8yr,one_frog_too_many,448
ECSC_1012_1_94F_1012_YR1,6,302,0.6726057906458798,0.6726057906458798,late,,10.929758546936512,94,6-8yr,one_frog_too_many,448
ECSC_1012_1_94F_1012_YR1,7,310,0.6904231625835189,0.6904231625835189,late,,17.628736878920627,94,6-8yr,one_frog_too_many,448
ECSC_1012_1_94F_1012_YR1,8,318,0.7082405345211581,0.7082405345211581,late,,9.620519620506755,94,6-8yr,one_frog_too_many,448
ECSC_1012_1_94F_1012_YR1,9,326,0.7260579064587973,0.7260579064587973,late,,8.914111065688848,94,6-8yr,one_frog_too_many,448
ECSC_1012_1_94F_1012_YR1,10,333,0.7416481069042317,0.7416481069042317,late,,5.840823628418013,94,6-8yr,one_frog_too_many,448
ECSC_1012_1_94F_1012_YR1,11,341,0.7594654788418709,0.7594654788418709,late,,6.118311117151761,94,6-8yr,one_frog_too_many,448
ECSC_1012_1_94F_1012_YR1,12,349,0.77728285077951,0.77728285077951,late,,5.067087121331429,94,6-8yr,one_frog_too_many,448
ECSC_1012_1_94F_1012_YR1,13,357,0.7951002227171492,0.7951002227171492,late,,4.905131858418017,94,6-8yr,one_frog_too_many,448
ECSC_1012_1_94F_1012_YR1,14,365,0.8129175946547884,0.8129175946547884,late,,5.06760373344439,94,6-8yr,one_frog_too_many,448
ECSC_1012_1_94F_1012_YR1,15,372,0.8285077951002228,0.8285077951002228,late,,3.055294054774677,94,6-8yr,one_frog_too_many,448
ECSC_1012_1_94F_1012_YR1,16,380,0.8463251670378619,0.8463251670378619,late,,0.1333461068316541,94,6-8yr,one_frog_too_many,448
ECSC_1012_1_94F_1012_YR1,17,388,0.8641425389755011,0.8641425389755011,late,,0.6186547751316809,94,6-8yr,one_frog_too_many,448
ECSC_1012_1_94F_1012_YR1,18,396,0.8819599109131403,0.8819599109131403,late,,1.7900151705611655,94,6-8yr,one_frog_too_many,448
ECSC_1012_1_94F_1012_YR1,19,404,0.8997772828507795,0.8997772828507795,late,,2.3146787593974008,94,6-8yr,one_frog_too_many,448
ECSC_1012_2_94F_1012_YR2,0,256,0.7529411764705882,0.7529411764705882,late,,7.023426537460185,94,6-8yr,one_frog_too_many,339
ECSC_1012_2_94F_1012_YR2,1,258,0.7588235294117647,0.7588235294117647,late,,7.232780920961584,94,6-8yr,one_frog_too_many,339
ECSC_1012_2_94F_1012_YR2,2,260,0.7647058823529411,0.7647058823529411,late,,7.768283760192279,94,6-8yr,one_frog_too_many,339
ECSC_1012_2_94F_1012_YR2,3,262,0.7705882352941177,0.7705882352941177,late,,6.384881153211225,94,6-8yr,one_frog_too_many,339
ECSC_1012_2_94F_1012_YR2,4,265,0.7794117647058824,0.7794117647058824,late,,2.8545809118464778,94,6-8yr,one_frog_too_many,339
ECSC_1012_2_94F_1012_YR2,5,267,0.7852941176470588,0.7852941176470588,late,,4.607534381675638,94,6-8yr,one_frog_too_many,339
ECSC_1012_2_94F_1012_YR2,6,269,0.7911764705882353,0.7911764705882353,late,,7.239677771310328,94,6-8yr,one_frog_too_many,339
ECSC_1012_2_94F_1012_YR2,7,272,0.8,0.8,late,,5.41435622600839,94,6-8yr,one_frog_too_many,339
ECSC_1012_2_94F_1012_YR2,8,274,0.8058823529411765,0.8058823529411765,late,,9.992228405066092,94,6-8yr,one_frog_too_many,339
ECSC_1012_2_94F_1012_YR2,9,276,0.8117647058823529,0.8117647058823529,late,,8.205019382024938,94,6-8yr,one_frog_too_many,339
ECSC_1012_2_94F_1012_YR2,10,279,0.8205882352941176,0.8205882352941176,late,,5.431398047416469,94,6-8yr,one_frog_too_many,339
ECSC_1012_2_94F_1012_YR2,11,281,0.8264705882352941,0.8264705882352941,late,,8.233776742031127,94,6-8yr,one_frog_too_many,339
ECSC_1012_2_94F_1012_YR2,12,283,0.8323529411764706,0.8323529411764706,late,,7.629412791720485,94,6-8yr,one_frog_too_many,339
ECSC_1012_2_94F_1012_YR2,13,286,0.8411764705882353,0.8411764705882353,late,,6.49831791032817,94,6-8yr,one_frog_too_many,339
ECSC_1012_2_94F_1012_YR2,14,288,0.8470588235294118,0.8470588235294118,late,,5.667737022235151,94,6-8yr,one_frog_too_many,339
ECSC_1012_2_94F_1012_YR2,15,290,0.8529411764705882,0.8529411764705882,late,,5.775875196703481,94,6-8yr,one_frog_too_many,339
ECSC_1012_2_94F_1012_YR2,16,293,0.861764705882353,0.861764705882353,late,,5.638642562854164,94,6-8yr,one_frog_too_many,339
ECSC_1012_2_94F_1012_YR2,17,295,0.8676470588235294,0.8676470588235294,late,,6.693278728609545,94,6-8yr,one_frog_too_many,339
ECSC_1012_2_94F_1012_YR2,18,297,0.8735294117647059,0.8735294117647059,late,,5.593081745775049,94,6-8yr,one_frog_too_many,339
ECSC_1012_2_94F_1012_YR2,19,300,0.8823529411764706,0.8823529411764706,late,,4.2724525425081925,94,6-8yr,one_frog_too_many,339
ECSC_1012_3_94F_1012_YR3,0,256,0.6754617414248021,0.6754617414248021,late,,26.953041003744833,94,6-8yr,boy_dog_frog,378
ECSC_1012_3_94F_1012_YR3,1,260,0.6860158311345647,0.6860158311345647,late,,29.39951114255949,94,6-8yr,boy_dog_frog,378
ECSC_1012_3_94F_1012_YR3,2,264,0.6965699208443272,0.6965699208443272,late,,25.76638021718984,94,6-8yr,boy_dog_frog,378
ECSC_1012_3_94F_1012_YR3,3,269,0.7097625329815304,0.7097625329815304,late,,25.86829935043955,94,6-8yr,boy_dog_frog,378
ECSC_1012_3_94F_1012_YR3,4,273,0.7203166226912929,0.7203166226912929,late,,5.790339470257223,94,6-8yr,boy_dog_frog,378
ECSC_1012_3_94F_1012_YR3,5,277,0.7308707124010554,0.7308707124010554,late,,4.402014666571006,94,6-8yr,boy_dog_frog,378
ECSC_1012_3_94F_1012_YR3,6,282,0.7440633245382586,0.7440633245382586,late,,4.194865588550908,94,6-8yr,boy_dog_frog,378
ECSC_1012_3_94F_1012_YR3,7,286,0.7546174142480211,0.7546174142480211,late,,3.999791661330999,94,6-8yr,boy_dog_frog,378
ECSC_1012_3_94F_1012_YR3,8,290,0.7651715039577837,0.7651715039577837,late,,3.2855016285392225,94,6-8yr,boy_dog_frog,378
ECSC_1012_3_94F_1012_YR3,9,295,0.7783641160949868,0.7783641160949868,late,,2.9030798225323142,94,6-8yr,boy_dog_frog,378
ECSC_1012_3_94F_1012_YR3,10,299,0.7889182058047494,0.7889182058047494,late,,4.439391821168245,94,6-8yr,boy_dog_frog,378
ECSC_1012_3_94F_1012_YR3,11,304,0.8021108179419525,0.8021108179419525,late,,4.191223139510708,94,6-8yr,boy_dog_frog,378
ECSC_1012_3_94F_1012_YR3,12,308,0.8126649076517151,0.8126649076517151,late,,3.939445613791523,94,6-8yr,boy_dog_frog,378
ECSC_1012_3_94F_1012_YR3,13,312,0.8232189973614775,0.8232189973614775,late,,4.634286047351706,94,6-8yr,boy_dog_frog,378
ECSC_1012_3_94F_1012_YR3,14,317,0.8364116094986808,0.8364116094986808,late,,1.6632285312678745,94,6-8yr,boy_dog_frog,378
ECSC_1012_3_94F_1012_YR3,15,321,0.8469656992084432,0.8469656992084432,late,,2.890293313347902,94,6-8yr,boy_dog_frog,378
ECSC_1012_3_94F_1012_YR3,16,325,0.8575197889182058,0.8575197889182058,late,,2.339634075884998,94,6-8yr,boy_dog_frog,378
ECSC_1012_3_94F_1012_YR3,17,330,0.8707124010554089,0.8707124010554089,late,,1.904694860963447,94,6-8yr,boy_dog_frog,378
ECSC_1012_3_94F_1012_YR3,18,334,0.8812664907651715,0.8812664907651715,late,,2.7756251787806026,94,6-8yr,boy_dog_frog,378
ECSC_1012_3_94F_1012_YR3,19,339,0.8944591029023746,0.8944591029023746,late,,2.1086309728334527,94,6-8yr,boy_dog_frog,378
ECSC_1021_1_94F_1021_YR1,0,256,0.2650103519668737,0.2650103519668737,early,,5.84845532339679,94,6-8yr,frog_on_his_own,965
ECSC_1021_1_94F_1021_YR1,1,288,0.2981366459627329,0.2981366459627329,early,,4.736962294328383,94,6-8yr,frog_on_his_own,965
ECSC_1021_1_94F_1021_YR1,2,320,0.3312629399585921,0.3312629399585921,early,,10.976812841705712,94,6-8yr,frog_on_his_own,965
ECSC_1021_1_94F_1021_YR1,3,352,0.3643892339544513,0.3643892339544513,early,,5.538483223204262,94,6-8yr,frog_on_his_own,965
ECSC_1021_1_94F_1021_YR1,4,385,0.3985507246376811,0.3985507246376811,early,,2.028681784174866,94,6-8yr,frog_on_his_own,965
ECSC_1021_1_94F_1021_YR1,5,417,0.4316770186335403,0.4316770186335403,mid,,4.425019524680451,94,6-8yr,frog_on_his_own,965
ECSC_1021_1_94F_1021_YR1,6,449,0.4648033126293996,0.4648033126293996,mid,,0.8660347781231401,94,6-8yr,frog_on_his_own,965
ECSC_1021_1_94F_1021_YR1,7,481,0.4979296066252588,0.4979296066252588,mid,,8.879134607708082,94,6-8yr,frog_on_his_own,965
ECSC_1021_1_94F_1021_YR1,8,514,0.5320910973084886,0.5320910973084886,mid,,4.314539041664438,94,6-8yr,frog_on_his_own,965
ECSC_1021_1_94F_1021_YR1,9,546,0.5652173913043478,0.5652173913043478,mid,,14.24322315492862,94,6-8yr,frog_on_his_own,965
ECSC_1021_1_94F_1021_YR1,10,578,0.598343685300207,0.598343685300207,mid,,6.358640429363373,94,6-8yr,frog_on_his_own,965
ECSC_1021_1_94F_1021_YR1,11,610,0.6314699792960663,0.6314699792960663,mid,,11.452677775372992,94,6-8yr,frog_on_his_own,965
ECSC_1021_1_94F_1021_YR1,12,643,0.6656314699792961,0.6656314699792961,late,4.69623629800585,4.133397174319051,94,6-8yr,frog_on_his_own,965
ECSC_1021_1_94F_1021_YR1,13,675,0.6987577639751553,0.6987577639751553,late,,2.8183958810972856,94,6-8yr,frog_on_his_own,965
ECSC_1021_1_94F_1021_YR1,14,707,0.7318840579710145,0.7318840579710145,late,,14.005071902364351,94,6-8yr,frog_on_his_own,965
ECSC_1021_1_94F_1021_YR1,15,739,0.7650103519668737,0.7650103519668737,late,,2.9882970087272405,94,6-8yr,frog_on_his_own,965
ECSC_1021_1_94F_1021_YR1,16,772,0.7991718426501035,0.7991718426501035,late,,11.30746828195106,94,6-8yr,frog_on_his_own,965
ECSC_1021_1_94F_1021_YR1,17,804,0.8322981366459627,0.8322981366459627,late,,1.2320025704564088,94,6-8yr,frog_on_his_own,965
ECSC_1021_1_94F_1021_YR1,18,836,0.865424430641822,0.865424430641822,late,,1.1343523177997046,94,6-8yr,frog_on_his_own,965
ECSC_1021_1_94F_1021_YR1,19,869,0.8995859213250518,0.8995859213250518,late,6.4589122783523205,4.7820346919970955,94,6-8yr,frog_on_his_own,965
ECSC_1021_2_94F_1021_YR2,0,256,0.1824661439771917,0.1824661439771917,early,,3.913376257127519,94,6-8yr,frog_on_his_own,1402
ECSC_1021_2_94F_1021_YR2,1,308,0.2195295794725588,0.2195295794725588,early,,7.460085889005914,94,6-8yr,frog_on_his_own,1402
ECSC_1021_2_94F_1021_YR2,2,361,0.2573057733428368,0.2573057733428368,early,,1.1800771139863926,94,6-8yr,frog_on_his_own,1402
ECSC_1021_2_94F_1021_YR2,3,414,0.2950819672131147,0.2950819672131147,early,,8.273301214118167,94,6-8yr,frog_on_his_own,1402
ECSC_1021_2_94F_1021_YR2,4,467,0.3328581610833927,0.3328581610833927,early,,5.814158584081431,94,6-8yr,frog_on_his_own,1402
ECSC_1021_2_94F_1021_YR2,5,520,0.3706343549536707,0.3706343549536707,early,,41.89624127021577,94,6-8yr,frog_on_his_own,1402
ECSC_1021_2_94F_1021_YR2,6,573,0.4084105488239486,0.4084105488239486,early,,0.6347695385885661,94,6-8yr,frog_on_his_own,1402
ECSC_1021_2_94F_1021_YR2,7,626,0.4461867426942266,0.4461867426942266,mid,,10.740967890002445,94,6-8yr,frog_on_his_own,1402
ECSC_1021_2_94F_1021_YR2,8,679,0.4839629365645046,0.4839629365645046,mid,,1.5594788780819109,94,6-8yr,frog_on_his_own,1402
ECSC_1021_2_94F_1021_YR2,9,732,0.5217391304347826,0.5217391304347826,mid,,10.204497044967969,94,6-8yr,frog_on_his_own,1402
ECSC_1021_2_94F_1021_YR2,10,785,0.5595153243050606,0.5595153243050606,mid,,12.260050756642787,94,6-8yr,frog_on_his_own,1402
ECSC_1021_2_94F_1021_YR2,11,838,0.5972915181753385,0.5972915181753385,mid,,7.983066021732565,94,6-8yr,frog_on_his_own,1402
ECSC_1021_2_94F_1021_YR2,12,891,0.6350677120456165,0.6350677120456165,mid,,4.0791907907905465,94,6-8yr,frog_on_his_own,1402
ECSC_1021_2_94F_1021_YR2,13,944,0.6728439059158945,0.6728439059158945,late,,3.9492041855325777,94,6-8yr,frog_on_his_own,1402
ECSC_1021_2_94F_1021_YR2,14,997,0.7106200997861725,0.7106200997861725,late,,63.300254934228604,94,6-8yr,frog_on_his_own,1402
ECSC_1021_2_94F_1021_YR2,15,1050,0.7483962936564504,0.7483962936564504,late,,13.14832204778024,94,6-8yr,frog_on_his_own,1402
ECSC_1021_2_94F_1021_YR2,16,1103,0.7861724875267284,0.7861724875267284,late,,3.728547644564607,94,6-8yr,frog_on_his_own,1402
ECSC_1021_2_94F_1021_YR2,17,1156,0.8239486813970064,0.8239486813970064,late,,5.872259682684872,94,6-8yr,frog_on_his_own,1402
ECSC_1021_2_94F_1021_YR2,18,1209,0.8617248752672844,0.8617248752672844,late,,1.3927970546762083,94,6-8yr,frog_on_his_own,1402
ECSC_1021_2_94F_1021_YR2,19,1262,0.8995010691375623,0.8995010691375623,late,23.30244875472848,19.243956014206237,94,6-8yr,frog_on_his_own,1402
ECSC_1021_3_94F_1021_YR3,0,256,0.2585858585858586,0.2585858585858586,early,,8.896250145364576,94,6-8yr,one_frog_too_many,989
ECSC_1021_3_94F_1021_YR3,1,289,0.2919191919191919,0.2919191919191919,early,,6.3124737800206745,94,6-8yr,one_frog_too_many,989
ECSC_1021_3_94F_1021_YR3,2,322,0.3252525252525252,0.3252525252525252,early,,3.671935640333995,94,6-8yr,one_frog_too_many,989
ECSC_1021_3_94F_1021_YR3,3,356,0.3595959595959596,0.3595959595959596,early,,4.470793346386374,94,6-8yr,one_frog_too_many,989
ECSC_1021_3_94F_1021_YR3,4,389,0.3929292929292929,0.3929292929292929,early,,26.573818952167073,94,6-8yr,one_frog_too_many,989
ECSC_1021_3_94F_1021_YR3,5,423,0.4272727272727272,0.4272727272727272,mid,,5.630811850897011,94,6-8yr,one_frog_too_many,989
ECSC_1021_3_94F_1021_YR3,6,456,0.4606060606060606,0.4606060606060606,mid,,30.836473310486596,94,6-8yr,one_frog_too_many,989
ECSC_1021_3_94F_1021_YR3,7,489,0.4939393939393939,0.4939393939393939,mid,,5.076873130470144,94,6-8yr,one_frog_too_many,989
ECSC_1021_3_94F_1021_YR3,8,523,0.5282828282828282,0.5282828282828282,mid,,8.505437215948158,94,6-8yr,one_frog_too_many,989
ECSC_1021_3_94F_1021_YR3,9,556,0.5616161616161616,0.5616161616161616,mid,,3.6563965142972705,94,6-8yr,one_frog_too_many,989
ECSC_1021_3_94F_1021_YR3,10,590,0.5959595959595959,0.5959595959595959,mid,,3.354311018681644,94,6-8yr,one_frog_too_many,989
ECSC_1021_3_94F_1021_YR3,11,623,0.6292929292929293,0.6292929292929293,mid,,46.38138688875067,94,6-8yr,one_frog_too_many,989
ECSC_1021_3_94F_1021_YR3,12,657,0.6636363636363637,0.6636363636363637,late,,19.181793905104076,94,6-8yr,one_frog_too_many,989
ECSC_1021_3_94F_1021_YR3,13,690,0.696969696969697,0.696969696969697,late,,5.873941191429539,94,6-8yr,one_frog_too_many,989
ECSC_1021_3_94F_1021_YR3,14,723,0.7303030303030303,0.7303030303030303,late,,8.800764233659153,94,6-8yr,one_frog_too_many,989
ECSC_1021_3_94F_1021_YR3,15,757,0.7646464646464647,0.7646464646464647,late,,16.081608136333386,94,6-8yr,one_frog_too_many,989
ECSC_1021_3_94F_1021_YR3,16,790,0.797979797979798,0.797979797979798,late,,16.129126058931387,94,6-8yr,one_frog_too_many,989
ECSC_1021_3_94F_1021_YR3,17,824,0.8323232323232324,0.8323232323232324,late,,15.859648239153064,94,6-8yr,one_frog_too_many,989
ECSC_1021_3_94F_1021_YR3,18,857,0.8656565656565657,0.8656565656565657,late,,8.420905177630951,94,6-8yr,one_frog_too_many,989
ECSC_1021_3_94F_1021_YR3,19,891,0.9,0.9,late,19.733904600863113,19.447518219037725,94,6-8yr,one_frog_too_many,989
ECSC_4020_1_95F_4020_YR1,0,256,0.624390243902439,0.624390243902439,mid,,3.709476293137591,95,6-8yr,unknown,409
ECSC_4020_1_95F_4020_YR1,1,261,0.6365853658536585,0.6365853658536585,mid,,5.2340269839561415,95,6-8yr,unknown,409
ECSC_4020_1_95F_4020_YR1,2,267,0.651219512195122,0.651219512195122,mid,,-0.081186810228468,95,6-8yr,unknown,409
ECSC_4020_1_95F_4020_YR1,3,273,0.6658536585365854,0.6658536585365854,late,,-1.6533331377048022,95,6-8yr,unknown,409
ECSC_4020_1_95F_4020_YR1,4,279,0.6804878048780488,0.6804878048780488,late,,0.4434920631673709,95,6-8yr,unknown,409
ECSC_4020_1_95F_4020_YR1,5,285,0.6951219512195121,0.6951219512195121,late,,0.1351543800805243,95,6-8yr,unknown,409
ECSC_4020_1_95F_4020_YR1,6,291,0.7097560975609756,0.7097560975609756,late,,0.3723858658032934,95,6-8yr,unknown,409
ECSC_4020_1_95F_4020_YR1,7,297,0.724390243902439,0.724390243902439,late,,1.4666189579561075,95,6-8yr,unknown,409
ECSC_4020_1_95F_4020_YR1,8,303,0.7390243902439024,0.7390243902439024,late,,0.0218785743456573,95,6-8yr,unknown,409
ECSC_4020_1_95F_4020_YR1,9,309,0.7536585365853659,0.7536585365853659,late,,-0.0607414586430543,95,6-8yr,unknown,409
ECSC_4020_1_95F_4020_YR1,10,315,0.7682926829268293,0.7682926829268293,late,,0.8088260465744241,95,6-8yr,unknown,409
ECSC_4020_1_95F_4020_YR1,11,321,0.7829268292682927,0.7829268292682927,late,,2.371701618473832,95,6-8yr,unknown,409
ECSC_4020_1_95F_4020_YR1,12,327,0.7975609756097561,0.7975609756097561,late,,2.5928012461454397,95,6-8yr,unknown,409
ECSC_4020_1_95F_4020_YR1,13,333,0.8121951219512196,0.8121951219512196,late,,1.7815125293952896,95,6-8yr,unknown,409
ECSC_4020_1_95F_4020_YR1,14,339,0.8268292682926829,0.8268292682926829,late,,1.659037351189184,95,6-8yr,unknown,409
ECSC_4020_1_95F_4020_YR1,15,345,0.8414634146341463,0.8414634146341463,late,,3.030178827107134,95,6-8yr,unknown,409
ECSC_4020_1_95F_4020_YR1,16,351,0.8560975609756097,0.8560975609756097,late,,4.572100363819967,95,6-8yr,unknown,409
ECSC_4020_1_95F_4020_YR1,17,357,0.8707317073170732,0.8707317073170732,late,,3.1156819096653923,95,6-8yr,unknown,409
ECSC_4020_1_95F_4020_YR1,18,363,0.8853658536585366,0.8853658536585366,late,,3.196560288614622,95,6-8yr,unknown,409
ECSC_4020_1_95F_4020_YR1,19,369,0.9,0.9,late,,1.7853636906387005,95,6-8yr,unknown,409
ECSC_4039_1_95F_4039_YR1,0,256,0.6139088729016786,0.6139088729016786,mid,,7.086062455595117,95,6-8yr,unknown,416
ECSC_4039_1_95F_4039_YR1,1,262,0.6282973621103117,0.6282973621103117,mid,,3.3460081668650083,95,6-8yr,unknown,416
ECSC_4039_1_95F_4039_YR1,2,268,0.6426858513189448,0.6426858513189448,mid,,0.2706715361662084,95,6-8yr,unknown,416
ECSC_4039_1_95F_4039_YR1,3,274,0.657074340527578,0.657074340527578,mid,,1.7064447830119676,95,6-8yr,unknown,416
ECSC_4039_1_95F_4039_YR1,4,281,0.6738609112709832,0.6738609112709832,late,,2.6301959107073376,95,6-8yr,unknown,416
ECSC_4039_1_95F_4039_YR1,5,287,0.6882494004796164,0.6882494004796164,late,,5.763388683911433,95,6-8yr,unknown,416
ECSC_4039_1_95F_4039_YR1,6,293,0.7026378896882494,0.7026378896882494,late,,2.7936701951447898,95,6-8yr,unknown,416
ECSC_4039_1_95F_4039_YR1,7,299,0.7170263788968825,0.7170263788968825,late,,0.2815734306999058,95,6-8yr,unknown,416
ECSC_4039_1_95F_4039_YR1,8,306,0.7338129496402878,0.7338129496402878,late,,1.658580568944295,95,6-8yr,unknown,416
ECSC_4039_1_95F_4039_YR1,9,312,0.7482014388489209,0.7482014388489209,late,,1.3866846855427006,95,6-8yr,unknown,416
ECSC_4039_1_95F_4039_YR1,10,318,0.762589928057554,0.762589928057554,late,,1.808728318142279,95,6-8yr,unknown,416
ECSC_4039_1_95F_4039_YR1,11,324,0.7769784172661871,0.7769784172661871,late,,0.4502667286969561,95,6-8yr,unknown,416
ECSC_4039_1_95F_4039_YR1,12,331,0.7937649880095923,0.7937649880095923,late,,1.4703497883738947,95,6-8yr,unknown,416
ECSC_4039_1_95F_4039_YR1,13,337,0.8081534772182254,0.8081534772182254,late,,4.863553356869819,95,6-8yr,unknown,416
ECSC_4039_1_95F_4039_YR1,14,343,0.8225419664268585,0.8225419664268585,late,,10.86151385220958,95,6-8yr,unknown,416
ECSC_4039_1_95F_4039_YR1,15,349,0.8369304556354916,0.8369304556354916,late,,13.447786418193058,95,6-8yr,unknown,416
ECSC_4039_1_95F_4039_YR1,16,356,0.8537170263788969,0.8537170263788969,late,,14.576399440851656,95,6-8yr,unknown,416
ECSC_4039_1_95F_4039_YR1,17,362,0.86810551558753,0.86810551558753,late,,16.795578562902087,95,6-8yr,unknown,416
ECSC_4039_1_95F_4039_YR1,18,368,0.882494004796163,0.882494004796163,late,,13.951667894662824,95,6-8yr,unknown,416
ECSC_4039_1_95F_4039_YR1,19,375,0.8992805755395683,0.8992805755395683,late,,7.513863835389106,95,6-8yr,unknown,416
ECSC_4023_1_95M_4023_YR1,0,256,0.8205128205128205,0.8205128205128205,late,,9.22081168202477,95,6-8yr,unknown,311
ECSC_4023_1_95M_4023_YR1,1,256,0.8205128205128205,0.8205128205128205,late,,9.22081168202477,95,6-8yr,unknown,311
ECSC_4023_1_95M_4023_YR1,2,257,0.8237179487179487,0.8237179487179487,late,,11.90798980463537,95,6-8yr,unknown,311
ECSC_4023_1_95M_4023_YR1,3,258,0.8269230769230769,0.8269230769230769,late,,11.802669028839098,95,6-8yr,unknown,311
ECSC_4023_1_95M_4023_YR1,4,259,0.8301282051282052,0.8301282051282052,late,,8.964235031791874,95,6-8yr,unknown,311
ECSC_4023_1_95M_4023_YR1,5,260,0.8333333333333334,0.8333333333333334,late,,5.903143838087804,95,6-8yr,unknown,311
ECSC_4023_1_95M_4023_YR1,6,261,0.8365384615384616,0.8365384615384616,late,,5.677276673703297,95,6-8yr,unknown,311
ECSC_4023_1_95M_4023_YR1,7,261,0.8365384615384616,0.8365384615384616,late,,5.677276673703297,95,6-8yr,unknown,311
ECSC_4023_1_95M_4023_YR1,8,262,0.8397435897435898,0.8397435897435898,late,,5.216198363417549,95,6-8yr,unknown,311
ECSC_4023_1_95M_4023_YR1,9,263,0.842948717948718,0.842948717948718,late,,4.871078148264473,95,6-8yr,unknown,311
ECSC_4023_1_95M_4023_YR1,10,264,0.8461538461538461,0.8461538461538461,late,,4.624768424604312,95,6-8yr,unknown,311
ECSC_4023_1_95M_4023_YR1,11,265,0.8493589743589743,0.8493589743589743,late,,3.978194541178467,95,6-8yr,unknown,311
ECSC_4023_1_95M_4023_YR1,12,266,0.8525641025641025,0.8525641025641025,late,,3.9164157550520766,95,6-8yr,unknown,311
ECSC_4023_1_95M_4023_YR1,13,266,0.8525641025641025,0.8525641025641025,late,,3.9164157550520766,95,6-8yr,unknown,311
ECSC_4023_1_95M_4023_YR1,14,267,0.8557692307692307,0.8557692307692307,late,,4.112022186327174,95,6-8yr,unknown,311
ECSC_4023_1_95M_4023_YR1,15,268,0.8589743589743589,0.8589743589743589,late,,3.7993836249947304,95,6-8yr,unknown,311
ECSC_4023_1_95M_4023_YR1,16,269,0.8621794871794872,0.8621794871794872,late,,3.159609921822698,95,6-8yr,unknown,311
ECSC_4023_1_95M_4023_YR1,17,270,0.8653846153846154,0.8653846153846154,late,,3.349493818787952,95,6-8yr,unknown,311
ECSC_4023_1_95M_4023_YR1,18,271,0.8685897435897436,0.8685897435897436,late,,2.6216637417719095,95,6-8yr,unknown,311
ECSC_4023_1_95M_4023_YR1,19,272,0.8717948717948718,0.8717948717948718,late,,1.809655113677401,95,6-8yr,unknown,311
ECSC_2027_1_100M_2027_YR1,0,256,0.4646098003629764,0.4646098003629764,mid,,-2.144953100416263,100,8-10yr,unknown,550
ECSC_2027_1_100M_2027_YR1,1,268,0.4863883847549909,0.4863883847549909,mid,,4.775602093658607,100,8-10yr,unknown,550
ECSC_2027_1_100M_2027_YR1,2,281,0.5099818511796733,0.5099818511796733,mid,,9.933356959396026,100,8-10yr,unknown,550
ECSC_2027_1_100M_2027_YR1,3,293,0.5317604355716878,0.5317604355716878,mid,,15.153274874962154,100,8-10yr,unknown,550
ECSC_2027_1_100M_2027_YR1,4,306,0.5553539019963702,0.5553539019963702,mid,,9.630108040726402,100,8-10yr,unknown,550
ECSC_2027_1_100M_2027_YR1,5,318,0.5771324863883848,0.5771324863883848,mid,,7.668500606215755,100,8-10yr,unknown,550
ECSC_2027_1_100M_2027_YR1,6,331,0.6007259528130672,0.6007259528130672,mid,,3.2888400253394128,100,8-10yr,unknown,550
ECSC_2027_1_100M_2027_YR1,7,344,0.6243194192377496,0.6243194192377496,mid,,3.9660259534396793,100,8-10yr,unknown,550
ECSC_2027_1_100M_2027_YR1,8,356,0.6460980036297641,0.6460980036297641,mid,,10.8899827431392,100,8-10yr,unknown,550
ECSC_2027_1_100M_2027_YR1,9,369,0.6696914700544465,0.6696914700544465,late,,22.65576606311658,100,8-10yr,unknown,550
ECSC_2027_1_100M_2027_YR1,10,381,0.691470054446461,0.691470054446461,late,,16.961240928069508,100,8-10yr,unknown,550
ECSC_2027_1_100M_2027_YR1,11,394,0.7150635208711433,0.7150635208711433,late,,8.499145270399165,100,8-10yr,unknown,550
ECSC_2027_1_100M_2027_YR1,12,406,0.7368421052631579,0.7368421052631579,late,,6.034542185075956,100,8-10yr,unknown,550
ECSC_2027_1_100M_2027_YR1,13,419,0.7604355716878403,0.7604355716878403,late,,14.75488428465876,100,8-10yr,unknown,550
ECSC_2027_1_100M_2027_YR1,14,432,0.7840290381125227,0.7840290381125227,late,,23.39469519243595,100,8-10yr,unknown,550
ECSC_2027_1_100M_2027_YR1,15,444,0.8058076225045372,0.8058076225045372,late,,13.8626323482758,100,8-10yr,unknown,550
ECSC_2027_1_100M_2027_YR1,16,457,0.8294010889292196,0.8294010889292196,late,,16.977367997828928,100,8-10yr,unknown,550
ECSC_2027_1_100M_2027_YR1,17,469,0.8511796733212341,0.8511796733212341,late,,5.120545524281859,100,8-10yr,unknown,550
ECSC_2027_1_100M_2027_YR1,18,482,0.8747731397459165,0.8747731397459165,late,,3.0962853811027564,100,8-10yr,unknown,550
ECSC_2027_1_100M_2027_YR1,19,495,0.8983666061705989,0.8983666061705989,late,,6.364082558531553,100,8-10yr,unknown,550
ECSC_1015_1_102F_1015_YR1,0,256,0.2306306306306306,0.2306306306306306,early,,11.248929148102452,102,8-10yr,one_frog_too_many,1109
ECSC_1015_1_102F_1015_YR1,1,295,0.2657657657657657,0.2657657657657657,early,,12.82836784766277,102,8-10yr,one_frog_too_many,1109
ECSC_1015_1_102F_1015_YR1,2,334,0.3009009009009009,0.3009009009009009,early,,9.763341791503157,102,8-10yr,one_frog_too_many,1109
ECSC_1015_1_102F_1015_YR1,3,373,0.336036036036036,0.336036036036036,early,,12.326818430795566,102,8-10yr,one_frog_too_many,1109
ECSC_1015_1_102F_1015_YR1,4,412,0.3711711711711711,0.3711711711711711,early,,30.8970661387172,102,8-10yr,one_frog_too_many,1109
ECSC_1015_1_102F_1015_YR1,5,451,0.4063063063063063,0.4063063063063063,early,,16.241955434665936,102,8-10yr,one_frog_too_many,1109
ECSC_1015_1_102F_1015_YR1,6,490,0.4414414414414414,0.4414414414414414,mid,,6.41394579393458,102,8-10yr,one_frog_too_many,1109
ECSC_1015_1_102F_1015_YR1,7,529,0.4765765765765766,0.4765765765765766,mid,,8.628835829454427,102,8-10yr,one_frog_too_many,1109
ECSC_1015_1_102F_1015_YR1,8,568,0.5117117117117117,0.5117117117117117,mid,,4.265958045028628,102,8-10yr,one_frog_too_many,1109
ECSC_1015_1_102F_1015_YR1,9,607,0.5468468468468468,0.5468468468468468,mid,,3.797351475646492,102,8-10yr,one_frog_too_many,1109
ECSC_1015_1_102F_1015_YR1,10,647,0.5828828828828829,0.5828828828828829,mid,,13.38211655662754,102,8-10yr,one_frog_too_many,1109
ECSC_1015_1_102F_1015_YR1,11,686,0.618018018018018,0.618018018018018,mid,,19.541536748960297,102,8-10yr,one_frog_too_many,1109
ECSC_1015_1_102F_1015_YR1,12,725,0.6531531531531531,0.6531531531531531,mid,,1.752170702248259,102,8-10yr,one_frog_too_many,1109
ECSC_1015_1_102F_1015_YR1,13,764,0.6882882882882883,0.6882882882882883,late,,24.876249852435983,102,8-10yr,one_frog_too_many,1109
ECSC_1015_1_102F_1015_YR1,14,803,0.7234234234234235,0.7234234234234235,late,,3.8908267227715263,102,8-10yr,one_frog_too_many,1109
ECSC_1015_1_102F_1015_YR1,15,842,0.7585585585585586,0.7585585585585586,late,,4.832200240930654,102,8-10yr,one_frog_too_many,1109
ECSC_1015_1_102F_1015_YR1,16,881,0.7936936936936937,0.7936936936936937,late,,11.848988916247489,102,8-10yr,one_frog_too_many,1109
ECSC_1015_1_102F_1015_YR1,17,920,0.8288288288288288,0.8288288288288288,late,,6.57423624475997,102,8-10yr,one_frog_too_many,1109
ECSC_1015_1_102F_1015_YR1,18,959,0.8639639639639639,0.8639639639639639,late,,9.832995307847607,102,8-10yr,one_frog_too_many,1109
ECSC_1015_1_102F_1015_YR1,19,999,0.9,0.9,late,5.034449398425327,4.830566542291375,102,8-10yr,one_frog_too_many,1109
ECSC_1015_2_102F_1015_YR2,0,256,0.2204995693367786,0.2204995693367786,early,,1.5841918066996286,102,8-10yr,frog_on_his_own,1160
ECSC_1015_2_102F_1015_YR2,1,297,0.2558139534883721,0.2558139534883721,early,,4.147529268931521,102,8-10yr,frog_on_his_own,1160
ECSC_1015_2_102F_1015_YR2,2,338,0.2911283376399655,0.2911283376399655,early,,4.5335096960660355,102,8-10yr,frog_on_his_own,1160
ECSC_1015_2_102F_1015_YR2,3,380,0.3273040482342808,0.3273040482342808,early,,4.147928816110586,102,8-10yr,frog_on_his_own,1160
ECSC_1015_2_102F_1015_YR2,4,421,0.3626184323858742,0.3626184323858742,early,,58.25388828738671,102,8-10yr,frog_on_his_own,1160
ECSC_1015_2_102F_1015_YR2,5,463,0.3987941429801895,0.3987941429801895,early,,6.059892595341038,102,8-10yr,frog_on_his_own,1160
ECSC_1015_2_102F_1015_YR2,6,504,0.4341085271317829,0.4341085271317829,mid,,3.5711898423023243,102,8-10yr,frog_on_his_own,1160
ECSC_1015_2_102F_1015_YR2,7,546,0.4702842377260982,0.4702842377260982,mid,,2.819081562168517,102,8-10yr,frog_on_his_own,1160
ECSC_1015_2_102F_1015_YR2,8,587,0.5055986218776917,0.5055986218776917,mid,,24.613386094680887,102,8-10yr,frog_on_his_own,1160
ECSC_1015_2_102F_1015_YR2,9,629,0.5417743324720069,0.5417743324720069,mid,,9.772065645583844,102,8-10yr,frog_on_his_own,1160
ECSC_1015_2_102F_1015_YR2,10,670,0.5770887166236004,0.5770887166236004,mid,,-0.6091200463231967,102,8-10yr,frog_on_his_own,1160
ECSC_1015_2_102F_1015_YR2,11,712,0.6132644272179156,0.6132644272179156,mid,,29.925615507105597,102,8-10yr,frog_on_his_own,1160
ECSC_1015_2_102F_1015_YR2,12,753,0.648578811369509,0.648578811369509,mid,,19.34449511971101,102,8-10yr,frog_on_his_own,1160
ECSC_1015_2_102F_1015_YR2,13,795,0.6847545219638242,0.6847545219638242,late,,10.37654934805738,102,8-10yr,frog_on_his_own,1160
ECSC_1015_2_102F_1015_YR2,14,836,0.7200689061154177,0.7200689061154177,late,,7.8905177022767,102,8-10yr,frog_on_his_own,1160
ECSC_1015_2_102F_1015_YR2,15,878,0.756244616709733,0.756244616709733,late,,3.601559727199504,102,8-10yr,frog_on_his_own,1160
ECSC_1015_2_102F_1015_YR2,16,919,0.7915590008613265,0.7915590008613265,late,,24.93639932751502,102,8-10yr,frog_on_his_own,1160
ECSC_1015_2_102F_1015_YR2,17,961,0.8277347114556417,0.8277347114556417,late,,3.82784486476292,102,8-10yr,frog_on_his_own,1160
ECSC_1015_2_102F_1015_YR2,18,1002,0.8630490956072352,0.8630490956072352,late,,24.340946589012187,102,8-10yr,frog_on_his_own,1160
ECSC_1015_2_102F_1015_YR2,19,1044,0.8992248062015504,0.8992248062015504,late,5.59930352074168,4.602251059955014,102,8-10yr,frog_on_his_own,1160
ECSC_1015_3_102F_1015_YR3,0,256,0.330749354005168,0.330749354005168,early,,12.37910510646293,102,8-10yr,boy_dog_frog,773
ECSC_1015_3_102F_1015_YR3,1,279,0.3604651162790697,0.3604651162790697,early,,15.250231214561005,102,8-10yr,boy_dog_frog,773
ECSC_1015_3_102F_1015_YR3,2,302,0.3901808785529715,0.3901808785529715,early,,5.228341455148165,102,8-10yr,boy_dog_frog,773
ECSC_1015_3_102F_1015_YR3,3,325,0.4198966408268734,0.4198966408268734,mid,,6.156104518775209,102,8-10yr,boy_dog_frog,773
ECSC_1015_3_102F_1015_YR3,4,348,0.4496124031007752,0.4496124031007752,mid,,9.99515858316274,102,8-10yr,boy_dog_frog,773
ECSC_1015_3_102F_1015_YR3,5,371,0.479328165374677,0.479328165374677,mid,,7.668430559159748,102,8-10yr,boy_dog_frog,773
ECSC_1015_3_102F_1015_YR3,6,394,0.5090439276485789,0.5090439276485789,mid,,7.821091373089747,102,8-10yr,boy_dog_frog,773
ECSC_1015_3_102F_1015_YR3,7,418,0.5400516795865633,0.5400516795865633,mid,,3.7068292564212246,102,8-10yr,boy_dog_frog,773
ECSC_1015_3_102F_1015_YR3,8,441,0.5697674418604651,0.5697674418604651,mid,,4.023106829266807,102,8-10yr,boy_dog_frog,773
ECSC_1015_3_102F_1015_YR3,9,464,0.599483204134367,0.599483204134367,mid,,12.958359613606095,102,8-10yr,boy_dog_frog,773
ECSC_1015_3_102F_1015_YR3,10,487,0.6291989664082688,0.6291989664082688,mid,,9.463239806649147,102,8-10yr,boy_dog_frog,773
ECSC_1015_3_102F_1015_YR3,11,510,0.6589147286821705,0.6589147286821705,late,,12.160215698040028,102,8-10yr,boy_dog_frog,773
ECSC_1015_3_102F_1015_YR3,12,533,0.6886304909560723,0.6886304909560723,late,,11.490896331596913,102,8-10yr,boy_dog_frog,773
ECSC_1015_3_102F_1015_YR3,13,557,0.7196382428940569,0.7196382428940569,late,,13.616585162216158,102,8-10yr,boy_dog_frog,773
ECSC_1015_3_102F_1015_YR3,14,580,0.7493540051679587,0.7493540051679587,late,,7.1745727069146845,102,8-10yr,boy_dog_frog,773
ECSC_1015_3_102F_1015_YR3,15,603,0.7790697674418605,0.7790697674418605,late,,2.4095414668541935,102,8-10yr,boy_dog_frog,773
ECSC_1015_3_102F_1015_YR3,16,626,0.8087855297157622,0.8087855297157622,late,,2.423580611864617,102,8-10yr,boy_dog_frog,773
ECSC_1015_3_102F_1015_YR3,17,649,0.838501291989664,0.838501291989664,late,,6.115640963522088,102,8-10yr,boy_dog_frog,773
ECSC_1015_3_102F_1015_YR3,18,672,0.8682170542635659,0.8682170542635659,late,,8.453978433496196,102,8-10yr,boy_dog_frog,773
ECSC_1015_3_102F_1015_YR3,19,696,0.8992248062015504,0.8992248062015504,late,5.258628650753025,4.3699746599528115,102,8-10yr,boy_dog_frog,773
ECSC_1059_1_104F_1059_YR1,0,256,0.3545706371191136,0.3545706371191136,early,,5.247927176725531,104,8-10yr,one_frog_too_many,721
ECSC_1059_1_104F_1059_YR1,1,276,0.3822714681440443,0.3822714681440443,early,,5.80539762245823,104,8-10yr,one_frog_too_many,721
ECSC_1059_1_104F_1059_YR1,2,297,0.4113573407202216,0.4113573407202216,mid,,1.410508723178186,104,8-10yr,one_frog_too_many,721
ECSC_1059_1_104F_1059_YR1,3,318,0.4404432132963989,0.4404432132963989,mid,,3.4623871101220525,104,8-10yr,one_frog_too_many,721
ECSC_1059_1_104F_1059_YR1,4,338,0.4681440443213296,0.4681440443213296,mid,,2.1912451428783797,104,8-10yr,one_frog_too_many,721
ECSC_1059_1_104F_1059_YR1,5,359,0.4972299168975069,0.4972299168975069,mid,,6.133978180945828,104,8-10yr,one_frog_too_many,721
ECSC_1059_1_104F_1059_YR1,6,380,0.5263157894736842,0.5263157894736842,mid,,3.2180182317905803,104,8-10yr,one_frog_too_many,721
ECSC_1059_1_104F_1059_YR1,7,400,0.554016620498615,0.554016620498615,mid,,4.2628836246814625,104,8-10yr,one_frog_too_many,721
ECSC_1059_1_104F_1059_YR1,8,421,0.5831024930747922,0.5831024930747922,mid,,10.029658565941537,104,8-10yr,one_frog_too_many,721
ECSC_1059_1_104F_1059_YR1,9,442,0.6121883656509696,0.6121883656509696,mid,,9.347864952731694,104,8-10yr,one_frog_too_many,721
ECSC_1059_1_104F_1059_YR1,10,462,0.6398891966759003,0.6398891966759003,mid,,2.57383888963896,104,8-10yr,one_frog_too_many,721
ECSC_1059_1_104F_1059_YR1,11,483,0.6689750692520776,0.6689750692520776,late,,8.17758934793531,104,8-10yr,one_frog_too_many,721
ECSC_1059_1_104F_1059_YR1,12,504,0.6980609418282548,0.6980609418282548,late,,12.208844135254676,104,8-10yr,one_frog_too_many,721
ECSC_1059_1_104F_1059_YR1,13,524,0.7257617728531855,0.7257617728531855,late,,3.918401917059521,104,8-10yr,one_frog_too_many,721
ECSC_1059_1_104F_1059_YR1,14,545,0.7548476454293629,0.7548476454293629,late,,10.971940888888565,104,8-10yr,one_frog_too_many,721
ECSC_1059_1_104F_1059_YR1,15,566,0.7839335180055401,0.7839335180055401,late,,4.900967025198257,104,8-10yr,one_frog_too_many,721
ECSC_1059_1_104F_1059_YR1,16,586,0.8116343490304709,0.8116343490304709,late,,1.2848851893798905,104,8-10yr,one_frog_too_many,721
ECSC_1059_1_104F_1059_YR1,17,607,0.8407202216066482,0.8407202216066482,late,,1.3700120552448158,104,8-10yr,one_frog_too_many,721
ECSC_1059_1_104F_1059_YR1,18,628,0.8698060941828255,0.8698060941828255,late,,4.0737732649675,104,8-10yr,one_frog_too_many,721
ECSC_1059_1_104F_1059_YR1,19,649,0.8988919667590027,0.8988919667590027,late,12.019822125252269,10.58044880202905,104,8-10yr,one_frog_too_many,721
ECSC_1059_2_104F_1059_YR2,0,256,0.6448362720403022,0.6448362720403022,mid,,-0.4102290916271931,104,8-10yr,one_frog_too_many,396
ECSC_1059_2_104F_1059_YR2,1,261,0.6574307304785895,0.6574307304785895,mid,,1.360101285134082,104,8-10yr,one_frog_too_many,396
ECSC_1059_2_104F_1059_YR2,2,266,0.6700251889168766,0.6700251889168766,late,,1.2361221468347363,104,8-10yr,one_frog_too_many,396
ECSC_1059_2_104F_1059_YR2,3,271,0.6826196473551638,0.6826196473551638,late,,0.8985086739515422,104,8-10yr,one_frog_too_many,396
ECSC_1059_2_104F_1059_YR2,4,277,0.6977329974811083,0.6977329974811083,late,,0.7238131568754413,104,8-10yr,one_frog_too_many,396
ECSC_1059_2_104F_1059_YR2,5,282,0.7103274559193955,0.7103274559193955,late,,1.1505548529487255,104,8-10yr,one_frog_too_many,396
ECSC_1059_2_104F_1059_YR2,6,287,0.7229219143576826,0.7229219143576826,late,,3.5368075005822117,104,8-10yr,one_frog_too_many,396
ECSC_1059_2_104F_1059_YR2,7,293,0.7380352644836272,0.7380352644836272,late,,3.6506273662682425,104,8-10yr,one_frog_too_many,396
ECSC_1059_2_104F_1059_YR2,8,298,0.7506297229219143,0.7506297229219143,late,,3.1906515371518616,104,8-10yr,one_frog_too_many,396
ECSC_1059_2_104F_1059_YR2,9,303,0.7632241813602015,0.7632241813602015,late,,4.095245968607309,104,8-10yr,one_frog_too_many,396
ECSC_1059_2_104F_1059_YR2,10,309,0.7783375314861462,0.7783375314861462,late,,2.761174731287891,104,8-10yr,one_frog_too_many,396
ECSC_1059_2_104F_1059_YR2,11,314,0.7909319899244333,0.7909319899244333,late,,3.1977797225469766,104,8-10yr,one_frog_too_many,396
ECSC_1059_2_104F_1059_YR2,12,319,0.8035264483627204,0.8035264483627204,late,,2.922888960628282,104,8-10yr,one_frog_too_many,396
ECSC_1059_2_104F_1059_YR2,13,325,0.818639798488665,0.818639798488665,late,,2.6171320464175567,104,8-10yr,one_frog_too_many,396
ECSC_1059_2_104F_1059_YR2,14,330,0.8312342569269522,0.8312342569269522,late,,1.2598305603889468,104,8-10yr,one_frog_too_many,396
ECSC_1059_2_104F_1059_YR2,15,335,0.8438287153652393,0.8438287153652393,late,,1.4202848222589406,104,8-10yr,one_frog_too_many,396
ECSC_1059_2_104F_1059_YR2,16,341,0.8589420654911839,0.8589420654911839,late,,2.1220476782943374,104,8-10yr,one_frog_too_many,396
ECSC_1059_2_104F_1059_YR2,17,346,0.871536523929471,0.871536523929471,late,,3.400327695272213,104,8-10yr,one_frog_too_many,396
ECSC_1059_2_104F_1059_YR2,18,351,0.8841309823677582,0.8841309823677582,late,,2.6671319217739615,104,8-10yr,one_frog_too_many,396
ECSC_1059_2_104F_1059_YR2,19,357,0.8992443324937027,0.8992443324937027,late,,1.4006770764584608,104,8-10yr,one_frog_too_many,396
ECSC_1059_3_104F_1059_YR3,0,256,0.6900269541778976,0.6900269541778976,late,,34.85620237464486,104,8-10yr,one_frog_too_many,370
ECSC_1059_3_104F_1059_YR3,1,259,0.6981132075471698,0.6981132075471698,late,,26.432670497608218,104,8-10yr,one_frog_too_many,370
ECSC_1059_3_104F_1059_YR3,2,263,0.7088948787061995,0.7088948787061995,late,,23.589609815639456,104,8-10yr,one_frog_too_many,370
ECSC_1059_3_104F_1059_YR3,3,267,0.7196765498652291,0.7196765498652291,late,,19.892935387741343,104,8-10yr,one_frog_too_many,370
ECSC_1059_3_104F_1059_YR3,4,271,0.7304582210242587,0.7304582210242587,late,,38.151285614662456,104,8-10yr,one_frog_too_many,370
ECSC_1059_3_104F_1059_YR3,5,275,0.7412398921832885,0.7412398921832885,late,,28.811221978272943,104,8-10yr,one_frog_too_many,370
ECSC_1059_3_104F_1059_YR3,6,279,0.7520215633423181,0.7520215633423181,late,,22.61947962269285,104,8-10yr,one_frog_too_many,370
ECSC_1059_3_104F_1059_YR3,7,283,0.7628032345013477,0.7628032345013477,late,,11.250204290098711,104,8-10yr,one_frog_too_many,370
ECSC_1059_3_104F_1059_YR3,8,287,0.7735849056603774,0.7735849056603774,late,,14.45613153910582,104,8-10yr,one_frog_too_many,370
ECSC_1059_3_104F_1059_YR3,9,291,0.784366576819407,0.784366576819407,late,,11.205472283332508,104,8-10yr,one_frog_too_many,370
ECSC_1059_3_104F_1059_YR3,10,295,0.7951482479784366,0.7951482479784366,late,,11.121699202400665,104,8-10yr,one_frog_too_many,370
ECSC_1059_3_104F_1059_YR3,11,299,0.8059299191374663,0.8059299191374663,late,,13.885912418972456,104,8-10yr,one_frog_too_many,370
ECSC_1059_3_104F_1059_YR3,12,303,0.816711590296496,0.816711590296496,late,,11.43484702577922,104,8-10yr,one_frog_too_many,370
ECSC_1059_3_104F_1059_YR3,13,307,0.8274932614555256,0.8274932614555256,late,,7.9249620708765,104,8-10yr,one_frog_too_many,370
ECSC_1059_3_104F_1059_YR3,14,311,0.8382749326145552,0.8382749326145552,late,,5.317633124058155,104,8-10yr,one_frog_too_many,370
ECSC_1059_3_104F_1059_YR3,15,315,0.8490566037735849,0.8490566037735849,late,,8.712334726562931,104,8-10yr,one_frog_too_many,370
ECSC_1059_3_104F_1059_YR3,16,319,0.8598382749326146,0.8598382749326146,late,,6.503648335632477,104,8-10yr,one_frog_too_many,370
ECSC_1059_3_104F_1059_YR3,17,323,0.8706199460916442,0.8706199460916442,late,,7.27272314589341,104,8-10yr,one_frog_too_many,370
ECSC_1059_3_104F_1059_YR3,18,327,0.8814016172506739,0.8814016172506739,late,,8.679115949724565,104,8-10yr,one_frog_too_many,370
ECSC_1059_3_104F_1059_YR3,19,331,0.8921832884097035,0.8921832884097035,late,,7.501309493049453,104,8-10yr,one_frog_too_many,370
ECSC_4015_1_104F_4015_YR1,0,256,0.3180124223602484,0.3180124223602484,early,,7.34899950232151,104,8-10yr,unknown,804
ECSC_4015_1_104F_4015_YR1,1,280,0.3478260869565217,0.3478260869565217,early,,15.728895512551874,104,8-10yr,unknown,804
ECSC_4015_1_104F_4015_YR1,2,305,0.3788819875776397,0.3788819875776397,early,,7.2735537268058525,104,8-10yr,unknown,804
ECSC_4015_1_104F_4015_YR1,3,329,0.408695652173913,0.408695652173913,early,,2.3935327158754305,104,8-10yr,unknown,804
ECSC_4015_1_104F_4015_YR1,4,354,0.439751552795031,0.439751552795031,mid,,5.143653536721545,104,8-10yr,unknown,804
ECSC_4015_1_104F_4015_YR1,5,379,0.470807453416149,0.470807453416149,mid,,4.758641547881686,104,8-10yr,unknown,804
ECSC_4015_1_104F_4015_YR1,6,403,0.5006211180124224,0.5006211180124224,mid,,3.886083990136252,104,8-10yr,unknown,804
ECSC_4015_1_104F_4015_YR1,7,428,0.5316770186335403,0.5316770186335403,mid,,6.375083908757738,104,8-10yr,unknown,804
ECSC_4015_1_104F_4015_YR1,8,453,0.5627329192546584,0.5627329192546584,mid,,6.153089235636282,104,8-10yr,unknown,804
ECSC_4015_1_104F_4015_YR1,9,477,0.5925465838509317,0.5925465838509317,mid,,1.87455225466062,104,8-10yr,unknown,804
ECSC_4015_1_104F_4015_YR1,10,502,0.6236024844720497,0.6236024844720497,mid,,3.22875014874094,104,8-10yr,unknown,804
ECSC_4015_1_104F_4015_YR1,11,526,0.653416149068323,0.653416149068323,mid,,2.69578205508238,104,8-10yr,unknown,804
ECSC_4015_1_104F_4015_YR1,12,551,0.684472049689441,0.684472049689441,late,,5.77588465291246,104,8-10yr,unknown,804
ECSC_4015_1_104F_4015_YR1,13,576,0.715527950310559,0.715527950310559,late,,8.757233094734364,104,8-10yr,unknown,804
ECSC_4015_1_104F_4015_YR1,14,600,0.7453416149068323,0.7453416149068323,late,,3.372876341738321,104,8-10yr,unknown,804
ECSC_4015_1_104F_4015_YR1,15,625,0.7763975155279503,0.7763975155279503,late,,1.006782971169797,104,8-10yr,unknown,804
ECSC_4015_1_104F_4015_YR1,16,650,0.8074534161490683,0.8074534161490683,late,,1.7099202711740862,104,8-10yr,unknown,804
ECSC_4015_1_104F_4015_YR1,17,674,0.8372670807453416,0.8372670807453416,late,,2.7995667317516606,104,8-10yr,unknown,804
ECSC_4015_1_104F_4015_YR1,18,699,0.8683229813664596,0.8683229813664596,late,,3.5541670641739103,104,8-10yr,unknown,804
ECSC_4015_1_104F_4015_YR1,19,724,0.8993788819875776,0.8993788819875776,late,1.896608549427876,1.4709157712497225,104,8-10yr,unknown,804
ECSC_4079_1_104F_4079_YR1,0,256,0.7529411764705882,0.7529411764705882,late,,7.347004856382068,104,8-10yr,unknown,339
ECSC_4079_1_104F_4079_YR1,1,258,0.7588235294117647,0.7588235294117647,late,,12.516557541180152,104,8-10yr,unknown,339
ECSC_4079_1_104F_4079_YR1,2,260,0.7647058823529411,0.7647058823529411,late,,11.958373561692316,104,8-10yr,unknown,339
ECSC_4079_1_104F_4079_YR1,3,262,0.7705882352941177,0.7705882352941177,late,,10.222356625874385,104,8-10yr,unknown,339
ECSC_4079_1_104F_4079_YR1,4,265,0.7794117647058824,0.7794117647058824,late,,10.349712523377566,104,8-10yr,unknown,339
ECSC_4079_1_104F_4079_YR1,5,267,0.7852941176470588,0.7852941176470588,late,,12.950763069501525,104,8-10yr,unknown,339
ECSC_4079_1_104F_4079_YR1,6,269,0.7911764705882353,0.7911764705882353,late,,11.558526936212427,104,8-10yr,unknown,339
ECSC_4079_1_104F_4079_YR1,7,272,0.8,0.8,late,,6.2746828000542525,104,8-10yr,unknown,339
ECSC_4079_1_104F_4079_YR1,8,274,0.8058823529411765,0.8058823529411765,late,,5.770811521607001,104,8-10yr,unknown,339
ECSC_4079_1_104F_4079_YR1,9,276,0.8117647058823529,0.8117647058823529,late,,5.4435165886339485,104,8-10yr,unknown,339
ECSC_4079_1_104F_4079_YR1,10,279,0.8205882352941176,0.8205882352941176,late,,5.72836939755928,104,8-10yr,unknown,339
ECSC_4079_1_104F_4079_YR1,11,281,0.8264705882352941,0.8264705882352941,late,,7.047984244947655,104,8-10yr,unknown,339
ECSC_4079_1_104F_4079_YR1,12,283,0.8323529411764706,0.8323529411764706,late,,7.040155694575031,104,8-10yr,unknown,339
ECSC_4079_1_104F_4079_YR1,13,286,0.8411764705882353,0.8411764705882353,late,,5.362905365374468,104,8-10yr,unknown,339
ECSC_4079_1_104F_4079_YR1,14,288,0.8470588235294118,0.8470588235294118,late,,7.018534999577579,104,8-10yr,unknown,339
ECSC_4079_1_104F_4079_YR1,15,290,0.8529411764705882,0.8529411764705882,late,,7.217277557594036,104,8-10yr,unknown,339
ECSC_4079_1_104F_4079_YR1,16,293,0.861764705882353,0.861764705882353,late,,5.917571051882948,104,8-10yr,unknown,339
ECSC_4079_1_104F_4079_YR1,17,295,0.8676470588235294,0.8676470588235294,late,,8.264687611013196,104,8-10yr,unknown,339
ECSC_4079_1_104F_4079_YR1,18,297,0.8735294117647059,0.8735294117647059,late,,5.298726911824607,104,8-10yr,unknown,339
ECSC_4079_1_104F_4079_YR1,19,300,0.8823529411764706,0.8823529411764706,late,,4.588530323580409,104,8-10yr,unknown,339
ECSC_1022_1_106M_1022_YR1,0,256,0.3872919818456883,0.3872919818456883,early,,17.571196047489437,106,8-10yr,one_frog_too_many,660
ECSC_1022_1_106M_1022_YR1,1,273,0.4130105900151286,0.4130105900151286,mid,,10.881142439798746,106,8-10yr,one_frog_too_many,660
ECSC_1022_1_106M_1022_YR1,2,291,0.4402420574886536,0.4402420574886536,mid,,4.235766661177445,106,8-10yr,one_frog_too_many,660
ECSC_1022_1_106M_1022_YR1,3,309,0.4674735249621785,0.4674735249621785,mid,,2.9722228512061566,106,8-10yr,one_frog_too_many,660
ECSC_1022_1_106M_1022_YR1,4,327,0.4947049924357035,0.4947049924357035,mid,,2.371037252575184,106,8-10yr,one_frog_too_many,660
ECSC_1022_1_106M_1022_YR1,5,344,0.5204236006051437,0.5204236006051437,mid,,5.155906312025007,106,8-10yr,one_frog_too_many,660
ECSC_1022_1_106M_1022_YR1,6,362,0.5476550680786687,0.5476550680786687,mid,,8.88972619440553,106,8-10yr,one_frog_too_many,660
ECSC_1022_1_106M_1022_YR1,7,380,0.5748865355521936,0.5748865355521936,mid,,19.85679899059714,106,8-10yr,one_frog_too_many,660
ECSC_1022_1_106M_1022_YR1,8,398,0.6021180030257186,0.6021180030257186,mid,,3.759954346275645,106,8-10yr,one_frog_too_many,660
ECSC_1022_1_106M_1022_YR1,9,416,0.6293494704992436,0.6293494704992436,mid,,15.579508838859592,106,8-10yr,one_frog_too_many,660
ECSC_1022_1_106M_1022_YR1,10,433,0.6550680786686838,0.6550680786686838,mid,,11.977711225256089,106,8-10yr,one_frog_too_many,660
ECSC_1022_1_106M_1022_YR1,11,451,0.6822995461422088,0.6822995461422088,late,,4.261977678449545,106,8-10yr,one_frog_too_many,660
ECSC_1022_1_106M_1022_YR1,12,469,0.7095310136157338,0.7095310136157338,late,,3.230485157083274,106,8-10yr,one_frog_too_many,660
ECSC_1022_1_106M_1022_YR1,13,487,0.7367624810892587,0.7367624810892587,late,,14.696220263305984,106,8-10yr,one_frog_too_many,660
ECSC_1022_1_106M_1022_YR1,14,505,0.7639939485627837,0.7639939485627837,late,,8.3373202121576,106,8-10yr,one_frog_too_many,660
ECSC_1022_1_106M_1022_YR1,15,522,0.789712556732224,0.789712556732224,late,,15.13100140314662,106,8-10yr,one_frog_too_many,660
ECSC_1022_1_106M_1022_YR1,16,540,0.8169440242057489,0.8169440242057489,late,,11.905995874528028,106,8-10yr,one_frog_too_many,660
ECSC_1022_1_106M_1022_YR1,17,558,0.8441754916792739,0.8441754916792739,late,,5.32979276656774,106,8-10yr,one_frog_too_many,660
ECSC_1022_1_106M_1022_YR1,18,576,0.8714069591527988,0.8714069591527988,late,3.3665373367681752,2.943787071527252,106,8-10yr,one_frog_too_many,660
ECSC_1022_1_106M_1022_YR1,19,594,0.8986384266263238,0.8986384266263238,late,3.141169117255327,2.3110863817545937,106,8-10yr,one_frog_too_many,660
ECSC_1022_2_106M_1022_YR2,0,256,0.7664670658682635,0.7664670658682635,late,,-1.3724324045490377,106,8-10yr,boy_dog_frog,333
ECSC_1022_2_106M_1022_YR2,1,258,0.7724550898203593,0.7724550898203593,late,,1.7496956182838446,106,8-10yr,boy_dog_frog,333
ECSC_1022_2_106M_1022_YR2,2,260,0.7784431137724551,0.7784431137724551,late,,3.44991131001467,106,8-10yr,boy_dog_frog,333
ECSC_1022_2_106M_1022_YR2,3,262,0.7844311377245509,0.7844311377245509,late,,3.7751931640226815,106,8-10yr,boy_dog_frog,333
ECSC_1022_2_106M_1022_YR2,4,264,0.7904191616766467,0.7904191616766467,late,,2.699842573081469,106,8-10yr,boy_dog_frog,333
ECSC_1022_2_106M_1022_YR2,5,266,0.7964071856287425,0.7964071856287425,late,,6.324687015798563,106,8-10yr,boy_dog_frog,333
ECSC_1022_2_106M_1022_YR2,6,268,0.8023952095808383,0.8023952095808383,late,,7.187515032182759,106,8-10yr,boy_dog_frog,333
ECSC_1022_2_106M_1022_YR2,7,270,0.8083832335329342,0.8083832335329342,late,,9.741583395460369,106,8-10yr,boy_dog_frog,333
ECSC_1022_2_106M_1022_YR2,8,272,0.8143712574850299,0.8143712574850299,late,,8.534168067448547,106,8-10yr,boy_dog_frog,333
ECSC_1022_2_106M_1022_YR2,9,274,0.8203592814371258,0.8203592814371258,late,,8.75936079196655,106,8-10yr,boy_dog_frog,333
ECSC_1022_2_106M_1022_YR2,10,276,0.8263473053892215,0.8263473053892215,late,,6.994945510228199,106,8-10yr,boy_dog_frog,333
ECSC_1022_2_106M_1022_YR2,11,278,0.8323353293413174,0.8323353293413174,late,,4.429553748179606,106,8-10yr,boy_dog_frog,333
ECSC_1022_2_106M_1022_YR2,12,280,0.8383233532934131,0.8383233532934131,late,,2.7536667813673557,106,8-10yr,boy_dog_frog,333
ECSC_1022_2_106M_1022_YR2,13,282,0.844311377245509,0.844311377245509,late,,1.9074105717813763,106,8-10yr,boy_dog_frog,333
ECSC_1022_2_106M_1022_YR2,14,284,0.8502994011976048,0.8502994011976048,late,,1.4419220488795013,106,8-10yr,boy_dog_frog,333
ECSC_1022_2_106M_1022_YR2,15,286,0.8562874251497006,0.8562874251497006,late,,2.014341278751896,106,8-10yr,boy_dog_frog,333
ECSC_1022_2_106M_1022_YR2,16,288,0.8622754491017964,0.8622754491017964,late,,3.704852305144673,106,8-10yr,boy_dog_frog,333
ECSC_1022_2_106M_1022_YR2,17,290,0.8682634730538922,0.8682634730538922,late,,2.308926611516183,106,8-10yr,boy_dog_frog,333
ECSC_1022_2_106M_1022_YR2,18,292,0.874251497005988,0.874251497005988,late,,2.455534721444132,106,8-10yr,boy_dog_frog,333
ECSC_1022_2_106M_1022_YR2,19,294,0.8802395209580839,0.8802395209580839,late,,3.1188168789314936,106,8-10yr,boy_dog_frog,333
ECSC_1022_3_106M_1022_YR3,0,256,0.6352357320099256,0.6352357320099256,mid,,27.346706350881416,106,8-10yr,one_frog_too_many,402
ECSC_1022_3_106M_1022_YR3,1,261,0.6476426799007444,0.6476426799007444,mid,,38.53008287369306,106,8-10yr,one_frog_too_many,402
ECSC_1022_3_106M_1022_YR3,2,267,0.6625310173697271,0.6625310173697271,late,,27.72189289209319,106,8-10yr,one_frog_too_many,402
ECSC_1022_3_106M_1022_YR3,3,272,0.674937965260546,0.674937965260546,late,,11.426975661369497,106,8-10yr,one_frog_too_many,402
ECSC_1022_3_106M_1022_YR3,4,278,0.6898263027295285,0.6898263027295285,late,,18.162061769223303,106,8-10yr,one_frog_too_many,402
ECSC_1022_3_106M_1022_YR3,5,283,0.7022332506203474,0.7022332506203474,late,,11.634833903287712,106,8-10yr,one_frog_too_many,402
ECSC_1022_3_106M_1022_YR3,6,289,0.71712158808933,0.71712158808933,late,,6.485270402347879,106,8-10yr,one_frog_too_many,402
ECSC_1022_3_106M_1022_YR3,7,295,0.7320099255583127,0.7320099255583127,late,,2.559451455290912,106,8-10yr,one_frog_too_many,402
ECSC_1022_3_106M_1022_YR3,8,300,0.7444168734491315,0.7444168734491315,late,,2.8302775583111597,106,8-10yr,one_frog_too_many,402
ECSC_1022_3_106M_1022_YR3,9,306,0.7593052109181141,0.7593052109181141,late,,10.257067681366848,106,8-10yr,one_frog_too_many,402
ECSC_1022_3_106M_1022_YR3,10,311,0.771712158808933,0.771712158808933,late,,4.897591035773498,106,8-10yr,one_frog_too_many,402
ECSC_1022_3_106M_1022_YR3,11,317,0.7866004962779156,0.7866004962779156,late,,5.039993183029942,106,8-10yr,one_frog_too_many,402
ECSC_1022_3_106M_1022_YR3,12,322,0.7990074441687345,0.7990074441687345,late,,5.3532116013640145,106,8-10yr,one_frog_too_many,402
ECSC_1022_3_106M_1022_YR3,13,328,0.8138957816377171,0.8138957816377171,late,,25.225716319162053,106,8-10yr,one_frog_too_many,402
ECSC_1022_3_106M_1022_YR3,14,334,0.8287841191066998,0.8287841191066998,late,,16.757799530398586,106,8-10yr,one_frog_too_many,402
ECSC_1022_3_106M_1022_YR3,15,339,0.8411910669975186,0.8411910669975186,late,,10.333308128353602,106,8-10yr,one_frog_too_many,402
ECSC_1022_3_106M_1022_YR3,16,345,0.8560794044665012,0.8560794044665012,late,,5.043790227459136,106,8-10yr,one_frog_too_many,402
ECSC_1022_3_106M_1022_YR3,17,350,0.8684863523573201,0.8684863523573201,late,,5.234522387791567,106,8-10yr,one_frog_too_many,402
ECSC_1022_3_106M_1022_YR3,18,356,0.8833746898263027,0.8833746898263027,late,,5.563829096896479,106,8-10yr,one_frog_too_many,402
ECSC_1022_3_106M_1022_YR3,19,362,0.8982630272952854,0.8982630272952854,late,,4.662886295770084,106,8-10yr,one_frog_too_many,402
ECSC_1001_1_107F_1001_YR1,0,256,0.7091412742382271,0.7091412742382271,late,,0.6716279021913572,107,8-10yr,frog_where_are_you,360
ECSC_1001_1_107F_1001_YR1,1,259,0.7174515235457064,0.7174515235457064,late,,2.54773614818426,107,8-10yr,frog_where_are_you,360
ECSC_1001_1_107F_1001_YR1,2,262,0.7257617728531855,0.7257617728531855,late,,2.3573857156628684,107,8-10yr,frog_where_are_you,360
ECSC_1001_1_107F_1001_YR1,3,266,0.7368421052631579,0.7368421052631579,late,,2.6281734270788064,107,8-10yr,frog_where_are_you,360
ECSC_1001_1_107F_1001_YR1,4,269,0.7451523545706371,0.7451523545706371,late,,5.490739053330735,107,8-10yr,frog_where_are_you,360
ECSC_1001_1_107F_1001_YR1,5,273,0.7562326869806094,0.7562326869806094,late,,5.596903919926197,107,8-10yr,frog_where_are_you,360
ECSC_1001_1_107F_1001_YR1,6,276,0.7645429362880887,0.7645429362880887,late,,9.319932542973667,107,8-10yr,frog_where_are_you,360
ECSC_1001_1_107F_1001_YR1,7,279,0.7728531855955678,0.7728531855955678,late,,7.17469169816969,107,8-10yr,frog_where_are_you,360
ECSC_1001_1_107F_1001_YR1,8,283,0.7839335180055401,0.7839335180055401,late,,5.879690975176203,107,8-10yr,frog_where_are_you,360
ECSC_1001_1_107F_1001_YR1,9,286,0.7922437673130194,0.7922437673130194,late,,7.530068005651087,107,8-10yr,frog_where_are_you,360
ECSC_1001_1_107F_1001_YR1,10,290,0.8033240997229917,0.8033240997229917,late,,9.062251662184408,107,8-10yr,frog_where_are_you,360
ECSC_1001_1_107F_1001_YR1,11,293,0.8116343490304709,0.8116343490304709,late,,14.67587299881872,107,8-10yr,frog_where_are_you,360
ECSC_1001_1_107F_1001_YR1,12,297,0.8227146814404432,0.8227146814404432,late,,10.95910883752477,107,8-10yr,frog_where_are_you,360
ECSC_1001_1_107F_1001_YR1,13,300,0.8310249307479224,0.8310249307479224,late,,8.60216565508908,107,8-10yr,frog_where_are_you,360
ECSC_1001_1_107F_1001_YR1,14,303,0.8393351800554016,0.8393351800554016,late,,7.8403224361421024,107,8-10yr,frog_where_are_you,360
ECSC_1001_1_107F_1001_YR1,15,307,0.850415512465374,0.850415512465374,late,,7.094940084973631,107,8-10yr,frog_where_are_you,360
ECSC_1001_1_107F_1001_YR1,16,310,0.8587257617728532,0.8587257617728532,late,,4.939438583488879,107,8-10yr,frog_where_are_you,360
ECSC_1001_1_107F_1001_YR1,17,314,0.8698060941828255,0.8698060941828255,late,,5.829596627348469,107,8-10yr,frog_where_are_you,360
ECSC_1001_1_107F_1001_YR1,18,317,0.8781163434903048,0.8781163434903048,late,,4.547491538597011,107,8-10yr,frog_where_are_you,360
ECSC_1001_1_107F_1001_YR1,19,321,0.889196675900277,0.889196675900277,late,,4.904484607550888,107,8-10yr,frog_where_are_you,360
ECSC_1001_2_107F_1001_YR2,0,256,0.4547069271758437,0.4547069271758437,mid,,3.160474386149435,107,8-10yr,one_frog_too_many,562
ECSC_1001_2_107F_1001_YR2,1,269,0.477797513321492,0.477797513321492,mid,,2.535792666757759,107,8-10yr,one_frog_too_many,562
ECSC_1001_2_107F_1001_YR2,2,282,0.5008880994671403,0.5008880994671403,mid,,4.590675326404064,107,8-10yr,one_frog_too_many,562
ECSC_1001_2_107F_1001_YR2,3,295,0.5239786856127886,0.5239786856127886,mid,,6.208011814864607,107,8-10yr,one_frog_too_many,562
ECSC_1001_2_107F_1001_YR2,4,308,0.5470692717584369,0.5470692717584369,mid,,3.7160636255235406,107,8-10yr,one_frog_too_many,562
ECSC_1001_2_107F_1001_YR2,5,321,0.5701598579040853,0.5701598579040853,mid,,2.189075683727994,107,8-10yr,one_frog_too_many,562
ECSC_1001_2_107F_1001_YR2,6,334,0.5932504440497336,0.5932504440497336,mid,,4.299892603510041,107,8-10yr,one_frog_too_many,562
ECSC_1001_2_107F_1001_YR2,7,348,0.6181172291296625,0.6181172291296625,mid,,1.560579395568447,107,8-10yr,one_frog_too_many,562
ECSC_1001_2_107F_1001_YR2,8,361,0.6412078152753108,0.6412078152753108,mid,,3.7897833603339177,107,8-10yr,one_frog_too_many,562
ECSC_1001_2_107F_1001_YR2,9,374,0.6642984014209592,0.6642984014209592,late,,5.249062342343011,107,8-10yr,one_frog_too_many,562
ECSC_1001_2_107F_1001_YR2,10,387,0.6873889875666075,0.6873889875666075,late,,4.8307117030640345,107,8-10yr,one_frog_too_many,562
ECSC_1001_2_107F_1001_YR2,11,400,0.7104795737122558,0.7104795737122558,late,,4.510609867998088,107,8-10yr,one_frog_too_many,562
ECSC_1001_2_107F_1001_YR2,12,413,0.7335701598579041,0.7335701598579041,late,,4.6389423456115715,107,8-10yr,one_frog_too_many,562
ECSC_1001_2_107F_1001_YR2,13,427,0.7584369449378331,0.7584369449378331,late,,0.8198919189806464,107,8-10yr,one_frog_too_many,562
ECSC_1001_2_107F_1001_YR2,14,440,0.7815275310834814,0.7815275310834814,late,,0.7322267852805293,107,8-10yr,one_frog_too_many,562
ECSC_1001_2_107F_1001_YR2,15,453,0.8046181172291297,0.8046181172291297,late,,6.000211502606889,107,8-10yr,one_frog_too_many,562
ECSC_1001_2_107F_1001_YR2,16,466,0.827708703374778,0.827708703374778,late,,10.046314929033768,107,8-10yr,one_frog_too_many,562
ECSC_1001_2_107F_1001_YR2,17,479,0.8507992895204263,0.8507992895204263,late,,6.292589168425419,107,8-10yr,one_frog_too_many,562
ECSC_1001_2_107F_1001_YR2,18,492,0.8738898756660746,0.8738898756660746,late,,5.779323074999381,107,8-10yr,one_frog_too_many,562
ECSC_1001_2_107F_1001_YR2,19,506,0.8987566607460036,0.8987566607460036,late,,3.790502237473591,107,8-10yr,one_frog_too_many,562
ECSC_1001_3_107F_1001_YR3,0,256,0.6684073107049608,0.6684073107049608,late,,3.862153672219632,107,8-10yr,boy_dog_frog,382
ECSC_1001_3_107F_1001_YR3,1,260,0.6788511749347258,0.6788511749347258,late,,3.0749446667468536,107,8-10yr,boy_dog_frog,382
ECSC_1001_3_107F_1001_YR3,2,265,0.6919060052219321,0.6919060052219321,late,,2.2666899494129726,107,8-10yr,boy_dog_frog,382
ECSC_1001_3_107F_1001_YR3,3,269,0.7023498694516971,0.7023498694516971,late,,2.858118376139,107,8-10yr,boy_dog_frog,382
ECSC_1001_3_107F_1001_YR3,4,274,0.7154046997389034,0.7154046997389034,late,,4.933407971773889,107,8-10yr,boy_dog_frog,382
ECSC_1001_3_107F_1001_YR3,5,278,0.7258485639686684,0.7258485639686684,late,,5.492886215976462,107,8-10yr,boy_dog_frog,382
ECSC_1001_3_107F_1001_YR3,6,283,0.7389033942558747,0.7389033942558747,late,,3.9905979734363264,107,8-10yr,boy_dog_frog,382
ECSC_1001_3_107F_1001_YR3,7,288,0.7519582245430809,0.7519582245430809,late,,8.657668344110402,107,8-10yr,boy_dog_frog,382
ECSC_1001_3_107F_1001_YR3,8,292,0.762402088772846,0.762402088772846,late,,7.114589692988918,107,8-10yr,boy_dog_frog,382
ECSC_1001_3_107F_1001_YR3,9,297,0.7754569190600522,0.7754569190600522,late,,8.595954069292917,107,8-10yr,boy_dog_frog,382
ECSC_1001_3_107F_1001_YR3,10,301,0.7859007832898173,0.7859007832898173,late,,14.226819512735366,107,8-10yr,boy_dog_frog,382
ECSC_1001_3_107F_1001_YR3,11,306,0.7989556135770235,0.7989556135770235,late,,5.549039201574091,107,8-10yr,boy_dog_frog,382
ECSC_1001_3_107F_1001_YR3,12,310,0.8093994778067886,0.8093994778067886,late,,3.780117948353194,107,8-10yr,boy_dog_frog,382
ECSC_1001_3_107F_1001_YR3,13,315,0.8224543080939948,0.8224543080939948,late,,3.401433720968482,107,8-10yr,boy_dog_frog,382
ECSC_1001_3_107F_1001_YR3,14,320,0.835509138381201,0.835509138381201,late,,3.5732971130347826,107,8-10yr,boy_dog_frog,382
ECSC_1001_3_107F_1001_YR3,15,324,0.8459530026109661,0.8459530026109661,late,,2.2556892434018065,107,8-10yr,boy_dog_frog,382
ECSC_1001_3_107F_1001_YR3,16,329,0.8590078328981723,0.8590078328981723,late,,1.762930864177961,107,8-10yr,boy_dog_frog,382
ECSC_1001_3_107F_1001_YR3,17,333,0.8694516971279374,0.8694516971279374,late,,2.912736392909016,107,8-10yr,boy_dog_frog,382
ECSC_1001_3_107F_1001_YR3,18,338,0.8825065274151436,0.8825065274151436,late,,4.102279705584984,107,8-10yr,boy_dog_frog,382
ECSC_1001_3_107F_1001_YR3,19,343,0.8955613577023499,0.8955613577023499,late,,2.820215132451339,107,8-10yr,boy_dog_frog,382
ECSC_4007_1_107M_4007_YR1,0,256,0.4252491694352159,0.4252491694352159,mid,,7.335837661081726,107,8-10yr,unknown,601
ECSC_4007_1_107M_4007_YR1,1,271,0.4501661129568106,0.4501661129568106,mid,,25.65532846553505,107,8-10yr,unknown,601
ECSC_4007_1_107M_4007_YR1,2,286,0.4750830564784053,0.4750830564784053,mid,,24.668391209934576,107,8-10yr,unknown,601
ECSC_4007_1_107M_4007_YR1,3,301,0.5,0.5,mid,,15.128086248929415,107,8-10yr,unknown,601
ECSC_4007_1_107M_4007_YR1,4,316,0.5249169435215947,0.5249169435215947,mid,,5.688660072563826,107,8-10yr,unknown,601
ECSC_4007_1_107M_4007_YR1,5,331,0.5498338870431894,0.5498338870431894,mid,,7.304838874594001,107,8-10yr,unknown,601
ECSC_4007_1_107M_4007_YR1,6,346,0.574750830564784,0.574750830564784,mid,,16.358909245328746,107,8-10yr,unknown,601
ECSC_4007_1_107M_4007_YR1,7,361,0.5996677740863787,0.5996677740863787,mid,,52.57367425261958,107,8-10yr,unknown,601
ECSC_4007_1_107M_4007_YR1,8,376,0.6245847176079734,0.6245847176079734,mid,,38.381786849592224,107,8-10yr,unknown,601
ECSC_4007_1_107M_4007_YR1,9,391,0.6495016611295681,0.6495016611295681,mid,,27.52497492681663,107,8-10yr,unknown,601
ECSC_4007_1_107M_4007_YR1,10,406,0.6744186046511628,0.6744186046511628,late,,12.296993276232287,107,8-10yr,unknown,601
ECSC_4007_1_107M_4007_YR1,11,421,0.6993355481727574,0.6993355481727574,late,,11.766301965709664,107,8-10yr,unknown,601
ECSC_4007_1_107M_4007_YR1,12,436,0.7242524916943521,0.7242524916943521,late,,8.20261292576263,107,8-10yr,unknown,601
ECSC_4007_1_107M_4007_YR1,13,451,0.7491694352159468,0.7491694352159468,late,,3.1943476498091847,107,8-10yr,unknown,601
ECSC_4007_1_107M_4007_YR1,14,466,0.7740863787375415,0.7740863787375415,late,,7.748188731396539,107,8-10yr,unknown,601
ECSC_4007_1_107M_4007_YR1,15,481,0.7990033222591362,0.7990033222591362,late,,16.90049379243127,107,8-10yr,unknown,601
ECSC_4007_1_107M_4007_YR1,16,496,0.8239202657807309,0.8239202657807309,late,,13.482002269074812,107,8-10yr,unknown,601
ECSC_4007_1_107M_4007_YR1,17,511,0.8488372093023255,0.8488372093023255,late,,6.561644770312769,107,8-10yr,unknown,601
ECSC_4007_1_107M_4007_YR1,18,526,0.8737541528239202,0.8737541528239202,late,,4.094020443688651,107,8-10yr,unknown,601
ECSC_4007_1_107M_4007_YR1,19,541,0.8986710963455149,0.8986710963455149,late,2.94867060298679,3.24798806862991,107,8-10yr,unknown,601
ECSC_4054_1_96F_4054_YR1,0,256,0.4821092278719397,0.4821092278719397,mid,,6.077140121424565,96,8-10yr,unknown,530
ECSC_4054_1_96F_4054_YR1,1,267,0.5028248587570622,0.5028248587570622,mid,,12.029397072218709,96,8-10yr,unknown,530
ECSC_4054_1_96F_4054_YR1,2,279,0.5254237288135594,0.5254237288135594,mid,,9.02219480760915,96,8-10yr,unknown,530
ECSC_4054_1_96F_4054_YR1,3,290,0.5461393596986818,0.5461393596986818,mid,,7.7609526069604,96,8-10yr,unknown,530
ECSC_4054_1_96F_4054_YR1,4,302,0.568738229755179,0.568738229755179,mid,,1.6764488725035849,96,8-10yr,unknown,530
ECSC_4054_1_96F_4054_YR1,5,314,0.591337099811676,0.591337099811676,mid,,2.86607488630621,96,8-10yr,unknown,530
ECSC_4054_1_96F_4054_YR1,6,325,0.6120527306967984,0.6120527306967984,mid,,3.164003237551153,96,8-10yr,unknown,530
ECSC_4054_1_96F_4054_YR1,7,337,0.6346516007532956,0.6346516007532956,mid,,2.52449298083161,96,8-10yr,unknown,530
ECSC_4054_1_96F_4054_YR1,8,349,0.6572504708097928,0.6572504708097928,mid,,0.6069435853199519,96,8-10yr,unknown,530
ECSC_4054_1_96F_4054_YR1,9,360,0.6779661016949152,0.6779661016949152,late,,0.9889763979131674,96,8-10yr,unknown,530
ECSC_4054_1_96F_4054_YR1,10,372,0.7005649717514124,0.7005649717514124,late,,1.2440916326775824,96,8-10yr,unknown,530
ECSC_4054_1_96F_4054_YR1,11,383,0.7212806026365348,0.7212806026365348,late,,11.204500778847924,96,8-10yr,unknown,530
ECSC_4054_1_96F_4054_YR1,12,395,0.743879472693032,0.743879472693032,late,,12.05473293865506,96,8-10yr,unknown,530
ECSC_4054_1_96F_4054_YR1,13,407,0.7664783427495292,0.7664783427495292,late,,11.619456062819433,96,8-10yr,unknown,530
ECSC_4054_1_96F_4054_YR1,14,418,0.7871939736346516,0.7871939736346516,late,,3.6582808545098313,96,8-10yr,unknown,530
ECSC_4054_1_96F_4054_YR1,15,430,0.8097928436911488,0.8097928436911488,late,,2.3096163007237083,96,8-10yr,unknown,530
ECSC_4054_1_96F_4054_YR1,16,442,0.832391713747646,0.832391713747646,late,,1.7092865219736746,96,8-10yr,unknown,530
ECSC_4054_1_96F_4054_YR1,17,453,0.8531073446327684,0.8531073446327684,late,,1.0295959633641978,96,8-10yr,unknown,530
ECSC_4054_1_96F_4054_YR1,18,465,0.8757062146892656,0.8757062146892656,late,,10.05846324408435,96,8-10yr,unknown,530
ECSC_4054_1_96F_4054_YR1,19,477,0.8983050847457628,0.8983050847457628,late,,11.35592279890388,96,8-10yr,unknown,530
ECSC_4062_1_96F_4062_YR1,0,256,0.3748169838945827,0.3748169838945827,early,,1.1092279209751412,96,8-10yr,unknown,682
ECSC_4062_1_96F_4062_YR1,1,274,0.4011713030746706,0.4011713030746706,early,,0.9634403362252232,96,8-10yr,unknown,682
ECSC_4062_1_96F_4062_YR1,2,293,0.4289897510980966,0.4289897510980966,mid,,2.6873168526664513,96,8-10yr,unknown,682
ECSC_4062_1_96F_4062_YR1,3,312,0.4568081991215227,0.4568081991215227,mid,,7.657231038218576,96,8-10yr,unknown,682
ECSC_4062_1_96F_4062_YR1,4,331,0.4846266471449487,0.4846266471449487,mid,,8.46919391214107,96,8-10yr,unknown,682
ECSC_4062_1_96F_4062_YR1,5,350,0.5124450951683748,0.5124450951683748,mid,,7.636729810654192,96,8-10yr,unknown,682
ECSC_4062_1_96F_4062_YR1,6,369,0.5402635431918009,0.5402635431918009,mid,,2.9297587478689895,96,8-10yr,unknown,682
ECSC_4062_1_96F_4062_YR1,7,387,0.5666178623718887,0.5666178623718887,mid,,2.4483861871951103,96,8-10yr,unknown,682
ECSC_4062_1_96F_4062_YR1,8,406,0.5944363103953147,0.5944363103953147,mid,,10.51854894514224,96,8-10yr,unknown,682
ECSC_4062_1_96F_4062_YR1,9,425,0.6222547584187409,0.6222547584187409,mid,,19.460204971870084,96,8-10yr,unknown,682
ECSC_4062_1_96F_4062_YR1,10,444,0.6500732064421669,0.6500732064421669,mid,,4.088032856496632,96,8-10yr,unknown,682
ECSC_4062_1_96F_4062_YR1,11,463,0.677891654465593,0.677891654465593,late,,9.65908834129458,96,8-10yr,unknown,682
ECSC_4062_1_96F_4062_YR1,12,482,0.705710102489019,0.705710102489019,late,,10.325879198129948,96,8-10yr,unknown,682
ECSC_4062_1_96F_4062_YR1,13,500,0.7320644216691069,0.7320644216691069,late,,11.10721139440172,96,8-10yr,unknown,682
ECSC_4062_1_96F_4062_YR1,14,519,0.7598828696925329,0.7598828696925329,late,,3.268082808733382,96,8-10yr,unknown,682
ECSC_4062_1_96F_4062_YR1,15,538,0.787701317715959,0.787701317715959,late,1.9859122074527864,1.0204779664830967,96,8-10yr,unknown,682
ECSC_4062_1_96F_4062_YR1,16,557,0.8155197657393851,0.8155197657393851,late,,3.5757951272418573,96,8-10yr,unknown,682
ECSC_4062_1_96F_4062_YR1,17,576,0.8433382137628112,0.8433382137628112,late,7.206463615087236,7.221462922765376,96,8-10yr,unknown,682
ECSC_4062_1_96F_4062_YR1,18,595,0.8711566617862372,0.8711566617862372,late,,8.404292756392245,96,8-10yr,unknown,682
ECSC_4062_1_96F_4062_YR1,19,614,0.8989751098096632,0.8989751098096632,late,5.601166141644686,5.323134426940243,96,8-10yr,unknown,682
ECSC_4056_1_96M_4056_YR1,0,256,0.6153846153846154,0.6153846153846154,mid,,0.3365651484382352,96,8-10yr,unknown,415
ECSC_4056_1_96M_4056_YR1,1,262,0.6298076923076923,0.6298076923076923,mid,,-0.011533789651863,96,8-10yr,unknown,415
ECSC_4056_1_96M_4056_YR1,2,268,0.6442307692307693,0.6442307692307693,mid,,0.542478924623155,96,8-10yr,unknown,415
ECSC_4056_1_96M_4056_YR1,3,274,0.6586538461538461,0.6586538461538461,mid,,0.9395686816995924,96,8-10yr,unknown,415
ECSC_4056_1_96M_4056_YR1,4,280,0.6730769230769231,0.6730769230769231,late,,1.8268839036308488,96,8-10yr,unknown,415
ECSC_4056_1_96M_4056_YR1,5,287,0.6899038461538461,0.6899038461538461,late,,0.9210656299121922,96,8-10yr,unknown,415
ECSC_4056_1_96M_4056_YR1,6,293,0.7043269230769231,0.7043269230769231,late,,0.5829906094580046,96,8-10yr,unknown,415
ECSC_4056_1_96M_4056_YR1,7,299,0.71875,0.71875,late,,5.677362236377121,96,8-10yr,unknown,415
ECSC_4056_1_96M_4056_YR1,8,305,0.7331730769230769,0.7331730769230769,late,,7.557990636463581,96,8-10yr,unknown,415
ECSC_4056_1_96M_4056_YR1,9,311,0.7475961538461539,0.7475961538461539,late,,7.451426409535726,96,8-10yr,unknown,415
ECSC_4056_1_96M_4056_YR1,10,318,0.7644230769230769,0.7644230769230769,late,,8.897276972296218,96,8-10yr,unknown,415
ECSC_4056_1_96M_4056_YR1,11,324,0.7788461538461539,0.7788461538461539,late,,4.477176327210733,96,8-10yr,unknown,415
ECSC_4056_1_96M_4056_YR1,12,330,0.7932692307692307,0.7932692307692307,late,,14.552463713135186,96,8-10yr,unknown,415
ECSC_4056_1_96M_4056_YR1,13,336,0.8076923076923077,0.8076923076923077,late,,18.14259488763784,96,8-10yr,unknown,415
ECSC_4056_1_96M_4056_YR1,14,342,0.8221153846153846,0.8221153846153846,late,,17.017679986316903,96,8-10yr,unknown,415
ECSC_4056_1_96M_4056_YR1,15,349,0.8389423076923077,0.8389423076923077,late,,14.27843588938315,96,8-10yr,unknown,415
ECSC_4056_1_96M_4056_YR1,16,355,0.8533653846153846,0.8533653846153846,late,,14.684434451010803,96,8-10yr,unknown,415
ECSC_4056_1_96M_4056_YR1,17,361,0.8677884615384616,0.8677884615384616,late,,20.98307444832579,96,8-10yr,unknown,415
ECSC_4056_1_96M_4056_YR1,18,367,0.8822115384615384,0.8822115384615384,late,,21.07232408581428,96,8-10yr,unknown,415
ECSC_4056_1_96M_4056_YR1,19,374,0.8990384615384616,0.8990384615384616,late,,7.3309898275574366,96,8-10yr,unknown,415
ECSC_1006_2_97F_1006_YR2,0,256,0.3902439024390244,0.3902439024390244,early,,4.413425799296095,97,8-10yr,one_frog_too_many,655
ECSC_1006_2_97F_1006_YR2,1,273,0.4161585365853658,0.4161585365853658,mid,,2.350339073302214,97,8-10yr,one_frog_too_many,655
ECSC_1006_2_97F_1006_YR2,2,291,0.4435975609756097,0.4435975609756097,mid,,4.406821128233349,97,8-10yr,one_frog_too_many,655
ECSC_1006_2_97F_1006_YR2,3,308,0.4695121951219512,0.4695121951219512,mid,,10.500821510876026,97,8-10yr,one_frog_too_many,655
ECSC_1006_2_97F_1006_YR2,4,326,0.4969512195121951,0.4969512195121951,mid,,6.382945663880233,97,8-10yr,one_frog_too_many,655
ECSC_1006_2_97F_1006_YR2,5,343,0.5228658536585366,0.5228658536585366,mid,,3.817522597592844,97,8-10yr,one_frog_too_many,655
ECSC_1006_2_97F_1006_YR2,6,361,0.5503048780487805,0.5503048780487805,mid,,1.0441230654246905,97,8-10yr,one_frog_too_many,655
ECSC_1006_2_97F_1006_YR2,7,379,0.5777439024390244,0.5777439024390244,mid,,4.695685432063071,97,8-10yr,one_frog_too_many,655
ECSC_1006_2_97F_1006_YR2,8,396,0.6036585365853658,0.6036585365853658,mid,,3.881684027082659,97,8-10yr,one_frog_too_many,655
ECSC_1006_2_97F_1006_YR2,9,414,0.6310975609756098,0.6310975609756098,mid,,0.8778153483778981,97,8-10yr,one_frog_too_many,655
ECSC_1006_2_97F_1006_YR2,10,431,0.6570121951219512,0.6570121951219512,mid,,4.087688434561789,97,8-10yr,one_frog_too_many,655
ECSC_1006_2_97F_1006_YR2,11,449,0.6844512195121951,0.6844512195121951,late,,7.889592338475821,97,8-10yr,one_frog_too_many,655
ECSC_1006_2_97F_1006_YR2,12,466,0.7103658536585366,0.7103658536585366,late,,5.081314133285902,97,8-10yr,one_frog_too_many,655
ECSC_1006_2_97F_1006_YR2,13,484,0.7378048780487805,0.7378048780487805,late,,3.068479108222384,97,8-10yr,one_frog_too_many,655
ECSC_1006_2_97F_1006_YR2,14,502,0.7652439024390244,0.7652439024390244,late,,9.59875320616938,97,8-10yr,one_frog_too_many,655
ECSC_1006_2_97F_1006_YR2,15,519,0.7911585365853658,0.7911585365853658,late,,7.300098636342067,97,8-10yr,one_frog_too_many,655
ECSC_1006_2_97F_1006_YR2,16,537,0.8185975609756098,0.8185975609756098,late,,3.945441043183086,97,8-10yr,one_frog_too_many,655
ECSC_1006_2_97F_1006_YR2,17,554,0.8445121951219512,0.8445121951219512,late,,5.564287135412457,97,8-10yr,one_frog_too_many,655
ECSC_1006_2_97F_1006_YR2,18,572,0.8719512195121951,0.8719512195121951,late,,2.4869209163859853,97,8-10yr,one_frog_too_many,655
ECSC_1006_2_97F_1006_YR2,19,590,0.899390243902439,0.899390243902439,late,5.163795644753531,5.512636274654522,97,8-10yr,one_frog_too_many,655
ECSC_1006_3_97F_1006_YR3,0,256,0.5009784735812133,0.5009784735812133,mid,,6.528925434673372,97,8-10yr,one_frog_too_many,510
ECSC_1006_3_97F_1006_YR3,1,266,0.5205479452054794,0.5205479452054794,mid,,4.884599730109837,97,8-10yr,one_frog_too_many,510
ECSC_1006_3_97F_1006_YR3,2,277,0.5420743639921722,0.5420743639921722,mid,,8.9025741311643,97,8-10yr,one_frog_too_many,510
ECSC_1006_3_97F_1006_YR3,3,288,0.5636007827788649,0.5636007827788649,mid,,2.6041380833841217,97,8-10yr,one_frog_too_many,510
ECSC_1006_3_97F_1006_YR3,4,298,0.5831702544031311,0.5831702544031311,mid,,6.649817001210199,97,8-10yr,one_frog_too_many,510
ECSC_1006_3_97F_1006_YR3,5,309,0.6046966731898239,0.6046966731898239,mid,,7.164705200135707,97,8-10yr,one_frog_too_many,510
ECSC_1006_3_97F_1006_YR3,6,320,0.6262230919765166,0.6262230919765166,mid,,2.0511920757754867,97,8-10yr,one_frog_too_many,510
ECSC_1006_3_97F_1006_YR3,7,330,0.6457925636007827,0.6457925636007827,mid,,1.7677008974442092,97,8-10yr,one_frog_too_many,510
ECSC_1006_3_97F_1006_YR3,8,341,0.6673189823874756,0.6673189823874756,late,,1.1272300067421313,97,8-10yr,one_frog_too_many,510
ECSC_1006_3_97F_1006_YR3,9,352,0.6888454011741683,0.6888454011741683,late,,4.6092929558828075,97,8-10yr,one_frog_too_many,510
ECSC_1006_3_97F_1006_YR3,10,362,0.7084148727984344,0.7084148727984344,late,,5.491218598050095,97,8-10yr,one_frog_too_many,510
ECSC_1006_3_97F_1006_YR3,11,373,0.7299412915851272,0.7299412915851272,late,,5.8471900777787305,97,8-10yr,one_frog_too_many,510
ECSC_1006_3_97F_1006_YR3,12,384,0.7514677103718199,0.7514677103718199,late,,6.822525003268439,97,8-10yr,one_frog_too_many,510
ECSC_1006_3_97F_1006_YR3,13,394,0.7710371819960861,0.7710371819960861,late,,8.115463276026619,97,8-10yr,one_frog_too_many,510
ECSC_1006_3_97F_1006_YR3,14,405,0.7925636007827789,0.7925636007827789,late,,16.759734849520896,97,8-10yr,one_frog_too_many,510
ECSC_1006_3_97F_1006_YR3,15,416,0.8140900195694716,0.8140900195694716,late,,15.628619246647643,97,8-10yr,one_frog_too_many,510
ECSC_1006_3_97F_1006_YR3,16,426,0.8336594911937377,0.8336594911937377,late,,31.582949797499587,97,8-10yr,one_frog_too_many,510
ECSC_1006_3_97F_1006_YR3,17,437,0.8551859099804305,0.8551859099804305,late,,5.975214656785125,97,8-10yr,one_frog_too_many,510
ECSC_1006_3_97F_1006_YR3,18,448,0.8767123287671232,0.8767123287671232,late,,5.515196307915188,97,8-10yr,one_frog_too_many,510
ECSC_1006_3_97F_1006_YR3,19,459,0.898238747553816,0.898238747553816,late,,10.974339077714443,97,8-10yr,one_frog_too_many,510
ECSC_1099_1_97F_1099_YR1,0,256,0.3018867924528302,0.3018867924528302,early,,4.567802240543179,97,8-10yr,one_frog_too_many,847
ECSC_1099_1_97F_1099_YR1,1,282,0.3325471698113207,0.3325471698113207,early,,1.1282455954136292,97,8-10yr,one_frog_too_many,847
ECSC_1099_1_97F_1099_YR1,2,309,0.3643867924528302,0.3643867924528302,early,,11.058067172727288,97,8-10yr,one_frog_too_many,847
ECSC_1099_1_97F_1099_YR1,3,336,0.3962264150943396,0.3962264150943396,early,,6.783760802028084,97,8-10yr,one_frog_too_many,847
ECSC_1099_1_97F_1099_YR1,4,362,0.4268867924528302,0.4268867924528302,mid,,34.11238392322832,97,8-10yr,one_frog_too_many,847
ECSC_1099_1_97F_1099_YR1,5,389,0.4587264150943396,0.4587264150943396,mid,,32.67802486725337,97,8-10yr,one_frog_too_many,847
ECSC_1099_1_97F_1099_YR1,6,416,0.490566037735849,0.490566037735849,mid,,7.585831160597083,97,8-10yr,one_frog_too_many,847
ECSC_1099_1_97F_1099_YR1,7,442,0.5212264150943396,0.5212264150943396,mid,,19.04663999461421,97,8-10yr,one_frog_too_many,847
ECSC_1099_1_97F_1099_YR1,8,469,0.5530660377358491,0.5530660377358491,mid,,13.313268214531307,97,8-10yr,one_frog_too_many,847
ECSC_1099_1_97F_1099_YR1,9,496,0.5849056603773585,0.5849056603773585,mid,,5.130244886264158,97,8-10yr,one_frog_too_many,847
ECSC_1099_1_97F_1099_YR1,10,522,0.6155660377358491,0.6155660377358491,mid,,26.79659245705008,97,8-10yr,one_frog_too_many,847
ECSC_1099_1_97F_1099_YR1,11,549,0.6474056603773585,0.6474056603773585,mid,,47.69611613101915,97,8-10yr,one_frog_too_many,847
ECSC_1099_1_97F_1099_YR1,12,576,0.6792452830188679,0.6792452830188679,late,,37.20505077033933,97,8-10yr,one_frog_too_many,847
ECSC_1099_1_97F_1099_YR1,13,602,0.7099056603773585,0.7099056603773585,late,,6.521816936007113,97,8-10yr,one_frog_too_many,847
ECSC_1099_1_97F_1099_YR1,14,629,0.7417452830188679,0.7417452830188679,late,,12.90425641692523,97,8-10yr,one_frog_too_many,847
ECSC_1099_1_97F_1099_YR1,15,656,0.7735849056603774,0.7735849056603774,late,,3.757573565531837,97,8-10yr,one_frog_too_many,847
ECSC_1099_1_97F_1099_YR1,16,682,0.8042452830188679,0.8042452830188679,late,,20.11757346049981,97,8-10yr,one_frog_too_many,847
ECSC_1099_1_97F_1099_YR1,17,709,0.8360849056603774,0.8360849056603774,late,,7.698405493738864,97,8-10yr,one_frog_too_many,847
ECSC_1099_1_97F_1099_YR1,18,736,0.8679245283018868,0.8679245283018868,late,9.854029551244942,9.771685503103598,97,8-10yr,one_frog_too_many,847
ECSC_1099_1_97F_1099_YR1,19,763,0.8997641509433962,0.8997641509433962,late,9.309641422454876,8.81596022263368,97,8-10yr,one_frog_too_many,847
ECSC_1099_2_97F_1099_YR2,0,256,0.2935779816513761,0.2935779816513761,early,,2.080455381300073,97,8-10yr,frog_on_his_own,871
ECSC_1099_2_97F_1099_YR2,1,283,0.3245412844036697,0.3245412844036697,early,,2.9154243057469724,97,8-10yr,frog_on_his_own,871
ECSC_1099_2_97F_1099_YR2,2,311,0.356651376146789,0.356651376146789,early,,3.04862450370824,97,8-10yr,frog_on_his_own,871
ECSC_1099_2_97F_1099_YR2,3,339,0.3887614678899082,0.3887614678899082,early,,11.382584215516976,97,8-10yr,frog_on_his_own,871
ECSC_1099_2_97F_1099_YR2,4,367,0.4208715596330275,0.4208715596330275,mid,,8.135599838748679,97,8-10yr,frog_on_his_own,871
ECSC_1099_2_97F_1099_YR2,5,394,0.4518348623853211,0.4518348623853211,mid,,4.132273552243227,97,8-10yr,frog_on_his_own,871
ECSC_1099_2_97F_1099_YR2,6,422,0.4839449541284403,0.4839449541284403,mid,,10.373004305042825,97,8-10yr,frog_on_his_own,871
ECSC_1099_2_97F_1099_YR2,7,450,0.5160550458715596,0.5160550458715596,mid,,9.016391842263635,97,8-10yr,frog_on_his_own,871
ECSC_1099_2_97F_1099_YR2,8,478,0.5481651376146789,0.5481651376146789,mid,,25.873183505370303,97,8-10yr,frog_on_his_own,871
ECSC_1099_2_97F_1099_YR2,9,506,0.5802752293577982,0.5802752293577982,mid,,5.347583467294701,97,8-10yr,frog_on_his_own,871
ECSC_1099_2_97F_1099_YR2,10,533,0.6112385321100917,0.6112385321100917,mid,,6.1492393214171255,97,8-10yr,frog_on_his_own,871
ECSC_1099_2_97F_1099_YR2,11,561,0.643348623853211,0.643348623853211,mid,,4.761510529458737,97,8-10yr,frog_on_his_own,871
ECSC_1099_2_97F_1099_YR2,12,589,0.6754587155963303,0.6754587155963303,late,,4.728548830405185,97,8-10yr,frog_on_his_own,871
ECSC_1099_2_97F_1099_YR2,13,617,0.7075688073394495,0.7075688073394495,late,,17.437263017469743,97,8-10yr,frog_on_his_own,871
ECSC_1099_2_97F_1099_YR2,14,645,0.7396788990825688,0.7396788990825688,late,,18.394342048029905,97,8-10yr,frog_on_his_own,871
ECSC_1099_2_97F_1099_YR2,15,672,0.7706422018348624,0.7706422018348624,late,,10.412057338434993,97,8-10yr,frog_on_his_own,871
ECSC_1099_2_97F_1099_YR2,16,700,0.8027522935779816,0.8027522935779816,late,,14.633594095143994,97,8-10yr,frog_on_his_own,871
ECSC_1099_2_97F_1099_YR2,17,728,0.8348623853211009,0.8348623853211009,late,,4.143308973749646,97,8-10yr,frog_on_his_own,871
ECSC_1099_2_97F_1099_YR2,18,756,0.8669724770642202,0.8669724770642202,late,,5.6083471444220265,97,8-10yr,frog_on_his_own,871
ECSC_1099_2_97F_1099_YR2,19,784,0.8990825688073395,0.8990825688073395,late,7.652549866007334,7.350458655463386,97,8-10yr,frog_on_his_own,871
ECSC_1099_3_97F_1099_YR3,0,256,0.3125763125763126,0.3125763125763126,early,,7.894510771876755,97,8-10yr,frog_on_his_own,818
ECSC_1099_3_97F_1099_YR3,1,281,0.3431013431013431,0.3431013431013431,early,,4.015947819337269,97,8-10yr,frog_on_his_own,818
ECSC_1099_3_97F_1099_YR3,2,306,0.3736263736263736,0.3736263736263736,early,,3.10371772859086,97,8-10yr,frog_on_his_own,818
ECSC_1099_3_97F_1099_YR3,3,331,0.4041514041514041,0.4041514041514041,early,,13.924782921042016,97,8-10yr,frog_on_his_own,818
ECSC_1099_3_97F_1099_YR3,4,357,0.4358974358974359,0.4358974358974359,mid,,3.9303388707169,97,8-10yr,frog_on_his_own,818
ECSC_1099_3_97F_1099_YR3,5,382,0.4664224664224664,0.4664224664224664,mid,,13.758776806483004,97,8-10yr,frog_on_his_own,818
ECSC_1099_3_97F_1099_YR3,6,407,0.4969474969474969,0.4969474969474969,mid,,34.35776627844862,97,8-10yr,frog_on_his_own,818
ECSC_1099_3_97F_1099_YR3,7,433,0.5286935286935287,0.5286935286935287,mid,,11.087351601108091,97,8-10yr,frog_on_his_own,818
ECSC_1099_3_97F_1099_YR3,8,458,0.5592185592185592,0.5592185592185592,mid,,7.669792502277041,97,8-10yr,frog_on_his_own,818
ECSC_1099_3_97F_1099_YR3,9,483,0.5897435897435898,0.5897435897435898,mid,,7.759997647226573,97,8-10yr,frog_on_his_own,818
ECSC_1099_3_97F_1099_YR3,10,509,0.6214896214896215,0.6214896214896215,mid,,11.742911390979463,97,8-10yr,frog_on_his_own,818
ECSC_1099_3_97F_1099_YR3,11,534,0.652014652014652,0.652014652014652,mid,,10.280455108486391,97,8-10yr,frog_on_his_own,818
ECSC_1099_3_97F_1099_YR3,12,559,0.6825396825396826,0.6825396825396826,late,5.80797934756859,5.738645851443447,97,8-10yr,frog_on_his_own,818
ECSC_1099_3_97F_1099_YR3,13,585,0.7142857142857143,0.7142857142857143,late,,12.307696577564112,97,8-10yr,frog_on_his_own,818
ECSC_1099_3_97F_1099_YR3,14,610,0.7448107448107448,0.7448107448107448,late,,13.0774606530919,97,8-10yr,frog_on_his_own,818
ECSC_1099_3_97F_1099_YR3,15,635,0.7753357753357754,0.7753357753357754,late,,14.787212961023052,97,8-10yr,frog_on_his_own,818
ECSC_1099_3_97F_1099_YR3,16,661,0.8070818070818071,0.8070818070818071,late,,1.979069454856587,97,8-10yr,frog_on_his_own,818
ECSC_1099_3_97F_1099_YR3,17,686,0.8376068376068376,0.8376068376068376,late,,18.712150107749988,97,8-10yr,frog_on_his_own,818
ECSC_1099_3_97F_1099_YR3,18,711,0.8681318681318682,0.8681318681318682,late,,5.561749027504115,97,8-10yr,frog_on_his_own,818
ECSC_1099_3_97F_1099_YR3,19,737,0.8998778998778999,0.8998778998778999,late,4.244355465476154,4.755391778280673,97,8-10yr,frog_on_his_own,818
ECSC_4025_1_97F_4025_YR1,0,256,0.4723247232472324,0.4723247232472324,mid,,19.080286473959085,97,8-10yr,unknown,541
ECSC_4025_1_97F_4025_YR1,1,268,0.4944649446494465,0.4944649446494465,mid,,64.73914455296556,97,8-10yr,unknown,541
ECSC_4025_1_97F_4025_YR1,2,280,0.5166051660516605,0.5166051660516605,mid,,58.39556934564809,97,8-10yr,unknown,541
ECSC_4025_1_97F_4025_YR1,3,292,0.5387453874538746,0.5387453874538746,mid,,36.0974594164963,97,8-10yr,unknown,541
ECSC_4025_1_97F_4025_YR1,4,304,0.5608856088560885,0.5608856088560885,mid,,23.15832284017733,97,8-10yr,unknown,541
ECSC_4025_1_97F_4025_YR1,5,316,0.5830258302583026,0.5830258302583026,mid,,9.882669835279666,97,8-10yr,unknown,541
ECSC_4025_1_97F_4025_YR1,6,328,0.6051660516605166,0.6051660516605166,mid,,3.1059010922659924,97,8-10yr,unknown,541
ECSC_4025_1_97F_4025_YR1,7,341,0.6291512915129152,0.6291512915129152,mid,,8.083732799295824,97,8-10yr,unknown,541
ECSC_4025_1_97F_4025_YR1,8,353,0.6512915129151291,0.6512915129151291,mid,,12.391589514638186,97,8-10yr,unknown,541
ECSC_4025_1_97F_4025_YR1,9,365,0.6734317343173432,0.6734317343173432,late,,18.355402940734876,97,8-10yr,unknown,541
ECSC_4025_1_97F_4025_YR1,10,377,0.6955719557195572,0.6955719557195572,late,,26.0958279312978,97,8-10yr,unknown,541
ECSC_4025_1_97F_4025_YR1,11,389,0.7177121771217713,0.7177121771217713,late,,13.892920280524413,97,8-10yr,unknown,541
ECSC_4025_1_97F_4025_YR1,12,401,0.7398523985239852,0.7398523985239852,late,,28.94274535702121,97,8-10yr,unknown,541
ECSC_4025_1_97F_4025_YR1,13,414,0.7638376383763837,0.7638376383763837,late,,54.87431483342216,97,8-10yr,unknown,541
ECSC_4025_1_97F_4025_YR1,14,426,0.7859778597785978,0.7859778597785978,late,,39.909890446867344,97,8-10yr,unknown,541
ECSC_4025_1_97F_4025_YR1,15,438,0.8081180811808119,0.8081180811808119,late,,20.318509936427347,97,8-10yr,unknown,541
ECSC_4025_1_97F_4025_YR1,16,450,0.8302583025830258,0.8302583025830258,late,,16.4967284424877,97,8-10yr,unknown,541
ECSC_4025_1_97F_4025_YR1,17,462,0.8523985239852399,0.8523985239852399,late,,7.597581406599472,97,8-10yr,unknown,541
ECSC_4025_1_97F_4025_YR1,18,474,0.8745387453874539,0.8745387453874539,late,,20.527465333490447,97,8-10yr,unknown,541
ECSC_4025_1_97F_4025_YR1,19,487,0.8985239852398524,0.8985239852398524,late,,12.692816684238386,97,8-10yr,unknown,541
ECSC_4047_1_97F_4047_YR1,0,256,0.5912240184757506,0.5912240184757506,mid,,3.273092916100781,97,8-10yr,unknown,432
ECSC_4047_1_97F_4047_YR1,1,263,0.6073903002309469,0.6073903002309469,mid,,2.529482669638729,97,8-10yr,unknown,432
ECSC_4047_1_97F_4047_YR1,2,270,0.6235565819861432,0.6235565819861432,mid,,3.071307869155306,97,8-10yr,unknown,432
ECSC_4047_1_97F_4047_YR1,3,277,0.6397228637413395,0.6397228637413395,mid,,3.199909329620618,97,8-10yr,unknown,432
ECSC_4047_1_97F_4047_YR1,4,284,0.6558891454965358,0.6558891454965358,mid,,4.12853655788275,97,8-10yr,unknown,432
ECSC_4047_1_97F_4047_YR1,5,291,0.6720554272517321,0.6720554272517321,late,,2.73013300838939,97,8-10yr,unknown,432
ECSC_4047_1_97F_4047_YR1,6,298,0.6882217090069284,0.6882217090069284,late,,2.6464395614684006,97,8-10yr,unknown,432
ECSC_4047_1_97F_4047_YR1,7,305,0.7043879907621247,0.7043879907621247,late,,4.335689096783623,97,8-10yr,unknown,432
ECSC_4047_1_97F_4047_YR1,8,312,0.7205542725173211,0.7205542725173211,late,,4.041234783356939,97,8-10yr,unknown,432
ECSC_4047_1_97F_4047_YR1,9,319,0.7367205542725174,0.7367205542725174,late,,5.066901768249155,97,8-10yr,unknown,432
ECSC_4047_1_97F_4047_YR1,10,326,0.7528868360277137,0.7528868360277137,late,,4.957886780584046,97,8-10yr,unknown,432
ECSC_4047_1_97F_4047_YR1,11,333,0.76905311778291,0.76905311778291,late,,6.50611546687416,97,8-10yr,unknown,432
ECSC_4047_1_97F_4047_YR1,12,340,0.7852193995381063,0.7852193995381063,late,,4.5348424140959285,97,8-10yr,unknown,432
ECSC_4047_1_97F_4047_YR1,13,347,0.8013856812933026,0.8013856812933026,late,,4.033173908920773,97,8-10yr,unknown,432
ECSC_4047_1_97F_4047_YR1,14,354,0.8175519630484989,0.8175519630484989,late,,3.612806582111487,97,8-10yr,unknown,432
ECSC_4047_1_97F_4047_YR1,15,361,0.8337182448036952,0.8337182448036952,late,,0.4941089879111651,97,8-10yr,unknown,432
ECSC_4047_1_97F_4047_YR1,16,368,0.8498845265588915,0.8498845265588915,late,,-0.7994497143749726,97,8-10yr,unknown,432
ECSC_4047_1_97F_4047_YR1,17,375,0.8660508083140878,0.8660508083140878,late,,0.2473742713517825,97,8-10yr,unknown,432
ECSC_4047_1_97F_4047_YR1,18,382,0.8822170900692841,0.8822170900692841,late,,0.5991757936568618,97,8-10yr,unknown,432
ECSC_4047_1_97F_4047_YR1,19,389,0.8983833718244804,0.8983833718244804,late,,0.8763794694752987,97,8-10yr,unknown,432
ECSC_1056_1_97M_1056_YR1,0,256,0.3337679269882659,0.3337679269882659,early,,6.287537665646713,97,8-10yr,one_frog_too_many,766
ECSC_1056_1_97M_1056_YR1,1,278,0.3624511082138201,0.3624511082138201,early,,10.083992411417722,97,8-10yr,one_frog_too_many,766
ECSC_1056_1_97M_1056_YR1,2,301,0.3924380704041721,0.3924380704041721,early,,10.52753819735748,97,8-10yr,one_frog_too_many,766
ECSC_1056_1_97M_1056_YR1,3,324,0.4224250325945241,0.4224250325945241,mid,,3.544967089872708,97,8-10yr,one_frog_too_many,766
ECSC_1056_1_97M_1056_YR1,4,347,0.4524119947848761,0.4524119947848761,mid,,5.840719555906814,97,8-10yr,one_frog_too_many,766
ECSC_1056_1_97M_1056_YR1,5,370,0.4823989569752281,0.4823989569752281,mid,,3.2412527396813795,97,8-10yr,one_frog_too_many,766
ECSC_1056_1_97M_1056_YR1,6,393,0.5123859191655802,0.5123859191655802,mid,,13.554567042211788,97,8-10yr,one_frog_too_many,766
ECSC_1056_1_97M_1056_YR1,7,415,0.5410691003911343,0.5410691003911343,mid,,10.343288156202728,97,8-10yr,one_frog_too_many,766
ECSC_1056_1_97M_1056_YR1,8,438,0.5710560625814863,0.5710560625814863,mid,,8.257071732357346,97,8-10yr,one_frog_too_many,766
ECSC_1056_1_97M_1056_YR1,9,461,0.6010430247718384,0.6010430247718384,mid,,4.558308668489368,97,8-10yr,one_frog_too_many,766
ECSC_1056_1_97M_1056_YR1,10,484,0.6310299869621904,0.6310299869621904,mid,,4.668309485523118,97,8-10yr,one_frog_too_many,766
ECSC_1056_1_97M_1056_YR1,11,507,0.6610169491525424,0.6610169491525424,late,,2.884045170573988,97,8-10yr,one_frog_too_many,766
ECSC_1056_1_97M_1056_YR1,12,530,0.6910039113428944,0.6910039113428944,late,5.909032752561732,3.81428526329864,97,8-10yr,one_frog_too_many,766
ECSC_1056_1_97M_1056_YR1,13,552,0.7196870925684485,0.7196870925684485,late,,21.228365836801956,97,8-10yr,one_frog_too_many,766
ECSC_1056_1_97M_1056_YR1,14,575,0.7496740547588006,0.7496740547588006,late,,19.903795437077942,97,8-10yr,one_frog_too_many,766
ECSC_1056_1_97M_1056_YR1,15,598,0.7796610169491526,0.7796610169491526,late,,13.213421328054917,97,8-10yr,one_frog_too_many,766
ECSC_1056_1_97M_1056_YR1,16,621,0.8096479791395046,0.8096479791395046,late,,4.3132116542820595,97,8-10yr,one_frog_too_many,766
ECSC_1056_1_97M_1056_YR1,17,644,0.8396349413298566,0.8396349413298566,late,,8.890395433291786,97,8-10yr,one_frog_too_many,766
ECSC_1056_1_97M_1056_YR1,18,667,0.8696219035202086,0.8696219035202086,late,,1.3633057051933637,97,8-10yr,one_frog_too_many,766
ECSC_1056_1_97M_1056_YR1,19,690,0.8996088657105606,0.8996088657105606,late,3.927653851797916,3.9251065186662535,97,8-10yr,one_frog_too_many,766
ECSC_1056_2_97M_1056_YR2,0,256,0.764179104477612,0.764179104477612,late,,8.75158174302167,97,8-10yr,one_frog_too_many,334
ECSC_1056_2_97M_1056_YR2,1,258,0.7701492537313432,0.7701492537313432,late,,10.45686095183034,97,8-10yr,one_frog_too_many,334
ECSC_1056_2_97M_1056_YR2,2,260,0.7761194029850746,0.7761194029850746,late,,6.301110425307677,97,8-10yr,one_frog_too_many,334
ECSC_1056_2_97M_1056_YR2,3,262,0.7820895522388059,0.7820895522388059,late,,5.739677103096874,97,8-10yr,one_frog_too_many,334
ECSC_1056_2_97M_1056_YR2,4,264,0.7880597014925373,0.7880597014925373,late,,3.8061442320804617,97,8-10yr,one_frog_too_many,334
ECSC_1056_2_97M_1056_YR2,5,266,0.7940298507462686,0.7940298507462686,late,,4.710746393390236,97,8-10yr,one_frog_too_many,334
ECSC_1056_2_97M_1056_YR2,6,268,0.8,0.8,late,,4.4687339806664905,97,8-10yr,one_frog_too_many,334
ECSC_1056_2_97M_1056_YR2,7,270,0.8059701492537313,0.8059701492537313,late,,4.767517148966455,97,8-10yr,one_frog_too_many,334
ECSC_1056_2_97M_1056_YR2,8,272,0.8119402985074626,0.8119402985074626,late,,4.965149459853409,97,8-10yr,one_frog_too_many,334
ECSC_1056_2_97M_1056_YR2,9,274,0.817910447761194,0.817910447761194,late,,4.513439409827033,97,8-10yr,one_frog_too_many,334
ECSC_1056_2_97M_1056_YR2,10,276,0.8238805970149253,0.8238805970149253,late,,4.913070764795473,97,8-10yr,one_frog_too_many,334
ECSC_1056_2_97M_1056_YR2,11,278,0.8298507462686567,0.8298507462686567,late,,4.203216021244348,97,8-10yr,one_frog_too_many,334
ECSC_1056_2_97M_1056_YR2,12,280,0.835820895522388,0.835820895522388,late,,4.600461804547303,97,8-10yr,one_frog_too_many,334
ECSC_1056_2_97M_1056_YR2,13,282,0.8417910447761194,0.8417910447761194,late,,4.912225210723597,97,8-10yr,one_frog_too_many,334
ECSC_1056_2_97M_1056_YR2,14,284,0.8477611940298507,0.8477611940298507,late,,5.485491269164128,97,8-10yr,one_frog_too_many,334
ECSC_1056_2_97M_1056_YR2,15,286,0.8537313432835821,0.8537313432835821,late,,5.445956292941231,97,8-10yr,one_frog_too_many,334
ECSC_1056_2_97M_1056_YR2,16,288,0.8597014925373134,0.8597014925373134,late,,4.487642821264796,97,8-10yr,one_frog_too_many,334
ECSC_1056_2_97M_1056_YR2,17,290,0.8656716417910447,0.8656716417910447,late,,3.5707135553808538,97,8-10yr,one_frog_too_many,334
ECSC_1056_2_97M_1056_YR2,18,292,0.8716417910447761,0.8716417910447761,late,,4.224816133732309,97,8-10yr,one_frog_too_many,334
ECSC_1056_2_97M_1056_YR2,19,295,0.8805970149253731,0.8805970149253731,late,,3.36216329602114,97,8-10yr,one_frog_too_many,334
ECSC_1056_3_97M_1056_YR3,0,256,0.5601750547045952,0.5601750547045952,mid,,3.019282364051932,97,8-10yr,unknown,456
ECSC_1056_3_97M_1056_YR3,1,264,0.5776805251641138,0.5776805251641138,mid,,5.296898475763374,97,8-10yr,unknown,456
ECSC_1056_3_97M_1056_YR3,2,272,0.5951859956236324,0.5951859956236324,mid,,11.248226039959306,97,8-10yr,unknown,456
ECSC_1056_3_97M_1056_YR3,3,280,0.612691466083151,0.612691466083151,mid,,20.851923602198003,97,8-10yr,unknown,456
ECSC_1056_3_97M_1056_YR3,4,288,0.6301969365426696,0.6301969365426696,mid,,26.57545659246142,97,8-10yr,unknown,456
ECSC_1056_3_97M_1056_YR3,5,296,0.6477024070021882,0.6477024070021882,mid,,10.398040890899166,97,8-10yr,unknown,456
ECSC_1056_3_97M_1056_YR3,6,304,0.6652078774617067,0.6652078774617067,late,,5.27047828452803,97,8-10yr,unknown,456
ECSC_1056_3_97M_1056_YR3,7,313,0.6849015317286652,0.6849015317286652,late,,3.281557305419323,97,8-10yr,unknown,456
ECSC_1056_3_97M_1056_YR3,8,321,0.7024070021881839,0.7024070021881839,late,,3.008136250323284,97,8-10yr,unknown,456
ECSC_1056_3_97M_1056_YR3,9,329,0.7199124726477024,0.7199124726477024,late,,2.244571087073976,97,8-10yr,unknown,456
ECSC_1056_3_97M_1056_YR3,10,337,0.737417943107221,0.737417943107221,late,,2.7498882417029575,97,8-10yr,unknown,456
ECSC_1056_3_97M_1056_YR3,11,345,0.7549234135667396,0.7549234135667396,late,,2.2713952578486287,97,8-10yr,unknown,456
ECSC_1056_3_97M_1056_YR3,12,353,0.7724288840262582,0.7724288840262582,late,,4.835935334640114,97,8-10yr,unknown,456
ECSC_1056_3_97M_1056_YR3,13,362,0.7921225382932167,0.7921225382932167,late,,4.790946642545956,97,8-10yr,unknown,456
ECSC_1056_3_97M_1056_YR3,14,370,0.8096280087527352,0.8096280087527352,late,,3.2737788176396236,97,8-10yr,unknown,456
ECSC_1056_3_97M_1056_YR3,15,378,0.8271334792122538,0.8271334792122538,late,,4.234001291858595,97,8-10yr,unknown,456
ECSC_1056_3_97M_1056_YR3,16,386,0.8446389496717724,0.8446389496717724,late,,5.793692258455707,97,8-10yr,unknown,456
ECSC_1056_3_97M_1056_YR3,17,394,0.862144420131291,0.862144420131291,late,,3.620994600195816,97,8-10yr,unknown,456
ECSC_1056_3_97M_1056_YR3,18,402,0.8796498905908097,0.8796498905908097,late,,5.2786680494974725,97,8-10yr,unknown,456
ECSC_1056_3_97M_1056_YR3,19,411,0.899343544857768,0.899343544857768,late,,5.689171961269569,97,8-10yr,unknown,456
ECSC_4009_2_97M_4009_YR2,0,256,0.8126984126984127,0.8126984126984127,late,,2.049059893033233,97,8-10yr,unknown,314
ECSC_4009_2_97M_4009_YR2,1,257,0.8158730158730159,0.8158730158730159,late,,2.058066996832207,97,8-10yr,unknown,314
ECSC_4009_2_97M_4009_YR2,2,258,0.819047619047619,0.819047619047619,late,,1.978707954294924,97,8-10yr,unknown,314
ECSC_4009_2_97M_4009_YR2,3,259,0.8222222222222222,0.8222222222222222,late,,1.9677717453811023,97,8-10yr,unknown,314
ECSC_4009_2_97M_4009_YR2,4,260,0.8253968253968254,0.8253968253968254,late,,1.9940066678386108,97,8-10yr,unknown,314
ECSC_4009_2_97M_4009_YR2,5,261,0.8285714285714286,0.8285714285714286,late,,1.9431573456277036,97,8-10yr,unknown,314
ECSC_4009_2_97M_4009_YR2,6,262,0.8317460317460318,0.8317460317460318,late,,1.81958041715935,97,8-10yr,unknown,314
ECSC_4009_2_97M_4009_YR2,7,263,0.834920634920635,0.834920634920635,late,,1.79929827424717,97,8-10yr,unknown,314
ECSC_4009_2_97M_4009_YR2,8,264,0.8380952380952381,0.8380952380952381,late,,1.8656362446112151,97,8-10yr,unknown,314
ECSC_4009_2_97M_4009_YR2,9,265,0.8412698412698413,0.8412698412698413,late,,1.7956046726828836,97,8-10yr,unknown,314
ECSC_4009_2_97M_4009_YR2,10,266,0.8444444444444444,0.8444444444444444,late,,1.713794517906824,97,8-10yr,unknown,314
ECSC_4009_2_97M_4009_YR2,11,267,0.8476190476190476,0.8476190476190476,late,,0.847369481716818,97,8-10yr,unknown,314
ECSC_4009_2_97M_4009_YR2,12,268,0.8507936507936508,0.8507936507936508,late,,0.5151699950631752,97,8-10yr,unknown,314
ECSC_4009_2_97M_4009_YR2,13,269,0.8539682539682539,0.8539682539682539,late,,0.8864313596077515,97,8-10yr,unknown,314
ECSC_4009_2_97M_4009_YR2,14,270,0.8571428571428571,0.8571428571428571,late,,1.1169215765023246,97,8-10yr,unknown,314
ECSC_4009_2_97M_4009_YR2,15,271,0.8603174603174604,0.8603174603174604,late,,1.2165918928612225,97,8-10yr,unknown,314
ECSC_4009_2_97M_4009_YR2,16,272,0.8634920634920635,0.8634920634920635,late,,1.44185943290692,97,8-10yr,unknown,314
ECSC_4009_2_97M_4009_YR2,17,273,0.8666666666666667,0.8666666666666667,late,,1.641785074427874,97,8-10yr,unknown,314
ECSC_4009_2_97M_4009_YR2,18,274,0.8698412698412699,0.8698412698412699,late,,1.4495411511815988,97,8-10yr,unknown,314
ECSC_4009_2_97M_4009_YR2,19,275,0.873015873015873,0.873015873015873,late,,1.3855628635404358,97,8-10yr,unknown,314
ECSC_4006_1_98F_4006_YR1,0,256,0.5967365967365967,0.5967365967365967,mid,,8.621483006660462,98,8-10yr,unknown,428
ECSC_4006_1_98F_4006_YR1,1,262,0.6107226107226107,0.6107226107226107,mid,,7.786758291560798,98,8-10yr,unknown,428
ECSC_4006_1_98F_4006_YR1,2,269,0.627039627039627,0.627039627039627,mid,,6.170419884227465,98,8-10yr,unknown,428
ECSC_4006_1_98F_4006_YR1,3,276,0.6433566433566433,0.6433566433566433,mid,,9.509632289746635,98,8-10yr,unknown,428
ECSC_4006_1_98F_4006_YR1,4,283,0.6596736596736597,0.6596736596736597,late,,12.165420586950544,98,8-10yr,unknown,428
ECSC_4006_1_98F_4006_YR1,5,290,0.675990675990676,0.675990675990676,late,,9.443390523929123,98,8-10yr,unknown,428
ECSC_4006_1_98F_4006_YR1,6,297,0.6923076923076923,0.6923076923076923,late,,12.910236036743338,98,8-10yr,unknown,428
ECSC_4006_1_98F_4006_YR1,7,303,0.7062937062937062,0.7062937062937062,late,,9.55028957552476,98,8-10yr,unknown,428
ECSC_4006_1_98F_4006_YR1,8,310,0.7226107226107226,0.7226107226107226,late,,4.912191127274102,98,8-10yr,unknown,428
ECSC_4006_1_98F_4006_YR1,9,317,0.7389277389277389,0.7389277389277389,late,,3.679877479618911,98,8-10yr,unknown,428
ECSC_4006_1_98F_4006_YR1,10,324,0.7552447552447552,0.7552447552447552,late,,4.435415628503051,98,8-10yr,unknown,428
ECSC_4006_1_98F_4006_YR1,11,331,0.7715617715617715,0.7715617715617715,late,,5.283655078280717,98,8-10yr,unknown,428
ECSC_4006_1_98F_4006_YR1,12,338,0.7878787878787878,0.7878787878787878,late,,5.577641707020655,98,8-10yr,unknown,428
ECSC_4006_1_98F_4006_YR1,13,344,0.8018648018648019,0.8018648018648019,late,,7.059375140399194,98,8-10yr,unknown,428
ECSC_4006_1_98F_4006_YR1,14,351,0.8181818181818182,0.8181818181818182,late,,7.055034868335063,98,8-10yr,unknown,428
ECSC_4006_1_98F_4006_YR1,15,358,0.8344988344988346,0.8344988344988346,late,,5.841842679229141,98,8-10yr,unknown,428
ECSC_4006_1_98F_4006_YR1,16,365,0.8508158508158508,0.8508158508158508,late,,8.016689708584863,98,8-10yr,unknown,428
ECSC_4006_1_98F_4006_YR1,17,372,0.8671328671328671,0.8671328671328671,late,,8.821539540304322,98,8-10yr,unknown,428
ECSC_4006_1_98F_4006_YR1,18,379,0.8834498834498834,0.8834498834498834,late,,10.560108877930748,98,8-10yr,unknown,428
ECSC_4006_1_98F_4006_YR1,19,386,0.8997668997668997,0.8997668997668997,late,,8.072680296580192,98,8-10yr,unknown,428
ECSC_4042_1_98F_4042_YR1,0,256,0.3436241610738255,0.3436241610738255,early,,11.08730443433398,98,8-10yr,unknown,744
ECSC_4042_1_98F_4042_YR1,1,277,0.3718120805369127,0.3718120805369127,early,,3.1146788133187515,98,8-10yr,unknown,744
ECSC_4042_1_98F_4042_YR1,2,299,0.4013422818791946,0.4013422818791946,early,,1.4643077832878753,98,8-10yr,unknown,744
ECSC_4042_1_98F_4042_YR1,3,321,0.4308724832214765,0.4308724832214765,mid,,5.22428090432717,98,8-10yr,unknown,744
ECSC_4042_1_98F_4042_YR1,4,343,0.4604026845637584,0.4604026845637584,mid,,7.755845080328108,98,8-10yr,unknown,744
ECSC_4042_1_98F_4042_YR1,5,364,0.4885906040268456,0.4885906040268456,mid,,6.997245959890678,98,8-10yr,unknown,744
ECSC_4042_1_98F_4042_YR1,6,386,0.5181208053691275,0.5181208053691275,mid,,1.9944409181116711,98,8-10yr,unknown,744
ECSC_4042_1_98F_4042_YR1,7,408,0.5476510067114094,0.5476510067114094,mid,,7.900910893364864,98,8-10yr,unknown,744
ECSC_4042_1_98F_4042_YR1,8,430,0.5771812080536913,0.5771812080536913,mid,,12.089847287595411,98,8-10yr,unknown,744
ECSC_4042_1_98F_4042_YR1,9,452,0.6067114093959731,0.6067114093959731,mid,,15.766816848814468,98,8-10yr,unknown,744
ECSC_4042_1_98F_4042_YR1,10,473,0.6348993288590604,0.6348993288590604,mid,,9.479920834398117,98,8-10yr,unknown,744
ECSC_4042_1_98F_4042_YR1,11,495,0.6644295302013423,0.6644295302013423,late,,9.040258459839704,98,8-10yr,unknown,744
ECSC_4042_1_98F_4042_YR1,12,517,0.6939597315436241,0.6939597315436241,late,,1.795105356439719,98,8-10yr,unknown,744
ECSC_4042_1_98F_4042_YR1,13,539,0.723489932885906,0.723489932885906,late,,3.575625706845993,98,8-10yr,unknown,744
ECSC_4042_1_98F_4042_YR1,14,561,0.7530201342281879,0.7530201342281879,late,5.265100440147697,4.908958736342747,98,8-10yr,unknown,744
ECSC_4042_1_98F_4042_YR1,15,582,0.7812080536912752,0.7812080536912752,late,,12.918777667694664,98,8-10yr,unknown,744
ECSC_4042_1_98F_4042_YR1,16,604,0.810738255033557,0.810738255033557,late,,13.868185444565098,98,8-10yr,unknown,744
ECSC_4042_1_98F_4042_YR1,17,626,0.8402684563758389,0.8402684563758389,late,,25.061479986831703,98,8-10yr,unknown,744
ECSC_4042_1_98F_4042_YR1,18,648,0.8697986577181208,0.8697986577181208,late,,20.66686482640639,98,8-10yr,unknown,744
ECSC_4042_1_98F_4042_YR1,19,670,0.8993288590604027,0.8993288590604027,late,2.357303374212111,2.26406742850299,98,8-10yr,unknown,744
ECSC_4074_1_98F_4074_YR1,0,256,0.7293447293447294,0.7293447293447294,late,,1.9996808304980416,98,8-10yr,unknown,350
ECSC_4074_1_98F_4074_YR1,1,258,0.7350427350427351,0.7350427350427351,late,,2.137475174079374,98,8-10yr,unknown,350
ECSC_4074_1_98F_4074_YR1,2,261,0.7435897435897436,0.7435897435897436,late,,2.7551833322794663,98,8-10yr,unknown,350
ECSC_4074_1_98F_4074_YR1,3,264,0.7521367521367521,0.7521367521367521,late,,3.000872902549678,98,8-10yr,unknown,350
ECSC_4074_1_98F_4074_YR1,4,267,0.7606837606837606,0.7606837606837606,late,,2.9390798856177014,98,8-10yr,unknown,350
ECSC_4074_1_98F_4074_YR1,5,270,0.7692307692307693,0.7692307692307693,late,,2.1459343750733275,98,8-10yr,unknown,350
ECSC_4074_1_98F_4074_YR1,6,273,0.7777777777777778,0.7777777777777778,late,,2.6039756438007693,98,8-10yr,unknown,350
ECSC_4074_1_98F_4074_YR1,7,276,0.7863247863247863,0.7863247863247863,late,,1.1239432913344167,98,8-10yr,unknown,350
ECSC_4074_1_98F_4074_YR1,8,279,0.7948717948717948,0.7948717948717948,late,,1.9791173990836637,98,8-10yr,unknown,350
ECSC_4074_1_98F_4074_YR1,9,282,0.8034188034188035,0.8034188034188035,late,,2.8105047806590857,98,8-10yr,unknown,350
ECSC_4074_1_98F_4074_YR1,10,284,0.8091168091168092,0.8091168091168092,late,,2.424125244216446,98,8-10yr,unknown,350
ECSC_4074_1_98F_4074_YR1,11,287,0.8176638176638177,0.8176638176638177,late,,1.9903323050259587,98,8-10yr,unknown,350
ECSC_4074_1_98F_4074_YR1,12,290,0.8262108262108262,0.8262108262108262,late,,1.0458438023136356,98,8-10yr,unknown,350
ECSC_4074_1_98F_4074_YR1,13,293,0.8347578347578347,0.8347578347578347,late,,0.9318955679831182,98,8-10yr,unknown,350
ECSC_4074_1_98F_4074_YR1,14,296,0.8433048433048433,0.8433048433048433,late,,1.2995772877538163,98,8-10yr,unknown,350
ECSC_4074_1_98F_4074_YR1,15,299,0.8518518518518519,0.8518518518518519,late,,0.822610313897064,98,8-10yr,unknown,350
ECSC_4074_1_98F_4074_YR1,16,302,0.8603988603988604,0.8603988603988604,late,,0.5816239607983169,98,8-10yr,unknown,350
ECSC_4074_1_98F_4074_YR1,17,305,0.8689458689458689,0.8689458689458689,late,,0.1069373741844437,98,8-10yr,unknown,350
ECSC_4074_1_98F_4074_YR1,18,308,0.8774928774928775,0.8774928774928775,late,,0.5546188129228184,98,8-10yr,unknown,350
ECSC_4074_1_98F_4074_YR1,19,311,0.886039886039886,0.886039886039886,late,,0.3944132025341798,98,8-10yr,unknown,350
ECSC_1067_1_98M_1067_YR1,0,256,0.5435244161358811,0.5435244161358811,mid,,2.996068685725227,98,8-10yr,frog_on_his_own,470
ECSC_1067_1_98M_1067_YR1,1,264,0.5605095541401274,0.5605095541401274,mid,,5.010513693671504,98,8-10yr,frog_on_his_own,470
ECSC_1067_1_98M_1067_YR1,2,273,0.5796178343949044,0.5796178343949044,mid,,5.689449247660052,98,8-10yr,frog_on_his_own,470
ECSC_1067_1_98M_1067_YR1,3,282,0.5987261146496815,0.5987261146496815,mid,,13.805147591387607,98,8-10yr,frog_on_his_own,470
ECSC_1067_1_98M_1067_YR1,4,291,0.6178343949044586,0.6178343949044586,mid,,22.677483888066902,98,8-10yr,frog_on_his_own,470
ECSC_1067_1_98M_1067_YR1,5,299,0.6348195329087049,0.6348195329087049,mid,,16.851903047667236,98,8-10yr,frog_on_his_own,470
ECSC_1067_1_98M_1067_YR1,6,308,0.6539278131634819,0.6539278131634819,mid,,13.877389774531975,98,8-10yr,frog_on_his_own,470
ECSC_1067_1_98M_1067_YR1,7,317,0.673036093418259,0.673036093418259,late,,2.451152015990603,98,8-10yr,frog_on_his_own,470
ECSC_1067_1_98M_1067_YR1,8,326,0.692144373673036,0.692144373673036,late,,0.5879385156209551,98,8-10yr,frog_on_his_own,470
ECSC_1067_1_98M_1067_YR1,9,335,0.7112526539278131,0.7112526539278131,late,,4.163372941234435,98,8-10yr,frog_on_his_own,470
ECSC_1067_1_98M_1067_YR1,10,343,0.7282377919320594,0.7282377919320594,late,,4.016938445871543,98,8-10yr,frog_on_his_own,470
ECSC_1067_1_98M_1067_YR1,11,352,0.7473460721868365,0.7473460721868365,late,,4.222273916474945,98,8-10yr,frog_on_his_own,470
ECSC_1067_1_98M_1067_YR1,12,361,0.7664543524416136,0.7664543524416136,late,,1.3287113453354973,98,8-10yr,frog_on_his_own,470
ECSC_1067_1_98M_1067_YR1,13,370,0.7855626326963907,0.7855626326963907,late,,2.3965015183120126,98,8-10yr,frog_on_his_own,470
ECSC_1067_1_98M_1067_YR1,14,379,0.8046709129511678,0.8046709129511678,late,,5.911200878504662,98,8-10yr,frog_on_his_own,470
ECSC_1067_1_98M_1067_YR1,15,387,0.821656050955414,0.821656050955414,late,,3.3598365409886366,98,8-10yr,frog_on_his_own,470
ECSC_1067_1_98M_1067_YR1,16,396,0.8407643312101911,0.8407643312101911,late,,6.370991360611855,98,8-10yr,frog_on_his_own,470
ECSC_1067_1_98M_1067_YR1,17,405,0.8598726114649682,0.8598726114649682,late,,6.6847680608647515,98,8-10yr,frog_on_his_own,470
ECSC_1067_1_98M_1067_YR1,18,414,0.8789808917197452,0.8789808917197452,late,,3.436052591691221,98,8-10yr,frog_on_his_own,470
ECSC_1067_1_98M_1067_YR1,19,423,0.8980891719745223,0.8980891719745223,late,,8.866431532199622,98,8-10yr,frog_on_his_own,470
ECSC_1067_2_98M_1067_YR2,0,256,0.764179104477612,0.764179104477612,late,,5.601690381109853,98,8-10yr,boy_dog_frog,334
ECSC_1067_2_98M_1067_YR2,1,258,0.7701492537313432,0.7701492537313432,late,,5.440841319118903,98,8-10yr,boy_dog_frog,334
ECSC_1067_2_98M_1067_YR2,2,260,0.7761194029850746,0.7761194029850746,late,,5.734742714176569,98,8-10yr,boy_dog_frog,334
ECSC_1067_2_98M_1067_YR2,3,262,0.7820895522388059,0.7820895522388059,late,,3.95169545885758,98,8-10yr,boy_dog_frog,334
ECSC_1067_2_98M_1067_YR2,4,264,0.7880597014925373,0.7880597014925373,late,,6.122676172738087,98,8-10yr,boy_dog_frog,334
ECSC_1067_2_98M_1067_YR2,5,266,0.7940298507462686,0.7940298507462686,late,,6.602749962740969,98,8-10yr,boy_dog_frog,334
ECSC_1067_2_98M_1067_YR2,6,268,0.8,0.8,late,,7.216041271075332,98,8-10yr,boy_dog_frog,334
ECSC_1067_2_98M_1067_YR2,7,270,0.8059701492537313,0.8059701492537313,late,,5.4208042713420745,98,8-10yr,boy_dog_frog,334
ECSC_1067_2_98M_1067_YR2,8,272,0.8119402985074626,0.8119402985074626,late,,4.908967963670763,98,8-10yr,boy_dog_frog,334
ECSC_1067_2_98M_1067_YR2,9,274,0.817910447761194,0.817910447761194,late,,5.355673581055102,98,8-10yr,boy_dog_frog,334
ECSC_1067_2_98M_1067_YR2,10,276,0.8238805970149253,0.8238805970149253,late,,4.868840000509874,98,8-10yr,boy_dog_frog,334
ECSC_1067_2_98M_1067_YR2,11,278,0.8298507462686567,0.8298507462686567,late,,4.9915830322043435,98,8-10yr,boy_dog_frog,334
ECSC_1067_2_98M_1067_YR2,12,280,0.835820895522388,0.835820895522388,late,,4.715624435582672,98,8-10yr,boy_dog_frog,334
ECSC_1067_2_98M_1067_YR2,13,282,0.8417910447761194,0.8417910447761194,late,,3.5455933190502495,98,8-10yr,boy_dog_frog,334
ECSC_1067_2_98M_1067_YR2,14,284,0.8477611940298507,0.8477611940298507,late,,3.6464228710630824,98,8-10yr,boy_dog_frog,334
ECSC_1067_2_98M_1067_YR2,15,286,0.8537313432835821,0.8537313432835821,late,,3.548613521508389,98,8-10yr,boy_dog_frog,334
ECSC_1067_2_98M_1067_YR2,16,288,0.8597014925373134,0.8597014925373134,late,,3.962428350894232,98,8-10yr,boy_dog_frog,334
ECSC_1067_2_98M_1067_YR2,17,290,0.8656716417910447,0.8656716417910447,late,,2.6167497242263797,98,8-10yr,boy_dog_frog,334
ECSC_1067_2_98M_1067_YR2,18,292,0.8716417910447761,0.8716417910447761,late,,3.02234614911782,98,8-10yr,boy_dog_frog,334
ECSC_1067_2_98M_1067_YR2,19,295,0.8805970149253731,0.8805970149253731,late,,1.3333004885257207,98,8-10yr,boy_dog_frog,334
ECSC_1067_3_98M_1067_YR3,0,256,0.7111111111111111,0.7111111111111111,late,,4.405700753728991,98,8-10yr,unknown,359
ECSC_1067_3_98M_1067_YR3,1,259,0.7194444444444444,0.7194444444444444,late,,4.620702130784484,98,8-10yr,unknown,359
ECSC_1067_3_98M_1067_YR3,2,262,0.7277777777777777,0.7277777777777777,late,,3.3751904877973784,98,8-10yr,unknown,359
ECSC_1067_3_98M_1067_YR3,3,266,0.7388888888888889,0.7388888888888889,late,,3.568941152668505,98,8-10yr,unknown,359
ECSC_1067_3_98M_1067_YR3,4,269,0.7472222222222222,0.7472222222222222,late,,3.2610767918413623,98,8-10yr,unknown,359
ECSC_1067_3_98M_1067_YR3,5,272,0.7555555555555555,0.7555555555555555,late,,3.363341032485768,98,8-10yr,unknown,359
ECSC_1067_3_98M_1067_YR3,6,276,0.7666666666666667,0.7666666666666667,late,,3.3416745226883666,98,8-10yr,unknown,359
ECSC_1067_3_98M_1067_YR3,7,279,0.775,0.775,late,,4.172606548161694,98,8-10yr,unknown,359
ECSC_1067_3_98M_1067_YR3,8,282,0.7833333333333333,0.7833333333333333,late,,4.245246804866839,98,8-10yr,unknown,359
ECSC_1067_3_98M_1067_YR3,9,286,0.7944444444444444,0.7944444444444444,late,,2.2500827630706413,98,8-10yr,unknown,359
ECSC_1067_3_98M_1067_YR3,10,289,0.8027777777777778,0.8027777777777778,late,,1.8648619381678184,98,8-10yr,unknown,359
ECSC_1067_3_98M_1067_YR3,11,293,0.8138888888888889,0.8138888888888889,late,,2.8247330128180064,98,8-10yr,unknown,359
ECSC_1067_3_98M_1067_YR3,12,296,0.8222222222222222,0.8222222222222222,late,,1.1287750937646504,98,8-10yr,unknown,359
ECSC_1067_3_98M_1067_YR3,13,299,0.8305555555555556,0.8305555555555556,late,,1.4148899932411734,98,8-10yr,unknown,359
ECSC_1067_3_98M_1067_YR3,14,303,0.8416666666666667,0.8416666666666667,late,,2.886600163234802,98,8-10yr,unknown,359
ECSC_1067_3_98M_1067_YR3,15,306,0.85,0.85,late,,3.5401248542001813,98,8-10yr,unknown,359
ECSC_1067_3_98M_1067_YR3,16,309,0.8583333333333333,0.8583333333333333,late,,2.6685301976994813,98,8-10yr,unknown,359
ECSC_1067_3_98M_1067_YR3,17,313,0.8694444444444445,0.8694444444444445,late,,2.6535051035716783,98,8-10yr,unknown,359
ECSC_1067_3_98M_1067_YR3,18,316,0.8777777777777778,0.8777777777777778,late,,2.89692626681136,98,8-10yr,unknown,359
ECSC_1067_3_98M_1067_YR3,19,320,0.8888888888888888,0.8888888888888888,late,,1.5804001216337538,98,8-10yr,unknown,359
ECSC_1091_1_98M_1091_YR1,0,256,0.2110469909315746,0.2110469909315746,early,,50.64501658779254,98,8-10yr,one_frog_too_many,1212
ECSC_1091_1_98M_1091_YR1,1,299,0.2464962901896125,0.2464962901896125,early,,26.62957218613857,98,8-10yr,one_frog_too_many,1212
ECSC_1091_1_98M_1091_YR1,2,343,0.2827699917559769,0.2827699917559769,early,,22.289342061813173,98,8-10yr,one_frog_too_many,1212
ECSC_1091_1_98M_1091_YR1,3,387,0.3190436933223413,0.3190436933223413,early,,46.035115919175304,98,8-10yr,one_frog_too_many,1212
ECSC_1091_1_98M_1091_YR1,4,431,0.3553173948887057,0.3553173948887057,early,,5.719290866360311,98,8-10yr,one_frog_too_many,1212
ECSC_1091_1_98M_1091_YR1,5,475,0.39159109645507,0.39159109645507,early,,36.07198986820923,98,8-10yr,one_frog_too_many,1212
ECSC_1091_1_98M_1091_YR1,6,519,0.4278647980214344,0.4278647980214344,mid,,10.97135648519176,98,8-10yr,one_frog_too_many,1212
ECSC_1091_1_98M_1091_YR1,7,563,0.4641384995877988,0.4641384995877988,mid,,7.6180185592144785,98,8-10yr,one_frog_too_many,1212
ECSC_1091_1_98M_1091_YR1,8,607,0.5004122011541632,0.5004122011541632,mid,,11.980780540734946,98,8-10yr,one_frog_too_many,1212
ECSC_1091_1_98M_1091_YR1,9,651,0.5366859027205276,0.5366859027205276,mid,,29.553542390670728,98,8-10yr,one_frog_too_many,1212
ECSC_1091_1_98M_1091_YR1,10,695,0.572959604286892,0.572959604286892,mid,,7.764417112165297,98,8-10yr,one_frog_too_many,1212
ECSC_1091_1_98M_1091_YR1,11,739,0.6092333058532564,0.6092333058532564,mid,,1.4479948482187268,98,8-10yr,one_frog_too_many,1212
ECSC_1091_1_98M_1091_YR1,12,783,0.6455070074196207,0.6455070074196207,mid,,47.66561791373006,98,8-10yr,one_frog_too_many,1212
ECSC_1091_1_98M_1091_YR1,13,827,0.6817807089859852,0.6817807089859852,late,,11.481438256307422,98,8-10yr,one_frog_too_many,1212
ECSC_1091_1_98M_1091_YR1,14,871,0.7180544105523495,0.7180544105523495,late,,6.159324223392188,98,8-10yr,one_frog_too_many,1212
ECSC_1091_1_98M_1091_YR1,15,915,0.754328112118714,0.754328112118714,late,,49.96195935528016,98,8-10yr,one_frog_too_many,1212
ECSC_1091_1_98M_1091_YR1,16,959,0.7906018136850783,0.7906018136850783,late,,8.320479278143175,98,8-10yr,one_frog_too_many,1212
ECSC_1091_1_98M_1091_YR1,17,1003,0.8268755152514426,0.8268755152514426,late,,13.68690125230955,98,8-10yr,one_frog_too_many,1212
ECSC_1091_1_98M_1091_YR1,18,1047,0.8631492168178071,0.8631492168178071,late,,8.029865036025642,98,8-10yr,one_frog_too_many,1212
ECSC_1091_1_98M_1091_YR1,19,1091,0.8994229183841714,0.8994229183841714,late,20.007740503047632,13.835107341515972,98,8-10yr,one_frog_too_many,1212
ECSC_1091_2_98M_1091_YR2,0,256,0.4280936454849498,0.4280936454849498,mid,,12.344387478238795,98,8-10yr,one_frog_too_many,597
ECSC_1091_2_98M_1091_YR2,1,270,0.451505016722408,0.451505016722408,mid,,19.13330761906244,98,8-10yr,one_frog_too_many,597
ECSC_1091_2_98M_1091_YR2,2,285,0.4765886287625418,0.4765886287625418,mid,,9.439737735934171,98,8-10yr,one_frog_too_many,597
ECSC_1091_2_98M_1091_YR2,3,300,0.5016722408026756,0.5016722408026756,mid,,19.170227352937836,98,8-10yr,one_frog_too_many,597
ECSC_1091_2_98M_1091_YR2,4,315,0.5267558528428093,0.5267558528428093,mid,,20.532957311344823,98,8-10yr,one_frog_too_many,597
ECSC_1091_2_98M_1091_YR2,5,330,0.5518394648829431,0.5518394648829431,mid,,15.210113552148528,98,8-10yr,one_frog_too_many,597
ECSC_1091_2_98M_1091_YR2,6,345,0.5769230769230769,0.5769230769230769,mid,,16.960262027287495,98,8-10yr,one_frog_too_many,597
ECSC_1091_2_98M_1091_YR2,7,359,0.6003344481605352,0.6003344481605352,mid,,26.88954359919375,98,8-10yr,one_frog_too_many,597
ECSC_1091_2_98M_1091_YR2,8,374,0.6254180602006689,0.6254180602006689,mid,,11.630648670719165,98,8-10yr,one_frog_too_many,597
ECSC_1091_2_98M_1091_YR2,9,389,0.6505016722408027,0.6505016722408027,mid,,14.958746125581536,98,8-10yr,one_frog_too_many,597
ECSC_1091_2_98M_1091_YR2,10,404,0.6755852842809364,0.6755852842809364,late,,9.973431209722566,98,8-10yr,one_frog_too_many,597
ECSC_1091_2_98M_1091_YR2,11,419,0.7006688963210702,0.7006688963210702,late,,44.78295304238118,98,8-10yr,one_frog_too_many,597
ECSC_1091_2_98M_1091_YR2,12,434,0.725752508361204,0.725752508361204,late,,17.173284525449077,98,8-10yr,one_frog_too_many,597
ECSC_1091_2_98M_1091_YR2,13,448,0.7491638795986622,0.7491638795986622,late,,13.459065862582449,98,8-10yr,one_frog_too_many,597
ECSC_1091_2_98M_1091_YR2,14,463,0.774247491638796,0.774247491638796,late,,16.43075532956218,98,8-10yr,one_frog_too_many,597
ECSC_1091_2_98M_1091_YR2,15,478,0.7993311036789298,0.7993311036789298,late,,9.00386807621467,98,8-10yr,one_frog_too_many,597
ECSC_1091_2_98M_1091_YR2,16,493,0.8244147157190636,0.8244147157190636,late,,4.853349574508618,98,8-10yr,one_frog_too_many,597
ECSC_1091_2_98M_1091_YR2,17,508,0.8494983277591973,0.8494983277591973,late,,38.74897880764915,98,8-10yr,one_frog_too_many,597
ECSC_1091_2_98M_1091_YR2,18,523,0.8745819397993311,0.8745819397993311,late,,17.153337523771565,98,8-10yr,one_frog_too_many,597
ECSC_1091_2_98M_1091_YR2,19,538,0.8996655518394648,0.8996655518394648,late,11.303414027057867,12.369718664466454,98,8-10yr,one_frog_too_many,597
ECSC_1091_3_98M_1091_YR3,0,256,0.4839319470699433,0.4839319470699433,mid,,2.5261176802904224,98,8-10yr,unknown,528
ECSC_1091_3_98M_1091_YR3,1,267,0.504725897920605,0.504725897920605,mid,,7.317872445301508,98,8-10yr,unknown,528
ECSC_1091_3_98M_1091_YR3,2,279,0.5274102079395085,0.5274102079395085,mid,,5.0127477045990805,98,8-10yr,unknown,528
ECSC_1091_3_98M_1091_YR3,3,290,0.5482041587901701,0.5482041587901701,mid,,4.156109571347223,98,8-10yr,unknown,528
ECSC_1091_3_98M_1091_YR3,4,302,0.5708884688090737,0.5708884688090737,mid,,-0.4425755976041774,98,8-10yr,unknown,528
ECSC_1091_3_98M_1091_YR3,5,313,0.5916824196597353,0.5916824196597353,mid,,-1.051033975287739,98,8-10yr,unknown,528
ECSC_1091_3_98M_1091_YR3,6,325,0.6143667296786389,0.6143667296786389,mid,,5.4350379110315,98,8-10yr,unknown,528
ECSC_1091_3_98M_1091_YR3,7,337,0.6370510396975425,0.6370510396975425,mid,,36.85797340099156,98,8-10yr,unknown,528
ECSC_1091_3_98M_1091_YR3,8,348,0.6578449905482041,0.6578449905482041,mid,,23.798724189906025,98,8-10yr,unknown,528
ECSC_1091_3_98M_1091_YR3,9,360,0.6805293005671077,0.6805293005671077,late,,17.257856307062276,98,8-10yr,unknown,528
ECSC_1091_3_98M_1091_YR3,10,371,0.7013232514177694,0.7013232514177694,late,,2.7277571541160732,98,8-10yr,unknown,528
ECSC_1091_3_98M_1091_YR3,11,383,0.724007561436673,0.724007561436673,late,,2.2610692939618637,98,8-10yr,unknown,528
ECSC_1091_3_98M_1091_YR3,12,394,0.7448015122873346,0.7448015122873346,late,,0.9386464222478424,98,8-10yr,unknown,528
ECSC_1091_3_98M_1091_YR3,13,406,0.7674858223062382,0.7674858223062382,late,,0.8644987944875737,98,8-10yr,unknown,528
ECSC_1091_3_98M_1091_YR3,14,418,0.7901701323251418,0.7901701323251418,late,,9.16497002148374,98,8-10yr,unknown,528
ECSC_1091_3_98M_1091_YR3,15,429,0.8109640831758034,0.8109640831758034,late,,9.32069117345545,98,8-10yr,unknown,528
ECSC_1091_3_98M_1091_YR3,16,441,0.833648393194707,0.833648393194707,late,,2.8970924671228335,98,8-10yr,unknown,528
ECSC_1091_3_98M_1091_YR3,17,452,0.8544423440453687,0.8544423440453687,late,,0.8970087309010868,98,8-10yr,unknown,528
ECSC_1091_3_98M_1091_YR3,18,464,0.8771266540642723,0.8771266540642723,late,,2.486800323547195,98,8-10yr,unknown,528
ECSC_1091_3_98M_1091_YR3,19,476,0.8998109640831758,0.8998109640831758,late,,38.54529672778439,98,8-10yr,unknown,528
ECSC_4014_1_98M_4014_YR1,0,256,0.7828746177370031,0.7828746177370031,late,,2.8770446213804526,98,8-10yr,unknown,326
ECSC_4014_1_98M_4014_YR1,1,257,0.7859327217125383,0.7859327217125383,late,,2.8122699997865954,98,8-10yr,unknown,326
ECSC_4014_1_98M_4014_YR1,2,259,0.7920489296636085,0.7920489296636085,late,,2.6901170222702806,98,8-10yr,unknown,326
ECSC_4014_1_98M_4014_YR1,3,260,0.7951070336391437,0.7951070336391437,late,,0.9846529928619034,98,8-10yr,unknown,326
ECSC_4014_1_98M_4014_YR1,4,262,0.8012232415902141,0.8012232415902141,late,,0.9133016122359008,98,8-10yr,unknown,326
ECSC_4014_1_98M_4014_YR1,5,264,0.8073394495412844,0.8073394495412844,late,,1.087190701394519,98,8-10yr,unknown,326
ECSC_4014_1_98M_4014_YR1,6,265,0.8103975535168195,0.8103975535168195,late,,0.9617328962286056,98,8-10yr,unknown,326
ECSC_4014_1_98M_4014_YR1,7,267,0.8165137614678899,0.8165137614678899,late,,0.7290412051371833,98,8-10yr,unknown,326
ECSC_4014_1_98M_4014_YR1,8,269,0.8226299694189603,0.8226299694189603,late,,0.510587243704892,98,8-10yr,unknown,326
ECSC_4014_1_98M_4014_YR1,9,270,0.8256880733944955,0.8256880733944955,late,,0.4453615418728871,98,8-10yr,unknown,326
ECSC_4014_1_98M_4014_YR1,10,272,0.8318042813455657,0.8318042813455657,late,,2.4120403548646436,98,8-10yr,unknown,326
ECSC_4014_1_98M_4014_YR1,11,273,0.8348623853211009,0.8348623853211009,late,,2.758389411548727,98,8-10yr,unknown,326
ECSC_4014_1_98M_4014_YR1,12,275,0.8409785932721713,0.8409785932721713,late,,3.805588304324453,98,8-10yr,unknown,326
ECSC_4014_1_98M_4014_YR1,13,277,0.8470948012232415,0.8470948012232415,late,,3.7311629313076,98,8-10yr,unknown,326
ECSC_4014_1_98M_4014_YR1,14,278,0.8501529051987767,0.8501529051987767,late,,4.274465369683033,98,8-10yr,unknown,326
ECSC_4014_1_98M_4014_YR1,15,280,0.8562691131498471,0.8562691131498471,late,,5.591304727044344,98,8-10yr,unknown,326
ECSC_4014_1_98M_4014_YR1,16,282,0.8623853211009175,0.8623853211009175,late,,5.536340971763583,98,8-10yr,unknown,326
ECSC_4014_1_98M_4014_YR1,17,283,0.8654434250764526,0.8654434250764526,late,,5.641898172395642,98,8-10yr,unknown,326
ECSC_4014_1_98M_4014_YR1,18,285,0.8715596330275229,0.8715596330275229,late,,6.370363880146154,98,8-10yr,unknown,326
ECSC_4014_1_98M_4014_YR1,19,287,0.8776758409785933,0.8776758409785933,late,,7.671048292648362,98,8-10yr,unknown,326
ECSC_4036_1_98M_4036_YR1,0,256,0.5505376344086022,0.5505376344086022,mid,,8.985268078193071,98,8-10yr,unknown,464
ECSC_4036_1_98M_4036_YR1,1,264,0.567741935483871,0.567741935483871,mid,,20.273986649087497,98,8-10yr,unknown,464
ECSC_4036_1_98M_4036_YR1,2,273,0.5870967741935483,0.5870967741935483,mid,,15.44792540082463,98,8-10yr,unknown,464
ECSC_4036_1_98M_4036_YR1,3,281,0.6043010752688172,0.6043010752688172,mid,,27.33496238558367,98,8-10yr,unknown,464
ECSC_4036_1_98M_4036_YR1,4,290,0.6236559139784946,0.6236559139784946,mid,,36.85004592526052,98,8-10yr,unknown,464
ECSC_4036_1_98M_4036_YR1,5,298,0.6408602150537634,0.6408602150537634,mid,,17.538906521543563,98,8-10yr,unknown,464
ECSC_4036_1_98M_4036_YR1,6,307,0.6602150537634408,0.6602150537634408,late,,7.720274607822921,98,8-10yr,unknown,464
ECSC_4036_1_98M_4036_YR1,7,315,0.6774193548387096,0.6774193548387096,late,,6.347206170977659,98,8-10yr,unknown,464
ECSC_4036_1_98M_4036_YR1,8,324,0.6967741935483871,0.6967741935483871,late,,14.598619595331185,98,8-10yr,unknown,464
ECSC_4036_1_98M_4036_YR1,9,332,0.7139784946236559,0.7139784946236559,late,,5.9404788944536016,98,8-10yr,unknown,464
ECSC_4036_1_98M_4036_YR1,10,341,0.7333333333333333,0.7333333333333333,late,,4.653174418327609,98,8-10yr,unknown,464
ECSC_4036_1_98M_4036_YR1,11,349,0.7505376344086021,0.7505376344086021,late,,5.788887152559969,98,8-10yr,unknown,464
ECSC_4036_1_98M_4036_YR1,12,358,0.7698924731182796,0.7698924731182796,late,,7.313385129877347,98,8-10yr,unknown,464
ECSC_4036_1_98M_4036_YR1,13,366,0.7870967741935484,0.7870967741935484,late,,4.958357468301909,98,8-10yr,unknown,464
ECSC_4036_1_98M_4036_YR1,14,375,0.8064516129032258,0.8064516129032258,late,,9.73591342530372,98,8-10yr,unknown,464
ECSC_4036_1_98M_4036_YR1,15,383,0.8236559139784946,0.8236559139784946,late,,15.413657718115974,98,8-10yr,unknown,464
ECSC_4036_1_98M_4036_YR1,16,392,0.843010752688172,0.843010752688172,late,,9.41842758336458,98,8-10yr,unknown,464
ECSC_4036_1_98M_4036_YR1,17,400,0.8602150537634409,0.8602150537634409,late,,9.378715824480665,98,8-10yr,unknown,464
ECSC_4036_1_98M_4036_YR1,18,409,0.8795698924731182,0.8795698924731182,late,,7.295195597440827,98,8-10yr,unknown,464
ECSC_4036_1_98M_4036_YR1,19,418,0.8989247311827957,0.8989247311827957,late,,8.151994812564162,98,8-10yr,unknown,464
ECSC_1010_1_99M_1010_YR1,0,256,0.3051251489868891,0.3051251489868891,early,,16.183292761856713,99,8-10yr,one_frog_too_many,838
ECSC_1010_1_99M_1010_YR1,1,282,0.3361144219308701,0.3361144219308701,early,,19.24762208962852,99,8-10yr,one_frog_too_many,838
ECSC_1010_1_99M_1010_YR1,2,308,0.367103694874851,0.367103694874851,early,,10.937766338571334,99,8-10yr,one_frog_too_many,838
ECSC_1010_1_99M_1010_YR1,3,334,0.3980929678188319,0.3980929678188319,early,,11.101244090850388,99,8-10yr,one_frog_too_many,838
ECSC_1010_1_99M_1010_YR1,4,361,0.4302741358760429,0.4302741358760429,mid,,17.2889800185347,99,8-10yr,one_frog_too_many,838
ECSC_1010_1_99M_1010_YR1,5,387,0.4612634088200238,0.4612634088200238,mid,,10.6329434184174,99,8-10yr,one_frog_too_many,838
ECSC_1010_1_99M_1010_YR1,6,413,0.4922526817640048,0.4922526817640048,mid,,15.817140418053471,99,8-10yr,one_frog_too_many,838
ECSC_1010_1_99M_1010_YR1,7,439,0.5232419547079857,0.5232419547079857,mid,,11.781808040041938,99,8-10yr,one_frog_too_many,838
ECSC_1010_1_99M_1010_YR1,8,466,0.5554231227651967,0.5554231227651967,mid,,4.817815142991254,99,8-10yr,one_frog_too_many,838
ECSC_1010_1_99M_1010_YR1,9,492,0.5864123957091776,0.5864123957091776,mid,,13.283945787336618,99,8-10yr,one_frog_too_many,838
ECSC_1010_1_99M_1010_YR1,10,518,0.6174016686531585,0.6174016686531585,mid,,9.41507905866342,99,8-10yr,one_frog_too_many,838
ECSC_1010_1_99M_1010_YR1,11,544,0.6483909415971395,0.6483909415971395,mid,,11.989628894110384,99,8-10yr,one_frog_too_many,838
ECSC_1010_1_99M_1010_YR1,12,571,0.6805721096543504,0.6805721096543504,late,,3.6392233619388903,99,8-10yr,one_frog_too_many,838
ECSC_1010_1_99M_1010_YR1,13,597,0.7115613825983313,0.7115613825983313,late,,14.655849513288093,99,8-10yr,one_frog_too_many,838
ECSC_1010_1_99M_1010_YR1,14,623,0.7425506555423123,0.7425506555423123,late,,10.162258053493224,99,8-10yr,one_frog_too_many,838
ECSC_1010_1_99M_1010_YR1,15,649,0.7735399284862932,0.7735399284862932,late,,8.2169563209583,99,8-10yr,one_frog_too_many,838
ECSC_1010_1_99M_1010_YR1,16,676,0.8057210965435042,0.8057210965435042,late,,8.994919486613394,99,8-10yr,one_frog_too_many,838
ECSC_1010_1_99M_1010_YR1,17,702,0.8367103694874851,0.8367103694874851,late,,28.3247674085575,99,8-10yr,one_frog_too_many,838
ECSC_1010_1_99M_1010_YR1,18,728,0.867699642431466,0.867699642431466,late,,22.616801618451944,99,8-10yr,one_frog_too_many,838
ECSC_1010_1_99M_1010_YR1,19,755,0.899880810488677,0.899880810488677,late,10.040826427101036,9.28810596559879,99,8-10yr,one_frog_too_many,838
ECSC_1010_3_99M_1010_YR3,0,256,0.4224422442244224,0.4224422442244224,mid,,22.163904625118615,99,8-10yr,unknown,605
ECSC_1010_3_99M_1010_YR3,1,271,0.4471947194719472,0.4471947194719472,mid,,7.250825996887615,99,8-10yr,unknown,605
ECSC_1010_3_99M_1010_YR3,2,286,0.4719471947194719,0.4719471947194719,mid,,4.64102748389869,99,8-10yr,unknown,605
ECSC_1010_3_99M_1010_YR3,3,301,0.4966996699669967,0.4966996699669967,mid,,10.375982067594393,99,8-10yr,unknown,605
ECSC_1010_3_99M_1010_YR3,4,316,0.5214521452145214,0.5214521452145214,mid,,10.462710982124772,99,8-10yr,unknown,605
ECSC_1010_3_99M_1010_YR3,5,332,0.5478547854785478,0.5478547854785478,mid,,4.261363400708726,99,8-10yr,unknown,605
ECSC_1010_3_99M_1010_YR3,6,347,0.5726072607260726,0.5726072607260726,mid,,5.103622852666604,99,8-10yr,unknown,605
ECSC_1010_3_99M_1010_YR3,7,362,0.5973597359735974,0.5973597359735974,mid,,4.08266024077736,99,8-10yr,unknown,605
ECSC_1010_3_99M_1010_YR3,8,377,0.6221122112211221,0.6221122112211221,mid,,2.4950280026040534,99,8-10yr,unknown,605
ECSC_1010_3_99M_1010_YR3,9,392,0.6468646864686468,0.6468646864686468,mid,,7.666086172508343,99,8-10yr,unknown,605
ECSC_1010_3_99M_1010_YR3,10,408,0.6732673267326733,0.6732673267326733,late,,9.973153826094276,99,8-10yr,unknown,605
ECSC_1010_3_99M_1010_YR3,11,423,0.698019801980198,0.698019801980198,late,,6.223437128347932,99,8-10yr,unknown,605
ECSC_1010_3_99M_1010_YR3,12,438,0.7227722772277227,0.7227722772277227,late,,4.965769166751052,99,8-10yr,unknown,605
ECSC_1010_3_99M_1010_YR3,13,453,0.7475247524752475,0.7475247524752475,late,,1.1493168525923068,99,8-10yr,unknown,605
ECSC_1010_3_99M_1010_YR3,14,468,0.7722772277227723,0.7722772277227723,late,,2.4802272814696593,99,8-10yr,unknown,605
ECSC_1010_3_99M_1010_YR3,15,484,0.7986798679867987,0.7986798679867987,late,,4.093814717965802,99,8-10yr,unknown,605
ECSC_1010_3_99M_1010_YR3,16,499,0.8234323432343235,0.8234323432343235,late,,7.640843704350617,99,8-10yr,unknown,605
ECSC_1010_3_99M_1010_YR3,17,514,0.8481848184818482,0.8481848184818482,late,,10.793269250066055,99,8-10yr,unknown,605
ECSC_1010_3_99M_1010_YR3,18,529,0.8729372937293729,0.8729372937293729,late,5.824272576562363,6.299164063294699,99,8-10yr,unknown,605
ECSC_1010_3_99M_1010_YR3,19,545,0.8993399339933993,0.8993399339933993,late,3.9286850847759425,5.332365155946281,99,8-10yr,unknown,605
ECSC_3003_1_108F_3003_YR1,0,256,0.3303225806451613,0.3303225806451613,early,,12.113704729746306,108,8-10yr,unknown,774
ECSC_3003_1_108F_3003_YR1,1,279,0.36,0.36,early,,10.674806298763274,108,8-10yr,unknown,774
ECSC_3003_1_108F_3003_YR1,2,302,0.3896774193548387,0.3896774193548387,early,,9.63649521828323,108,8-10yr,unknown,774
ECSC_3003_1_108F_3003_YR1,3,325,0.4193548387096774,0.4193548387096774,mid,,8.065042257042334,108,8-10yr,unknown,774
ECSC_3003_1_108F_3003_YR1,4,348,0.4490322580645161,0.4490322580645161,mid,,12.231440597768094,108,8-10yr,unknown,774
ECSC_3003_1_108F_3003_YR1,5,372,0.48,0.48,mid,,8.955094438739659,108,8-10yr,unknown,774
ECSC_3003_1_108F_3003_YR1,6,395,0.5096774193548387,0.5096774193548387,mid,,13.37531741150105,108,8-10yr,unknown,774
ECSC_3003_1_108F_3003_YR1,7,418,0.5393548387096774,0.5393548387096774,mid,,14.738130816527136,108,8-10yr,unknown,774
ECSC_3003_1_108F_3003_YR1,8,441,0.5690322580645162,0.5690322580645162,mid,,11.799364921152346,108,8-10yr,unknown,774
ECSC_3003_1_108F_3003_YR1,9,464,0.5987096774193549,0.5987096774193549,mid,,3.4211614798468357,108,8-10yr,unknown,774
ECSC_3003_1_108F_3003_YR1,10,488,0.6296774193548387,0.6296774193548387,mid,,-1.5522764324226586,108,8-10yr,unknown,774
ECSC_3003_1_108F_3003_YR1,11,511,0.6593548387096774,0.6593548387096774,late,,14.74130744821188,108,8-10yr,unknown,774
ECSC_3003_1_108F_3003_YR1,12,534,0.6890322580645162,0.6890322580645162,late,,5.640145306104731,108,8-10yr,unknown,774
ECSC_3003_1_108F_3003_YR1,13,557,0.7187096774193549,0.7187096774193549,late,,4.934956674555084,108,8-10yr,unknown,774
ECSC_3003_1_108F_3003_YR1,14,580,0.7483870967741936,0.7483870967741936,late,21.689606306759543,18.18851409968879,108,8-10yr,unknown,774
ECSC_3003_1_108F_3003_YR1,15,604,0.7793548387096774,0.7793548387096774,late,,21.510848969608073,108,8-10yr,unknown,774
ECSC_3003_1_108F_3003_YR1,16,627,0.8090322580645162,0.8090322580645162,late,,12.02600684857957,108,8-10yr,unknown,774
ECSC_3003_1_108F_3003_YR1,17,650,0.8387096774193549,0.8387096774193549,late,,7.385785336074696,108,8-10yr,unknown,774
ECSC_3003_1_108F_3003_YR1,18,673,0.8683870967741936,0.8683870967741936,late,,5.317193467945057,108,8-10yr,unknown,774
ECSC_3003_1_108F_3003_YR1,19,697,0.8993548387096775,0.8993548387096775,late,4.806147219110833,4.329021699939046,108,8-10yr,unknown,774
ECSC_4021_1_108M_4021_YR1,0,256,0.4507042253521127,0.4507042253521127,mid,,4.544311818551188,108,8-10yr,unknown,567
ECSC_4021_1_108M_4021_YR1,1,269,0.4735915492957746,0.4735915492957746,mid,,4.856451542035543,108,8-10yr,unknown,567
ECSC_4021_1_108M_4021_YR1,2,282,0.4964788732394366,0.4964788732394366,mid,,5.36410132815576,108,8-10yr,unknown,567
ECSC_4021_1_108M_4021_YR1,3,296,0.5211267605633803,0.5211267605633803,mid,,6.98653992401235,108,8-10yr,unknown,567
ECSC_4021_1_108M_4021_YR1,4,309,0.5440140845070423,0.5440140845070423,mid,,10.325926180302728,108,8-10yr,unknown,567
ECSC_4021_1_108M_4021_YR1,5,323,0.5686619718309859,0.5686619718309859,mid,,4.59353477321997,108,8-10yr,unknown,567
ECSC_4021_1_108M_4021_YR1,6,336,0.5915492957746479,0.5915492957746479,mid,,3.787921730928872,108,8-10yr,unknown,567
ECSC_4021_1_108M_4021_YR1,7,349,0.6144366197183099,0.6144366197183099,mid,,2.496468610158381,108,8-10yr,unknown,567
ECSC_4021_1_108M_4021_YR1,8,363,0.6390845070422535,0.6390845070422535,mid,,55.71595069844854,108,8-10yr,unknown,567
ECSC_4021_1_108M_4021_YR1,9,376,0.6619718309859155,0.6619718309859155,late,,147.54603296410994,108,8-10yr,unknown,567
ECSC_4021_1_108M_4021_YR1,10,390,0.6866197183098591,0.6866197183098591,late,,63.611037537154154,108,8-10yr,unknown,567
ECSC_4021_1_108M_4021_YR1,11,403,0.7095070422535211,0.7095070422535211,late,,30.11437991988727,108,8-10yr,unknown,567
ECSC_4021_1_108M_4021_YR1,12,417,0.7341549295774648,0.7341549295774648,late,,17.87958855411832,108,8-10yr,unknown,567
ECSC_4021_1_108M_4021_YR1,13,430,0.7570422535211268,0.7570422535211268,late,,15.359202892156166,108,8-10yr,unknown,567
ECSC_4021_1_108M_4021_YR1,14,443,0.7799295774647887,0.7799295774647887,late,,8.743102575518012,108,8-10yr,unknown,567
ECSC_4021_1_108M_4021_YR1,15,457,0.8045774647887324,0.8045774647887324,late,,7.323888042742764,108,8-10yr,unknown,567
ECSC_4021_1_108M_4021_YR1,16,470,0.8274647887323944,0.8274647887323944,late,,1.3201634632859631,108,8-10yr,unknown,567
ECSC_4021_1_108M_4021_YR1,17,484,0.852112676056338,0.852112676056338,late,,3.068718303979594,108,8-10yr,unknown,567
ECSC_4021_1_108M_4021_YR1,18,497,0.875,0.875,late,,0.998971933177728,108,8-10yr,unknown,567
ECSC_4021_1_108M_4021_YR1,19,511,0.8996478873239436,0.8996478873239436,late,,6.585147502700422,108,8-10yr,unknown,567
ECSC_4024_1_109F_4024_YR1,0,256,0.4688644688644688,0.4688644688644688,mid,,2.611199981477439,109,8-10yr,unknown,545
ECSC_4024_1_109F_4024_YR1,1,268,0.4908424908424908,0.4908424908424908,mid,,4.392439085192656,109,8-10yr,unknown,545
ECSC_4024_1_109F_4024_YR1,2,280,0.5128205128205128,0.5128205128205128,mid,,5.643043150263131,109,8-10yr,unknown,545
ECSC_4024_1_109F_4024_YR1,3,293,0.5366300366300366,0.5366300366300366,mid,,2.095857319755959,109,8-10yr,unknown,545
ECSC_4024_1_109F_4024_YR1,4,305,0.5586080586080586,0.5586080586080586,mid,,0.1413866360182831,109,8-10yr,unknown,545
ECSC_4024_1_109F_4024_YR1,5,317,0.5805860805860806,0.5805860805860806,mid,,3.2615851902528297,109,8-10yr,unknown,545
ECSC_4024_1_109F_4024_YR1,6,330,0.6043956043956044,0.6043956043956044,mid,,2.305977898196603,109,8-10yr,unknown,545
ECSC_4024_1_109F_4024_YR1,7,342,0.6263736263736264,0.6263736263736264,mid,,1.71409504239558,109,8-10yr,unknown,545
ECSC_4024_1_109F_4024_YR1,8,354,0.6483516483516484,0.6483516483516484,mid,,4.1397582098373835,109,8-10yr,unknown,545
ECSC_4024_1_109F_4024_YR1,9,367,0.6721611721611722,0.6721611721611722,late,,5.61778507862309,109,8-10yr,unknown,545
ECSC_4024_1_109F_4024_YR1,10,379,0.6941391941391941,0.6941391941391941,late,,7.452359467361349,109,8-10yr,unknown,545
ECSC_4024_1_109F_4024_YR1,11,392,0.717948717948718,0.717948717948718,late,,2.651108472284376,109,8-10yr,unknown,545
ECSC_4024_1_109F_4024_YR1,12,404,0.73992673992674,0.73992673992674,late,,2.435354216507103,109,8-10yr,unknown,545
ECSC_4024_1_109F_4024_YR1,13,416,0.7619047619047619,0.7619047619047619,late,,2.3185805797506474,109,8-10yr,unknown,545
ECSC_4024_1_109F_4024_YR1,14,429,0.7857142857142857,0.7857142857142857,late,,1.4057671303784751,109,8-10yr,unknown,545
ECSC_4024_1_109F_4024_YR1,15,441,0.8076923076923077,0.8076923076923077,late,,4.427454993772656,109,8-10yr,unknown,545
ECSC_4024_1_109F_4024_YR1,16,453,0.8296703296703297,0.8296703296703297,late,,8.519769277883007,109,8-10yr,unknown,545
ECSC_4024_1_109F_4024_YR1,17,466,0.8534798534798534,0.8534798534798534,late,,7.974027507844656,109,8-10yr,unknown,545
ECSC_4024_1_109F_4024_YR1,18,478,0.8754578754578755,0.8754578754578755,late,,7.001074291838091,109,8-10yr,unknown,545
ECSC_4024_1_109F_4024_YR1,19,491,0.8992673992673993,0.8992673992673993,late,,9.19409474004886,109,8-10yr,unknown,545
ECSC_4033_1_110M_4033_YR1,0,256,0.5203252032520326,0.5203252032520326,mid,,45.28616825574099,110,8-10yr,unknown,491
ECSC_4033_1_110M_4033_YR1,1,265,0.5386178861788617,0.5386178861788617,mid,,78.77025414195029,110,8-10yr,unknown,491
ECSC_4033_1_110M_4033_YR1,2,275,0.5589430894308943,0.5589430894308943,mid,,15.496430002542514,110,8-10yr,unknown,491
ECSC_4033_1_110M_4033_YR1,3,285,0.5792682926829268,0.5792682926829268,mid,,6.812350933540198,110,8-10yr,unknown,491
ECSC_4033_1_110M_4033_YR1,4,295,0.5995934959349594,0.5995934959349594,mid,,2.3740675055024134,110,8-10yr,unknown,491
ECSC_4033_1_110M_4033_YR1,5,304,0.6178861788617886,0.6178861788617886,mid,,2.545757294142561,110,8-10yr,unknown,491
ECSC_4033_1_110M_4033_YR1,6,314,0.6382113821138211,0.6382113821138211,mid,,13.7180543590537,110,8-10yr,unknown,491
ECSC_4033_1_110M_4033_YR1,7,324,0.6585365853658537,0.6585365853658537,mid,,17.026058002040834,110,8-10yr,unknown,491
ECSC_4033_1_110M_4033_YR1,8,334,0.6788617886178862,0.6788617886178862,late,,18.84216408013829,110,8-10yr,unknown,491
ECSC_4033_1_110M_4033_YR1,9,344,0.6991869918699187,0.6991869918699187,late,,7.105265247471548,110,8-10yr,unknown,491
ECSC_4033_1_110M_4033_YR1,10,353,0.717479674796748,0.717479674796748,late,,4.560467944483211,110,8-10yr,unknown,491
ECSC_4033_1_110M_4033_YR1,11,363,0.7378048780487805,0.7378048780487805,late,,3.0305612648658684,110,8-10yr,unknown,491
ECSC_4033_1_110M_4033_YR1,12,373,0.758130081300813,0.758130081300813,late,,1.7245696764505354,110,8-10yr,unknown,491
ECSC_4033_1_110M_4033_YR1,13,383,0.7784552845528455,0.7784552845528455,late,,5.800485449136463,110,8-10yr,unknown,491
ECSC_4033_1_110M_4033_YR1,14,393,0.7987804878048781,0.7987804878048781,late,,2.087537044937397,110,8-10yr,unknown,491
ECSC_4033_1_110M_4033_YR1,15,402,0.8170731707317073,0.8170731707317073,late,,-1.6252460588312,110,8-10yr,unknown,491
ECSC_4033_1_110M_4033_YR1,16,412,0.8373983739837398,0.8373983739837398,late,,0.0360314952837761,110,8-10yr,unknown,491
ECSC_4033_1_110M_4033_YR1,17,422,0.8577235772357723,0.8577235772357723,late,,-0.1149060556117866,110,8-10yr,unknown,491
ECSC_4033_1_110M_4033_YR1,18,432,0.8780487804878049,0.8780487804878049,late,,0.2514572387300866,110,8-10yr,unknown,491
ECSC_4033_1_110M_4033_YR1,19,442,0.8983739837398373,0.8983739837398373,late,,1.70718173783788,110,8-10yr,unknown,491
ECSC_4027_1_111F_4027_YR1,0,256,0.5601750547045952,0.5601750547045952,mid,,7.736356908540205,111,8-10yr,unknown,456
ECSC_4027_1_111F_4027_YR1,1,264,0.5776805251641138,0.5776805251641138,mid,,3.3193176553166612,111,8-10yr,unknown,456
ECSC_4027_1_111F_4027_YR1,2,272,0.5951859956236324,0.5951859956236324,mid,,3.539606986286298,111,8-10yr,unknown,456
ECSC_4027_1_111F_4027_YR1,3,280,0.612691466083151,0.612691466083151,mid,,4.482699455473664,111,8-10yr,unknown,456
ECSC_4027_1_111F_4027_YR1,4,288,0.6301969365426696,0.6301969365426696,mid,,2.8394143780903995,111,8-10yr,unknown,456
ECSC_4027_1_111F_4027_YR1,5,296,0.6477024070021882,0.6477024070021882,mid,,-0.9468574214456495,111,8-10yr,unknown,456
ECSC_4027_1_111F_4027_YR1,6,304,0.6652078774617067,0.6652078774617067,late,,-2.34826583157227,111,8-10yr,unknown,456
ECSC_4027_1_111F_4027_YR1,7,313,0.6849015317286652,0.6849015317286652,late,,0.1490069360163168,111,8-10yr,unknown,456
ECSC_4027_1_111F_4027_YR1,8,321,0.7024070021881839,0.7024070021881839,late,,0.1289855919989584,111,8-10yr,unknown,456
ECSC_4027_1_111F_4027_YR1,9,329,0.7199124726477024,0.7199124726477024,late,,0.9235637359949108,111,8-10yr,unknown,456
ECSC_4027_1_111F_4027_YR1,10,337,0.737417943107221,0.737417943107221,late,,2.1999923885735733,111,8-10yr,unknown,456
ECSC_4027_1_111F_4027_YR1,11,345,0.7549234135667396,0.7549234135667396,late,,1.8445845010130633,111,8-10yr,unknown,456
ECSC_4027_1_111F_4027_YR1,12,353,0.7724288840262582,0.7724288840262582,late,,1.0399722495684962,111,8-10yr,unknown,456
ECSC_4027_1_111F_4027_YR1,13,362,0.7921225382932167,0.7921225382932167,late,,3.4471238052983697,111,8-10yr,unknown,456
ECSC_4027_1_111F_4027_YR1,14,370,0.8096280087527352,0.8096280087527352,late,,6.009571237476717,111,8-10yr,unknown,456
ECSC_4027_1_111F_4027_YR1,15,378,0.8271334792122538,0.8271334792122538,late,,6.334792246136342,111,8-10yr,unknown,456
ECSC_4027_1_111F_4027_YR1,16,386,0.8446389496717724,0.8446389496717724,late,,5.838015880539267,111,8-10yr,unknown,456
ECSC_4027_1_111F_4027_YR1,17,394,0.862144420131291,0.862144420131291,late,,7.638583760044055,111,8-10yr,unknown,456
ECSC_4027_1_111F_4027_YR1,18,402,0.8796498905908097,0.8796498905908097,late,,7.430329974640905,111,8-10yr,unknown,456
ECSC_4027_1_111F_4027_YR1,19,411,0.899343544857768,0.899343544857768,late,,2.529821825769588,111,8-10yr,unknown,456
ECSC_2023_1_111M_2023_YR1,0,256,0.445993031358885,0.445993031358885,mid,,3.8722685253861737,111,8-10yr,unknown,573
ECSC_2023_1_111M_2023_YR1,1,269,0.4686411149825784,0.4686411149825784,mid,,1.2314155577096848,111,8-10yr,unknown,573
ECSC_2023_1_111M_2023_YR1,2,283,0.4930313588850174,0.4930313588850174,mid,,2.6954905112991767,111,8-10yr,unknown,573
ECSC_2023_1_111M_2023_YR1,3,297,0.5174216027874564,0.5174216027874564,mid,,22.397370191864898,111,8-10yr,unknown,573
ECSC_2023_1_111M_2023_YR1,4,310,0.5400696864111498,0.5400696864111498,mid,,12.060491381344937,111,8-10yr,unknown,573
ECSC_2023_1_111M_2023_YR1,5,324,0.5644599303135889,0.5644599303135889,mid,,3.1135630940370067,111,8-10yr,unknown,573
ECSC_2023_1_111M_2023_YR1,6,338,0.5888501742160279,0.5888501742160279,mid,,9.698532479310222,111,8-10yr,unknown,573
ECSC_2023_1_111M_2023_YR1,7,351,0.6114982578397212,0.6114982578397212,mid,,8.881587805644081,111,8-10yr,unknown,573
ECSC_2023_1_111M_2023_YR1,8,365,0.6358885017421603,0.6358885017421603,mid,,9.712266768042884,111,8-10yr,unknown,573
ECSC_2023_1_111M_2023_YR1,9,379,0.6602787456445993,0.6602787456445993,late,,8.677472690246624,111,8-10yr,unknown,573
ECSC_2023_1_111M_2023_YR1,10,392,0.6829268292682927,0.6829268292682927,late,,17.918814265884993,111,8-10yr,unknown,573
ECSC_2023_1_111M_2023_YR1,11,406,0.7073170731707317,0.7073170731707317,late,,20.642041050115125,111,8-10yr,unknown,573
ECSC_2023_1_111M_2023_YR1,12,420,0.7317073170731707,0.7317073170731707,late,,5.928652273741276,111,8-10yr,unknown,573
ECSC_2023_1_111M_2023_YR1,13,433,0.7543554006968641,0.7543554006968641,late,,5.634270540731379,111,8-10yr,unknown,573
ECSC_2023_1_111M_2023_YR1,14,447,0.7787456445993032,0.7787456445993032,late,,6.029572194796362,111,8-10yr,unknown,573
ECSC_2023_1_111M_2023_YR1,15,461,0.8031358885017421,0.8031358885017421,late,,6.673741699522406,111,8-10yr,unknown,573
ECSC_2023_1_111M_2023_YR1,16,474,0.8257839721254355,0.8257839721254355,late,,19.854903459227103,111,8-10yr,unknown,573
ECSC_2023_1_111M_2023_YR1,17,488,0.8501742160278746,0.8501742160278746,late,,37.76304140766203,111,8-10yr,unknown,573
ECSC_2023_1_111M_2023_YR1,18,502,0.8745644599303136,0.8745644599303136,late,,19.908653825406446,111,8-10yr,unknown,573
ECSC_2023_1_111M_2023_YR1,19,516,0.8989547038327527,0.8989547038327527,late,11.783529920843357,11.049707470182677,111,8-10yr,unknown,573
ECSC_4044_1_113M_4044_YR1,0,256,0.3482993197278911,0.3482993197278911,early,,6.235604901277297,113,8-10yr,unknown,734
ECSC_4044_1_113M_4044_YR1,1,277,0.3768707482993197,0.3768707482993197,early,,5.321782950578957,113,8-10yr,unknown,734
ECSC_4044_1_113M_4044_YR1,2,298,0.4054421768707483,0.4054421768707483,early,,35.586180724985496,113,8-10yr,unknown,734
ECSC_4044_1_113M_4044_YR1,3,319,0.4340136054421769,0.4340136054421769,mid,,30.294558018126956,113,8-10yr,unknown,734
ECSC_4044_1_113M_4044_YR1,4,341,0.4639455782312925,0.4639455782312925,mid,,5.590318093523876,113,8-10yr,unknown,734
ECSC_4044_1_113M_4044_YR1,5,362,0.4925170068027211,0.4925170068027211,mid,,4.574017994392913,113,8-10yr,unknown,734
ECSC_4044_1_113M_4044_YR1,6,383,0.5210884353741496,0.5210884353741496,mid,,3.6061711399406953,113,8-10yr,unknown,734
ECSC_4044_1_113M_4044_YR1,7,405,0.5510204081632653,0.5510204081632653,mid,,10.291985750902308,113,8-10yr,unknown,734
ECSC_4044_1_113M_4044_YR1,8,426,0.5795918367346938,0.5795918367346938,mid,,5.691835525199972,113,8-10yr,unknown,734
ECSC_4044_1_113M_4044_YR1,9,447,0.6081632653061224,0.6081632653061224,mid,,2.895395931765133,113,8-10yr,unknown,734
ECSC_4044_1_113M_4044_YR1,10,469,0.638095238095238,0.638095238095238,mid,,1.8699811374899644,113,8-10yr,unknown,734
ECSC_4044_1_113M_4044_YR1,11,490,0.6666666666666666,0.6666666666666666,late,,13.78835187171179,113,8-10yr,unknown,734
ECSC_4044_1_113M_4044_YR1,12,511,0.6952380952380952,0.6952380952380952,late,,15.68299837766845,113,8-10yr,unknown,734
ECSC_4044_1_113M_4044_YR1,13,533,0.7251700680272108,0.7251700680272108,late,,7.827907609285147,113,8-10yr,unknown,734
ECSC_4044_1_113M_4044_YR1,14,554,0.7537414965986394,0.7537414965986394,late,,3.784396597221918,113,8-10yr,unknown,734
ECSC_4044_1_113M_4044_YR1,15,575,0.782312925170068,0.782312925170068,late,,13.07710505690578,113,8-10yr,unknown,734
ECSC_4044_1_113M_4044_YR1,16,597,0.8122448979591836,0.8122448979591836,late,,19.70153826426635,113,8-10yr,unknown,734
ECSC_4044_1_113M_4044_YR1,17,618,0.8408163265306122,0.8408163265306122,late,,9.338322028322532,113,8-10yr,unknown,734
ECSC_4044_1_113M_4044_YR1,18,639,0.8693877551020408,0.8693877551020408,late,,11.430749800798669,113,8-10yr,unknown,734
ECSC_4044_1_113M_4044_YR1,19,661,0.8993197278911564,0.8993197278911564,late,8.816998086236666,7.36259609796495,113,8-10yr,unknown,734
ECSC_4030_1_114F_4030_YR1,0,256,0.8590604026845637,0.8590604026845637,late,,1.1418242087966286,114,8-10yr,unknown,297
ECSC_4030_1_114F_4030_YR1,1,256,0.8590604026845637,0.8590604026845637,late,,1.1418242087966286,114,8-10yr,unknown,297
ECSC_4030_1_114F_4030_YR1,2,256,0.8590604026845637,0.8590604026845637,late,,1.1418242087966286,114,8-10yr,unknown,297
ECSC_4030_1_114F_4030_YR1,3,256,0.8590604026845637,0.8590604026845637,late,,1.1418242087966286,114,8-10yr,unknown,297
ECSC_4030_1_114F_4030_YR1,4,256,0.8590604026845637,0.8590604026845637,late,,1.1418242087966286,114,8-10yr,unknown,297
ECSC_4030_1_114F_4030_YR1,5,256,0.8590604026845637,0.8590604026845637,late,,1.1418242087966286,114,8-10yr,unknown,297
ECSC_4030_1_114F_4030_YR1,6,256,0.8590604026845637,0.8590604026845637,late,,1.1418242087966286,114,8-10yr,unknown,297
ECSC_4030_1_114F_4030_YR1,7,256,0.8590604026845637,0.8590604026845637,late,,1.1418242087966286,114,8-10yr,unknown,297
ECSC_4030_1_114F_4030_YR1,8,256,0.8590604026845637,0.8590604026845637,late,,1.1418242087966286,114,8-10yr,unknown,297
ECSC_4030_1_114F_4030_YR1,9,256,0.8590604026845637,0.8590604026845637,late,,1.1418242087966286,114,8-10yr,unknown,297
ECSC_4030_1_114F_4030_YR1,10,257,0.8624161073825504,0.8624161073825504,late,,1.4672774216062914,114,8-10yr,unknown,297
ECSC_4030_1_114F_4030_YR1,11,257,0.8624161073825504,0.8624161073825504,late,,1.4672774216062914,114,8-10yr,unknown,297
ECSC_4030_1_114F_4030_YR1,12,257,0.8624161073825504,0.8624161073825504,late,,1.4672774216062914,114,8-10yr,unknown,297
ECSC_4030_1_114F_4030_YR1,13,257,0.8624161073825504,0.8624161073825504,late,,1.4672774216062914,114,8-10yr,unknown,297
ECSC_4030_1_114F_4030_YR1,14,257,0.8624161073825504,0.8624161073825504,late,,1.4672774216062914,114,8-10yr,unknown,297
ECSC_4030_1_114F_4030_YR1,15,257,0.8624161073825504,0.8624161073825504,late,,1.4672774216062914,114,8-10yr,unknown,297
ECSC_4030_1_114F_4030_YR1,16,257,0.8624161073825504,0.8624161073825504,late,,1.4672774216062914,114,8-10yr,unknown,297
ECSC_4030_1_114F_4030_YR1,17,257,0.8624161073825504,0.8624161073825504,late,,1.4672774216062914,114,8-10yr,unknown,297
ECSC_4030_1_114F_4030_YR1,18,257,0.8624161073825504,0.8624161073825504,late,,1.4672774216062914,114,8-10yr,unknown,297
ECSC_4030_1_114F_4030_YR1,19,258,0.8657718120805369,0.8657718120805369,late,,1.4889117665521114,114,8-10yr,unknown,297
ECSC_4075_1_114M_4075_YR1,0,256,0.6666666666666666,0.6666666666666666,late,,2.6803735976518066,114,8-10yr,unknown,383
ECSC_4075_1_114M_4075_YR1,1,260,0.6770833333333334,0.6770833333333334,late,,2.2496089839517985,114,8-10yr,unknown,383
ECSC_4075_1_114M_4075_YR1,2,265,0.6901041666666666,0.6901041666666666,late,,0.3978181396656808,114,8-10yr,unknown,383
ECSC_4075_1_114M_4075_YR1,3,269,0.7005208333333334,0.7005208333333334,late,,4.320422104643876,114,8-10yr,unknown,383
ECSC_4075_1_114M_4075_YR1,4,274,0.7135416666666666,0.7135416666666666,late,,4.507893564994609,114,8-10yr,unknown,383
ECSC_4075_1_114M_4075_YR1,5,279,0.7265625,0.7265625,late,,10.63383437596386,114,8-10yr,unknown,383
ECSC_4075_1_114M_4075_YR1,6,283,0.7369791666666666,0.7369791666666666,late,,10.720940655149722,114,8-10yr,unknown,383
ECSC_4075_1_114M_4075_YR1,7,288,0.75,0.75,late,,12.545695354407236,114,8-10yr,unknown,383
ECSC_4075_1_114M_4075_YR1,8,293,0.7630208333333334,0.7630208333333334,late,,9.957477997915928,114,8-10yr,unknown,383
ECSC_4075_1_114M_4075_YR1,9,297,0.7734375,0.7734375,late,,22.70396649225044,114,8-10yr,unknown,383
ECSC_4075_1_114M_4075_YR1,10,302,0.7864583333333334,0.7864583333333334,late,,17.916221472309132,114,8-10yr,unknown,383
ECSC_4075_1_114M_4075_YR1,11,306,0.796875,0.796875,late,,17.464973187338593,114,8-10yr,unknown,383
ECSC_4075_1_114M_4075_YR1,12,311,0.8098958333333334,0.8098958333333334,late,,11.44690977554037,114,8-10yr,unknown,383
ECSC_4075_1_114M_4075_YR1,13,316,0.8229166666666666,0.8229166666666666,late,,8.989870969852943,114,8-10yr,unknown,383
ECSC_4075_1_114M_4075_YR1,14,320,0.8333333333333334,0.8333333333333334,late,,8.352437199035833,114,8-10yr,unknown,383
ECSC_4075_1_114M_4075_YR1,15,325,0.8463541666666666,0.8463541666666666,late,,8.56405268444409,114,8-10yr,unknown,383
ECSC_4075_1_114M_4075_YR1,16,330,0.859375,0.859375,late,,8.72395346058831,114,8-10yr,unknown,383
ECSC_4075_1_114M_4075_YR1,17,334,0.8697916666666666,0.8697916666666666,late,,7.793432249496078,114,8-10yr,unknown,383
ECSC_4075_1_114M_4075_YR1,18,339,0.8828125,0.8828125,late,,1.9399989629901704,114,8-10yr,unknown,383
ECSC_4075_1_114M_4075_YR1,19,344,0.8958333333333334,0.8958333333333334,late,,5.295808368921232,114,8-10yr,unknown,383
ECSC_4060_1_115F_4060_YR1,0,256,0.4155844155844156,0.4155844155844156,mid,,3.4489383363851953,115,8-10yr,unknown,615
ECSC_4060_1_115F_4060_YR1,1,271,0.4399350649350649,0.4399350649350649,mid,,2.465402951760568,115,8-10yr,unknown,615
ECSC_4060_1_115F_4060_YR1,2,287,0.4659090909090909,0.4659090909090909,mid,,5.483498456442561,115,8-10yr,unknown,615
ECSC_4060_1_115F_4060_YR1,3,303,0.4918831168831168,0.4918831168831168,mid,,5.327919939493395,115,8-10yr,unknown,615
ECSC_4060_1_115F_4060_YR1,4,318,0.5162337662337663,0.5162337662337663,mid,,3.215329914690699,115,8-10yr,unknown,615
ECSC_4060_1_115F_4060_YR1,5,334,0.5422077922077922,0.5422077922077922,mid,,10.620115371857922,115,8-10yr,unknown,615
ECSC_4060_1_115F_4060_YR1,6,350,0.5681818181818182,0.5681818181818182,mid,,4.525497146157912,115,8-10yr,unknown,615
ECSC_4060_1_115F_4060_YR1,7,365,0.5925324675324676,0.5925324675324676,mid,,5.889718086743551,115,8-10yr,unknown,615
ECSC_4060_1_115F_4060_YR1,8,381,0.6185064935064936,0.6185064935064936,mid,,17.038299373941072,115,8-10yr,unknown,615
ECSC_4060_1_115F_4060_YR1,9,397,0.6444805194805194,0.6444805194805194,mid,,4.045060373266775,115,8-10yr,unknown,615
ECSC_4060_1_115F_4060_YR1,10,412,0.6688311688311688,0.6688311688311688,late,,2.8563066658841887,115,8-10yr,unknown,615
ECSC_4060_1_115F_4060_YR1,11,428,0.6948051948051948,0.6948051948051948,late,,2.6448858254149723,115,8-10yr,unknown,615
ECSC_4060_1_115F_4060_YR1,12,444,0.7207792207792207,0.7207792207792207,late,,3.2453292075508458,115,8-10yr,unknown,615
ECSC_4060_1_115F_4060_YR1,13,459,0.7451298701298701,0.7451298701298701,late,,7.6017419025934,115,8-10yr,unknown,615
ECSC_4060_1_115F_4060_YR1,14,475,0.7711038961038961,0.7711038961038961,late,,10.45026538454944,115,8-10yr,unknown,615
ECSC_4060_1_115F_4060_YR1,15,491,0.797077922077922,0.797077922077922,late,,4.670392826075467,115,8-10yr,unknown,615
ECSC_4060_1_115F_4060_YR1,16,506,0.8214285714285714,0.8214285714285714,late,,1.372377386126315,115,8-10yr,unknown,615
ECSC_4060_1_115F_4060_YR1,17,522,0.8474025974025974,0.8474025974025974,late,,0.4092385665034292,115,8-10yr,unknown,615
ECSC_4060_1_115F_4060_YR1,18,538,0.8733766233766234,0.8733766233766234,late,5.807782736316316,2.422150363785615,115,8-10yr,unknown,615
ECSC_4060_1_115F_4060_YR1,19,554,0.8993506493506493,0.8993506493506493,late,7.623027161730095,4.586140031607311,115,8-10yr,unknown,615
ECSC_4037_1_115M_4037_YR1,0,256,0.6956521739130435,0.6956521739130435,late,,16.595944251893357,115,8-10yr,unknown,367
ECSC_4037_1_115M_4037_YR1,1,259,0.7038043478260869,0.7038043478260869,late,,19.62484978451513,115,8-10yr,unknown,367
ECSC_4037_1_115M_4037_YR1,2,263,0.7146739130434783,0.7146739130434783,late,,22.299187072694508,115,8-10yr,unknown,367
ECSC_4037_1_115M_4037_YR1,3,267,0.7255434782608695,0.7255434782608695,late,,15.569702947212754,115,8-10yr,unknown,367
ECSC_4037_1_115M_4037_YR1,4,271,0.7364130434782609,0.7364130434782609,late,,10.599790375343542,115,8-10yr,unknown,367
ECSC_4037_1_115M_4037_YR1,5,274,0.7445652173913043,0.7445652173913043,late,,9.845449764295656,115,8-10yr,unknown,367
ECSC_4037_1_115M_4037_YR1,6,278,0.7554347826086957,0.7554347826086957,late,,13.158335756696747,115,8-10yr,unknown,367
ECSC_4037_1_115M_4037_YR1,7,282,0.7663043478260869,0.7663043478260869,late,,6.835861575210565,115,8-10yr,unknown,367
ECSC_4037_1_115M_4037_YR1,8,286,0.7771739130434783,0.7771739130434783,late,,8.889177310459925,115,8-10yr,unknown,367
ECSC_4037_1_115M_4037_YR1,9,290,0.7880434782608695,0.7880434782608695,late,,1.3870988379546425,115,8-10yr,unknown,367
ECSC_4037_1_115M_4037_YR1,10,293,0.7961956521739131,0.7961956521739131,late,,2.0552737621818835,115,8-10yr,unknown,367
ECSC_4037_1_115M_4037_YR1,11,297,0.8070652173913043,0.8070652173913043,late,,3.771404631527133,115,8-10yr,unknown,367
ECSC_4037_1_115M_4037_YR1,12,301,0.8179347826086957,0.8179347826086957,late,,6.030888974501064,115,8-10yr,unknown,367
ECSC_4037_1_115M_4037_YR1,13,305,0.8288043478260869,0.8288043478260869,late,,9.566491263914209,115,8-10yr,unknown,367
ECSC_4037_1_115M_4037_YR1,14,309,0.8396739130434783,0.8396739130434783,late,,9.36880811401364,115,8-10yr,unknown,367
ECSC_4037_1_115M_4037_YR1,15,312,0.8478260869565217,0.8478260869565217,late,,10.526498468497934,115,8-10yr,unknown,367
ECSC_4037_1_115M_4037_YR1,16,316,0.8586956521739131,0.8586956521739131,late,,10.018582219531584,115,8-10yr,unknown,367
ECSC_4037_1_115M_4037_YR1,17,320,0.8695652173913043,0.8695652173913043,late,,7.62030222873704,115,8-10yr,unknown,367
ECSC_4037_1_115M_4037_YR1,18,324,0.8804347826086957,0.8804347826086957,late,,7.766785741843235,115,8-10yr,unknown,367
ECSC_4037_1_115M_4037_YR1,19,328,0.8913043478260869,0.8913043478260869,late,,5.5640290543701685,115,8-10yr,unknown,367
ECSC_4018_1_116F_4018_YR1,0,256,0.6080760095011877,0.6080760095011877,mid,,6.478350050225037,116,8-10yr,unknown,420
ECSC_4018_1_116F_4018_YR1,1,262,0.6223277909738717,0.6223277909738717,mid,,10.805951092024513,116,8-10yr,unknown,420
ECSC_4018_1_116F_4018_YR1,2,268,0.6365795724465558,0.6365795724465558,mid,,6.068825684544848,116,8-10yr,unknown,420
ECSC_4018_1_116F_4018_YR1,3,275,0.6532066508313539,0.6532066508313539,mid,,6.346993490734889,116,8-10yr,unknown,420
ECSC_4018_1_116F_4018_YR1,4,281,0.667458432304038,0.667458432304038,late,,6.838334147643341,116,8-10yr,unknown,420
ECSC_4018_1_116F_4018_YR1,5,288,0.684085510688836,0.684085510688836,late,,4.949408582671472,116,8-10yr,unknown,420
ECSC_4018_1_116F_4018_YR1,6,294,0.6983372921615202,0.6983372921615202,late,,5.32723977036758,116,8-10yr,unknown,420
ECSC_4018_1_116F_4018_YR1,7,300,0.7125890736342043,0.7125890736342043,late,,5.48618317230882,116,8-10yr,unknown,420
ECSC_4018_1_116F_4018_YR1,8,307,0.7292161520190024,0.7292161520190024,late,,3.3288444884896915,116,8-10yr,unknown,420
ECSC_4018_1_116F_4018_YR1,9,313,0.7434679334916865,0.7434679334916865,late,,2.406969928077416,116,8-10yr,unknown,420
ECSC_4018_1_116F_4018_YR1,10,320,0.7600950118764845,0.7600950118764845,late,,4.237343806191374,116,8-10yr,unknown,420
ECSC_4018_1_116F_4018_YR1,11,326,0.7743467933491687,0.7743467933491687,late,,3.112222012964154,116,8-10yr,unknown,420
ECSC_4018_1_116F_4018_YR1,12,333,0.7909738717339667,0.7909738717339667,late,,3.213738457448981,116,8-10yr,unknown,420
ECSC_4018_1_116F_4018_YR1,13,339,0.8052256532066508,0.8052256532066508,late,,4.601514324382296,116,8-10yr,unknown,420
ECSC_4018_1_116F_4018_YR1,14,345,0.8194774346793349,0.8194774346793349,late,,4.5027105773237555,116,8-10yr,unknown,420
ECSC_4018_1_116F_4018_YR1,15,352,0.836104513064133,0.836104513064133,late,,4.882445676688331,116,8-10yr,unknown,420
ECSC_4018_1_116F_4018_YR1,16,358,0.850356294536817,0.850356294536817,late,,4.520480412246016,116,8-10yr,unknown,420
ECSC_4018_1_116F_4018_YR1,17,365,0.8669833729216152,0.8669833729216152,late,,4.279592068997575,116,8-10yr,unknown,420
ECSC_4018_1_116F_4018_YR1,18,371,0.8812351543942993,0.8812351543942993,late,,3.9861163511790103,116,8-10yr,unknown,420
ECSC_4018_1_116F_4018_YR1,19,378,0.8978622327790974,0.8978622327790974,late,,3.7001476342179096,116,8-10yr,unknown,420
ECSC_4031_1_117F_4031_YR1,0,256,0.5739910313901345,0.5739910313901345,mid,,3.187639978065212,117,8-10yr,unknown,445
ECSC_4031_1_117F_4031_YR1,1,263,0.5896860986547086,0.5896860986547086,mid,,4.523507834346711,117,8-10yr,unknown,445
ECSC_4031_1_117F_4031_YR1,2,271,0.6076233183856502,0.6076233183856502,mid,,6.221637696297071,117,8-10yr,unknown,445
ECSC_4031_1_117F_4031_YR1,3,278,0.6233183856502242,0.6233183856502242,mid,,4.369048262369663,117,8-10yr,unknown,445
ECSC_4031_1_117F_4031_YR1,4,286,0.6412556053811659,0.6412556053811659,mid,,3.2490857024741686,117,8-10yr,unknown,445
ECSC_4031_1_117F_4031_YR1,5,294,0.6591928251121076,0.6591928251121076,late,,5.291344351826467,117,8-10yr,unknown,445
ECSC_4031_1_117F_4031_YR1,6,301,0.6748878923766816,0.6748878923766816,late,,8.59521214518925,117,8-10yr,unknown,445
ECSC_4031_1_117F_4031_YR1,7,309,0.6928251121076233,0.6928251121076233,late,,6.025955686782899,117,8-10yr,unknown,445
ECSC_4031_1_117F_4031_YR1,8,317,0.7107623318385651,0.7107623318385651,late,,2.932469920740301,117,8-10yr,unknown,445
ECSC_4031_1_117F_4031_YR1,9,324,0.726457399103139,0.726457399103139,late,,2.2837971260451537,117,8-10yr,unknown,445
ECSC_4031_1_117F_4031_YR1,10,332,0.7443946188340808,0.7443946188340808,late,,1.6089225053436564,117,8-10yr,unknown,445
ECSC_4031_1_117F_4031_YR1,11,339,0.7600896860986547,0.7600896860986547,late,,3.4671943239318344,117,8-10yr,unknown,445
ECSC_4031_1_117F_4031_YR1,12,347,0.7780269058295964,0.7780269058295964,late,,2.7670364659968856,117,8-10yr,unknown,445
ECSC_4031_1_117F_4031_YR1,13,355,0.7959641255605381,0.7959641255605381,late,,1.7185185577651358,117,8-10yr,unknown,445
ECSC_4031_1_117F_4031_YR1,14,362,0.8116591928251121,0.8116591928251121,late,,1.5751243792309193,117,8-10yr,unknown,445
ECSC_4031_1_117F_4031_YR1,15,370,0.8295964125560538,0.8295964125560538,late,,0.5636645705678891,117,8-10yr,unknown,445
ECSC_4031_1_117F_4031_YR1,16,378,0.8475336322869955,0.8475336322869955,late,,0.6515187370258886,117,8-10yr,unknown,445
ECSC_4031_1_117F_4031_YR1,17,385,0.8632286995515696,0.8632286995515696,late,,1.9033927952593004,117,8-10yr,unknown,445
ECSC_4031_1_117F_4031_YR1,18,393,0.8811659192825112,0.8811659192825112,late,,-0.0137076316824611,117,8-10yr,unknown,445
ECSC_4031_1_117F_4031_YR1,19,401,0.899103139013453,0.899103139013453,late,,0.3787151838603719,117,8-10yr,unknown,445
ECSC_4048_1_117M_4048_YR1,0,256,0.6080760095011877,0.6080760095011877,mid,,11.156339772446133,117,8-10yr,unknown,420
ECSC_4048_1_117M_4048_YR1,1,262,0.6223277909738717,0.6223277909738717,mid,,20.303897529563766,117,8-10yr,unknown,420
ECSC_4048_1_117M_4048_YR1,2,268,0.6365795724465558,0.6365795724465558,mid,,20.33528376686926,117,8-10yr,unknown,420
ECSC_4048_1_117M_4048_YR1,3,275,0.6532066508313539,0.6532066508313539,mid,,19.878101303201117,117,8-10yr,unknown,420
ECSC_4048_1_117M_4048_YR1,4,281,0.667458432304038,0.667458432304038,late,,22.798426459275007,117,8-10yr,unknown,420
ECSC_4048_1_117M_4048_YR1,5,288,0.684085510688836,0.684085510688836,late,,26.44207312625908,117,8-10yr,unknown,420
ECSC_4048_1_117M_4048_YR1,6,294,0.6983372921615202,0.6983372921615202,late,,12.52139085625084,117,8-10yr,unknown,420
ECSC_4048_1_117M_4048_YR1,7,300,0.7125890736342043,0.7125890736342043,late,,11.65037278556638,117,8-10yr,unknown,420
ECSC_4048_1_117M_4048_YR1,8,307,0.7292161520190024,0.7292161520190024,late,,4.753412785230903,117,8-10yr,unknown,420
ECSC_4048_1_117M_4048_YR1,9,313,0.7434679334916865,0.7434679334916865,late,,1.526334786421092,117,8-10yr,unknown,420
ECSC_4048_1_117M_4048_YR1,10,320,0.7600950118764845,0.7600950118764845,late,,-1.5919510886670878,117,8-10yr,unknown,420
ECSC_4048_1_117M_4048_YR1,11,326,0.7743467933491687,0.7743467933491687,late,,4.505318915050854,117,8-10yr,unknown,420
ECSC_4048_1_117M_4048_YR1,12,333,0.7909738717339667,0.7909738717339667,late,,5.533090590749609,117,8-10yr,unknown,420
ECSC_4048_1_117M_4048_YR1,13,339,0.8052256532066508,0.8052256532066508,late,,5.007904719626978,117,8-10yr,unknown,420
ECSC_4048_1_117M_4048_YR1,14,345,0.8194774346793349,0.8194774346793349,late,,6.3661213806161,117,8-10yr,unknown,420
ECSC_4048_1_117M_4048_YR1,15,352,0.836104513064133,0.836104513064133,late,,5.543531404242415,117,8-10yr,unknown,420
ECSC_4048_1_117M_4048_YR1,16,358,0.850356294536817,0.850356294536817,late,,7.018856702328463,117,8-10yr,unknown,420
ECSC_4048_1_117M_4048_YR1,17,365,0.8669833729216152,0.8669833729216152,late,,18.28238922692984,117,8-10yr,unknown,420
ECSC_4048_1_117M_4048_YR1,18,371,0.8812351543942993,0.8812351543942993,late,,11.47169776047816,117,8-10yr,unknown,420
ECSC_4048_1_117M_4048_YR1,19,378,0.8978622327790974,0.8978622327790974,late,,8.360409780846641,117,8-10yr,unknown,420
ECSC_4022_1_118M_4022_YR1,0,256,0.5446808510638298,0.5446808510638298,mid,,6.586531814673879,118,8-10yr,unknown,469
ECSC_4022_1_118M_4022_YR1,1,264,0.5617021276595745,0.5617021276595745,mid,,4.821234310781705,118,8-10yr,unknown,469
ECSC_4022_1_118M_4022_YR1,2,273,0.5808510638297872,0.5808510638297872,mid,,3.667595252065457,118,8-10yr,unknown,469
ECSC_4022_1_118M_4022_YR1,3,282,0.6,0.6,mid,,1.5310929463296663,118,8-10yr,unknown,469
ECSC_4022_1_118M_4022_YR1,4,291,0.6191489361702127,0.6191489361702127,mid,,1.762207687088897,118,8-10yr,unknown,469
ECSC_4022_1_118M_4022_YR1,5,299,0.6361702127659574,0.6361702127659574,mid,,0.2519327957568213,118,8-10yr,unknown,469
ECSC_4022_1_118M_4022_YR1,6,308,0.6553191489361702,0.6553191489361702,mid,,2.2537692026466996,118,8-10yr,unknown,469
ECSC_4022_1_118M_4022_YR1,7,317,0.674468085106383,0.674468085106383,late,,3.1335054340076365,118,8-10yr,unknown,469
ECSC_4022_1_118M_4022_YR1,8,326,0.6936170212765957,0.6936170212765957,late,,4.795149884182109,118,8-10yr,unknown,469
ECSC_4022_1_118M_4022_YR1,9,335,0.7127659574468085,0.7127659574468085,late,,4.9457934018551235,118,8-10yr,unknown,469
ECSC_4022_1_118M_4022_YR1,10,343,0.7297872340425532,0.7297872340425532,late,,6.029455675458115,118,8-10yr,unknown,469
ECSC_4022_1_118M_4022_YR1,11,352,0.7489361702127659,0.7489361702127659,late,,0.8737047475879436,118,8-10yr,unknown,469
ECSC_4022_1_118M_4022_YR1,12,361,0.7680851063829788,0.7680851063829788,late,,0.4730121653595347,118,8-10yr,unknown,469
ECSC_4022_1_118M_4022_YR1,13,370,0.7872340425531915,0.7872340425531915,late,,0.4500285931381391,118,8-10yr,unknown,469
ECSC_4022_1_118M_4022_YR1,14,379,0.8063829787234043,0.8063829787234043,late,,5.79755174212484,118,8-10yr,unknown,469
ECSC_4022_1_118M_4022_YR1,15,387,0.823404255319149,0.823404255319149,late,,7.75033031267373,118,8-10yr,unknown,469
ECSC_4022_1_118M_4022_YR1,16,396,0.8425531914893617,0.8425531914893617,late,,8.980290894208563,118,8-10yr,unknown,469
ECSC_4022_1_118M_4022_YR1,17,405,0.8617021276595744,0.8617021276595744,late,,12.169976999534212,118,8-10yr,unknown,469
ECSC_4022_1_118M_4022_YR1,18,414,0.8808510638297873,0.8808510638297873,late,,3.672333577860181,118,8-10yr,unknown,469
ECSC_4022_1_118M_4022_YR1,19,423,0.9,0.9,late,,2.0354254812335535,118,8-10yr,unknown,469
