doc_id,group,age_bin,story_id,age_years,word_count,half_life,total_benefit,ppl_at_min_ctx,ppl_at_max_ctx,T
401_A1,TD,4-5yr,A1,4.835,105,6.104412736297167,13100.605205535889,13114.376953125,13.771747589111328,133.0
401_A2,TD,4-5yr,A2,4.835,157,38.28855428683333,104.74874114990234,116.48088073730469,11.732139587402344,207.0
401_A3,TD,4-5yr,A3,4.835,282,6.398489494210905,13106.550525665283,13114.376953125,7.826427459716797,390.0
401_B1,TD,4-5yr,B1,4.835,133,6.105016204672407,13104.361978530884,13114.376953125,10.014974594116211,183.0
401_B2,TD,4-5yr,B2,4.835,256,6.104888747882734,13103.568521499634,13114.376953125,10.808431625366211,354.0
401_B3,TD,4-5yr,B3,4.835,292,6.105407224945479,13106.796197891235,13114.376953125,7.580755233764648,392.0
402_A1,TD,4-5yr,A1,4.593333333333334,63,8.794711447110506,13093.570329666138,13114.376953125,20.806623458862305,90.0
402_A2,TD,4-5yr,A2,4.593333333333334,79,16.587161639565448,513.1157417297363,534.2853393554688,21.169597625732422,109.0
402_A3,TD,4-5yr,A3,4.593333333333334,156,6.179050818847862,13106.954499721527,13114.376953125,7.4224534034729,217.0
402_B1,TD,4-5yr,B1,4.593333333333334,70,10.194037907709399,13095.976606369019,13114.376953125,18.400346755981445,92.0
402_B2,TD,4-5yr,B2,4.593333333333334,109,10.409276114797176,13096.817901611328,13114.376953125,17.559051513671875,148.0
402_B3,TD,4-5yr,B3,4.593333333333334,194,6.179169411079101,13105.192988395691,13114.376953125,9.183964729309082,272.0
405_A1,TD,4-5yr,A1,4.679166666666667,63,6.469755782922237,13089.393915176392,13114.376953125,24.9830379486084,81.0
405_A2,TD,4-5yr,A2,4.679166666666667,153,6.472718583457867,13105.096384048462,13114.376953125,9.280569076538086,220.0
405_A3,TD,4-5yr,A3,4.679166666666667,173,6.932363799837296,13106.649594306946,13114.376953125,7.727358818054199,229.0
405_B1,TD,4-5yr,B1,4.679166666666667,106,28.494552506995714,100.05666160583496,116.48088073730469,16.424219131469727,137.0
405_B2,TD,4-5yr,B2,4.679166666666667,114,6.47226142212917,13102.673486709595,13114.376953125,11.703466415405273,162.0
405_B3,TD,4-5yr,B3,4.679166666666667,185,6.472761868706982,13105.325790405273,13114.376953125,9.051162719726562,255.0
406_A1,TD,4-5yr,A1,4.595833333333333,158,6.737525383597248,13098.855450630188,13114.376953125,15.521502494812012,221.0
406_A2,TD,4-5yr,A2,4.595833333333333,160,6.260413668327869,13107.67723274231,13114.376953125,6.69972038269043,224.0
406_A3,TD,4-5yr,A3,4.595833333333333,224,6.097853888856097,13103.770622253418,13114.376953125,10.606330871582031,310.0
406_B1,TD,4-5yr,B1,4.595833333333333,80,7.0721712766471825,13088.417192459106,13114.376953125,25.959760665893555,107.0
406_B2,TD,4-5yr,B2,4.595833333333333,83,6.285892606557484,13095.65955734253,13114.376953125,18.717395782470703,107.0
406_B3,TD,4-5yr,B3,4.595833333333333,150,6.240151673140698,13097.441627502441,13114.376953125,16.935325622558594,205.0
409_A1,TD,4-5yr,A1,4.8341666666666665,56,6.235220333105163,13070.69387435913,13114.376953125,43.68307876586914,75.0
409_A2,TD,4-5yr,A2,4.8341666666666665,69,6.120529683986817,13087.876335144043,13114.376953125,26.50061798095703,94.0
409_A3,TD,4-5yr,A3,4.8341666666666665,102,6.1936547046229755,13103.008836746216,13114.376953125,11.36811637878418,139.0
409_B1,TD,4-5yr,B1,4.8341666666666665,45,9.437977160864866,13080.979541778564,13114.376953125,33.39741134643555,70.0
409_B2,TD,4-5yr,B2,4.8341666666666665,82,6.157686768008047,13097.969394683838,13114.376953125,16.40755844116211,114.0
409_B3,TD,4-5yr,B3,4.8341666666666665,127,6.351460004805466,13098.18607711792,13114.376953125,16.190876007080078,177.0
410_A1,TD,4-5yr,A1,4.105833333333333,84,6.275014312348093,13100.976650238037,13114.376953125,13.40030288696289,116.0
410_A2,TD,4-5yr,A2,4.105833333333333,64,9.303099450568398,13099.073450088501,13114.376953125,15.303503036499023,91.0
410_A3,TD,4-5yr,A3,4.105833333333333,120,6.175040066316802,13103.074462890625,13114.376953125,11.302490234375,168.0
410_B1,TD,4-5yr,B1,4.105833333333333,60,6.1916773594420595,13076.085681915283,13114.376953125,38.2912712097168,89.0
410_B2,TD,4-5yr,B2,4.105833333333333,53,6.263368692121215,13079.408260345459,13114.376953125,34.968692779541016,87.0
410_B3,TD,4-5yr,B3,4.105833333333333,139,6.344132266039193,13103.356560707092,13114.376953125,11.020392417907715,219.0
414_A1,TD,4-5yr,A1,4.931666666666667,65,6.467258761177703,13076.160015106201,13114.376953125,38.21693801879883,94.0
414_A2,TD,4-5yr,A2,4.931666666666667,96,31.252992908138246,101.37863349914551,116.48088073730469,15.10224723815918,139.0
414_A3,TD,4-5yr,A3,4.931666666666667,130,6.471289220138921,13097.520938873291,13114.376953125,16.856014251708984,194.0
414_B1,TD,4-5yr,B1,4.931666666666667,45,6.46058561062844,13040.793159484863,13114.376953125,73.58379364013672,67.0
414_B2,TD,4-5yr,B2,4.931666666666667,128,6.097255620073383,57716.39837265015,57730.01171875,13.613346099853516,178.0
414_B3,TD,4-5yr,B3,4.931666666666667,146,6.470673451796602,13094.257444381714,13114.376953125,20.119508743286133,206.0
417_A1,TD,4-5yr,A1,4.605,154,58.511210151459736,104.41912364959717,116.48088073730469,12.06175708770752,199.0
417_A2,TD,4-5yr,A2,4.605,209,26.846779859391546,522.8750629425049,531.1801147460938,8.305051803588867,288.0
417_A3,TD,4-5yr,A3,4.605,370,20.54843568751179,264.04251623153687,270.8124694824219,6.76995325088501,492.0
417_B1,TD,4-5yr,B1,4.605,89,6.063641653773968,8277.642112731934,8293.3681640625,15.726051330566406,121.0
417_B2,TD,4-5yr,B2,4.605,124,31.45496786615807,104.6347246170044,116.48088073730469,11.846156120300293,172.0
417_B3,TD,4-5yr,B3,4.605,212,12.727149878531453,1914.3415699005127,1924.19140625,9.849836349487305,281.0
418_A1,TD,4-5yr,A1,4.835833333333333,74,6.385363224541271,13098.566987991333,13114.376953125,15.809965133666992,97.0
418_A2,TD,4-5yr,A2,4.835833333333333,86,10.827858019471373,632.1127824783325,646.3361206054688,14.22333812713623,116.0
418_A3,TD,4-5yr,A3,4.835833333333333,195,6.1052124723495975,13105.583804130554,13114.376953125,8.7931489944458,258.0
418_B1,TD,4-5yr,B1,4.835833333333333,102,6.104018780841296,13098.152713775635,13114.376953125,16.224239349365234,138.0
418_B2,TD,4-5yr,B2,4.835833333333333,113,6.104388765841886,13100.455982208252,13114.376953125,13.920970916748047,155.0
418_B3,TD,4-5yr,B3,4.835833333333333,188,6.104904591742128,13103.667154312134,13114.376953125,10.709798812866211,259.0
421_A1,TD,4-5yr,A1,4.433333333333334,148,6.103997572460435,13098.020685195923,13114.376953125,16.35626792907715,204.0
421_A2,TD,4-5yr,A2,4.433333333333334,197,7.476390192982159,13096.480180740356,13114.376953125,17.896772384643555,252.0
421_A3,TD,4-5yr,A3,4.433333333333334,288,6.294271446195726,13105.88336467743,13114.376953125,8.4935884475708,408.0
421_B1,TD,4-5yr,B1,4.433333333333334,172,6.104421243271911,13100.658164024353,13114.376953125,13.718789100646973,237.0
421_B2,TD,4-5yr,B2,4.433333333333334,296,6.903995608921573,13102.85335636139,13114.376953125,11.52359676361084,401.0
421_B3,TD,4-5yr,B3,4.433333333333334,470,6.472795313782129,13105.503045082092,13114.376953125,8.873908042907715,657.0
425_A1,TD,4-5yr,A1,4.761666666666667,78,18.274227378946502,1109.7002201080322,1134.8826904296875,25.182470321655273,108.0
425_A2,TD,4-5yr,A2,4.761666666666667,100,6.141846922712011,13097.020246505737,13114.376953125,17.356706619262695,127.0
425_A3,TD,4-5yr,A3,4.761666666666667,192,6.09736812506338,57719.49450588226,57730.01171875,10.517212867736816,252.0
425_B1,TD,4-5yr,B1,4.761666666666667,67,6.151244886199709,13096.905704498291,13114.376953125,17.471248626708984,102.0
425_B2,TD,4-5yr,B2,4.761666666666667,221,6.13298601093841,13103.6684923172,13114.376953125,10.708460807800293,294.0
425_B3,TD,4-5yr,B3,4.761666666666667,235,6.552426614511943,13107.765037059784,13114.376953125,6.6119160652160645,317.0
429_A1,TD,4-5yr,A1,4.8341666666666665,46,6.31231349505191,13035.81509399414,13114.376953125,78.56185913085938,61.0
429_A2,TD,4-5yr,A2,4.8341666666666665,91,6.471597175027615,13099.153060913086,13114.376953125,15.223892211914062,123.0
429_A3,TD,4-5yr,A3,4.8341666666666665,110,6.471761564504261,13100.024304389954,13114.376953125,14.352648735046387,153.0
429_B1,TD,4-5yr,B1,4.8341666666666665,56,6.103066770232008,13092.226160049438,13114.376953125,22.150793075561523,79.0
429_B2,TD,4-5yr,B2,4.8341666666666665,72,6.112164707010347,13094.722328186035,13114.376953125,19.654624938964844,93.0
429_B3,TD,4-5yr,B3,4.8341666666666665,126,6.267840191038209,13100.999958992004,13114.376953125,13.376994132995605,165.0
441_A1,TD,4-5yr,A1,4.921666666666667,43,6.101995798624684,13085.559038162231,13114.376953125,28.817914962768555,68.0
441_A2,TD,4-5yr,A2,4.921666666666667,71,6.512696896656683,13101.926718711853,13114.376953125,12.450234413146973,116.0
441_A3,TD,4-5yr,A3,4.921666666666667,125,6.104374347445748,13100.366223335266,13114.376953125,14.010729789733887,193.0
441_B1,TD,4-5yr,B1,4.921666666666667,51,10.036903033940053,13088.551595687866,13114.376953125,25.82535743713379,83.0
441_B2,TD,4-5yr,B2,4.921666666666667,81,6.104540851664651,13101.402762413025,13114.376953125,12.974190711975098,125.0
441_B3,TD,4-5yr,B3,4.921666666666667,148,6.105178994567606,13105.375394821167,13114.376953125,9.001558303833008,216.0
448_A1,TD,4-5yr,A1,4.585,67,6.469689212710305,13089.041101455688,13114.376953125,25.335851669311523,87.0
448_A2,TD,4-5yr,A2,4.585,81,6.4716487041778015,13099.42615890503,13114.376953125,14.950794219970703,108.0
448_A3,TD,4-5yr,A3,4.585,160,6.473022824956233,13106.708825588226,13114.376953125,7.668127536773682,207.0
448_B1,TD,4-5yr,B1,4.585,57,6.46861814112901,13083.364557266235,13114.376953125,31.01239585876465,75.0
448_B2,TD,4-5yr,B2,4.585,122,33.143768638073084,103.82276725769043,116.48088073730469,12.658113479614258,162.0
448_B3,TD,4-5yr,B3,4.585,169,30.644653945647693,103.76196098327637,116.48088073730469,12.71891975402832,218.0
452_A1,TD,4-5yr,A1,4.01,35,27.049793787901883,75.63092803955078,116.48088073730469,40.849952697753906,55.0
452_A2,TD,4-5yr,A2,4.01,65,6.219608190275046,13105.81460762024,13114.376953125,8.562345504760742,107.0
452_A3,TD,4-5yr,A3,4.01,100,6.47354072337993,13109.453621864319,13114.376953125,4.923331260681152,159.0
452_B1,TD,4-5yr,B1,4.01,42,6.711269997849145,310.58964920043945,347.9294738769531,37.33982467651367,70.0
452_B2,TD,4-5yr,B2,4.01,35,6.622264807848245,477.2646789550781,500.52508544921875,23.260406494140625,58.0
452_B3,TD,4-5yr,B3,4.01,73,6.374436356326264,13102.645309448242,13114.376953125,11.731643676757812,124.0
456_A1,TD,4-5yr,A1,4.101666666666667,55,6.468315695010287,13081.761631011963,13114.376953125,32.61532211303711,73.0
456_A2,TD,4-5yr,A2,4.101666666666667,67,6.4704312332647405,13092.97371673584,13114.376953125,21.403236389160156,90.0
456_A3,TD,4-5yr,A3,4.101666666666667,124,6.471663921763469,13099.506810188293,13114.376953125,14.870142936706543,172.0
456_B1,TD,4-5yr,B1,4.101666666666667,42,29.49264375666448,25.6002197265625,116.48088073730469,90.88066101074219,59.0
456_B2,TD,4-5yr,B2,4.101666666666667,68,47.82892944304812,74.5957260131836,116.48088073730469,41.885154724121094,98.0
456_B3,TD,4-5yr,B3,4.101666666666667,115,6.472230336104599,13102.508734703064,13114.376953125,11.868218421936035,155.0
457_A1,TD,4-5yr,A1,4.600833333333333,58,6.892812188170202,13094.823225021362,13114.376953125,19.553728103637695,79.0
457_A2,TD,4-5yr,A2,4.600833333333333,85,6.893700243246624,13098.843162536621,13114.376953125,15.533790588378906,118.0
457_A3,TD,4-5yr,A3,4.600833333333333,130,6.893733963008901,13098.995800971985,13114.376953125,15.381152153015137,168.0
457_B1,TD,4-5yr,B1,4.600833333333333,92,6.8924277833437415,13093.083148956299,13114.376953125,21.293804168701172,139.0
457_B2,TD,4-5yr,B2,4.600833333333333,87,6.889771472638772,13081.058891296387,13114.376953125,33.31806182861328,128.0
457_B3,TD,4-5yr,B3,4.600833333333333,189,6.894774086833115,13103.704104423523,13114.376953125,10.67284870147705,258.0
460_A1,TD,4-5yr,A1,4.685833333333333,50,40.0,26.52129364013672,116.48088073730469,89.95958709716797,81.0
460_A2,TD,4-5yr,A2,4.685833333333333,74,56.512631927114285,81.43839645385742,116.48088073730469,35.042484283447266,116.0
460_A3,TD,4-5yr,A3,4.685833333333333,94,55.06596684583883,100.39557075500488,116.48088073730469,16.085309982299805,155.0
460_B1,TD,4-5yr,B1,4.685833333333333,44,30.31265654058282,55.264625549316406,116.48088073730469,61.21625518798828,75.0
460_B2,TD,4-5yr,B2,4.685833333333333,86,6.471423878560548,13098.23461151123,13114.376953125,16.14234161376953,143.0
460_B3,TD,4-5yr,B3,4.685833333333333,140,7.122642422707193,13100.094854354858,13114.376953125,14.282098770141602,217.0
464_A1,TD,4-5yr,A1,4.674166666666666,47,40.0,44.80937194824219,116.48088073730469,71.6715087890625,69.0
464_A2,TD,4-5yr,A2,4.674166666666666,56,6.471797729955197,13100.215976715088,13114.376953125,14.16097640991211,76.0
464_A3,TD,4-5yr,A3,4.674166666666666,118,6.472678628590755,13104.884628295898,13114.376953125,9.492324829101562,157.0
464_B1,TD,4-5yr,B1,4.674166666666666,41,6.378253346497688,13031.439476013184,13114.376953125,82.9374771118164,58.0
464_B2,TD,4-5yr,B2,4.674166666666666,71,53.804841248338434,37.635786056518555,56.099708557128906,18.46392250061035,110.0
464_B3,TD,4-5yr,B3,4.674166666666666,114,44.04165285718677,102.59607887268066,116.48088073730469,13.884801864624023,159.0
468_A1,TD,4-5yr,A1,4.433333333333334,36,,,,,
468_A2,TD,4-5yr,A2,4.433333333333334,65,6.4683998895433135,13082.207851409912,13114.376953125,32.16910171508789,90.0
468_A3,TD,4-5yr,A3,4.433333333333334,127,6.201479426454755,13104.473573684692,13114.376953125,9.903379440307617,182.0
468_B1,TD,4-5yr,B1,4.433333333333334,41,6.469404219607096,13087.530673980713,13114.376953125,26.84627914428711,60.0
468_B2,TD,4-5yr,B2,4.433333333333334,69,6.471988214381982,13101.225520133972,13114.376953125,13.151432991027832,102.0
468_B3,TD,4-5yr,B3,4.433333333333334,101,6.472849336580132,13105.789359092712,13114.376953125,8.587594032287598,138.0
471_A1,TD,4-5yr,A1,4.755833333333333,76,30.648328756837714,95.2108039855957,116.48088073730469,21.270076751708984,105.0
471_A2,TD,4-5yr,A2,4.755833333333333,96,47.01205914461354,97.33377075195312,116.48088073730469,19.147109985351562,139.0
471_A3,TD,4-5yr,A3,4.755833333333333,205,6.473092148293551,13107.07623052597,13114.376953125,7.300722599029541,288.0
471_B1,TD,4-5yr,B1,4.755833333333333,85,29.1710421461381,94.68579864501953,116.48088073730469,21.795082092285156,113.0
471_B2,TD,4-5yr,B2,4.755833333333333,109,12.23932436399194,13104.31545829773,13114.376953125,10.061494827270508,186.0
471_B3,TD,4-5yr,B3,4.755833333333333,233,31.233111397448827,106.5356855392456,116.48088073730469,9.945195198059082,327.0
501_A1,TD,5-6yr,A1,5.676666666666667,95,6.105151445364652,13105.203892707825,13114.376953125,9.173060417175293,141.0
501_A2,TD,5-6yr,A2,5.676666666666667,114,62.77628330350497,39.065879821777344,59.30703353881836,20.241153717041016,176.0
501_A3,TD,5-6yr,A3,5.676666666666667,196,6.178970870690783,13103.99899673462,13114.376953125,10.37795639038086,267.0
501_B1,TD,5-6yr,B1,5.676666666666667,81,7.26436238914162,13101.545545578003,13114.376953125,12.83140754699707,116.0
501_B2,TD,5-6yr,B2,5.676666666666667,131,9.72418497686527,8101.47894859314,8119.4521484375,17.97319984436035,185.0
501_B3,TD,5-6yr,B3,5.676666666666667,232,6.89510259185161,13105.191140174866,13114.376953125,9.185812950134277,318.0
502_A1,TD,5-6yr,A1,5.349166666666667,62,6.653583151635043,16279.831108093262,16306.4345703125,26.60346221923828,86.0
502_A2,TD,5-6yr,A2,5.349166666666667,73,6.557156439741357,13096.571912765503,13114.376953125,17.80504035949707,101.0
502_A3,TD,5-6yr,A3,5.349166666666667,145,7.395826625715724,13102.529249191284,13114.376953125,11.84770393371582,202.0
502_B1,TD,5-6yr,B1,5.349166666666667,70,6.1841379766291515,21339.25065803528,21370.314453125,31.06379508972168,106.0
502_B2,TD,5-6yr,B2,5.349166666666667,83,6.79114943370943,13104.483729362488,13114.376953125,9.893223762512207,122.0
502_B3,TD,5-6yr,B3,5.349166666666667,150,6.134938540571725,13105.396265029907,13114.376953125,8.980688095092773,221.0
505_A1,TD,5-6yr,A1,5.170833333333333,47,6.142420432216035,29381.37257385254,29448.341796875,66.96922302246094,67.0
505_A2,TD,5-6yr,A2,5.170833333333333,100,8.929560870625211,13105.836521148682,13114.376953125,8.54043197631836,133.0
505_A3,TD,5-6yr,A3,5.170833333333333,141,6.568583185373916,21360.074389457703,21370.314453125,10.240063667297363,185.0
505_B1,TD,5-6yr,B1,5.170833333333333,59,6.467273150846385,13076.236278533936,13114.376953125,38.14067459106445,81.0
505_B2,TD,5-6yr,B2,5.170833333333333,66,27.41112777060817,91.5991268157959,116.48088073730469,24.88175392150879,91.0
505_B3,TD,5-6yr,B3,5.170833333333333,150,6.472586745100362,13104.39765739441,13114.376953125,9.97929573059082,191.0
506_A1,TD,5-6yr,A1,5.251666666666667,50,6.853465885637602,13057.756664276123,13114.376953125,56.62028884887695,64.0
506_A2,TD,5-6yr,A2,5.251666666666667,103,8.892625024188881,13097.006855010986,13114.376953125,17.370098114013672,137.0
506_A3,TD,5-6yr,A3,5.251666666666667,179,6.816026155153885,13101.560655593872,13114.376953125,12.81629753112793,230.0
506_B1,TD,5-6yr,B1,5.251666666666667,68,6.0267872571882695,39211.557346343994,39230.15234375,18.59499740600586,106.0
506_B2,TD,5-6yr,B2,5.251666666666667,95,6.203025992006726,13093.05368423462,13114.376953125,21.32326889038086,131.0
506_B3,TD,5-6yr,B3,5.251666666666667,183,6.14308661181785,13103.077913284302,13114.376953125,11.299039840698242,250.0
509_A1,TD,5-6yr,A1,5.76,80,6.116453549993091,13099.363476753235,13114.376953125,15.013476371765137,112.0
509_A2,TD,5-6yr,A2,5.76,69,6.0433887724656605,43965.08220291138,43983.05859375,17.976390838623047,100.0
509_A3,TD,5-6yr,A3,5.76,137,6.086743327393204,127077.04777908325,127090.546875,13.499095916748047,187.0
509_B1,TD,5-6yr,B1,5.76,64,6.4707207425732385,13094.508079528809,13114.376953125,19.868873596191406,90.0
509_B2,TD,5-6yr,B2,5.76,105,6.921427018197043,13098.077527999878,13114.376953125,16.29942512512207,146.0
509_B3,TD,5-6yr,B3,5.76,208,6.140029945423146,13104.616592407227,13114.376953125,9.760360717773438,279.0
510_A1,TD,5-6yr,A1,5.093333333333334,68,6.209686867009701,13086.035228729248,13114.376953125,28.341724395751953,84.0
510_A2,TD,5-6yr,A2,5.093333333333334,96,8.178636423599619,13094.852228164673,13114.376953125,19.52472496032715,129.0
510_A3,TD,5-6yr,A3,5.093333333333334,144,6.276598528971068,13099.38980770111,13114.376953125,14.98714542388916,186.0
510_B1,TD,5-6yr,B1,5.093333333333334,71,7.373868523160365,13095.691265106201,13114.376953125,18.685688018798828,101.0
510_B2,TD,5-6yr,B2,5.093333333333334,74,10.252574996059522,13088.405633926392,13114.376953125,25.9713191986084,110.0
510_B3,TD,5-6yr,B3,5.093333333333334,140,6.30468532065683,13100.72262763977,13114.376953125,13.654325485229492,202.0
513_A1,TD,5-6yr,A1,5.589166666666666,59,6.47015186553446,13091.493103027344,13114.376953125,22.88385009765625,108.0
513_A2,TD,5-6yr,A2,5.589166666666666,83,6.6519006960423726,13075.960033416748,13114.376953125,38.41691970825195,115.0
513_A3,TD,5-6yr,A3,5.589166666666666,191,11.970447860679732,13104.215980529785,13114.376953125,10.160972595214844,291.0
513_B1,TD,5-6yr,B1,5.589166666666666,66,8.993831798008925,13095.44515800476,13114.376953125,18.931795120239258,104.0
513_B2,TD,5-6yr,B2,5.589166666666666,135,6.380281578845969,13103.96060848236,13114.376953125,10.41634464263916,195.0
513_B3,TD,5-6yr,B3,5.589166666666666,209,6.4728059001790355,13105.559151649475,13114.376953125,8.817801475524902,325.0
514_A1,TD,5-6yr,A1,5.511666666666667,94,6.212268227244399,13100.163564682007,13114.376953125,14.213388442993164,127.0
514_A2,TD,5-6yr,A2,5.511666666666667,138,7.127875868821528,13098.917952537537,13114.376953125,15.459000587463379,179.0
514_A3,TD,5-6yr,A3,5.511666666666667,181,9.6790141593059,13102.462386131287,13114.376953125,11.914566993713379,248.0
514_B1,TD,5-6yr,B1,5.511666666666667,75,29.743718315834943,99.35708808898926,116.48088073730469,17.12379264831543,100.0
514_B2,TD,5-6yr,B2,5.511666666666667,88,6.472539647402388,13104.148045539856,13114.376953125,10.228907585144043,120.0
514_B3,TD,5-6yr,B3,5.511666666666667,146,6.281991523002258,13106.396715164185,13114.376953125,7.98023796081543,195.0
517_A1,TD,5-6yr,A1,5.4375,89,7.65828332439623,13103.650232315063,13114.376953125,10.726720809936523,133.0
517_A2,TD,5-6yr,A2,5.4375,152,9.906384393300566,13109.936440467834,13114.376953125,4.440512657165527,255.0
517_A3,TD,5-6yr,A3,5.4375,297,6.24192204946444,13109.882889270782,13114.376953125,4.494063854217529,445.0
517_B1,TD,5-6yr,B1,5.4375,126,6.249515856614728,13106.677411079407,13114.376953125,7.699542045593262,177.0
517_B2,TD,5-6yr,B2,5.4375,160,6.393500476699488,13104.196562767029,13114.376953125,10.180390357971191,226.0
517_B3,TD,5-6yr,B3,5.4375,341,6.105791052795142,13109.185642242432,13114.376953125,5.191310882568359,463.0
518_A1,TD,5-6yr,A1,5.505833333333333,74,7.449728901924443,13096.067874908447,13114.376953125,18.309078216552734,95.0
518_A2,TD,5-6yr,A2,5.505833333333333,139,6.019544898339095,599253.740152359,599272.4375,18.69734764099121,177.0
518_A3,TD,5-6yr,A3,5.505833333333333,154,6.130307356017707,13105.032981872559,13114.376953125,9.343971252441406,206.0
518_B1,TD,5-6yr,B1,5.505833333333333,56,6.082965957547431,13091.689590454102,13114.376953125,22.687362670898438,72.0
518_B2,TD,5-6yr,B2,5.505833333333333,122,6.11820604307494,19604.675287246704,19622.548828125,17.8735408782959,180.0
518_B3,TD,5-6yr,B3,5.505833333333333,123,6.338617647169448,13102.135628700256,13114.376953125,12.241324424743652,162.0
522_A1,TD,5-6yr,A1,5.43,50,10.989884747281028,13060.560489654541,13114.376953125,53.816463470458984,64.0
522_A2,TD,5-6yr,A2,5.43,89,33.9340322035377,99.73373222351074,116.48088073730469,16.747148513793945,119.0
522_A3,TD,5-6yr,A3,5.43,144,6.987141906767576,13105.118816375732,13114.376953125,9.258136749267578,196.0
522_B1,TD,5-6yr,B1,5.43,43,6.376156058502952,13064.460460662842,13114.376953125,49.9164924621582,60.0
522_B2,TD,5-6yr,B2,5.43,67,6.101942527062083,13091.263948440552,13114.376953125,23.113004684448242,99.0
522_B3,TD,5-6yr,B3,5.43,156,6.19567900652388,13101.98262310028,13114.376953125,12.394330024719238,208.0
526_A1,TD,5-6yr,A1,5.921666666666667,66,8.909111785027521,13102.395143508911,13114.376953125,11.981809616088867,89.0
526_A2,TD,5-6yr,A2,5.921666666666667,148,6.047234923101977,599263.1729736328,599272.4375,9.2645263671875,206.0
526_A3,TD,5-6yr,A3,5.921666666666667,173,6.143148488820716,13105.249409675598,13114.376953125,9.127543449401855,234.0
526_B1,TD,5-6yr,B1,5.921666666666667,70,6.604938346407829,13089.149646759033,13114.376953125,25.227306365966797,102.0
526_B2,TD,5-6yr,B2,5.921666666666667,161,6.186476264961072,13105.471561431885,13114.376953125,8.905391693115234,236.0
526_B3,TD,5-6yr,B3,5.921666666666667,154,6.339625161031941,13107.78023815155,13114.376953125,6.596714973449707,228.0
530_A1,TD,5-6yr,A1,5.760833333333333,78,6.830266500997956,21357.716163635254,21370.314453125,12.598289489746094,101.0
530_A2,TD,5-6yr,A2,5.760833333333333,77,6.121254813397256,13096.218671798706,13114.376953125,18.158281326293945,102.0
530_A3,TD,5-6yr,A3,5.760833333333333,122,6.472732700513152,13105.171202659607,13114.376953125,9.205750465393066,165.0
530_B1,TD,5-6yr,B1,5.760833333333333,52,6.477922163696142,13087.056978225708,13114.376953125,27.319974899291992,73.0
530_B2,TD,5-6yr,B2,5.760833333333333,85,6.375397518531693,13099.00899028778,13114.376953125,15.367962837219238,123.0
530_B3,TD,5-6yr,B3,5.760833333333333,173,6.790700938707297,13105.336005210876,13114.376953125,9.040947914123535,232.0
538_A1,TD,5-6yr,A1,5.3533333333333335,53,6.470201484771389,13091.756078720093,13114.376953125,22.620874404907227,75.0
538_A2,TD,5-6yr,A2,5.3533333333333335,70,6.470448159047747,13093.06342124939,13114.376953125,21.31353187561035,92.0
538_A3,TD,5-6yr,A3,5.3533333333333335,130,6.472841353056342,13105.747047424316,13114.376953125,8.629905700683594,184.0
538_B1,TD,5-6yr,B1,5.3533333333333335,40,6.4522617919045,12996.67797088623,13114.376953125,117.69898223876953,57.0
538_B2,TD,5-6yr,B2,5.3533333333333335,80,6.471490099863322,13098.585576057434,13114.376953125,15.791377067565918,102.0
538_B3,TD,5-6yr,B3,5.3533333333333335,133,6.4723111298979745,13102.936931610107,13114.376953125,11.440021514892578,180.0
541_A1,TD,5-6yr,A1,5.854166666666667,56,6.213732926053227,13094.047040939331,13114.376953125,20.329912185668945,82.0
541_A2,TD,5-6yr,A2,5.854166666666667,96,6.1125224149346185,13100.557616233826,13114.376953125,13.819336891174316,138.0
541_A3,TD,5-6yr,A3,5.854166666666667,147,6.420531083049103,13103.501878738403,13114.376953125,10.87507438659668,209.0
541_B1,TD,5-6yr,B1,5.854166666666667,80,6.139431219398535,13100.111143112183,13114.376953125,14.265810012817383,125.0
541_B2,TD,5-6yr,B2,5.854166666666667,67,6.531342856761361,13101.307329177856,13114.376953125,13.069623947143555,112.0
541_B3,TD,5-6yr,B3,5.854166666666667,149,6.266811637690791,13105.156694412231,13114.376953125,9.220258712768555,225.0
544_A1,TD,5-6yr,A1,5.434166666666667,39,22.494793852837997,78.09348678588867,116.48088073730469,38.387393951416016,59.0
544_A2,TD,5-6yr,A2,5.434166666666667,60,31.2298625904309,101.7803316116333,116.48088073730469,14.700549125671387,99.0
544_A3,TD,5-6yr,A3,5.434166666666667,97,27.05916120420049,104.87907028198242,116.48088073730469,11.601810455322266,145.0
544_B1,TD,5-6yr,B1,5.434166666666667,47,30.703305721619458,90.96908378601074,116.48088073730469,25.511796951293945,77.0
544_B2,TD,5-6yr,B2,5.434166666666667,74,31.37251548023707,99.1808090209961,116.48088073730469,17.300071716308594,106.0
544_B3,TD,5-6yr,B3,5.434166666666667,127,40.003841165798875,102.00118732452393,116.48088073730469,14.479693412780762,174.0
545_A1,TD,5-6yr,A1,5.093333333333334,46,6.263948301623266,13051.566890716553,13114.376953125,62.810062408447266,59.0
545_A2,TD,5-6yr,A2,5.093333333333334,70,6.324474229597225,13098.671488761902,13114.376953125,15.705464363098145,94.0
545_A3,TD,5-6yr,A3,5.093333333333334,132,6.228807374125232,13105.548562049866,13114.376953125,8.828391075134277,181.0
545_B1,TD,5-6yr,B1,5.093333333333334,36,,,,,
545_B2,TD,5-6yr,B2,5.093333333333334,69,6.447709126992375,13094.812671661377,13114.376953125,19.564281463623047,97.0
545_B3,TD,5-6yr,B3,5.093333333333334,133,6.472191309742518,13102.301899909973,13114.376953125,12.075053215026855,178.0
548_A1,TD,5-6yr,A1,5.27,76,9.969503114579004,13099.336750030518,13114.376953125,15.040203094482422,103.0
548_A2,TD,5-6yr,A2,5.27,62,6.074459057010943,57706.20125770569,57730.01171875,23.810461044311523,81.0
548_A3,TD,5-6yr,A3,5.27,98,6.226585096207817,13092.481407165527,13114.376953125,21.895545959472656,145.0
548_B1,TD,5-6yr,B1,5.27,51,6.445930126171349,13073.924980163574,13114.376953125,40.45197296142578,72.0
548_B2,TD,5-6yr,B2,5.27,94,6.2719674384614486,13097.66125869751,13114.376953125,16.715694427490234,132.0
548_B3,TD,5-6yr,B3,5.27,128,6.876343143085078,13101.952281951904,13114.376953125,12.424671173095703,172.0
549_A1,TD,5-6yr,A1,5.675,110,6.472976217062659,13106.461809635162,13114.376953125,7.9151434898376465,150.0
549_A2,TD,5-6yr,A2,5.675,124,6.707385499296273,13105.969693183899,13114.376953125,8.407259941101074,172.0
549_A3,TD,5-6yr,A3,5.675,213,6.367557958375967,13107.903858661652,13114.376953125,6.473094463348389,285.0
549_B1,TD,5-6yr,B1,5.675,102,27.69209560124384,103.99003791809082,116.48088073730469,12.490842819213867,136.0
549_B2,TD,5-6yr,B2,5.675,152,49.42213573913556,47.17449378967285,59.30703353881836,12.132539749145508,208.0
549_B3,TD,5-6yr,B3,5.675,171,38.597734569736296,108.71429491043091,116.48088073730469,7.766585826873779,231.0
553_A1,TD,5-6yr,A1,5.9325,73,30.071763559646367,107.22938251495361,116.48088073730469,9.251498222351074,105.0
553_A2,TD,5-6yr,A2,5.9325,75,6.912775845709208,17524.27995491028,17542.1484375,17.86848258972168,109.0
553_A3,TD,5-6yr,A3,5.9325,152,10.406455082215139,13107.980514526367,13114.376953125,6.3964385986328125,213.0
553_B1,TD,5-6yr,B1,5.9325,67,10.332261300320113,13088.059949874878,13114.376953125,26.31700325012207,93.0
553_B2,TD,5-6yr,B2,5.9325,98,9.96637950624789,13099.668488502502,13114.376953125,14.708464622497559,135.0
553_B3,TD,5-6yr,B3,5.9325,230,6.175487180709942,13105.768010139465,13114.376953125,8.608942985534668,321.0
555_A1,TD,5-6yr,A1,5.1866666666666665,52,7.165309466646454,13049.741737365723,13114.376953125,64.63521575927734,71.0
555_A2,TD,5-6yr,A2,5.1866666666666665,93,6.052593051642872,57709.36862182617,57730.01171875,20.643096923828125,138.0
555_A3,TD,5-6yr,A3,5.1866666666666665,142,6.229894852265513,13099.618161201477,13114.376953125,14.75879192352295,203.0
555_B1,TD,5-6yr,B1,5.1866666666666665,63,6.1408313865729625,13089.013305664062,13114.376953125,25.3636474609375,91.0
555_B2,TD,5-6yr,B2,5.1866666666666665,67,8.66919052062967,13083.695959091187,13114.376953125,30.680994033813477,93.0
555_B3,TD,5-6yr,B3,5.1866666666666665,119,10.17317913468354,13102.2399892807,13114.376953125,12.136963844299316,164.0
559_A1,TD,5-6yr,A1,5.435833333333333,47,6.37821859845068,13059.33423614502,13114.376953125,55.04271697998047,66.0
559_A2,TD,5-6yr,A2,5.435833333333333,78,6.471308812674752,13097.62477684021,13114.376953125,16.75217628479004,104.0
559_A3,TD,5-6yr,A3,5.435833333333333,124,31.059832657400143,108.79715013504028,116.48088073730469,7.683730602264404,162.0
559_B1,TD,5-6yr,B1,5.435833333333333,55,6.470773561553671,13094.788013458252,13114.376953125,19.588939666748047,77.0
559_B2,TD,5-6yr,B2,5.435833333333333,71,6.472376991315078,13103.285988807678,13114.376953125,11.090964317321777,98.0
559_B3,TD,5-6yr,B3,5.435833333333333,134,6.472455757152696,13103.703437805176,13114.376953125,10.673515319824219,177.0
561_A1,TD,5-6yr,A1,5.168333333333333,83,36.37891302164096,104.83025646209717,116.48088073730469,11.65062427520752,110.0
561_A2,TD,5-6yr,A2,5.168333333333333,90,41.74985105821045,99.24538803100586,116.48088073730469,17.235492706298828,119.0
561_A3,TD,5-6yr,A3,5.168333333333333,140,6.47263461547287,13104.651364326477,13114.376953125,9.72558879852295,185.0
561_B1,TD,5-6yr,B1,5.168333333333333,71,6.01714005269694,57678.3179359436,57730.01171875,51.693782806396484,94.0
561_B2,TD,5-6yr,B2,5.168333333333333,99,51.648500432237675,94.27068710327148,116.48088073730469,22.210193634033203,140.0
561_B3,TD,5-6yr,B3,5.168333333333333,160,6.266874921176484,13105.522556304932,13114.376953125,8.85439682006836,215.0
562_A1,TD,5-6yr,A1,5.0008333333333335,72,6.480286951155988,13099.546518325806,13114.376953125,14.830434799194336,100.0
562_A2,TD,5-6yr,A2,5.0008333333333335,146,6.318337609762451,13090.465013504028,13114.376953125,23.91193962097168,199.0
562_A3,TD,5-6yr,A3,5.0008333333333335,176,6.480797412978172,13102.242504119873,13114.376953125,12.134449005126953,242.0
562_B1,TD,5-6yr,B1,5.0008333333333335,100,6.4799803785778245,13097.927366256714,13114.376953125,16.449586868286133,134.0
562_B2,TD,5-6yr,B2,5.0008333333333335,127,7.594312937421515,13102.437755584717,13114.376953125,11.939197540283203,181.0
562_B3,TD,5-6yr,B3,5.0008333333333335,306,6.743542939175001,357.6146535873413,368.883544921875,11.268891334533691,422.0
564_A1,TD,5-6yr,A1,5.92,72,6.057970067487759,13082.23002243042,13114.376953125,32.14693069458008,89.0
564_A2,TD,5-6yr,A2,5.92,108,6.310062897800908,13099.475322723389,13114.376953125,14.901630401611328,140.0
564_A3,TD,5-6yr,A3,5.92,247,6.407351983384979,13104.250079154968,13114.376953125,10.126873970031738,324.0
564_B1,TD,5-6yr,B1,5.92,98,6.5649721963691805,13090.004650115967,13114.376953125,24.372303009033203,129.0
564_B2,TD,5-6yr,B2,5.92,135,6.35622671072557,13100.94926738739,13114.376953125,13.427685737609863,169.0
564_B3,TD,5-6yr,B3,5.92,277,6.1277393533131255,13107.262523651123,13114.376953125,7.114429473876953,369.0
601_A1,TD,6-7yr,A1,6.835833333333333,72,8.593924023231814,13090.353721618652,13114.376953125,24.023231506347656,104.0
601_A2,TD,6-7yr,A2,6.835833333333333,125,6.25842407769377,13107.510694026947,13114.376953125,6.8662590980529785,186.0
601_A3,TD,6-7yr,A3,6.835833333333333,274,7.292384435781361,13107.86260509491,13114.376953125,6.514348030090332,391.0
601_B1,TD,6-7yr,B1,6.835833333333333,101,6.669271428759922,13103.734316825867,13114.376953125,10.6426362991333,152.0
601_B2,TD,6-7yr,B2,6.835833333333333,169,6.1052960503011064,13106.104102134705,13114.376953125,8.27285099029541,267.0
601_B3,TD,6-7yr,B3,6.835833333333333,310,6.105670964984105,13108.438059329987,13114.376953125,5.938893795013428,459.0
602_A1,TD,6-7yr,A1,6.016666666666667,49,6.215640424611613,13092.624423980713,13114.376953125,21.75252914428711,70.0
602_A2,TD,6-7yr,A2,6.016666666666667,94,6.435046737719309,13098.810770988464,13114.376953125,15.566182136535645,127.0
602_A3,TD,6-7yr,A3,6.016666666666667,148,7.608959051550256,13104.812282562256,13114.376953125,9.56467056274414,197.0
602_B1,TD,6-7yr,B1,6.016666666666667,57,6.189947945506005,13071.269577026367,13114.376953125,43.10737609863281,76.0
602_B2,TD,6-7yr,B2,6.016666666666667,114,12.3695814656487,13091.999303817749,13114.376953125,22.377649307250977,160.0
602_B3,TD,6-7yr,B3,6.016666666666667,143,6.272628328056353,13101.684140205383,13114.376953125,12.6928129196167,185.0
605_A1,TD,6-7yr,A1,6.774166666666667,64,7.261624841757096,13088.508712768555,13114.376953125,25.868240356445312,90.0
605_A2,TD,6-7yr,A2,6.774166666666667,111,6.745391836812111,13092.775680541992,13114.376953125,21.601272583007812,148.0
605_A3,TD,6-7yr,A3,6.774166666666667,185,6.266533629868971,13107.649926662445,13114.376953125,6.727026462554932,260.0
605_B1,TD,6-7yr,B1,6.774166666666667,91,6.197624685848652,13103.040622711182,13114.376953125,11.33633041381836,134.0
605_B2,TD,6-7yr,B2,6.774166666666667,122,9.055685816491389,13104.535285949707,13114.376953125,9.841667175292969,171.0
605_B3,TD,6-7yr,B3,6.774166666666667,314,15.737124682632887,509.5886917114258,515.4982299804688,5.909538269042969,425.0
606_A1,TD,6-7yr,A1,6.924166666666666,54,6.319543134661415,13069.36824798584,13114.376953125,45.008705139160156,78.0
606_A2,TD,6-7yr,A2,6.924166666666666,82,6.951761334710648,13091.692804336548,13114.376953125,22.68414878845215,104.0
606_A3,TD,6-7yr,A3,6.924166666666666,108,6.227565687111168,13098.247352600098,13114.376953125,16.129600524902344,143.0
606_B1,TD,6-7yr,B1,6.924166666666666,73,6.685930341631519,13090.473329544067,13114.376953125,23.903623580932617,100.0
606_B2,TD,6-7yr,B2,6.924166666666666,112,6.497842850990064,13097.672552108765,13114.376953125,16.70440101623535,146.0
606_B3,TD,6-7yr,B3,6.924166666666666,114,6.308019478687996,13099.431077957153,13114.376953125,14.94587516784668,161.0
610_A1,TD,6-7yr,A1,6.1033333333333335,69,6.225254706857029,13080.636348724365,13114.376953125,33.740604400634766,89.0
610_A2,TD,6-7yr,A2,6.1033333333333335,85,8.980608826909739,13095.156351089478,13114.376953125,19.22060203552246,116.0
610_A3,TD,6-7yr,A3,6.1033333333333335,159,6.178747883652081,13102.65798664093,13114.376953125,11.718966484069824,212.0
610_B1,TD,6-7yr,B1,6.1033333333333335,49,10.696609238825186,12969.969543457031,13114.376953125,144.40740966796875,61.0
610_B2,TD,6-7yr,B2,6.1033333333333335,81,6.432461948746697,13093.262697219849,13114.376953125,21.114255905151367,103.0
610_B3,TD,6-7yr,B3,6.1033333333333335,166,6.22163724423255,13105.418984413147,13114.376953125,8.957968711853027,223.0
614_A1,TD,6-7yr,A1,6.775,49,6.984164012763018,13082.530590057373,13114.376953125,31.846363067626953,71.0
614_A2,TD,6-7yr,A2,6.775,84,6.710495614213226,13095.399572372437,13114.376953125,18.977380752563477,127.0
614_A3,TD,6-7yr,A3,6.775,130,6.485005841088561,13100.28586101532,13114.376953125,14.091092109680176,178.0
614_B1,TD,6-7yr,B1,6.775,65,6.379929242269046,13093.440740585327,13114.376953125,20.93621253967285,89.0
614_B2,TD,6-7yr,B2,6.775,83,6.662689504680884,13100.99922466278,13114.376953125,13.377728462219238,121.0
614_B3,TD,6-7yr,B3,6.775,115,6.532112023672226,13098.935103416443,13114.376953125,15.441849708557129,165.0
618_A1,TD,6-7yr,A1,6.430833333333333,56,6.2125292221556006,13099.806734085083,13114.376953125,14.570219039916992,74.0
618_A2,TD,6-7yr,A2,6.430833333333333,151,6.1175788131200095,13101.846370697021,13114.376953125,12.530582427978516,202.0
618_A3,TD,6-7yr,A3,6.430833333333333,171,6.712516423021002,13106.716114997864,13114.376953125,7.6608381271362305,224.0
618_B1,TD,6-7yr,B1,6.430833333333333,71,6.1761945295905925,13087.566957473755,13114.376953125,26.809995651245117,93.0
618_B2,TD,6-7yr,B2,6.430833333333333,144,6.792498461363884,13099.348826408386,13114.376953125,15.02812671661377,185.0
618_B3,TD,6-7yr,B3,6.430833333333333,134,6.930663076656792,13100.687863349915,13114.376953125,13.68908977508545,185.0
622_A1,TD,6-7yr,A1,6.59,68,6.12719076901712,13094.858423233032,13114.376953125,19.518529891967773,89.0
622_A2,TD,6-7yr,A2,6.59,89,8.129426690802418,13096.696855545044,13114.376953125,17.680097579956055,119.0
622_A3,TD,6-7yr,A3,6.59,138,6.199857545588593,13107.656361579895,13114.376953125,6.7205915451049805,178.0
622_B1,TD,6-7yr,B1,6.59,63,6.375829725075114,13070.886798858643,13114.376953125,43.49015426635742,83.0
622_B2,TD,6-7yr,B2,6.59,66,9.598048719629645,13097.9436378479,13114.376953125,16.43331527709961,85.0
622_B3,TD,6-7yr,B3,6.59,150,16.12606996050437,1912.9284992218018,1924.19140625,11.262907028198242,203.0
626_A1,TD,6-7yr,A1,6.595833333333333,68,6.409998226756872,13101.436409950256,13114.376953125,12.940543174743652,98.0
626_A2,TD,6-7yr,A2,6.595833333333333,129,9.528880118809871,13101.024726867676,13114.376953125,13.352226257324219,181.0
626_A3,TD,6-7yr,A3,6.595833333333333,141,6.22616386182861,13107.422511577606,13114.376953125,6.954441547393799,201.0
626_B1,TD,6-7yr,B1,6.595833333333333,64,6.753844968010794,13101.423822402954,13114.376953125,12.953130722045898,88.0
626_B2,TD,6-7yr,B2,6.595833333333333,107,6.14290107199413,13101.943501472473,13114.376953125,12.433451652526855,149.0
626_B3,TD,6-7yr,B3,6.595833333333333,166,6.221215589104189,13102.931644439697,13114.376953125,11.445308685302734,237.0
630_A1,TD,6-7yr,A1,6.845,59,6.469321043910405,13087.089853286743,13114.376953125,27.287099838256836,75.0
630_A2,TD,6-7yr,A2,6.845,78,6.470853474526866,13095.211542129517,13114.376953125,19.1654109954834,104.0
630_A3,TD,6-7yr,A3,6.845,129,36.01884091634315,102.87321758270264,116.48088073730469,13.60766315460205,165.0
630_B1,TD,6-7yr,B1,6.845,44,26.0,68.39105224609375,116.48088073730469,48.08982849121094,61.0
630_B2,TD,6-7yr,B2,6.845,64,33.25017991972196,85.56556129455566,116.48088073730469,30.915319442749023,83.0
630_B3,TD,6-7yr,B3,6.845,110,23.195473658791705,108.08191394805908,116.48088073730469,8.398966789245605,149.0
634_A1,TD,6-7yr,A1,6.095,51,8.039798566591477,13097.98184967041,13114.376953125,16.395103454589844,72.0
634_A2,TD,6-7yr,A2,6.095,66,6.523879765010222,13099.770906448364,13114.376953125,14.606046676635742,93.0
634_A3,TD,6-7yr,A3,6.095,119,6.47253053887599,13104.099771499634,13114.376953125,10.277181625366211,165.0
634_B1,TD,6-7yr,B1,6.095,51,30.258989878141985,86.02722358703613,116.48088073730469,30.453657150268555,72.0
634_B2,TD,6-7yr,B2,6.095,73,6.437864729199161,13094.377058029175,13114.376953125,19.999895095825195,100.0
634_B3,TD,6-7yr,B3,6.095,162,6.473270844215316,13108.023296356201,13114.376953125,6.353656768798828,235.0
637_A1,TD,6-7yr,A1,6.085833333333333,47,6.22222144616854,13060.679439544678,13114.376953125,53.697513580322266,66.0
637_A2,TD,6-7yr,A2,6.085833333333333,52,6.230587701540343,13062.217838287354,13114.376953125,52.159114837646484,76.0
637_A3,TD,6-7yr,A3,6.085833333333333,112,6.104504519126317,13101.176581382751,13114.376953125,13.200371742248535,143.0
637_B1,TD,6-7yr,B1,6.085833333333333,53,7.378294924527448,13081.162914276123,13114.376953125,33.21403884887695,70.0
637_B2,TD,6-7yr,B2,6.085833333333333,59,6.2317897432099905,13077.836742401123,13114.376953125,36.54021072387695,80.0
637_B3,TD,6-7yr,B3,6.085833333333333,131,6.221000483256048,13101.6627368927,13114.376953125,12.714216232299805,178.0
641_A1,TD,6-7yr,A1,6.430833333333333,64,6.3937632697102735,13095.877355575562,13114.376953125,18.499597549438477,96.0
641_A2,TD,6-7yr,A2,6.430833333333333,68,7.127249096643252,13102.565978050232,13114.376953125,11.810975074768066,100.0
641_A3,TD,6-7yr,A3,6.430833333333333,146,6.416471284892744,13104.37451839447,13114.376953125,10.002434730529785,215.0
641_B1,TD,6-7yr,B1,6.430833333333333,69,6.097051394884268,57710.778102874756,57730.01171875,19.23361587524414,95.0
641_B2,TD,6-7yr,B2,6.430833333333333,99,6.471469408776479,13098.475915908813,13114.376953125,15.901037216186523,142.0
641_B3,TD,6-7yr,B3,6.430833333333333,141,44.277645914189755,107.22780418395996,116.48088073730469,9.253076553344727,206.0
645_A1,TD,6-7yr,A1,6.5225,62,6.263419136432804,13089.638418197632,13114.376953125,24.738534927368164,89.0
645_A2,TD,6-7yr,A2,6.5225,166,7.64022431252711,13106.786719322205,13114.376953125,7.59023380279541,234.0
645_A3,TD,6-7yr,A3,6.5225,321,6.152317803630634,13108.89717245102,13114.376953125,5.479780673980713,441.0
645_B1,TD,6-7yr,B1,6.5225,94,6.408291553824206,13100.088584899902,13114.376953125,14.288368225097656,139.0
645_B2,TD,6-7yr,B2,6.5225,213,6.490489854448121,13108.326098918915,13114.376953125,6.050854206085205,289.0
645_B3,TD,6-7yr,B3,6.5225,343,6.76971113466092,13107.663692474365,13114.376953125,6.713260650634766,459.0
649_A1,TD,6-7yr,A1,6.418333333333333,59,6.313824129619075,13091.585008621216,13114.376953125,22.79194450378418,79.0
649_A2,TD,6-7yr,A2,6.418333333333333,67,8.39411597614269,13080.531101226807,13114.376953125,33.84585189819336,99.0
649_A3,TD,6-7yr,A3,6.418333333333333,102,6.469159724375924,13097.984186172485,13114.376953125,16.39276695251465,139.0
649_B1,TD,6-7yr,B1,6.418333333333333,46,10.044937228838275,13066.780662536621,13114.376953125,47.596290588378906,64.0
649_B2,TD,6-7yr,B2,6.418333333333333,68,6.174700265446807,13093.213401794434,13114.376953125,21.163551330566406,95.0
649_B3,TD,6-7yr,B3,6.418333333333333,124,6.306942276647442,13101.981140136719,13114.376953125,12.39581298828125,169.0
650_A1,TD,6-7yr,A1,6.4383333333333335,94,6.978931295423455,13100.6583776474,13114.376953125,13.718575477600098,138.0
650_A2,TD,6-7yr,A2,6.4383333333333335,99,6.6862436423774465,13102.325846672058,13114.376953125,12.051106452941895,155.0
650_A3,TD,6-7yr,A3,6.4383333333333335,115,6.196763040098702,13092.852659225464,13114.376953125,21.524293899536133,160.0
650_B1,TD,6-7yr,B1,6.4383333333333335,76,6.61233304858253,13055.0658493042,13114.376953125,59.31110382080078,98.0
650_B2,TD,6-7yr,B2,6.4383333333333335,102,6.409269917577898,13097.175661087036,13114.376953125,17.201292037963867,143.0
650_B3,TD,6-7yr,B3,6.4383333333333335,144,6.467659818541831,13103.04831790924,13114.376953125,11.328635215759277,202.0
653_A1,TD,6-7yr,A1,6.430833333333333,92,30.734795822850305,193.0400047302246,203.8697967529297,10.829792022705078,129.0
653_A2,TD,6-7yr,A2,6.430833333333333,137,8.294807879300375,13104.779035568237,13114.376953125,9.597917556762695,184.0
653_A3,TD,6-7yr,A3,6.430833333333333,170,8.165793394485025,13104.433996200562,13114.376953125,9.942956924438477,230.0
653_B1,TD,6-7yr,B1,6.430833333333333,65,6.269688307962822,13091.268198013306,13114.376953125,23.108755111694336,85.0
653_B2,TD,6-7yr,B2,6.430833333333333,107,7.487264541493292,13097.494728088379,13114.376953125,16.882225036621094,151.0
653_B3,TD,6-7yr,B3,6.430833333333333,199,6.177645485471123,13103.62098312378,13114.376953125,10.755970001220703,268.0
654_A1,TD,6-7yr,A1,6.0975,66,6.1649626879627215,13095.196292877197,13114.376953125,19.180660247802734,95.0
654_A2,TD,6-7yr,A2,6.0975,107,9.116503577665567,13099.789994239807,13114.376953125,14.586958885192871,144.0
654_A3,TD,6-7yr,A3,6.0975,231,6.076803150230209,13107.09341621399,13114.376953125,7.283536911010742,320.0
654_B1,TD,6-7yr,B1,6.0975,115,6.229445184695077,13101.56051158905,13114.376953125,12.816441535949707,156.0
654_B2,TD,6-7yr,B2,6.0975,142,6.199085584462337,13101.423760414124,13114.376953125,12.953192710876465,185.0
654_B3,TD,6-7yr,B3,6.0975,292,6.21548704669002,13107.49220752716,13114.376953125,6.8847455978393555,406.0
657_A1,TD,6-7yr,A1,6.513333333333334,53,6.798570350060637,13090.8676071167,13114.376953125,23.50934600830078,74.0
657_A2,TD,6-7yr,A2,6.513333333333334,59,6.524466022356611,13102.813776016235,13114.376953125,11.563177108764648,86.0
657_A3,TD,6-7yr,A3,6.513333333333334,131,7.140672035621511,13107.576338291168,13114.376953125,6.800614833831787,181.0
657_B1,TD,6-7yr,B1,6.513333333333334,52,6.108799394451763,13089.504150390625,13114.376953125,24.872802734375,78.0
657_B2,TD,6-7yr,B2,6.513333333333334,70,10.94304364651609,13100.427808761597,13114.376953125,13.94914436340332,91.0
657_B3,TD,6-7yr,B3,6.513333333333334,104,6.597565672416293,13103.354397773743,13114.376953125,11.022555351257324,137.0
660_A1,TD,6-7yr,A1,6.678333333333334,139,7.376802710600735,13099.624324798584,13114.376953125,14.752628326416016,192.0
660_A2,TD,6-7yr,A2,6.678333333333334,148,6.003844368223771,599262.0261611938,599272.4375,10.411338806152344,212.0
660_A3,TD,6-7yr,A3,6.678333333333334,256,6.198870285142699,13105.411978721619,13114.376953125,8.964974403381348,329.0
660_B1,TD,6-7yr,B1,6.678333333333334,82,7.712824346037191,13103.92948436737,13114.376953125,10.447468757629395,110.0
660_B2,TD,6-7yr,B2,6.678333333333334,182,10.16330745499169,13107.019321918488,13114.376953125,7.357631206512451,248.0
660_B3,TD,6-7yr,B3,6.678333333333334,231,6.4898514270063865,13106.39129447937,13114.376953125,7.985658645629883,293.0
661_A1,TD,6-7yr,A1,6.605,48,6.320943945914589,13074.91305923462,13114.376953125,39.46389389038086,66.0
661_A2,TD,6-7yr,A2,6.605,69,7.981725012304242,13101.55410861969,13114.376953125,12.822844505310059,105.0
661_A3,TD,6-7yr,A3,6.605,145,6.241936897030506,13104.575598716736,13114.376953125,9.80135440826416,216.0
661_B1,TD,6-7yr,B1,6.605,63,7.709277617379117,13091.411767959595,13114.376953125,22.965185165405273,89.0
661_B2,TD,6-7yr,B2,6.605,67,6.354031836187753,13096.0957736969,13114.376953125,18.281179428100586,106.0
661_B3,TD,6-7yr,B3,6.605,113,6.220024928652531,13100.861270904541,13114.376953125,13.515682220458984,168.0
665_A1,TD,6-7yr,A1,6.8375,57,6.149352646733871,13089.013917922974,13114.376953125,25.363035202026367,80.0
665_A2,TD,6-7yr,A2,6.8375,59,7.866314425573686,13096.848443984985,13114.376953125,17.52850914001465,81.0
665_A3,TD,6-7yr,A3,6.8375,131,6.397350935517667,13105.150787353516,13114.376953125,9.226165771484375,182.0
665_B1,TD,6-7yr,B1,6.8375,46,6.456330709931699,13098.594601631165,13114.376953125,15.78235149383545,68.0
665_B2,TD,6-7yr,B2,6.8375,81,6.449903363873615,13090.841506958008,13114.376953125,23.535446166992188,119.0
665_B3,TD,6-7yr,B3,6.8375,134,6.270956702932877,13102.79893398285,13114.376953125,11.578019142150879,179.0
670_A1,TD,6-7yr,A1,6.84,68,6.267191954132548,13096.52025604248,13114.376953125,17.85669708251953,92.0
670_A2,TD,6-7yr,A2,6.84,102,6.408395286856599,13102.167209625244,13114.376953125,12.20974349975586,153.0
670_A3,TD,6-7yr,A3,6.84,214,10.607034772861311,13106.268103599548,13114.376953125,8.10884952545166,297.0
670_B1,TD,6-7yr,B1,6.84,72,6.297598107933918,13094.031530380249,13114.376953125,20.345422744750977,108.0
670_B2,TD,6-7yr,B2,6.84,202,10.19578133294331,13105.910749435425,13114.376953125,8.466203689575195,274.0
670_B3,TD,6-7yr,B3,6.84,297,6.819583529967225,13106.647145271301,13114.376953125,7.7298078536987305,415.0
671_A1,TD,6-7yr,A1,6.2525,63,10.229087593246014,13088.257869720459,13114.376953125,26.119083404541016,85.0
671_A2,TD,6-7yr,A2,6.2525,90,6.149582686031082,13106.495603561401,13114.376953125,7.881349563598633,123.0
671_A3,TD,6-7yr,A3,6.2525,105,6.473056754977323,13106.888650417328,13114.376953125,7.488302707672119,152.0
671_B1,TD,6-7yr,B1,6.2525,32,,,,,
671_B2,TD,6-7yr,B2,6.2525,87,8.475908520423744,13103.034656524658,13114.376953125,11.342296600341797,124.0
671_B3,TD,6-7yr,B3,6.2525,179,23.040569421017636,106.68594360351562,116.48088073730469,9.794937133789062,254.0
677_A1,TD,6-7yr,A1,6.6883333333333335,72,6.344548613122125,13087.652864456177,13114.376953125,26.724088668823242,95.0
677_A2,TD,6-7yr,A2,6.6883333333333335,110,7.716643045708057,13104.542202949524,13114.376953125,9.834750175476074,159.0
677_A3,TD,6-7yr,A3,6.6883333333333335,192,7.294859927200223,13108.380616664886,13114.376953125,5.996336460113525,271.0
677_B1,TD,6-7yr,B1,6.6883333333333335,79,10.727806973477216,13097.06037902832,13114.376953125,17.316574096679688,112.0
677_B2,TD,6-7yr,B2,6.6883333333333335,140,8.561993601448878,13107.476827144623,13114.376953125,6.900125980377197,191.0
677_B3,TD,6-7yr,B3,6.6883333333333335,195,6.2713482654623185,13105.058142662048,13114.376953125,9.31881046295166,253.0
701_A1,TD,7-8yr,A1,7.001666666666667,62,7.329555162995655,13099.350359916687,13114.376953125,15.026593208312988,88.0
701_A2,TD,7-8yr,A2,7.001666666666667,157,6.372938012760159,13105.964611053467,13114.376953125,8.412342071533203,227.0
701_A3,TD,7-8yr,A3,7.001666666666667,198,7.400961024037695,13105.536050796509,13114.376953125,8.840902328491211,273.0
701_B1,TD,7-8yr,B1,7.001666666666667,57,6.73485643327235,13090.39065170288,13114.376953125,23.98630142211914,76.0
701_B2,TD,7-8yr,B2,7.001666666666667,106,6.512487431477931,13096.073600769043,13114.376953125,18.30335235595703,143.0
701_B3,TD,7-8yr,B3,7.001666666666667,185,6.969190735229824,13107.00174331665,13114.376953125,7.375209808349609,255.0
702_A1,TD,7-8yr,A1,7.088333333333333,44,6.700909977991871,13080.247219085693,13114.376953125,34.12973403930664,65.0
702_A2,TD,7-8yr,A2,7.088333333333333,68,10.703230486771547,13094.32176399231,13114.376953125,20.05518913269043,105.0
702_A3,TD,7-8yr,A3,7.088333333333333,125,6.367422429335979,13107.153506755829,13114.376953125,7.223446369171143,188.0
702_B1,TD,7-8yr,B1,7.088333333333333,48,6.7107566152438025,13059.941261291504,13114.376953125,54.435691833496094,67.0
702_B2,TD,7-8yr,B2,7.088333333333333,57,6.442918001512396,13103.412859916687,13114.376953125,10.964093208312988,90.0
702_B3,TD,7-8yr,B3,7.088333333333333,125,6.221142893000861,13107.36332321167,13114.376953125,7.013629913330078,180.0
705_A1,TD,7-8yr,A1,7.429166666666667,67,6.0991603259063965,13099.358573913574,13114.376953125,15.018379211425781,87.0
705_A2,TD,7-8yr,A2,7.429166666666667,74,6.714475266934105,13093.626333236694,13114.376953125,20.750619888305664,112.0
705_A3,TD,7-8yr,A3,7.429166666666667,139,7.689155231293027,13103.76589679718,13114.376953125,10.611056327819824,196.0
705_B1,TD,7-8yr,B1,7.429166666666667,95,6.47242456298248,13103.53811264038,13114.376953125,10.83884048461914,148.0
705_B2,TD,7-8yr,B2,7.429166666666667,102,6.277616087687672,13104.263187408447,13114.376953125,10.113765716552734,163.0
705_B3,TD,7-8yr,B3,7.429166666666667,207,10.473105107962672,13105.946702957153,13114.376953125,8.43025016784668,307.0
706_A1,TD,7-8yr,A1,7.7725,82,6.1505427933952665,13096.261610031128,13114.376953125,18.11534309387207,123.0
706_A2,TD,7-8yr,A2,7.7725,130,9.998381352337532,13103.162638664246,13114.376953125,11.214314460754395,182.0
706_A3,TD,7-8yr,A3,7.7725,154,22.11685046676104,273.5733222961426,283.96173095703125,10.388408660888672,218.0
706_B1,TD,7-8yr,B1,7.7725,74,8.347600855123064,13099.31628704071,13114.376953125,15.06066608428955,108.0
706_B2,TD,7-8yr,B2,7.7725,90,6.4389846451040835,13100.392404556274,13114.376953125,13.984548568725586,130.0
706_B3,TD,7-8yr,B3,7.7725,145,6.255876051483467,13102.409678459167,13114.376953125,11.96727466583252,197.0
709_A1,TD,7-8yr,A1,7.756666666666667,48,6.185952671317404,13078.247699737549,13114.376953125,36.12925338745117,63.0
709_A2,TD,7-8yr,A2,7.756666666666667,54,6.899479483143873,13093.73115348816,13114.376953125,20.64579963684082,78.0
709_A3,TD,7-8yr,A3,7.756666666666667,89,6.242651542341713,13106.148144721985,13114.376953125,8.228808403015137,125.0
709_B1,TD,7-8yr,B1,7.756666666666667,40,6.3689174095090255,13067.452751159668,13114.376953125,46.92420196533203,59.0
709_B2,TD,7-8yr,B2,7.756666666666667,61,7.84104694525644,13091.50332069397,13114.376953125,22.873632431030273,81.0
709_B3,TD,7-8yr,B3,7.756666666666667,122,6.729697404243241,13100.158721923828,13114.376953125,14.218231201171875,166.0
713_A1,TD,7-8yr,A1,7.85,84,6.125912005251473,13101.864700317383,13114.376953125,12.512252807617188,113.0
713_A2,TD,7-8yr,A2,7.85,132,6.103881799468244,13103.430164337158,13114.376953125,10.946788787841797,184.0
713_A3,TD,7-8yr,A3,7.85,241,6.254499021026877,13108.394864082336,13114.376953125,5.982089042663574,323.0
713_B1,TD,7-8yr,B1,7.85,71,6.161016214515232,13086.281721115112,13114.376953125,28.095232009887695,96.0
713_B2,TD,7-8yr,B2,7.85,134,6.209345626426289,13100.493025779724,13114.376953125,13.883927345275879,182.0
713_B3,TD,7-8yr,B3,7.85,194,6.266965940530218,13106.048768043518,13114.376953125,8.328185081481934,262.0
714_A1,TD,7-8yr,A1,7.515833333333333,91,6.20629666740843,13094.063423156738,13114.376953125,20.31352996826172,116.0
714_A2,TD,7-8yr,A2,7.515833333333333,131,9.898039932023638,13105.811737060547,13114.376953125,8.565216064453125,180.0
714_A3,TD,7-8yr,A3,7.515833333333333,224,6.194574495129318,57722.2909488678,57730.01171875,7.720769882202148,308.0
714_B1,TD,7-8yr,B1,7.515833333333333,80,6.178159614411472,13090.967016220093,13114.376953125,23.409936904907227,106.0
714_B2,TD,7-8yr,B2,7.515833333333333,166,6.18151833554816,13106.665616989136,13114.376953125,7.711336135864258,230.0
714_B3,TD,7-8yr,B3,7.515833333333333,214,6.22132731662707,13108.54695224762,13114.376953125,5.830000877380371,298.0
718_A1,TD,7-8yr,A1,7.754166666666666,147,6.331583866797526,13104.161500930786,13114.376953125,10.215452194213867,211.0
718_A2,TD,7-8yr,A2,7.754166666666666,182,8.583425601439062,13107.290123939514,13114.376953125,7.08682918548584,252.0
718_A3,TD,7-8yr,A3,7.754166666666666,189,6.566950911139127,13107.46457529068,13114.376953125,6.912377834320068,284.0
718_B1,TD,7-8yr,B1,7.754166666666666,113,6.194213259350697,13105.037393569946,13114.376953125,9.339559555053711,161.0
718_B2,TD,7-8yr,B2,7.754166666666666,136,6.143498273334768,13105.59485912323,13114.376953125,8.78209400177002,195.0
718_B3,TD,7-8yr,B3,7.754166666666666,185,6.241864566631701,13106.290684700012,13114.376953125,8.086268424987793,276.0
722_A1,TD,7-8yr,A1,7.684166666666667,79,6.19700243818413,13094.279487609863,13114.376953125,20.09746551513672,126.0
722_A2,TD,7-8yr,A2,7.684166666666667,88,8.081656895146834,13105.342445373535,13114.376953125,9.034507751464844,122.0
722_A3,TD,7-8yr,A3,7.684166666666667,185,6.417145967007956,13108.290571689606,13114.376953125,6.086381435394287,255.0
722_B1,TD,7-8yr,B1,7.684166666666667,70,8.408975733365597,13092.459972381592,13114.376953125,21.916980743408203,92.0
722_B2,TD,7-8yr,B2,7.684166666666667,110,6.19356652189157,13103.966354370117,13114.376953125,10.410598754882812,150.0
722_B3,TD,7-8yr,B3,7.684166666666667,226,6.026624113546125,57723.31723213196,57730.01171875,6.694486618041992,332.0
726_A1,TD,7-8yr,A1,7.433333333333334,86,12.47216228640401,13084.791610717773,13114.376953125,29.585342407226562,126.0
726_A2,TD,7-8yr,A2,7.433333333333334,146,9.089175876756334,13101.606073379517,13114.376953125,12.770879745483398,207.0
726_A3,TD,7-8yr,A3,7.433333333333334,251,6.332641084075812,13106.450921535492,13114.376953125,7.926031589508057,364.0
726_B1,TD,7-8yr,B1,7.433333333333334,136,6.105022408539728,13104.400599479675,13114.376953125,9.976353645324707,194.0
726_B2,TD,7-8yr,B2,7.433333333333334,196,6.104481781723561,13101.035034179688,13114.376953125,13.3419189453125,266.0
726_B3,TD,7-8yr,B3,7.433333333333334,347,6.105336247752115,13106.354343414307,13114.376953125,8.02260971069336,481.0
730_A1,TD,7-8yr,A1,7.690833333333333,47,6.397160315716768,13029.565620422363,13114.376953125,84.81133270263672,65.0
730_A2,TD,7-8yr,A2,7.690833333333333,64,9.658192061558731,13097.315534591675,13114.376953125,17.061418533325195,88.0
730_A3,TD,7-8yr,A3,7.690833333333333,107,6.26599112758635,13104.512567520142,13114.376953125,9.864385604858398,150.0
730_B1,TD,7-8yr,B1,7.690833333333333,35,6.364488427133162,13008.076065063477,13114.376953125,106.30088806152344,50.0
730_B2,TD,7-8yr,B2,7.690833333333333,75,9.915840613318643,13094.045286178589,13114.376953125,20.331666946411133,106.0
730_B3,TD,7-8yr,B3,7.690833333333333,91,6.2563404258016035,13104.362742424011,13114.376953125,10.01421070098877,135.0
737_A1,TD,7-8yr,A1,7.846666666666667,65,6.446129413197882,13075.697288513184,13114.376953125,38.679664611816406,80.0
737_A2,TD,7-8yr,A2,7.846666666666667,90,9.392926653134921,13100.095038414001,13114.376953125,14.281914710998535,114.0
737_A3,TD,7-8yr,A3,7.846666666666667,132,6.266579905893266,13107.917546749115,13114.376953125,6.45940637588501,178.0
737_B1,TD,7-8yr,B1,7.846666666666667,45,6.327548160030017,13066.15841293335,13114.376953125,48.21854019165039,61.0
737_B2,TD,7-8yr,B2,7.846666666666667,112,6.219754777452035,13101.391423225403,13114.376953125,12.985529899597168,134.0
737_B3,TD,7-8yr,B3,7.846666666666667,161,6.266316882796291,13106.396450996399,13114.376953125,7.980502128601074,211.0
738_A1,TD,7-8yr,A1,7.51,109,6.141489853048377,13104.19146823883,13114.376953125,10.185484886169434,142.0
738_A2,TD,7-8yr,A2,7.51,119,7.716282435183512,13103.270723342896,13114.376953125,11.106229782104492,164.0
738_A3,TD,7-8yr,A3,7.51,238,9.149558245213003,13109.529996871948,13114.376953125,4.846956253051758,332.0
738_B1,TD,7-8yr,B1,7.51,103,6.170322617050404,13104.939812660217,13114.376953125,9.437140464782715,141.0
738_B2,TD,7-8yr,B2,7.51,152,6.135840533383927,13106.724267959595,13114.376953125,7.652685165405273,191.0
738_B3,TD,7-8yr,B3,7.51,249,6.221300130700051,13108.291211128235,13114.376953125,6.085741996765137,320.0
746_A1,TD,7-8yr,A1,7.424166666666666,82,6.423651212809191,13099.978295326233,13114.376953125,14.39865779876709,122.0
746_A2,TD,7-8yr,A2,7.424166666666666,86,6.471930295821588,13100.918559074402,13114.376953125,13.458394050598145,128.0
746_A3,TD,7-8yr,A3,7.424166666666666,168,6.473304244934555,13108.200315952301,13114.376953125,6.176637172698975,263.0
746_B1,TD,7-8yr,B1,7.424166666666666,74,6.4708515145895,13095.201154708862,13114.376953125,19.175798416137695,111.0
746_B2,TD,7-8yr,B2,7.424166666666666,104,27.951096893938697,95.31715393066406,116.48088073730469,21.163726806640625,145.0
746_B3,TD,7-8yr,B3,7.424166666666666,186,6.4206765395815655,13105.428429603577,13114.376953125,8.94852352142334,262.0
752_A1,TD,7-8yr,A1,7.8341666666666665,62,6.293702699227176,13104.414908409119,13114.376953125,9.962044715881348,87.0
752_A2,TD,7-8yr,A2,7.8341666666666665,94,6.865362143512015,13107.131475448608,13114.376953125,7.245477676391602,127.0
752_A3,TD,7-8yr,A3,7.8341666666666665,179,6.24013368651069,13107.163301944733,13114.376953125,7.213651180267334,248.0
752_B1,TD,7-8yr,B1,7.8341666666666665,112,10.70580799559562,13104.436871528625,13114.376953125,9.940081596374512,146.0
752_B2,TD,7-8yr,B2,7.8341666666666665,95,10.672847088505861,13092.759075164795,13114.376953125,21.617877960205078,121.0
752_B3,TD,7-8yr,B3,7.8341666666666665,193,6.221104809093866,13107.233885765076,13114.376953125,7.143067359924316,249.0
756_A1,TD,7-8yr,A1,7.596666666666667,84,6.126424115759664,13099.160420417786,13114.376953125,15.216532707214355,116.0
756_A2,TD,7-8yr,A2,7.596666666666667,117,9.089151670981034,13102.411840438843,13114.376953125,11.965112686157227,171.0
756_A3,TD,7-8yr,A3,7.596666666666667,169,6.414527638196732,13104.861135482788,13114.376953125,9.515817642211914,233.0
756_B1,TD,7-8yr,B1,7.596666666666667,72,6.716830849917171,13089.205839157104,13114.376953125,25.171113967895508,94.0
756_B2,TD,7-8yr,B2,7.596666666666667,111,9.561647185978899,13104.602626800537,13114.376953125,9.77432632446289,151.0
756_B3,TD,7-8yr,B3,7.596666666666667,211,6.186583739094161,13106.361178398132,13114.376953125,8.015774726867676,287.0
757_A1,TD,7-8yr,A1,7.4383333333333335,62,6.468037098874886,13080.285106658936,13114.376953125,34.09184646606445,82.0
757_A2,TD,7-8yr,A2,7.4383333333333335,86,6.472842498572435,13105.753118515015,13114.376953125,8.623834609985352,133.0
757_A3,TD,7-8yr,A3,7.4383333333333335,131,6.472788116068703,13105.464898109436,13114.376953125,8.912055015563965,188.0
757_B1,TD,7-8yr,B1,7.4383333333333335,73,6.104207686050563,13099.328705787659,13114.376953125,15.048247337341309,105.0
757_B2,TD,7-8yr,B2,7.4383333333333335,96,6.472072180027723,13101.670527458191,13114.376953125,12.706425666809082,141.0
757_B3,TD,7-8yr,B3,7.4383333333333335,213,6.105545970546245,13107.659931182861,13114.376953125,6.717021942138672,310.0
761_A1,TD,7-8yr,A1,7.5216666666666665,47,30.0,24.244911193847656,116.48088073730469,92.23596954345703,66.0
761_A2,TD,7-8yr,A2,7.5216666666666665,76,6.497423009785732,13086.929779052734,13114.376953125,27.447174072265625,104.0
761_A3,TD,7-8yr,A3,7.5216666666666665,141,6.143105628502238,13104.987320899963,13114.376953125,9.389632225036621,182.0
761_B1,TD,7-8yr,B1,7.5216666666666665,55,6.488797989832461,13081.562149047852,13114.376953125,32.81480407714844,76.0
761_B2,TD,7-8yr,B2,7.5216666666666665,80,6.154710827856778,13096.297626495361,13114.376953125,18.079326629638672,112.0
761_B3,TD,7-8yr,B3,7.5216666666666665,173,6.175580301304224,13106.32899570465,13114.376953125,8.047957420349121,241.0
762_A1,TD,7-8yr,A1,7.345833333333333,133,6.471951664573149,13101.031810760498,13114.376953125,13.345142364501953,168.0
762_A2,TD,7-8yr,A2,7.345833333333333,121,47.17158997794918,108.25900650024414,116.48088073730469,8.221874237060547,166.0
762_A3,TD,7-8yr,A3,7.345833333333333,239,6.473037146606522,13106.78472852707,13114.376953125,7.592224597930908,321.0
762_B1,TD,7-8yr,B1,7.345833333333333,103,6.470857608893458,13095.23345375061,13114.376953125,19.14349937438965,133.0
762_B2,TD,7-8yr,B2,7.345833333333333,142,32.19660341727782,106.42691040039062,116.48088073730469,10.053970336914062,182.0
762_B3,TD,7-8yr,B3,7.345833333333333,221,41.24456579870416,111.04308748245239,116.48088073730469,5.437793254852295,281.0
765_A1,TD,7-8yr,A1,7.014166666666667,69,6.200162168153728,13085.692111968994,13114.376953125,28.68484115600586,91.0
765_A2,TD,7-8yr,A2,7.014166666666667,83,9.168463975266672,13097.342950820923,13114.376953125,17.03400230407715,117.0
765_A3,TD,7-8yr,A3,7.014166666666667,144,6.471761718355385,13100.025119781494,13114.376953125,14.35183334350586,208.0
765_B1,TD,7-8yr,B1,7.014166666666667,63,6.462977069628215,13053.467590332031,13114.376953125,60.90936279296875,83.0
765_B2,TD,7-8yr,B2,7.014166666666667,104,6.471473611161463,13098.498188018799,13114.376953125,15.878765106201172,144.0
765_B3,TD,7-8yr,B3,7.014166666666667,173,6.472786634059508,13105.457043647766,13114.376953125,8.919909477233887,232.0
766_A1,TD,7-8yr,A1,7.929166666666667,86,6.472157678066651,13102.123656272888,13114.376953125,12.253296852111816,112.0
766_A2,TD,7-8yr,A2,7.929166666666667,164,6.4733907356281355,13108.658705711365,13114.376953125,5.718247413635254,227.0
766_A3,TD,7-8yr,A3,7.929166666666667,231,6.473420125061681,13108.814465999603,13114.376953125,5.5624871253967285,313.0
766_B1,TD,7-8yr,B1,7.929166666666667,81,6.472280835801823,13102.776376724243,13114.376953125,11.600576400756836,114.0
766_B2,TD,7-8yr,B2,7.929166666666667,157,6.4728434317559795,13105.75806427002,13114.376953125,8.618888854980469,221.0
766_B3,TD,7-8yr,B3,7.929166666666667,182,6.473264759718243,13107.991049289703,13114.376953125,6.385903835296631,252.0
767_A1,TD,7-8yr,A1,7.505,64,10.346753018615775,13079.40994644165,13114.376953125,34.96700668334961,91.0
767_A2,TD,7-8yr,A2,7.505,75,8.903002441615978,13100.98879814148,13114.376953125,13.388154983520508,115.0
767_A3,TD,7-8yr,A3,7.505,204,6.4411956213737405,13106.464307785034,13114.376953125,7.91264533996582,295.0
767_B1,TD,7-8yr,B1,7.505,80,6.111297862989687,13105.012365341187,13114.376953125,9.364587783813477,125.0
767_B2,TD,7-8yr,B2,7.505,167,6.236196846062505,13103.661474227905,13114.376953125,10.715478897094727,226.0
767_B3,TD,7-8yr,B3,7.505,200,6.003098450200783,599265.1855111122,599272.4375,7.251988887786865,282.0
769_A1,TD,7-8yr,A1,7.755,50,6.106473764191366,13080.456439971924,13114.376953125,33.92051315307617,64.0
769_A2,TD,7-8yr,A2,7.755,104,6.906780152009286,13105.509986877441,13114.376953125,8.866966247558594,145.0
769_A3,TD,7-8yr,A3,7.755,154,6.510697148682685,13106.006761550903,13114.376953125,8.37019157409668,204.0
769_B1,TD,7-8yr,B1,7.755,66,6.887330793013536,13093.6634349823,13114.376953125,20.713518142700195,84.0
769_B2,TD,7-8yr,B2,7.755,100,6.2947318752006645,13101.065742492676,13114.376953125,13.311210632324219,135.0
769_B3,TD,7-8yr,B3,7.755,138,6.220961860227842,13106.295016288757,13114.376953125,8.081936836242676,191.0
771_A1,TD,7-8yr,A1,7.336666666666667,58,9.819023343469755,13070.222900390625,13114.376953125,44.154052734375,78.0
771_A2,TD,7-8yr,A2,7.336666666666667,80,6.33091130097513,13095.368978500366,13114.376953125,19.00797462463379,106.0
771_A3,TD,7-8yr,A3,7.336666666666667,118,6.277569754414447,13105.779713630676,13114.376953125,8.59723949432373,160.0
771_B1,TD,7-8yr,B1,7.336666666666667,52,6.3781117933594444,13083.441846847534,13114.376953125,30.93510627746582,71.0
771_B2,TD,7-8yr,B2,7.336666666666667,89,6.126021891563357,13093.221956253052,13114.376953125,21.154996871948242,115.0
771_B3,TD,7-8yr,B3,7.336666666666667,110,6.220675004035217,13099.74273777008,13114.376953125,14.634215354919434,158.0
773_A1,TD,7-8yr,A1,7.4325,58,6.142767540736806,13083.774700164795,13114.376953125,30.602252960205078,79.0
773_A2,TD,7-8yr,A2,7.4325,83,8.345256850109497,13090.173568725586,13114.376953125,24.203384399414062,115.0
773_A3,TD,7-8yr,A3,7.4325,129,9.475340619703125,13106.944075584412,13114.376953125,7.432877540588379,187.0
773_B1,TD,7-8yr,B1,7.4325,47,10.329137645816498,13095.770603179932,13114.376953125,18.60634994506836,69.0
773_B2,TD,7-8yr,B2,7.4325,91,8.54686710885437,13106.836825370789,13114.376953125,7.540127754211426,135.0
773_B3,TD,7-8yr,B3,7.4325,186,6.274249733810509,13107.315609455109,13114.376953125,7.061343669891357,270.0
801_A1,TD,8-9yr,A1,8.85,57,6.188038914110159,13040.85629272461,13114.376953125,73.52066040039062,77.0
801_A2,TD,8-9yr,A2,8.85,87,9.816945781843328,13103.371015548706,13114.376953125,11.005937576293945,112.0
801_A3,TD,8-9yr,A3,8.85,148,6.199096524668386,13106.760381221771,13114.376953125,7.61657190322876,197.0
801_B1,TD,8-9yr,B1,8.85,62,6.589266812977646,13014.099716186523,13114.376953125,100.27723693847656,82.0
801_B2,TD,8-9yr,B2,8.85,107,7.618154235121715,13091.940414428711,13114.376953125,22.436538696289062,135.0
801_B3,TD,8-9yr,B3,8.85,151,6.195255827098362,13106.23909854889,13114.376953125,8.13785457611084,201.0
802_A1,TD,8-9yr,A1,8.183333333333334,132,6.292120667181559,13105.179069519043,13114.376953125,9.197883605957031,186.0
802_A2,TD,8-9yr,A2,8.183333333333334,150,6.200038290202457,13106.194352149963,13114.376953125,8.182600975036621,199.0
802_A3,TD,8-9yr,A3,8.183333333333334,215,6.328828860284963,13108.264251708984,13114.376953125,6.112701416015625,290.0
802_B1,TD,8-9yr,B1,8.183333333333334,118,6.246912258456174,13103.724318504333,13114.376953125,10.652634620666504,164.0
802_B2,TD,8-9yr,B2,8.183333333333334,135,8.5143444956631,13102.038825035095,13114.376953125,12.338128089904785,186.0
802_B3,TD,8-9yr,B3,8.183333333333334,199,6.221767870482723,13106.189547538757,13114.376953125,8.187405586242676,272.0
805_A1,TD,8-9yr,A1,8.925,159,9.057814937468947,13105.86419582367,13114.376953125,8.512757301330566,219.0
805_A2,TD,8-9yr,A2,8.925,201,6.641485988812734,13106.59656906128,13114.376953125,7.780384063720703,276.0
805_A3,TD,8-9yr,A3,8.925,356,7.092353358389639,13108.718416690826,13114.376953125,5.658536434173584,476.0
805_B1,TD,8-9yr,B1,8.925,147,8.759653804103461,13102.733640670776,13114.376953125,11.643312454223633,183.0
805_B2,TD,8-9yr,B2,8.925,194,6.725823800138901,13100.757387161255,13114.376953125,13.619565963745117,254.0
805_B3,TD,8-9yr,B3,8.925,338,6.473314087177864,13108.252478599548,13114.376953125,6.12447452545166,466.0
806_A1,TD,8-9yr,A1,8.669166666666667,69,6.242122982308334,13098.175922393799,13114.376953125,16.201030731201172,93.0
806_A2,TD,8-9yr,A2,8.669166666666667,105,6.47277150842463,13105.376879692078,13114.376953125,9.000073432922363,146.0
806_A3,TD,8-9yr,A3,8.669166666666667,191,6.290160306260269,13107.971397399902,13114.376953125,6.405555725097656,256.0
806_B1,TD,8-9yr,B1,8.669166666666667,116,6.471609809533877,13099.220022201538,13114.376953125,15.156930923461914,168.0
806_B2,TD,8-9yr,B2,8.669166666666667,93,6.382935826859493,13085.237600326538,13114.376953125,29.139352798461914,117.0
806_B3,TD,8-9yr,B3,8.669166666666667,135,8.565492915483286,13104.85506439209,13114.376953125,9.521888732910156,176.0
809_A1,TD,8-9yr,A1,8.9175,80,10.094191443895259,13103.148094177246,13114.376953125,11.228858947753906,100.0
809_A2,TD,8-9yr,A2,8.9175,115,6.264784858074251,13106.704486370087,13114.376953125,7.67246675491333,152.0
809_A3,TD,8-9yr,A3,8.9175,139,6.289612280913435,13107.619312763214,13114.376953125,6.757640361785889,184.0
809_B1,TD,8-9yr,B1,8.9175,72,6.144923057898481,13093.040796279907,13114.376953125,21.336156845092773,97.0
809_B2,TD,8-9yr,B2,8.9175,128,9.096649670583936,13101.751993179321,13114.376953125,12.624959945678711,171.0
809_B3,TD,8-9yr,B3,8.9175,153,6.563860381903288,13108.410655498505,13114.376953125,5.966297626495361,218.0
810_A1,TD,8-9yr,A1,8.345,57,9.429688937618877,13093.585042953491,13114.376953125,20.79191017150879,77.0
810_A2,TD,8-9yr,A2,8.345,105,9.971334581902113,13104.434315681458,13114.376953125,9.94263744354248,145.0
810_A3,TD,8-9yr,A3,8.345,139,6.202761183722673,13107.424211502075,13114.376953125,6.952741622924805,185.0
810_B1,TD,8-9yr,B1,8.345,75,6.46642611471879,13100.981409072876,13114.376953125,13.395544052124023,106.0
810_B2,TD,8-9yr,B2,8.345,97,6.0918680567976615,13107.657181739807,13114.376953125,6.719771385192871,144.0
810_B3,TD,8-9yr,B3,8.345,179,6.267178148648176,13107.27561044693,13114.376953125,7.101342678070068,250.0
813_A1,TD,8-9yr,A1,8.334166666666667,42,6.128136229366217,13062.158237457275,13114.376953125,52.21871566772461,60.0
813_A2,TD,8-9yr,A2,8.334166666666667,87,6.2665337781956,13103.350540161133,13114.376953125,11.026412963867188,123.0
813_A3,TD,8-9yr,A3,8.334166666666667,153,8.233233597034513,13109.123634338379,13114.376953125,5.253318786621094,217.0
813_B1,TD,8-9yr,B1,8.334166666666667,45,10.134232758224144,13044.918258666992,13114.376953125,69.45869445800781,65.0
813_B2,TD,8-9yr,B2,8.334166666666667,109,7.085140114310369,13099.25260066986,13114.376953125,15.12435245513916,153.0
813_B3,TD,8-9yr,B3,8.334166666666667,153,6.224024456402074,13106.859591007233,13114.376953125,7.517362117767334,221.0
818_A1,TD,8-9yr,A1,8.755833333333333,105,10.579207119784844,13102.597282409668,13114.376953125,11.779670715332031,154.0
818_A2,TD,8-9yr,A2,8.755833333333333,126,6.1223097818471715,13106.507803916931,13114.376953125,7.869149208068848,184.0
818_A3,TD,8-9yr,A3,8.755833333333333,272,6.217468658143572,13106.436612606049,13114.376953125,7.940340518951416,370.0
818_B1,TD,8-9yr,B1,8.755833333333333,101,7.544751526338375,13101.391256332397,13114.376953125,12.985696792602539,139.0
818_B2,TD,8-9yr,B2,8.755833333333333,233,8.918436366555307,13099.366037368774,13114.376953125,15.010915756225586,336.0
818_B3,TD,8-9yr,B3,8.755833333333333,411,6.4732157011831895,13107.731045246124,13114.376953125,6.645907878875732,608.0
830_A1,TD,8-9yr,A1,8.338333333333333,56,6.58186910367769,13080.512535095215,13114.376953125,33.864418029785156,75.0
830_A2,TD,8-9yr,A2,8.338333333333333,142,7.639989256976638,13105.940391540527,13114.376953125,8.436561584472656,200.0
830_A3,TD,8-9yr,A3,8.338333333333333,132,6.6613458886105,13101.993260383606,13114.376953125,12.383692741394043,180.0
830_B1,TD,8-9yr,B1,8.338333333333333,64,9.959542827992337,13084.42587852478,13114.376953125,29.951074600219727,84.0
830_B2,TD,8-9yr,B2,8.338333333333333,86,6.6282271031738755,13085.383863449097,13114.376953125,28.99308967590332,115.0
830_B3,TD,8-9yr,B3,8.338333333333333,162,6.410624734344273,13106.982772350311,13114.376953125,7.394180774688721,214.0
836_A1,TD,8-9yr,A1,8.765,130,6.796192363890622,13100.342813491821,13114.376953125,14.034139633178711,178.0
836_A2,TD,8-9yr,A2,8.765,159,6.104977859021487,13104.123265266418,13114.376953125,10.253687858581543,216.0
836_A3,TD,8-9yr,A3,8.765,211,6.105149746451434,13105.193316459656,13114.376953125,9.183636665344238,287.0
836_B1,TD,8-9yr,B1,8.765,94,6.847736780739121,13094.936590194702,13114.376953125,19.44036293029785,125.0
836_B2,TD,8-9yr,B2,8.765,174,6.105260490622754,13105.882732391357,13114.376953125,8.494220733642578,255.0
836_B3,TD,8-9yr,B3,8.765,242,6.472824253988385,13105.6564245224,13114.376953125,8.720528602600098,336.0
837_A1,TD,8-9yr,A1,8.428333333333333,66,44.57649521388415,83.70641326904297,116.48088073730469,32.77446746826172,84.0
837_A2,TD,8-9yr,A2,8.428333333333333,73,6.472877635470122,13105.939339637756,13114.376953125,8.437613487243652,109.0
837_A3,TD,8-9yr,A3,8.428333333333333,172,6.473396741940046,13108.690538406372,13114.376953125,5.68641471862793,238.0
837_B1,TD,8-9yr,B1,8.428333333333333,72,6.470035716392793,13090.877527236938,13114.376953125,23.499425888061523,99.0
837_B2,TD,8-9yr,B2,8.428333333333333,107,27.28389257572003,108.8461241722107,116.48088073730469,7.634756565093994,156.0
837_B3,TD,8-9yr,B3,8.428333333333333,181,6.473090287234774,13107.066367149353,13114.376953125,7.310585975646973,259.0
840_A1,TD,8-9yr,A1,8.178333333333333,76,6.1779899551900765,13100.573422431946,13114.376953125,13.8035306930542,96.0
840_A2,TD,8-9yr,A2,8.178333333333333,107,6.113168909410284,13102.846343040466,13114.376953125,11.530610084533691,140.0
840_A3,TD,8-9yr,A3,8.178333333333333,184,6.114091162411514,13106.665714263916,13114.376953125,7.711238861083984,242.0
840_B1,TD,8-9yr,B1,8.178333333333333,71,6.495101912142127,13083.18779373169,13114.376953125,31.189159393310547,99.0
840_B2,TD,8-9yr,B2,8.178333333333333,111,38.25136571585608,103.84603786468506,116.48088073730469,12.634842872619629,146.0
840_B3,TD,8-9yr,B3,8.178333333333333,153,6.472665685662473,13104.816032409668,13114.376953125,9.560920715332031,229.0
844_A1,TD,8-9yr,A1,8.921666666666667,95,6.275912699965383,13102.865315437317,13114.376953125,11.511637687683105,132.0
844_A2,TD,8-9yr,A2,8.921666666666667,194,6.4729101995451455,13106.111925125122,13114.376953125,8.26502799987793,270.0
844_A3,TD,8-9yr,A3,8.921666666666667,305,6.473156397422846,13107.416742801666,13114.376953125,6.96021032333374,441.0
844_B1,TD,8-9yr,B1,8.921666666666667,98,6.218212011696629,13095.765102386475,13114.376953125,18.61185073852539,131.0
844_B2,TD,8-9yr,B2,8.921666666666667,298,6.4726410119008495,13104.685264587402,13114.376953125,9.691688537597656,414.0
844_B3,TD,8-9yr,B3,8.921666666666667,488,6.4730561094324,13106.885229110718,13114.376953125,7.491724014282227,713.0
845_A1,TD,8-9yr,A1,8.085,71,6.2113768533515605,13088.299800872803,13114.376953125,26.077152252197266,95.0
845_A2,TD,8-9yr,A2,8.085,76,7.739426362178991,13100.480454444885,13114.376953125,13.896498680114746,110.0
845_A3,TD,8-9yr,A3,8.085,143,6.256875249148195,13105.98987865448,13114.376953125,8.38707447052002,198.0
845_B1,TD,8-9yr,B1,8.085,94,6.467008990003764,13101.566807746887,13114.376953125,12.810145378112793,132.0
845_B2,TD,8-9yr,B2,8.085,98,6.1110148856355515,13100.327936172485,13114.376953125,14.049016952514648,139.0
845_B3,TD,8-9yr,B3,8.085,173,8.947700442482038,13107.43285036087,13114.376953125,6.944102764129639,249.0
848_A1,TD,8-9yr,A1,8.6075,129,6.2131567779981065,13105.425205230713,13114.376953125,8.95174789428711,184.0
848_A2,TD,8-9yr,A2,8.6075,181,6.247206755367421,13106.275576591492,13114.376953125,8.1013765335083,251.0
848_A3,TD,8-9yr,A3,8.6075,374,6.188062596506682,13106.157742500305,13114.376953125,8.219210624694824,523.0
848_B1,TD,8-9yr,B1,8.6075,232,9.087951815003166,13101.342610359192,13114.376953125,13.034342765808105,306.0
848_B2,TD,8-9yr,B2,8.6075,242,6.506124488668211,13103.467679977417,13114.376953125,10.909273147583008,327.0
848_B3,TD,8-9yr,B3,8.6075,404,8.537612517343831,13105.904821395874,13114.376953125,8.472131729125977,535.0
849_A1,TD,8-9yr,A1,8.500833333333333,67,6.24748914592438,13097.444234848022,13114.376953125,16.93271827697754,86.0
849_A2,TD,8-9yr,A2,8.500833333333333,126,6.03846917586042,13102.07829284668,13114.376953125,12.298660278320312,174.0
849_A3,TD,8-9yr,A3,8.500833333333333,146,7.539981089029676,13105.748928070068,13114.376953125,8.62802505493164,206.0
849_B1,TD,8-9yr,B1,8.500833333333333,96,6.25055829942138,13100.22623348236,13114.376953125,14.15071964263916,120.0
849_B2,TD,8-9yr,B2,8.500833333333333,116,9.457215606113266,13084.98850440979,13114.376953125,29.38844871520996,145.0
849_B3,TD,8-9yr,B3,8.500833333333333,226,6.58403430039281,13108.587094783783,13114.376953125,5.789858341217041,312.0
852_A1,TD,8-9yr,A1,8.600833333333334,118,6.198058293895432,13100.572457313538,13114.376953125,13.804495811462402,162.0
852_A2,TD,8-9yr,A2,8.600833333333334,157,6.367834494349942,13101.704454421997,13114.376953125,12.67249870300293,220.0
852_A3,TD,8-9yr,A3,8.600833333333334,221,6.257821718118468,13107.81443977356,13114.376953125,6.56251335144043,317.0
852_B1,TD,8-9yr,B1,8.600833333333334,131,8.590241268019057,13102.08449935913,13114.376953125,12.29245376586914,192.0
852_B2,TD,8-9yr,B2,8.600833333333334,145,6.210009990877635,13104.432428359985,13114.376953125,9.944524765014648,216.0
852_B3,TD,8-9yr,B3,8.600833333333334,301,6.267701731760399,13108.699412822723,13114.376953125,5.677540302276611,424.0
853_A1,TD,8-9yr,A1,8.586666666666666,72,6.269965092965922,13097.077615737915,13114.376953125,17.29933738708496,104.0
853_A2,TD,8-9yr,A2,8.586666666666666,119,6.505600323055408,13105.473059654236,13114.376953125,8.90389347076416,175.0
853_A3,TD,8-9yr,A3,8.586666666666666,153,10.247829489553254,13108.74930524826,13114.376953125,5.627647876739502,234.0
853_B1,TD,8-9yr,B1,8.586666666666666,81,7.54393851624385,13098.202081680298,13114.376953125,16.17487144470215,111.0
853_B2,TD,8-9yr,B2,8.586666666666666,123,7.485203720397486,13106.658258914948,13114.376953125,7.71869421005249,182.0
853_B3,TD,8-9yr,B3,8.586666666666666,196,6.221977670165881,13107.427154064178,13114.376953125,6.949799060821533,276.0
856_A1,TD,8-9yr,A1,8.835833333333333,35,6.150827417265887,13018.340965270996,13114.376953125,96.0359878540039,55.0
856_A2,TD,8-9yr,A2,8.835833333333333,59,6.564521192895013,13087.68172454834,13114.376953125,26.695228576660156,87.0
856_A3,TD,8-9yr,A3,8.835833333333333,97,6.307166947152567,13103.119125366211,13114.376953125,11.257827758789062,136.0
856_B1,TD,8-9yr,B1,8.835833333333333,58,9.265645175541966,13083.167961120605,13114.376953125,31.20899200439453,78.0
856_B2,TD,8-9yr,B2,8.835833333333333,53,6.208585643960705,13095.508777618408,13114.376953125,18.868175506591797,77.0
856_B3,TD,8-9yr,B3,8.835833333333333,123,7.165667197542217,13103.361969947815,13114.376953125,11.014983177185059,171.0
865_A1,TD,8-9yr,A1,8.834166666666667,58,6.407588119902719,13088.334383010864,13114.376953125,26.042570114135742,75.0
865_A2,TD,8-9yr,A2,8.834166666666667,81,10.042905607095134,13088.892719268799,13114.376953125,25.484233856201172,108.0
865_A3,TD,8-9yr,A3,8.834166666666667,115,6.199024019443415,13107.352863788605,13114.376953125,7.024089336395264,151.0
865_B1,TD,8-9yr,B1,8.834166666666667,45,10.078515764985143,13046.91665649414,13114.376953125,67.46029663085938,66.0
865_B2,TD,8-9yr,B2,8.834166666666667,71,9.95901921574585,13066.82532119751,13114.376953125,47.551631927490234,90.0
865_B3,TD,8-9yr,B3,8.834166666666667,132,6.220852251690843,13105.743488311768,13114.376953125,8.633464813232422,168.0
869_A1,TD,8-9yr,A1,8.668333333333333,129,6.340907175641771,13100.445516586304,13114.376953125,13.931436538696289,181.0
869_A2,TD,8-9yr,A2,8.668333333333333,100,45.34280767362911,103.21581363677979,116.48088073730469,13.265067100524902,135.0
869_A3,TD,8-9yr,A3,8.668333333333333,222,6.473041261359345,13106.806536197662,13114.376953125,7.5704169273376465,301.0
869_B1,TD,8-9yr,B1,8.668333333333333,88,6.471846451637262,13100.474195480347,13114.376953125,13.90275764465332,129.0
869_B2,TD,8-9yr,B2,8.668333333333333,160,6.472703378648141,13105.015800476074,13114.376953125,9.361152648925781,229.0
869_B3,TD,8-9yr,B3,8.668333333333333,262,6.4724342046795,13103.589212417603,13114.376953125,10.787740707397461,356.0
902_A1,TD,9-10yr,A1,9.843333333333334,110,7.387655846616023,13105.039951324463,13114.376953125,9.33700180053711,157.0
902_A2,TD,9-10yr,A2,9.843333333333334,94,6.506367784645105,13104.460436820984,13114.376953125,9.916516304016113,133.0
902_A3,TD,9-10yr,A3,9.843333333333334,294,6.271691575485878,13107.038947582245,13114.376953125,7.338005542755127,432.0
902_B1,TD,9-10yr,B1,9.843333333333334,134,6.001288714554134,599259.6796092987,599272.4375,12.757890701293945,186.0
902_B2,TD,9-10yr,B2,9.843333333333334,142,6.3640502089363595,13097.562061309814,13114.376953125,16.814891815185547,181.0
902_B3,TD,9-10yr,B3,9.843333333333334,248,7.381963948909155,13107.269441604614,13114.376953125,7.107511520385742,343.0
905_A1,TD,9-10yr,A1,9.420833333333333,128,6.332181610629978,13101.172969818115,13114.376953125,13.203983306884766,173.0
905_A2,TD,9-10yr,A2,9.420833333333333,223,6.3690529106445535,13104.934116363525,13114.376953125,9.44283676147461,290.0
905_A3,TD,9-10yr,A3,9.420833333333333,432,6.24908080533263,13107.57553243637,13114.376953125,6.80142068862915,567.0
905_B1,TD,9-10yr,B1,9.420833333333333,179,6.3299320538174015,13104.026923179626,13114.376953125,10.350029945373535,232.0
905_B2,TD,9-10yr,B2,9.420833333333333,364,6.828022235091677,13105.8138256073,13114.376953125,8.563127517700195,481.0
905_B3,TD,9-10yr,B3,9.420833333333333,599,7.888772111008036,13107.470972537994,13114.376953125,6.905980587005615,776.0
906_A1,TD,9-10yr,A1,9.500833333333333,74,9.134661828912302,13095.96761894226,13114.376953125,18.409334182739258,92.0
906_A2,TD,9-10yr,A2,9.500833333333333,103,9.329982075938934,13107.708387851715,13114.376953125,6.668565273284912,134.0
906_A3,TD,9-10yr,A3,9.500833333333333,177,6.417047685057343,13107.500300884247,13114.376953125,6.876652240753174,227.0
906_B1,TD,9-10yr,B1,9.500833333333333,65,6.535151635345948,13093.805671691895,13114.376953125,20.57128143310547,80.0
906_B2,TD,9-10yr,B2,9.500833333333333,103,10.94617571676452,13096.751546859741,13114.376953125,17.62540626525879,129.0
906_B3,TD,9-10yr,B3,9.500833333333333,215,6.317886451306061,13106.725481033325,13114.376953125,7.651472091674805,273.0
909_A1,TD,9-10yr,A1,9.185,57,7.37375315054638,13087.794172286987,13114.376953125,26.582780838012695,74.0
909_A2,TD,9-10yr,A2,9.185,88,6.368157924521945,13103.494058609009,13114.376953125,10.882894515991211,136.0
909_A3,TD,9-10yr,A3,9.185,197,6.414229769408726,13108.040493011475,13114.376953125,6.336460113525391,274.0
909_B1,TD,9-10yr,B1,9.185,98,6.092898915654343,13107.482542514801,13114.376953125,6.894410610198975,151.0
909_B2,TD,9-10yr,B2,9.185,119,6.360876867676665,13102.455364227295,13114.376953125,11.921588897705078,176.0
909_B3,TD,9-10yr,B3,9.185,209,6.267340108754071,13108.211953163147,13114.376953125,6.164999961853027,298.0
910_A1,TD,9-10yr,A1,9.3475,101,6.1726985669139705,13101.429779052734,13114.376953125,12.947174072265625,127.0
910_A2,TD,9-10yr,A2,9.3475,147,6.115852262033514,13104.535181999207,13114.376953125,9.841771125793457,215.0
910_A3,TD,9-10yr,A3,9.3475,318,6.791301325813099,13108.155467033386,13114.376953125,6.2214860916137695,458.0
910_B1,TD,9-10yr,B1,9.3475,91,6.033399852202902,22039.383698940277,22047.1875,7.8038010597229,145.0
910_B2,TD,9-10yr,B2,9.3475,150,6.283519356518577,13090.848936080933,13114.376953125,23.528017044067383,210.0
910_B3,TD,9-10yr,B3,9.3475,273,6.158867418588826,13107.290511131287,13114.376953125,7.086441993713379,387.0
913_A1,TD,9-10yr,A1,9.339166666666667,72,6.122758884485075,13094.885604858398,13114.376953125,19.491348266601562,97.0
913_A2,TD,9-10yr,A2,9.339166666666667,93,6.351407316234669,13103.90816783905,13114.376953125,10.468785285949707,143.0
913_A3,TD,9-10yr,A3,9.339166666666667,196,6.277022873312593,13106.643862247467,13114.376953125,7.733090877532959,280.0
913_B1,TD,9-10yr,B1,9.339166666666667,82,6.114915331279448,13097.480634689331,13114.376953125,16.896318435668945,120.0
913_B2,TD,9-10yr,B2,9.339166666666667,174,6.295393226696198,13102.757542610168,13114.376953125,11.619410514831543,233.0
913_B3,TD,9-10yr,B3,9.339166666666667,222,6.222959897116059,13106.970041751862,13114.376953125,7.406911373138428,299.0
914_A1,TD,9-10yr,A1,9.678333333333333,54,6.470943196543918,13095.687057495117,13114.376953125,18.689895629882812,71.0
914_A2,TD,9-10yr,A2,9.678333333333333,104,7.6404604797349975,13107.637049674988,13114.376953125,6.739903450012207,142.0
914_A3,TD,9-10yr,A3,9.678333333333333,164,6.2205967643951094,13109.209509372711,13114.376953125,5.167443752288818,219.0
914_B1,TD,9-10yr,B1,9.678333333333333,75,6.086410786047758,13099.014821052551,13114.376953125,15.36213207244873,99.0
914_B2,TD,9-10yr,B2,9.678333333333333,87,6.2714791373466205,13102.696608543396,13114.376953125,11.680344581604004,115.0
914_B3,TD,9-10yr,B3,9.678333333333333,177,6.286303067068717,13104.992754936218,13114.376953125,9.384198188781738,229.0
917_A1,TD,9-10yr,A1,9.004166666666666,56,6.289189401088155,13088.051137924194,13114.376953125,26.325815200805664,80.0
917_A2,TD,9-10yr,A2,9.004166666666666,115,9.329609105262922,13105.988428115845,13114.376953125,8.388525009155273,151.0
917_A3,TD,9-10yr,A3,9.004166666666666,142,6.267434538184386,13106.278980255127,13114.376953125,8.097972869873047,183.0
917_B1,TD,9-10yr,B1,9.004166666666666,78,6.120979415530672,13103.11379623413,13114.376953125,11.26315689086914,108.0
917_B2,TD,9-10yr,B2,9.004166666666666,115,6.083017243405018,41866.52645111084,41875.85546875,9.329017639160156,155.0
917_B3,TD,9-10yr,B3,9.004166666666666,150,6.161562594570013,13104.891451835632,13114.376953125,9.485501289367676,202.0
918_A1,TD,9-10yr,A1,9.925833333333333,99,6.184646273190996,13102.422023773193,13114.376953125,11.95492935180664,132.0
918_A2,TD,9-10yr,A2,9.925833333333333,122,10.065039294490958,13105.45467376709,13114.376953125,8.922279357910156,164.0
918_A3,TD,9-10yr,A3,9.925833333333333,177,6.498851356788805,13106.028794288635,13114.376953125,8.348158836364746,255.0
918_B1,TD,9-10yr,B1,9.925833333333333,107,6.954535940916248,13102.838890075684,13114.376953125,11.538063049316406,157.0
918_B2,TD,9-10yr,B2,9.925833333333333,141,6.871214129214818,13102.687891960144,13114.376953125,11.689061164855957,195.0
918_B3,TD,9-10yr,B3,9.925833333333333,269,8.037117317426759,13107.251784324646,13114.376953125,7.125168800354004,410.0
921_A1,TD,9-10yr,A1,9.34,78,6.24804681100732,13099.414870262146,13114.376953125,14.962082862854004,104.0
921_A2,TD,9-10yr,A2,9.34,116,9.867220474176435,13103.794153213501,13114.376953125,10.582799911499023,156.0
921_A3,TD,9-10yr,A3,9.34,224,6.397928962019304,13108.310576915741,13114.376953125,6.066376209259033,303.0
921_B1,TD,9-10yr,B1,9.34,88,6.286820460857502,13104.29148197174,13114.376953125,10.085471153259277,123.0
921_B2,TD,9-10yr,B2,9.34,153,9.328003030100737,13102.774674415588,13114.376953125,11.602278709411621,196.0
921_B3,TD,9-10yr,B3,9.34,252,6.306203179991254,13109.350727081299,13114.376953125,5.026226043701172,353.0
925_A1,TD,9-10yr,A1,9.7575,49,6.332087160124075,13096.635679244995,13114.376953125,17.741273880004883,74.0
925_A2,TD,9-10yr,A2,9.7575,79,8.677533830750232,13101.614236831665,13114.376953125,12.762716293334961,112.0
925_A3,TD,9-10yr,A3,9.7575,141,6.332989645486875,13107.226377010345,13114.376953125,7.150576114654541,196.0
925_B1,TD,9-10yr,B1,9.7575,46,7.990253946366364,13046.44799041748,13114.376953125,67.92896270751953,67.0
925_B2,TD,9-10yr,B2,9.7575,84,9.922619833955569,13098.662838935852,13114.376953125,15.71411418914795,117.0
925_B3,TD,9-10yr,B3,9.7575,145,6.65621629150073,13105.035794258118,13114.376953125,9.341158866882324,194.0
929_A1,TD,9-10yr,A1,9.435833333333333,82,6.347582969906026,13102.612658500671,13114.376953125,11.764294624328613,116.0
929_A2,TD,9-10yr,A2,9.435833333333333,129,10.361517357038178,13103.505036354065,13114.376953125,10.871916770935059,173.0
929_A3,TD,9-10yr,A3,9.435833333333333,249,6.195144993273711,13109.547383785248,13114.376953125,4.829569339752197,348.0
929_B1,TD,9-10yr,B1,9.435833333333333,125,6.618133827658128,13105.94488811493,13114.376953125,8.4320650100708,179.0
929_B2,TD,9-10yr,B2,9.435833333333333,158,6.356533717083602,13105.186835289001,13114.376953125,9.190117835998535,210.0
929_B3,TD,9-10yr,B3,9.435833333333333,242,6.313227058787739,13108.338529586792,13114.376953125,6.038423538208008,331.0
933_A1,TD,9-10yr,A1,9.921666666666667,64,6.156748165645977,13083.93552017212,13114.376953125,30.44143295288086,90.0
933_A2,TD,9-10yr,A2,9.921666666666667,96,9.33077179289044,13104.066083908081,13114.376953125,10.310869216918945,142.0
933_A3,TD,9-10yr,A3,9.921666666666667,139,6.135156077085188,13107.562798976898,13114.376953125,6.814154148101807,195.0
933_B1,TD,9-10yr,B1,9.921666666666667,40,6.545180254423165,13035.888816833496,13114.376953125,78.4881362915039,57.0
933_B2,TD,9-10yr,B2,9.921666666666667,79,6.211377390891297,13090.047897338867,13114.376953125,24.329055786132812,103.0
933_B3,TD,9-10yr,B3,9.921666666666667,157,7.264155731257885,13106.826054573059,13114.376953125,7.550898551940918,219.0
937_A1,TD,9-10yr,A1,9.52,88,6.253150298079949,13105.409652709961,13114.376953125,8.967300415039062,123.0
937_A2,TD,9-10yr,A2,9.52,117,6.706085473271214,13099.67649936676,13114.376953125,14.700453758239746,169.0
937_A3,TD,9-10yr,A3,9.52,176,6.414753618997593,13106.08764743805,13114.376953125,8.289305686950684,247.0
937_B1,TD,9-10yr,B1,9.52,109,9.479278753217715,13099.998257637024,13114.376953125,14.378695487976074,152.0
937_B2,TD,9-10yr,B2,9.52,136,9.912147475301799,13097.578094482422,13114.376953125,16.798858642578125,185.0
937_B3,TD,9-10yr,B3,9.52,171,8.300183491776524,13104.65134525299,13114.376953125,9.725607872009277,240.0
941_A1,TD,9-10yr,A1,9.5225,64,6.219015874811608,13096.199781417847,13114.376953125,18.17717170715332,89.0
941_A2,TD,9-10yr,A2,9.5225,121,10.177208419525172,13104.937998771667,13114.376953125,9.43895435333252,170.0
941_A3,TD,9-10yr,A3,9.5225,229,6.2225009296663885,13109.39813041687,13114.376953125,4.978822708129883,311.0
941_B1,TD,9-10yr,B1,9.5225,102,10.246633529937156,13106.252007484436,13114.376953125,8.124945640563965,141.0
941_B2,TD,9-10yr,B2,9.5225,149,6.199123723295164,13103.072409629822,13114.376953125,11.304543495178223,198.0
941_B3,TD,9-10yr,B3,9.5225,207,6.1760011148553655,13108.864099025726,13114.376953125,5.512854099273682,286.0
945_A1,TD,9-10yr,A1,9.1075,116,10.193535233348,13098.63754081726,13114.376953125,15.739412307739258,143.0
945_A2,TD,9-10yr,A2,9.1075,109,10.068640180663742,13104.781915664673,13114.376953125,9.595037460327148,138.0
945_A3,TD,9-10yr,A3,9.1075,256,6.428027533697691,13105.3414478302,13114.376953125,9.035505294799805,322.0
945_B1,TD,9-10yr,B1,9.1075,104,6.866795842324393,13099.870844841003,13114.376953125,14.506108283996582,139.0
945_B2,TD,9-10yr,B2,9.1075,173,6.472446029802887,13103.65188407898,13114.376953125,10.725069046020508,230.0
945_B3,TD,9-10yr,B3,9.1075,281,6.31536652155952,13106.125411987305,13114.376953125,8.251541137695312,374.0
953_A1,TD,9-10yr,A1,9.419166666666667,89,6.220160154811079,13102.953099250793,13114.376953125,11.423853874206543,131.0
953_A2,TD,9-10yr,A2,9.419166666666667,123,6.157809632844563,13104.879093170166,13114.376953125,9.497859954833984,186.0
953_A3,TD,9-10yr,A3,9.419166666666667,224,8.084132234335208,13106.43082332611,13114.376953125,7.94612979888916,324.0
953_B1,TD,9-10yr,B1,9.419166666666667,160,6.14073448987597,13100.49792098999,13114.376953125,13.879032135009766,226.0
953_B2,TD,9-10yr,B2,9.419166666666667,122,7.368857337106094,13104.51289176941,13114.376953125,9.86406135559082,175.0
953_B3,TD,9-10yr,B3,9.419166666666667,227,6.343451530799257,13107.53830909729,13114.376953125,6.838644027709961,306.0
957_A1,TD,9-10yr,A1,9.348333333333333,112,6.591966920363795,13106.136137008667,13114.376953125,8.240816116333008,174.0
957_A2,TD,9-10yr,A2,9.348333333333333,121,6.352208568012772,13105.65105342865,13114.376953125,8.725899696350098,174.0
957_A3,TD,9-10yr,A3,9.348333333333333,247,6.254393079198624,13106.341680526733,13114.376953125,8.035272598266602,357.0
957_B1,TD,9-10yr,B1,9.348333333333333,109,6.2323979352164045,13105.310064315796,13114.376953125,9.066888809204102,164.0
957_B2,TD,9-10yr,B2,9.348333333333333,135,6.787805225290118,13103.545198440552,13114.376953125,10.831754684448242,194.0
957_B3,TD,9-10yr,B3,9.348333333333333,207,6.656475248709951,13106.313417434692,13114.376953125,8.063535690307617,296.0
958_A1,TD,9-10yr,A1,9.764166666666666,52,6.578587746534586,13077.296424865723,13114.376953125,37.080528259277344,71.0
958_A2,TD,9-10yr,A2,9.764166666666666,95,10.267172972783186,13105.463941574097,13114.376953125,8.91301155090332,127.0
958_A3,TD,9-10yr,A3,9.764166666666666,162,6.411478372992599,13105.13447380066,13114.376953125,9.24247932434082,231.0
958_B1,TD,9-10yr,B1,9.764166666666666,57,10.379175539006788,13098.079277038574,13114.376953125,16.29767608642578,89.0
958_B2,TD,9-10yr,B2,9.764166666666666,111,6.130262959948292,13095.279523849487,13114.376953125,19.097429275512695,154.0
958_B3,TD,9-10yr,B3,9.764166666666666,134,6.266883113319167,13105.569917678833,13114.376953125,8.807035446166992,190.0
961_A1,TD,9-10yr,A1,9.166666666666666,45,6.199765712127023,13064.819946289062,13114.376953125,49.5570068359375,61.0
961_A2,TD,9-10yr,A2,9.166666666666666,115,6.119627544527653,57714.384422302246,57730.01171875,15.627296447753906,165.0
961_A3,TD,9-10yr,A3,9.166666666666666,165,7.880861587328296,13106.597159385681,13114.376953125,7.779793739318848,215.0
961_B1,TD,9-10yr,B1,9.166666666666666,78,6.105554165765042,13092.419721603394,13114.376953125,21.957231521606445,108.0
961_B2,TD,9-10yr,B2,9.166666666666666,92,6.872318549756946,13097.243494033813,13114.376953125,17.133459091186523,123.0
961_B3,TD,9-10yr,B3,9.166666666666666,124,6.2203933488216485,13102.940128326416,13114.376953125,11.436824798583984,171.0
962_A1,TD,9-10yr,A1,9.8475,68,6.082678542745097,13094.4924659729,13114.376953125,19.88448715209961,90.0
962_A2,TD,9-10yr,A2,9.8475,96,6.601462557322318,13100.191541671753,13114.376953125,14.18541145324707,129.0
962_A3,TD,9-10yr,A3,9.8475,140,6.723528582511232,13105.386483192444,13114.376953125,8.990469932556152,187.0
962_B1,TD,9-10yr,B1,9.8475,44,10.049725021022335,13042.950271606445,13114.376953125,71.42668151855469,60.0
962_B2,TD,9-10yr,B2,9.8475,85,6.463782414919443,13095.787302017212,13114.376953125,18.589651107788086,112.0
962_B3,TD,9-10yr,B3,9.8475,137,6.344609475948634,13105.936371803284,13114.376953125,8.440581321716309,193.0
966_A1,TD,9-10yr,A1,9.436666666666667,70,6.800518064781046,13099.978428840637,13114.376953125,14.398524284362793,91.0
966_A2,TD,9-10yr,A2,9.436666666666667,78,8.81236276008646,13095.572576522827,13114.376953125,18.80437660217285,111.0
966_A3,TD,9-10yr,A3,9.436666666666667,190,6.368369218917108,13108.178596496582,13114.376953125,6.198356628417969,268.0
966_B1,TD,9-10yr,B1,9.436666666666667,33,6.1332158900467775,13060.72066116333,13114.376953125,53.65629196166992,50.0
966_B2,TD,9-10yr,B2,9.436666666666667,102,6.689947594243308,13099.494119644165,13114.376953125,14.882833480834961,147.0
966_B3,TD,9-10yr,B3,9.436666666666667,162,6.2716747371295085,13106.941794872284,13114.376953125,7.4351582527160645,226.0
968_A1,TD,9-10yr,A1,9.6775,54,6.102861484752301,13058.54001235962,13114.376953125,55.83694076538086,71.0
968_A2,TD,9-10yr,A2,9.6775,75,7.690657878881541,13101.961615562439,13114.376953125,12.415337562561035,101.0
968_A3,TD,9-10yr,A3,9.6775,129,6.498508593524935,13107.773564338684,13114.376953125,6.603388786315918,173.0
968_B1,TD,9-10yr,B1,9.6775,49,6.3744125891964805,13063.090270996094,13114.376953125,51.28668212890625,64.0
968_B2,TD,9-10yr,B2,9.6775,84,6.275054409404388,13091.305707931519,13114.376953125,23.071245193481445,109.0
968_B3,TD,9-10yr,B3,9.6775,129,6.220997571627043,13101.645561218262,13114.376953125,12.731391906738281,179.0
970_A1,TD,9-10yr,A1,9.523333333333333,82,6.1570811987752085,13101.890740394592,13114.376953125,12.486212730407715,109.0
970_A2,TD,9-10yr,A2,9.523333333333333,136,7.6398865951361845,13105.570753097534,13114.376953125,8.80620002746582,181.0
970_A3,TD,9-10yr,A3,9.523333333333333,215,9.147167862649944,13106.508100509644,13114.376953125,7.868852615356445,292.0
970_B1,TD,9-10yr,B1,9.523333333333333,53,6.225409270245926,13088.689884185791,13114.376953125,25.687068939208984,75.0
970_B2,TD,9-10yr,B2,9.523333333333333,126,9.689138776321876,13099.407341003418,13114.376953125,14.969612121582031,161.0
970_B3,TD,9-10yr,B3,9.523333333333333,220,6.30140720552275,13103.279507637024,13114.376953125,11.097445487976074,297.0
972_A1,TD,9-10yr,A1,9.5075,65,6.107684343238926,13101.989988327026,13114.376953125,12.386964797973633,97.0
972_A2,TD,9-10yr,A2,9.5075,83,8.752765718732112,13095.713256835938,13114.376953125,18.6636962890625,115.0
972_A3,TD,9-10yr,A3,9.5075,142,6.174547469355453,13105.260316848755,13114.376953125,9.116636276245117,195.0
972_B1,TD,9-10yr,B1,9.5075,67,10.171194140586989,13095.423879623413,13114.376953125,18.953073501586914,101.0
972_B2,TD,9-10yr,B2,9.5075,116,6.313899537212748,13098.318113327026,13114.376953125,16.058839797973633,154.0
972_B3,TD,9-10yr,B3,9.5075,225,7.266309404046218,13106.261058807373,13114.376953125,8.115894317626953,319.0
403_A1,TD,4-5yr,A1,4.25,63,30.207933390347485,92.79631042480469,116.48088073730469,23.6845703125,93.0
403_A2,TD,4-5yr,A2,4.25,153,6.472217969533219,13102.443193435669,13114.376953125,11.933759689331055,209.0
403_A3,TD,4-5yr,A3,4.25,149,22.762182197057296,105.31755828857422,116.48088073730469,11.163322448730469,194.0
403_B1,TD,4-5yr,B1,4.25,39,30.0,16.39434051513672,116.48088073730469,100.08654022216797,64.0
403_B2,TD,4-5yr,B2,4.25,60,41.48963629562226,73.31002807617188,116.48088073730469,43.17085266113281,94.0
403_B3,TD,4-5yr,B3,4.25,118,6.471794719331614,13100.2000207901,13114.376953125,14.176932334899902,168.0
404_A1,TD,4-5yr,A1,4.593333333333334,120,6.456943859762288,13102.624572753906,13114.376953125,11.75238037109375,185.0
404_A2,TD,4-5yr,A2,4.593333333333334,72,6.2435868812455215,13079.785469055176,13114.376953125,34.59148406982422,121.0
404_A3,TD,4-5yr,A3,4.593333333333334,43,6.345827136637698,13063.865650177002,13114.376953125,50.51130294799805,69.0
404_B1,TD,4-5yr,B1,4.593333333333334,73,6.406545408231461,13090.352926254272,13114.376953125,24.02402687072754,114.0
404_B2,TD,4-5yr,B2,4.593333333333334,80,6.258644765162089,13092.529256820679,13114.376953125,21.84769630432129,140.0
404_B3,TD,4-5yr,B3,4.593333333333334,102,7.540043878292263,13092.217910766602,13114.376953125,22.159042358398438,157.0
407_A1,TD,4-5yr,A1,4.181666666666667,48,7.432386507252936,6264.204257965088,6305.14794921875,40.94369125366211,68.0
407_A2,TD,4-5yr,A2,4.181666666666667,66,7.99661395190392,13079.354335784912,13114.376953125,35.02261734008789,96.0
407_A3,TD,4-5yr,A3,4.181666666666667,119,6.295863917780537,13104.3929977417,13114.376953125,9.983955383300781,169.0
407_B1,TD,4-5yr,B1,4.181666666666667,40,6.137209520695617,13075.003421783447,13114.376953125,39.373531341552734,63.0
407_B2,TD,4-5yr,B2,4.181666666666667,60,6.392722397580917,13098.155252456665,13114.376953125,16.22170066833496,93.0
407_B3,TD,4-5yr,B3,4.181666666666667,114,6.194424993783008,13100.190706253052,13114.376953125,14.186246871948242,171.0
408_A1,TD,4-5yr,A1,4.4175,73,7.182328586148186,13099.021523475647,13114.376953125,15.355429649353027,98.0
408_A2,TD,4-5yr,A2,4.4175,117,6.2790065042233,13099.144194602966,13114.376953125,15.232758522033691,149.0
408_A3,TD,4-5yr,A3,4.4175,171,8.146155834375822,13104.894432067871,13114.376953125,9.482521057128906,230.0
408_B1,TD,4-5yr,B1,4.4175,52,6.223377409919669,13094.63770866394,13114.376953125,19.73924446105957,68.0
408_B2,TD,4-5yr,B2,4.4175,73,7.533889763241897,13097.88012123108,13114.376953125,16.4968318939209,113.0
408_B3,TD,4-5yr,B3,4.4175,134,6.638710992327067,13103.285083770752,13114.376953125,11.091869354248047,203.0
411_A1,TD,4-5yr,A1,4.516666666666667,113,30.12889557011198,250.63378143310547,270.8124694824219,20.178688049316406,158.0
411_A2,TD,4-5yr,A2,4.516666666666667,115,6.754450703341021,13102.055177688599,13114.376953125,12.321775436401367,148.0
411_A3,TD,4-5yr,A3,4.516666666666667,230,6.481515974938285,13106.037563323975,13114.376953125,8.33938980102539,318.0
411_B1,TD,4-5yr,B1,4.516666666666667,84,44.36432110830454,46.59823799133301,59.30703353881836,12.708795547485352,112.0
411_B2,TD,4-5yr,B2,4.516666666666667,98,6.252098805274043,13089.686641693115,13114.376953125,24.690311431884766,138.0
411_B3,TD,4-5yr,B3,4.516666666666667,237,30.230134606322295,261.17938327789307,270.8124694824219,9.633086204528809,313.0
412_A1,TD,4-5yr,A1,4.84,105,57.04462096873346,100.92234992980957,116.48088073730469,15.558530807495117,144.0
412_A2,TD,4-5yr,A2,4.84,132,27.605176570745552,103.97143459320068,116.48088073730469,12.509446144104004,185.0
412_A3,TD,4-5yr,A3,4.84,277,22.830257015993283,105.47311687469482,116.48088073730469,11.007763862609863,370.0
412_B1,TD,4-5yr,B1,4.84,61,27.274076074540837,87.0368881225586,116.48088073730469,29.443992614746094,87.0
412_B2,TD,4-5yr,B2,4.84,127,7.592985131510384,13091.848344802856,13114.376953125,22.528608322143555,164.0
412_B3,TD,4-5yr,B3,4.84,262,62.8587237558635,105.4664306640625,116.48088073730469,11.014450073242188,361.0
415_A1,TD,4-5yr,A1,4.6725,54,6.644702402695911,453.99024963378906,489.839111328125,35.84886169433594,78.0
415_A2,TD,4-5yr,A2,4.6725,90,43.750562589954754,101.46720886230469,116.48088073730469,15.013671875,125.0
415_A3,TD,4-5yr,A3,4.6725,164,37.654840780669346,104.31876754760742,116.48088073730469,12.162113189697266,236.0
415_B1,TD,4-5yr,B1,4.6725,64,51.513002297622975,47.455345153808594,116.48088073730469,69.0255355834961,90.0
415_B2,TD,4-5yr,B2,4.6725,69,38.0831670011464,92.38985443115234,116.48088073730469,24.091026306152344,107.0
415_B3,TD,4-5yr,B3,4.6725,111,56.07742935548116,95.41646385192871,116.48088073730469,21.064416885375977,166.0
416_A1,TD,4-5yr,A1,4.7725,61,8.474904482277987,13059.031597137451,13114.376953125,55.34535598754883,82.0
416_A2,TD,4-5yr,A2,4.7725,114,57.14849012519101,64.04594612121582,78.1746826171875,14.12873649597168,152.0
416_A3,TD,4-5yr,A3,4.7725,172,6.3671526752993355,13105.660022735596,13114.376953125,8.716930389404297,237.0
416_B1,TD,4-5yr,B1,4.7725,87,8.03239635758551,13099.900050163269,13114.376953125,14.476902961730957,113.0
416_B2,TD,4-5yr,B2,4.7725,139,6.118690739731823,13108.699553966522,13114.376953125,5.677399158477783,209.0
416_B3,TD,4-5yr,B3,4.7725,199,6.29581458336899,13107.790958404541,13114.376953125,6.585994720458984,292.0
419_A1,TD,4-5yr,A1,4.440833333333333,58,6.46831585192044,13081.762462615967,13114.376953125,32.6144905090332,81.0
419_A2,TD,4-5yr,A2,4.440833333333333,108,7.562777985821197,13103.426859855652,13114.376953125,10.950093269348145,146.0
419_A3,TD,4-5yr,A3,4.440833333333333,208,6.472552056980105,13104.213814735413,13114.376953125,10.163138389587402,284.0
419_B1,TD,4-5yr,B1,4.440833333333333,70,6.471916145656822,13100.843564987183,13114.376953125,13.533388137817383,101.0
419_B2,TD,4-5yr,B2,4.440833333333333,82,6.472388987024273,13103.349564552307,13114.376953125,11.027388572692871,139.0
419_B3,TD,4-5yr,B3,4.440833333333333,232,6.450864712427803,13106.513037204742,13114.376953125,7.863915920257568,351.0
423_A1,TD,4-5yr,A1,4.520833333333333,90,31.704902141329413,89.7150821685791,116.48088073730469,26.765798568725586,124.0
423_A2,TD,4-5yr,A2,4.520833333333333,108,7.858925347275459,13088.138851165771,13114.376953125,26.238101959228516,142.0
423_A3,TD,4-5yr,A3,4.520833333333333,179,6.003628050084044,599262.3300170898,599272.4375,10.10748291015625,231.0
423_B1,TD,4-5yr,B1,4.520833333333333,71,6.603889480916379,18849.510816574097,18875.791015625,26.28019905090332,100.0
423_B2,TD,4-5yr,B2,4.520833333333333,122,6.3847450508116,13095.172456741333,13114.376953125,19.204496383666992,173.0
423_B3,TD,4-5yr,B3,4.520833333333333,234,6.251430816339267,13102.771364212036,13114.376953125,11.605588912963867,299.0
439_A1,TD,4-5yr,A1,4.921666666666667,52,6.085565421759908,13086.916275024414,13114.376953125,27.460678100585938,73.0
439_A2,TD,4-5yr,A2,4.921666666666667,83,8.167827235355308,13077.42833328247,13114.376953125,36.9486198425293,124.0
439_A3,TD,4-5yr,A3,4.921666666666667,142,6.104999221974342,13104.256256103516,13114.376953125,10.120697021484375,253.0
439_B1,TD,4-5yr,B1,4.921666666666667,81,6.104104390288583,13098.685658454895,13114.376953125,15.69129467010498,113.0
439_B2,TD,4-5yr,B2,4.921666666666667,131,6.105002057581526,13104.273908615112,13114.376953125,10.103044509887695,188.0
439_B3,TD,4-5yr,B3,4.921666666666667,156,6.308914086642231,13104.508528709412,13114.376953125,9.868424415588379,250.0
443_A1,TD,4-5yr,A1,4.929166666666667,58,6.299959516876535,13102.384360313416,13114.376953125,11.992592811584473,87.0
443_A2,TD,4-5yr,A2,4.929166666666667,65,6.119196395729528,13103.187337875366,13114.376953125,11.189615249633789,100.0
443_A3,TD,4-5yr,A3,4.929166666666667,137,6.1272117293339825,13105.984842300415,13114.376953125,8.392110824584961,198.0
443_B1,TD,4-5yr,B1,4.929166666666667,48,6.248276679571424,13093.282888412476,13114.376953125,21.094064712524414,70.0
443_B2,TD,4-5yr,B2,4.929166666666667,92,6.442345684670708,13099.063139915466,13114.376953125,15.313813209533691,126.0
443_B3,TD,4-5yr,B3,4.929166666666667,126,7.356381159092525,13104.65918636322,13114.376953125,9.717766761779785,173.0
446_A1,TD,4-5yr,A1,4.42,47,6.444237656524761,13039.229751586914,13114.376953125,75.14720153808594,63.0
446_A2,TD,4-5yr,A2,4.42,85,6.2304296707288245,13103.852320671082,13114.376953125,10.524632453918457,115.0
446_A3,TD,4-5yr,A3,4.42,124,6.143118619473814,13105.066760063171,13114.376953125,9.310193061828613,161.0
446_B1,TD,4-5yr,B1,4.42,49,9.24520116273817,13020.44711303711,13114.376953125,93.92984008789062,61.0
446_B2,TD,4-5yr,B2,4.42,77,6.123661617584151,13098.739478111267,13114.376953125,15.63747501373291,109.0
446_B3,TD,4-5yr,B3,4.42,111,6.308801667102577,13103.870478630066,13114.376953125,10.506474494934082,149.0
450_A1,TD,4-5yr,A1,4.2716666666666665,35,23.413838221033274,52.339332580566406,116.48088073730469,64.14154815673828,51.0
450_A2,TD,4-5yr,A2,4.2716666666666665,83,6.4702387973579025,13091.953830718994,13114.376953125,22.42312240600586,118.0
450_A3,TD,4-5yr,A3,4.2716666666666665,102,6.489405136687592,33550.363335609436,33565.6328125,15.269476890563965,137.0
450_B1,TD,4-5yr,B1,4.2716666666666665,41,6.462132393485472,13048.990913391113,13114.376953125,65.38603973388672,55.0
450_B2,TD,4-5yr,B2,4.2716666666666665,42,30.0,45.50537109375,116.48088073730469,70.97550964355469,59.0
450_B3,TD,4-5yr,B3,4.2716666666666665,109,6.47244262492455,13103.633838653564,13114.376953125,10.743114471435547,160.0
454_A1,TD,4-5yr,A1,4.35,46,6.7701371577632035,13032.044319152832,13114.376953125,82.33263397216797,64.0
454_A2,TD,4-5yr,A2,4.35,81,6.021159566886039,57695.52323150635,57730.01171875,34.488487243652344,113.0
454_A3,TD,4-5yr,A3,4.35,152,6.022076098473804,57721.68631649017,57730.01171875,8.32540225982666,194.0
454_B1,TD,4-5yr,B1,4.35,29,,,,,
454_B2,TD,4-5yr,B2,4.35,69,6.101788881105473,13084.270914077759,13114.376953125,30.10603904724121,96.0
454_B3,TD,4-5yr,B3,4.35,133,6.0219431303179025,57717.89064025879,57730.01171875,12.121078491210938,194.0
455_A1,TD,4-5yr,A1,4.675,81,6.218788411582246,13099.168022155762,13114.376953125,15.208930969238281,119.0
455_A2,TD,4-5yr,A2,4.675,102,6.2452452281498845,13102.465507507324,13114.376953125,11.911445617675781,150.0
455_A3,TD,4-5yr,A3,4.675,185,6.960532792196286,13103.667966842651,13114.376953125,10.708986282348633,260.0
455_B1,TD,4-5yr,B1,4.675,77,6.103798625586376,13096.782180786133,13114.376953125,17.594772338867188,113.0
455_B2,TD,4-5yr,B2,4.675,97,6.094714523895637,13092.664161682129,13114.376953125,21.712791442871094,144.0
455_B3,TD,4-5yr,B3,4.675,191,10.043250956249645,13104.513907432556,13114.376953125,9.863045692443848,264.0
458_A1,TD,4-5yr,A1,4.266666666666667,62,,0.0,56.099708557128906,56.099708557128906,97.0
458_A2,TD,4-5yr,A2,4.266666666666667,49,23.389850661244946,93.02458381652832,116.48088073730469,23.456296920776367,83.0
458_A3,TD,4-5yr,A3,4.266666666666667,88,27.82836335813675,102.56505298614502,116.48088073730469,13.915827751159668,147.0
458_B1,TD,4-5yr,B1,4.266666666666667,49,7.078928918900846,774.2539367675781,1169.048828125,394.7948913574219,66.0
458_B2,TD,4-5yr,B2,4.266666666666667,122,34.39478372556755,106.18136024475098,116.48088073730469,10.299520492553711,194.0
458_B3,TD,4-5yr,B3,4.266666666666667,123,21.83039353226137,819.7248439788818,833.6219482421875,13.897104263305664,205.0
459_A1,TD,4-5yr,A1,4.67,84,6.472281419176496,13102.779468536377,13114.376953125,11.597484588623047,112.0
459_A2,TD,4-5yr,A2,4.67,130,27.42876808639145,105.5394983291626,116.48088073730469,10.94138240814209,185.0
459_A3,TD,4-5yr,A3,4.67,185,6.47348569623099,13109.161984920502,13114.376953125,5.214968204498291,245.0
459_B1,TD,4-5yr,B1,4.67,62,6.469717637560281,13089.191749572754,13114.376953125,25.185203552246094,82.0
459_B2,TD,4-5yr,B2,4.67,83,6.4725373176824945,13104.135698318481,13114.376953125,10.241254806518555,113.0
459_B3,TD,4-5yr,B3,4.67,141,6.472865765900854,13105.876432418823,13114.376953125,8.500520706176758,192.0
461_A1,TD,4-5yr,A1,4.6850000000000005,85,6.470235309705862,13091.935346603394,13114.376953125,22.441606521606445,110.0
461_A2,TD,4-5yr,A2,4.6850000000000005,111,53.95412997765538,44.976128578186035,59.30703353881836,14.330904960632324,154.0
461_A3,TD,4-5yr,A3,4.6850000000000005,138,6.104370459707276,13100.342020988464,13114.376953125,14.034932136535645,193.0
461_B1,TD,4-5yr,B1,4.6850000000000005,64,6.48034758279175,13099.866742134094,13114.376953125,14.510210990905762,86.0
461_B2,TD,4-5yr,B2,4.6850000000000005,123,6.216327244436364,13097.637189865112,13114.376953125,16.739763259887695,171.0
461_B3,TD,4-5yr,B3,4.6850000000000005,185,6.105248251247501,13105.806538581848,13114.376953125,8.570414543151855,263.0
463_A1,TD,4-5yr,A1,4.845833333333333,62,6.104102408121033,13098.673318862915,13114.376953125,15.703634262084961,94.0
463_A2,TD,4-5yr,A2,4.845833333333333,90,6.104378421773607,13100.391587257385,13114.376953125,13.985365867614746,124.0
463_A3,TD,4-5yr,A3,4.845833333333333,208,7.048210199036891,13105.141978263855,13114.376953125,9.23497486114502,285.0
463_B1,TD,4-5yr,B1,4.845833333333333,56,6.135411853179964,13082.463605880737,13114.376953125,31.913347244262695,83.0
463_B2,TD,4-5yr,B2,4.845833333333333,113,6.103513299775301,13095.005941390991,13114.376953125,19.37101173400879,170.0
463_B3,TD,4-5yr,B3,4.845833333333333,177,6.152461233846568,13104.310900688171,13114.376953125,10.066052436828613,245.0
465_A1,TD,4-5yr,A1,4.925,105,6.472273513208069,13102.737567901611,13114.376953125,11.639385223388672,146.0
465_A2,TD,4-5yr,A2,4.925,158,6.086816934318579,13108.168942928314,13114.376953125,6.208010196685791,226.0
465_A3,TD,4-5yr,A3,4.925,229,6.472945404461226,13106.298506736755,13114.376953125,8.078446388244629,335.0
465_B1,TD,4-5yr,B1,4.925,71,23.627257172800547,99.07452583312988,116.48088073730469,17.406354904174805,95.0
465_B2,TD,4-5yr,B2,4.925,93,36.65695507957662,95.43889999389648,116.48088073730469,21.041980743408203,129.0
465_B3,TD,4-5yr,B3,4.925,222,6.472798215540296,13105.518424034119,13114.376953125,8.858529090881348,315.0
466_A1,TD,4-5yr,A1,4.4383333333333335,67,36.11272457037623,91.12235450744629,116.48088073730469,25.3585262298584,99.0
466_A2,TD,4-5yr,A2,4.4383333333333335,66,6.525795060982948,13104.362494468689,13114.376953125,10.014458656311035,112.0
466_A3,TD,4-5yr,A3,4.4383333333333335,139,6.585448345149647,13102.601211547852,13114.376953125,11.775741577148438,210.0
466_B1,TD,4-5yr,B1,4.4383333333333335,44,21.958118242238204,97.4851245880127,116.48088073730469,18.995756149291992,73.0
466_B2,TD,4-5yr,B2,4.4383333333333335,104,6.385107999047019,13097.165487289429,13114.376953125,17.21146583557129,161.0
466_B3,TD,4-5yr,B3,4.4383333333333335,136,46.94536219151608,105.16906261444092,116.48088073730469,11.31181812286377,198.0
469_A1,TD,4-5yr,A1,4.595833333333333,56,6.192530326470651,13079.279781341553,13114.376953125,35.097171783447266,77.0
469_A2,TD,4-5yr,A2,4.595833333333333,67,6.607970435408106,13101.518007278442,13114.376953125,12.858945846557617,102.0
469_A3,TD,4-5yr,A3,4.595833333333333,127,30.243337439183023,104.84714698791504,116.48088073730469,11.633733749389648,172.0
469_B1,TD,4-5yr,B1,4.595833333333333,54,6.703256308520608,13085.981018066406,13114.376953125,28.39593505859375,82.0
469_B2,TD,4-5yr,B2,4.595833333333333,78,6.12569706883864,13101.550882339478,13114.376953125,12.826070785522461,118.0
469_B3,TD,4-5yr,B3,4.595833333333333,130,6.5002292220176905,479.95572090148926,489.839111328125,9.883390426635742,192.0
472_A1,TD,4-5yr,A1,4.755833333333333,38,6.229262583421646,13046.055549621582,13114.376953125,68.32140350341797,53.0
472_A2,TD,4-5yr,A2,4.755833333333333,66,6.504713693882804,13100.835570335388,13114.376953125,13.541382789611816,92.0
472_A3,TD,4-5yr,A3,4.755833333333333,114,6.154824504078241,13103.668189048767,13114.376953125,10.70876407623291,154.0
472_B1,TD,4-5yr,B1,4.755833333333333,41,6.111779824855471,13074.326766967773,13114.376953125,40.05018615722656,54.0
472_B2,TD,4-5yr,B2,4.755833333333333,60,6.271926134342957,13092.002498626709,13114.376953125,22.374454498291016,88.0
472_B3,TD,4-5yr,B3,4.755833333333333,114,6.338691919846777,13104.905422210693,13114.376953125,9.47153091430664,152.0
503_A1,TD,5-6yr,A1,5.514166666666666,98,6.105483352496135,13107.270114898682,13114.376953125,7.106838226318359,132.0
503_A2,TD,5-6yr,A2,5.514166666666666,139,6.105103715094819,13104.906757354736,13114.376953125,9.470195770263672,196.0
503_A3,TD,5-6yr,A3,5.514166666666666,192,6.105582028792052,13107.884404659271,13114.376953125,6.49254846572876,258.0
503_B1,TD,5-6yr,B1,5.514166666666666,67,6.103341666952545,13093.937475204468,13114.376953125,20.439477920532227,95.0
503_B2,TD,5-6yr,B2,5.514166666666666,145,6.1054531100791305,13107.08184671402,13114.376953125,7.295106410980225,200.0
503_B3,TD,5-6yr,B3,5.514166666666666,231,6.386760230091095,13106.238260269165,13114.376953125,8.138692855834961,319.0
504_A1,TD,5-6yr,A1,5.7524999999999995,103,25.85064055281094,107.03697395324707,116.48088073730469,9.443906784057617,137.0
504_A2,TD,5-6yr,A2,5.7524999999999995,167,7.168517185361511,13102.105553627014,13114.376953125,12.27139949798584,232.0
504_A3,TD,5-6yr,A3,5.7524999999999995,279,51.28731255310625,105.6255874633789,116.48088073730469,10.855293273925781,398.0
504_B1,TD,5-6yr,B1,5.7524999999999995,135,41.108579033625325,107.0792932510376,116.48088073730469,9.40158748626709,193.0
504_B2,TD,5-6yr,B2,5.7524999999999995,209,6.4724371962291425,13103.605067253113,13114.376953125,10.771885871887207,277.0
504_B3,TD,5-6yr,B3,5.7524999999999995,284,43.09473918222366,106.75587558746338,116.48088073730469,9.725005149841309,398.0
507_A1,TD,5-6yr,A1,5.426666666666667,75,6.1654837718875255,13093.513301849365,13114.376953125,20.863651275634766,100.0
507_A2,TD,5-6yr,A2,5.426666666666667,133,6.167025886673969,13102.83763885498,13114.376953125,11.539314270019531,196.0
507_A3,TD,5-6yr,A3,5.426666666666667,194,7.189112949088865,13105.410514831543,13114.376953125,8.966438293457031,265.0
507_B1,TD,5-6yr,B1,5.426666666666667,122,6.2790671939717555,13101.20051574707,13114.376953125,13.176437377929688,184.0
507_B2,TD,5-6yr,B2,5.426666666666667,133,6.439462025711385,13102.956534385681,13114.376953125,11.420418739318848,197.0
507_B3,TD,5-6yr,B3,5.426666666666667,262,6.167591004764912,13106.254603385925,13114.376953125,8.122349739074707,381.0
508_A1,TD,5-6yr,A1,5.6775,49,6.651147860526975,13084.705961227417,13114.376953125,29.670991897583008,68.0
508_A2,TD,5-6yr,A2,5.6775,76,6.7712772428771775,13098.98585987091,13114.376953125,15.391093254089355,100.0
508_A3,TD,5-6yr,A3,5.6775,148,6.237703804835098,13100.619170188904,13114.376953125,13.757782936096191,202.0
508_B1,TD,5-6yr,B1,5.6775,57,6.65913603284932,13074.114925384521,13114.376953125,40.262027740478516,80.0
508_B2,TD,5-6yr,B2,5.6775,60,6.158341994338987,13091.299272537231,13114.376953125,23.077680587768555,88.0
508_B3,TD,5-6yr,B3,5.6775,143,6.2917621905552,13102.12082195282,13114.376953125,12.256131172180176,202.0
511_A1,TD,5-6yr,A1,5.425,49,6.467232540627465,13076.021049499512,13114.376953125,38.35590362548828,65.0
511_A2,TD,5-6yr,A2,5.425,99,6.47147761578927,13098.51941204071,13114.376953125,15.85754108428955,140.0
511_A3,TD,5-6yr,A3,5.425,111,6.4699533043734965,13090.440753936768,13114.376953125,23.936199188232422,165.0
511_B1,TD,5-6yr,B1,5.425,55,6.465463100104462,13066.643238067627,13114.376953125,47.73371505737305,75.0
511_B2,TD,5-6yr,B2,5.425,86,6.551438827779018,13095.23268699646,13114.376953125,19.14426612854004,127.0
511_B3,TD,5-6yr,B3,5.425,122,6.471108494192055,13096.56311416626,13114.376953125,17.813838958740234,162.0
512_A1,TD,5-6yr,A1,5.420833333333333,150,6.266769135310548,13101.62302494049,13114.376953125,12.753928184509277,207.0
512_A2,TD,5-6yr,A2,5.420833333333333,149,6.728334795709291,21358.842885017395,21370.314453125,11.47156810760498,212.0
512_A3,TD,5-6yr,A3,5.420833333333333,182,6.020587897754853,57721.02033996582,57730.01171875,8.991378784179688,240.0
512_B1,TD,5-6yr,B1,5.420833333333333,152,6.852601611014393,13104.37509059906,13114.376953125,10.001862525939941,210.0
512_B2,TD,5-6yr,B2,5.420833333333333,150,6.244187415408337,13102.902178764343,13114.376953125,11.474774360656738,196.0
512_B3,TD,5-6yr,B3,5.420833333333333,273,6.221902915263286,13106.98617553711,13114.376953125,7.390777587890625,373.0
515_A1,TD,5-6yr,A1,5.846666666666667,35,,,,,
515_A2,TD,5-6yr,A2,5.846666666666667,64,6.383471074970117,13093.65421295166,13114.376953125,20.722740173339844,88.0
515_A3,TD,5-6yr,A3,5.846666666666667,125,6.19388882925465,13104.407296180725,13114.376953125,9.969656944274902,174.0
515_B1,TD,5-6yr,B1,5.846666666666667,32,,,,,
515_B2,TD,5-6yr,B2,5.846666666666667,49,6.15807592367932,13089.68543624878,13114.376953125,24.691516876220703,74.0
515_B3,TD,5-6yr,B3,5.846666666666667,97,6.161185865675397,13102.607460021973,13114.376953125,11.769493103027344,136.0
516_A1,TD,5-6yr,A1,5.595,62,7.663142745019605,13086.232248306274,13114.376953125,28.144704818725586,86.0
516_A2,TD,5-6yr,A2,5.595,85,6.431011221000587,13099.243117332458,13114.376953125,15.133835792541504,121.0
516_A3,TD,5-6yr,A3,5.595,129,6.199782694686732,13107.210369110107,13114.376953125,7.166584014892578,172.0
516_B1,TD,5-6yr,B1,5.595,68,9.960840670283982,13094.836069107056,13114.376953125,19.540884017944336,87.0
516_B2,TD,5-6yr,B2,5.595,83,6.439320349903619,13082.837324142456,13114.376953125,31.539628982543945,112.0
516_B3,TD,5-6yr,B3,5.595,137,6.220945612416027,13106.294430732727,13114.376953125,8.08252239227295,180.0
520_A1,TD,5-6yr,A1,5.76,81,6.253969698444298,13097.90843963623,13114.376953125,16.46851348876953,106.0
520_A2,TD,5-6yr,A2,5.76,113,6.118754755961124,13100.456638336182,13114.376953125,13.92031478881836,153.0
520_A3,TD,5-6yr,A3,5.76,167,6.2390483246501995,13100.812781333923,13114.376953125,13.56417179107666,224.0
520_B1,TD,5-6yr,B1,5.76,59,31.78433880529098,69.44528198242188,116.48088073730469,47.03559875488281,80.0
520_B2,TD,5-6yr,B2,5.76,103,7.692396615453892,13096.659454345703,13114.376953125,17.717498779296875,139.0
520_B3,TD,5-6yr,B3,5.76,177,6.472749972686117,13105.262742996216,13114.376953125,9.11421012878418,241.0
524_A1,TD,5-6yr,A1,5.678333333333334,52,7.107712284706925,12995.06356048584,13114.376953125,119.31339263916016,66.0
524_A2,TD,5-6yr,A2,5.678333333333334,58,8.261779557669483,13073.590763092041,13114.376953125,40.786190032958984,78.0
524_A3,TD,5-6yr,A3,5.678333333333334,120,6.438476761468172,13091.867099761963,13114.376953125,22.50985336303711,155.0
524_B1,TD,5-6yr,B1,5.678333333333334,75,6.32971592629919,22589.38035964966,22616.109375,26.729015350341797,97.0
524_B2,TD,5-6yr,B2,5.678333333333334,112,6.234808210877576,13093.18396949768,13114.376953125,21.192983627319336,143.0
524_B3,TD,5-6yr,B3,5.678333333333334,175,6.531410390768837,13103.203764915466,13114.376953125,11.173188209533691,267.0
528_A1,TD,5-6yr,A1,5.02,110,51.837891739232276,91.34764099121094,116.48088073730469,25.13323974609375,155.0
528_A2,TD,5-6yr,A2,5.02,135,6.158346514492511,13098.802585601807,13114.376953125,15.57436752319336,191.0
528_A3,TD,5-6yr,A3,5.02,206,6.473031456814059,13106.754573345184,13114.376953125,7.622379779815674,284.0
528_B1,TD,5-6yr,B1,5.02,195,46.641052828311665,104.19819164276123,116.48088073730469,12.282689094543457,268.0
528_B2,TD,5-6yr,B2,5.02,175,58.839349022878174,98.17266654968262,116.48088073730469,18.30821418762207,227.0
528_B3,TD,5-6yr,B3,5.02,234,6.4721373889721034,13102.01612663269,13114.376953125,12.36082649230957,312.0
532_A1,TD,5-6yr,A1,5.6075,56,30.720893593489603,87.73103141784668,116.48088073730469,28.749849319458008,77.0
532_A2,TD,5-6yr,A2,5.6075,111,6.107604129095595,13105.16647529602,13114.376953125,9.210477828979492,148.0
532_A3,TD,5-6yr,A3,5.6075,126,30.1130970306966,109.3818006515503,116.48088073730469,7.0990800857543945,161.0
532_B1,TD,5-6yr,B1,5.6075,44,26.234521958083388,68.59954452514648,116.48088073730469,47.8813362121582,57.0
532_B2,TD,5-6yr,B2,5.6075,88,50.1944742116711,96.33135986328125,116.48088073730469,20.149520874023438,116.0
532_B3,TD,5-6yr,B3,5.6075,146,6.472579227628517,13104.357815742493,13114.376953125,10.019137382507324,206.0
533_A1,TD,5-6yr,A1,5.5216666666666665,77,6.472173966312191,13102.209981918335,13114.376953125,12.166971206665039,110.0
533_A2,TD,5-6yr,A2,5.5216666666666665,68,6.239428432073861,13101.19499874115,13114.376953125,13.181954383850098,104.0
533_A3,TD,5-6yr,A3,5.5216666666666665,141,33.06830740255479,108.08541870117188,116.48088073730469,8.395462036132812,206.0
533_B1,TD,5-6yr,B1,5.5216666666666665,56,24.429860965118706,97.9343032836914,116.48088073730469,18.54657745361328,97.0
533_B2,TD,5-6yr,B2,5.5216666666666665,96,25.80328913031101,107.93453121185303,116.48088073730469,8.54634952545166,158.0
533_B3,TD,5-6yr,B3,5.5216666666666665,202,6.182542166064963,13107.207556724548,13114.376953125,7.16939640045166,295.0
536_A1,TD,5-6yr,A1,5.6675,141,6.0839352554663755,13104.1293258667,13114.376953125,10.247627258300781,182.0
536_A2,TD,5-6yr,A2,5.6675,145,6.472726062961774,13105.136024475098,13114.376953125,9.240928649902344,197.0
536_A3,TD,5-6yr,A3,5.6675,277,6.473308932355452,13108.225158691406,13114.376953125,6.15179443359375,382.0
536_B1,TD,5-6yr,B1,5.6675,156,6.21308200119592,13106.286969184875,13114.376953125,8.089983940124512,220.0
536_B2,TD,5-6yr,B2,5.6675,184,10.424797983234075,13098.476029396057,13114.376953125,15.900923728942871,239.0
536_B3,TD,5-6yr,B3,5.6675,315,6.473277315409543,13108.057592868805,13114.376953125,6.319360256195068,428.0
539_A1,TD,5-6yr,A1,5.9175,143,6.263444773038808,13103.898808479309,13114.376953125,10.478144645690918,199.0
539_A2,TD,5-6yr,A2,5.9175,227,6.481283898165453,13104.811858177185,13114.376953125,9.565094947814941,318.0
539_A3,TD,5-6yr,A3,5.9175,292,6.4728161265103275,13105.61334991455,13114.376953125,8.763603210449219,398.0
539_B1,TD,5-6yr,B1,5.9175,87,6.471569624159992,13099.007044792175,13114.376953125,15.369908332824707,127.0
539_B2,TD,5-6yr,B2,5.9175,151,6.471581071403424,13099.067713737488,13114.376953125,15.309239387512207,215.0
539_B3,TD,5-6yr,B3,5.9175,245,6.47271000414335,13105.050914764404,13114.376953125,9.326038360595703,347.0
543_A1,TD,5-6yr,A1,5.934166666666667,40,7.57073852524309,13062.695182800293,13114.376953125,51.68177032470703,58.0
543_A2,TD,5-6yr,A2,5.934166666666667,57,21.924604207066068,72.62641143798828,116.48088073730469,43.854469299316406,78.0
543_A3,TD,5-6yr,A3,5.934166666666667,95,6.201578672738407,13097.776184082031,13114.376953125,16.60076904296875,135.0
543_B1,TD,5-6yr,B1,5.934166666666667,43,6.532029741110333,13031.542945861816,13114.376953125,82.8340072631836,63.0
543_B2,TD,5-6yr,B2,5.934166666666667,44,6.835951720136219,13056.197940826416,13114.376953125,58.179012298583984,68.0
543_B3,TD,5-6yr,B3,5.934166666666667,104,6.354622547852745,13101.513634681702,13114.376953125,12.86331844329834,151.0
547_A1,TD,5-6yr,A1,5.25,68,7.2810626431193475,13074.619693756104,13114.376953125,39.757259368896484,99.0
547_A2,TD,5-6yr,A2,5.25,71,6.645864451368993,6283.81777381897,6305.14794921875,21.330175399780273,94.0
547_A3,TD,5-6yr,A3,5.25,120,6.103139110732559,13094.358922958374,13114.376953125,20.018030166625977,173.0
547_B1,TD,5-6yr,B1,5.25,64,8.384573047834747,13068.15565109253,13114.376953125,46.2213020324707,86.0
547_B2,TD,5-6yr,B2,5.25,78,6.311124437846551,13096.290187835693,13114.376953125,18.08676528930664,119.0
547_B3,TD,5-6yr,B3,5.25,136,6.211916795860926,13105.763485908508,13114.376953125,8.6134672164917,195.0
551_A1,TD,5-6yr,A1,5.025,200,6.5739058285262235,13104.606990814209,13114.376953125,9.769962310791016,293.0
551_A2,TD,5-6yr,A2,5.025,160,6.351662793305001,13102.610195159912,13114.376953125,11.76675796508789,266.0
551_A3,TD,5-6yr,A3,5.025,197,6.472244754924019,13102.585152626038,13114.376953125,11.791800498962402,292.0
551_B1,TD,5-6yr,B1,5.025,77,22.789249726556417,109.84308242797852,122.61848449707031,12.775402069091797,121.0
551_B2,TD,5-6yr,B2,5.025,192,6.7855658807184245,13106.232323646545,13114.376953125,8.14462947845459,292.0
551_B3,TD,5-6yr,B3,5.025,279,6.233778608248608,13105.452980995178,13114.376953125,8.923972129821777,415.0
557_A1,TD,5-6yr,A1,5.1691666666666665,72,6.472216230025827,13102.433974266052,13114.376953125,11.942978858947754,101.0
557_A2,TD,5-6yr,A2,5.1691666666666665,120,6.472409686748371,13103.459270477295,13114.376953125,10.917682647705078,152.0
557_A3,TD,5-6yr,A3,5.1691666666666665,222,6.0083546635578,599263.6819734573,599272.4375,8.755526542663574,290.0
557_B1,TD,5-6yr,B1,5.1691666666666665,110,6.746855099312885,13104.155252456665,13114.376953125,10.221700668334961,138.0
557_B2,TD,5-6yr,B2,5.1691666666666665,145,6.470949880340605,13095.722480773926,13114.376953125,18.65447235107422,203.0
557_B3,TD,5-6yr,B3,5.1691666666666665,227,6.472227606191839,13102.49426651001,13114.376953125,11.882686614990234,294.0
565_A1,TD,5-6yr,A1,5.341666666666667,56,7.352809157333962,13099.436018943787,13114.376953125,14.940934181213379,100.0
565_A2,TD,5-6yr,A2,5.341666666666667,77,6.673778800402633,13106.627047538757,13114.376953125,7.749905586242676,140.0
565_A3,TD,5-6yr,A3,5.341666666666667,140,6.618085149576832,13104.41102695465,13114.376953125,9.965926170349121,200.0
565_B1,TD,5-6yr,B1,5.341666666666667,36,10.531274467898701,13098.444037437439,13114.376953125,15.932915687561035,76.0
565_B2,TD,5-6yr,B2,5.341666666666667,43,6.506718167693141,13108.48822927475,13114.376953125,5.888723850250244,102.0
565_B3,TD,5-6yr,B3,5.341666666666667,141,28.651623161602977,166.91790676116943,173.799560546875,6.881653785705566,245.0
571_A1,TD,5-6yr,A1,5.3341666666666665,152,6.293203691369159,13101.563969612122,13114.376953125,12.812983512878418,198.0
571_A2,TD,5-6yr,A2,5.3341666666666665,99,6.003831661685271,599257.3923225403,599272.4375,15.045177459716797,134.0
571_A3,TD,5-6yr,A3,5.3341666666666665,268,6.287006301054181,13107.90821647644,13114.376953125,6.46873664855957,348.0
571_B1,TD,5-6yr,B1,5.3341666666666665,90,32.58748245042748,102.64488887786865,116.48088073730469,13.835991859436035,128.0
571_B2,TD,5-6yr,B2,5.3341666666666665,127,6.143055344241966,13102.886739730835,13114.376953125,11.490213394165039,170.0
571_B3,TD,5-6yr,B3,5.3341666666666665,242,7.536062016823491,13105.295896530151,13114.376953125,9.081056594848633,344.0
603_A1,TD,6-7yr,A1,6.591666666666667,142,6.917800239007506,13106.13037776947,13114.376953125,8.246575355529785,195.0
603_A2,TD,6-7yr,A2,6.591666666666667,239,7.35646985263975,13106.134684562683,13114.376953125,8.242268562316895,314.0
603_A3,TD,6-7yr,A3,6.591666666666667,305,6.363144169758442,13108.311092853546,13114.376953125,6.065860271453857,397.0
603_B1,TD,6-7yr,B1,6.591666666666667,91,6.155476822341695,13099.540244102478,13114.376953125,14.836709022521973,131.0
603_B2,TD,6-7yr,B2,6.591666666666667,140,31.444492217128705,104.49463367462158,116.48088073730469,11.986247062683105,208.0
603_B3,TD,6-7yr,B3,6.591666666666667,286,6.268956034590262,13106.924217700958,13114.376953125,7.452735424041748,398.0
604_A1,TD,6-7yr,A1,6.344166666666666,57,10.184329648527982,13093.943813323975,13114.376953125,20.43313980102539,80.0
604_A2,TD,6-7yr,A2,6.344166666666666,83,6.299953186248478,13102.42746925354,13114.376953125,11.949483871459961,119.0
604_A3,TD,6-7yr,A3,6.344166666666666,167,6.439888831458399,13099.448321342468,13114.376953125,14.928631782531738,234.0
604_B1,TD,6-7yr,B1,6.344166666666666,75,6.174931591579234,13093.840194702148,13114.376953125,20.536758422851562,98.0
604_B2,TD,6-7yr,B2,6.344166666666666,68,8.666163722829872,13101.01456451416,13114.376953125,13.362388610839844,90.0
604_B3,TD,6-7yr,B3,6.344166666666666,178,6.399019487108905,13099.180556297302,13114.376953125,15.196396827697754,236.0
608_A1,TD,6-7yr,A1,6.0975,87,6.310275078178199,13095.035375595093,13114.376953125,19.341577529907227,118.0
608_A2,TD,6-7yr,A2,6.0975,140,6.7765105716063125,13101.606725692749,13114.376953125,12.770227432250977,186.0
608_A3,TD,6-7yr,A3,6.0975,201,6.4729581377561045,13106.365991592407,13114.376953125,8.010961532592773,268.0
608_B1,TD,6-7yr,B1,6.0975,91,7.2097291506777195,13098.549681663513,13114.376953125,15.827271461486816,121.0
608_B2,TD,6-7yr,B2,6.0975,151,6.471166937105874,13096.872854232788,13114.376953125,17.504098892211914,202.0
608_B3,TD,6-7yr,B3,6.0975,329,6.472964850973446,13106.401570796967,13114.376953125,7.975382328033447,448.0
612_A1,TD,6-7yr,A1,6.6033333333333335,82,6.607319507358165,13103.796168327332,13114.376953125,10.580784797668457,106.0
612_A2,TD,6-7yr,A2,6.6033333333333335,110,8.435744761681942,13105.33325099945,13114.376953125,9.043702125549316,158.0
612_A3,TD,6-7yr,A3,6.6033333333333335,176,6.235614620938673,13106.795447826385,13114.376953125,7.581505298614502,247.0
612_B1,TD,6-7yr,B1,6.6033333333333335,57,7.181833229572932,13100.182249069214,13114.376953125,14.194704055786133,80.0
612_B2,TD,6-7yr,B2,6.6033333333333335,129,6.499094432044213,13104.235334396362,13114.376953125,10.141618728637695,176.0
612_B3,TD,6-7yr,B3,6.6033333333333335,185,8.175466943683714,13105.749044418335,13114.376953125,8.627908706665039,251.0
615_A1,TD,6-7yr,A1,6.5025,46,6.615086256634773,13043.662071228027,13114.376953125,70.71488189697266,65.0
615_A2,TD,6-7yr,A2,6.5025,60,6.640975163896867,13104.528112411499,13114.376953125,9.848840713500977,96.0
615_A3,TD,6-7yr,A3,6.5025,108,6.182045183798625,57717.00546646118,57730.01171875,13.00625228881836,161.0
615_B1,TD,6-7yr,B1,6.5025,33,6.2187744113046985,13038.852630615234,13114.376953125,75.52432250976562,52.0
615_B2,TD,6-7yr,B2,6.5025,57,7.043591525789933,13032.673774719238,13114.376953125,81.70317840576172,83.0
615_B3,TD,6-7yr,B3,6.5025,89,7.166062125148304,13104.996658325195,13114.376953125,9.380294799804688,129.0
616_A1,TD,6-7yr,A1,6.009166666666666,111,6.212791319601433,13103.261107444763,13114.376953125,11.115845680236816,147.0
616_A2,TD,6-7yr,A2,6.009166666666666,141,6.3017938553218915,13102.753876686096,13114.376953125,11.623076438903809,186.0
616_A3,TD,6-7yr,A3,6.009166666666666,208,6.230669279543876,13107.26932144165,13114.376953125,7.107631683349609,273.0
616_B1,TD,6-7yr,B1,6.009166666666666,60,9.156675633289739,13091.169576644897,13114.376953125,23.20737648010254,81.0
616_B2,TD,6-7yr,B2,6.009166666666666,148,6.2290493565948575,13106.847086429596,13114.376953125,7.529866695404053,204.0
616_B3,TD,6-7yr,B3,6.009166666666666,186,6.3116006066803045,13107.074830532074,13114.376953125,7.302122592926025,257.0
620_A1,TD,6-7yr,A1,6.753333333333333,38,7.599760936621872,13040.377433776855,13114.376953125,73.99951934814453,51.0
620_A2,TD,6-7yr,A2,6.753333333333333,89,8.94502311408713,13099.104323387146,13114.376953125,15.272629737854004,118.0
620_A3,TD,6-7yr,A3,6.753333333333333,171,6.241837957658088,13101.393522262573,13114.376953125,12.983430862426758,234.0
620_B1,TD,6-7yr,B1,6.753333333333333,62,7.180704308606681,13085.335988998413,13114.376953125,29.040964126586914,82.0
620_B2,TD,6-7yr,B2,6.753333333333333,106,47.08873322810722,91.08503723144531,116.48088073730469,25.395843505859375,146.0
620_B3,TD,6-7yr,B3,6.753333333333333,175,7.284943310774317,13104.672629356384,13114.376953125,9.704323768615723,248.0
624_A1,TD,6-7yr,A1,6.024166666666667,69,11.528403863646036,5060.7743282318115,5084.54736328125,23.773035049438477,92.0
624_A2,TD,6-7yr,A2,6.024166666666667,78,6.289642006999101,13103.917892456055,13114.376953125,10.459060668945312,105.0
624_A3,TD,6-7yr,A3,6.024166666666667,151,6.158980230519575,13106.184959411621,13114.376953125,8.191993713378906,200.0
624_B1,TD,6-7yr,B1,6.024166666666667,79,6.197573768117634,13098.096294403076,13114.376953125,16.280658721923828,105.0
624_B2,TD,6-7yr,B2,6.024166666666667,141,6.331717781877467,13096.988094329834,13114.376953125,17.388858795166016,192.0
624_B3,TD,6-7yr,B3,6.024166666666667,132,47.80087154233283,63.01342487335205,74.25362396240234,11.240199089050293,169.0
628_A1,TD,6-7yr,A1,6.595,44,6.133560697394474,13052.92875289917,13114.376953125,61.44820022583008,61.0
628_A2,TD,6-7yr,A2,6.595,80,6.352638331598222,13101.221682548523,13114.376953125,13.15527057647705,119.0
628_A3,TD,6-7yr,A3,6.595,127,6.3672365736628755,13106.124523162842,13114.376953125,8.252429962158203,181.0
628_B1,TD,6-7yr,B1,6.595,40,6.238146941884391,13049.777481079102,13114.376953125,64.59947204589844,52.0
628_B2,TD,6-7yr,B2,6.595,73,8.653663093134288,13097.658842086792,13114.376953125,16.718111038208008,97.0
628_B3,TD,6-7yr,B3,6.595,109,6.649672985221322,13100.587113380432,13114.376953125,13.789839744567871,150.0
632_A1,TD,6-7yr,A1,6.168333333333333,72,6.193621478812851,13099.692255973816,13114.376953125,14.684697151184082,98.0
632_A2,TD,6-7yr,A2,6.168333333333333,164,8.7046991686286,13106.340149879456,13114.376953125,8.036803245544434,226.0
632_A3,TD,6-7yr,A3,6.168333333333333,198,6.187307488048878,13107.277649402618,13114.376953125,7.099303722381592,269.0
632_B1,TD,6-7yr,B1,6.168333333333333,127,6.19875581076929,13104.729703903198,13114.376953125,9.647249221801758,185.0
632_B2,TD,6-7yr,B2,6.168333333333333,140,10.302041680289742,13099.797125816345,13114.376953125,14.579827308654785,195.0
632_B3,TD,6-7yr,B3,6.168333333333333,241,6.145046967110913,13106.42268371582,13114.376953125,7.9542694091796875,328.0
636_A1,TD,6-7yr,A1,6.921666666666667,77,6.894075636290543,13100.5424451828,13114.376953125,13.834507942199707,105.0
636_A2,TD,6-7yr,A2,6.921666666666667,84,47.22227296387362,86.40163040161133,116.48088073730469,30.07925033569336,107.0
636_A3,TD,6-7yr,A3,6.921666666666667,181,26.59911674656139,110.68677616119385,116.48088073730469,5.79410457611084,245.0
636_B1,TD,6-7yr,B1,6.921666666666667,90,8.912009042705337,13100.220588684082,13114.376953125,14.156364440917969,121.0
636_B2,TD,6-7yr,B2,6.921666666666667,138,44.65740052822693,49.23764991760254,59.30703353881836,10.06938362121582,196.0
636_B3,TD,6-7yr,B3,6.921666666666667,162,27.089960620440248,110.61983346939087,116.48088073730469,5.861047267913818,229.0
639_A1,TD,6-7yr,A1,6.175,51,30.648143829880095,78.64924240112305,116.48088073730469,37.83163833618164,74.0
639_A2,TD,6-7yr,A2,6.175,121,42.36502222598688,102.91701602935791,116.48088073730469,13.563864707946777,169.0
639_A3,TD,6-7yr,A3,6.175,140,6.473144274494066,13107.352492809296,13114.376953125,7.024460315704346,191.0
639_B1,TD,6-7yr,B1,6.175,96,6.470300578931093,13092.281265258789,13114.376953125,22.095687866210938,139.0
639_B2,TD,6-7yr,B2,6.175,75,6.470263553533345,13092.085035324097,13114.376953125,22.29191780090332,106.0
639_B3,TD,6-7yr,B3,6.175,155,45.56181140578943,108.11855030059814,116.48088073730469,8.362330436706543,223.0
647_A1,TD,6-7yr,A1,6.846666666666667,42,6.4666219269276155,13072.784873962402,13114.376953125,41.592079162597656,63.0
647_A2,TD,6-7yr,A2,6.846666666666667,68,6.951036934647302,13098.427436828613,13114.376953125,15.949516296386719,97.0
647_A3,TD,6-7yr,A3,6.846666666666667,144,6.472826099662051,13105.666206359863,13114.376953125,8.710746765136719,196.0
647_B1,TD,6-7yr,B1,6.846666666666667,50,7.10838694690389,13055.210758209229,13114.376953125,59.166194915771484,66.0
647_B2,TD,6-7yr,B2,6.846666666666667,75,6.471797426031747,13100.214365959167,13114.376953125,14.16258716583252,111.0
647_B3,TD,6-7yr,B3,6.846666666666667,145,6.472365020258051,13103.22254371643,13114.376953125,11.154409408569336,199.0
648_A1,TD,6-7yr,A1,6.5875,67,6.069437093238049,57706.63643836975,57730.01171875,23.375280380249023,100.0
648_A2,TD,6-7yr,A2,6.5875,94,6.196931195341049,13093.854875564575,13114.376953125,20.522077560424805,172.0
648_A3,TD,6-7yr,A3,6.5875,145,38.693568409631055,384.6330280303955,402.80694580078125,18.173917770385742,246.0
648_B1,TD,6-7yr,B1,6.5875,85,6.468725947359857,13099.574897766113,13114.376953125,14.802055358886719,129.0
648_B2,TD,6-7yr,B2,6.5875,169,47.02146449571842,82.73227977752686,95.79308319091797,13.060803413391113,244.0
648_B3,TD,6-7yr,B3,6.5875,171,146.27177881535982,36.90131187438965,56.099708557128906,19.198396682739258,284.0
651_A1,TD,6-7yr,A1,6.854166666666667,49,6.2347043040210925,13067.6763381958,13114.376953125,46.70061492919922,66.0
651_A2,TD,6-7yr,A2,6.854166666666667,84,6.9841282969303435,13104.896312713623,13114.376953125,9.480640411376953,111.0
651_A3,TD,6-7yr,A3,6.854166666666667,115,6.71213327031615,13104.864744186401,13114.376953125,9.512208938598633,175.0
651_B1,TD,6-7yr,B1,6.854166666666667,49,6.138119769132711,13092.080904006958,13114.376953125,22.296049118041992,70.0
651_B2,TD,6-7yr,B2,6.854166666666667,79,6.3636006882357785,13100.097548484802,13114.376953125,14.279404640197754,102.0
651_B3,TD,6-7yr,B3,6.854166666666667,133,6.220859441860214,13105.690627098083,13114.376953125,8.686326026916504,187.0
652_A1,TD,6-7yr,A1,6.1066666666666665,54,23.740575085141703,463.7133331298828,489.839111328125,26.125778198242188,70.0
652_A2,TD,6-7yr,A2,6.1066666666666665,88,48.01248060630111,100.83580589294434,116.48088073730469,15.645074844360352,116.0
652_A3,TD,6-7yr,A3,6.1066666666666665,117,6.4730272660353885,13106.732362747192,13114.376953125,7.644590377807617,159.0
652_B1,TD,6-7yr,B1,6.1066666666666665,50,27.11440145434649,81.4674072265625,116.48088073730469,35.01347351074219,72.0
652_B2,TD,6-7yr,B2,6.1066666666666665,81,6.84136236452621,13103.426047325134,13114.376953125,10.950905799865723,117.0
652_B3,TD,6-7yr,B3,6.1066666666666665,128,6.221093743503383,13107.073283195496,13114.376953125,7.3036699295043945,181.0
655_A1,TD,6-7yr,A1,6.684166666666667,62,6.216900627486298,13083.716003417969,13114.376953125,30.66094970703125,87.0
655_A2,TD,6-7yr,A2,6.684166666666667,125,9.862293001435425,13102.126605987549,13114.376953125,12.250347137451172,177.0
655_A3,TD,6-7yr,A3,6.684166666666667,183,6.332618379663472,13106.323351860046,13114.376953125,8.053601264953613,274.0
655_B1,TD,6-7yr,B1,6.684166666666667,82,6.3703897501877185,13092.883665084839,13114.376953125,21.493288040161133,121.0
655_B2,TD,6-7yr,B2,6.684166666666667,114,6.198149075484814,13101.113521575928,13114.376953125,13.263431549072266,160.0
655_B3,TD,6-7yr,B3,6.684166666666667,238,6.1882698806631335,13107.485756874084,13114.376953125,6.891196250915527,345.0
656_A1,TD,6-7yr,A1,6.6675,61,6.144062991423615,13091.684743881226,13114.376953125,22.692209243774414,85.0
656_A2,TD,6-7yr,A2,6.6675,99,10.115659010768361,13102.093083381653,13114.376953125,12.283869743347168,132.0
656_A3,TD,6-7yr,A3,6.6675,164,6.375603800229274,13102.920861244202,13114.376953125,11.45609188079834,227.0
656_B1,TD,6-7yr,B1,6.6675,44,9.949938400838837,13086.714723587036,13114.376953125,27.662229537963867,62.0
656_B2,TD,6-7yr,B2,6.6675,109,6.072877120169725,13102.575526237488,13114.376953125,11.801426887512207,162.0
656_B3,TD,6-7yr,B3,6.6675,178,6.088104072268553,57720.14841270447,57730.01171875,9.863306045532227,244.0
658_A1,TD,6-7yr,A1,6.275,106,8.772511565890316,13104.182668685913,13114.376953125,10.194284439086914,158.0
658_A2,TD,6-7yr,A2,6.275,113,6.138016653902561,13104.006052970886,13114.376953125,10.37090015411377,175.0
658_A3,TD,6-7yr,A3,6.275,276,6.138924688481884,13109.57144021988,13114.376953125,4.80551290512085,432.0
658_B1,TD,6-7yr,B1,6.275,56,9.41625553284994,13080.360614776611,13114.376953125,34.01633834838867,85.0
658_B2,TD,6-7yr,B2,6.275,128,6.429118399951209,13098.02554321289,13114.376953125,16.351409912109375,187.0
658_B3,TD,6-7yr,B3,6.275,275,6.9596506839275705,13105.024690628052,13114.376953125,9.352262496948242,394.0
659_A1,TD,6-7yr,A1,6.925833333333333,64,7.180724298028182,13086.329111099243,13114.376953125,28.047842025756836,90.0
659_A2,TD,6-7yr,A2,6.925833333333333,114,6.471703970560742,13099.71906375885,13114.376953125,14.657889366149902,160.0
659_A3,TD,6-7yr,A3,6.925833333333333,124,6.472622242423549,13104.585788726807,13114.376953125,9.79116439819336,169.0
659_B1,TD,6-7yr,B1,6.925833333333333,73,7.709037085320011,13090.562841415405,13114.376953125,23.814111709594727,101.0
659_B2,TD,6-7yr,B2,6.925833333333333,116,6.504218279334266,13097.99732017517,13114.376953125,16.3796329498291,155.0
659_B3,TD,6-7yr,B3,6.925833333333333,146,7.939574327978539,13102.044130325317,13114.376953125,12.332822799682617,202.0
663_A1,TD,6-7yr,A1,6.678333333333334,47,6.23763062474435,13084.788316726685,13114.376953125,29.58863639831543,64.0
663_A2,TD,6-7yr,A2,6.678333333333334,69,6.161996975419793,13093.265409469604,13114.376953125,21.111543655395508,94.0
663_A3,TD,6-7yr,A3,6.678333333333334,84,6.367159843963403,13105.699711799622,13114.376953125,8.677241325378418,123.0
663_B1,TD,6-7yr,B1,6.678333333333334,50,7.710488108928372,13095.68404006958,13114.376953125,18.692913055419922,68.0
663_B2,TD,6-7yr,B2,6.678333333333334,67,6.735339518930276,13096.729152679443,13114.376953125,17.64780044555664,94.0
663_B3,TD,6-7yr,B3,6.678333333333334,111,6.305581184881024,13105.815066337585,13114.376953125,8.56188678741455,152.0
664_A1,TD,6-7yr,A1,6.843333333333334,124,6.471733638815712,13099.876301765442,13114.376953125,14.500651359558105,163.0
664_A2,TD,6-7yr,A2,6.843333333333334,174,6.472396782687742,13103.390880584717,13114.376953125,10.986072540283203,231.0
664_A3,TD,6-7yr,A3,6.843333333333334,237,6.473317836736702,13108.272350788116,13114.376953125,6.104602336883545,330.0
664_B1,TD,6-7yr,B1,6.843333333333334,87,10.228618759868967,13097.910612106323,13114.376953125,16.466341018676758,118.0
664_B2,TD,6-7yr,B2,6.843333333333334,185,6.065248397761781,13104.936678886414,13114.376953125,9.440274238586426,250.0
664_B3,TD,6-7yr,B3,6.843333333333334,294,6.473136705468599,13107.312377929688,13114.376953125,7.0645751953125,411.0
669_A1,TD,6-7yr,A1,6.523333333333333,38,6.468920385351872,13084.966413497925,13114.376953125,29.410539627075195,52.0
669_A2,TD,6-7yr,A2,6.523333333333333,55,6.465827810403061,13068.576156616211,13114.376953125,45.80079650878906,79.0
669_A3,TD,6-7yr,A3,6.523333333333333,110,22.95231727239844,105.54982280731201,116.48088073730469,10.931057929992676,154.0
669_B1,TD,6-7yr,B1,6.523333333333333,41,6.468748494598238,13084.05541419983,13114.376953125,30.3215389251709,58.0
669_B2,TD,6-7yr,B2,6.523333333333333,62,6.46873284425005,13083.972469329834,13114.376953125,30.404483795166016,83.0
669_B3,TD,6-7yr,B3,6.523333333333333,134,6.472554652475567,13104.227570533752,13114.376953125,10.149382591247559,189.0
676_A1,TD,6-7yr,A1,6.845,81,7.395304838458108,13081.82190322876,13114.376953125,32.555049896240234,111.0
676_A2,TD,6-7yr,A2,6.845,106,6.472496799954193,13103.920959472656,13114.376953125,10.45599365234375,146.0
676_A3,TD,6-7yr,A3,6.845,163,6.4727610053412565,13105.321214675903,13114.376953125,9.05573844909668,231.0
676_B1,TD,6-7yr,B1,6.845,73,38.26214541601035,84.5460147857666,116.48088073730469,31.934865951538086,109.0
676_B2,TD,6-7yr,B2,6.845,98,6.471010548787414,13096.0440158844,13114.376953125,18.332937240600586,136.0
676_B3,TD,6-7yr,B3,6.845,184,6.472606506062686,13104.502388000488,13114.376953125,9.874565124511719,257.0
704_A1,TD,7-8yr,A1,7.175,51,6.135881234609801,13074.281127929688,13114.376953125,40.0958251953125,67.0
704_A2,TD,7-8yr,A2,7.175,69,8.204899238006838,13097.597555160522,13114.376953125,16.77939796447754,91.0
704_A3,TD,7-8yr,A3,7.175,107,6.361889357496532,13101.350675582886,13114.376953125,13.026277542114258,138.0
704_B1,TD,7-8yr,B1,7.175,49,6.448495045744865,12985.960510253906,13114.376953125,128.41644287109375,65.0
704_B2,TD,7-8yr,B2,7.175,74,8.812227135803894,13091.847749710083,13114.376953125,22.529203414916992,99.0
704_B3,TD,7-8yr,B3,7.175,114,6.196183797952793,13107.117391109467,13114.376953125,7.259562015533447,150.0
707_A1,TD,7-8yr,A1,7.35,90,6.2225355404054525,13102.937116622925,13114.376953125,11.439836502075195,117.0
707_A2,TD,7-8yr,A2,7.35,79,6.602025566723572,13103.026689529419,13114.376953125,11.350263595581055,108.0
707_A3,TD,7-8yr,A3,7.35,129,6.238667181562337,13106.259251594543,13114.376953125,8.117701530456543,171.0
707_B1,TD,7-8yr,B1,7.35,40,6.678155334388933,13066.618530273438,13114.376953125,47.7584228515625,56.0
707_B2,TD,7-8yr,B2,7.35,85,7.558615592097714,13097.972953796387,13114.376953125,16.40399932861328,121.0
707_B3,TD,7-8yr,B3,7.35,138,6.487832573571771,13105.867680549622,13114.376953125,8.509272575378418,193.0
708_A1,TD,7-8yr,A1,7.773333333333333,62,6.150036059255614,13096.847152709961,13114.376953125,17.529800415039062,84.0
708_A2,TD,7-8yr,A2,7.773333333333333,87,6.324758976913563,13101.150835990906,13114.376953125,13.226117134094238,119.0
708_A3,TD,7-8yr,A3,7.773333333333333,112,6.1192330317082995,13106.653375148773,13114.376953125,7.723577976226807,149.0
708_B1,TD,7-8yr,B1,7.773333333333333,87,6.473899697620572,13098.771020889282,13114.376953125,15.605932235717773,116.0
708_B2,TD,7-8yr,B2,7.773333333333333,99,7.281299582248232,13099.068097114563,13114.376953125,15.308856010437012,125.0
708_B3,TD,7-8yr,B3,7.773333333333333,141,6.413932031162565,13104.117547988892,13114.376953125,10.259405136108398,192.0
711_A1,TD,7-8yr,A1,7.588333333333333,82,6.471725071917249,13099.830898284912,13114.376953125,14.54605484008789,117.0
711_A2,TD,7-8yr,A2,7.588333333333333,136,6.022065217686288,57721.37571620941,57730.01171875,8.636002540588379,194.0
711_A3,TD,7-8yr,A3,7.588333333333333,259,17.737227078804963,1915.8142538070679,1924.19140625,8.377152442932129,351.0
711_B1,TD,7-8yr,B1,7.588333333333333,87,6.1751773954327875,13100.183101654053,13114.376953125,14.193851470947266,120.0
711_B2,TD,7-8yr,B2,7.588333333333333,104,6.0750805392543334,13102.737795829773,13114.376953125,11.63915729522705,144.0
711_B3,TD,7-8yr,B3,7.588333333333333,208,7.488924996427896,13103.135677337646,13114.376953125,11.241275787353516,283.0
712_A1,TD,7-8yr,A1,7.509166666666666,79,6.10492472256162,13103.792474746704,13114.376953125,10.584478378295898,109.0
712_A2,TD,7-8yr,A2,7.509166666666666,108,7.5612592397521805,13100.852880477905,13114.376953125,13.524072647094727,147.0
712_A3,TD,7-8yr,A3,7.509166666666666,216,6.3673922287741735,13106.986302375793,13114.376953125,7.390650749206543,306.0
712_B1,TD,7-8yr,B1,7.509166666666666,94,6.249839180766854,13102.382422447205,13114.376953125,11.99453067779541,133.0
712_B2,TD,7-8yr,B2,7.509166666666666,144,6.638531601716676,13100.507807731628,13114.376953125,13.869145393371582,192.0
712_B3,TD,7-8yr,B3,7.509166666666666,162,6.175545814124204,13106.121234893799,13114.376953125,8.255718231201172,217.0
716_A1,TD,7-8yr,A1,7.845833333333333,91,7.1103629991110875,13104.619963645935,13114.376953125,9.756989479064941,124.0
716_A2,TD,7-8yr,A2,7.845833333333333,113,6.408781550101512,13104.26856136322,13114.376953125,10.108391761779785,161.0
716_A3,TD,7-8yr,A3,7.845833333333333,181,8.734778447361006,13107.933156013489,13114.376953125,6.4437971115112305,242.0
716_B1,TD,7-8yr,B1,7.845833333333333,103,6.1764946378984495,13102.919894218445,13114.376953125,11.457058906555176,142.0
716_B2,TD,7-8yr,B2,7.845833333333333,134,6.267145394301361,13104.39179801941,13114.376953125,9.98515510559082,166.0
716_B3,TD,7-8yr,B3,7.845833333333333,236,9.043714371926281,13106.848221302032,13114.376953125,7.528731822967529,306.0
720_A1,TD,7-8yr,A1,7.849166666666667,116,6.292840874775658,13108.927817821503,13114.376953125,5.4491353034973145,154.0
720_A2,TD,7-8yr,A2,7.849166666666667,75,9.501765667692418,13097.410665512085,13114.376953125,16.96628761291504,99.0
720_A3,TD,7-8yr,A3,7.849166666666667,178,6.239977320079246,13106.248392105103,13114.376953125,8.128561019897461,249.0
720_B1,TD,7-8yr,B1,7.849166666666667,88,6.814417477238712,13105.92864894867,13114.376953125,8.448304176330566,117.0
720_B2,TD,7-8yr,B2,7.849166666666667,140,8.01595123751917,13099.368803024292,13114.376953125,15.008150100708008,177.0
720_B3,TD,7-8yr,B3,7.849166666666667,195,6.537497854021943,13105.28339767456,13114.376953125,9.093555450439453,260.0
724_A1,TD,7-8yr,A1,7.594166666666666,86,6.836920703911255,13102.278792381287,13114.376953125,12.098160743713379,110.0
724_A2,TD,7-8yr,A2,7.594166666666666,125,6.204504809225507,13104.80424118042,13114.376953125,9.572711944580078,174.0
724_A3,TD,7-8yr,A3,7.594166666666666,202,6.4170642706151035,13107.590243339539,13114.376953125,6.786709785461426,276.0
724_B1,TD,7-8yr,B1,7.594166666666666,87,6.329764666792075,13091.708703994751,13114.376953125,22.668249130249023,113.0
724_B2,TD,7-8yr,B2,7.594166666666666,162,6.065438243253321,13106.141334533691,13114.376953125,8.235618591308594,213.0
724_B3,TD,7-8yr,B3,7.594166666666666,196,6.266635706414517,13108.240248203278,13114.376953125,6.136704921722412,262.0
728_A1,TD,7-8yr,A1,7.01,85,6.486384562881609,13087.029907226562,13114.376953125,27.3470458984375,113.0
728_A2,TD,7-8yr,A2,7.01,84,9.08888530189582,13100.354175567627,13114.376953125,14.022777557373047,119.0
728_A3,TD,7-8yr,A3,7.01,181,6.163786827054726,13104.58512210846,13114.376953125,9.791831016540527,259.0
728_B1,TD,7-8yr,B1,7.01,143,6.480915963726185,13102.86862564087,13114.376953125,11.50832748413086,199.0
728_B2,TD,7-8yr,B2,7.01,175,6.200159685584705,13103.179251670837,13114.376953125,11.197701454162598,247.0
728_B3,TD,7-8yr,B3,7.01,222,6.391906403873389,13105.175476074219,13114.376953125,9.20147705078125,313.0
732_A1,TD,7-8yr,A1,7.9325,92,6.907493968403836,13101.982005119324,13114.376953125,12.39494800567627,134.0
732_A2,TD,7-8yr,A2,7.9325,158,6.5073877792502355,13106.741850852966,13114.376953125,7.635102272033691,245.0
732_A3,TD,7-8yr,A3,7.9325,258,6.065627528228795,13107.342433452606,13114.376953125,7.034519672393799,371.0
732_B1,TD,7-8yr,B1,7.9325,57,8.486984776196762,13090.58770942688,13114.376953125,23.789243698120117,85.0
732_B2,TD,7-8yr,B2,7.9325,103,6.403327104234981,13104.420035362244,13114.376953125,9.956917762756348,157.0
732_B3,TD,7-8yr,B3,7.9325,268,6.223411673915468,13108.570947170258,13114.376953125,5.806005954742432,402.0
736_A1,TD,7-8yr,A1,7.4325,45,6.328546047763257,13076.749347686768,13114.376953125,37.62760543823242,64.0
736_A2,TD,7-8yr,A2,7.4325,51,10.182201488165775,13074.991329193115,13114.376953125,39.385623931884766,68.0
736_A3,TD,7-8yr,A3,7.4325,110,6.345418200454578,13104.705965995789,13114.376953125,9.670987129211426,153.0
736_B1,TD,7-8yr,B1,7.4325,39,10.155532790577865,13054.129447937012,13114.376953125,60.24750518798828,54.0
736_B2,TD,7-8yr,B2,7.4325,65,6.273341409637452,13100.158040046692,13114.376953125,14.218913078308105,91.0
736_B3,TD,7-8yr,B3,7.4325,107,6.266467628732514,13103.167869567871,13114.376953125,11.209083557128906,153.0
743_A1,TD,7-8yr,A1,7.004166666666666,104,6.139958940016274,13094.718502044678,13114.376953125,19.658451080322266,143.0
743_A2,TD,7-8yr,A2,7.004166666666666,202,6.179232161251051,13104.071471214294,13114.376953125,10.305481910705566,280.0
743_A3,TD,7-8yr,A3,7.004166666666666,292,6.289932993585998,13106.67034959793,13114.376953125,7.706603527069092,414.0
743_B1,TD,7-8yr,B1,7.004166666666666,98,6.382540006814667,13102.619388580322,13114.376953125,11.757564544677734,135.0
743_B2,TD,7-8yr,B2,7.004166666666666,240,7.219844068449637,13100.051148414612,13114.376953125,14.325804710388184,340.0
743_B3,TD,7-8yr,B3,7.004166666666666,314,6.064942278889642,13102.994215965271,13114.376953125,11.382737159729004,442.0
744_A1,TD,7-8yr,A1,7.918333333333333,47,7.032088823116993,13073.315841674805,13114.376953125,41.06111145019531,66.0
744_A2,TD,7-8yr,A2,7.918333333333333,101,6.302325793782153,13099.532838821411,13114.376953125,14.844114303588867,145.0
744_A3,TD,7-8yr,A3,7.918333333333333,142,6.245434360889571,13105.292629241943,13114.376953125,9.08432388305664,191.0
744_B1,TD,7-8yr,B1,7.918333333333333,57,6.107387065242088,13083.859741210938,13114.376953125,30.5172119140625,80.0
744_B2,TD,7-8yr,B2,7.918333333333333,110,10.106714377697582,13103.809205055237,13114.376953125,10.567748069763184,170.0
744_B3,TD,7-8yr,B3,7.918333333333333,138,6.2216676106962225,13105.59811592102,13114.376953125,8.778837203979492,202.0
748_A1,TD,7-8yr,A1,7.433333333333334,90,6.5464806127050394,13102.45375919342,13114.376953125,11.92319393157959,109.0
748_A2,TD,7-8yr,A2,7.433333333333334,89,9.869407250262995,13104.974432945251,13114.376953125,9.402520179748535,116.0
748_A3,TD,7-8yr,A3,7.433333333333334,214,6.289466157371173,13105.091813087463,13114.376953125,9.285140037536621,273.0
748_B1,TD,7-8yr,B1,7.433333333333334,50,6.843635438996267,13021.08755493164,13114.376953125,93.28939819335938,64.0
748_B2,TD,7-8yr,B2,7.433333333333334,97,7.050556571219119,13103.034191131592,13114.376953125,11.342761993408203,122.0
748_B3,TD,7-8yr,B3,7.433333333333334,218,6.2259032637205936,13107.726843833923,13114.376953125,6.65010929107666,277.0
750_A1,TD,7-8yr,A1,7.846666666666667,56,6.248624666259408,13090.986921310425,13114.376953125,23.390031814575195,76.0
750_A2,TD,7-8yr,A2,7.846666666666667,81,9.341819368336932,13097.056550979614,13114.376953125,17.320402145385742,107.0
750_A3,TD,7-8yr,A3,7.846666666666667,124,6.416963162576075,13107.041940689087,13114.376953125,7.335012435913086,166.0
750_B1,TD,7-8yr,B1,7.846666666666667,69,6.21308422260641,13094.001190185547,13114.376953125,20.375762939453125,96.0
750_B2,TD,7-8yr,B2,7.846666666666667,92,6.264645386748011,13103.965537071228,13114.376953125,10.411416053771973,118.0
750_B3,TD,7-8yr,B3,7.846666666666667,135,6.22131318658664,13108.463567733765,13114.376953125,5.913385391235352,187.0
754_A1,TD,7-8yr,A1,7.190833333333333,46,6.163713735793054,13063.308502197266,13114.376953125,51.068450927734375,63.0
754_A2,TD,7-8yr,A2,7.190833333333333,82,7.506109805406554,13097.015827178955,13114.376953125,17.361125946044922,112.0
754_A3,TD,7-8yr,A3,7.190833333333333,151,6.064980739664692,13107.001430988312,13114.376953125,7.375522136688232,206.0
754_B1,TD,7-8yr,B1,7.190833333333333,67,6.162477213011657,13052.90119934082,13114.376953125,61.47575378417969,83.0
754_B2,TD,7-8yr,B2,7.190833333333333,74,6.172298601972655,13097.676601409912,13114.376953125,16.70035171508789,109.0
754_B3,TD,7-8yr,B3,7.190833333333333,140,6.221070438827213,13106.935758113861,13114.376953125,7.441195011138916,189.0
755_A1,TD,7-8yr,A1,7.501666666666667,112,6.744964664063507,13098.80216217041,13114.376953125,15.574790954589844,144.0
755_A2,TD,7-8yr,A2,7.501666666666667,105,6.94319353227366,13097.156608581543,13114.376953125,17.22034454345703,143.0
755_A3,TD,7-8yr,A3,7.501666666666667,196,6.210512268102052,13106.62185049057,13114.376953125,7.755102634429932,261.0
755_B1,TD,7-8yr,B1,7.501666666666667,100,6.219294890563106,13082.88208580017,13114.376953125,31.4948673248291,127.0
755_B2,TD,7-8yr,B2,7.501666666666667,136,6.124471073731247,13103.732201576233,13114.376953125,10.64475154876709,186.0
755_B3,TD,7-8yr,B3,7.501666666666667,270,7.685743906335798,13108.273516178131,13114.376953125,6.1034369468688965,355.0
758_A1,TD,7-8yr,A1,7.270833333333333,90,6.10504805401008,13104.560250282288,13114.376953125,9.816702842712402,137.0
758_A2,TD,7-8yr,A2,7.270833333333333,166,6.0896643148409675,13102.217063903809,13114.376953125,12.159889221191406,243.0
758_A3,TD,7-8yr,A3,7.270833333333333,190,42.34262918155517,108.77817869186401,116.48088073730469,7.702702045440674,268.0
758_B1,TD,7-8yr,B1,7.270833333333333,82,6.0724924904450255,13101.252139091492,13114.376953125,13.1248140335083,115.0
758_B2,TD,7-8yr,B2,7.270833333333333,158,6.505346006898849,13103.895756721497,13114.376953125,10.481196403503418,219.0
758_B3,TD,7-8yr,B3,7.270833333333333,204,6.1051180284003825,13104.995862007141,13114.376953125,9.381091117858887,289.0
759_A1,TD,7-8yr,A1,7.100833333333333,73,9.830866431138267,13099.526321411133,13114.376953125,14.850631713867188,93.0
759_A2,TD,7-8yr,A2,7.100833333333333,98,6.462242398944733,13100.790493965149,13114.376953125,13.586459159851074,139.0
759_A3,TD,7-8yr,A3,7.100833333333333,133,6.213740298583492,13107.810055732727,13114.376953125,6.566897392272949,199.0
759_B1,TD,7-8yr,B1,7.100833333333333,50,7.441904599998838,13089.645544052124,13114.376953125,24.731409072875977,70.0
759_B2,TD,7-8yr,B2,7.100833333333333,92,9.348970881144963,13103.3766746521,13114.376953125,11.00027847290039,131.0
759_B3,TD,7-8yr,B3,7.100833333333333,147,6.286254503999575,13104.34195613861,13114.376953125,10.03499698638916,202.0
760_A1,TD,7-8yr,A1,7.501666666666667,99,9.279175322069886,13103.679308891296,13114.376953125,10.697644233703613,131.0
760_A2,TD,7-8yr,A2,7.501666666666667,133,7.280710556905852,13105.829148292542,13114.376953125,8.547804832458496,183.0
760_A3,TD,7-8yr,A3,7.501666666666667,219,6.473522902021431,13109.359170913696,13114.376953125,5.017782211303711,294.0
760_B1,TD,7-8yr,B1,7.501666666666667,92,6.302677823417826,13104.708848953247,13114.376953125,9.66810417175293,127.0
760_B2,TD,7-8yr,B2,7.501666666666667,174,6.472957851646996,13106.364475250244,13114.376953125,8.01247787475586,225.0
760_B3,TD,7-8yr,B3,7.501666666666667,250,27.054859548101337,110.55694770812988,116.48088073730469,5.923933029174805,333.0
763_A1,TD,7-8yr,A1,7.425833333333333,79,52.5552162411675,84.10864639282227,116.48088073730469,32.37223434448242,103.0
763_A2,TD,7-8yr,A2,7.425833333333333,112,44.81149273627768,103.21214771270752,116.48088073730469,13.268733024597168,164.0
763_A3,TD,7-8yr,A3,7.425833333333333,183,26.29205743413775,109.28273105621338,116.48088073730469,7.198149681091309,261.0
763_B1,TD,7-8yr,B1,7.425833333333333,105,42.12748380811217,109.44104099273682,116.48088073730469,7.039839744567871,137.0
763_B2,TD,7-8yr,B2,7.425833333333333,147,32.0605185629188,106.93766021728516,116.48088073730469,9.543220520019531,197.0
763_B3,TD,7-8yr,B3,7.425833333333333,257,6.472825979100351,13105.665567398071,13114.376953125,8.711385726928711,339.0
764_A1,TD,7-8yr,A1,7.689166666666667,74,8.597493430493426,13096.179973602295,13114.376953125,18.196979522705078,102.0
764_A2,TD,7-8yr,A2,7.689166666666667,99,8.72829744545679,13103.55785560608,13114.376953125,10.819097518920898,131.0
764_A3,TD,7-8yr,A3,7.689166666666667,142,7.383299523870063,13107.331049919128,13114.376953125,7.045903205871582,182.0
764_B1,TD,7-8yr,B1,7.689166666666667,69,7.708205961197693,13091.450868606567,13114.376953125,22.926084518432617,98.0
764_B2,TD,7-8yr,B2,7.689166666666667,76,6.796486846055606,13098.945452690125,13114.376953125,15.431500434875488,107.0
764_B3,TD,7-8yr,B3,7.689166666666667,147,8.565805085349165,13106.005900382996,13114.376953125,8.371052742004395,199.0
768_A1,TD,7-8yr,A1,7.5175,156,7.709514510813831,13108.61282491684,13114.376953125,5.7641282081604,219.0
768_A2,TD,7-8yr,A2,7.5175,192,7.281330601283377,13108.30611038208,13114.376953125,6.070842742919922,261.0
768_A3,TD,7-8yr,A3,7.5175,310,7.750989645700953,13108.76190662384,13114.376953125,5.615046501159668,422.0
768_B1,TD,7-8yr,B1,7.5175,70,6.264035436097093,13103.311674118042,13114.376953125,11.065279006958008,101.0
768_B2,TD,7-8yr,B2,7.5175,172,6.114638951460995,13106.121399879456,13114.376953125,8.255553245544434,244.0
768_B3,TD,7-8yr,B3,7.5175,274,8.947992446953348,13108.566414356232,13114.376953125,5.8105387687683105,388.0
770_A1,TD,7-8yr,A1,7.425,81,6.471995903699236,13101.26627254486,13114.376953125,13.11068058013916,109.0
770_A2,TD,7-8yr,A2,7.425,136,34.095526009401546,109.35106945037842,116.48088073730469,7.1298112869262695,188.0
770_A3,TD,7-8yr,A3,7.425,272,6.47330810344878,13108.220765590668,13114.376953125,6.156187534332275,362.0
770_B1,TD,7-8yr,B1,7.425,84,7.758310586261094,13102.207501411438,13114.376953125,12.169451713562012,110.0
770_B2,TD,7-8yr,B2,7.425,163,6.473038450382338,13106.791638374329,13114.376953125,7.585314750671387,214.0
770_B3,TD,7-8yr,B3,7.425,282,6.473154785225011,13107.408198356628,13114.376953125,6.968754768371582,369.0
772_A1,TD,7-8yr,A1,7.009166666666666,123,6.471873343014392,13100.616716384888,13114.376953125,13.760236740112305,153.0
772_A2,TD,7-8yr,A2,7.009166666666666,199,6.472932111724071,13106.228056907654,13114.376953125,8.148896217346191,269.0
772_A3,TD,7-8yr,A3,7.009166666666666,255,6.473408306146322,13108.75182723999,13114.376953125,5.625125885009766,352.0
772_B1,TD,7-8yr,B1,7.009166666666666,63,6.470812254661619,13094.993082046509,13114.376953125,19.38387107849121,84.0
772_B2,TD,7-8yr,B2,7.009166666666666,122,6.471561352547724,13098.963206291199,13114.376953125,15.41374683380127,159.0
772_B3,TD,7-8yr,B3,7.009166666666666,275,6.473194186947846,13107.617022514343,13114.376953125,6.759930610656738,373.0
803_A1,TD,8-9yr,A1,8.1825,121,7.757815912791043,13105.104095458984,13114.376953125,9.272857666015625,170.0
803_A2,TD,8-9yr,A2,8.1825,209,6.031052843620978,599266.1094021797,599272.4375,6.328097820281982,290.0
803_A3,TD,8-9yr,A3,8.1825,281,6.453964594525962,13108.194274425507,13114.376953125,6.182678699493408,391.0
803_B1,TD,8-9yr,B1,8.1825,113,6.198019714601015,13093.59176826477,13114.376953125,20.785184860229492,160.0
803_B2,TD,8-9yr,B2,8.1825,202,6.538985457106779,13107.221393585205,13114.376953125,7.155559539794922,288.0
803_B3,TD,8-9yr,B3,8.1825,336,6.105765556957338,13106.938701152802,13114.376953125,7.438251972198486,472.0
804_A1,TD,8-9yr,A1,8.67,122,6.145548326014749,13100.754221916199,13114.376953125,13.62273120880127,160.0
804_A2,TD,8-9yr,A2,8.67,119,6.010734544777943,599261.8643054962,599272.4375,10.57319450378418,164.0
804_A3,TD,8-9yr,A3,8.67,201,6.844005583590734,13102.741646766663,13114.376953125,11.635306358337402,284.0
804_B1,TD,8-9yr,B1,8.67,116,6.197658502141836,13101.590650558472,13114.376953125,12.78630256652832,159.0
804_B2,TD,8-9yr,B2,8.67,251,6.867783143392813,16290.856630325317,16306.4345703125,15.577939987182617,338.0
804_B3,TD,8-9yr,B3,8.67,310,6.472868544578123,13105.891159057617,13114.376953125,8.485794067382812,408.0
808_A1,TD,8-9yr,A1,8.341666666666667,89,6.492523802703156,13086.927158355713,13114.376953125,27.44979476928711,129.0
808_A2,TD,8-9yr,A2,8.341666666666667,179,6.605784603042415,13104.134509086609,13114.376953125,10.242444038391113,258.0
808_A3,TD,8-9yr,A3,8.341666666666667,284,6.495982955091419,13105.08934211731,13114.376953125,9.28761100769043,402.0
808_B1,TD,8-9yr,B1,8.341666666666667,94,6.632398907976364,13105.603298187256,13114.376953125,8.77365493774414,132.0
808_B2,TD,8-9yr,B2,8.341666666666667,189,6.2782435659375455,13099.683720588684,13114.376953125,14.693232536315918,253.0
808_B3,TD,8-9yr,B3,8.341666666666667,245,6.335594618138887,13104.823395729065,13114.376953125,9.553557395935059,335.0
811_A1,TD,8-9yr,A1,8.918333333333333,62,6.647441066935476,13087.083274841309,13114.376953125,27.293678283691406,88.0
811_A2,TD,8-9yr,A2,8.918333333333333,182,10.323613996496643,13105.267000198364,13114.376953125,9.109952926635742,252.0
811_A3,TD,8-9yr,A3,8.918333333333333,256,6.9274743795281655,13107.041812896729,13114.376953125,7.335140228271484,361.0
811_B1,TD,8-9yr,B1,8.918333333333333,128,7.509123564890715,13101.737762451172,13114.376953125,12.639190673828125,168.0
811_B2,TD,8-9yr,B2,8.918333333333333,204,6.181468937346876,13104.997157096863,13114.376953125,9.379796028137207,266.0
811_B3,TD,8-9yr,B3,8.918333333333333,273,9.342245525296997,13106.652822971344,13114.376953125,7.724130153656006,378.0
812_A1,TD,8-9yr,A1,8.671666666666667,100,6.277385919938337,13102.297151565552,13114.376953125,12.079801559448242,133.0
812_A2,TD,8-9yr,A2,8.671666666666667,121,9.534250314638717,13099.346056938171,13114.376953125,15.030896186828613,162.0
812_A3,TD,8-9yr,A3,8.671666666666667,205,6.2900128823281385,13107.127601146698,13114.376953125,7.249351978302002,268.0
812_B1,TD,8-9yr,B1,8.671666666666667,82,10.08290891696371,13098.836624145508,13114.376953125,15.540328979492188,115.0
812_B2,TD,8-9yr,B2,8.671666666666667,121,6.180775154706817,13100.073816299438,13114.376953125,14.303136825561523,158.0
812_B3,TD,8-9yr,B3,8.671666666666667,259,6.715087789453145,13106.907330513,13114.376953125,7.469622611999512,346.0
815_A1,TD,8-9yr,A1,8.181666666666667,90,6.579742542113225,13100.029621124268,13114.376953125,14.347332000732422,115.0
815_A2,TD,8-9yr,A2,8.181666666666667,108,34.3078455883747,105.68705558776855,116.48088073730469,10.793825149536133,146.0
815_A3,TD,8-9yr,A3,8.181666666666667,197,31.052109744923495,108.37369728088379,116.48088073730469,8.107183456420898,273.0
815_B1,TD,8-9yr,B1,8.181666666666667,83,6.472017659867722,13101.38157749176,13114.376953125,12.995375633239746,116.0
815_B2,TD,8-9yr,B2,8.181666666666667,139,7.429277773353383,33556.04227924347,33565.6328125,9.590533256530762,180.0
815_B3,TD,8-9yr,B3,8.181666666666667,209,6.4730485240321345,13106.845027446747,13114.376953125,7.531925678253174,284.0
816_A1,TD,8-9yr,A1,8.608333333333333,109,6.7172648712183065,13104.314339637756,13114.376953125,10.062613487243652,147.0
816_A2,TD,8-9yr,A2,8.608333333333333,106,6.9059730810136655,13101.87122631073,13114.376953125,12.50572681427002,139.0
816_A3,TD,8-9yr,A3,8.608333333333333,177,6.186700067324368,13103.637725830078,13114.376953125,10.739227294921875,232.0
816_B1,TD,8-9yr,B1,8.608333333333333,93,6.049112472696685,13099.672998428345,13114.376953125,14.703954696655273,121.0
816_B2,TD,8-9yr,B2,8.608333333333333,142,6.174327692652893,13106.273889541626,13114.376953125,8.103063583374023,188.0
816_B3,TD,8-9yr,B3,8.608333333333333,177,6.641496513496244,13106.13029384613,13114.376953125,8.246659278869629,232.0
820_A1,TD,8-9yr,A1,8.42,70,6.283549390202667,13101.9959192276,13114.376953125,12.381033897399902,102.0
820_A2,TD,8-9yr,A2,8.42,96,6.889132589330689,15333.231845855713,15353.1103515625,19.87850570678711,131.0
820_A3,TD,8-9yr,A3,8.42,192,6.239893796802987,13100.865666389465,13114.376953125,13.511286735534668,263.0
820_B1,TD,8-9yr,B1,8.42,82,6.084842883614334,13103.486294746399,13114.376953125,10.890658378601074,116.0
820_B2,TD,8-9yr,B2,8.42,160,6.202676121417617,13103.228865623474,13114.376953125,11.148087501525879,215.0
820_B3,TD,8-9yr,B3,8.42,239,6.2405891029763865,13104.932427406311,13114.376953125,9.444525718688965,312.0
822_A1,TD,8-9yr,A1,8.853333333333333,154,6.471545440022824,13098.878871917725,13114.376953125,15.49808120727539,209.0
822_A2,TD,8-9yr,A2,8.853333333333333,196,6.472782723001975,13105.436315536499,13114.376953125,8.940637588500977,282.0
822_A3,TD,8-9yr,A3,8.853333333333333,354,6.4734050162514585,13108.734391212463,13114.376953125,5.642561912536621,505.0
822_B1,TD,8-9yr,B1,8.853333333333333,151,6.472364866047041,13103.221726417542,13114.376953125,11.155226707458496,201.0
822_B2,TD,8-9yr,B2,8.853333333333333,260,6.473091697086891,13107.073839187622,13114.376953125,7.30311393737793,360.0
822_B3,TD,8-9yr,B3,8.853333333333333,397,6.4734057902755655,13108.738493442535,13114.376953125,5.6384596824646,560.0
824_A1,TD,8-9yr,A1,8.0,61,6.6254669440215705,13090.63875579834,13114.376953125,23.738197326660156,88.0
824_A2,TD,8-9yr,A2,8.0,104,7.2938303952129795,13099.131649017334,13114.376953125,15.245304107666016,145.0
824_A3,TD,8-9yr,A3,8.0,211,6.472539133485649,13104.145321846008,13114.376953125,10.2316312789917,304.0
824_B1,TD,8-9yr,B1,8.0,43,6.4655144975364935,13066.91563796997,13114.376953125,47.4613151550293,61.0
824_B2,TD,8-9yr,B2,8.0,87,6.40390389383269,13085.142305374146,13114.376953125,29.234647750854492,111.0
824_B3,TD,8-9yr,B3,8.0,170,6.47251847370886,13104.035827636719,13114.376953125,10.34112548828125,229.0
826_A1,TD,8-9yr,A1,8.003333333333334,71,30.121321552966197,103.78836727142334,116.48088073730469,12.692513465881348,111.0
826_A2,TD,8-9yr,A2,8.003333333333334,130,6.140176618306866,13107.678312301636,13114.376953125,6.698640823364258,195.0
826_A3,TD,8-9yr,A3,8.003333333333334,147,6.4172041054298665,13108.34855890274,13114.376953125,6.0283942222595215,223.0
826_B1,TD,8-9yr,B1,8.003333333333334,62,6.4707862295293,13094.855152130127,13114.376953125,19.521800994873047,91.0
826_B2,TD,8-9yr,B2,8.003333333333334,92,6.47277122735392,13105.375390052795,13114.376953125,9.00156307220459,128.0
826_B3,TD,8-9yr,B3,8.003333333333334,140,6.472921539182763,13106.172023773193,13114.376953125,8.20492935180664,207.0
828_A1,TD,8-9yr,A1,8.44,63,6.265342962024852,13091.314661026001,13114.376953125,23.062292098999023,95.0
828_A2,TD,8-9yr,A2,8.44,78,7.690805918603783,13102.487161636353,13114.376953125,11.889791488647461,119.0
828_A3,TD,8-9yr,A3,8.44,126,6.217623860496758,13100.742218017578,13114.376953125,13.634735107421875,178.0
828_B1,TD,8-9yr,B1,8.44,71,6.8939848514470095,13093.840112686157,13114.376953125,20.536840438842773,102.0
828_B2,TD,8-9yr,B2,8.44,144,6.1984867129382275,13103.125863075256,13114.376953125,11.251090049743652,206.0
828_B3,TD,8-9yr,B3,8.44,141,7.288776137020012,13107.051160812378,13114.376953125,7.32579231262207,196.0
834_A1,TD,8-9yr,A1,8.676666666666666,79,7.3996561931380995,13100.507910728455,13114.376953125,13.86904239654541,127.0
834_A2,TD,8-9yr,A2,8.676666666666666,122,8.861175620778122,13094.433284759521,13114.376953125,19.943668365478516,178.0
834_A3,TD,8-9yr,A3,8.676666666666666,168,6.8795571904829735,13106.522136211395,13114.376953125,7.854816913604736,229.0
834_B1,TD,8-9yr,B1,8.676666666666666,100,6.918951967307089,13105.76438331604,13114.376953125,8.612569808959961,136.0
834_B2,TD,8-9yr,B2,8.676666666666666,150,6.3816748903730804,13101.067056655884,13114.376953125,13.309896469116211,206.0
834_B3,TD,8-9yr,B3,8.676666666666666,197,6.2217547759122365,13106.112302780151,13114.376953125,8.264650344848633,271.0
838_A1,TD,8-9yr,A1,8.514166666666666,49,6.030292638334066,22005.70558166504,22047.1875,41.48191833496094,70.0
838_A2,TD,8-9yr,A2,8.514166666666666,125,6.093014947608584,13105.334146499634,13114.376953125,9.042806625366211,179.0
838_A3,TD,8-9yr,A3,8.514166666666666,124,6.067412083244115,13103.817034721375,13114.376953125,10.559918403625488,174.0
838_B1,TD,8-9yr,B1,8.514166666666666,88,13.071705780729115,13091.090333938599,13114.376953125,23.286619186401367,120.0
838_B2,TD,8-9yr,B2,8.514166666666666,96,6.130569870117036,13088.35170173645,13114.376953125,26.025251388549805,129.0
838_B3,TD,8-9yr,B3,8.514166666666666,155,6.150836303591343,13103.171886444092,13114.376953125,11.205066680908203,231.0
842_A1,TD,8-9yr,A1,8.3475,72,6.202652783095962,13081.966800689697,13114.376953125,32.410152435302734,95.0
842_A2,TD,8-9yr,A2,8.3475,130,6.4090549539524595,13105.755934715271,13114.376953125,8.621018409729004,175.0
842_A3,TD,8-9yr,A3,8.3475,179,6.328251223221426,13106.829582214355,13114.376953125,7.547370910644531,253.0
842_B1,TD,8-9yr,B1,8.3475,112,6.938001489526297,13100.522819519043,13114.376953125,13.854133605957031,146.0
842_B2,TD,8-9yr,B2,8.3475,149,105.78237648667749,11.418716430664062,21.605939865112305,10.187223434448242,196.0
842_B3,TD,8-9yr,B3,8.3475,240,6.305856736568712,13107.381408691406,13114.376953125,6.99554443359375,319.0
843_A1,TD,8-9yr,A1,8.586666666666666,60,6.70402596990688,13081.6884765625,13114.376953125,32.6884765625,86.0
843_A2,TD,8-9yr,A2,8.586666666666666,88,8.913983655219493,13105.394129753113,13114.376953125,8.982823371887207,122.0
843_A3,TD,8-9yr,A3,8.586666666666666,151,6.4168550109152545,13107.955649375916,13114.376953125,6.421303749084473,212.0
843_B1,TD,8-9yr,B1,8.586666666666666,53,6.866241921043487,13069.852180480957,13114.376953125,44.52477264404297,82.0
843_B2,TD,8-9yr,B2,8.586666666666666,83,6.156166784398738,13105.146906852722,13114.376953125,9.230046272277832,123.0
843_B3,TD,8-9yr,B3,8.586666666666666,148,7.166390581412915,13106.356207847595,13114.376953125,8.020745277404785,202.0
847_A1,TD,8-9yr,A1,8.853333333333333,65,27.410646022561934,74.48841857910156,116.48088073730469,41.992462158203125,80.0
847_A2,TD,8-9yr,A2,8.853333333333333,101,40.64807029296405,107.77389907836914,116.48088073730469,8.706981658935547,139.0
847_A3,TD,8-9yr,A3,8.853333333333333,145,6.473273356127331,13108.036609172821,13114.376953125,6.340343952178955,196.0
847_B1,TD,8-9yr,B1,8.853333333333333,67,10.160917494880243,13078.688507080078,13114.376953125,35.688446044921875,82.0
847_B2,TD,8-9yr,B2,8.853333333333333,139,6.30113577087291,13104.80950641632,13114.376953125,9.5674467086792,199.0
847_B3,TD,8-9yr,B3,8.853333333333333,186,6.105630091261464,13108.183608055115,13114.376953125,6.193345069885254,268.0
850_A1,TD,8-9yr,A1,8.773333333333333,127,8.35652275171749,13107.151617527008,13114.376953125,7.225335597991943,171.0
850_A2,TD,8-9yr,A2,8.773333333333333,147,6.505861666301063,13106.84000825882,13114.376953125,7.53694486618042,195.0
850_A3,TD,8-9yr,A3,8.773333333333333,244,6.219034948536093,13109.07830286026,13114.376953125,5.29865026473999,325.0
850_B1,TD,8-9yr,B1,8.773333333333333,95,10.143931366440436,13104.19836807251,13114.376953125,10.178585052490234,134.0
850_B2,TD,8-9yr,B2,8.773333333333333,149,6.55228799495114,13103.008826255798,13114.376953125,11.36812686920166,211.0
850_B3,TD,8-9yr,B3,8.773333333333333,218,8.420042094061644,13105.841581344604,13114.376953125,8.535371780395508,304.0
851_A1,TD,8-9yr,A1,8.675,44,6.469654186837347,13088.85546875,13114.376953125,25.521484375,63.0
851_A2,TD,8-9yr,A2,8.675,66,29.424061401115832,101.61925506591797,116.48088073730469,14.861625671386719,92.0
851_A3,TD,8-9yr,A3,8.675,110,6.472833779082448,13105.706906318665,13114.376953125,8.67004680633545,158.0
851_B1,TD,8-9yr,B1,8.675,57,6.470229006668215,13091.901941299438,13114.376953125,22.475011825561523,82.0
851_B2,TD,8-9yr,B2,8.675,81,6.472569981625792,13104.308813095093,13114.376953125,10.068140029907227,110.0
851_B3,TD,8-9yr,B3,8.675,127,34.539128285844185,108.10986137390137,116.48088073730469,8.37101936340332,174.0
854_A1,TD,8-9yr,A1,8.775,79,7.312030587794421,13103.637442588806,13114.376953125,10.739510536193848,106.0
854_A2,TD,8-9yr,A2,8.775,141,6.384618754733398,13100.844226837158,13114.376953125,13.532726287841797,193.0
854_A3,TD,8-9yr,A3,8.775,237,10.223206190349025,13104.96556854248,13114.376953125,9.411384582519531,314.0
854_B1,TD,8-9yr,B1,8.775,86,42.7830837994811,83.52276229858398,116.48088073730469,32.9581184387207,108.0
854_B2,TD,8-9yr,B2,8.775,168,6.471699592731493,13099.695861816406,13114.376953125,14.68109130859375,219.0
854_B3,TD,8-9yr,B3,8.775,233,6.271251146601646,13105.298498153687,13114.376953125,9.078454971313477,313.0
863_A1,TD,8-9yr,A1,8.1,54,6.188864815392626,13095.67064857483,13114.376953125,18.7063045501709,72.0
863_A2,TD,8-9yr,A2,8.1,91,6.04310197702366,599252.7077350616,599272.4375,19.729764938354492,131.0
863_A3,TD,8-9yr,A3,8.1,174,7.352161222237941,13108.461143016815,13114.376953125,5.9158101081848145,243.0
863_B1,TD,8-9yr,B1,8.1,55,8.868586700943712,13088.632843017578,13114.376953125,25.744110107421875,73.0
863_B2,TD,8-9yr,B2,8.1,73,6.511137151213147,13079.731449127197,13114.376953125,34.645503997802734,99.0
863_B3,TD,8-9yr,B3,8.1,140,6.26716600510229,13107.205404758453,13114.376953125,7.171548366546631,189.0
866_A1,TD,8-9yr,A1,8.9375,89,7.63695831018199,13103.627818107605,13114.376953125,10.74913501739502,123.0
866_A2,TD,8-9yr,A2,8.9375,127,6.00553633258689,599262.4119920731,599272.4375,10.025507926940918,177.0
866_A3,TD,8-9yr,A3,8.9375,178,8.145802113426093,13107.727817058563,13114.376953125,6.649136066436768,253.0
866_B1,TD,8-9yr,B1,8.9375,78,6.267757070741897,13102.199009895325,13114.376953125,12.177943229675293,105.0
866_B2,TD,8-9yr,B2,8.9375,142,7.110597782624744,13108.153224468231,13114.376953125,6.223728656768799,191.0
866_B3,TD,8-9yr,B3,8.9375,269,6.572666568331635,13108.275382995605,13114.376953125,6.101570129394531,354.0
867_A1,TD,8-9yr,A1,8.685,102,6.471949987325978,13101.022921562195,13114.376953125,13.354031562805176,140.0
867_A2,TD,8-9yr,A2,8.685,138,6.472339734690786,13103.08853340149,13114.376953125,11.288419723510742,189.0
867_A3,TD,8-9yr,A3,8.685,266,6.51410885360302,13107.952835559845,13114.376953125,6.424117565155029,359.0
867_B1,TD,8-9yr,B1,8.685,132,43.288876762011725,99.90403366088867,116.48088073730469,16.576847076416016,169.0
867_B2,TD,8-9yr,B2,8.685,217,6.472398509599135,13103.400032997131,13114.376953125,10.976920127868652,270.0
867_B3,TD,8-9yr,B3,8.685,291,6.473133519130837,13107.29549074173,13114.376953125,7.081462383270264,375.0
868_A1,TD,8-9yr,A1,8.675,76,8.111452553390896,13101.515137672424,13114.376953125,12.861815452575684,104.0
868_A2,TD,8-9yr,A2,8.675,110,8.660379632273617,13104.706307411194,13114.376953125,9.670645713806152,158.0
868_A3,TD,8-9yr,A3,8.675,160,6.507477671453746,13107.57108783722,13114.376953125,6.805865287780762,227.0
868_B1,TD,8-9yr,B1,8.675,108,6.469320628656593,13105.958724021912,13114.376953125,8.418229103088379,155.0
868_B2,TD,8-9yr,B2,8.675,137,6.214865460996682,13102.368918418884,13114.376953125,12.008034706115723,201.0
868_B3,TD,8-9yr,B3,8.675,216,6.103024699057711,13107.392874717712,13114.376953125,6.984078407287598,306.0
904_A1,TD,9-10yr,A1,9.104166666666666,63,6.257958768897009,13086.635509490967,13114.376953125,27.741443634033203,84.0
904_A2,TD,9-10yr,A2,9.104166666666666,76,6.957871032720985,13097.985147476196,13114.376953125,16.39180564880371,106.0
904_A3,TD,9-10yr,A3,9.104166666666666,123,6.3666143203811885,13101.27382850647,13114.376953125,13.103124618530273,162.0
904_B1,TD,9-10yr,B1,9.104166666666666,79,6.703483567584928,13087.08113861084,13114.376953125,27.295814514160156,107.0
904_B2,TD,9-10yr,B2,9.104166666666666,88,7.427234714189914,13097.956453323364,13114.376953125,16.420499801635742,116.0
904_B3,TD,9-10yr,B3,9.104166666666666,154,6.149176228590939,13105.74806690216,13114.376953125,8.628886222839355,201.0
907_A1,TD,9-10yr,A1,9.265,68,7.1137753219026605,13080.794521331787,13114.376953125,33.58243179321289,91.0
907_A2,TD,9-10yr,A2,9.265,107,9.901852537654444,13103.541360855103,13114.376953125,10.835592269897461,145.0
907_A3,TD,9-10yr,A3,9.265,135,6.171359292280796,13100.872832298279,13114.376953125,13.504120826721191,187.0
907_B1,TD,9-10yr,B1,9.265,73,9.673415220974722,13058.491054534912,13114.376953125,55.88589859008789,94.0
907_B2,TD,9-10yr,B2,9.265,108,6.414182611220163,13091.503450393677,13114.376953125,22.873502731323242,143.0
907_B3,TD,9-10yr,B3,9.265,158,6.4311472123105276,13103.518149375916,13114.376953125,10.858803749084473,219.0
908_A1,TD,9-10yr,A1,9.765833333333333,111,6.127996905329924,13108.849091053009,13114.376953125,5.527862071990967,151.0
908_A2,TD,9-10yr,A2,9.765833333333333,192,7.202442657983572,13105.726058959961,13114.376953125,8.650894165039062,260.0
908_A3,TD,9-10yr,A3,9.765833333333333,347,6.721974669435757,13108.647894859314,13114.376953125,5.729058265686035,460.0
908_B1,TD,9-10yr,B1,9.765833333333333,120,6.122336557852316,13102.892490386963,13114.376953125,11.48446273803711,164.0
908_B2,TD,9-10yr,B2,9.765833333333333,170,6.114477869791943,13103.914359092712,13114.376953125,10.462594032287598,235.0
908_B3,TD,9-10yr,B3,9.765833333333333,351,6.104134515054878,13108.94309091568,13114.376953125,5.433862209320068,458.0
911_A1,TD,9-10yr,A1,9.168333333333333,77,6.29093223391717,13105.03692150116,13114.376953125,9.340031623840332,106.0
911_A2,TD,9-10yr,A2,9.168333333333333,98,6.083349480969803,13104.092122077942,13114.376953125,10.284831047058105,144.0
911_A3,TD,9-10yr,A3,9.168333333333333,189,6.197410365035918,13108.55966091156,13114.376953125,5.817292213439941,253.0
911_B1,TD,9-10yr,B1,9.168333333333333,95,6.389019385545028,13097.589975357056,13114.376953125,16.786977767944336,132.0
911_B2,TD,9-10yr,B2,9.168333333333333,145,8.104997318595048,13106.236600875854,13114.376953125,8.140352249145508,182.0
911_B3,TD,9-10yr,B3,9.168333333333333,183,10.205769451617357,13106.969259738922,13114.376953125,7.407693386077881,245.0
912_A1,TD,9-10yr,A1,9.836666666666666,161,6.238596132068274,13106.738649368286,13114.376953125,7.638303756713867,209.0
912_A2,TD,9-10yr,A2,9.836666666666666,269,6.185233468243357,13108.563500404358,13114.376953125,5.81345272064209,372.0
912_A3,TD,9-10yr,A3,9.836666666666666,444,7.2193949961627935,13108.647816181183,13114.376953125,5.729136943817139,620.0
912_B1,TD,9-10yr,B1,9.836666666666666,118,6.436827587708236,13101.521127700806,13114.376953125,12.855825424194336,158.0
912_B2,TD,9-10yr,B2,9.836666666666666,201,6.49572914363401,13107.883256435394,13114.376953125,6.493696689605713,277.0
912_B3,TD,9-10yr,B3,9.836666666666666,362,6.14251691869093,13108.676640987396,13114.376953125,5.70031213760376,492.0
915_A1,TD,9-10yr,A1,9.0125,63,6.646604995987032,13076.346416473389,13114.376953125,38.03053665161133,83.0
915_A2,TD,9-10yr,A2,9.0125,70,7.1260285222444715,13091.181634902954,13114.376953125,23.1953182220459,96.0
915_A3,TD,9-10yr,A3,9.0125,149,6.416011778340815,13101.882642745972,13114.376953125,12.49431037902832,195.0
915_B1,TD,9-10yr,B1,9.0125,52,6.33951941480134,13086.148254394531,13114.376953125,28.22869873046875,68.0
915_B2,TD,9-10yr,B2,9.0125,81,6.236145061827605,13103.118637084961,13114.376953125,11.258316040039062,106.0
915_B3,TD,9-10yr,B3,9.0125,156,8.565589405371567,13105.210781097412,13114.376953125,9.16617202758789,206.0
916_A1,TD,9-10yr,A1,9.266666666666667,109,6.215041891913694,13101.600192070007,13114.376953125,12.776761054992676,148.0
916_A2,TD,9-10yr,A2,9.266666666666667,202,56.48961433624716,105.91712284088135,116.48088073730469,10.56375789642334,269.0
916_A3,TD,9-10yr,A3,9.266666666666667,277,46.52623231108843,109.69730854034424,116.48088073730469,6.783572196960449,390.0
916_B1,TD,9-10yr,B1,9.266666666666667,132,38.29858156108674,104.62161827087402,116.48088073730469,11.859262466430664,172.0
916_B2,TD,9-10yr,B2,9.266666666666667,169,6.210797565171008,13106.028428077698,13114.376953125,8.348525047302246,218.0
916_B3,TD,9-10yr,B3,9.266666666666667,290,31.395752855523856,109.08114433288574,116.48088073730469,7.399736404418945,402.0
919_A1,TD,9-10yr,A1,9.171666666666667,74,10.269349266807243,13096.860759735107,13114.376953125,17.516193389892578,96.0
919_A2,TD,9-10yr,A2,9.171666666666667,92,10.11253425583356,13105.414548873901,13114.376953125,8.962404251098633,125.0
919_A3,TD,9-10yr,A3,9.171666666666667,170,6.417251741942998,13108.606888771057,13114.376953125,5.770064353942871,235.0
919_B1,TD,9-10yr,B1,9.171666666666667,84,9.960565666227017,13095.784603118896,13114.376953125,18.592350006103516,108.0
919_B2,TD,9-10yr,B2,9.171666666666667,111,6.62032126536918,13103.836094856262,13114.376953125,10.540858268737793,138.0
919_B3,TD,9-10yr,B3,9.171666666666667,195,6.3155032679779435,13108.069229125977,13114.376953125,6.3077239990234375,269.0
923_A1,TD,9-10yr,A1,9.7675,59,6.346506499996436,13079.67227935791,13114.376953125,34.704673767089844,79.0
923_A2,TD,9-10yr,A2,9.7675,97,9.389710529635733,13099.677802085876,13114.376953125,14.699151039123535,124.0
923_A3,TD,9-10yr,A3,9.7675,165,6.265385116461257,13102.141589164734,13114.376953125,12.235363960266113,217.0
923_B1,TD,9-10yr,B1,9.7675,72,6.2038663285705375,13097.22960472107,13114.376953125,17.147348403930664,101.0
923_B2,TD,9-10yr,B2,9.7675,121,7.030991871847393,13098.404734611511,13114.376953125,15.97221851348877,173.0
923_B3,TD,9-10yr,B3,9.7675,179,6.318875922742669,13105.246589660645,13114.376953125,9.130363464355469,240.0
927_A1,TD,9-10yr,A1,9.598333333333333,80,6.177015764056533,13102.301211357117,13114.376953125,12.0757417678833,105.0
927_A2,TD,9-10yr,A2,9.598333333333333,87,9.338956338874073,13105.340682983398,13114.376953125,9.036270141601562,116.0
927_A3,TD,9-10yr,A3,9.598333333333333,174,6.2400347919887995,13106.58466386795,13114.376953125,7.7922892570495605,228.0
927_B1,TD,9-10yr,B1,9.598333333333333,86,9.442994784276983,13100.850771903992,13114.376953125,13.5261812210083,119.0
927_B2,TD,9-10yr,B2,9.598333333333333,103,8.270624983001527,13098.05295753479,13114.376953125,16.32399559020996,132.0
927_B3,TD,9-10yr,B3,9.598333333333333,193,6.266392990547018,13106.836591720581,13114.376953125,7.540361404418945,245.0
931_A1,TD,9-10yr,A1,9.9375,75,6.329450695543304,13097.391416549683,13114.376953125,16.985536575317383,105.0
931_A2,TD,9-10yr,A2,9.9375,109,6.19646083120684,13105.096007347107,13114.376953125,9.280945777893066,159.0
931_A3,TD,9-10yr,A3,9.9375,156,6.213700770828769,13107.57600736618,13114.376953125,6.80094575881958,237.0
931_B1,TD,9-10yr,B1,9.9375,95,6.144156010770454,13097.906650543213,13114.376953125,16.47030258178711,131.0
931_B2,TD,9-10yr,B2,9.9375,182,6.340403654776594,13104.166902542114,13114.376953125,10.210050582885742,238.0
931_B3,TD,9-10yr,B3,9.9375,206,6.295452834770556,13106.517024040222,13114.376953125,7.859929084777832,274.0
939_A1,TD,9-10yr,A1,9.683333333333334,66,7.606713103365247,13096.656820297241,13114.376953125,17.72013282775879,91.0
939_A2,TD,9-10yr,A2,9.683333333333334,105,10.682049539449737,13104.721656799316,13114.376953125,9.655296325683594,141.0
939_A3,TD,9-10yr,A3,9.683333333333334,161,6.187395501542332,13107.805063724518,13114.376953125,6.571889400482178,217.0
939_B1,TD,9-10yr,B1,9.683333333333334,86,6.198133419718117,13101.020212173462,13114.376953125,13.356740951538086,123.0
939_B2,TD,9-10yr,B2,9.683333333333334,107,8.865984573599368,13099.329739570618,13114.376953125,15.047213554382324,147.0
939_B3,TD,9-10yr,B3,9.683333333333334,216,6.186335657432774,13107.392922401428,13114.376953125,6.984030723571777,298.0
947_A1,TD,9-10yr,A1,9.919166666666667,53,27.38488653820746,79.74874496459961,116.48088073730469,36.73213577270508,69.0
947_A2,TD,9-10yr,A2,9.919166666666667,73,9.362338758585013,13090.857772827148,13114.376953125,23.519180297851562,98.0
947_A3,TD,9-10yr,A3,9.919166666666667,130,44.93505535984971,106.74555206298828,116.48088073730469,9.735328674316406,181.0
947_B1,TD,9-10yr,B1,9.919166666666667,44,6.474406301200743,13011.957618713379,13114.376953125,102.4193344116211,58.0
947_B2,TD,9-10yr,B2,9.919166666666667,88,6.30909800421257,13099.935222625732,13114.376953125,14.441730499267578,109.0
947_B3,TD,9-10yr,B3,9.919166666666667,111,6.104586370602042,57717.884291648865,57730.01171875,12.127427101135254,149.0
949_A1,TD,9-10yr,A1,9.436666666666667,78,6.234149178121342,13105.185401916504,13114.376953125,9.191551208496094,105.0
949_A2,TD,9-10yr,A2,9.436666666666667,182,9.973104821223409,13105.460600852966,13114.376953125,8.916352272033691,249.0
949_A3,TD,9-10yr,A3,9.436666666666667,206,9.655632866555132,13107.732123851776,13114.376953125,6.644829273223877,288.0
949_B1,TD,9-10yr,B1,9.436666666666667,71,8.360690376378923,13088.183015823364,13114.376953125,26.193937301635742,95.0
949_B2,TD,9-10yr,B2,9.436666666666667,107,6.14177260982297,13098.196676254272,13114.376953125,16.18027687072754,141.0
949_B3,TD,9-10yr,B3,9.436666666666667,215,6.977806179304116,13107.84115409851,13114.376953125,6.535799026489258,282.0
951_A1,TD,9-10yr,A1,9.191666666666666,49,6.147576936945324,13078.200294494629,13114.376953125,36.176658630371094,67.0
951_A2,TD,9-10yr,A2,9.191666666666666,78,10.402642881982533,13098.384843826294,13114.376953125,15.992109298706055,113.0
951_A3,TD,9-10yr,A3,9.191666666666666,123,6.3938651017494275,13107.426896095276,13114.376953125,6.950057029724121,169.0
951_B1,TD,9-10yr,B1,9.191666666666666,54,7.709992204284424,13093.933809280396,13114.376953125,20.443143844604492,69.0
951_B2,TD,9-10yr,B2,9.191666666666666,77,8.069878297735885,13101.046935081482,13114.376953125,13.330018043518066,101.0
951_B3,TD,9-10yr,B3,9.191666666666666,136,6.34762756755404,13102.139258384705,13114.376953125,12.23769474029541,174.0
955_A1,TD,9-10yr,A1,9.679166666666667,170,6.38137647372373,21358.058038711548,21370.314453125,12.256414413452148,251.0
955_A2,TD,9-10yr,A2,9.679166666666667,235,100.54324983158045,47.12314987182617,56.099708557128906,8.976558685302734,338.0
955_A3,TD,9-10yr,A3,9.679166666666667,450,6.439898861209281,13106.228868484497,13114.376953125,8.14808464050293,671.0
955_B1,TD,9-10yr,B1,9.679166666666667,197,166.00115010266737,20.477582931518555,32.841392517089844,12.363809585571289,286.0
955_B2,TD,9-10yr,B2,9.679166666666667,511,10.52313341028578,13105.163249015808,13114.376953125,9.213704109191895,722.0
955_B3,TD,9-10yr,B3,9.679166666666667,397,6.802121014245977,13104.90394115448,13114.376953125,9.47301197052002,566.0
956_A1,TD,9-10yr,A1,9.17,71,7.081376424600728,13101.668761253357,13114.376953125,12.708191871643066,101.0
956_A2,TD,9-10yr,A2,9.17,108,6.174339373123894,13102.537742614746,13114.376953125,11.839210510253906,146.0
956_A3,TD,9-10yr,A3,9.17,213,6.21865166935898,13106.81405878067,13114.376953125,7.562894344329834,293.0
956_B1,TD,9-10yr,B1,9.17,86,8.4293455070832,13097.095670700073,13114.376953125,17.281282424926758,115.0
956_B2,TD,9-10yr,B2,9.17,138,6.668334723854791,13104.907119750977,13114.376953125,9.469833374023438,184.0
956_B3,TD,9-10yr,B3,9.17,250,9.905017670809075,13107.156626224518,13114.376953125,7.220326900482178,337.0
959_A1,TD,9-10yr,A1,9.0025,95,41.56984788381918,103.72729682922363,116.48088073730469,12.753583908081055,120.0
959_A2,TD,9-10yr,A2,9.0025,114,6.472167973855878,13102.17822265625,13114.376953125,12.19873046875,152.0
959_A3,TD,9-10yr,A3,9.0025,175,6.473331312565692,13108.343770980835,13114.376953125,6.033182144165039,234.0
959_B1,TD,9-10yr,B1,9.0025,88,6.781107146746647,13102.697455406189,13114.376953125,11.679497718811035,117.0
959_B2,TD,9-10yr,B2,9.0025,86,6.212150317925876,13097.576168060303,13114.376953125,16.800785064697266,119.0
959_B3,TD,9-10yr,B3,9.0025,205,6.47290138936397,13106.065232276917,13114.376953125,8.311720848083496,281.0
960_A1,TD,9-10yr,A1,9.258333333333333,109,6.4573827441413645,13102.126148223877,13114.376953125,12.250804901123047,143.0
960_A2,TD,9-10yr,A2,9.258333333333333,175,6.807313440280485,13104.401035308838,13114.376953125,9.97591781616211,232.0
960_A3,TD,9-10yr,A3,9.258333333333333,234,6.194664927395341,13106.680399417877,13114.376953125,7.696553707122803,313.0
960_B1,TD,9-10yr,B1,9.258333333333333,103,6.53957754690813,13101.094651222229,13114.376953125,13.282301902770996,127.0
960_B2,TD,9-10yr,B2,9.258333333333333,181,6.187751543426145,13105.056636810303,13114.376953125,9.320316314697266,235.0
960_B3,TD,9-10yr,B3,9.258333333333333,323,6.182958859998133,13106.92214679718,13114.376953125,7.454806327819824,415.0
963_A1,TD,9-10yr,A1,9.0125,62,6.471599237172512,13099.163990020752,13114.376953125,15.212963104248047,85.0
963_A2,TD,9-10yr,A2,9.0125,102,34.414519901848834,107.5698709487915,116.48088073730469,8.911009788513184,143.0
963_A3,TD,9-10yr,A3,9.0125,187,6.473450447678774,13108.975172042847,13114.376953125,5.40178108215332,250.0
963_B1,TD,9-10yr,B1,9.0125,76,6.472359475499513,13103.193157196045,13114.376953125,11.183795928955078,111.0
963_B2,TD,9-10yr,B2,9.0125,131,6.473184754704287,13107.567032814026,13114.376953125,6.809920310974121,170.0
963_B3,TD,9-10yr,B3,9.0125,193,6.473440862393833,13108.924371242523,13114.376953125,5.452581882476807,271.0
964_A1,TD,9-10yr,A1,9.426666666666666,112,6.021431740614803,599252.2002925873,599272.4375,20.237207412719727,133.0
964_A2,TD,9-10yr,A2,9.426666666666666,121,8.714641417913002,13105.629561424255,13114.376953125,8.747391700744629,163.0
964_A3,TD,9-10yr,A3,9.426666666666666,192,6.127907369437277,13108.299546718597,13114.376953125,6.077406406402588,240.0
964_B1,TD,9-10yr,B1,9.426666666666666,101,6.421842764563107,13094.784982681274,13114.376953125,19.591970443725586,126.0
964_B2,TD,9-10yr,B2,9.426666666666666,169,6.169404646894943,13099.962141990662,13114.376953125,14.414811134338379,203.0
964_B3,TD,9-10yr,B3,9.426666666666666,239,6.284098282593099,13103.362442016602,13114.376953125,11.014511108398438,293.0
967_A1,TD,9-10yr,A1,9.518333333333333,52,6.638763885210006,13019.351135253906,13114.376953125,95.02581787109375,65.0
967_A2,TD,9-10yr,A2,9.518333333333333,63,6.479394455730297,13079.432563781738,13114.376953125,34.94438934326172,90.0
967_A3,TD,9-10yr,A3,9.518333333333333,125,6.196842860974272,13105.17423915863,13114.376953125,9.202713966369629,168.0
967_B1,TD,9-10yr,B1,9.518333333333333,56,,0.0,11.059539794921875,11.059539794921875,87.0
967_B2,TD,9-10yr,B2,9.518333333333333,60,6.196292308146994,13090.047065734863,13114.376953125,24.32988739013672,85.0
967_B3,TD,9-10yr,B3,9.518333333333333,133,6.1618204569185755,13097.110961914062,13114.376953125,17.2659912109375,184.0
969_A1,TD,9-10yr,A1,9.273333333333333,89,6.472176366749618,13102.222703933716,13114.376953125,12.15424919128418,116.0
969_A2,TD,9-10yr,A2,9.273333333333333,100,6.4722504166454,13102.615159034729,13114.376953125,11.761794090270996,134.0
969_A3,TD,9-10yr,A3,9.273333333333333,190,6.473279368377355,13108.06847333908,13114.376953125,6.3084797859191895,256.0
969_B1,TD,9-10yr,B1,9.273333333333333,86,6.472356421509707,13103.176971435547,13114.376953125,11.199981689453125,113.0
969_B2,TD,9-10yr,B2,9.273333333333333,148,6.472210356151843,13102.402843475342,13114.376953125,11.974109649658203,194.0
969_B3,TD,9-10yr,B3,9.273333333333333,171,6.472915085173076,13106.137818336487,13114.376953125,8.239134788513184,232.0
971_A1,TD,9-10yr,A1,9.2525,69,8.480491060739801,13075.015727996826,13114.376953125,39.36122512817383,94.0
971_A2,TD,9-10yr,A2,9.2525,68,9.476872108601482,13073.648174285889,13114.376953125,40.72877883911133,96.0
