essay_id,n_windows,mean_nll_0,mean_gain_0,std_gain_0,mean_nll_2,mean_gain_2,std_gain_2,mean_nll_4,mean_gain_4,std_gain_4,mean_nll_8,mean_gain_8,std_gain_8,mean_nll_12,mean_gain_12,std_gain_12,mean_nll_16,mean_gain_16,std_gain_16,mean_nll_24,mean_gain_24,std_gain_24,mean_nll_32,mean_gain_32,std_gain_32,mean_nll_48,mean_gain_48,std_gain_48,mean_nll_64,mean_gain_64,std_gain_64,mean_nll_96,mean_gain_96,std_gain_96,mean_nll_128,mean_gain_128,std_gain_128,early_ratio,log_slope_local,log_slope_r2,auc_log_k,auc_linear_k,auc_local,stability_gain_128,stability_early_ratio,baseline_nll,score,score_bin,grade,token_count,token_count_z,baseline_nll_z
B7C17E1993BA,20,3.5595351403759374,0.0,0.0,3.395220623910427,0.16431451646551012,0.2035917528093265,3.208883874490857,0.3506512658850801,0.23754299864168177,2.9172042317688467,0.6423309086070906,0.24502786417208144,2.776553026586771,0.7829821137891662,0.29854375548364803,2.711374794691801,0.8481603456841361,0.31315343127575124,2.645220609009266,0.9143145313666713,0.2932826155713859,2.6103473894298075,0.9491877509461295,0.29493058689682156,2.5377658158540726,1.0217693245218646,0.26711351423645024,2.4972122579813005,1.062322882394637,0.26722495741680685,2.4591611295938494,1.100374010782088,0.282785040864603,2.403410351276398,1.1561247890995394,0.26291872308498276,0.7336235272186623,0.2514453681797828,0.9231544979746082,3.03158738741918,126.42958959700358,3.03158738741918,0.26291872308498276,0.21775738517086105,2.403410351276398,1,low,9,859,-0.5702775912187494,-0.12047650353088633
FFBA3014CDC7,20,3.4551003302297283,0.0,0.0,3.308558567985892,0.14654176224383608,0.16438590680778245,3.1507790431380274,0.3043212870917012,0.23748998496514506,2.9707742339000105,0.4843260963297178,0.24787793033747332,2.8823876809328794,0.572712649296849,0.28591382569428087,2.792414635978639,0.6626856942510893,0.3019762540750274,2.723028894327581,0.7320714359021474,0.30805655296562856,2.697543553635478,0.7575567765942504,0.28307350176107415,2.6375503303483128,0.8175499998814155,0.309044324585896,2.554751525633037,0.9003488045966913,0.2917048550000003,2.51032527256757,0.9447750576621582,0.26331553196354385,2.4489046329632402,1.0061956972664883,0.2865647408222627,0.6586051759626822,0.22036798798629145,0.9765310590186559,2.4646998933526723,105.37867364999987,2.4646998933526723,0.2865647408222627,0.16084994650151432,2.4489046329632402,2,low,10,980,0.1622445800919581,0.008918545666969079
1909DEE8C6B8,20,4.184972259690685,0.0,0.0,4.0431788612157105,0.14179339847497405,0.18437123705748676,3.9037562392652037,0.2812160204254812,0.19638032524336932,3.742521630972624,0.44245062871806085,0.302487823785973,3.5772474601864817,0.6077247995042032,0.28334194436396176,3.52180808596313,0.6631641737275547,0.2801279102023204,3.3978430289775132,0.7871292307131713,0.32337613984887836,3.324326853454113,0.8606454062365717,0.33865363151395683,3.1748761776834726,1.010096082007212,0.3601657622305682,3.078366398066282,1.1066058616244026,0.4152817581169375,2.9391017578542233,1.2458705018364615,0.43765573536853014,2.8907673306763173,1.2942049290143676,0.3926115611791546,0.5124104837342901,0.3157144509494021,0.9978477441370822,2.772349184326135,129.2269132481227,2.772349184326135,0.3926115611791546,0.14889162939541553,2.8907673306763173,2,low,10,826,-0.7700563652125788,1.2656665014395394
451E8369BB76,20,3.931378008473304,0.0,0.0,3.8403814354911447,0.09099657298215935,0.16398179478324468,3.642063049413264,0.28931495906004023,0.22738502926703394,3.369137163087726,0.5622408453855783,0.21156276555318462,3.232524586841464,0.6988534216318399,0.2467963620324171,3.087985058128834,0.8433929503444701,0.24541243272989693,2.90107312053442,1.0303048879388839,0.3183811163760898,2.8281526751816273,1.1032253332916766,0.3384136623381694,2.732816230505705,1.198561777967599,0.32329532150145324,2.631659121066332,1.299718887406972,0.3896437306093658,2.54220572412014,1.389172284353164,0.3697396618588093,2.4759846165776254,1.4553933918956787,0.3495545704009381,0.5794948328341206,0.37071219394335087,0.9842070630735944,3.2452326924290293,150.74586501117315,3.2452326924290293,0.3495545704009381,0.16379459282185824,2.4759846165776254,2,low,11,1035,0.495209203415007,0.08593956198238638
767FE7E8D2C6,20,3.32607851566807,0.0,0.0,3.112839365005493,0.213239150662576,0.16304594614976972,2.963903083279729,0.36217543238834027,0.1987803003691356,2.770454715937376,0.5556237997306932,0.2602317019388468,2.692168838903308,0.6339096767647613,0.2643669710840698,2.6180108532309534,0.7080676624371159,0.2904141931642403,2.5501434437930586,0.7759350718750108,0.29147112725054297,2.5246301939710976,0.8014483216969717,0.32744084121436123,2.459390865452588,0.8666876502154816,0.31154488745968056,2.426781572960317,0.8992969427077521,0.3039114099256079,2.3178163332864643,1.0082621823816047,0.32609188253378335,2.2936595948413014,1.0324189208267676,0.31930278501604564,0.6858336748323935,0.21017448742341283,0.9730142323258721,2.6896206793249906,110.57762651233182,2.6896206793249906,0.31930278501604564,0.19903603850117388,2.2936595948413014,2,low,10,1322,2.2326791469370986,-0.4326301193671447
BFC4CADADD49,20,3.2575463500715074,0.0,0.0,3.1603681230917573,0.09717822697974984,0.14653433664494434,3.0544914407655597,0.20305490930594744,0.1982916529015796,2.79116777703166,0.46637857303984703,0.23246119455483272,2.6664973981678486,0.5910489519036586,0.2619007621396646,2.60098212454468,0.6565642255268271,0.24845827614783006,2.530731102079153,0.7268152479923542,0.24387220592955156,2.4840580018237235,0.7734883482477839,0.26990872786528014,2.4448766792193055,0.8126696708522015,0.27408361063791753,2.393372754752636,0.8641735953188713,0.29786769930207774,2.3420417776331304,0.9155045724383767,0.29117295721218883,2.319012732617557,0.9385336174539501,0.2605814565212475,0.699563887021918,0.22511243344561419,0.9384379425591344,2.3345393878474736,102.12456401630396,2.3345393878474736,0.2605814565212475,0.16962012098631726,2.319012732617557,1,low,10,808,-0.8790266055728494,-0.3605206060779746
A2403E2ED72A,20,4.207502567768096,0.0,0.0,4.174356909841299,0.03314565792679791,0.2067498612570438,3.9432866049930455,0.26421596277505166,0.23801845336684244,3.784087632596493,0.42341493517160417,0.18458598384245714,3.725529365986586,0.4819732017815113,0.22253044897178975,3.5952138295397162,0.6122887382283807,0.31522705783356425,3.4897591724991797,0.7177433952689171,0.26760590019112346,3.3871626077219843,0.8203399600461125,0.29266963243131366,3.28994783423841,0.917554733529687,0.31005583593136005,3.211229404807091,0.9962731629610062,0.33836638090784404,3.0953821733593943,1.1121203944087028,0.34233031410831827,3.0203649282455443,1.1871376395225526,0.3763263102478578,0.5157689536949003,0.30013970074017615,0.9956138953172374,2.443150768168071,116.91373736504465,2.443150768168071,0.3763263102478578,0.23987455779328626,3.0203649282455443,2,low,10,828,-0.7579485607281043,1.6342685958483383
CC82A1D80D1A,20,3.6549339046401363,0.0,0.0,3.5722790259867905,0.08265487865334557,0.24773191143370354,3.3556327940896153,0.2993011105505209,0.27457081801969274,3.1293274300172924,0.5256064746228437,0.3084202120308689,2.9973907586187125,0.6575431460214237,0.30437023816593717,2.9083888046443462,0.7465450999957899,0.31221927249189607,2.8042278945446015,0.8507060100955346,0.3576708451144806,2.7619921900331974,0.8929417146069387,0.3360236985349554,2.666613990627229,0.9883199140129069,0.33069169048557917,2.641124515235424,1.013809389404712,0.33202930614510406,2.565747530758381,1.089186373881755,0.33487648832603617,2.534382213652134,1.1205516909880022,0.3451799382948628,0.6662299526205285,0.2705901137477369,0.9578273777710897,2.7319602997380263,120.72336581750139,2.7319602997380263,0.3451799382948628,0.15242650445184033,2.534382213652134,2,low,10,941,-0.07385760735529476,0.25203428128153726
CF165F9553A4,20,4.229543780511425,0.0,0.0,4.127893375232816,0.10165040527860955,0.20765037250316598,3.962368730083108,0.26717505042831735,0.2877307418336058,3.7428605195134876,0.4866832609979374,0.2936422776164508,3.6427879137918353,0.5867558667195901,0.268043643267858,3.5487432554364204,0.680800525075005,0.29218172934244707,3.445878503471613,0.7836652770398125,0.30204458585988475,3.4116519004106522,0.8178918801007733,0.3235530524574546,3.281265053153038,0.9482787273583873,0.3149439566105931,3.211915998160839,1.0176277823505864,0.321628870350113,3.1287694066762923,1.100774373835133,0.35689110445274,3.0962767146527765,1.1332670658586488,0.3655776874754264,0.6007414717899519,0.2765884296842149,0.9878882523502299,2.6130276203040297,118.419989831301,2.6130276203040297,0.3655776874754264,0.18105954090080847,3.0962767146527765,2,low,10,826,-0.7700563652125788,1.8501772545337163
B25D365F5C1C,20,4.113389618166033,0.0,0.0,4.029118567705154,0.08427105046087702,0.15058369894580673,3.787771022319794,0.3256185958462377,0.2033021622408797,3.5126047313213347,0.6007848868446966,0.2759769125114042,3.3563179075717926,0.7570717105942387,0.2939185656466765,3.170923173427582,0.9424664447384495,0.26332690136965076,3.0390660896897317,1.0743235284763,0.2749828729197,2.9618039928376674,1.151585625328364,0.2566086489018615,2.8596763402223586,1.2537132779436728,0.2791565491147819,2.8271661162376405,1.2862235019283912,0.31228886064136924,2.7005248606204986,1.4128647575455329,0.3464011032694081,2.688947546482086,1.4244420716839454,0.34981112044162327,0.6616390118443255,0.36301693433800325,0.9637001105617479,3.377746694004105,153.576760560178,3.377746694004105,0.34981112044162327,0.18913650451791775,2.688947546482086,1,low,9,826,-0.7700563652125788,0.6916497253385161
47DAF3375BF3,20,3.5484005747302882,0.0,0.0,3.393421783670783,0.1549787910595056,0.219258656198039,3.1868446718901398,0.3615559028401491,0.2591801681308991,2.986737472563982,0.5616631021663065,0.2637449226827624,2.8547368042171,0.6936637705131885,0.31891122852810666,2.736113910377026,0.812286664353263,0.34564963913476554,2.6519824255257847,0.8964181492045042,0.3520166950482871,2.602536681853235,0.945863892877054,0.339563833734683,2.5476267533376813,1.0007738213926074,0.33343403089233664,2.50552844516933,1.042872129560959,0.3456071592279008,2.4669476259499787,1.08145294878031,0.330604447622187,2.4068077355623245,1.1415928391679642,0.3354966893816868,0.7115379813921119,0.2548401401281732,0.9474893779712596,2.922025847197161,123.7246567150398,2.922025847197161,0.3354966893816868,0.19867522960715286,2.4068077355623245,2,low,10,947,-0.037534193901871245,-0.11081364722187795
754CED955EFD,20,4.030219126516775,0.0,0.0,3.950079420208931,0.08013970630784192,0.1972369131277945,3.7149766601622103,0.31524246635456243,0.22278697578327009,3.444642013311386,0.5855771132053869,0.2773043411116891,3.2516219541430473,0.7785971723737256,0.3457862980213,3.168397781252861,0.8618213452639119,0.3789649317019427,3.0873157277703287,0.9429033987464444,0.3795651310868473,3.0492814272642135,0.9809376992525592,0.3874874031821593,2.919527570903301,1.1106915556134715,0.4321143884368068,2.829289411008358,1.2009297155084149,0.4223313822862493,2.680678370594978,1.3495407559217945,0.4350206661037289,2.6272828698158266,1.4029362567009465,0.4704738146263805,0.6142982912784041,0.33939393893704606,0.9783839743879728,3.1385639204501627,143.27377396531162,3.1385639204501627,0.4704738146263805,0.2273268710879952,2.6272828698158266,2,low,9,874,-0.4794690575851907,0.5162627629522488
4801AC90F66F,20,4.493928783170639,0.0,0.0,4.264324986934662,0.22960379623597665,0.221491590268474,4.111074429750443,0.382854353420196,0.31245932691396144,3.763756388425827,0.7301723947448115,0.4327421749908015,3.625757856667042,0.8681709265035968,0.5081169943502639,3.541611298918724,0.9523174842519145,0.4873151113715639,3.2024045079946517,1.2915242751759868,0.43321713534122114,3.0713024109601976,1.422626372210441,0.46663665145502764,2.938359132409096,1.5555696507615429,0.44370192002177267,2.8568066984415053,1.637122084729133,0.46353986902061195,2.739453388750553,1.7544753944200853,0.5178554730213246,2.702896851301193,1.7910319318694452,0.5375978289566368,0.5317144084962816,0.44895179893134285,0.980566436950379,4.1811915707353196,190.09852748820856,4.1811915707353196,0.5375978289566368,0.19627358543353016,2.702896851301193,1,low,8,785,-1.0182663571443062,0.731324403483094
392CC0403D93,20,4.236721141107622,0.0,0.0,4.062598669342696,0.17412247176492412,0.20057380849457018,3.876426069624722,0.36029507148289874,0.2725236890543963,3.7168052937835454,0.5199158473240754,0.21495374176999257,3.6165760789066552,0.6201450622009655,0.24732518637561132,3.553505071438849,0.6832160696687719,0.29200799774934405,3.422349799796939,0.8143713413106818,0.30011451681571394,3.3290618304163218,0.9076593106912991,0.34460055399107226,3.2011947821825744,1.0355263589250465,0.3394985019566413,3.1518505819141867,1.0848705591934342,0.3387059823252046,3.1039780631661413,1.132743077941479,0.34431611964436504,3.042836015112698,1.1938851259949226,0.33470397375127253,0.5722628205954192,0.2751556207579685,0.990149958881945,2.8622995771828634,125.45080834636164,2.8622995771828634,0.33470397375127253,0.16632595420509078,3.042836015112698,2,low,10,1114,0.9734674805517499,1.6981809664341472
F359E262A14A,20,4.4501921380719835,0.0,0.0,4.296678735502065,0.1535134025699188,0.15470085032736602,4.053237724490463,0.3969544135815193,0.2112585878195654,3.8151471402496098,0.635044997822373,0.25819761495002036,3.7275571364909412,0.7226350015810419,0.2669141277286456,3.680246615409851,0.7699455226621319,0.24872541330260745,3.543494176864624,0.9066979612073588,0.297364799733287,3.462138606607914,0.9880535314640693,0.2752035908577121,3.3733978658914565,1.0767942721805266,0.31739975885516186,3.3516550242900847,1.0985371137818984,0.3055418022638088,3.2186546504497526,1.2315374876222305,0.33362699054611744,3.185637670755386,1.264554467316597,0.3631788365746819,0.6088670299002363,0.28457473823857155,0.9768282579766652,3.102060500815182,133.89417941332945,3.102060500815182,0.3631788365746819,0.18151855891411528,3.185637670755386,2,low,11,845,-0.655032222610071,2.10433810470071
D43178C538DF,20,4.472988710095806,0.0,0.0,4.268674418330193,0.20431429176561294,0.21363409700520897,4.080168589949608,0.39282012014619766,0.23719975010718716,3.8970815241336823,0.5759071859621233,0.3253014843733086,3.800297462940216,0.6726912471555895,0.3150740895226023,3.697460374236107,0.7755283358596987,0.3325553658400741,3.5934842571616175,0.8795044529341883,0.3502153674697895,3.5184993743896484,0.954489335706157,0.3599463941503604,3.431171488761902,1.0418172213339036,0.4063066798540407,3.376726284623146,1.0962624254726596,0.4149014378630275,3.3435492634773256,1.12943944661848,0.41097683021061415,3.311134783923626,1.1618539261721796,0.42133494936084587,0.6674921161688016,0.25848304383800025,0.9731850545634391,3.0157858760389913,127.43565920677878,3.0157858760389913,0.42133494936084587,0.1640404458269173,3.311134783923626,2,low,8,1454,3.031794242912416,2.4612775821579325
D075A0757295,20,4.360956751915717,0.0,0.0,4.133285948261618,0.2276708036540978,0.18944146919645113,3.9670208195224403,0.39393593239327596,0.26216749506996134,3.7540883868932724,0.606868365022444,0.20235017694336901,3.612380455434322,0.7485762964813941,0.28483336085365796,3.5824033841490746,0.7785533677666419,0.2801880162634867,3.46341159529984,0.8975451566158764,0.25419530890010705,3.3860858932137488,0.9748708587019674,0.3026447675613269,3.246949690580368,1.1140070613353483,0.3102594068078096,3.182949700951576,1.17800705096414,0.272895735475751,3.12404807806015,1.2369086738555661,0.2845603293093633,3.1043596893548964,1.2565970625608198,0.29242975332404225,0.6195728057648229,0.2819279768481905,0.9843312213428869,3.190663256134326,136.39197258331,3.190663256134326,0.29242975332404225,0.1696893390136922,3.1043596893548964,2,low,10,936,-0.10412711856648102,1.8731668890650448
134A4DA02013,20,3.347365149374931,0.0,0.0,3.22212336063385,0.125241788741081,0.2650161794065153,3.026968313381076,0.3203968359938552,0.2827385739968964,2.6977118896320462,0.6496532597428849,0.2687685150606094,2.569041190110147,0.7783239592647841,0.3082321811714837,2.446770391613245,0.9005947577616862,0.3057227001426535,2.2938995756208898,1.0534655737540415,0.2914056535404086,2.236250476911664,1.1111146724632672,0.27491868332549924,2.16609598621726,1.1812691631576708,0.2891522103006845,2.1309632144868376,1.216401934888094,0.2770969073340954,2.0631848335266114,1.2841803158483198,0.32212167151159743,2.0240937888622286,1.3232713605127029,0.3076979639941852,0.6805820670166622,0.32035853482319016,0.9443409558041903,3.296810006112504,144.44831709084252,3.296810006112504,0.3076979639941852,0.14834614893863857,2.0240937888622286,2,low,9,794,-0.963781236964171,-1.1993304481429605
F4302FD22CF0,20,3.471519346391001,0.0,0.0,3.37622906640172,0.09529027998928097,0.12439334200540064,3.235090392455459,0.23642895393554236,0.1607896130672653,3.0428515914827585,0.4286677549082425,0.23906033408123734,2.9365352392196655,0.5349841071713354,0.25230570110039136,2.8860270718112586,0.5854922745797422,0.24928794293581066,2.788622477464378,0.682896868926623,0.2602547044111921,2.7480587609112264,0.7234605854797747,0.2553085228547319,2.6842778868973256,0.7872414594936754,0.28131127683863216,2.640457773581147,0.8310615728098538,0.28607499144398535,2.595573905482888,0.8759454409081128,0.29844470491872865,2.581512340530753,0.8900070058602478,0.30275418928503184,0.6578513098487657,0.2132556609278271,0.9613512529156665,2.2204720577812704,97.2238377969111,2.2204720577812704,0.30275418928503184,0.1814690455613606,2.581512340530753,2,low,10,941,-0.07385760735529476,0.3860820090407777
D50B2015BE66,20,4.114436418010342,0.0,0.0,4.002688442915678,0.1117479750946645,0.23932868240167351,3.7478524390608072,0.3665839789495352,0.3043677731906932,3.527053377777338,0.5873830402330045,0.2812554670890717,3.42269179020077,0.6917446278095726,0.25939888220552815,3.3645592864602802,0.7498771315500621,0.24842501695876254,3.2693205520510675,0.8451158659592751,0.33356745292847273,3.20661646425724,0.9078199537531022,0.36960635261372715,3.11406339276582,1.0003730252445224,0.35523092663679423,3.0786480879411102,1.0357883300692323,0.3464485637194439,3.010992120951414,1.1034442970589284,0.3577945583008686,2.978971318900585,1.1354650991097572,0.351444348002175,0.6604140736144078,0.25977151297942397,0.9583362322305897,2.855564729933818,122.93633513843581,2.855564729933818,0.351444348002175,0.14049295245002502,2.978971318900585,2,low,9,954,0.004843121793789527,1.516536698144437
4548C04F9AC7,20,4.300318326104071,0.0,0.0,4.173365858010948,0.12695246809312413,0.1560781929890152,3.981705583445728,0.31861274265834405,0.26116094591484956,3.7897488452494144,0.5105694808546574,0.2731820046873644,3.6217299833893777,0.6785883427146941,0.28177011262329005,3.548025245219469,0.7522930808846027,0.28954690023365437,3.408349124342203,0.8919692017618687,0.2843991458387934,3.310643035173416,0.9896752909306556,0.2909400566545846,3.1149653479456902,1.1853529781583816,0.4665238820293025,2.989404868334532,1.31091345776954,0.6250698668459355,2.9388488709926603,1.3614694551114113,0.604856604279943,2.882719834148884,1.417598491955188,0.5922988370867274,0.5306813495879364,0.3580349444359427,0.9929841280475689,3.1297222365516624,146.16815912086034,3.1297222365516624,0.5922988370867274,0.19838616540110704,2.882719834148884,1,low,12,1066,0.6828801729243619,1.2427777740989345
7263826C2217,20,3.719223989978913,0.0,0.0,3.583214234560728,0.13600975541818525,0.15551468958829381,3.343063934892416,0.3761600550864973,0.21033736440320283,3.12413760535419,0.5950863846247233,0.3518570263432828,2.996711587905884,0.7225124020730294,0.34902183306293233,2.885118182003498,0.8341058079754152,0.32966078047876174,2.77893043756485,0.9402935524140636,0.32083608753775134,2.7391045689582825,0.980119421020631,0.35257316544699613,2.670317846536636,1.0489061434422773,0.3707753151476534,2.635849025845528,1.083374964133386,0.3640504523068288,2.6040291652083396,1.1151948247705739,0.3594189713053687,2.564365711808205,1.154858278170709,0.32338416965806904,0.7222581538720366,0.2635408916957282,0.9341012729626876,3.0167345940837285,127.90677541996685,3.0167345940837285,0.32338416965806904,0.17975052361525043,2.564365711808205,2,low,9,1250,1.7967981854960162,0.3373134872647069
F296C5CF54D7,20,4.002878022963001,0.0,0.0,3.923914408683777,0.078963614279224,0.1506742794873674,3.6810741394758226,0.3218038834871784,0.26879574561213243,3.496568813920021,0.5063092090429798,0.2665603643334075,3.339668956398964,0.6632090665640371,0.27479465797342945,3.2532405093312264,0.7496375136317747,0.2728813551724367,3.1240631312131883,0.8788148917498129,0.2831006061378684,3.036350819468498,0.9665272034945026,0.26808760579341867,2.9762956142425536,1.0265824087204471,0.2962530741951459,2.914482355117798,1.088395667845203,0.29445297980425306,2.8353160858154296,1.1675619371475712,0.3150347122924074,2.80621976852417,1.196658254438831,0.33022389304692135,0.6264424373885381,0.29560937316950664,0.9709208199091643,2.8451710985005194,127.98341126672683,2.8451710985005194,0.33022389304692135,0.2075218130330135,2.80621976852417,1,low,6,808,-0.8790266055728494,1.0251959289060284
D88A1D12032B,20,3.4718605533722906,0.0,0.0,3.350936436653137,0.12092411671915364,0.2254926103704668,3.1700916051864625,0.30176894818582845,0.23289761724777758,2.94240882396698,0.5294517294053108,0.26727465898973496,2.779227447509766,0.6926331058625251,0.28819698800351656,2.724336874485016,0.7475236788872749,0.3123228875704886,2.6400685787200926,0.831791974652198,0.2850779977053037,2.5813899874687194,0.8904705659035713,0.28879373961478255,2.523876357078552,0.9479841962937385,0.28021536619668935,2.485171777009964,0.9866887763623268,0.29214663880259323,2.4262211084365846,1.0456394449357065,0.2692480751010325,2.3794133603572845,1.0924471930150064,0.281138888703609,0.6842652749413093,0.2515791371159184,0.9487306581224197,2.7284610979965747,117.64851418002961,2.7284610979965747,0.281138888703609,0.19343079137660535,2.3794133603572845,2,low,11,900,-0.3220675992870221,-0.18872885757293714
86B8E74548F4,20,4.566823716317453,0.0,0.0,4.447330451011657,0.11949326530579607,0.14778307163902987,4.251598989963531,0.3152247263539223,0.18850465987822512,4.017357325553894,0.5494663907635597,0.22656547504065558,3.8437626123428346,0.7230611039746193,0.2606493491949932,3.734681933000684,0.83214178331677,0.28289780775683526,3.5733589589595796,0.9934647573578743,0.27342656835774837,3.5123048476874827,1.054518868629971,0.28701403910007145,3.443457993865013,1.1233657224524407,0.3059148984202748,3.397547846287489,1.1692758700299648,0.2898022421961578,3.347351920604706,1.219471795712748,0.31376085078773447,3.273044827580452,1.2937788887370019,0.3118883206160373,0.6431870163912738,0.3138629837793762,0.9601758747021029,3.1004838863712187,137.62959799350753,3.1004838863712187,0.3118883206160373,0.17503483876641598,3.273044827580452,2,low,8,1020,0.40440066978144823,2.3529419498053805
3EC88BE82F4F,20,3.666284816688107,0.0,0.0,3.5188188077881932,0.14746600889991374,0.1737298864279834,3.37827906627208,0.288005750416027,0.23666723121300862,3.196717071905732,0.4695677447823748,0.27672553590240095,3.1281195880845187,0.5381652286035881,0.222677419001238,3.059487986937165,0.6067968297509416,0.22220356160099586,2.991718914732337,0.6745659019557699,0.24409936723254494,2.9320946492254736,0.7341901674626335,0.2507070306412481,2.8257544465363025,0.8405303701518043,0.24029755206937345,2.7458371758460998,0.920447640842007,0.24077950638832735,2.6359625779092313,1.0303222387788757,0.24310881327766665,2.5624945323914288,1.103790284296678,0.23442697165491908,0.5497392379545951,0.24705437531454558,0.9968496921846258,2.4511191811445463,109.20765685860307,2.4511191811445463,0.23442697165491908,0.15257030883494915,2.5624945323914288,2,low,8,841,-0.67924783157902,0.3319914699976054
305B4157DD19,20,2.9541064535417862,0.0,0.0,2.7667531482875347,0.18735330525425176,0.23497138965270503,2.4698228921741245,0.4842835613676617,0.2999655502128768,2.238718180172145,0.7153882733696413,0.3184012639627618,2.154596071317792,0.7995103822239946,0.30903074873706465,2.0979030303657056,0.8562034231760809,0.34173493822801676,2.018456064350903,0.9356503891908836,0.3548875822577778,1.9258805936202408,1.0282258599215457,0.4102286315903915,1.8906914930790664,1.06341496046272,0.42115470433587715,1.8417885323986412,1.1123179211431453,0.4288756122388912,1.8256122706457973,1.1284941828959891,0.42586127046127537,1.808208770491183,1.1458976830506036,0.4252522345761404,0.7471901163956454,0.23803441157562694,0.9084719691508854,3.2393567384877295,131.00473214494846,3.2393567384877295,0.4252522345761404,0.1595640391578761,1.808208770491183,1,low,9,920,-0.20098955444227706,-1.8133516292110945
EA04020F5ECD,20,3.9105501447954487,0.0,0.0,3.761216768249869,0.1493333765455792,0.18679760015174005,3.583988459408283,0.3265616853871653,0.22608609039621622,3.378321250528097,0.5322288942673514,0.2083010260459672,3.1890194162726404,0.7215307285228084,0.2000951356533163,3.0809336565434933,0.8296164882519553,0.23844273423576864,2.8893244259059427,1.0212257188895058,0.24927519287696817,2.838766407966614,1.0717837368288348,0.25985996732050204,2.770119323581457,1.1404308212139915,0.25151172461838284,2.685823084414005,1.2247270603814433,0.27406544126341376,2.604026974737644,1.3065231700578044,0.27556342102856496,2.553198699653149,1.3573514451422999,0.33437260089100335,0.6112024201403353,0.3311775315854084,0.9757984505439681,3.1998061060712866,143.46900697569214,3.1998061060712866,0.33437260089100335,0.153867101881029,2.553198699653149,2,low,8,954,0.004843121793789527,0.30555221895536633
43CBE96B374E,20,4.7161839969696535,0.0,0.0,4.553599122166633,0.16258487480302017,0.24085577512483078,4.346092319488525,0.37009167748112837,0.2974228171765793,4.188084065914154,0.5280999310554997,0.31848283114704806,3.987562817335129,0.7286211796345249,0.3212038303393249,3.8798797369003295,0.8363042600693241,0.2932332663222699,3.7818280458450317,0.934355951124622,0.2851036349528778,3.6800485968589784,1.0361354001106755,0.3177530059524765,3.616178500652313,1.1000054963173405,0.3040008101966464,3.595229375362396,1.1209546216072575,0.2947906178207082,3.522658812999725,1.1935251839699283,0.30498100038477005,3.4968425631523132,1.2193414338173405,0.30255776605325757,0.6858655310770027,0.28644100017287666,0.9571849592950137,3.088511465665663,133.59389488331732,3.088511465665663,0.30255776605325757,0.17336041377690814,3.4968425631523132,1,low,9,829,-0.751894658485867,2.9894685182216656
408959B1EA22,20,3.5013663882209407,0.0,0.0,3.333496368303895,0.16787001991704584,0.1903960221556223,3.120859775878489,0.38050661234245176,0.18340625440598463,2.9249858310446144,0.5763805571763265,0.22634387142883394,2.7826185200363396,0.718747868184601,0.24961195921364412,2.692398379743099,0.8089680084778417,0.27118236547651453,2.586726445145905,0.9146399430750358,0.2769809297748327,2.4952210459858177,1.006145342235123,0.2950342541124252,2.4138702273368837,1.0874961608840574,0.32231554384723815,2.397938701510429,1.1034276867105115,0.33682876567328685,2.3338049344718454,1.1675614537490953,0.3496984659659806,2.304061820358038,1.1973045678629028,0.3627471702596707,0.6756576648845396,0.27457760161779804,0.9612714816127987,3.070580799366699,131.30348794156865,3.070580799366699,0.3627471702596707,0.2398420203585688,2.304061820358038,2,low,11,790,-0.9879968459331199,-0.40304406079894056
7F2C6238F4AA,20,3.4621744490438893,0.0,0.0,3.348411403410137,0.11376304563375254,0.2150185643315751,3.1493417819961906,0.31283266704769874,0.2148986701179507,2.9186825660988687,0.5434918829450204,0.2641981899895122,2.7878794077783824,0.674295041265507,0.276218529679256,2.7358447279781104,0.726329721065779,0.2767876629210449,2.6967664290219546,0.7654080200219348,0.33023464907345135,2.6563063621520997,0.8058680868917897,0.3604485526086984,2.545949134044349,0.9162253149995403,0.34044125018353505,2.504952163994312,0.9572222850495772,0.32485472130841464,2.5011427544057367,0.9610316946381525,0.3226272926402846,2.469872088730335,0.9923023603135542,0.3254622897713268,0.7319641171026425,0.22538449195977014,0.9264569891221743,2.608142698957151,110.45162319314457,2.608142698957151,0.3254622897713268,0.13477943863449995,2.469872088730335,2,low,9,851,-0.6187088091566475,0.06855428163072129
BD7F5D94AFED,20,3.905406992858456,0.0,0.0,3.8167935525998473,0.08861344025860876,0.1956433327292135,3.7292225107550623,0.17618448210339396,0.2063153567485129,3.5480461876839398,0.3573608051745161,0.2180891302049127,3.4590240053832533,0.44638298747520294,0.23521942422059255,3.401779816299677,0.5036271765587792,0.27979632618646866,3.3541021928191186,0.5513048000393376,0.28884775927210454,3.268749600276351,0.6366573925821051,0.2668172645792784,3.201156118325889,0.704250874532567,0.2580357369263068,3.153268659859896,0.7521383329985604,0.2566737969976778,3.1137618124485016,0.7916451804099545,0.24853616192131944,3.088233733177185,0.817173259681271,0.24393596714196125,0.6163040341716678,0.20065947142451307,0.9803700794097668,1.9257985368467252,86.7195975805843,1.9257985368467252,0.24393596714196125,0.23366542234780074,3.088233733177185,2,low,10,804,-0.9032422145417984,1.8273013689247213
B6D776FC5087,20,3.7957230094940435,0.0,0.0,3.6820631206035612,0.11365988889048181,0.15497392020675443,3.551369296014309,0.2443537134797343,0.16442688061930297,3.2978270022198557,0.4978960072741875,0.16650546138270525,3.1680275769904256,0.6276954325036177,0.17701788277548744,3.038054044172168,0.7576689653218754,0.18860763802412053,2.8943259051069616,0.9013971043870814,0.1691177587968427,2.8136180311441423,0.982104978349901,0.10975036093790573,2.739979333058,1.0557436764360435,0.1555796778100137,2.6545259699225427,1.1411970395715005,0.19519602714203316,2.548502055183053,1.2472209543109902,0.19572504383281086,2.5025272564962506,1.2931957529977924,0.22711407314906074,0.5858888444116077,0.3256062435594813,0.9860135070125737,2.8995665400437733,133.88802740316717,2.8995665400437733,0.22711407314906074,0.1502582730173569,2.5025272564962506,2,low,9,821,-0.8003258764237651,0.16143226283988285
2E57A0350FFD,20,3.6465043813951548,0.0,0.0,3.5487668223679067,0.09773755902724875,0.13299262290534744,3.3577451702207326,0.2887592111744226,0.14633881193409043,3.1888811491429805,0.4576232322521747,0.20407870888028695,3.1372035082429646,0.5093008731521904,0.21105908664678352,3.0676063377410174,0.5788980436541379,0.2217291042151792,2.992055986635387,0.6544483947597682,0.2197940121700149,2.9412115797400475,0.7052928016551078,0.22660249428114196,2.839298507757485,0.8072058736376704,0.19592012975641743,2.7675326377153397,0.8789717436798157,0.1942425648268217,2.6744441747665406,0.9720602066286148,0.19306935636575343,2.6314389422535895,1.0150654391415657,0.2306384852998864,0.5703061313403678,0.23473478211748777,0.9919278559329224,2.31304174929721,103.45952767795852,2.31304174929721,0.2306384852998864,0.20241274540775842,2.6314389422535895,1,low,6,811,-0.8608648988461376,0.5280834836585551
8FFBD4C432B4,20,4.03914398416396,0.0,0.0,3.930689019523561,0.10845496464040001,0.2023114877532096,3.736191697604954,0.30295228655900674,0.30389118118754227,3.544576644524932,0.49456733963902905,0.33042052313199766,3.4043720168992877,0.6347719672646733,0.40874916546115836,3.278883927129209,0.760260057034752,0.4278616654467448,3.1068804044276477,0.9322635797363136,0.4377473397253663,3.0256192555651067,1.0135247285988542,0.39937913216876775,2.8948033154010773,1.1443406687628839,0.496414982750996,2.8248826462775467,1.2142613378864142,0.5012708113441726,2.6903874568641184,1.3487565272998425,0.4596378632851534,2.6254072219133375,1.4137367622506234,0.47430036209282156,0.5377663489661558,0.35497033170028747,0.9953844158979388,3.0568396855915654,143.05680961894294,3.0568396855915654,0.47430036209282156,0.19566358873029596,2.6254072219133375,2,low,10,792,-0.9758890414486454,0.5109280363971395
057DACBB2B12,20,3.921689752801772,0.0,0.0,3.888114667311311,0.033575085490461266,0.21407862207044934,3.723923482745886,0.19776627005588618,0.20857000212213264,3.5827630914747717,0.3389266613270005,0.30228806993297863,3.4440285064280034,0.47766124637376867,0.3469721435551669,3.4103295508772136,0.5113602019245584,0.3565952276215838,3.3296738035976885,0.5920159492040833,0.3793370388437696,3.2469060227274893,0.6747837300742825,0.40025799618590396,3.1796459317207337,0.7420438210810383,0.3940066328116231,3.098933156579733,0.8227565962220391,0.4114980538915776,2.985434167087078,0.9362555857146939,0.4157822434876946,2.9552520334720613,0.9664377193297108,0.42219972508793663,0.529118629888764,0.24581634857221607,0.994179317980837,2.031120406147032,96.87053587679421,2.031120406147032,0.42219972508793663,0.333433801891258,2.9552520334720613,1,low,9,1218,1.6030733137444242,1.4490741953602806
961D937626F7,20,3.259119284152985,0.0,0.0,3.1083774026483297,0.15074188150465492,0.2627449973943456,2.9553452473133803,0.30377403683960447,0.31632771762992073,2.708486282080412,0.5506330020725728,0.34583702158532775,2.5811143849045037,0.6780048992484808,0.26994196719034136,2.498585860431194,0.7605334237217904,0.27081080668477375,2.442354520410299,0.8167647637426854,0.26603203490140453,2.3894467569887636,0.8696725271642208,0.26852276535799097,2.342894034460187,0.9162252496927976,0.25602573823502695,2.287987171113491,0.9711321130394935,0.2607915143512772,2.2242787919938563,1.034840492159128,0.26561744287276245,2.212988406047225,1.0461308781057597,0.2654731056902888,0.7269964395840188,0.2362883740359919,0.9425480256933692,2.7249177438611274,115.48051096387208,2.7249177438611274,0.2654731056902888,0.2210445152554339,2.212988406047225,1,low,9,966,0.07748994870063657,-0.6620754926277133
129497C3E0FC,20,4.5910704705022995,0.0,0.0,4.322852814197541,0.2682176563047594,0.23658961014632035,4.147777462005616,0.4432930084966844,0.2597809529919484,3.8771763145923615,0.7138941559099382,0.3836504200585293,3.6736149430274962,0.9174555274748034,0.3572623163005311,3.583310294151306,1.0077601763509936,0.3368330726968133,3.3758982181549073,1.2151722523473925,0.36934109274608323,3.3061578035354615,1.2849126669668383,0.378255001922873,3.2269935488700865,1.364076921632213,0.40073054079239684,3.124780297279358,1.4662901732229419,0.4628455385228451,3.012222135066986,1.5788483354353136,0.43459919281934634,2.9732075214385985,1.617862949063701,0.42922435055476027,0.6228958867833708,0.37171463336372734,0.9805896983579416,3.991719120844387,173.00375297454096,3.991719120844387,0.42922435055476027,0.17693843019972216,2.9732075214385985,1,low,10,1007,0.3256999406323639,1.5001432783890938
57E6768B4C73,20,3.9056114177550034,0.0,0.0,3.8368053641170263,0.06880605363797765,0.186061518681648,3.6295350428670643,0.2760763748879395,0.21270032596118402,3.478291014954448,0.4273204028005562,0.2336198127180437,3.4093431565910577,0.4962682611639462,0.25839108768663616,3.322509799897671,0.5831016178573332,0.28092007057870233,3.2549863710999487,0.650625046655055,0.3066522886826108,3.1717091761529446,0.7339022416020594,0.2965838966496707,3.132139837741852,0.7734715800131522,0.3071340476200069,3.0306945011019706,0.8749169166530333,0.33948102476091185,2.94064349681139,0.964967920943614,0.3593872969140659,2.935289852321148,0.9703215654338561,0.3702289128257753,0.6009364716083716,0.23515853951484525,0.9850653000524998,2.2522770202170728,101.94830266442752,2.2522770202170728,0.3702289128257753,0.30650801042815146,2.935289852321148,1,low,10,835,-0.7155712450324435,1.3922976661714268
B01B2F50425E,20,3.068662717650014,0.0,0.0,2.9277995521202684,0.14086316552974523,0.15930414765303197,2.762577654980123,0.30608506266989055,0.21991729317600145,2.575903600640595,0.4927591170094187,0.22415140398428293,2.5079496359452604,0.5607130817047532,0.22193521863019647,2.4062568690627812,0.6624058485872324,0.24656755756757148,2.326754714176059,0.7419080034739549,0.24933005761238275,2.2622998975217343,0.8063628201282794,0.24968073018328082,2.134717230312526,0.9339454873374873,0.27295735273203714,2.034490863233805,1.0341718544162088,0.3468874806268675,1.9115381456911564,1.1571245719588572,0.3634673898205896,1.8718838460743428,1.1967788715756709,0.3642506380198041,0.553490594060299,0.28100363448346904,0.9972351417142217,2.66599178995205,120.93962382606323,2.66599178995205,0.3642506380198041,0.18295191076873304,1.8718838460743428,2,low,6,1078,0.7555269998312089,-1.6322466808029732
2BC448B88B54,20,3.861369160106105,0.0,0.0,3.682224610261619,0.17914454984448608,0.22741624901418755,3.5558155233040454,0.30555363680206,0.21154196459800578,3.3118023913353682,0.5495667687707371,0.1730062821260369,3.1574124565348027,0.7039567035713024,0.18526659684609803,3.0866434261202813,0.774725733985824,0.24732155458733787,2.9504239274188877,0.9109452326872175,0.22641176192908993,2.8595696771517396,1.0017994829543655,0.20775856947093568,2.7265319472178815,1.1348372128882234,0.22819552419797987,2.68398427516222,1.177384884943885,0.25095604382816117,2.623627337999642,1.237741822106463,0.2717864365182529,2.546165889874101,1.3152032702320045,0.2646549252500236,0.5890539899959045,0.3122278066223465,0.9853706863486512,3.0892403316514088,137.3121772363121,3.0892403316514088,0.2646549252500236,0.17771023209500336,2.546165889874101,2,low,8,1007,0.3256999406323639,0.28554946842018736
09601E40B377,20,4.129268418588945,0.0,0.0,3.945024277456105,0.18424414113284118,0.17711464349913528,3.713047792762518,0.41622062582642805,0.19962955379184794,3.558886685781181,0.5703817328077652,0.27260178641733107,3.4480900336056948,0.6811783849832512,0.3403944097324871,3.385722655802965,0.7435457627859808,0.32222376194851976,3.262170414626598,0.8670980039623475,0.3317759416514265,3.129307171702385,0.9999612468865609,0.3786825996923848,3.0444326899945735,1.0848357285943722,0.42224813475973827,2.9777608372271063,1.1515075813618396,0.4455391482239546,2.8462778471410273,1.2829905714479184,0.4717484942836486,2.7640996553003787,1.365168763288567,0.4152427415357936,0.544654831535148,0.3057744941339294,0.9961363921535621,3.128326942228535,137.912936311107,3.128326942228535,0.4152427415357936,0.19084227978843463,2.7640996553003787,1,low,10,804,-0.9032422145417984,0.9053977054649497
6D7E6399624E,20,4.637363101590064,0.0,0.0,4.513468870520592,0.12389423106947246,0.15420290937274717,4.322366690635681,0.314996410954383,0.1910448334678277,4.213511633872986,0.4238514677170784,0.21601161182857792,4.059479284286499,0.5778838173035653,0.3145513935274566,3.9483283281326296,0.6890347734574349,0.40276643710384913,3.8289655566215517,0.8083975449685127,0.5007545864642291,3.7622437715530395,0.8751193300370247,0.5097364630290157,3.563676178455353,1.073686923134711,0.5748384825771096,3.4656008780002594,1.1717622235898044,0.6126297448253485,3.155792796611786,1.481570304978278,0.6491796317038878,3.009587347507477,1.627775754082587,0.6933113325855483,0.42329833930090344,0.3873751919145904,0.9735046906042761,2.9506372742984563,145.05848575695865,2.9506372742984563,0.6933113325855483,0.2069794666742067,3.009587347507477,2,low,10,903,-0.30390589256031036,1.603614950200397
64183B7D3207,20,3.6369454322322725,0.0,0.0,3.4776771280914547,0.15926830414081777,0.21434506662632288,3.2494307031854985,0.38751472904677353,0.2749033336993968,3.1148690128698946,0.5220764193623777,0.23146194362324363,2.985589460283518,0.6513559719487544,0.3377173373985733,2.9180408408865333,0.718904591345739,0.3863785290655601,2.7832643803209067,0.8536810519113656,0.46343895471369584,2.6808881551027297,0.9560572771295426,0.48062187401470735,2.4870462154969575,1.149899216735315,0.49742569048049345,2.3359338570386172,1.3010115751936553,0.46099706983962796,2.247963160648942,1.3889822715833304,0.47036984925100633,2.1553235217928886,1.4816219104393837,0.46949519427877584,0.485214605885886,0.3540203778913321,0.992419601829538,3.1586448881798375,146.56642217969585,3.1586448881798375,0.46949519427877584,0.2527310243024909,2.1553235217928886,2,low,10,919,-0.20704345668451432,-0.8260862266896266
5B75C046C9CD,20,4.229802780766641,0.0,0.0,4.099714900553226,0.1300878802134145,0.2104042517147308,3.8986989088356494,0.3311038719309915,0.22536874058462658,3.7417547062039374,0.48804807456270344,0.2530911841554577,3.6367251366376876,0.5930776441289533,0.19663784692285863,3.5554663985967636,0.6743363821698773,0.2255630540883841,3.4136899679899217,0.8161128127767194,0.3077936252349769,3.286705267429352,0.9430975133372892,0.36538127838702217,3.166246956586838,1.063555824179803,0.2976519199798711,3.0790392398834228,1.1507635408832182,0.3046209159515398,3.0021017640829086,1.2277010166837323,0.3317102541681958,2.9270063400268556,1.3027964407397854,0.33541476356380473,0.5176068655721529,0.3168318661817622,0.9955451324130844,2.876662916527324,132.23647496005702,2.876662916527324,0.33541476356380473,0.1475353767751986,2.9270063400268556,1,low,6,789,-0.9940507481753572,1.3687376616805549
86A511A55117,20,4.771230488438761,0.0,0.0,4.617124789953232,0.1541056984855283,0.1506850551469406,4.424215245246887,0.3470152431918729,0.1424704526360339,4.2357484102249146,0.5354820782138455,0.17025621608316782,4.148842096328735,0.6223883921100247,0.17016937712408065,4.040362656116486,0.7308678323222745,0.19575183932094045,3.880157560110092,0.8910729283286679,0.19552260904163102,3.727190238237381,1.044040250201379,0.21424146788687334,3.604958963394165,1.166271525044595,0.23129742978802648,3.5358840465545653,1.2353464418841946,0.24374234420114255,3.4499504566192627,1.3212800318194975,0.25305028422734044,3.3652453243732454,1.4059851640655148,0.25402773787835964,0.5198261340175978,0.3419822893267432,0.9931192431541677,3.124496896550865,143.10839508002803,3.124496896550865,0.25402773787835964,0.13369017582175655,3.3652453243732454,2,low,12,871,-0.49763076431190245,2.615179034911851
8A7B4B823C6E,20,3.4676638385941905,0.0,0.0,3.3558859517797828,0.11177788681440777,0.21017244255672615,3.1192069036886094,0.34845693490558094,0.25433057224553607,2.913309152983129,0.5543546856110615,0.25433307889484547,2.8308155002072453,0.6368483383869451,0.24123453706786058,2.7315660335123537,0.7360978050818365,0.284110004015163,2.63875991217792,0.8289039264162701,0.28741447952709126,2.617363667115569,0.8503001714786214,0.2918694557425919,2.5279346909374,0.9397291476567906,0.30920783320689826,2.4884821005165576,0.9791817380776328,0.3151152068620656,2.4449226062744858,1.0227412323197052,0.3317840749301218,2.413235177099705,1.054428661494486,0.33993644100636117,0.6981010967954288,0.2401012685823278,0.9477942333829876,2.7040670803079307,115.4197650684164,2.7040670803079307,0.33993644100636117,0.19278501478340598,2.413235177099705,2,low,10,785,-1.0182663571443062,-0.09253268787691023
7A86EA9E70AC,20,2.9783632686061248,0.0,0.0,2.900828878208995,0.0775343903971295,0.11025587212207551,2.8061523478478194,0.17221092075830505,0.16741048173514006,2.6082487061619757,0.3701145624441485,0.21670072907316806,2.522621705569327,0.4557415630367975,0.22648821673712302,2.4685765014961363,0.5097867671099883,0.2546001495663482,2.399534864164889,0.5788284044412355,0.3056613360146784,2.317241160199046,0.6611221084070783,0.2973828230496783,2.2188676580786706,0.759495610527454,0.3269270019958197,2.1914972070604564,0.7868660615456682,0.3567376064774073,2.1261941842734813,0.852169084332643,0.3364153000721842,2.0408289059996605,0.937534362606464,0.3447713619415584,0.5437526211761633,0.22750818231194314,0.99183277840133,2.0116253772218826,92.90461492995101,2.0116253772218826,0.3447713619415584,0.3908291748874889,2.0408289059996605,1,low,10,945,-0.04964199838634575,-1.1517323495459637
26432FDB0644,20,4.24640993033686,0.0,0.0,4.044808423705399,0.20160150663146084,0.22470866008717583,3.828426906093955,0.41798302424290484,0.24617847666186726,3.618971751816571,0.6274381785202892,0.24689340984539684,3.446394403278828,0.8000155270580322,0.21953718554174073,3.338632123172283,0.9077778071645767,0.2378892791723992,3.1713335111737253,1.0750764191631346,0.2573725854394626,3.0271704226732252,1.2192395076636342,0.22509401052856487,2.950542088598013,1.2958678417388467,0.1945348683697022,2.8582124054431914,1.3881975248936682,0.18980061752838714,2.7934141732752322,1.4529957570616274,0.19419773396639606,2.765230097994208,1.4811798323426513,0.204569117247889,0.612874809218017,0.35599817102818887,0.9792626501194244,3.6319100001022075,160.29048680528513,3.6319100001022075,0.204569117247889,0.12391711980349088,2.765230097994208,2,low,9,957,0.023004828520501286,0.9086129158729365
C278EDC82048,20,4.009743973516649,0.0,0.0,3.882925921678543,0.12681805183810574,0.15788490044951364,3.7256208062171936,0.2841231672994552,0.1389639595906037,3.5347332894802093,0.47501068403643937,0.22318034517462107,3.3680215775966644,0.6417223959199843,0.18658868553518418,3.2706483900547028,0.7390955834619459,0.15609222714460733,3.1997442185878753,0.8099997549287734,0.19191862891843475,3.139852100610733,0.8698918729059157,0.1854941866201412,3.0649187564849854,0.9448252170316636,0.2193223432859787,3.025446927547455,0.9842970459691941,0.23941474589841888,2.9532032132148744,1.0565407603017747,0.21318927004341398,2.6765776574611664,1.3331663160554825,0.3365646864254684,0.5543911322697916,0.2867675269224343,0.9705871993740373,2.700568471026542,120.80650990278491,2.700568471026542,0.3365646864254684,0.11922227906750377,2.6765776574611664,2,low,6,1860,5.489678553260741,0.6564672290096023
7A2D0B189298,20,3.4079325187590817,0.0,0.0,3.319505143165588,0.08842737559349308,0.17493676620096224,3.145006278157234,0.2629262406018472,0.22443943109352296,2.8802331779152155,0.5276993408438659,0.20311988279695928,2.7730893857777117,0.6348431329813696,0.15052453228734583,2.688474266976118,0.7194582517829634,0.1762095738963698,2.582205434516072,0.8257270842430092,0.18277939312338196,2.5093388371169567,0.8985936816421247,0.20446248835473785,2.420768433436751,0.9871640853223302,0.20776248386251434,2.3846858605742454,1.0232466581848363,0.21806527918869864,2.309545934200287,1.0983865845587948,0.24072869011086534,2.2693879002705217,1.13854461848856,0.27030830275593176,0.6319104584043954,0.2785477805180333,0.9692293316311446,2.7037156255268866,121.03912349593256,2.7037156255268866,0.27030830275593176,0.16736178536564725,2.2693879002705217,4,mid,9,825,-0.776110267454816,-0.5016637868227554
E4B55CAC7F65,20,3.6308445238297984,0.0,0.0,3.488181797415018,0.14266272641478042,0.1798253309261236,3.3447283908724783,0.28611613295731997,0.20571410676460636,3.107233313843608,0.5236112099861907,0.26570295666694266,2.983012320101261,0.6478322037285374,0.252535999721071,2.938390626013279,0.6924538978165196,0.2547137221926328,2.8548621255904436,0.775982398239355,0.29695528770164287,2.754765290021896,0.8760792338079021,0.34854005562925133,2.614634656906128,1.0162098669236703,0.36751109660028325,2.5558338522911073,1.0750106715386911,0.34861718322735635,2.4268597647547723,1.2039847590750261,0.3618411327538669,2.370490254089236,1.260354269740562,0.38065000038432206,0.5494121093103909,0.2979501899117843,0.9952720341664264,2.810446143857868,127.45777547902635,2.810446143857868,0.38065000038432206,0.1898513832803326,2.370490254089236,4,mid,10,823,-0.7882180719392906,-0.2141079982416366
453D762EF267,20,3.7459920339045985,0.0,0.0,3.6594965510070323,0.08649548289756619,0.16634467156647598,3.4772923858836293,0.2686996480209693,0.22622816483133196,3.187234133295715,0.5587579006088836,0.22282460098041557,3.0987415097653868,0.6472505241392119,0.24080578670199515,3.059096649289131,0.6868953846154673,0.2342084008459577,2.9529035022482275,0.7930885316563708,0.26021774126305325,2.894563760049641,0.8514282738549573,0.24882344260341155,2.837707535549998,0.9082844983546001,0.31739550041265424,2.7262860463932155,1.0197059875113827,0.3904084811849507,2.6253227051347494,1.120669328769849,0.39237005364040767,2.5775592384859918,1.1684327954186065,0.39259481402680546,0.5878775290361291,0.2764612837968729,0.9762846341255361,2.6707278323816936,120.04818237733335,2.6707278323816936,0.39259481402680546,0.15729538220776806,2.5775592384859918,4,mid,8,922,-0.18888174995780255,0.3748385776775356
9278F35CE330,20,3.9025508273032408,0.0,0.0,3.761678655445576,0.14087217185766462,0.1952308184536386,3.5711177565157413,0.331433070787499,0.27879935032103037,3.325171868130565,0.5773789591726756,0.3644927324674653,3.1789024256169798,0.7236484016862607,0.3683466203198522,3.1142885144799948,0.7882623128232454,0.36322615423098203,3.0309345670044423,0.871616260298798,0.3330637091773889,2.9276208464056253,0.9749299808976148,0.34236871371276795,2.828002230450511,1.0745485968527293,0.3472181088537035,2.7364876091480257,1.1660632181552146,0.4138778958311794,2.6544036719948054,1.248147155308435,0.3888771200553704,2.5811932452023028,1.3213575821009373,0.37318262340182407,0.5965548792401228,0.30897488814465446,0.9880868307630573,3.054692015261561,136.14254179846853,3.054692015261561,0.37318262340182407,0.1881652847234135,2.5811932452023028,4,mid,10,832,-0.7337329517591553,0.38517443661205286
8A8B13591181,20,3.5905582489505896,0.0,0.0,3.3984198290854692,0.19213841986511987,0.19371942230642628,3.1772374473512173,0.4133208015993718,0.22848216645806674,2.9870042929425837,0.6035539560080054,0.27859433068941597,2.8856242138892414,0.7049340350613478,0.2907937568613602,2.785973167978227,0.8045850809723618,0.30237226565725706,2.6430456064641477,0.9475126424864413,0.33166627557113887,2.589716454222798,1.0008417947277906,0.35522528106943074,2.492247142456472,1.098311106494117,0.3355287848929158,2.4214428149163725,1.1691154340342167,0.3381423901674457,2.3931132344529034,1.1974450144976856,0.34330606946379194,2.3370157089084387,1.2535425400421503,0.34756169262581865,0.6418490440263062,0.28147468137960696,0.9754355956857802,3.1687618113114246,135.28257359659239,3.1687618113114246,0.34756169262581865,0.17332887746362113,2.3370157089084387,4,mid,10,977,0.14408287336524633,-0.3093164565344911
B49ED6AC9AF3,20,4.063510647127705,0.0,0.0,3.8646311815828085,0.19887946554489672,0.2138917069765104,3.6437429636716843,0.4197676834560209,0.26690690759258834,3.493032559379935,0.5704780877477699,0.2868881144591303,3.371542578563094,0.6919680685646112,0.29028561227317395,3.307796259224415,0.7557143879032905,0.31877634457811266,3.139968672581017,0.923541974546688,0.3118216809989781,3.0612093014642596,1.0023013456634453,0.31663291370214736,2.913267430663109,1.1502432164645962,0.3839773186161932,2.8146216347813606,1.2488890123463443,0.39563094105585084,2.7384978219866754,1.3250128251410298,0.3994179977816127,2.7071372479200364,1.3563733992076688,0.4056388721577956,0.557158071917913,0.3164240993729676,0.992854345621567,3.237582738858684,143.13669743004343,3.237582738858684,0.4056388721577956,0.16278917242507798,2.7071372479200364,4,mid,9,841,-0.67924783157902,0.7433849594204426
0F2E9FA7DAF4,20,3.492614244645641,0.0,0.0,3.35126995369792,0.14134429094772186,0.1571438671410078,3.1038804184645414,0.38873382618110025,0.22631865629580497,2.8709183182567357,0.6216959263889059,0.25727161002282894,2.734435203671455,0.7581790409741863,0.31066555730353784,2.661513178795576,0.8311010658500656,0.3352039634417747,2.4886458123102786,1.0039684323353633,0.4490614054992232,2.3783444434404375,1.1142698012052044,0.46042476427442475,2.2737083181738855,1.2189059264717563,0.4598091368828854,2.1937674574553965,1.2988467871902452,0.4881920362977657,2.09159888792783,1.4010153567178114,0.507551180431243,1.9523989364504815,1.5402153081951604,0.5108295183603146,0.5396005749507568,0.35965281858757986,0.9935908632301101,3.4013406846841567,153.5087354603434,3.4013406846841567,0.5108295183603146,0.19546136059912728,1.9523989364504815,4,mid,8,815,-0.8366492898771886,-1.4032452833943108
5BCE3F6D4C83,20,3.5061585297507625,0.0,0.0,3.398242021165788,0.10791650858497426,0.1631615555344906,3.233266787789762,0.27289174196100047,0.23787965608405984,3.032032766751945,0.47412576299881737,0.22445824596713337,2.955463216267526,0.5506953134832362,0.23817051253269225,2.8971258023753763,0.6090327273753862,0.20961152247045922,2.8149009007960557,0.6912576289547065,0.19749173841010648,2.7674749745056033,0.738683555245159,0.21977007587420655,2.6881187837570906,0.8180397459936717,0.24560579328195986,2.6745025515556335,0.8316559781951287,0.2532653651221011,2.62958825584501,0.876570273905752,0.2483626988398196,2.6112144730985163,0.8949440566522459,0.2531360908238911,0.6805260315975727,0.20633539152540303,0.9519406726811658,2.3045271887020387,98.59998569181487,2.3045271887020387,0.2531360908238911,0.21430587964032188,2.6112144730985163,4,mid,8,879,-0.44919954637400444,0.47056095369896966
CA30B3FFF4BE,20,3.219097193210356,0.0,0.0,3.0316231248900296,0.18747406832032623,0.2222763619694024,2.869151575304568,0.3499456179057878,0.20290852735888767,2.6110484344884752,0.6080487587218802,0.34622206077288725,2.466609452292323,0.7524877409180324,0.3007309453025794,2.414955830946565,0.804141362263791,0.3264588240500176,2.3118922477588058,0.9072049454515498,0.3588539434204386,2.281994310580194,0.9371028826301616,0.37655270938658825,2.19762551933527,1.0214716738750858,0.393850429694696,2.1809733107686045,1.0381238824417514,0.398313030320642,2.1422943700104953,1.0768028231998605,0.4298461854553052,2.1025348719209433,1.1165623212894125,0.40990028967736014,0.7201938905973148,0.24356085905852043,0.932078233768161,2.980863161372048,123.77586076130429,2.980863161372048,0.40990028967736014,0.19496302491423592,2.1025348719209433,4,mid,9,819,-0.8124336809082395,-0.9762279520670428
5FBEBF4F7E1D,20,3.5060140396318134,0.0,0.0,3.3725924756377936,0.13342156399401928,0.2663054479150049,3.2030600287020206,0.3029540109297922,0.2700815306773413,3.043352774903178,0.4626612647286346,0.23718496430943797,2.95772147718817,0.5482925624436429,0.22238171510920732,2.892721539735794,0.6132924998960188,0.2272468146815628,2.819582404382527,0.686431635249286,0.24207160616333154,2.785916766896844,0.7200972727349689,0.25376503057676136,2.6864875070750713,0.8195265325567413,0.23676602162191324,2.624252549186349,0.8817614904454638,0.23982906307245416,2.544671199284494,0.9613428403473188,0.25623779569009736,2.5092768838629125,0.9967371557689001,0.25506461725463486,0.6153001283702667,0.22385431252917376,0.9893744245792038,2.390037710052621,104.01736149867216,2.390037710052621,0.25506461725463486,0.17332550275218694,2.5092768838629125,3,mid,9,858,-0.5763314934609868,0.1806295846305243
7B000D776D89,20,4.00056479015658,0.0,0.0,3.8327834896743296,0.1677813004822501,0.14355680172097696,3.6749536281451585,0.3256111620114216,0.20858596920237144,3.419318497553468,0.5812462926031121,0.24055097406156234,3.273192430846393,0.7273723593101867,0.22569295126262123,3.189109179750085,0.8114556104064949,0.2256675484223731,3.027948196604848,0.9726165935517319,0.25115851499517317,2.981954652070999,1.0186101380855805,0.2296744330706589,2.892455215007067,1.1081095751495131,0.263854261844654,2.835780205950141,1.1647845842064388,0.2784714088544308,2.7566122099757195,1.2439525801808604,0.3045366349324138,2.7191267892718316,1.2814380008847484,0.31483415007641424,0.6332382915492114,0.3031011152016778,0.9729155009050814,3.13576758456375,137.413932565822,3.13576758456375,0.31483415007641424,0.13404344876327665,2.7191267892718316,4,mid,8,1097,0.8705511424337167,0.7774856691262064
DD1D41CC5388,20,2.9724524767168106,0.0,0.0,2.795873112604022,0.17657936411278866,0.18871906852671846,2.6328745735809207,0.33957790313589,0.21514942618572955,2.451863279938698,0.5205891967781129,0.206376016369008,2.3632695000618695,0.6091829766549411,0.21892286992771084,2.2931587217375635,0.6792937549792472,0.2567927629570713,2.2021081233397126,0.7703443533770982,0.29156937722075277,2.1438589628785847,0.8285935138382259,0.2742996947619359,2.0633156785741447,0.9091367981426659,0.28877772309528804,1.999590482749045,0.9728619939677658,0.3145009584675093,1.9191964466124773,1.0532560301043332,0.32630155729881616,1.8624017423018813,1.1100507344149293,0.32958785642370597,0.6119483857080462,0.24310270111229304,0.9914787467929119,2.6869699861507184,115.43250199380302,2.6869699861507184,0.32958785642370597,0.11946363833869893,1.8624017423018813,4,mid,8,875,-0.4734151553429534,-1.659215724793653
A143BE759AD2,20,3.825051233268553,0.0,0.0,3.7242430692538617,0.10080816401469131,0.1232915371937319,3.5609600536525248,0.26409117961602824,0.1553358835776588,3.3794624133035542,0.44558881996499916,0.20228620266169806,3.2577869461849334,0.56726428708362,0.2535822300260856,3.1431473828852177,0.6819038503833356,0.2416215735189892,2.966775918379426,0.8582753148891273,0.2627238995918451,2.8798105999827386,0.9452406332858148,0.2798960438877465,2.7943136401474478,1.0307375931211058,0.30255317734633025,2.7006324626505376,1.1244187706180158,0.28984619627737285,2.596710816398263,1.2283404168702903,0.28170542498970796,2.52552620023489,1.2995250330336634,0.254477955844515,0.5247331394543988,0.32792312556257464,0.9942746939149003,2.7846093754630004,130.9229613690727,2.7846093754630004,0.254477955844515,0.1195482404154964,2.52552620023489,4,mid,10,882,-0.43103783964729264,0.22684596641354882
D84C48045B90,20,3.4993936769423946,0.0,0.0,3.281143970042467,0.21824970689992754,0.25950960275094304,3.095432422682643,0.4039612542597517,0.2682768338662307,2.8618991304188968,0.637494546523498,0.3521240415747381,2.803276942484081,0.6961167344583139,0.35557851789514733,2.779942408576608,0.719451268365787,0.35854844051792867,2.6916422821581363,0.8077513947842583,0.35357461469616663,2.600357975065708,0.8990357018766865,0.35047213956994666,2.532837101817131,0.9665565751252636,0.38600590020215586,2.4789650201797486,1.0204286567626462,0.3927284579424479,2.4186009109020232,1.0807927660403713,0.3914750730029376,2.357790096104145,1.1416035808382496,0.3909835447584334,0.630211117450694,0.2334662330933418,0.9748865228906076,2.9382418583499255,121.35619426250697,2.9382418583499255,0.3909835447584334,0.20662672817561,2.357790096104145,3,mid,9,901,-0.3160136970447849,-0.25022984710636226
F4A3B4B14952,20,3.3586875057989554,0.0,0.0,3.250465822219849,0.10822168357910651,0.13888832636382295,3.0602814106270673,0.29840609517188804,0.20555733492039147,2.821234570257366,0.5374529355415895,0.2628192462760212,2.7143645238131286,0.6443229819858267,0.2384839446606931,2.669175715558231,0.6895117902407243,0.2596769175027069,2.5309832233935596,0.8277042824053957,0.29114152933869997,2.4614054108038546,0.8972820949951007,0.3188025612641636,2.3982768189162016,0.9604106868827536,0.3428845955747084,2.328838193975389,1.029849311823566,0.3656992053905637,2.263434230722487,1.0952532750764683,0.3778203764102078,2.2150860289111733,1.1436014768877818,0.38380865940256753,0.6029301327217366,0.2710508823639331,0.9754676882592855,2.730064871165756,120.7935383699534,2.730064871165756,0.38380865940256753,0.17106809386277846,2.2150860289111733,4,mid,11,1073,0.7252574886200226,-0.6561094238468613
5A9C20C851FD,20,3.9355431906638607,0.0,0.0,3.775053368881345,0.16048982178251586,0.2028973245869214,3.5800902329385282,0.3554529577253326,0.23434926514025028,3.350471173785627,0.5850720168782338,0.3174049390710872,3.1362193495035173,0.7993238411603436,0.29605862363934793,2.9626994926482437,0.9728436980156168,0.29176013272095525,2.820554243773222,1.1149889468906387,0.31119933482356976,2.7453642029315235,1.1901789877323374,0.2928435835752385,2.6070549458265306,1.3284882448373303,0.2720388361902528,2.556410897895694,1.3791322927681668,0.27695068876255935,2.4174794260412455,1.5180637646226152,0.26756702253715164,2.3345451172441245,1.6009980734197362,0.280742693512788,0.6076482627724966,0.3907472632748276,0.9851613769535341,3.6160917132092867,164.51304015137495,3.6160917132092867,0.280742693512788,0.15492311018172641,2.3345451172441245,4,mid,12,823,-0.7882180719392906,-0.3163433249253861
544FF2EE0ACC,20,3.6477901862513633,0.0,0.0,3.52221390735358,0.12557627889778353,0.18063034091565133,3.3115454625338314,0.3362447237175319,0.2964693524625749,3.1446727447211744,0.5031174415301892,0.28922273063609916,3.0746714299544693,0.5731187562968942,0.3033407689971691,2.982057777233422,0.6657324090179417,0.29923029921147104,2.906290725246072,0.7414994610052916,0.30428712117763396,2.8539300452917815,0.793860140959582,0.30823213533664273,2.7427197962999346,0.9050703899514291,0.2673096586339978,2.7186224386096,0.9291677476417635,0.30527777265426387,2.6787161067128182,0.9690740795385453,0.30004346926939535,2.6237709917128087,1.0240191945385548,0.3054399301686651,0.6501171194529562,0.23065716748867257,0.9724769501077738,2.5411817134712584,109.19337319439697,2.5411817134712584,0.3054399301686651,0.2425591349331535,2.6237709917128087,4,mid,10,1044,0.5496943235951423,0.5062742627920562
8FFFA9711FA2,20,3.9973669550111217,0.0,0.0,3.8305716298520567,0.16679532515906523,0.1827870603675757,3.7536072256043553,0.24375972940676643,0.23054881630576635,3.507363621331751,0.49000333367937027,0.25004888534949726,3.3532309282571076,0.6441360267540139,0.22821775962546864,3.2615970227867366,0.7357699322243851,0.2391875841100293,3.0648242898285387,0.9325426651825828,0.2701747250033391,2.994673866033554,1.0026930889775676,0.2914672718981142,2.8492335617542266,1.1481333932568951,0.3359215079993404,2.773153793439269,1.2242131615718528,0.35456157443488917,2.6776442620903254,1.3197226929207964,0.3888877412791107,2.578032111749053,1.4193348432620687,0.351280815705355,0.5183906642729627,0.35189919764037514,0.9922474062430462,3.0560415839325206,142.20043909830312,3.0560415839325206,0.351280815705355,0.12120724128993973,2.578032111749053,4,mid,10,975,0.13197506888077185,0.3761835260286127
2B9C5C3BB7B9,20,3.8667853849549445,0.0,0.0,3.8098370937630532,0.056948291191891355,0.21743998205193596,3.6870208287611606,0.1797645561937844,0.2831334523338979,3.3895934775471686,0.47719190740777623,0.3059232862759666,3.2681236669421194,0.5986617180128253,0.2866729282673454,3.1806057270616295,0.6861796578933157,0.3115173883608858,2.993938075378537,0.8728473095764077,0.33585090781096255,2.917314947023988,0.9494704379309571,0.31347502288245,2.822995987907052,1.0437893970478929,0.3363147372826404,2.7664748694747687,1.1003105154801762,0.3505026632465593,2.7166313458234073,1.1501540391315377,0.3530683904188589,2.6724881481379272,1.1942972368170177,0.34178640382189523,0.5745468018682585,0.31857125412928117,0.9702522894251849,2.690126511691389,126.47187419736218,2.690126511691389,0.34178640382189523,0.1861955451190156,2.6724881481379272,4,mid,11,868,-0.5157924710386143,0.6448358274255949
4DE2EAF8914F,20,3.673841369728889,0.0,0.0,3.509645658545196,0.16419571118369222,0.16154801092381663,3.318543435819447,0.35529793390944125,0.17322434881169071,3.115172085352242,0.5586692843766462,0.21390791809788726,3.001487242616713,0.6723541271121751,0.2133173140342609,2.8961407216265798,0.7777006481023084,0.2417670312464611,2.800054083392024,0.8737872863368643,0.271998815913307,2.704246855340898,0.9695945143879904,0.2724480245588353,2.599319824576378,1.0745215451525107,0.29408351658995635,2.553740606456995,1.1201007632718936,0.27203940748858296,2.507172610424459,1.1666687593044296,0.2852820652412116,2.453085553459823,1.2207558162690655,0.27131246014351723,0.637064872219209,0.28340945467444184,0.9790819277832412,2.998824223471644,130.55027162102806,2.998824223471644,0.27131246014351723,0.1389450117009908,2.453085553459823,4,mid,11,786,-1.012212454902069,0.020809939338629492
D6CD89424182,20,3.4653207492443827,0.0,0.0,3.291601260006428,0.17371948923795452,0.17318138015513004,3.0813391715288163,0.38398157771556607,0.22418585013103398,2.8598916744813323,0.60542907476305,0.25358971503204897,2.7576983204111456,0.7076224288332366,0.26833785433193136,2.6835661221295597,0.7817546271148228,0.27290895387427033,2.5614520220085977,0.9038687272357844,0.30601378634131066,2.5061092058196666,0.9592115434247159,0.31325261833308476,2.4140558766201137,1.0512648726242684,0.3431448816232425,2.3429625196382404,1.1223582296061418,0.3361009072642703,2.234125098027289,1.2311956512170934,0.3345269843463481,2.189822415262461,1.2754983339819215,0.3245791361956094,0.612901331414756,0.28626700117744464,0.9869172918506457,3.08641346268892,133.746675482873,3.08641346268892,0.3245791361956094,0.1338704662572487,2.189822415262461,4,mid,8,905,-0.29179808807583585,-0.7279643121928885
FCEF76504A79,20,3.7411151568735805,0.0,0.0,3.6353927487507463,0.10572240812283365,0.17385973838756005,3.4705021154135465,0.2706130414600333,0.19093743893935744,3.2280173718929293,0.513097784980651,0.2821074419542111,2.959836864285171,0.781278292588409,0.3778011767075391,2.808571344614029,0.9325438122595509,0.43951498693117386,2.5999699413776396,1.14114521549594,0.5416674904716371,2.519355110824108,1.2217600460494717,0.5413195506634113,2.436073850095272,1.3050413067783078,0.5616980013295068,2.3522023182362317,1.388912838637348,0.5607792390334065,2.2426849227398633,1.4984302341337163,0.603538949601524,2.186868315935135,1.554246840938445,0.6044908608932299,0.599997238338594,0.40641978757070835,0.9718861583332207,3.473415325817418,162.6186193840638,3.473415325817418,0.6044908608932299,0.16712641431063321,2.186868315935135,4,mid,8,922,-0.18888174995780255,-0.7363663753450412
CD53BFFA5474,20,3.2126908909889957,0.0,0.0,3.0968432685360314,0.11584762245296469,0.21214687680319272,2.924535365588963,0.2881555254000329,0.24970280130367864,2.7128958540037273,0.49979503698526867,0.2436934443231207,2.586647373251617,0.6260435177373791,0.3363361068024281,2.5236448170617223,0.6890460739272738,0.3647712945596238,2.3770169159397483,0.8356739750492478,0.3680176136687887,2.320487433858216,0.8922034571307803,0.3913341612887836,2.20757465865463,1.0051162323343656,0.39419604475007525,2.1644452122971414,1.0482456786918544,0.3798160803948627,2.0985178215429188,1.1141730694460772,0.3942278871253376,2.0545455718412997,1.1581453191476965,0.41692669246514025,0.5949564899458017,0.2813170052771433,0.9814826819750886,2.73754002823699,122.54924510411557,2.73754002823699,0.41692669246514025,0.19593266564121847,2.0545455718412997,4,mid,8,954,0.004843121793789527,-1.11271934427144
3CB7F7FC1F29,20,3.613303511373458,0.0,0.0,3.457593262195587,0.15571024917787116,0.15810276362065587,3.3227267030626537,0.2905768083108048,0.19290861127422732,3.1010395105928183,0.5122640007806402,0.22379814705669637,2.9696517176926136,0.6436517936808448,0.2769172075572823,2.8702449409291146,0.7430585704443435,0.2510242966201301,2.729160495661199,0.8841430157122592,0.24137778444376595,2.6049001086503267,1.0084034027231314,0.29637056244581367,2.426134496182203,1.1871690151912548,0.3274972345198676,2.247561721876264,1.3657417894971946,0.3483590278207868,2.0120290709659456,1.6012744404075125,0.3818034151861391,1.8682268146425485,1.7450766967309097,0.4440485430232251,0.42580281533547,0.42498556707481405,0.9851214595859474,3.2760532490585637,160.37366691390352,3.2760532490585637,0.4440485430232251,0.1540303138556956,1.8682268146425485,4,mid,6,808,-0.8790266055728494,-1.6426480267411812
05F9DC51226B,20,3.830300059626179,0.0,0.0,3.682870413735509,0.14742964589067048,0.18382788684922347,3.5325893364846706,0.2977107231415087,0.2669203917529324,3.3019269607961177,0.5283730988300616,0.2719103087580847,3.168268700502813,0.6620313591233665,0.2290420174374699,3.0722145872190594,0.7580854724071199,0.2678501117025695,2.987081814184785,0.8432182454413943,0.2940710894910784,2.897995126992464,0.9323049326337152,0.3143242521757473,2.7533616347238423,1.076938424902337,0.35494582641413597,2.6947998594492675,1.135500200176912,0.39844878636589437,2.596770945191383,1.233529114434796,0.4777448872159792,2.5264153845608233,1.3038846750653559,0.5172891499217925,0.581405309000293,0.3110482314841637,0.9939856124741889,2.9476852065457066,133.24963334824048,2.9476852065457066,0.5172891499217925,0.19872640557236798,2.5264153845608233,4,mid,8,1395,2.674614010620418,0.22937498864082692
762F8D750987,20,3.7590302926878785,0.0,0.0,3.654497094452381,0.10453319823549645,0.18114258387639176,3.4340639321133493,0.3249663605745281,0.22777731869474988,3.1917706793174148,0.5672596133704627,0.2560163734000161,3.0452372321859,0.7137930605019773,0.3065522959672725,2.943896376900375,0.8151339157875025,0.27945434861599877,2.7730390617623923,0.9859912309254849,0.30689836789993563,2.652842629514635,1.1061876631732428,0.3307343189268707,2.4857343900948763,1.273295902593001,0.4174631018656649,2.4533814625814556,1.3056488301064217,0.41166404109316435,2.4055464550852776,1.3534838376026,0.45621884800611495,2.343193515203893,1.4158367774839842,0.46843750544972135,0.5757259090529051,0.3607043883658452,0.9791162542715366,3.26940387368649,150.03433908096122,3.26940387368649,0.46843750544972135,0.19461403916950795,2.343193515203893,4,mid,10,1507,3.3526510617509904,-0.29174551091460793
EBFCCFB520CF,20,4.093722354981208,0.0,0.0,3.975541748665273,0.11818060631593393,0.1721289974128167,3.8389976732432842,0.25472468173792295,0.20317562180863358,3.636261540465057,0.45746081451615017,0.24227521196113183,3.4889969082549213,0.6047254467262857,0.28434037605812285,3.3598139114677905,0.7339084435134164,0.2941580697852207,3.2166878409683703,0.8770345140128365,0.3441982351369341,3.0974710853770375,0.9962512696041695,0.3556551095897172,2.952285991422832,1.141436363558375,0.34630242424160534,2.8450933007523416,1.2486290542288654,0.3153848440175798,2.7243301715701818,1.3693921834110252,0.32111315894100767,2.6516126113012435,1.4421097436799637,0.33247054319073505,0.5089130329572803,0.3697108012950408,0.9969014017787271,3.0000142857764835,143.7484071977076,3.0000142857764835,0.33247054319073505,0.14527362088465798,2.6516126113012435,4,mid,10,864,-0.5400080800075632,0.5854615277145269
E50573E4631B,20,3.000965516797958,0.0,0.0,2.8017060471698643,0.1992594696280937,0.1963342626577575,2.560747311078012,0.44021820571994585,0.21861588845856925,2.334430339373648,0.6665351774243097,0.19666131323551755,2.2101819111034273,0.7907836056945304,0.18038043336915663,2.106093189679086,0.8948723271188715,0.22136874866429165,1.9834422474727034,1.0175232693252545,0.2163438657984683,1.923662990704179,1.0773025260937792,0.21472569429486024,1.8304532889276743,1.1705122278702835,0.21570736082671566,1.7718772990629077,1.2290882177350502,0.21076873092349963,1.6736703639850021,1.327295152812956,0.2283969558373108,1.6559614235535265,1.3450040932444316,0.25028546860503054,0.6653305604150631,0.3021467749603399,0.9733277699972074,3.427611278798852,146.20532237282322,3.427611278798852,0.25028546860503054,0.1258405040233281,1.6559614235535265,4,mid,8,916,-0.22520516341122607,-2.2463742469291916
58A8BDB13078,20,3.6068857162229477,0.0,0.0,3.51938159763813,0.08750411858481746,0.16614761645662432,3.3381620794534683,0.2687236367694793,0.225331773131888,3.1256117045879366,0.48127401163501127,0.2696974816628475,2.9393994987010954,0.6674862175218521,0.19880423707155542,2.8144835948944094,0.7924021213285385,0.22663678148926472,2.638065427541733,0.968820288681215,0.25484229092854505,2.555252268910408,1.0516334473125397,0.2374381588282472,2.402939370274544,1.2039463459484039,0.1709561249885304,2.3303930938243864,1.276492622398561,0.1808234699231879,2.284409502148628,1.3224762140743196,0.17796451724564122,2.215489450842142,1.3913962653808056,0.21194237532553448,0.5695014001720561,0.36378822398317767,0.9824655746225358,3.089945919495301,145.181340038488,3.089945919495301,0.21194237532553448,0.17687408086011822,2.215489450842142,4,mid,10,1000,0.2833226249367031,-0.6549620093000285
83F0695E035E,20,3.2611299260970084,0.0,0.0,3.136427313275635,0.12470261282137325,0.16299879772758827,2.9921151449903847,0.2690147811066239,0.20348268005318532,2.7849149933084845,0.476214932788524,0.2940738378398833,2.702256577461958,0.5588733486350506,0.31440111837534973,2.578214157745242,0.6829157683517664,0.30056852624968217,2.5159535640850663,0.7451763620119423,0.3003827069557566,2.4555001616477967,0.8056297644492119,0.2952331925195178,2.4042485622689127,0.8568813638280958,0.30096706034188997,2.3775476716458797,0.8835822544511286,0.3008210974715119,2.3236360201612114,0.9374939059357971,0.3023105317936016,2.290437571890652,0.9706923542063564,0.2958707004048783,0.7035347145699136,0.2249462792885339,0.9544623758710945,2.4466411247974373,105.37022395957743,2.4466411247974373,0.2958707004048783,0.19196483645607332,2.290437571890652,3,mid,9,959,0.03511263300497579,-0.44179421214446796
FD05FDCEA11B,20,3.24783394817383,0.0,0.0,3.070936649478972,0.17689729869485865,0.13278893261862268,2.885534893721342,0.36229905445248856,0.17162219862229544,2.6957410858944058,0.5520928622794248,0.2595463816083602,2.6184200543910263,0.6294138937828041,0.2963906988572615,2.5843335021287204,0.6635004460451104,0.28594349007560976,2.5167047187685965,0.731129229405234,0.2562406050455646,2.482794313877821,0.7650396342960096,0.22494682480757744,2.4336204821243883,0.8142134660494424,0.2508195984612748,2.3926714824512603,0.8551624657225705,0.250120457759752,2.2987272081896664,0.9491067399841645,0.262362197649531,2.252379054762423,0.9954548934114074,0.28362081241431436,0.6665298954644799,0.199416887669128,0.9622864211462773,2.557247301582083,105.02723951626929,2.557247301582083,0.28362081241431436,0.1790694343903998,2.252379054762423,4,mid,8,1099,0.8826589469181911,-0.5500404249345223
50D262EA8ADB,20,3.909700485006456,0.0,0.0,3.710787268541753,0.19891321646470214,0.11876765666396005,3.574971420131624,0.33472906487483167,0.19524491326525936,3.3518986511975526,0.5578018338089027,0.2332901751930251,3.1638169143348933,0.7458835706715622,0.24465126881056543,3.1014114977791905,0.8082889872272648,0.2963391116211206,2.9667060647159813,0.9429944202904739,0.28924526630310965,2.8787581795826553,1.0309423054238,0.27018018783132325,2.7899749910458924,1.1197254939605632,0.2736542213988758,2.7440661599859597,1.165634325020496,0.2766206862515755,2.645040235109627,1.2646602498968282,0.2978775160675492,2.5686258217319846,1.3410746632744708,0.278845212165288,0.6027173649330488,0.3085136652918775,0.9847848940948759,3.173629504172715,139.1989065091997,3.173629504172715,0.278845212165288,0.15326028822734522,2.5686258217319846,4,mid,10,955,0.010897024036026779,0.3494301118763486
2F523DD862F0,20,3.7924144464154397,0.0,0.0,3.66564182266593,0.12677262374950998,0.2347641607397341,3.5436986103653907,0.24871583605004904,0.26834400143395487,3.3316774448379873,0.46073700157745234,0.2843835525303041,3.1960603842511772,0.5963540621642627,0.2922088236603419,3.0808955445885657,0.7115189018268742,0.2993731075768579,2.9369211534038184,0.8554932930116212,0.32962233341857944,2.896121706999838,0.8962927394156015,0.3656639857589334,2.8136148203164337,0.978799626099006,0.3949828254115986,2.6973326431587337,1.095081803256706,0.4079521412836336,2.535491115227342,1.2569233311880983,0.4924944938964024,2.407123179733753,1.3852912666816866,0.5598018968573268,0.5136240435062005,0.330113910156606,0.9942847289143547,2.8002369333181587,131.42559379932862,2.8002369333181587,0.5598018968573268,0.23356046448144438,2.407123179733753,3,mid,10,798,-0.9395656279952219,-0.10991645943106633
E743F9AC8BBE,20,4.1972066404358035,0.0,0.0,4.071867269277573,0.1253393711582307,0.20132994094764062,3.8738838834688067,0.32332275696699664,0.21550159516277453,3.617345003597438,0.5798616368383651,0.22463247516713075,3.477891634590924,0.7193150058448797,0.31274269823345185,3.383390605635941,0.8138160347998624,0.3444306289117643,3.234247301146388,0.9629593392894155,0.3712749278822248,3.108979206159711,1.0882274342760927,0.4604085086379746,2.973749463260174,1.2234571771756297,0.4988878205139352,2.8838887333869936,1.3133179070488101,0.47533317742433534,2.8015033531934024,1.3957032872424011,0.4873899145893817,2.5401571929454803,1.6570494474903232,0.6662592184040839,0.4911235666699167,0.3869559304272736,0.9939763960663418,3.313488727337412,154.33289467396156,3.313488727337412,0.6662592184040839,0.177266455573074,2.5401571929454803,3,mid,10,791,-0.9819429436908826,0.26845950445404065
00C819ADE423,20,3.6674825054983935,0.0,0.0,3.5673876449465753,0.10009486055181882,0.19165076308087686,3.4025194158777596,0.2649630896206345,0.2615566354281106,3.192417776025832,0.47506472947256223,0.2955784305131595,3.0238619431853295,0.6436205623130645,0.29987195486789514,2.9294198179617523,0.7380626875366415,0.2924692858998438,2.768174055032432,0.8993084504659619,0.2915291600782093,2.6680357817560436,0.9994467237423506,0.3011554196173186,2.5593622447922826,1.1081202607061114,0.34223502356148605,2.482166081108153,1.185316424390241,0.3499949138759416,2.3661705954000354,1.3013119100983586,0.3896661290239367,2.3164619440212846,1.3510205614771094,0.3826469752996237,0.5463001145813032,0.3449785914331695,0.9925636435851364,2.952456965785456,138.5218530344086,2.952456965785456,0.3826469752996237,0.16942348070308838,2.3164619440212846,4,mid,10,887,-0.4007683284361064,-0.36777557095861524
EA03135D3C88,20,3.516394891661983,0.0,0.0,3.3814697179943325,0.13492517366765006,0.23240650110465444,3.1438262233510614,0.372568668310921,0.2718331297668202,2.887298565544188,0.6290963261177943,0.3116326362592392,2.74499211255461,0.7714027791073725,0.32701609578953267,2.630551155656576,0.8858437360054061,0.31646488617706175,2.4767473636195065,1.039647528042476,0.3616890429237903,2.3966581489890815,1.119736742672901,0.31562382488466956,2.3608473483473063,1.155547543314676,0.35036118913750314,2.3072850558906794,1.209109835771303,0.3770732915196848,2.2085353665053846,1.3078595251565979,0.3701451454930642,2.1376032669097187,1.3787916247522638,0.3796385154588448,0.6424783267483013,0.32261338971194503,0.964182170093396,3.319555639566899,145.47820387820923,3.319555639566899,0.3796385154588448,0.19283569211784873,2.1376032669097187,4,mid,11,1234,1.6999357496202203,-0.8764862586802282
3C9ABAD0EB27,20,3.943664528862123,0.0,0.0,3.82289546020329,0.12076906865883255,0.23586172440242084,3.681546735391021,0.26211779347110176,0.2444521948016424,3.488214183598757,0.4554503452633659,0.29819435291114144,3.3650619722902775,0.5786025565718452,0.3135983721384942,3.250595949217677,0.6930685796444456,0.2816394681187703,3.1513642447069286,0.7923002841551939,0.2962702231530478,3.109549492225051,0.8341150366370718,0.3034817431870734,2.9867176171392202,0.9569469117229022,0.308799920006594,2.930936202034354,1.0127283268277683,0.3381898061620045,2.8382424054667355,1.1054221233953871,0.33844065137936885,2.806905279122293,1.1367592497398296,0.315714341080938,0.6096880934138591,0.27793797003724885,0.9884234963639594,2.623809749842001,118.84858369174744,2.623809749842001,0.315714341080938,0.14784348559906269,2.806905279122293,4,mid,10,1026,0.4407240832348717,1.0271456613620833
883D374AC02F,20,3.4058088852513224,0.0,0.0,3.1902233123779298,0.21558557287339247,0.19365066379286502,3.0305190566927194,0.3752898285586027,0.22245405667620094,2.775896548293531,0.6299123369577913,0.2655306861389761,2.6157881651073693,0.7900207201439527,0.2609483403772539,2.52001729439944,0.885791590851882,0.22336290788438407,2.3633817423135044,1.0424271429378178,0.21709276232430516,2.2194476213306187,1.1863612639207033,0.2623552704195344,2.072477928735316,1.3333309565160063,0.3460846787114397,1.9796039085835218,1.4262049766678002,0.38343457951001914,1.8688458040356637,1.5369630812156585,0.40189756537051513,1.8018284702673555,1.6039804149839667,0.4287963583162685,0.5522458893993019,0.38557748269501435,0.9953120872688519,3.6605931986097753,165.5359946984197,3.6605931986097753,0.4287963583162685,0.15558219167431903,1.8018284702673555,4,mid,8,875,-0.4734151553429534,-1.8314985090111113
CBCA3CFF320B,20,4.526660063189845,0.0,0.0,4.387218290939927,0.13944177224991777,0.23364617367546328,4.144267272204161,0.38239279098568424,0.2908841645862725,3.92665975689888,0.6000003062909649,0.35205187321094533,3.792574791610241,0.7340852715796039,0.3621084049179514,3.692834384739399,0.8338256784504459,0.3679095173981276,3.4433847032487392,1.0832753599411056,0.45610930161405755,3.2305325873196127,1.2961274758702324,0.37196376802324926,2.899899627268314,1.6267604359215304,0.4189243623871744,2.78220184892416,1.7444582142656848,0.383488406621003,2.6294559717178343,1.8972040914720103,0.475431923353541,2.5551111806184053,1.9715488825714396,0.4427140966537951,0.4229292440179869,0.5200511869893245,0.9839947601484037,3.988609569105049,196.13556805498177,3.988609569105049,0.4427140966537951,0.14005042233636528,2.5551111806184053,4,mid,11,957,0.023004828520501286,0.31099170628022915
5ED9F80F1134,20,3.903260970884754,0.0,0.0,3.7987790774554013,0.10448189342935237,0.14892932282703017,3.6226659171283244,0.2805950537564293,0.13926360108021,3.4316696129739284,0.47159135791082535,0.20270708206170332,3.2773428060114385,0.6259181648733154,0.21110000161265288,3.194793597608805,0.7084673732759491,0.2199145099262364,3.063634643703699,0.8396263271810547,0.21764667935594323,2.988980369269848,0.9142806016149059,0.21277918775334378,2.8926781952381133,1.0105827756466403,0.21040890935937426,2.833793815970421,1.0694671549143329,0.21274366452813154,2.742393618822098,1.160867352062656,0.22214785563945771,2.7237434133887293,1.1795175574960246,0.21672662485144875,0.600641651133995,0.2945728114827562,0.9835931933008452,2.7539637985553984,125.23654142997918,2.7539637985553984,0.21672662485144875,0.13762078621052576,2.7237434133887293,4,mid,12,1078,0.7555269998312089,0.7906162930768368
3FDCA0372760,20,3.6466264526690204,0.0,0.0,3.460423691943288,0.18620276072573275,0.22567732007372907,3.309530809149146,0.33709564351987453,0.2599655781368112,3.118860595673323,0.5277658569956979,0.3277284141575267,3.041323830187321,0.6053026224816997,0.32195541209351947,2.991335966438055,0.6552904862309654,0.3520835339387538,2.8809251077473164,0.765701344921704,0.33794190473275004,2.8353647265583275,0.8112617261106928,0.33453909916942615,2.7549693871289493,0.8916570655400715,0.32418244620451275,2.704684625193477,0.941941827475544,0.3615519689976768,2.580109835974872,1.0665166166941482,0.5115671295603788,2.470901825837791,1.1757246268312294,0.6265135463386504,0.5573503108436886,0.24770807210641313,0.9930997286912705,2.677749968014837,115.52170343157503,2.677749968014837,0.6265135463386504,0.2970095161574921,2.470901825837791,3,mid,9,880,-0.44314564413176716,0.07148306473795409
0A1C9CA990BD,20,3.6139715052420094,0.0,0.0,3.5102102421224117,0.10376126311959752,0.1701472533610153,3.3239485897123813,0.29002291552962794,0.2675933156280202,3.125600815936923,0.4883706893050862,0.34708139160911106,2.9843301378190517,0.6296413674229575,0.36105465054408,2.923214652389288,0.6907568528527213,0.362641094055239,2.810268697142601,0.8037028080994082,0.3604119517840305,2.7569436080753804,0.8570278971666289,0.3758491555393056,2.6655488431453707,0.9484226620966387,0.36182477134816643,2.6469556629657744,0.9670158422762347,0.3605722608014646,2.5899482369422913,1.024023268299718,0.36965642225981443,2.5517475694417953,1.062223935800214,0.35414983175838594,0.6502930592807135,0.2534708623171004,0.9620569728651783,2.6111259496190042,114.55560821422165,2.6111259496190042,0.35414983175838594,0.25468738938672053,2.5517475694417953,4,mid,10,843,-0.6671400270945456,0.30142490760702834
0E0FF9B702E0,20,3.7851290579765076,0.0,0.0,3.581860841810703,0.20326821616580407,0.2229621126467926,3.4284245669841766,0.3567044909923307,0.2740079996309355,3.169213242828846,0.6159158151476612,0.3043689422126406,3.0658348977565764,0.7192941602199306,0.2718722201084528,2.9826888248324392,0.8024402331440678,0.32042964840538884,2.8225983761250975,0.9625306818514099,0.33469789729273025,2.756873318552971,1.0282557394235363,0.3473699138289111,2.6249576255679132,1.160171432408594,0.3080985977250793,2.537237524986267,1.24789153299024,0.31198951517499063,2.406886311620474,1.3782427463560334,0.36573719446373176,2.3662853069603442,1.418843751016163,0.3740201211394246,0.5655592679386772,0.331327415004616,0.9957648966820505,3.3039844264775398,146.988853143492,3.3039844264775398,0.3740201211394246,0.23104927448755405,2.3662853069603442,4,mid,9,794,-0.963781236964171,-0.22606772857351926
C695BEF42436,20,3.9382776917949798,0.0,0.0,3.7694170523434876,0.16886063945149224,0.17045028720267755,3.6129466317594052,0.3253310600355749,0.18660279237535515,3.479059039801359,0.4592186519936209,0.2092716025217638,3.3526016557589173,0.5856760360360627,0.2681859086350386,3.2410178169608117,0.6972598748341684,0.2585039517545407,3.1276078678667547,0.8106698239282256,0.28120376119599405,3.101249393820763,0.8370282979742175,0.28815643620492465,3.0046977423131467,0.9335799494818335,0.30214740716871735,2.9586568042635917,0.9796208875313883,0.3124923721143154,2.864170053973794,1.0741076378211862,0.30998683946967975,2.8118411276489494,1.1264365641460306,0.30556652801768813,0.6189961308320742,0.2563235773231815,0.9883902805295687,2.6782981272235142,117.04916055632697,2.6782981272235142,0.30556652801768813,0.20642949002910868,2.8118411276489494,4,mid,10,809,-0.872972703330612,1.0411842248751018
87A9DEE6758F,20,3.2873393299118163,0.0,0.0,3.062919312343001,0.22442001756881513,0.2369220655545308,2.9260120717808604,0.36132725813095606,0.27506307166601085,2.672492489218712,0.6148468406931047,0.24916618815967628,2.587565981969237,0.6997733479425792,0.2515309845740455,2.4855692913755774,0.8017700385362391,0.29998360471128094,2.3726092383265494,0.9147300915852672,0.31703378722552233,2.2769698526710274,1.0103694772407894,0.3143370966937934,2.1966077899560332,1.0907315399557835,0.35210338904397553,2.1286971999332307,1.158642129978586,0.3121658155118415,2.0696596197783945,1.2176797101334222,0.3079951530777994,2.000254328921437,1.2870850009903796,0.28755219430663376,0.6229348006691844,0.28680418574206723,0.9852503321842135,3.166917478002595,135.86242375375647,3.166917478002595,0.28755219430663376,0.17629112618697299,2.000254328921437,4,mid,9,843,-0.6671400270945456,-1.2671347518381466
153972503B34,20,3.698270017677738,0.0,0.0,3.675554590858519,0.022715426819218742,0.17979056664582987,3.4804541578516366,0.21781585982610138,0.11460288943391674,3.2431078106164932,0.45516220706124455,0.2328007405281633,3.0783725475892423,0.6198974700884954,0.28062521766997117,3.0257081877440215,0.6725618299337164,0.294457439446605,2.9522776056081055,0.7459924120696322,0.28125311552665283,2.894154518842697,0.8041154988350406,0.27203429249305405,2.7770706906914713,0.9211993269862667,0.31389445288866613,2.707226548716426,0.9910434689613119,0.2985156213629961,2.6465883551165463,1.0516816625611916,0.3002125960164412,2.6243576331064107,1.0739123845713272,0.2977783737629583,0.6262725335849277,0.2780239425484919,0.9675694747131081,2.4545089838252956,114.01245724584665,2.4545089838252956,0.2977783737629583,0.1718997653181984,2.6243576331064107,3,mid,9,1136,1.1066533298809695,0.5079427909932298
A44F6859B4D8,20,4.012890352164546,0.0,0.0,3.917607400380075,0.0952829517844704,0.20197334132748182,3.6748611783608793,0.3380291738036659,0.22157129708446022,3.4518378278240562,0.5610525243404891,0.2889126248303729,3.297710940428078,0.7151794117364672,0.34292451324475687,3.157943095639348,0.8549472565251973,0.35465894519074437,2.9567798472940923,1.056110504870453,0.421672766648532,2.8754020798951387,1.1374882722694066,0.40997806180678464,2.7564112454652787,1.2564791066992667,0.4101572948251826,2.6492946200072764,1.3635957321572687,0.4129279633508134,2.5849520437419415,1.4279383084226038,0.39969448901823856,2.5116898365318776,1.5012005156326678,0.36881534281227724,0.5695090346840757,0.38192412857212477,0.9854447011077401,3.365185989142697,156.08120541324416,3.365185989142697,0.36881534281227724,0.14464646450171606,2.5116898365318776,3,mid,8,939,-0.08596541183976926,0.18749251592070312
66E18A122E84,20,4.052587821406703,0.0,0.0,3.9652736730873586,0.08731414831934436,0.24550625396522333,3.752234982699156,0.30035283870754703,0.2993127940910104,3.5036669090390204,0.5489209123676823,0.3846891269414444,3.277698092162609,0.7748897292440937,0.43356424934607346,3.1518854282796385,0.9007023931270647,0.4435029433498384,3.030449591577053,1.02213822982965,0.4249473680266739,2.9598214253783226,1.0927663960283804,0.3925066177203449,2.8317082576453685,1.2208795637613343,0.39796340492414095,2.7136440739035605,1.3389437475031423,0.4020583267568259,2.331130863726139,1.721456957680564,0.7294634730236033,2.2475402027368547,1.8050476186698485,0.76143121882022,0.49899093176876863,0.44426782981656887,0.9858285076632218,3.4633376108252847,168.70155383370098,3.4633376108252847,0.76143121882022,0.23848951506583566,2.2475402027368547,3,mid,10,974,0.1259211666385346,-0.5638031105445388
32E2949B0C66,20,3.5962680285976782,0.0,0.0,3.4242588236927984,0.1720092049048793,0.13462191187016276,3.170114419609308,0.42615360898836974,0.22207526715888662,2.9594916040077806,0.6367764245898974,0.26196315827445327,2.804320864379406,0.7919471642182719,0.250669415647515,2.7403445459902285,0.8559234826074492,0.24543175492245722,2.62786669395864,0.968401334639038,0.25076961941925835,2.542844322696328,1.0534237059013498,0.2571341141057905,2.4886833615601063,1.1075846670375717,0.2508273843241375,2.434537309780717,1.1617307188169612,0.25497245172921956,2.359629228524864,1.2366388000728143,0.24449829801910686,2.319792188704014,1.2764758398936642,0.261712856613472,0.6705363751175668,0.2842335860845167,0.9609308351027798,3.2618833624424117,138.46015660041763,3.2618833624424117,0.261712856613472,0.14327511312278557,2.319792188704014,3,mid,8,1290,2.0389542751855063,-0.3583036734236933
CA92495BE92E,20,3.418062245845794,0.0,0.0,3.2954904600977897,0.12257178574800491,0.11504433651162335,3.1044324226677418,0.3136298231780529,0.15651812047522068,2.939521631971002,0.47854061387479296,0.1781687565579991,2.7962544456124308,0.621807800233364,0.20953021951380202,2.7298930887132884,0.6881691571325063,0.22382164757286319,2.6276954133063555,0.7903668325394391,0.2905279287433636,2.5259976595640183,0.8920645862817764,0.337886924696254,2.405434254184365,1.0126279916614294,0.3919067070252891,2.3111600978299975,1.1069021480157972,0.40416914683730987,2.1911348128691315,1.226927432976663,0.45208227752501434,2.148202032223344,1.2698602136224508,0.43862778166724997,0.5419251266794234,0.30781521532443307,0.9978457513641378,2.8072248809773095,129.0912920281291,2.8072248809773095,0.43862778166724997,0.1662799273334891,2.148202032223344,4,mid,8,919,-0.20704345668451432,-0.8463412007005636
8DFFA4FB6135,20,3.4029794600702106,0.0,0.0,3.2331784849986436,0.16980097507156672,0.16634964998236437,3.011469960771501,0.39150949929870904,0.23898542685549398,2.758876726962626,0.644102733107584,0.2155753374000932,2.5915451094508173,0.811434350619393,0.2553574310363687,2.561668602563441,0.8413108575067693,0.25754191798340875,2.4519361523911356,0.9510433076790743,0.2539908782128138,2.3761167863383887,1.0268626737318212,0.25172170861840665,2.2387074546888472,1.1642720053813629,0.24072644495986054,2.1631571935489773,1.2398222665212326,0.2502439753375316,2.0923526694998147,1.3106267905703954,0.2625910093603307,2.0709759172052147,1.3320035428649954,0.266875783565148,0.6316130779180967,0.30877281351578195,0.9754797895384063,3.310451277929782,143.95104294090618,3.310451277929782,0.266875783565148,0.131882915637891,2.0709759172052147,5,high,8,1319,2.2145174402103867,-1.0659880789810947
0C06B988433C,20,3.210550203246455,0.0,0.0,3.01607486307621,0.19447534017024498,0.20019811206255633,2.8783242505043747,0.33222595274208055,0.1611480789407946,2.719803871773183,0.49074633147327174,0.16243262829465718,2.617730202153325,0.5928200010931299,0.1780533141330537,2.55802331790328,0.6525268853431748,0.1928630017862825,2.472583031468093,0.7379671717783617,0.2263094858662848,2.4088200768455863,0.8017301264008688,0.2072802916673248,2.355694529041648,0.8548556742048072,0.21009598182816727,2.3079579453915358,0.9025922578549194,0.2149048395313346,2.2465144975110887,0.9640357057353663,0.21810699210696863,2.216847255639732,0.993702947606723,0.20113665183188165,0.6566619198571854,0.21338694162023003,0.9809123594412155,2.559789750271106,107.24784879296297,2.559789750271106,0.20113665183188165,0.12752751948257812,2.216847255639732,5,high,11,807,-0.8850805078150866,-0.6511001345309176
158F2C1BBEF3,20,3.4979597879994295,0.0,0.0,3.333377838693559,0.16458194930587086,0.16580765107895118,3.199766954407096,0.29819283359233417,0.1894377321514417,2.968756427615881,0.5292033603835491,0.22592750966344766,2.8507790502160786,0.6471807377833513,0.2529825513774273,2.7834191957488654,0.7145405922505644,0.27039048098391405,2.707954942807555,0.7900048451918749,0.23544034075753567,2.6419993985444306,0.8559603894549992,0.2606724561691975,2.548479695618153,0.9494800923812774,0.27994673118469116,2.510389554128051,0.9875702338713792,0.26839419446712165,2.473497288301587,1.0244624996978429,0.28275236030692563,2.415306522510946,1.0826532654884842,0.28124545881623403,0.659990243439731,0.24417129565397577,0.9692005950350369,2.7029564424206485,115.80670510971497,2.7029564424206485,0.28124545881623403,0.15649781772886426,2.415306522510946,6,high,8,952,-0.0072646826906849786,-0.0866413575502072
45C70D14F6F3,20,3.597432993304344,0.0,0.0,3.5107006169855595,0.08673237631878546,0.221486007756392,3.2043571012094616,0.39307589209488325,0.25917149225339353,2.931741704978049,0.665691288326296,0.3288442528664435,2.840820633433759,0.7566123598705856,0.33737224915367536,2.7841508181765677,0.8132821751277772,0.3282702367613474,2.677304358780384,0.9201286345239608,0.314663091310667,2.6349187061190604,0.9625142871852843,0.30525904263099113,2.568527636118233,1.0289053571861115,0.2999157629778006,2.5515755714848636,1.045857421819481,0.298748226821321,2.5093929072842003,1.0880400860201447,0.31705631701992354,2.4981175918132066,1.0993154014911382,0.31860774833266003,0.739807860441709,0.24974645024657346,0.8929860981558736,2.974714579766906,124.80219361003968,2.974714579766906,0.31860774833266003,0.19992791752187505,2.4981175918132066,5,high,9,942,-0.0678037051130575,0.1488902738810034
229CBC81F9B7,20,3.733529676929597,0.0,0.0,3.5527037465944886,0.18082593033510833,0.19678690670652965,3.414858222939074,0.3186714539905229,0.24897659481009454,3.08291369471699,0.650615982212607,0.2372749074649055,2.9553869120776652,0.7781427648519317,0.29097824324778077,2.8838566282764075,0.8496730486531892,0.289959181675354,2.7181705556809903,1.0153591212486068,0.3165464134127458,2.598095896281302,1.1354337806482948,0.30518287246524717,2.5024833269417286,1.231046349987868,0.2654489911287817,2.319707033969462,1.4138226429601348,0.3539552858695433,2.1636828888207673,1.5698467881088294,0.3832153611220256,2.1028664324432613,1.6306632444863354,0.4105311533595065,0.5210597905644455,0.39506598564424844,0.9955551766565696,3.5458897417642135,163.8330120027005,3.5458897417642135,0.4105311533595065,0.21367706094263683,2.1028664324432613,6,high,11,1147,1.1732462545455793,-0.975284926075497
0B1B547521F1,20,3.6199391530406095,0.0,0.0,3.4896756038069725,0.13026354923363662,0.19910914119024506,3.3018390173092484,0.3181001357313607,0.28886787778672446,3.14035727083683,0.47958188220377895,0.300434659155372,3.0255123641341926,0.5944267889064166,0.3276897609597305,2.9711465585976837,0.6487925944429251,0.36164733526822745,2.784610184468329,0.8353289685722801,0.3289069091911562,2.7134554579854013,0.906483695055208,0.33182886028357306,2.5917971055954694,1.0281420474451397,0.29651926848778976,2.5285516502335668,1.0913875028070423,0.2818658850492175,2.366571063734591,1.2533680893060182,0.2747049114355427,2.338714743591845,1.2812244094487641,0.2646348042280222,0.5063848219392437,0.31234438391905,0.9964049898476155,2.825191574951337,130.2149960814645,2.825191574951337,0.2646348042280222,0.2562449603502059,2.338714743591845,5,high,10,966,0.07748994870063657,-0.3044840541248538
457D9B0CF71F,20,3.71378146140806,0.0,0.0,3.588985098898411,0.12479636250965054,0.249251632190992,3.4621491465717553,0.2516323148363059,0.25661546063676816,3.310270072519779,0.40351138888828214,0.25194402720904385,3.137737563997507,0.5760438974105543,0.27873029962884666,3.019903576746583,0.6938778846614784,0.3058114782784506,2.9237317357212307,0.7900497256868309,0.2939530535068819,2.8787481585517525,0.8350333028563088,0.3240480279609179,2.791157453879714,0.9226240075283474,0.3397389301978631,2.737548976764083,0.9762324846439785,0.3344896791750644,2.676469913870096,1.0373115475379653,0.30952787532181686,2.6388560822233558,1.0749253791847058,0.33913406435552407,0.6455126077567924,0.2635666934764592,0.9741288328283768,2.5392387236661027,114.01111490254202,2.5392387236661027,0.33913406435552407,0.24380993732217562,2.6388560822233558,6,high,10,956,0.01695092627826403,0.5491793479234667
CC5894978F31,20,3.6896652515857453,0.0,0.0,3.638179144822061,0.051486106763684016,0.1895248695998867,3.47655234541744,0.2131129061683051,0.1745036226974707,3.2992265712469817,0.39043868033876344,0.1935412283854148,3.2211482606828215,0.46851699090292376,0.2144204228216891,3.163295265473425,0.5263699861123197,0.20142737997583446,3.0625956071540714,0.6270696444316739,0.2424596032660311,3.0202402461320164,0.6694250054537291,0.20777672017416787,2.93173285163939,0.7579323999463552,0.2518579869698568,2.8689275888726113,0.8207376627131338,0.2716419060212545,2.8027634767815472,0.886901774804198,0.2690892046414999,2.7458366142585873,0.9438286373271577,0.25794647726035536,0.5576965619553086,0.23165795781824794,0.9904567388017091,2.074954933339445,95.69274804979685,2.074954933339445,0.25794647726035536,0.2077480165356966,2.7458366142585873,5,high,9,871,-0.49763076431190245,0.853453878538048
F612D53B4DD9,20,3.5982975361808647,0.0,0.0,3.483855097182095,0.11444243899877035,0.15363398642999695,3.289595426619053,0.30870210956181254,0.15298837501453122,3.015358154848218,0.5829393813326474,0.20879173291957523,2.871229314990342,0.7270682211905237,0.27217190778798955,2.7875169944018126,0.8107805417790528,0.32560949609019096,2.693824346922338,0.9044731892585274,0.3442098266383452,2.57860890366137,1.0196886325194952,0.4019990229264549,2.4322292098775504,1.1660683263033147,0.41714642556112563,2.364367717131972,1.233929819048893,0.48641417087458355,2.2260728791356086,1.372224657045257,0.5154395376680888,2.1481249660253523,1.450172570155513,0.5186733693256221,0.5590924545567061,0.3522804464245812,0.9941990513698815,3.1730788464488744,146.11711299771503,3.1730788464488744,0.5186733693256221,0.1654209892860725,2.1481249660253523,5,high,11,877,-0.4613073508584789,-0.8465603927420878
A16CBD1B02FC,20,3.9055731857976603,0.0,0.0,3.727602948062122,0.17797023773553872,0.23151831285565846,3.482441474683583,0.4231317111140777,0.2569260769971416,3.2988557811826467,0.6067174046150138,0.25445176341745224,3.1218116376549006,0.78376154814276,0.22498528005304047,3.011101652868092,0.8944715329295685,0.23063613683358047,2.8902264459058644,1.0153467398917964,0.29530728275831347,2.779469651170075,1.1261035346275856,0.2979687802326013,2.7072077214717867,1.198365464325874,0.30646092226381,2.6084039237350227,1.297169262062638,0.341549080139599,2.520579764060676,1.3849934217369844,0.3868943079750877,2.373112003132701,1.5324611826649597,0.5495601558937655,0.5836829950720689,0.34626275159411357,0.9905754555919244,3.4650323464170505,153.33517508902736,3.4650323464170505,0.5495601558937655,0.1951484574167638,2.373112003132701,5,high,8,855,-0.5944932001876985,-0.2066512073245113
B6113C09A9DE,20,3.4923256526070254,0.0,0.0,3.3502988452091813,0.14202680739784432,0.1346013068712088,3.1678947834298015,0.32443086917722413,0.15898860175450424,2.9953053299337626,0.49702032267326307,0.23207132838329023,2.882289538346231,0.6100361142607946,0.24829177359011034,2.757940068654716,0.7343855839523096,0.28502877502851104,2.645824958756566,0.8465006938504596,0.3082380756383277,2.5727163741365073,0.9196092784705181,0.2747069615987323,2.4973450154066086,0.9949806372004171,0.25933291875768255,2.4513665035367014,1.0409591490703245,0.25059296432529565,2.3433799996972082,1.1489456529098172,0.261543201839512,2.284273405186832,1.2080522474201936,0.3030552620227631,0.6079087932832348,0.28272004195802297,0.9878352496674758,2.8128615454395525,124.89700899095905,2.8128615454395525,0.3030552620227631,0.19616859310791457,2.284273405186832,5,high,11,1141,1.1369228410921557,-0.4593263639738982
FBE8983EF69C,20,3.1860365775323682,0.0,0.0,3.0645819544792174,0.12145462305315077,0.1520374532017897,2.83493067920208,0.35110589833028855,0.22899440839169313,2.5909325327724217,0.5951040447599465,0.24923505892258482,2.4365970658138396,0.7494395117185289,0.26581211700854845,2.342020760662854,0.8440158168695145,0.28338967202483645,2.2136793741956353,0.9723572033367329,0.27397721395252905,2.129378427192569,1.0566581503397994,0.3084655604083493,1.9953458223491907,1.1906907551831776,0.28601051314498704,1.9509247498586775,1.2351118276736908,0.29254543147826567,1.8727002969011664,1.313336280631202,0.30788468962919424,1.8389524459838866,1.3470841315484816,0.30807664026798487,0.6265501887393723,0.32920440627754216,0.9759957727495235,3.2346314909702176,144.47109453107322,3.2346314909702176,0.30807664026798487,0.14449176030419839,1.8389524459838866,5,high,8,826,-0.7700563652125788,-1.7259103232842483
FA5D64EC3C72,20,3.270505465999726,0.0,0.0,3.0518426947295665,0.21866277127015973,0.16107009543274103,2.8411994386464356,0.42930602735329054,0.20348646283369468,2.7293409796431662,0.5411644863565602,0.224831983814643,2.6131487140432,0.6573567519565262,0.2489049191313123,2.523026622086763,0.7474788439129629,0.24809126320797864,2.4393050864338877,0.8312003795658388,0.24942748255783914,2.393017450720072,0.8774880152796547,0.2680010813027932,2.3220139306038616,0.9484915353958646,0.29462656814435817,2.2855498384684325,0.9849556275312941,0.2957658029673706,2.225118086114526,1.0453873798852007,0.27645877363860155,2.197109253704548,1.0733962122951786,0.27335042366209616,0.6963680655390743,0.22252890978918718,0.9701310981202425,2.8637472386097027,117.62519604134705,2.8637472386097027,0.27335042366209616,0.13308859633209164,2.197109253704548,5,high,11,1141,1.1369228410921557,-0.7072390521437038
850401568E9C,20,3.244418011749944,0.0,0.0,3.097009549289942,0.14740846246000264,0.196816325752512,2.9472241163253785,0.297193895424566,0.22546124839049295,2.751601386629045,0.4928166251208994,0.2587221856476137,2.629479151964188,0.6149388597857568,0.27633205852879633,2.5308478040620686,0.7135702076878759,0.30199639134303036,2.4521202646195888,0.7922977471303556,0.28768492206142116,2.3740257386118175,0.8703922731381271,0.2788309641768069,2.3061870880424977,0.9382309237074468,0.26086399144313177,2.2587428772822022,0.9856751344677421,0.2703850955338907,2.14397963155061,1.1004383801993343,0.27743004193365695,2.1080398282036183,1.1363781835463258,0.2746445363438529,0.6279337442584636,0.26375783251577145,0.9858312145223848,2.695486814410678,118.74590816131281,2.695486814410678,0.2746445363438529,0.21345182665854268,2.1080398282036183,5,high,9,913,-0.24336687013793784,-0.9605707296070433
EB793B72A8C4,20,2.823899609811844,0.0,0.0,2.651761771924794,0.17213783788705067,0.13528965025387787,2.4270555514842274,0.3968440583276172,0.15048562102891397,2.252883823402226,0.5710157864096186,0.2296498904176087,2.196604835987091,0.6272947738247534,0.27720081509301836,2.093758421577513,0.7301411882343313,0.2727137419037548,2.005403395369649,0.8184962144421956,0.30415456794061835,1.9381052719429135,0.885794337868931,0.3241662005662118,1.8540822625160218,0.9698173472958228,0.29213325413397584,1.8220244634896516,1.0018751463221929,0.2934576164891586,1.7676277618855238,1.0562718479263207,0.26436017283981766,1.7351449824869634,1.0887546273248812,0.2493261373709166,0.6706205144021485,0.2373548409538046,0.9691800396740547,2.825015899728426,118.66925323037131,2.825015899728426,0.2493261373709166,0.1605798361860536,1.7351449824869634,5,high,8,1080,0.7676348043156833,-2.0211599974905283
B651AEF954C3,20,3.3283187675860626,0.0,0.0,3.2112687641754745,0.11705000341058742,0.1385572536365923,3.063115993142128,0.2652027744439341,0.17548309926086106,2.8684876918792725,0.4598310757067896,0.19040198390274682,2.8174412425607445,0.5108775250253178,0.22171341425510102,2.727462234534323,0.6008565330517388,0.26487381984295766,2.5944924343377354,0.7338263332483269,0.20440713108809333,2.510916232317686,0.817402535268376,0.212490093827441,2.3874722838401796,0.9408464837458824,0.22840419132036036,2.30217468123883,1.026144086347232,0.22223625057227292,2.2132536387071013,1.1150651288789608,0.2272426076062635,2.1658250886946915,1.1624936788913705,0.22784253863974976,0.5168686453630911,0.28580352875995324,0.9965159455690592,2.553999239775367,118.16010781925533,2.553999239775367,0.22784253863974976,0.18111576655030745,2.1658250886946915,5,high,8,1017,0.38623896305473643,-0.7962176208884197
E2F4E68CFEAD,20,3.624395261656853,0.0,0.0,3.4733878783881664,0.15100738326868704,0.1832817165351124,3.275380663573742,0.3490145980831116,0.30889387792474976,3.1495570957660677,0.474838165890786,0.3473017665783764,3.0298725470900534,0.5945227145668,0.37348328468528547,2.9674914378672836,0.6569038237895697,0.3698950407533472,2.880785706266761,0.7436095553900927,0.372048364943809,2.8036557242274283,0.8207395374294251,0.3665299662175374,2.7651636853814123,0.859231576275441,0.3431052114052688,2.732493185997009,0.8919020756598443,0.3109023327171737,2.6646191723644734,0.9597760892923801,0.3065013224036618,2.6263995319604874,0.9979957296963662,0.3017515450545316,0.6582230807635103,0.21861736221174763,0.9702836360053688,2.5336572905637036,107.19979748636965,2.5336572905637036,0.3017515450545316,0.2553311941054087,2.6263995319604874,6,high,11,991,0.2288375047565679,0.5137503692840353
839F4F7F7DD7,20,3.541974478960038,0.0,0.0,3.4004044741392137,0.14157000482082366,0.12907393579857535,3.1875603863969446,0.3544140925630927,0.20730384884424116,2.9237833205610513,0.6181911583989859,0.22816525786644257,2.7901245478540657,0.7518499311059713,0.1870800982352963,2.7445267913863063,0.797447687573731,0.21768208415959256,2.690034516341984,0.8519399626180529,0.2244506068781905,2.659372040629387,0.8826024383306503,0.19941361839112506,2.578197173587978,0.9637773053720593,0.20590361797856885,2.526619851775467,1.01535462718457,0.20232805744955146,2.4680801555514336,1.0738943234086036,0.1946365132088524,2.4245712462812663,1.117403232678771,0.20987229021947842,0.7136615182882504,0.2425925068447976,0.9333801376885179,2.8839593938889223,121.04999974202364,2.8839593938889223,0.20987229021947842,0.1867330569241582,2.4245712462812663,6,high,11,1152,1.2035157657567657,-0.0602905867804409
F01079641FE1,20,3.851864388681227,0.0,0.0,3.6626460842788218,0.18921830440240522,0.17801984319162747,3.424069505184889,0.4277948834963383,0.265536928574108,3.1003205904737117,0.7515437982075157,0.3834131066689964,2.9605548162013293,0.8913095724798978,0.37585936551155186,2.8106289522722365,1.0412354364089906,0.4121863028396557,2.6443766633048655,1.2074877253763616,0.47614193855838705,2.5657473521307113,1.286117036550516,0.5014869788479009,2.456904482841492,1.3949599058397353,0.5584465750698292,2.3787936804816128,1.4730707081996144,0.6135798190753039,2.2691472159698605,1.5827171727113665,0.605743075133573,2.2350859731435775,1.6167784155376494,0.6171507083721139,0.6440186400328299,0.38458222121069274,0.9745036112070747,3.952062514191686,173.76241326770713,3.952062514191686,0.6171507083721139,0.17572084613584368,2.2350859731435775,5,high,8,1277,1.960253546036422,-0.5992254887246424
77137A574A95,20,3.421489383328346,0.0,0.0,3.365237802453339,0.05625158087500648,0.20361624128941838,3.1066039755940436,0.31488540773430185,0.28491985558460986,2.868530662357807,0.5529587209705384,0.26874289735520124,2.8068977661430834,0.614591617185262,0.3078782966292107,2.7343051144853234,0.6871842688430221,0.27346309011488207,2.683687683567405,0.7378016997609408,0.2523655717234239,2.586367252096534,0.8351221312318119,0.2808863590334974,2.483755983784795,0.9377333995435506,0.3030736860947855,2.4571838319301604,0.964305551398185,0.32645969641295913,2.361137231066823,1.0603521522615225,0.33272152805183713,2.332728397473693,1.0887609858546525,0.3438125228212893,0.6311617313359168,0.2590619447446558,0.9641874704467245,2.593912802620799,115.27285779579994,2.593912802620799,0.3438125228212893,0.2045934505038173,2.332728397473693,6,high,11,1257,1.839175501191677,-0.32151044781111104
CE94B3F26D2F,20,3.5654904350157706,0.0,0.0,3.3899092718958856,0.17558116311988523,0.20509544296349427,3.1453602477908134,0.4201301872249573,0.1963070614950291,2.932005673646927,0.6334847613688439,0.27612065020751825,2.830453323572874,0.7350371114428966,0.2943051383678224,2.7647182434797286,0.8007721915360421,0.2889861449290125,2.696649906039238,0.8688405289765327,0.22804701289113513,2.6230446249246597,0.9424458100911111,0.21723446423087212,2.553537380695343,1.0119530543204278,0.2357271375646093,2.4662014961242678,1.0992889388915033,0.22511598912742659,2.361742724478245,1.203747710537526,0.23188209766098455,2.316782774031162,1.2487076609846084,0.25315933864597917,0.6412807549403771,0.26881821454883625,0.9778722584311473,3.0844225325400876,131.22378019676094,3.0844225325400876,0.25315933864597917,0.17388867506719907,2.316782774031162,5,high,11,1003,0.30148433166341493,-0.36686306474084446
E5DADE9ABA43,20,3.730852125921557,0.0,0.0,3.6450915269553663,0.08576059896619088,0.22712957804702893,3.550282684341073,0.180569441580484,0.24422463737520309,3.2615141509100796,0.46933797501147756,0.28877083463355757,3.055089918524027,0.6757622073975302,0.34625680522220115,2.915649170614779,0.8152029553067781,0.3309960988222576,2.7484145082533358,0.9824376176682211,0.2524482669890488,2.6647902611643075,1.0660618647572495,0.30158347257617185,2.5575551612302663,1.173296964691291,0.29347939402733736,2.469281476177275,1.2615706497442818,0.2652619614131774,2.3017338125035165,1.4291183134180403,0.304992712367259,2.1971334651112557,1.5337186608103015,0.32350937902881394,0.5315205298969801,0.3982752228331989,0.9901749686715903,3.0952267994527807,150.15882293384882,3.0952267994527807,0.32350937902881394,0.2499468842586438,2.1971334651112557,5,high,8,782,-1.036428063871018,-0.7071701899472702
939B172F88F0,20,3.7802180294067633,0.0,0.0,3.71125045530498,0.06896757410178263,0.2048014533229895,3.5476450581103562,0.23257297129640664,0.21261743902596866,3.359202489629388,0.42101553977737505,0.2300120240562293,3.23388453386724,0.5463334955395229,0.27532607096899336,3.1856773486360908,0.5945406807706721,0.2814932279519674,3.0773829106241464,0.7028351187826164,0.2626762792694988,3.0299531299620868,0.7502648994446762,0.2834234980134307,2.9789859037846327,0.8012321256221302,0.27063504081833356,2.955957320705056,0.8242607087017066,0.2558986389633733,2.8922831987962128,0.8879348306105502,0.26910018970541516,2.857935539074242,0.9222824903325207,0.28821948713824513,0.6446405380159779,0.2231830167638718,0.9567287812223981,2.2268442599668674,98.67055947523444,2.2268442599668674,0.28821948713824513,0.26050412123160244,2.857935539074242,5,high,11,1029,0.45888578996158347,1.1722861658877655
1028F5A588AA,20,4.219053282276276,0.0,0.0,4.104358613491058,0.11469466878521824,0.2301091302467093,3.8695855632424356,0.3494677190338411,0.259460960834981,3.764178591966629,0.45487469030964756,0.27775624973208757,3.6347017087042333,0.5843515735720435,0.33791126057071375,3.585472947359085,0.6335803349171916,0.3323788817079105,3.4448461160063744,0.7742071662699023,0.2877105620484702,3.3628955990076066,0.85615768326867,0.3192994540703793,3.234291634708643,0.9847616475676336,0.3268565593133566,3.1836998999118804,1.0353533823643961,0.36048851555821043,3.0267320215702056,1.192321260706071,0.38617967569889516,2.9003471702337267,1.31870611204255,0.42646468050367925,0.48045605395415664,0.3041685141115338,0.9942145540305244,2.723293111789525,125.56197476218784,2.723293111789525,0.42646468050367925,0.19762060334885156,2.9003471702337267,6,high,10,844,-0.6610861248523082,1.292913526007839
8B537610A20A,20,3.243419573960766,0.0,0.0,3.010034825839102,0.2333847481216635,0.2038405331316124,2.8265203583985565,0.416899215562209,0.2486852076149821,2.6166166884824635,0.6268028854783022,0.27682852964954285,2.4844086211174727,0.7590109528432929,0.2927380625858705,2.4154246602207423,0.8279949137400233,0.27738444300949977,2.321731637977064,0.9216879359837021,0.2599557055977244,2.2201836589723825,1.0232359149883834,0.30022052725876236,2.1162005882710218,1.127218985689744,0.3496319773143077,2.075368404574692,1.1680511693860738,0.34532462162066246,2.038005731999874,1.2054138419608917,0.35303015921465447,1.9840184109285475,1.2594011630322186,0.35148496399742096,0.6574512856145752,0.27453031164440583,0.9750930936573587,3.251847900997171,136.6734198339524,3.251847900997171,0.35148496399742096,0.18586848752427013,1.9840184109285475,6,high,11,961,0.0472204374894503,-1.313313025888573
AE6BE874B204,20,3.1148186591363727,0.0,0.0,2.905146391317248,0.2096722678191239,0.2216419595202431,2.7101474460214376,0.4046712131149346,0.24992585258153072,2.4994385045021774,0.615380154634195,0.22064007515023465,2.3708840707316994,0.7439345884046727,0.22511916285578742,2.2822716664522886,0.8325469926840835,0.2602116991501999,2.152024170383811,0.9627944887525611,0.29222346665746585,2.058343704789877,1.0564749543464953,0.3049804372315052,1.9081695936620235,1.2066490654743487,0.3568454386581426,1.800677872262895,1.3141407868734771,0.37110659125250134,1.7333673823624849,1.3814512767738871,0.3810594232034308,1.6880333550274371,1.426785304108935,0.38564818872363443,0.5835124529853712,0.33289556301561457,0.9936557591748435,3.403097481885299,150.32672412048183,3.403097481885299,0.38564818872363443,0.16614311938363596,1.6880333550274371,6,high,11,1152,1.2035157657567657,-2.155155109115282
C9F79E2B45C6,20,3.471504658268344,0.0,0.0,3.3553897051140664,0.11611495315427747,0.12185627706210703,3.1610017266124486,0.3105029316558954,0.136630792946782,2.9327739825472237,0.5387306757211204,0.1995958162634053,2.8544061578810216,0.6170985003873225,0.18383892023104645,2.7584584446623923,0.7130462136059519,0.1895015173537842,2.5892834797501565,0.8822211785181878,0.22389451943113148,2.4903990160673857,0.9811056422009583,0.23898048923630025,2.3828345902264116,1.0886700680419321,0.27137453230141406,2.317492211610079,1.1540124466582653,0.2787026696245164,2.2366394912824035,1.2348651669859405,0.2738203756190778,2.213702971674502,1.2578016865938422,0.281981729607961,0.5668987577341373,0.31414904652688497,0.9856364421903417,2.938987586387681,133.65190195942358,2.938987586387681,0.281981729607961,0.18652019662202146,2.213702971674502,6,high,8,997,0.2651609182099914,-0.660043121721562
943370C19A7A,20,3.4546934620026617,0.0,0.0,3.3315522629767655,0.12314119902589626,0.17743131718033328,3.135635462217033,0.319057999785629,0.22012691991890482,2.944566210731864,0.5101272512707979,0.23426973117462063,2.8323496539145707,0.6223438080880912,0.26385792876984543,2.749639499001205,0.705053963001457,0.2856280467295618,2.600219817459583,0.8544736445430786,0.31799568879404566,2.537943694926798,0.9167497670758635,0.33402496235962487,2.42751200478524,1.0271814572174223,0.355375848707448,2.360262873955071,1.094430588047591,0.359783638942932,2.314808103814721,1.139885358187941,0.36281221870143676,2.2674331111833452,1.1872603508193167,0.3378356848313474,0.5938494977238195,0.28729099855218454,0.9832491460606531,2.820082712446204,125.97418527785209,2.820082712446204,0.3378356848313474,0.1797365573843315,2.2674331111833452,6,high,8,1091,0.8342277289802932,-0.5072236071062743
DB7C2E4235B4,20,3.483902426688902,0.0,0.0,3.3572674382478,0.12663498844110196,0.14023167344807705,3.1519239343702794,0.33197849231862253,0.19034318058697458,2.9108583495020866,0.5730440771868153,0.19446822166190014,2.782784778997302,0.7011176476915998,0.19132364582441286,2.699243141338229,0.7846592853506726,0.20561821664056504,2.5746306641027332,0.9092717625861688,0.24991553296323427,2.521081942692399,0.9628204839965029,0.25463085133605096,2.4365289460867645,1.0473734806021375,0.2792052467079586,2.398007931932807,1.085894494756095,0.26072524425598365,2.3267142549157143,1.1571881717731878,0.253587280594443,2.281938937678933,1.2019634890099689,0.25359770126016146,0.6528145759210867,0.281949772295,0.9645897296373446,2.9567583239990163,128.96270885878513,2.9567583239990163,0.25359770126016146,0.15186920005019391,2.281938937678933,5,high,11,935,-0.11018102080871828,-0.4659660674011255
95AF348EDA56,20,3.238975585276081,0.0,0.0,3.093548835813999,0.1454267494620815,0.23492315436521252,2.925135643221438,0.3138399420546428,0.2245100832591629,2.707585806772113,0.5313897785039678,0.24767432894182287,2.626224344968796,0.6127512403072849,0.21662049478094544,2.563581716641784,0.675393868634297,0.2201534922370794,2.487883366458118,0.7510922188179627,0.24660620935524727,2.386280508711934,0.8526950765641466,0.2783867064035262,2.3088853992521763,0.9300901860239044,0.30912379966203607,2.220394964888692,1.0185806203873888,0.3155038960199325,2.098305208608508,1.1406703766675725,0.2902671131743021,2.0520533505827188,1.1869222346933619,0.28654651901129236,0.5690295866845759,0.27185646693258353,0.9942946748386072,2.71813549894714,120.92196495558827,2.71813549894714,0.28654651901129236,0.16467971348714927,2.0520533505827188,5,high,8,870,-0.5036846665541397,-1.119807731655723
25FA1DF1C205,20,3.2722142052265903,0.0,0.0,3.120371938124299,0.15184226710229148,0.16589445592437668,2.856155004352331,0.41605920087425935,0.2264243288927246,2.6472575921565293,0.6249566130700612,0.27758956800411805,2.553721355833113,0.7184928493934775,0.29962465352072837,2.4934839135035873,0.7787302917230033,0.3179254865059759,2.4019635513424875,0.8702506538841032,0.3176482737115873,2.352762710116804,0.9194514951097869,0.3299140275855255,2.30924704875797,0.9629671564686202,0.3332649422430603,2.229931960627437,1.042282244599154,0.27730038577201144,2.153683016076684,1.1185311891499066,0.30078807854935324,2.1097066601738335,1.162507545052757,0.3053404978215947,0.6698711720513288,0.24855012550530728,0.9575188500317902,2.9617110414570567,124.40883205692855,2.9617110414570567,0.3053404978215947,0.20757406469699635,2.1097066601738335,5,high,11,870,-0.5036846665541397,-0.955829918305193
A42A600EEB0D,20,3.3142546519156424,0.0,0.0,3.158595822378993,0.1556588295366495,0.11969300178104327,2.967724878527224,0.3465297733884185,0.19355955002673364,2.734641389362514,0.5796132625531285,0.2159568621654441,2.62118603810668,0.6930686138089627,0.21229991187306846,2.541813777759671,0.7724408741559714,0.2555132159035047,2.4630720857530832,0.8511825661625594,0.22908470524762917,2.3739272989332676,0.9403273529823748,0.21617254069924044,2.2873696964234114,1.026884955492231,0.2106144789495375,2.2421631813049316,1.0720914706107108,0.2412450023933959,2.1949776321649552,1.1192770197506872,0.221502455519726,2.1637240748852493,1.1505305770303933,0.21153188359916145,0.671377962113532,0.2638236003907507,0.9651974814872463,2.9258762036725083,125.55537694175275,2.9258762036725083,0.21153188359916145,0.17760461601677596,2.1637240748852493,5,high,11,1070,0.7070957818933108,-0.8021933342123377
2E62A47405BC,20,3.643494744839207,0.0,0.0,3.4981478307396174,0.14534691409958958,0.20960681724852984,3.3084451952949165,0.33504954954429034,0.2658675722269964,3.070499994419515,0.5729947504196917,0.2793228946383367,2.915072328597307,0.7284224162418996,0.28746491592467804,2.82354428358376,0.8199504612554467,0.29241616083122074,2.725940097682178,0.9175546471570287,0.29762203030605067,2.6373574983328583,1.0061372465063487,0.2900312413361989,2.5686428248882294,1.0748519199509774,0.3008704780194342,2.5207348044961693,1.1227599403430377,0.2920601772099332,2.4237563859671356,1.2197383588720714,0.29228184296768883,2.374897589534521,1.2685971553046858,0.3076557824174367,0.6463442376697706,0.2963567214677183,0.9732852915996464,3.063859597133443,134.3083493025733,3.063859597133443,0.3076557824174367,0.178948722264522,2.374897589534521,5,high,10,820,-0.8063797786660023,-0.20157263411170837
D7B12358DBA3,20,3.399439286224303,0.0,0.0,3.2976187508553267,0.10182053536897702,0.2229344824478112,3.076315813139081,0.32312347308522266,0.2338455379728196,2.8770800812169908,0.5223592050073128,0.2662499135879078,2.770022107847035,0.6294171783772688,0.2763390979955275,2.665030833892524,0.7344084523317795,0.2557611125539326,2.53967214692384,0.8597671393004637,0.24645402512079345,2.4618751952424645,0.9375640909818392,0.2824984329901584,2.375217404961586,1.0242218812627177,0.2746309403185164,2.325810249336064,1.07362903688824,0.271936035621796,2.279750239290297,1.1196890469340066,0.27224759704738344,2.2432028127834203,1.1562364734408836,0.2815132801526852,0.6351714975278615,0.28143321070220567,0.9699148315545899,2.8121590742573233,124.79995400617199,2.8121590742573233,0.2815132801526852,0.18440646098321156,2.2432028127834203,6,high,11,1043,0.543640421352905,-0.576139535378723
FD9C10176D2A,20,3.092398299324897,0.0,0.0,2.8792761880904436,0.21312211123445346,0.19822113342336445,2.656623316183686,0.4357749831412108,0.20317244033093101,2.445242267102003,0.6471560322228941,0.2519413083807332,2.374434038437903,0.7179642608869943,0.2301661066255982,2.2506041795015337,0.8417941198233636,0.2738555706573842,2.100327201746404,0.9920710975784928,0.2711748262184882,2.0437864266335963,1.0486118726913005,0.2547808087790852,1.9399408169090748,1.1524574824158222,0.2651529467102055,1.8957121536135673,1.1966861457113296,0.26124454558708626,1.818113229610026,1.274285069714871,0.29319364636130263,1.7729600610211491,1.3194382383037477,0.2879902761798724,0.6379943337897823,0.2935891029016004,0.9792940402807048,3.329467448052746,141.81264757565674,3.329467448052746,0.2879902761798724,0.1383657258318944,1.7729600610211491,6,high,11,862,-0.5521158844920377,-1.9136061738906083
BD0D555216AB,20,3.800924484191403,0.0,0.0,3.7372612953186035,0.06366318887279887,0.19066177395327463,3.5408005721867086,0.260123912004694,0.20743854502991246,3.2829102259129286,0.5180142582784738,0.24872018639834179,3.1120684947818518,0.6888559894095506,0.259155117821265,3.0403399761766194,0.7605845080147828,0.2425465159953618,2.8811776803806426,0.9197468038107599,0.2293677431160073,2.7661843728274107,1.0347401113639916,0.23176359418428044,2.6494923405349255,1.151432143656477,0.2742671319229552,2.567076639458537,1.2338478447328654,0.2858339479472984,2.450100952386856,1.3508235318045463,0.2954267407223087,2.365967994183302,1.4349564900081004,0.29375183524432474,0.530040118505955,0.36697742561619495,0.9934702630409497,3.041587219066802,144.29446134942194,3.041587219066802,0.29375183524432474,0.1447219360625147,2.365967994183302,5,high,11,787,-1.0061585526598316,-0.22697023106117545
D6DA25B584B2,20,3.465004104183566,0.0,0.0,3.2864003241062165,0.17860378007734973,0.19420726724319776,3.104093485325575,0.36091061885799125,0.21559451072765054,2.8698466757312415,0.5951574284523244,0.21952921904879924,2.7333555769175293,0.731648527266037,0.2555727359980862,2.6599940268322824,0.8050100773512836,0.2564462773746396,2.5834619879722593,0.8815421162113065,0.2667784053828465,2.523598945513368,0.9414051586701987,0.2853476375744528,2.362044317834079,1.102959786349487,0.3347477083573553,2.3204265873879195,1.144577516795647,0.3516668180954223,2.2606571530923247,1.2043469510912417,0.36740213174785,2.1811397090554236,1.2838643951281425,0.3942289428605292,0.6270211093991243,0.28926155411661914,0.9828976643423774,3.0917108579514165,134.1245722791,3.0917108579514165,0.3942289428605292,0.15723597728506863,2.1811397090554236,5,high,11,850,-0.6247627113988847,-0.7526597058813447
ED969486C983,20,3.581569019825227,0.0,0.0,3.4189021863043307,0.16266683352089695,0.18886613454316895,3.194934115558863,0.38663490426636515,0.2689330884897324,3.0509973984211682,0.5305716214040594,0.20142081666236306,2.9608361132442953,0.6207329065809326,0.21038988655224888,2.876211153715849,0.7053578661093789,0.17507290066981215,2.7784995183348657,0.8030695014903622,0.19687143344134517,2.687535740993917,0.894033278831311,0.2161923328488369,2.5940323818475006,0.9875366379777273,0.23595846821202904,2.5405266258865593,1.0410423939386682,0.2730005024591624,2.473445217311382,1.1081238025138453,0.2713076306483539,2.447762135230005,1.133806884595223,0.26841308370035794,0.6221146437659855,0.2573436282063715,0.9844561646231743,2.8235018945796697,121.86203454247405,2.8235018945796697,0.26841308370035794,0.13921267257224104,2.447762135230005,6,high,11,779,-1.0545897705977296,0.005669048259404305
6461A204CC58,20,3.3726286928499896,0.0,0.0,3.2097584644332526,0.16287022841673707,0.2525200646455483,3.068230753578246,0.30439793927174424,0.2400514970034574,2.900690816901624,0.4719378759483657,0.2760387134366584,2.7587713493034243,0.6138573435465655,0.2862342389839612,2.7198527198284865,0.6527759730215035,0.2909733026803865,2.613930571451783,0.7586981213982067,0.3494870709889107,2.5679095642641188,0.8047191285858712,0.357063811537301,2.526899910159409,0.8457287826905808,0.36441637788312403,2.4930260779336093,0.8796026149163805,0.38643670926102464,2.4409914292395114,0.9316372636104784,0.4086897715440266,2.4141541143879293,0.9584745784620605,0.43524753773468305,0.6810571586248308,0.21184067947436894,0.9556217550450459,2.4976684905482665,105.01509447694426,2.4976684905482665,0.43524753773468305,0.2367532303128052,2.4141541143879293,6,high,11,783,-1.0303741616287807,-0.08991904213483619
BA0183CB23C5,20,3.644153977209521,0.0,0.0,3.5603209231048822,0.08383305410463962,0.25526424608886117,3.374316567182541,0.269837410026981,0.31403417252794186,3.1590010531246664,0.48515292408485566,0.3302464550302845,3.0569338580593466,0.5872201191501751,0.29584143251998885,2.992870432138443,0.6512835450710789,0.3213872999983952,2.9081116620451213,0.7360423151644007,0.37286944487350876,2.8375409768894313,0.8066130003200904,0.3727516852052308,2.784336484596133,0.8598174926133886,0.3390907316705766,2.736227422580123,0.9079265546293989,0.33452453998631926,2.672583257779479,0.9715707194300428,0.3209590069571062,2.636840056627989,1.0073139205815331,0.32893431547810503,0.6465546953774707,0.23905781070484647,0.9645895397484999,2.440654160467628,107.4966692507988,2.440654160467628,0.32893431547810503,0.16529064418076728,2.636840056627989,6,high,8,859,-0.5702775912187494,0.543445358476347
C0BB113BE4C6,20,4.16444029846499,0.0,0.0,3.942219067364931,0.22222123110005926,0.15649011406632612,3.7618499279022215,0.40259037056276864,0.17687190012408543,3.5448614532127976,0.6195788452521929,0.1946142084738866,3.4187714204192163,0.7456688780457743,0.2719544424221672,3.30463214982301,0.8598081486419804,0.31701505914154093,3.136609115637839,1.0278311828271516,0.416857390746042,3.0464249312877656,1.1180153671772248,0.4654628035604595,2.9598233923316,1.2046169061333902,0.4649667297807349,2.929711419343948,1.234728879121042,0.48100771698024125,2.8415837574750187,1.322856540989972,0.5146922740744733,2.797701921314001,1.3667383771509893,0.5062056595280816,0.6290949043475889,0.31374568199700165,0.9771213353357595,3.409355071134813,147.01747417081026,3.409355071134813,0.5062056595280816,0.1640110315329964,2.797701921314001,6,high,11,1158,1.239839179210189,1.0009694279491312
CC0AC8356D9E,20,3.754412657214749,0.0,0.0,3.631062400341034,0.12335025687371534,0.25538660977643945,3.4322411715984344,0.3221714856163148,0.2625168046940032,3.211374521255493,0.5430381359592561,0.21838093603631153,3.1349166214466093,0.6194960357681397,0.2368394527545314,3.0952070236206053,0.6592056335941437,0.2376337430059003,2.9549410223960875,0.7994716348186616,0.22020443157049954,2.874733769893646,0.879678887321103,0.20602906145671435,2.7668771177530287,0.9875355394617206,0.2076189407667324,2.7110711842775346,1.0433414729372146,0.2475331922927735,2.6537659645080565,1.1006466927066925,0.24079036751250904,2.6116349160671235,1.1427777411476256,0.24776054488921728,0.5768450065645675,0.26990069392255495,0.982847409528747,2.740403359303824,121.11640719233019,2.740403359303824,0.24776054488921728,0.13769667013946707,2.6116349160671235,5,high,11,858,-0.5763314934609868,0.4717567795608286
F3CB6601CF24,20,3.4516651747688165,0.0,0.0,3.311391038261354,0.1402741365074631,0.19976478061491004,3.1665130497887732,0.285152124980044,0.18186500024326516,2.9485044319182636,0.5031607428505536,0.2486547362223207,2.899417152069509,0.5522480226993081,0.2387150508734481,2.834216131269932,0.6174490434988853,0.2423157958460403,2.787474473565817,0.6641907012030002,0.22396218752391683,2.724323340691626,0.727341834077191,0.2854508007080445,2.644336927309632,0.8073282474591847,0.24989616972665005,2.5773123798891904,0.874352794879627,0.3222763531757755,2.551087824627757,0.9005773501410601,0.3349845911977231,2.513980713672936,0.9376844610958812,0.31885177540465853,0.6584827509856209,0.20787438066736436,0.9709279839277053,2.3668933300965014,100.82710720820413,2.3668933300965014,0.31885177540465853,0.16137761180812996,2.513980713672936,5,high,8,893,-0.3644449149826829,0.19400823942226175
6DFB980B835D,20,3.5524351183445217,0.0,0.0,3.4877329690381886,0.0647021493063338,0.1549657016832406,3.32279945500195,0.22963566334257196,0.22492468676092414,3.032143278606236,0.5202918397382861,0.21728658147138427,2.928294695354998,0.624140422989524,0.2786228258390698,2.843128558434546,0.7093065599099762,0.274288025118317,2.719785001501441,0.8326501168430811,0.2804864179086547,2.6060831058770417,0.9463520124674805,0.3053456349015059,2.4144701689481733,1.1379649493963488,0.3364551822531336,2.353956840187311,1.1984782781572112,0.35072339362047794,2.2305485419929028,1.3218865763516194,0.33523447774086534,2.198156728595495,1.3542783897490271,0.3544274447725675,0.5237524022231675,0.3552782068771133,0.9931076614475568,2.892734217821565,138.6090473287168,2.892734217821565,0.3544274447725675,0.1587341792028795,2.198156728595495,5,high,11,1116,0.9855752850362245,-0.7042598191495308
5847329FD197,20,3.3750143781785042,0.0,0.0,3.277924047410488,0.09709033076801607,0.19656169129071885,3.1016245402395723,0.27338983793893173,0.2936161980884314,2.859143186546862,0.5158711916316421,0.2560350789036687,2.7092386078089477,0.6657757703695566,0.24055050014486506,2.642160261236131,0.732854116942373,0.23626901890843996,2.5430083038285374,0.8320060743499667,0.2271288108718501,2.477066648751497,0.8979477294270068,0.2475387955931787,2.417276351712644,0.95773802646586,0.2729969082088128,2.347725117020309,1.0272892611581952,0.29912835345809213,2.26906369458884,1.1059506835896642,0.3466859557938845,2.2469654329121114,1.1280489452663929,0.37889139388328913,0.6496651763362155,0.27380611659584786,0.9658349153377944,2.719367856325393,120.98743976331765,2.719367856325393,0.37889139388328913,0.15434316627485709,2.2469654329121114,5,high,11,882,-0.43103783964729264,-0.5654378735739245
5AD3EAC6A195,20,3.1480558874145634,0.0,0.0,2.9386994272470472,0.20935646016751566,0.21351863584872538,2.723611091077328,0.42444479633723536,0.27867449344471024,2.522526923753321,0.625528963661242,0.30973651081617937,2.4355335768312214,0.7125223105833416,0.3473995691394443,2.3988440493121743,0.7492118381023889,0.3495064788500814,2.300571323931217,0.8474845634833459,0.33720686815975165,2.270723586715758,0.8773323006988052,0.3388161014676221,2.218107892386615,0.9299479950279478,0.32106749847110927,2.197128505446017,0.9509273819685463,0.32837201501382274,2.1340015130117536,1.0140543744028094,0.3321104964625397,2.104348301142454,1.043707586272109,0.3512610236986267,0.7178369190343884,0.206837536179662,0.9355804895661067,2.884476473154121,115.69787400012775,2.884476473154121,0.3512610236986267,0.1743204825388454,2.104348301142454,6,high,11,1123,1.0279526007318853,-0.9710701881759809
C29C7F7833BC,20,3.6807379503403936,0.0,0.0,3.5884091548621653,0.09232879547822855,0.1642091037796242,3.425063419342041,0.255674530998353,0.16282730288818972,3.2427419919520615,0.43799595838833233,0.21758633613298378,3.0837888196110725,0.5969491307293214,0.22206684307697097,2.9743969585746526,0.7063409917657413,0.2394265879418459,2.8488366674631833,0.8319012828772105,0.2449580738489714,2.761560347303748,0.9191776030366462,0.26416769963415043,2.6335708018392325,1.047167148501162,0.31596003412127077,2.597297040745616,1.0834409095947783,0.312916685201193,2.5247524730861186,1.1559854772542757,0.3451223222580804,2.4732329942286015,1.207504956111793,0.3728862329083776,0.5849590829342708,0.30799702283135705,0.9842929199598461,2.723110776503384,126.08371976669281,2.723110776503384,0.3728862329083776,0.12020424250447467,2.4732329942286015,5,high,8,817,-0.8245414853927141,0.07811338480089614
1C088E6CD17E,20,3.3871330072802883,0.0,0.0,3.1690632332116366,0.2180697740686516,0.2340758917380369,3.0470494609326124,0.34008354634767574,0.2396565788111235,2.8999529007822273,0.4871801064980607,0.20766472418341597,2.8181346060708163,0.5689984012094718,0.24540429380396786,2.757722441479564,0.6294105658007245,0.22159477329423208,2.6456158412620425,0.7415171660182457,0.18749577977081006,2.6151146085932853,0.7720183986870032,0.1919243856174234,2.5504428347572685,0.8366901725230198,0.21641335301482909,2.495602295175195,0.8915307121050933,0.2094725777781687,2.4222092356532814,0.9649237716270068,0.23285835585535947,2.4010074097663163,0.9861255975139717,0.2448945349376228,0.6382661269390757,0.2076805828379883,0.988720647365242,2.5467261997815136,106.09327582838313,2.5467261997815136,0.2448945349376228,0.1739497248604769,2.4010074097663163,6,high,11,1039,0.519424812383956,-0.12731096103604758
31998D3364B9,20,3.2011581045965998,0.0,0.0,3.051719163171947,0.14943894142465244,0.2134702507629271,2.8253739261999726,0.3757841783966268,0.2389425655687503,2.616964749060571,0.5841933555360284,0.2957482177097676,2.5200869107618926,0.6810711938347067,0.3028511011614696,2.426511577889323,0.7746465267072763,0.31854430628771013,2.3084325052797796,0.8927255993168199,0.3103744467610244,2.23598612267524,0.9651719819213593,0.29638891998050104,2.1467587476596237,1.0543993569369756,0.2983160195396319,2.1112144753336906,1.0899436292629088,0.3000988991195442,2.029712924733758,1.1714451798628414,0.274768601137108,1.9913410922512411,1.2098170123453582,0.27648498838059826,0.6403005733946013,0.2774028708806668,0.9748534837625354,2.999923212978616,129.73139111979472,2.999923212978616,0.27648498838059826,0.17218544078532796,1.9913410922512411,5,high,11,840,-0.6853017338212573,-1.2924858213503774
D7F4D3366332,20,3.5878434350413664,0.0,0.0,3.5159969316795467,0.0718465033618193,0.22647182608101102,3.345933266542852,0.24191016849851424,0.2330608224990588,3.107462027668953,0.4803814073724132,0.22121007339903623,3.0047443967312573,0.5830990383101089,0.2161330907298908,2.94435382373631,0.6434896113050563,0.2269141176207088,2.797627855092287,0.7902155799490792,0.14520460508680338,2.7545992551371454,0.8332441799042207,0.13394343636451841,2.598658575862646,0.9891848591787202,0.20155954028047898,2.5080976523458958,1.0797457826954706,0.26997029264410644,2.4058958407491446,1.1819475942922215,0.2992793191349679,2.3579493775963782,1.2298940574449877,0.2882848448740995,0.5232073505923409,0.31102214491720226,0.9952307642490977,2.642798767137768,124.5464222292446,2.642798767137768,0.2882848448740995,0.19048627339934693,2.3579493775963782,6,high,10,812,-0.8548109966039004,-0.249776817939627
