doc_id,domain,model,population,token_count,contrast_W4,contrast_med_W4,n_sent_W4,contrast_W8,contrast_med_W8,n_sent_W8,contrast_W12,contrast_med_W12,n_sent_W12,contrast_W16,contrast_med_W16,n_sent_W16,contrast_W24,contrast_med_W24,n_sent_W24,contrast_W32,contrast_med_W32,n_sent_W32,contrast_W48,contrast_med_W48,n_sent_W48,contrast_W64,contrast_med_W64,n_sent_W64,contrast_W96,contrast_med_W96,n_sent_W96,contrast_W128,contrast_med_W128,n_sent_W128
abstracts_human_af675836,abstracts,human,human,302,0.5386023682236196,0.4399214214585869,5,0.5312188667631961,0.8292581402454683,5,0.5527242073400243,0.6041890744979015,5,0.9774505712626038,0.9799905521095633,5,0.9461725586852519,0.9605794912429906,5,1.0372963838440277,1.1147210455418206,5,0.9374255843270749,1.188064203668746,5,1.2550131163131988,1.0406735245526226,5,1.2068758038699972,1.2504327030100817,5.0,1.3582435303906246,1.3066456924213012,4.0
abstracts_human_56dc5fdd,abstracts,human,human,415,0.33666994674189116,0.40558192072618854,7,0.2780167195654569,0.09187116604739383,7,0.606802402734632,0.7741996512630407,7,0.4492173386873863,0.6506191680230571,7,0.8173183516543582,0.6416871077415208,7,1.0796144683263678,0.8871768055845783,7,1.3698260147315564,1.4483929127289634,7,1.378839721085866,1.515774754247751,7,1.09254028493587,1.3561541478560437,7.0,1.1578962867710305,0.9487957739132534,7.0
abstracts_human_b52fb4a8,abstracts,human,human,326,-0.1779060882053487,-0.5408631141012203,5,0.03306363441515393,0.003910443395966858,5,0.026973047282677354,0.03068341218457857,5,0.09403361077623149,0.0657562011042811,5,0.053500474315281224,0.12385835752709166,5,0.06329186867545471,-0.07817405512907796,5,0.2071539876659772,0.36737531474128265,5,0.3561881602456142,-0.0650728415260076,5,0.8729854574837212,1.1598722910427022,5.0,0.46399932847420755,0.4222965742876934,4.0
abstracts_human_52afd030,abstracts,human,human,363,-0.12976664312071223,-0.19259606291691278,5,-0.40620465937439815,-0.49351028493690124,5,-0.017502673309001515,-0.07328696451759828,5,0.14712547108083668,0.12220397892257244,5,0.1824871083388379,0.14686306202259763,5,0.26006146911749395,0.4077956251192303,5,0.263691008763785,0.4227938851510378,5,0.5210738593365836,0.6206045174312015,5,0.468464187822757,0.41118376559288855,5.0,0.2729208401966018,0.13258958360807857,5.0
abstracts_human_f6844cd2,abstracts,human,human,418,-0.0897536676985996,-0.2249458995788627,7,-0.333624611755121,-0.645591747750679,7,0.05871896973153976,0.1595180871791079,7,-0.17638012925525887,-0.23809598225214643,7,-0.09517274800208748,0.07787862087377807,7,0.1592097453232393,0.09702378527260745,7,0.4217483749573935,0.6332870456671551,7,0.4570404431725765,0.37959305610531074,7,0.352794241242075,0.2646349471825488,7.0,0.6013858943150988,0.47402401382117804,7.0
abstracts_human_b1b2e17c,abstracts,human,human,461,0.8663870795505341,1.1348283083291895,5,1.0579415990686851,1.1939121349247628,5,1.0219207061512567,1.0203955141574195,5,1.157246077418911,1.0392323116577604,5,1.1865259163169488,1.2673234518287873,5,0.9696672629685729,0.8774176816671025,5,1.313483415346953,1.3696873749035963,5,1.2701407632995658,1.4137247781226685,5,1.715971810949578,1.8350808003645522,5.0,1.462623235972182,1.3312687892296036,5.0
abstracts_human_f1d0a319,abstracts,human,human,331,0.002624595974071471,-0.04682808388399986,5,0.2129830675078625,0.3178388573140433,5,0.2707555262208261,-0.027727013975670702,5,0.20598619870022797,0.3126216886152336,5,0.5171725230453509,0.5434276575102598,5,0.6926756212836015,0.6721662914743881,5,1.0225414465842189,1.0709837920293042,5,1.2521786581872636,1.4816615555130237,5,1.0287875281500773,0.6574279046596014,5.0,1.06306354640642,0.7056599613035794,5.0
abstracts_human_d3e5887c,abstracts,human,human,350,0.2837769795684962,0.407137675475066,5,0.5109062500055753,0.3870177995240299,5,0.6212983178295253,0.7896775806407175,5,0.4651792775764877,0.3357549459930432,5,1.0401596153641992,1.0800680731713903,5,0.8095683861113481,0.9564736244636725,5,1.1089147447168972,0.9522197744328009,5,1.0826324226507964,1.4674185179132133,5,1.4532183753359476,0.8557521389516638,5.0,1.9457623355371552,1.9063285979012514,4.0
abstracts_human_32640571,abstracts,human,human,288,-0.39862962033273686,-0.6549637770543378,5,-0.30155185742211305,-0.6012860737123854,5,-0.13294525113490155,0.09835245600278256,5,-0.10294611637423616,-0.1441844394035379,5,-0.0682554979551441,0.056409731744285756,5,0.3715654115639744,0.25438520711455226,5,0.2638589976305209,0.23868000646274706,5,0.5288555639140748,0.6996873774680041,5,0.8479407548973921,0.7813180167160367,5.0,0.48557260434558824,0.6826383894742999,5.0
abstracts_human_301e5f3a,abstracts,human,human,392,0.7370773498200687,0.9280487938920505,4,1.052976660782758,0.9628252180933867,4,0.9069176819947701,1.0427893931425456,4,1.1317120012570903,1.1423372761070416,4,1.2965743867011612,1.2144047274286085,4,1.114460615629488,1.4573063147136813,4,1.547392067481536,1.8590477596060975,4,1.3289935915298916,1.5013875179191358,4,1.6637190147101286,1.573193833232734,4.0,1.7022996818911431,1.7340219831577253,4.0
abstracts_human_619286a5,abstracts,human,human,307,0.3473768461256107,0.13766324964967347,5,0.4307198615487667,0.5987953600574447,5,0.3959131770524916,0.6598784910109855,5,0.8451714398677087,0.832650970988908,5,0.7921446922661359,1.1098587026120945,5,1.10278966514898,1.6291734249835994,5,0.9816731960063017,1.3582374514529527,5,0.9880186056056532,1.1794639418310051,5,0.9308842743245428,1.1218361024778483,5.0,1.2617191455018968,1.4593913810077763,5.0
abstracts_human_04f4fa38,abstracts,human,human,423,-0.0556832492818079,-0.08979929976668392,5,0.2124573392405912,0.2537315840948356,5,0.2399894949785685,0.3223093170000397,5,0.32587744042182304,0.3303687333096624,5,0.21820779252558054,0.3036187751174241,5,0.4686396783772479,0.486897317931011,5,0.8659806213062815,0.7183462632034142,5,0.725709760796881,0.47360640743036286,5,0.7140844206838829,1.0072894097879455,5.0,0.9424982077995125,0.8028492590296082,5.0
abstracts_human_05f40b6d,abstracts,human,human,376,0.325240244603996,0.23814172826270377,5,0.8386378583253844,0.5815036807240614,5,0.27859941653303116,0.3469210221781927,5,0.6647787117303606,0.5710735013553876,5,0.8899294542982803,0.5742611323000543,5,0.7716116556318144,0.7989190261377205,5,1.6998558348026775,1.7917394409412688,5,1.2284571891112968,1.2286407537516564,5,1.962647003132409,1.9626168898384604,5.0,1.7220846239868124,1.7940522453274075,5.0
abstracts_human_2b479aed,abstracts,human,human,381,0.6354616248930393,0.5710132880389974,4,1.0026485979039288,0.7620040878739547,4,1.4914857635850782,1.2781613898821618,4,1.283967052586928,1.4391060912665208,4,1.1420751282568267,1.0361218534335495,4,1.597674520844891,1.5949146440219333,4,1.2862293183258975,1.2002968540418146,4,1.3446160087742898,1.240387329688221,4,2.2128363269108844,2.20368473605176,4.0,2.2218157298519445,2.2905891518921653,4.0
abstracts_human_b69792fc,abstracts,human,human,425,0.20901606321730273,0.13125412570411404,4,0.25933761486016293,0.2297102839742948,4,0.534406325683336,0.5294755093370277,4,0.36664365286166106,0.36555426763444854,4,0.8149609385415584,1.0096257910381348,4,0.8581791002319824,0.7977176582217169,4,0.7057732266255718,0.7559645581843965,4,0.6934048809321335,0.6062895423090057,4,0.9146990382847637,0.8763202896209052,4.0,1.3301915525928227,1.4692975598714715,4.0
abstracts_human_ced37d18,abstracts,human,human,388,0.18110003139059813,0.23845181814800487,3,0.30676782598583546,0.32465158917692843,3,0.4383146203795183,0.9138197687964567,3,0.4940923183454455,0.48151771150086375,3,0.270020669872264,0.18384904020192547,3,0.2877357761838713,0.15656103748644146,3,0.46868781893406625,0.3002555992159094,3,0.6475560793488069,0.24628738628594746,3,0.7916170125664883,0.6165970385229739,3.0,0.6034865745918799,0.6034865745918799,2.0
abstracts_human_7f3f2598,abstracts,human,human,346,-0.035229589405238994,-0.16571885791467017,5,-0.017729950826186038,-0.16620951747568183,5,0.46531825041325947,0.515501423656484,5,0.2989843628655926,0.37132510802168023,5,0.5197306884196404,0.411295247235959,5,0.857504784074458,0.8518608183608153,5,1.1215355595386896,1.0991629930754743,5,1.013170502621199,1.0000707470655847,5,1.3362063144568768,1.3166646577918077,5.0,1.4267475112794092,1.4624674813001726,5.0
abstracts_human_e1231b2e,abstracts,human,human,364,0.6531099224415896,0.7541935758629772,5,0.4660005338494456,0.6687486038476322,5,0.7963223945944,0.8680667263451696,5,0.8100959286417877,1.106292410212234,5,0.8533909489951543,1.0704946171706795,5,1.2513396841793145,1.387470618969928,5,1.4829248982494132,1.7081944479941782,5,1.4078476378058813,1.6131308208591701,5,1.635875350499593,1.7772997497926917,5.0,1.9122613250583775,1.7671202872989036,5.0
abstracts_human_f6dbcf81,abstracts,human,human,368,0.3794697844288171,0.3410992632128146,6,0.2843572166907238,0.26159611638430796,6,0.3522222289262941,0.5223490132279749,6,0.8178177623115866,0.7449135983292684,6,0.8015811097544304,0.708817278839593,6,0.8166987827341882,0.7699582826028628,6,1.2066698445492354,1.1228939668991367,6,1.0878006800781945,1.0401366754268981,6,1.2574818662553204,1.263370046249451,6.0,1.255259782500306,1.2865500258108475,6.0
abstracts_human_8dd76c0f,abstracts,human,human,329,0.3831044434159156,0.30492395566256325,4,0.8510041607362289,0.8342326616079976,4,0.8278180619454159,0.8532561632969875,4,0.5686701452582187,0.7796253023986364,4,0.7158697891170764,0.6959103569848125,4,1.142361147431194,1.3679964660943265,4,1.1269861293637162,1.2633338178837932,4,1.1571676195266538,1.3086737041791334,4,1.1661707505649828,1.0981223443307373,4.0,0.9069278393876172,1.109179010136192,4.0
abstracts_human_2880b1fb,abstracts,human,human,376,0.4042825553311255,0.3822377926381786,5,0.33527346522570767,0.3311071338298035,5,0.840517068255388,0.7089273056362869,5,0.9628318153394122,0.9037674187423214,5,0.6789545797213445,1.0411986068212609,5,1.2554147936220743,1.389861731186007,5,1.3942958640543506,1.0999500085109652,5,0.7784966212900486,0.6726135317102566,5,1.4783536879877828,1.0982729545184466,5.0,1.3744534115119298,1.3674237404717164,5.0
abstracts_human_56166659,abstracts,human,human,308,0.390655369500118,0.09707691253008224,5,0.48674757907775945,0.5099467603848507,5,0.283842373717969,-0.0925478347596019,5,0.2484130592661474,-0.07775135150868318,5,0.6527057278685069,0.7470734406761048,5,0.5033529246009467,0.12684857246358924,5,0.9790133805140746,1.1058251557326575,5,0.8525539961397597,0.6356909080638689,5,1.4250104227453284,1.142280728946553,5.0,1.2997830997999347,1.5251238232851188,5.0
abstracts_human_cc64b143,abstracts,human,human,378,0.34337297041358517,0.42572221037529817,5,0.6055986871747976,0.48101929556489664,5,0.8778369554597181,0.8461972685908935,5,0.8668951808420007,0.9109974064147776,5,0.7562039974570273,0.7981388814918382,5,1.148931179578631,1.1985509192220607,5,1.2806481175888844,1.2410547097721762,5,1.6394041269393818,1.8456639913892559,5,1.373496932871321,1.260786428265059,5.0,1.4188499015381295,1.4533055613086323,5.0
abstracts_human_78685252,abstracts,human,human,405,0.528511042830519,0.3993429443152605,5,0.5965103871035878,0.28599353081787904,5,0.6514967852719888,0.45383031183045663,5,0.7979766418333629,0.5247027274170268,5,0.8871749894247895,0.953955446688509,5,0.8632569058765608,0.8515916105153195,5,0.893757343740228,0.8404303882392331,5,1.0160459392551087,1.014253939070018,5,1.1201740130914237,0.9169278804297483,5.0,1.2878057890727153,0.9228074740304602,5.0
abstracts_human_301674cc,abstracts,human,human,370,0.2864278158305407,0.34099939437011006,6,0.5741537609268051,0.6947020589832539,6,0.9538174404539522,0.9905467500177829,6,0.5502117771403552,0.3648584582521217,6,1.027919496516707,1.2692032341945798,6,1.012066093457498,0.9632238962677101,6,0.8723607418141643,0.8119513465843248,6,1.0813423124242956,0.80639630692011,6,1.461917721155124,1.5047762523917072,6.0,1.4201303196829054,1.3094326129310485,6.0
abstracts_human_8abdf9fe,abstracts,human,human,314,0.07594816640465772,0.08256148107856132,5,0.14483576091599176,0.1995241088881662,5,0.3062981232631383,0.3490019341067252,5,0.6530457144726585,0.5038939034373122,5,0.7065372538220185,0.5833662658317863,5,0.6782261929421526,0.49212527844581205,5,0.8640437640340908,0.919725103461214,5,0.9780942535376111,0.9857588699954133,5,1.1922359420148676,0.9193706379378382,5.0,1.43267837695907,1.3579187542943116,5.0
abstracts_human_c880d956,abstracts,human,human,352,0.24093918652011506,0.3726832197823118,5,0.30814987095355134,0.15170972467966629,5,0.8698301794979967,0.9520595476921281,5,0.5940948859947123,0.923804234310729,5,0.7637564351805979,0.7531826906829517,5,1.1394328565376335,1.078951229419888,5,1.040437259741706,1.1719632870905536,5,0.9925477961260608,0.9761413321030331,5,1.1109569538538029,0.8990969445354778,5.0,1.2490301241597694,1.2314298683975764,5.0
abstracts_human_2453f676,abstracts,human,human,394,0.5790334355183744,0.40480747645503573,5,0.36663503524939717,0.4985081246581103,5,0.5040329797837912,-0.02434078399032874,5,0.671734495508693,0.5054611835474182,5,0.7096987527984222,0.4040763438052295,5,0.8268158060564114,0.6662009799490773,5,0.825830501401296,0.7094854866068818,5,0.8904100722090943,0.6281175617881994,5,0.6784620094287269,0.3447923964818017,5.0,0.9172230292710569,0.5415645315530254,5.0
abstracts_human_9d0707b0,abstracts,human,human,411,0.5171188955731418,0.7073992980297106,6,0.5891055682774887,0.6907198680128108,6,0.8780986528477234,0.9351503730862945,6,0.8593803369045694,0.8115140264075438,6,0.8052925384228785,0.8276240974778648,6,1.057834277352821,0.9160289858691057,6,1.1412225451956528,1.156075621374888,6,1.2997846341556842,1.0658217658498346,6,1.1354158115189132,1.2803407051172153,6.0,1.3634400519556347,1.3491201308641863,5.0
books_human_5d32e3a7,books,human,human,597,-1.1035221792168755,-1.0138367030613318,14,-0.7780220900521718,-0.6241044589704939,14,-0.4972120562785251,-0.3552238687739727,14,-0.361121929826376,-0.3341763866699403,14,0.06722530980421658,0.08420060273630915,14,0.4470364506533822,0.3786482701472022,14,0.682778393949035,0.6884982302717604,14,1.0186138752623122,1.2390847522650312,14,1.1882057819455876,1.4777833312249344,14.0,1.2425297785370584,1.146646092244576,14.0
books_human_4ada7dc9,books,human,human,301,0.9280081348906903,1.2608920871116087,4,1.1507891199216194,1.444727447288014,4,1.1758613154694657,1.318666267478926,4,1.591460461607728,1.3860486100962595,4,2.2628813009377247,2.6181164448921797,4,1.6557761300424192,1.3812639746885789,4,1.4540503331011583,1.5803507143127282,4,1.0955421656926099,1.4439179294481357,4,1.6564359105233408,1.715325138254596,4.0,1.179644472277631,1.4640144109145803,4.0
books_human_0419c8b4,books,human,human,330,0.4263005701861598,0.5067246446422145,3,0.6969851762725502,0.6285660953952998,3,0.6097130075724936,0.496361944723933,3,0.5573558634289495,0.4153556994059725,3,0.873262813696316,0.6707235520081047,3,0.7910359578014924,0.7679233121672733,3,1.3499955783868358,1.2024762674176508,3,1.3308791076179485,1.4195199084959278,3,1.50735798036286,1.5653591424284876,3.0,1.5928229655126505,1.5928229655126505,2.0
books_human_f703305f,books,human,human,359,0.47592319670695404,0.5443838745005419,8,0.3738120749179208,0.46202018816848245,8,0.5655272389917388,0.49331971712335343,8,0.7516436249631615,0.6785328970000843,8,0.6441341304453179,0.5212552225928122,8,0.660982731139031,0.7525865489251758,8,1.3488583230457107,1.1445470811893381,8,1.222779045238756,1.3622918711087348,8,1.3763270407047723,1.2396757785360877,8.0,1.0842009415323657,1.1428259927359052,8.0
books_human_0b5db38c,books,human,human,284,0.09853307474954369,0.546890749405758,5,0.8697252775200852,1.1309531730985343,5,0.8211193097218773,1.0098811469136029,5,1.218183007398359,1.2399621400655207,5,1.1945721517048742,1.2069454686148626,5,1.5283419720750466,1.7894026860459793,5,1.6689767685879744,1.7817086929856023,5,1.9957841498358282,2.3811083972446334,5,1.8322980486295755,2.163231770927668,5.0,1.913221893705487,1.8718844186811818,5.0
books_human_56e07378,books,human,human,333,0.5327605762773757,0.7850937309885709,4,0.454686119472793,0.34854161903802694,4,0.7984142250251675,0.42184503220678715,4,0.829193939642941,0.8839923673288599,4,0.9455495597355172,0.945711955270214,4,1.4382397575509005,1.5056545933240695,4,1.091652875996496,1.0574296657019957,4,1.1540629380107965,1.1333927072687722,4,1.8205577725632427,1.653673333427926,4.0,1.5948817715344856,1.8239941628553349,4.0
books_human_f7921610,books,human,human,293,0.2538390258028965,0.5767481234292073,8,0.29952651358265864,0.3464589990680794,8,0.48123465772246377,0.41580239574372707,8,0.6237988765432814,0.6247225569522106,8,1.0078738837971983,0.9675183719321667,8,1.164708476010129,1.1730794840245156,8,1.2703738196267667,1.3037238873078216,8,1.481902410337447,1.5485548184395408,8,1.3459945523528234,1.2763388398399869,8.0,1.3470109449525558,1.4087051763530662,8.0
books_human_352f4cf1,books,human,human,322,-0.0484105021280658,-0.30935064034509335,6,0.25638974997600145,0.038908447685513214,6,0.10349240510344089,0.11560573493381607,6,0.2572218683572142,0.18297981091218196,6,0.8359284233083902,0.6110887154194058,6,0.8994839081353851,1.0495022176860611,6,0.7638880222269601,0.6570797286784195,6,1.2264661939906545,1.4178607783796795,6,1.6100523540616922,1.353548985538966,6.0,1.4032142140829256,1.563323285941669,6.0
books_human_1acaf05c,books,human,human,478,0.46216022398220147,0.565571930737641,7,0.5654457915775941,0.5003811435892427,7,0.45480701591471673,0.5142789884595247,7,1.1412982765545687,1.031301725253402,7,1.1135956416130712,1.2949834552942916,7,1.2818480052339574,1.3364465941626478,7,1.0972357619164175,1.27531108929767,7,1.573059823892676,1.440408258401114,7,1.6245967784003672,1.6432583273782189,7.0,1.7714542591508058,1.8232303739848779,7.0
books_human_e00e383d,books,human,human,1129,0.19755081365306387,0.19068896803782115,15,0.38114201356237076,0.6217156109349068,15,0.4534785118624096,0.49091840562818523,15,0.8561340231384037,1.058976179518763,15,0.6062581278651602,0.6381367549887487,15,0.9211743643609963,0.9382283551535514,15,0.9815950991230404,0.8579058550576381,15,1.1451018691111408,1.0972627991848178,15,1.498018474859998,1.4873120864793006,15.0,1.3714873493397424,1.3589065822616253,15.0
books_human_c764590d,books,human,human,286,-0.37503244887809806,-0.37648828232623927,3,0.39840813350274845,0.0289865785759045,3,0.08892226881934769,-0.10329114161618712,3,0.40346432416602446,0.3200018199557684,3,0.8430976168777949,0.6066658970065814,3,0.62082347941051,0.5626273286727219,3,0.8647344847654234,0.253182599900783,3,1.0715416421445223,1.0964595029118658,3,0.8841958179826716,0.7026420502356403,3.0,1.3726472248905521,1.7654162154269506,3.0
books_human_59ea5557,books,human,human,3239,0.6917999727355176,0.6998117875036258,41,0.7782946527451787,0.8637920326593943,41,0.9282750667573274,0.8687588114465504,41,0.8625520302200044,0.8685181798329122,41,1.2805999175551253,1.3183473720516596,41,1.4488482964003249,1.5633936402337254,41,1.6537273076459378,1.6242890767824962,41,1.7887615605660419,1.8308903514236914,41,1.8926849710102036,1.820304292478977,41.0,2.105224151834595,2.0044000562230764,41.0
books_human_5d4abe5a,books,human,human,1348,-0.33459297540216487,-0.3178773765982357,30,-0.001990759060894433,-0.0709002074207488,30,0.35076525192448277,0.36559128203795055,30,0.5684506977971304,0.6538998037309591,30,0.7497500265219291,0.7347824430532212,30,1.0405360517943114,1.2073387957202968,30,1.2013516815266887,1.2164206366297665,30,1.11059222601817,1.1789846854842903,30,1.3247582741900819,1.46747201034841,30.0,1.3887612971589978,1.531399438097106,30.0
books_human_574d295f,books,human,human,367,0.21331880417333085,0.11517475818580551,5,0.3680432816625644,0.6462733972713627,5,0.33491344199991435,0.2022983843663377,5,0.4335433956994608,0.35345797753535735,5,0.19606949750903904,0.10578535874241014,5,0.6048437661583856,0.42950315629159885,5,0.6473943585148288,0.524406657658041,5,0.6094775804308357,0.35524078211906185,5,1.1955083411666596,1.1642354591898816,5.0,1.140242076812422,1.3550356749054455,4.0
books_human_396f6a9e,books,human,human,364,0.13765257425945235,0.05769109853628983,6,0.10788768728379994,0.11549693808216831,6,0.3948618724983768,0.3251368808554881,6,0.21771340537733005,0.3103563891183632,6,1.0300979767430216,0.47842432055248285,6,0.932796889934744,0.6349155154450858,6,1.5145959241777682,1.3808150002007533,6,1.5725996090100196,1.4537746463385317,6,1.806449640601467,2.2258473818143782,6.0,1.4125172897677674,1.477159665636207,6.0
books_human_a75502b4,books,human,human,353,0.39094290657643466,0.48533964248897743,6,0.569105095996993,0.5575716236067327,6,0.7913414046566044,0.9458026222463336,6,0.79583363260853,0.5995330957433191,6,0.7824969882866037,0.8030839653020462,6,1.1528976967718598,0.9934818797804023,6,1.0280527239363564,1.1056422068715377,6,1.7484765239083597,1.756749654108077,6,1.401346042872919,1.6211878577391596,6.0,1.6015097741268403,1.5303378652048998,6.0
books_human_82647cc8,books,human,human,275,0.04573042841447583,0.039814819286180664,4,0.6717827685691947,0.7172018761266709,4,0.57238905962251,0.5384054654344851,4,0.6759556633636638,0.8562351610413663,4,0.8600296862100929,0.8503381300849585,4,1.3233105007089836,1.1972774773143031,4,1.4077618248383792,1.3638736036005348,4,1.3736214039108883,1.4842275998021535,4,0.8815507685183882,0.8083569558715473,4.0,1.2762197997836426,0.9445614954068956,3.0
books_human_d5f013ad,books,human,human,1680,0.10535657102114712,0.08483570210837678,34,0.36635562670470123,0.36906234142969985,34,0.48010907503280814,0.43658766784847636,34,0.6907003683818635,0.752463449707403,34,0.923288056190086,1.0337460123692133,34,1.0791930518740875,1.2084811814873986,34,1.3680625672596831,1.2968500841589543,34,1.2394497978949046,1.1633338324952947,34,1.4545012505681818,1.2811626252343604,34.0,1.648917472844746,1.710960448668915,34.0
books_human_8a5fcbaf,books,human,human,520,-0.2714795957348586,-0.31122944555095355,6,-0.48851122418219445,-0.5436831283609231,6,-0.17017573406074518,-0.18720281749787115,6,-0.012010164273179543,-0.2379354291466229,6,0.15301186397942046,0.06279263079344807,6,0.29278626647577216,0.035233315835162864,6,0.9810115821555095,1.098306757238074,6,1.0542089602613716,1.0464366427237968,6,0.9250375977282973,0.7145277731768316,6.0,1.8705251088153119,1.7098034935437985,6.0
books_human_adcce3e8,books,human,human,345,0.27835285057633324,0.13623217521553355,7,0.21304722827005576,-0.06415955115457171,7,0.6422584779748881,0.3136377652921132,7,0.7366746243649233,0.41206541935213753,7,1.0026813434496347,0.7888258980425024,7,1.0659297343705358,1.0944599137900204,7,1.186179307302884,1.0139343377384167,7,1.4150516966236364,1.3453362885636093,7,1.481263907994842,1.7575157085479098,7.0,1.377180417337756,0.8901861745563768,7.0
books_human_88c63934,books,human,human,1282,0.5602914020344092,0.5899513392317457,21,0.6368268894078402,0.6238656784960515,21,0.8047482283368175,0.8180181502600069,21,0.8058415395244511,0.9126791007490325,21,0.9794512152808452,0.9901097479964134,21,1.1326105153692418,1.1263361299193086,21,1.439013342142474,1.4636437060874248,21,1.4300412299054797,1.2997358730025417,21,1.541773015384901,1.590703732069988,21.0,1.6525098729603844,1.6124602252658347,21.0
books_human_9a7edd59,books,human,human,350,0.4198869729225199,0.621784622373007,7,0.7953612676672022,0.9926817105384831,7,1.1789033597748377,1.1297137361792833,7,0.996694074776484,1.003605537816854,7,1.139420782467418,1.082722930840109,7,1.63087318966308,1.530147861354441,7,1.437160917091868,1.3042210740042746,7,1.5065132130706786,1.4250545338831255,7,1.595087467574146,1.4785217149265144,7.0,1.480084299441415,1.8461309856439048,7.0
books_human_03342768,books,human,human,849,0.3985470745948503,0.4011759449111386,13,0.556950468040847,0.6086729050765793,13,0.5720953481041441,0.4634676728121253,13,0.8010236690479656,0.5839812793967505,13,0.538804880136277,0.5316772884963735,13,0.9182771266555416,1.0678593012326565,13,1.0025621064958252,1.247232564646886,13,1.0153610421186186,0.9376987873432623,13,0.9280170447863173,0.87979563991246,13.0,1.0398496880747197,1.027357270874788,13.0
books_human_68688ef7,books,human,human,1437,0.3888125436547387,0.42636322421135814,17,0.4504519416446064,0.5104140291967415,17,0.5255972308574158,0.42336423246952176,17,1.0310052610397213,0.7348170092659371,17,1.128410451979943,1.0503193496754308,17,1.0945446397994703,1.2100977711123486,17,1.3231662119108762,1.3486160665479139,17,1.660567789737821,1.5427539171659181,17,1.7091610881817636,1.3888247364703123,17.0,1.6555478565452872,1.4413466778965813,17.0
books_human_a80b1fb2,books,human,human,373,0.32791602808033715,0.8017888844425153,6,0.31142358691539346,0.20881926908234716,6,0.4726755143082649,0.4321144460159537,6,0.48383702141858165,0.5029205635202251,6,0.6350177667929103,0.7615101962962392,6,0.8841281373240331,0.774357944992345,6,0.9564064336788706,0.9221288990185514,6,0.9507077335818298,1.017083763931472,6,1.0258933688547893,1.2030410948255645,6.0,1.5011675251310546,1.369811073739529,6.0
books_human_baf8747b,books,human,human,2654,0.31682006639536997,0.430682386148279,42,0.6437993853077104,0.7298079667319891,42,0.7303646687948658,0.8012694510616586,42,0.789303050448354,0.7503965423999174,42,1.149592597688342,1.1452230660191423,42,1.1749647123372462,1.129579888314958,42,1.386917023182816,1.5001496394393268,42,1.5316345971050291,1.372282492134664,42,1.6746879588501637,1.8156226370323367,42.0,1.66285842084417,1.633997483205733,42.0
books_human_b3a3992d,books,human,human,325,0.5878716319637173,0.6473118754735587,4,0.5578205691644585,0.6270412211542264,4,0.4149948463652204,0.2729752236597115,4,0.6035691482407322,0.38061992721354204,4,0.9619397883489378,0.8287645209978475,4,1.1926551530738283,1.167272480634041,4,1.3085490281627992,1.3234188988338675,4,0.8224133383501929,0.9830164357647597,4,1.6924259459365456,1.4813554798410438,4.0,1.4550882050827683,1.3671571133687475,4.0
books_human_28a361c2,books,human,human,370,0.6337985730197969,0.3601068872034773,6,0.7539711193462174,0.7822363264679493,6,0.7752631188319722,0.9532344542088682,6,0.5763729252115635,0.8023833036773436,6,1.2022910821952388,1.1731769489212922,6,1.3330356996969537,1.47194149329464,6,1.7325615946422115,1.6705417929080597,6,1.3769195562644583,1.6993279214590362,6,1.4811426005940345,1.8276124937127185,6.0,1.9309442705559627,2.0938623002121037,6.0
books_human_8747b6e1,books,human,human,321,0.8931225076352739,0.9510207402636724,4,0.26415566764318926,0.42124327769510395,4,0.8878266074494319,0.8726717486797074,4,0.5075556892842135,0.5024707392097172,4,0.5567423451754745,0.40728936871972427,4,0.5097368108992029,0.5342145960197608,4,0.6836351955266301,0.6516612628945685,4,1.122244749900298,1.2345558054045007,4,1.060808359610762,1.2030197758601164,4.0,1.7132966474338847,1.7192925221618371,4.0
books_human_ffc189bb,books,human,human,1464,0.4156371020220654,0.3414253977716625,26,0.44604222934082327,0.4923549191733162,26,0.7611038914964076,0.750577206654828,26,0.805215868395429,0.8291841117568783,26,0.8977856805520379,1.0025130541408913,26,0.9582096156850574,0.9432816776171045,26,1.151143895158518,1.0277122741857934,26,1.2240863662608783,1.0402203776560124,26,1.3326088282085087,1.3514130890929708,26.0,1.4225598320666442,1.4444338391927034,26.0
news_human_95762c3d,news,human,human,303,0.6372620911217449,0.8709575619455376,6,0.575635941573705,0.7449855781299698,6,0.7519558521882997,0.9406150486823035,6,0.4893026407189636,0.7810975915509835,6,0.8422153058694192,1.0809493758212423,6,0.7176233404673774,0.9090603772566357,6,0.6867289048627124,0.6667404857752278,6,0.8941459113443729,0.9171498210971782,6,1.18975663087755,1.349231216769516,6.0,1.147130421655975,1.2325406176163547,6.0
news_human_03e7fde1,news,human,human,387,0.04990274333020323,-0.01178294256402743,7,0.4088673660556569,0.28531684767247467,7,0.6208603508848007,0.6068208713858214,7,0.5743643515625035,0.6346987412826168,7,0.92887021572401,0.8116444811907351,7,0.7348803229223815,0.7282380730455561,7,1.1192868603350674,1.2569095944331885,7,1.4113104635521794,1.563674918546343,7,0.976894528205025,0.9808635948066897,7.0,1.2119649230262965,1.0900257572882737,7.0
news_human_293f78d0,news,human,human,632,0.06492966930740583,0.10643661069718155,11,0.17541247224789894,0.172626895424991,11,0.3875977914674438,0.4674407917367599,11,0.3275846347087467,0.20883133166527865,11,0.7158265410601974,0.7088360794720833,11,0.761643323573391,0.9148201057342281,11,0.774430668191541,0.9825403458350921,11,0.7176669263699288,0.6991111979350005,11,1.106511152890562,0.999464518692359,11.0,1.1076665901173277,0.9226052224653807,11.0
news_human_4bbde1ed,news,human,human,593,-0.010508009092934638,0.07079355585556253,8,0.5126615539167384,0.4927873840860386,8,0.2465013909784204,0.26399378420037833,8,0.35608486778268456,0.5191453722004833,8,0.5936932221889429,0.7047649240762425,8,0.7572234821958881,0.7488155406229506,8,0.8496275960623128,0.7959643064823365,8,0.7685627055418389,0.6994757644827988,8,1.0042503348803713,1.2589016306279297,8.0,0.9701986589863749,0.9329612721274126,8.0
news_human_ed8514ab,news,human,human,563,0.7045050771788492,1.1527273859163505,9,1.0170426293923578,1.1966704315865104,9,1.3666019316827822,0.9246882265198585,9,1.2581233392237843,1.2121750612223081,9,1.2506820240406011,1.2427342017915224,9,1.0835439139981475,1.234022425643848,9,1.1628544571322905,1.1792679155552162,9,1.2885397189902932,0.935553773588781,9,1.46259701816052,1.165518263788849,9.0,1.6478739537442497,1.4832172181302972,9.0
news_human_1c87e3fa,news,human,human,382,0.3510645999774563,0.47384211939544457,7,0.5948385416257337,0.701826966925214,7,0.7855122266719412,0.8181147656211227,7,0.7897974271711234,1.049537068679947,7,1.1192076607786772,0.9844557113918866,7,1.1998256767533653,1.1314046365818495,7,1.4929386405521818,1.5707263949547088,7,1.393583101965396,1.4331231044179835,7,1.6533079964886077,1.4417541990470002,7.0,1.4890419350193995,1.4855714128957296,7.0
news_human_4a66a071,news,human,human,524,0.037948001608357394,-0.07855163117054018,9,0.3985603315314022,0.5029438670668217,9,0.5654908670038195,0.8835121459816132,9,0.5480637201984094,0.655197311989618,9,0.6766357526619368,0.4734015903090037,9,0.7396620804253794,0.8531540322068341,9,0.6190395217770615,0.7225069994832268,9,0.9335511982753951,0.8423972598338624,9,0.9380667774592809,1.0240813347480435,9.0,0.7983001942963485,0.8966240245801532,9.0
news_human_9d5985fe,news,human,human,666,0.35833936285486184,0.4653514077294669,12,0.42035982903145314,0.36554021493142785,12,0.42582619569369645,0.41767887140314064,12,0.6475198601760271,0.3958179412392201,12,0.6299944337896086,0.5928852868849608,12,0.9124284196141911,1.1178472976696483,12,0.7912863752557863,0.7513933698412828,12,1.1367991955856107,1.0836393528934967,12,1.0229178116180004,1.3057796187229762,12.0,1.2417162008044478,1.1939212869830553,12.0
news_human_b7bdde16,news,human,human,803,0.4013366796657496,0.5542272776168591,12,0.758207610689626,0.8568479572749832,12,0.6891108602522023,0.7447201075485947,12,0.6819915913125224,0.6202979882263164,12,0.9767000443351583,1.113356319663755,12,1.0959990536141715,1.0658708939091572,12,1.2574264871619119,1.2714542358754657,12,1.277387880534732,1.5265170275499615,12,1.574253203686048,1.5325654857210502,12.0,1.316378574768945,1.290312244635473,12.0
news_human_31e4ff33,news,human,human,746,0.05881559276721898,0.1653806763238658,10,-0.006065507748214838,0.20921610308951322,10,0.29134809260943695,0.23993387623093537,10,0.09541043216058177,-0.16860982535541472,10,0.33276509650136865,0.32998833136619965,10,0.05628650987224879,0.16930416792786504,10,0.6792283923405635,0.4889833479330823,10,0.580825581921271,0.7036054249727139,10,0.3729069785470826,0.5533570179035593,10.0,0.4885449849886583,0.519225521226139,10.0
news_human_a4fbeb9c,news,human,human,534,0.13332674337741443,0.21056291883679254,9,0.3668688631136888,0.15033672886512559,9,0.42856251709313575,0.127853813190706,9,0.4620681251688846,0.3506055670546047,9,0.8272507300325408,0.769517712325294,9,0.6137888043883825,0.6995160991629815,9,0.8926735719988793,0.8299332637167397,9,0.5787697943701615,0.6889934012984517,9,1.0572326926194078,1.0223048678632727,9.0,0.8068954369755694,0.6675206623921982,9.0
news_human_55af8918,news,human,human,709,1.4929368586314267,1.5886733739216468,11,1.5798674365887295,1.1935134813046904,11,1.200435449672944,1.3346312316468147,11,1.3785040618271862,1.4082335340164125,11,1.4378734606485613,1.4167883412446278,11,1.571101509672449,1.9525586730678324,11,1.7465233855756706,1.9276325062518258,11,1.3944089396214812,1.4821360645954507,11,1.7410115438214013,1.4775940233968254,11.0,1.6546425964444822,1.5555700093101723,11.0
news_human_b9062633,news,human,human,1060,0.41362811681980616,0.2560093806157706,17,0.4290249437604004,0.26691278224162523,17,0.43167751693982837,0.5262571793356855,17,0.4793348520011107,0.4329952515710676,17,0.430497317559013,0.4731073971246106,17,0.4635171744779184,0.46744651760455247,17,0.5908248510289074,0.5249895697830184,17,0.8330195130879122,0.794744795935038,17,0.9847023690130636,1.0000782034771634,17.0,0.7756068111117121,0.7840722477505017,17.0
news_human_d4822b2e,news,human,human,312,-0.08438691997161289,0.17497537678404,7,0.02910143456788736,0.255878839191026,7,0.11008960544320656,0.540769529686448,7,0.18981042915579796,0.04676162698989334,7,0.38794441661337664,0.7563306501204201,7,0.4956909999637628,0.42975243616281744,7,0.5289316761014832,0.6874371409435489,7,0.8503646901450203,0.9127885551228466,7,0.835627227496625,1.0250594920295553,7.0,0.770087665751066,0.9638517377457367,7.0
news_human_b5d1e5f0,news,human,human,569,0.6099691158526859,0.480673556205318,10,0.8778122196124875,0.8193068544201336,10,0.9525710767002453,1.1513057263414614,10,1.1514611926858005,1.0741498819838007,10,1.288783598314758,1.296663022241328,10,1.1563156687480873,1.1287961223507308,10,1.6107302531402699,1.7543439720816165,10,1.398938139305248,1.2898882971379098,10,1.6708672112216696,1.8043051599157487,10.0,1.7388068386991364,1.644197013349999,10.0
news_human_ea46dbc8,news,human,human,472,0.6172150878657762,0.4382981168919577,9,0.7174257044385135,0.6911085203546609,9,0.7655983616228794,0.6661603236459347,9,0.9069135774658967,0.832863713711534,9,1.366187979889653,1.2773818770690781,9,1.3328365138205178,1.2363996986898302,9,1.4450315044580526,1.2638798710689174,9,1.3956956790820951,1.5025382597206611,9,1.7524762423393514,1.4638836639828083,9.0,1.4345966914667996,1.2162854301380897,9.0
news_human_4119a835,news,human,human,771,0.4901621583035376,0.43722050245294597,10,0.4259001975008351,0.3281818034339069,10,0.466677886744308,0.430896377902611,10,0.7425144014817444,0.5861492414039211,10,0.6671388065540578,0.7043461393744203,10,0.8631702786431333,0.7044057263847145,10,0.8150995038129561,0.8257093454950195,10,0.7961061316076711,0.7424243928144135,10,0.7917539192762472,0.6461368174969824,10.0,1.137376728199764,1.1162446743696413,10.0
news_human_97386e41,news,human,human,726,0.6539837460481747,0.6211181965987775,9,0.5555615502016767,0.8582128062298813,9,0.522029427189553,0.49655262548510837,9,0.8006736243196475,0.9065522974434262,9,0.5842455455403724,0.7636037550319617,9,0.8466280800591042,0.8933100454645273,9,1.0139821841575338,0.9871159568301826,9,1.202253856368337,1.177713822553964,9,1.0740989489866086,0.9830833471925932,9.0,1.2372636243013604,1.330028062748625,9.0
news_human_4f1ded41,news,human,human,763,0.14384081157278025,0.1730072516738862,14,0.14488060113482068,0.136179558377554,14,0.3968297852297293,0.3048867363697192,14,0.5397691002321142,0.5998154836631802,14,0.4906681773109546,0.42438293002713356,14,0.721981911242879,0.7493839558586269,14,0.6653400385655346,0.5886568319629947,14,0.8885117726231941,0.8194540746995089,14,0.8689783167876978,1.1100893033646344,14.0,0.9155003395972259,0.8464395288562621,14.0
news_human_372c32ba,news,human,human,550,0.4734466763187016,0.5770068286603691,11,0.4709429760840236,0.42374043459749244,11,0.9035824634260305,0.9272668730863824,11,0.8888434795513834,0.9472011433074553,11,1.0824653848834307,1.034392041722208,11,1.0021433384169574,1.049925202521697,11,1.111020960086322,1.178277797845484,11,1.2269224456904508,1.2459989969131902,11,1.100161711390441,1.1039756259895017,11.0,1.305455759770491,1.2701925516335806,11.0
news_human_bab5cbc8,news,human,human,565,0.2007318455160335,0.2621776607276861,9,0.2812028385269311,0.09965165303865557,9,0.6560149800342577,0.6440868831336792,9,0.574171572350653,0.3142507950309274,9,0.6717751228414379,0.4549140046376344,9,0.9306590567155337,1.228255949725843,9,1.20553707222582,1.2418352872568712,9,1.1935307602345924,1.146790995676764,9,1.2221417255991318,1.2611156934493435,9.0,1.464702019310082,1.3287213229630048,9.0
news_human_11e69dd5,news,human,human,633,-0.2297021574591509,-0.16334257175361144,12,0.3011311606016271,0.2294349273284032,12,0.22063535243923837,0.16616467653182695,12,0.24335558872627874,0.23974329969074185,12,0.31495750072937784,0.3913312591959868,12,0.1947179199825896,0.544758562221471,12,0.3775623203489669,0.5802087761166255,12,0.4678072972144829,0.6405985551201852,12,0.7975888679055084,0.9445541399472976,12.0,0.6895694746697952,0.6435805299752433,12.0
news_human_2d1f8165,news,human,human,941,-0.3028910206667942,-0.38373211768309085,17,-0.030807907093614605,-0.12596864132739652,17,0.07558615794996526,0.24023551401983428,17,0.19385927799093314,-0.07757983575579602,17,0.10141723674982663,0.14004691422792137,17,0.18413419776775353,0.13032052110748638,17,0.31992540870960595,0.32993175983408907,17,0.37239791973436875,0.26725040301809316,17,0.4343772926942633,0.2437788352882782,17.0,0.6588614436631659,0.7842760618073087,17.0
news_human_4eb61c3d,news,human,human,910,0.4021941539706345,0.46799962056111566,16,0.5321385856420914,0.3514525710667485,16,0.5693418779612761,0.4851483223291341,16,0.730037793090417,0.7236008621916732,16,0.7108954642792975,0.5492777659190948,16,0.8423203363401066,0.8721487330552403,16,1.2380608440950351,1.141449800366583,16,1.2957478998837013,1.2017557123785503,16,1.2902665594453722,1.229308535166212,16.0,1.1761977123494862,1.2989580247255634,16.0
news_human_fcd9ed28,news,human,human,699,0.4728698724998836,0.8551789738965981,11,0.449852066667361,0.5648676199379208,11,0.8044519772999821,0.5804797686758272,11,0.9637224030246759,0.8577605689116238,11,0.7966619844589912,0.8272926194781647,11,0.9386087577437461,1.0872438155233457,11,1.0080076250159742,0.8715665439787469,11,1.0764955392021134,1.075406078046274,11,1.0544956189197403,1.1155910334121046,11.0,1.4441439859135423,1.586620616610472,11.0
news_human_da750af9,news,human,human,580,0.5201485902807363,0.5218313793000291,8,0.5436282897362085,0.4053264357884349,8,0.7043943829973234,0.6439624374038064,8,0.4055453896554439,0.47217182219623527,8,1.0233184289772725,1.0805126020198013,8,0.8674923079995929,0.8228479986878435,8,0.8496860558803103,0.6701469635453863,8,0.8983774393441801,1.0513789153223372,8,1.0971136799398513,0.9970796577168707,8.0,1.0422515319026162,0.7455352001515635,8.0
news_human_ba8d89ac,news,human,human,317,-0.019635445692196198,0.11707470587158424,5,0.16143197663281156,0.23205047007440255,5,0.7769896452260332,0.6802385625111835,5,0.2387904912614239,-0.07548112218627404,5,0.49791519907450404,0.0586745569324307,5,0.6281355795669719,0.29604143031114627,5,0.8196414162851001,0.5611142585445152,5,1.1762298112581413,1.4567084972018085,5,1.3116205718931817,1.2689680322478971,5.0,1.2930239664589827,1.202126248735536,5.0
news_human_4e3e6970,news,human,human,293,-0.003435921377647533,-0.004874828838522166,6,0.41628278033976773,0.44334045603599703,6,0.1428088311642389,0.28953418431697314,6,0.9456680335092592,1.0726117338053034,6,0.713500663145262,0.9581918412272556,6,0.7490395216564023,0.7285881608258186,6,1.0774224258428913,1.0341880160301882,6,1.1524259469668834,1.0511943354464988,6,1.1446605338714335,1.152315343424548,6.0,1.2112733198643262,1.3314813654939153,6.0
news_human_166599d4,news,human,human,1070,0.06946481023734238,0.1360390815216814,20,0.2857695698415082,0.27980662270315304,20,0.46718890852248113,0.5163537089409596,20,0.5035083497554239,0.5478989492364732,20,0.5963510903585536,0.5524767083240948,20,0.6518801526915794,0.5823401218367834,20,0.9084392059027351,1.0051370459674351,20,0.6965630998751492,0.8421091045212763,20,0.9297043846949069,0.9029965636672606,20.0,1.0647081301047607,1.1822901899022884,20.0
news_human_7d5f0b6e,news,human,human,389,0.9246515825413767,0.7767488508105713,7,0.8942022952062284,0.8193639101129244,7,1.1893881687432208,1.116240552160901,7,1.1717713012135533,1.0718455054590499,7,1.3574688615275774,1.1349708139029209,7,1.5906106981252157,1.808061467289034,7,1.471738703794807,1.440974986328413,7,1.5726114200659094,1.5777581343022082,7,1.640062614962487,1.58494475074404,7.0,1.730264216486438,1.7547103219050222,7.0
poetry_human_e15f44a3,poetry,human,human,297,0.867508615201811,0.867508615201811,2,0.8302280865233289,0.8302280865233289,2,0.3570240794723743,0.3570240794723743,2,0.8890339546429331,0.8890339546429331,2,0.9481572990085176,0.9481572990085176,2,1.0912926690973697,1.0912926690973697,2,1.5646698122560303,1.5646698122560303,2,1.3438510480115662,1.3438510480115662,2,1.0848638426603683,1.0848638426603683,2.0,0.5718688598133922,0.5718688598133922,2.0
poetry_human_f0d50e55,poetry,human,human,347,-0.1510001179006153,0.2176087213432195,3,0.3779833726037772,0.18851848631980356,3,1.0801207691406087,0.8322035958536476,3,0.3367054006605912,0.505445052512238,3,0.7316090230947009,0.8622553533868976,3,0.26443154727217005,0.410623971960752,3,0.7393029835814927,0.6161868595666542,3,1.039986712707455,1.116212863208157,3,1.0685503105269256,1.0166556431635305,3.0,1.0293540284797247,1.0293540284797247,2.0
poetry_human_67354e11,poetry,human,human,507,1.1809634292032207,1.2346718011926219,7,0.5717897339040084,0.7405270053198045,7,0.8437857704274009,0.9432870051014849,7,1.0232084911967454,0.9643997914614425,7,1.154583718565057,1.4015007982282948,7,1.2874323567332873,1.44778584676185,7,0.9228269500912667,0.8293284354728059,7,1.3261779633645792,1.0212334803670515,7,1.566835954675154,1.1983061786431295,7.0,1.531683975201781,1.6292157450219453,7.0
poetry_human_7af0da68,poetry,human,human,326,1.0799156697389614,1.0799156697389614,2,0.5394257006489045,0.5394257006489045,2,1.0221837274615375,1.0221837274615375,2,0.8190123550989976,0.8190123550989976,2,1.032713191713497,1.032713191713497,2,0.9303378208259689,0.9303378208259689,2,0.1517814309391947,0.1517814309391947,2,0.8429966149201849,0.8429966149201849,2,0.9901598954496851,0.9901598954496851,2.0,1.3351873019660199,1.3351873019660199,2.0
poetry_human_a2b720dd,poetry,human,human,287,0.7932534333256687,0.7932534333256687,2,0.45857814346357273,0.45857814346357273,2,1.247829239228856,1.247829239228856,2,0.5157109634767463,0.5157109634767463,2,0.6293233916290417,0.6293233916290417,2,1.2053408816421127,1.2053408816421127,2,1.0217467659272632,1.0217467659272632,2,1.1688705323212394,1.1688705323212394,2,0.9903772611212831,0.9903772611212831,2.0,1.3341370706777158,1.3341370706777158,2.0
poetry_human_69cccaa4,poetry,human,human,1404,0.5429176870589947,0.6560969790780502,21,0.43045278510260526,0.38362418523932246,21,0.5108161741836253,0.6562979719220482,21,0.6709715925803144,0.8506010088181017,21,0.952112845477856,0.8053420085449203,21,0.939079153057085,1.0468822585830624,21,1.0533874289193634,1.1165280416046204,21,1.4949313387503393,1.2611924613948964,21,1.467028600923542,1.3744238210637114,21.0,1.500105884405802,1.544598758730991,21.0
poetry_human_89f0db4d,poetry,human,human,414,-0.23270171525166425,-0.07238306358336555,6,0.07312797052329285,0.44349086621490186,6,0.3049759992847965,0.3690308050591411,6,0.23419347102722143,0.7445331581197759,6,0.5847742467781802,0.9112173654850915,6,0.6086890805594205,0.8528198752855627,6,0.2175205208759705,0.3740770915769836,6,0.763962041292579,0.8569368848944543,6,1.057135811291339,1.1833559317542837,6.0,0.5200086965926052,0.562309166812873,6.0
poetry_human_313b2391,poetry,human,human,280,0.10396891330187871,0.10396891330187871,2,1.515485995255829,1.515485995255829,2,1.7075350617436227,1.7075350617436227,2,0.9714979233863106,0.9714979233863106,2,1.4724715828994905,1.4724715828994905,2,0.8071551573425904,0.8071551573425904,2,1.9842923450886505,1.9842923450886505,2,1.480033694347596,1.480033694347596,2,1.8877756692628274,1.8877756692628274,2.0,2.040594226117816,2.040594226117816,2.0
poetry_human_29830dcb,poetry,human,human,370,0.03613028405088727,0.3988177787605268,12,0.3198324498247162,0.8042709591542635,12,0.4792452886812188,0.871084078626691,12,0.1829568439459183,0.5872333824435461,12,0.276023694978952,0.9308192448117456,12,0.14390037839574066,0.952554795086368,12,0.4919938494797067,0.9777730789682191,12,0.30162184934342234,0.8292886152142845,12,0.48029811156789126,1.0888343997704537,12.0,0.3372001624058121,0.8736417538319499,12.0
poetry_human_ab55a7c6,poetry,human,human,606,-0.17134937874762765,-0.1988707551808592,13,0.06367925824369408,-0.355408960700896,13,0.23674765856147878,0.0446704740986444,13,0.509480200551809,0.5150431893731616,13,0.5593410322680472,0.8507576381599631,13,0.34960196068846366,0.11401830204054524,13,0.6666792337201213,0.7577654679891099,13,0.7762835626790239,0.808289994844664,13,0.7371202316293038,0.8410668054792763,13.0,0.9994287727579751,1.1276603959289166,13.0
poetry_human_82849d0e,poetry,human,human,332,0.25781666281457455,0.3099788974615703,5,0.30838911674417535,0.6370250379963518,5,0.37349834877913823,0.23457448126241526,5,0.22954523499747678,0.00832221245335641,5,0.8991842034360656,0.8778477674632779,5,1.0616698959607647,1.0002060964128505,5,1.1918172065532562,1.140530629729495,5,1.2277497029244144,1.0001093898220057,5,1.9428721662166666,1.7448214213707496,5.0,1.0557808396328805,1.011527321122332,4.0
poetry_human_bb5f5152,poetry,human,human,400,0.6410743578212837,0.5966668728249299,5,0.2774190996070923,0.6350748636731011,5,0.15037423411863854,-0.08175749507273238,5,0.687711328880037,1.130872513179904,5,1.4896589338738795,1.591795929234315,5,0.8394666991726382,0.6840006277457493,5,1.5972253719146183,1.0415456088581365,5,1.1294168665117117,1.309645979058516,5,0.8724381428756056,0.9972944077226399,5.0,1.1218146120689916,0.9475439897839066,5.0
poetry_human_18a155cc,poetry,human,human,506,0.11544565995908071,0.11384229879865086,4,0.2880676064581087,0.24899950736610088,4,0.12265288778286429,0.10705186791681807,4,0.9800795825881853,1.0440725842556442,4,0.8896409614888302,0.8684730028680219,4,0.6901510902952384,0.5875438910179447,4,0.9700747557638341,0.892542886340638,4,1.1737926075482508,1.0573878499418445,4,1.3391749942513793,0.952694916248022,4.0,0.955034615359116,0.9676992946828047,4.0
poetry_human_3a6b3cff,poetry,human,human,679,0.22765529204358553,0.2785043106951304,4,0.7186276403853484,0.6485054843846807,4,0.7331024000297629,0.5213614620105079,4,0.5400481829939823,0.395149992388373,4,0.5236083526422677,0.4446771659919738,4,1.0635680189813415,1.0608333509487053,4,0.6563489385514577,0.6031146389410001,4,0.9678753235261163,0.7551941617737649,4,1.273346352156984,1.443874218562203,4.0,1.2573964057587095,0.9353586760172113,3.0
poetry_human_d7165b2f,poetry,human,human,290,0.6754709467554912,0.5527562039729731,6,0.7158895536547005,0.534210385443259,6,1.357397380007903,1.2874501505039375,6,1.2919574352195864,1.0688468563929447,6,1.8757265333239797,1.9601237874897055,6,1.8776532624491853,1.854512668994824,6,2.0323429267343736,1.9745521338129706,6,2.108457937643721,1.8613041036305924,6,2.5556727738513074,2.949259058404747,6.0,2.9272506930651243,2.9630801361912305,6.0
poetry_human_0dd7f837,poetry,human,human,363,-0.12095439236110317,0.041567826955160675,8,-0.052364474505094294,0.10394834667719803,8,0.2157397480755608,0.5467956158612516,8,0.3732604434197545,0.6666758322889116,8,0.5956548354259377,0.6393359335794677,8,0.6073732844732573,1.1801768755816182,8,0.7592263530014839,1.2513754545458746,8,0.9408375505891009,1.0838198198615236,8,1.0681641684385201,1.6398507739886286,8.0,0.9633374287453235,1.5353538558063575,8.0
poetry_human_88a6b267,poetry,human,human,480,0.35135343062738766,0.5331182385539384,7,0.31125008930080006,0.45679415462319584,7,0.4778741682191679,0.8357285586028613,7,0.5488898790743676,0.7884851878669886,7,0.8403255649493288,1.165608813666578,7,1.3551197048470225,1.6986638018456983,7,0.8792707333305315,1.394320910792714,7,1.1146398752672257,1.6415571292945907,7,1.366713756125662,1.377461905934125,7.0,1.4726091723459196,2.288457981985628,7.0
poetry_human_2ade4034,poetry,human,human,374,0.15318837646642758,0.411995317584333,4,0.1624005758070645,0.15593049729283934,4,0.44281683470463384,-0.08006928997542938,4,0.48132559883063664,0.5905301976215022,4,0.6149878834357917,0.667259833976832,4,0.46805697846132466,0.4528141862091787,4,0.6008785836023055,0.5573640393585009,4,0.699978191134297,0.580614411596234,4,0.6424218599570329,0.7252852441460477,3.0,,,
poetry_human_9254d444,poetry,human,human,322,-0.27704299392096815,-0.06773958333271882,5,-0.15247664105990205,0.18882932028004001,5,0.24955244822796363,0.05618575842938742,5,-0.19618144287921926,-0.2642225174189404,5,0.7241231242901135,0.8509026408074681,5,0.19661726171373226,0.38775209805887334,5,0.2215750663778188,0.4624972497751946,5,0.27256172723930533,0.22354266066858888,5,0.6219501555228925,0.7157348887044059,5.0,0.5553733459409769,0.6426271040398149,5.0
poetry_human_178cf76c,poetry,human,human,270,0.48112548462277593,0.48112548462277593,2,0.4928066308209055,0.4928066308209055,2,1.2172366664675554,1.2172366664675554,2,0.3645752146435398,0.3645752146435398,2,0.6242055355073837,0.6242055355073837,2,1.373361224259199,1.373361224259199,2,1.1261526176393613,1.1261526176393613,2,0.5779559720324827,0.5779559720324827,2,1.2905531000188408,1.2905531000188408,2.0,1.4238859358301965,1.4238859358301965,2.0
poetry_human_c1754e4d,poetry,human,human,324,0.603024256809618,0.6121620965199076,5,0.5556361700348831,0.9284978977969844,5,0.8252281927497978,0.598641634545073,5,0.9446134041011796,0.9614576358659364,5,0.9472674044175031,1.0499348418889167,5,0.893018348225801,1.0879709642179634,5,1.4513764419782125,1.4408208899652937,5,1.1925212424151883,1.44196613812636,5,1.0975743458222114,1.1200578839195194,4.0,1.306102233312863,1.187819273079858,4.0
poetry_human_44a01258,poetry,human,human,388,-0.8690013188658046,-0.9605904914148358,5,-0.4330972205715839,-0.33670867834911866,5,-0.21510176960690436,-0.500249657209967,5,-0.07665909123366518,-0.31126837081611164,5,-0.42126600838757666,-0.6343135581960783,5,0.05292807331995173,0.0412693810486806,5,-0.10354764077549283,0.042270755115311406,5,0.3751287419433746,0.30899227164987264,5,0.3007514824011913,0.16679417978747302,5.0,0.30077884380185677,0.4713932675073588,5.0
poetry_human_b583f87a,poetry,human,human,406,2.0484367452367227,2.0807906141288743,6,2.4248828244123994,2.292761122740721,6,2.534857456161138,2.009411510454838,6,3.2344194741796266,3.040380967092344,6,3.267981183847692,3.2563518225197314,6,3.2774085633804315,2.981853943174484,6,3.2067296344904967,3.30628415873555,6,3.415204086147567,3.1490659910435608,6,3.47354717218133,3.246276278061346,6.0,3.4369980344969817,3.379399576959983,6.0
poetry_human_17d7c43f,poetry,human,human,3014,0.6068751371487873,0.43206817034091904,22,0.7390339844707594,0.7429222580803863,22,0.9191481004946731,0.8244706696362628,22,1.0608678148900976,0.6505158245071847,22,1.319501844144032,1.0934613783101437,22,1.072449789524194,0.8713594145445347,22,1.2930291469704867,0.8956726487946275,22,1.308350710272267,0.9846053043634555,22,1.4625857428498754,1.2496508845991667,22.0,1.4121148309611382,1.3068903243178136,22.0
poetry_human_f08102e8,poetry,human,human,394,0.6357551291861747,0.4474468344584818,9,0.7441599067877188,0.644745410154157,9,0.5234529963930493,0.4496397701271303,9,0.6360116221395429,0.5402530860806224,9,0.9601323578708006,0.8377175208763299,9,0.8828703583612316,0.6186171952175606,9,1.3900640984242374,1.1937278853960742,9,1.347194755666176,1.3669680094702379,9,1.6102864521525082,1.198281234215903,9.0,1.588282914528794,1.671308908063869,9.0
poetry_human_c48fd90b,poetry,human,human,371,0.21963530607032786,0.2582300712141516,5,0.4674065292359385,0.4830495086526893,5,1.652493393739593,1.5533225487277673,5,0.5726980683325096,0.7100708570980457,5,0.8947090978898181,0.8960430502692942,5,1.954570058098539,2.136688559894675,5,0.8223752182216465,0.7876745839042449,5,1.4424360161975678,1.1283724884937587,5,1.117940577159163,1.0480254276824468,5.0,0.7880697134470276,0.8074735194965064,5.0
poetry_human_b730344d,poetry,human,human,367,0.24626133467753705,0.36226860533364735,14,0.34384952265500857,0.435254479638304,14,0.559734226173933,0.6401441112314656,14,0.4665079625299097,0.2539819931330937,14,0.9301575090461259,0.7081531196954901,14,1.0737151385981694,1.0853009285496658,14,1.0409698635445985,0.9276939506540908,14,1.9335523955872465,2.1949891045049954,14,2.3026738863691585,2.426855433348937,14.0,2.2365295820908213,2.270214182254148,14.0
poetry_human_10c686be,poetry,human,human,549,-0.3517080395263428,-0.0642694118639965,9,0.038455005267411746,0.14342277850426968,9,0.5042433164636363,0.4141043518634711,9,0.26961081024024564,0.45981418864542517,9,0.6502421742275589,0.831813268422556,9,0.4280547545741115,0.6324407324188823,9,0.5371908143004219,0.7332691202359823,9,0.7126494871381135,0.8122576540299936,9,0.8787007799886646,1.1129168003728436,9.0,0.6186973870926931,0.720053325071512,9.0
poetry_human_f425e7a6,poetry,human,human,447,0.1708939287074838,-0.22670982366982378,12,0.4549999404985365,0.2491692106186127,12,0.4278427702815022,0.37611202439887736,12,0.6210440522667735,0.3910180040216854,12,0.3698000866115075,0.34343630208101406,12,0.7411769826243352,0.7600032111056989,12,1.0769726164268236,0.71901132475513,12,0.7642540619767088,0.8519898720905861,12,1.2457674075186547,1.2423138949417347,12.0,1.2207836700283947,1.2535596496732422,12.0
recipes_human_e80f802e,recipes,human,human,455,0.13002446046767016,0.12897808654900086,9,0.7778434479239624,0.9242496927133504,9,0.5607480130548587,0.1521593590152664,9,1.0264802267329383,1.136108006657545,9,0.7707324662515087,0.5703545600880544,9,0.7907405071911547,0.9952004130614935,9,1.147677958171405,1.1396024304046195,9,1.5435891715685508,1.8616090696867913,9,1.4670161815733747,1.3664487135512402,9.0,1.3925983927751173,1.3337053926466602,9.0
recipes_human_a666367c,recipes,human,human,500,0.7868232313129193,0.6107613258839977,10,1.1181386841516783,0.9191622039095997,10,1.1029150012320617,1.2120457341669861,10,1.1636485700436492,1.270121021363214,10,1.4705139411253723,1.3943082806033456,10,1.7433536170906117,1.9412765984732259,10,1.6880916672847648,1.578819509526562,10,1.9104408076884507,1.7536021205372236,10,1.765686431153998,1.7530261448617268,10.0,1.9408689362781169,1.9304818259179637,10.0
recipes_human_80efc092,recipes,human,human,363,-0.2168741165676874,-0.3341575513273922,6,-0.4011956466420649,-0.06760455816516876,6,-0.542254657054452,-0.4027507209913168,6,-0.20603452927525565,-0.14659624807219798,6,0.14941798220319139,0.06667501920667981,6,-0.15678389593604367,-0.05681905368005938,6,0.6660725572160014,0.6377242510852689,6,0.530983876734119,0.43667572482156986,6,0.5888267266163054,0.7783418856247877,6.0,0.513512210109104,1.0128510272725677,6.0
recipes_human_007f31ef,recipes,human,human,356,1.0546835859342532,1.0938406756186987,6,1.1644232853745446,1.1310387097357386,6,1.2554535588833462,1.215154782865189,6,1.1060445414743836,1.2120483155818902,6,1.5121410078667132,1.7552026714623552,6,1.3717238085842685,1.3228366332554697,6,1.8243625755518786,1.7637512475584662,6,1.9026559210086964,1.918710879127329,6,1.8447751361473606,1.848278597968354,6.0,2.3088183481797104,2.3551344680314465,6.0
recipes_human_4469bc92,recipes,human,human,438,0.6212653972696006,0.8197064540805669,9,0.7069448562041556,0.8567573716986786,9,1.3051573017260039,1.3086895746759344,9,1.364159827883944,1.1037777742634185,9,1.3662588269723825,1.6266057545348824,9,1.2071201746146867,1.3338248392163614,9,1.4591623946948493,1.7964415355129826,9,1.8176220352956483,1.859793319073723,9,1.6304210386392182,1.9959938322071984,9.0,1.645949412463458,1.212970362043992,9.0
recipes_human_44370887,recipes,human,human,458,0.5311136409554424,0.7430539100491342,9,0.7705807756507883,0.8603229776149974,9,0.7703619865040161,0.8319987735852868,9,0.5823630182332217,0.3318523825747866,9,1.1365762908847872,1.3259904875783615,9,1.0499891618869213,1.1138102722766365,9,1.048913164566632,1.2567860135839157,9,1.1629853996856792,1.1807725982770132,9,1.244558778919535,1.0381003626289949,9.0,1.5474544923761302,1.478248272155834,9.0
recipes_human_eac1b59e,recipes,human,human,402,0.3130469477690368,0.4205653442442563,10,0.8983898746109537,1.00062476695016,10,0.9046155457900056,0.7925038004742899,10,1.115906884742785,1.1149154884931582,10,1.2561644672848784,1.2526827735336172,10,1.776922960224858,1.7610269122779698,10,2.0897098687815143,2.03333201707344,10,1.9956926745098784,1.9418681211347932,10,2.147317893299001,2.2697536219974843,10.0,2.1086452319974804,2.2395143275188096,10.0
recipes_human_6532390a,recipes,human,human,807,0.6040876222816972,0.6903622155203741,18,1.008329628079671,0.9900680873632361,18,1.0642795243029772,0.9801535453101834,18,1.3596061704372453,1.322747155389557,18,1.4149491571182748,1.3889950233918844,18,1.5293424557514212,1.4504095188417243,18,1.819275809039092,1.8802675691340536,18,1.8949485150593048,2.0317182690403888,18,2.037900595305394,2.105447269226906,18.0,2.150362669239978,2.0530632717571855,18.0
recipes_human_eeb8f558,recipes,human,human,623,0.09160417420556037,-0.04960238082199393,14,0.29635474769119163,0.33481983116216785,14,0.4590112985219787,0.30985377434922273,14,0.35275084678959573,0.5123279618473339,14,0.4411835207697135,0.35548901280876516,14,0.7657103967813609,0.5663447837616999,14,0.7544003069358131,0.6719460689214589,14,1.0501002478968153,1.2503837499059722,14,1.4190984774689566,1.367306239486007,14.0,1.4815975807074864,1.4854821332762675,14.0
recipes_human_c019c4b3,recipes,human,human,862,1.0576296846174076,0.9580378954107996,16,1.090260910648066,1.1289019887686877,16,1.3480123969560451,1.0627376094321164,16,1.6362862486053693,1.7648999127445264,16,1.5312093347584863,1.5124377334668575,16,1.7401961870131246,1.680837080603276,16,1.8117526680562293,1.6998692401877502,16,1.7651199593016123,1.7271467943438603,16,2.044977812631041,2.1232424229409332,16.0,2.0896658672867763,2.169815276007875,16.0
recipes_human_ab1afdd1,recipes,human,human,452,0.14166382837594707,0.3446838134206747,9,0.5710083625531883,0.5871742593755128,9,0.4448286160485932,0.35135491068659047,9,0.5210720949298563,0.7022324769174908,9,0.701536676684315,0.9789529835600381,9,0.7416472324276434,0.9187144131304839,9,1.0329288982955882,0.6176429829723407,9,1.0466381157416658,1.0439411608245797,9,1.1997343041502553,1.0575832406491075,9.0,0.83636561286756,0.6490076696656567,9.0
recipes_human_46a2ffc1,recipes,human,human,413,0.6141890716706687,0.4507186241733275,7,0.9919459758860685,1.174056824321,7,0.787779640671204,0.9696795505876253,7,1.1297362089556415,1.0504718925398733,7,1.4941774530778287,1.6606751070783297,7,1.2818825387086275,1.6757537026589757,7,1.2798950517211272,1.309645536677216,7,1.5606152222307494,1.3452223815151283,7,1.6116574347324948,1.4116303087505386,7.0,1.9486743723988422,1.9574091434528473,7.0
recipes_human_82e25659,recipes,human,human,444,0.791398148594721,0.7904024476464259,11,1.0759528305687367,1.1426090038861034,11,0.9210349732630955,0.8721638196721686,11,0.9003777931461712,0.8465889901885317,11,1.0319051247655031,0.9268172431425192,11,1.1942689265148478,1.2719228511338745,11,1.6239728646805884,1.5377549930669994,11,1.1853043884834007,1.245101342973087,11,1.624725082730165,1.6315432573765651,11.0,1.705609820868991,1.634398927417342,11.0
recipes_human_548ecf21,recipes,human,human,367,0.5151751372344503,0.586242730237886,11,0.5218378307963436,0.610913823531752,11,0.869226022992435,0.9801982708968952,11,0.7671378263351648,0.7759345732226314,11,1.162675751650745,1.2422130781959224,11,1.548151852036065,1.3644040451932467,11,1.408944836288571,1.2626036774928944,11,1.7240714247891658,1.8799883972720552,11,1.807760424708448,2.014381009069363,11.0,2.3469843649941664,2.304899206418044,11.0
recipes_human_04f3c6ad,recipes,human,human,655,0.28094446843943016,0.3382914371633512,11,0.38956386566101864,0.44873577019370825,11,0.42560612998763947,0.29784162193787905,11,1.130151417820448,0.9525323126351023,11,0.7884769210148622,0.6584079728643019,11,1.096524439015308,0.9701472974269093,11,1.3257496214179598,0.9144316699055214,11,1.3793016552011563,1.2342696232529675,11,1.363067814585667,1.4236434188950808,11.0,1.5131574789483557,1.3917502709731553,11.0
recipes_human_8f334ee4,recipes,human,human,288,-0.09403786420129256,0.20253857898043234,8,-0.14194108457735657,-0.21885428237057006,8,0.19022824122403442,0.16022781173979878,8,0.10843264670650027,0.14462545272641258,8,0.38887286729921944,0.4274916580083912,8,0.36469805889549295,0.4095328260332132,8,1.3234972231570163,1.3426711711355546,8,0.7046308669516547,0.8699990448860939,8,0.6976400033853121,0.4739390770964533,8.0,1.0323301841934165,1.1404634171337371,8.0
recipes_human_378f8e69,recipes,human,human,425,-0.13434806302393054,-0.02033595787341352,8,0.134351568413907,0.3212960376412567,8,0.5723487138463701,0.7537081386728579,8,0.5970538406792074,0.6264101839546315,8,1.040914923143693,1.1111761915359826,8,0.9835543081776048,0.9491049501845557,8,0.8856236691460734,1.1199944714918,8,1.2009228943873853,1.1111698054639443,8,1.3216683624486345,1.5775913715332344,8.0,1.21482434189859,1.3742690397138424,8.0
recipes_human_80bc0d51,recipes,human,human,321,0.02819251729995356,-0.1766667008091413,9,0.04385791147336679,-0.20969060750265606,9,0.48342467796468636,0.26499353165172956,9,0.5873977326528649,0.7115718010146177,9,0.7636659712889228,1.2736806107383407,9,1.0163818362879,0.9994387354605279,9,0.9899228729725645,1.163574442054107,9,0.6582263647503894,1.0243826028743914,9,1.3183498101073368,1.531747465852473,9.0,1.061766606036023,0.9611439228527541,9.0
recipes_human_e59c34e0,recipes,human,human,416,1.1140339435547206,1.125108989751483,4,1.1653745665350645,1.0862524625107084,4,0.9774016116974251,0.8727875479184353,4,1.3015455324084857,1.1832944453014895,4,1.2870861787229986,1.2810699290014713,4,1.3979891637828306,1.6267535656689076,4,1.629908360175547,1.5129078256243105,4,1.5853525705658833,1.8646433560798776,4,1.3442185395997304,1.2488789067734878,4.0,1.8521641207462718,1.8175142133795248,4.0
recipes_human_68611c05,recipes,human,human,414,0.3493910614689316,0.4125391788946951,10,0.6029101400250777,0.4840557467856568,10,1.0860111793035585,0.7416956372660215,10,1.0976422674892352,1.0104775316868553,10,1.2881773125635059,1.2940317596456863,10,1.3996810396614772,1.3422011794842361,10,1.5753489131461038,1.8464449198737998,10,1.3171022499837246,1.4136775552503262,10,1.59656478424098,1.6191550902771816,10.0,1.7329072456584342,1.5652981514624031,10.0
recipes_human_d509b189,recipes,human,human,421,-0.4513446931438856,-0.5582018278152573,7,-0.22560855843077227,-0.36890990591753525,7,0.3559814140682231,0.27757198299993785,7,0.10484715173275361,0.03067416344728552,7,0.3806683048913979,0.13160667570287304,7,0.615133832565048,0.4175258106701678,7,0.8288232499885299,1.033104313131813,7,0.8176158684733028,1.083396730527127,7,1.0449280991451146,0.7772002372596318,7.0,0.8102693260057062,1.1411575444815645,7.0
recipes_human_9f118d72,recipes,human,human,458,-0.5174212759298215,-0.3251958574604843,12,-0.30828455466349397,-0.37994070368885463,12,-0.21431392493955162,-0.46462090149579094,12,0.004728782845078625,0.032728099568572956,12,0.0703172024589985,0.10999351666154904,12,0.3335248609763968,0.2824140803559255,12,0.5305512486120935,0.2550246924346733,12,0.6353359298022403,0.7309861579241526,12,0.45208273061275955,0.2972654774122886,12.0,0.8811909158353491,0.9190675159935942,12.0
recipes_human_6e14d33a,recipes,human,human,518,0.830257676088771,0.850370352589371,8,1.3881031349949553,1.117405041866168,8,1.2429710770325397,1.329676052648766,8,1.9523620865140046,1.975741965546473,8,1.3480543191549492,1.2947910553264812,8,1.6051252372564537,1.5778412999140037,8,1.5708302397676812,1.4710975031403197,8,2.4824204079787067,2.3454954787470372,8,1.9530057645488803,1.9108397913209774,8.0,2.1232837903365915,1.8818073654482563,8.0
recipes_human_a520cf54,recipes,human,human,358,-1.0956648025085163,-0.6942034382910941,13,-0.825356550284861,-0.6294099181146916,13,-0.634162021997346,-0.23375631520320486,13,-0.3823984906988993,-0.45139272488717624,13,-0.08633108625299728,0.06471668314275585,13,0.5157785929551183,0.7755138513383897,13,0.7615432691172498,1.1377180282002153,13,0.3517599132629737,0.2973260722028636,13,1.0080802604581707,1.0871639430113047,13.0,0.685744911434693,0.9294440583716111,13.0
recipes_human_9556d25d,recipes,human,human,400,0.5817609622915951,0.4220883193538414,10,1.2033852179955824,1.2354890983593463,10,1.2695434482028638,1.3506710694393096,10,0.965958607693811,1.0039629912205505,10,1.2849423127822432,1.2556902353987551,10,1.6773723441892496,1.3966569383138565,10,1.6577800194134675,1.7175122631375557,10,1.4263241181403372,1.4264103462268762,10,1.5943669271607923,1.5579792381268998,10.0,1.6883894328452989,1.7976368673437975,10.0
recipes_human_c11b4e3d,recipes,human,human,427,0.6212829847113628,0.5342159433212422,9,1.3300242798470083,1.253058175061569,9,1.075888648473497,1.3469347122024244,9,0.9322415831066238,1.3543897608822952,9,1.1425242038082322,1.3404490788204042,9,1.737101153283458,1.584833191258427,9,1.6292089910589054,1.8609148831875477,9,1.336024478199644,1.3795734381315081,9,2.0161957859758304,1.9683589810723026,9.0,1.6878608614267427,1.475124560478983,9.0
recipes_human_eb0d585e,recipes,human,human,393,0.3247803053404004,-0.04940112524816635,9,0.6664000319263442,0.9660228958276393,9,0.5223739871907184,0.5364894009071941,9,0.4287814741162734,0.6171833551795572,9,0.9465777949059812,1.0750612058615647,9,1.1144720030759678,1.1226008035082684,9,1.2272629201705254,1.2173010127793413,9,1.544991095309155,1.4026664621742917,9,1.1407690495207077,1.436592237205312,9.0,1.2898799078594037,1.6429541085253212,9.0
recipes_human_14b52d51,recipes,human,human,277,-0.10161750075773024,-0.13930114925304463,6,0.002633749675297503,0.20531348287495454,6,0.6922628870271589,0.834093574594021,6,0.4132649096298037,0.5050657426425559,6,0.6575724470687598,0.5993187689783316,6,0.5036457363372345,0.6129584501044495,6,0.6019305185493292,0.45924854779742913,6,0.865015588594896,0.9300493642832419,6,1.1137998498790422,1.0155703197357928,6.0,1.1225248193073616,1.3156068932465628,5.0
recipes_human_57a07c60,recipes,human,human,557,1.086054020856798,1.0568316125603714,11,1.2030043795604934,1.34041688763193,11,1.0580574455063576,1.2755930793952879,11,1.3836528355620699,1.3034399603299158,11,1.4239400981013823,1.1553172102790195,11,1.5224772161952063,1.436482601323921,11,1.6947406261131455,1.6457067163416765,11,1.591779359582654,1.7521189584571404,11,1.79889053301065,1.9848262005076727,11.0,1.4743737256782177,1.7437710601509677,11.0
recipes_human_9cae7004,recipes,human,human,388,-0.08533057072779635,-0.2674881389864992,13,0.08481005965016124,-0.15185895295382842,13,0.3958593808139599,0.2139458802984541,13,0.2626157046894193,0.12138368186932603,13,0.5115223236034628,0.4943866300572834,13,0.9993032387628306,1.0318001638014385,13,1.1017664200654835,1.453814937936991,13,1.1068773240242669,1.2025956907931716,13,1.218665941080664,1.2789139446134832,13.0,1.142208466075341,1.094059645223382,13.0
reddit_human_f7cceffc,reddit,human,human,371,1.819806392112208,1.8510932624665408,5,1.4572567993979049,1.5143478449389123,5,1.5911739501554258,1.5675788174156782,5,2.033860887924008,1.4102654586917063,5,2.2660513748988134,2.3761339299536877,5,2.027337486381063,2.317633421341117,5,2.90350763315631,3.12787643834921,5,2.092019850712263,1.6902433872351932,5,2.6327115802281376,1.8066329479118448,5.0,2.4683000597989886,2.7139456311256263,5.0
reddit_human_279cad41,reddit,human,human,257,0.1255102815755532,-0.13749992114214243,4,0.31293213347169496,0.24097901584695863,4,0.11155786302574405,-0.06791672874024622,4,0.4649766689087501,0.19913453091904781,4,0.6407773797833876,0.6331042933784122,4,0.8193924956914438,1.0467118601092071,4,1.2485904786983824,1.151884635891109,4,1.2435109307312895,1.2509182060647155,4,1.3547531601075926,1.2227463569653043,4.0,0.8771868178878842,0.43619957480989374,3.0
reddit_human_a23906fb,reddit,human,human,288,0.08766330923310256,0.3017331807315081,6,0.13278260673783643,-0.01486575311120221,6,0.1921384658724691,0.1744685533092583,6,0.3987643364494928,0.4549503519872239,6,0.7068817545469793,0.7240845050173699,6,0.5882356404400569,0.5892676749128143,6,0.6539266713990821,0.7259165275691036,6,0.7791107090790023,0.7090492613037428,6,0.8421156776012699,0.8930849886158502,6.0,1.0248671445873008,1.0020058815318005,5.0
reddit_human_a4a7de3e,reddit,human,human,270,0.8443672528530378,0.7421760795071044,6,0.9657236839695935,0.7599952505046628,6,1.2948130997540646,1.0132607684343085,6,1.309197350167681,1.5131515159180347,6,1.3411730125973536,0.967795644380975,6,1.3139118167234995,1.434931025780708,6,1.7959280348808526,1.8807690677057451,6,1.4969073998482163,1.6122692603537159,6,2.5554896395850206,2.3323561580065997,6.0,2.0261567498056485,1.891964942286718,6.0
reddit_human_feea6a03,reddit,human,human,360,1.1422171847435205,1.0137221977968918,6,1.0881770590557178,0.8142958668409641,6,1.6118455802597504,1.4501741629495222,6,1.5400183654045554,1.6106158038069691,6,1.3858589752890582,1.163658114769749,6,1.7396874263148625,1.738079497347222,6,1.7460087667373625,1.7817604478918818,6,1.5258449961660843,1.5938964037257217,6,1.430036584857004,1.2116381177957238,6.0,1.9296868416096122,1.7043712911020577,6.0
reddit_human_ffab652e,reddit,human,human,350,-0.23294960648319288,0.012220532987070801,7,0.17961798144635008,0.4020978459707383,7,-0.029382648160786912,0.20020896149078388,7,0.5067818613948972,0.6586171375773388,7,0.36385383847880587,0.31142857815383485,7,0.9697054329580423,0.9982123352447173,7,1.080553288622901,1.1791990571033453,7,1.0567516626604418,0.8283151324406943,7,1.0386131578214164,1.1209988005170042,7.0,0.9670745570146264,1.0619361445550293,7.0
reddit_human_d7b56403,reddit,human,human,317,0.47847309608776567,0.35923973219555344,6,0.7201776598362036,0.6400963748656066,6,0.7200359151104646,0.6259050283753461,6,0.6851911674885258,0.7793452512494659,6,0.9247041714717362,1.1680371531396418,6,0.7686205558772432,0.8191109644747687,6,0.9095632869742936,0.8220538630224241,6,1.1123812507956032,1.0675624262200327,6,1.077099543390693,1.2629086420824223,6.0,1.0788198986527096,1.2631748679893873,6.0
reddit_human_8153479d,reddit,human,human,299,0.20463101355417837,0.41577870678779866,4,0.7730441943993965,0.9594738029507142,4,0.9826391650155317,0.6098351758891641,4,0.9639266054186411,1.0560880180620773,4,1.1105415312589642,0.9815163815264738,4,1.7167545437715597,1.5628659955180342,4,1.724294862484735,1.9329353934132174,4,1.4079987563265344,1.5767426208705426,4,2.020286849380336,1.9081647804914483,4.0,1.77466220281283,1.8728306702544706,3.0
reddit_human_1a74c654,reddit,human,human,270,-0.08231402972744006,0.05228311864436424,8,-0.06872578922713177,0.29905221363292567,8,0.21498354188656665,0.1895276160772112,8,0.5590389480106573,0.5854302815791077,8,1.0925348349698907,0.7083063690722534,8,1.0342780754228706,0.7703317861703922,8,1.2899042064328161,1.19508289126925,8,1.0710230555471494,0.9103817422890557,8,1.472593671427521,1.327410317488674,8.0,1.2677775390739652,1.069193385962496,7.0
reddit_human_992d2ce3,reddit,human,human,333,0.3304044473610487,0.30506308210158045,8,0.6180736628512691,0.6270837482039155,8,0.9759578203132868,1.2095860693554197,8,0.7670990303442,0.5965774552623079,8,1.1296113709662547,0.927089758918275,8,1.421560187696491,1.5357421755125398,8,1.07564230043762,1.0411437097985965,8,1.5024172896681725,1.4869086982312079,8,1.9508508486538327,2.159198839532547,8.0,2.228534689196437,2.4193160189444702,7.0
reddit_human_883cd663,reddit,human,human,331,0.5387498174859005,0.6859134035487114,11,0.9142232709485711,1.1428119762124045,11,1.252179125599784,1.3409640202307689,11,1.4006828151982815,1.1838079836074362,11,1.5962662346618883,1.5052065818643177,11,1.548735580336704,1.6545586664004317,11,1.7795467751071852,1.9936361157617932,11,1.9105086770816315,1.7687234315998084,11,1.4519269282554441,1.5298049451809146,11.0,1.647160386786121,1.7599201767284314,11.0
reddit_human_23659693,reddit,human,human,244,0.6126207022307786,0.7669898344011751,5,1.1880381182552724,1.3565834594962871,5,1.2665922322158545,1.518191359344615,5,0.9602261350655388,1.1844357344599847,5,0.6359558372415405,0.40463782489895406,5,1.4649984932480404,1.3486202275851669,5,1.3039269040018433,0.9565972231673622,5,1.0253175586745336,0.6525986999855242,5,1.606121779808645,1.3419674619658153,5.0,1.5162161233082943,1.5414659043111576,5.0
reddit_human_21475d13,reddit,human,human,313,0.5041065690769386,0.1872428727539306,8,0.8522854698340736,0.8226059246897063,8,1.0705552847652036,1.0048100187799573,8,1.392718070795754,0.9762409185770479,8,1.7206549487247647,1.6202556044654233,8,1.3151135572720947,1.3317625081514186,8,1.4126635095952618,1.675136327016404,8,1.4553804974044562,1.7440666899142419,8,1.4819097743594667,1.776024065609741,8.0,1.9539189208799508,2.083998047125659,8.0
reddit_human_0261a08e,reddit,human,human,293,1.240503243065507,1.3345219610467578,7,2.025969111134551,1.9409205496375899,7,1.7075197829250184,1.6838564874764557,7,1.926831789303698,2.0177044819259256,7,1.8354434243053093,1.8901434947973006,7,1.9517421326377569,1.7362390104715446,7,2.342498821890529,2.522860168309072,7,2.3680941139089997,2.0449165810631564,7,2.4584507738403873,2.2203404510049443,7.0,2.21220360351878,2.194951981097468,7.0
reddit_human_6ef28f3b,reddit,human,human,259,0.550214881274722,0.6600104927695886,6,0.42965791228405364,0.5509826505000107,6,1.1308871003734562,1.1439415217255262,6,0.6711561909318952,0.8617087654096749,6,0.8198045441173485,0.6246590965992344,6,1.0894716181515176,0.9743140777799513,6,1.192172940889606,0.9857048745014569,6,1.2021056051922487,0.9300157161549253,6,1.2363507900066844,1.236907234465358,6.0,1.6461619481523728,1.926003749608974,6.0
reddit_human_28169ba3,reddit,human,human,286,1.0118358271122718,0.9565422409307995,4,1.0569886766236916,0.9831570812023565,4,1.0894347835341331,1.258829871931888,4,0.6405919267172718,0.6548293558452285,4,0.8580182899617415,0.6299900462828634,4,1.0557038758764037,0.9191112332272025,4,1.0092525405785373,0.9195089249696603,4,1.5222571410158792,1.358288601130865,4,1.5221405322140216,1.6162136902988684,3.0,1.5052362924671914,1.5052362924671914,2.0
reddit_human_fab421a0,reddit,human,human,335,0.291722053070048,0.09149873374777794,8,-0.43291251849557977,-0.3353440116492448,8,-0.264323452201691,-0.1899976791098072,8,-0.08835675816883735,0.04858460870307939,8,0.16927640243116288,0.3224009132916938,8,0.29022417217753516,0.39975974753467913,8,0.5039508247607701,0.485095141152446,8,0.5508851470280952,0.3369632366664156,8,1.1180695030423378,1.0025701926145067,8.0,0.8810265981117811,0.7823133550438681,8.0
reddit_human_873e1325,reddit,human,human,307,0.27270061377998356,0.4879801178864243,9,-0.02171108538346727,0.07701572189282618,9,0.546021059461433,0.49420016882290685,9,0.5280072038391478,0.6874570062901734,9,1.0432029574575075,1.070400640248577,9,0.8450980529715664,0.7268955454902538,9,0.861467980893569,0.9221308336843235,9,1.5171473014408456,1.5033635671487915,9,1.346106372715922,1.3264574579081683,9.0,1.676714222796024,1.5647407626611662,9.0
reddit_human_00b457a7,reddit,human,human,281,-0.5255208006254944,-0.6817652731612462,4,-0.5888292846422155,-0.5273845504248356,4,-0.4611881512107415,-0.4351939853433742,4,-0.12758137304568645,-0.11697447943642796,4,0.0025387314837911484,0.035613250754778614,4,0.3304257369204979,0.2281382584415772,4,0.39606550294916004,0.4273458707442892,4,0.16720290995148782,0.31441243843766203,4,0.5202491514999982,0.4266003156990663,4.0,1.0849530743808415,1.0024962218207367,4.0
reddit_human_503fa897,reddit,human,human,306,0.05967199280404253,0.2061026671905081,6,0.35224726682173985,0.5157751120744704,6,0.9226968131266023,0.7553307151571288,6,0.7723848575369914,0.7362239119573135,6,1.1689330826349897,1.3887415114492576,6,1.0748957438296294,0.9891929365919913,6,0.9237203937710996,1.086950702951329,6,1.200085869863486,1.2459569196031821,6,1.221299076079543,1.210636962837357,6.0,1.2246035300929694,1.188743223252576,6.0
reddit_human_f00d717c,reddit,human,human,311,0.7928633188134574,1.0852715041780605,9,0.9382460708637738,1.0487233017413014,9,0.9742093928672456,0.971775205717229,9,0.9401373325996697,0.7926823103308467,9,1.3876892149196727,1.2442633823493219,9,1.225734607055699,1.1404894723508678,9,1.7673859154445994,1.8963895966660613,9,1.6910911438432474,1.6911192413153289,9,1.5362966650098946,1.515288923347357,9.0,2.0207476201273824,1.7934535514348253,9.0
reddit_human_41c07256,reddit,human,human,256,-0.07080033041173085,-0.13895980520049062,6,0.4618900709565736,0.5007795956330439,6,0.5753323628935555,0.2532028602717352,6,0.5385029455142362,0.8498265024640251,6,0.4044533054184147,0.5208204227593005,6,0.9962189198767956,1.0000499924138797,6,0.5147387978283122,0.8465718014724248,6,0.6348028951980015,0.8451608839254953,6,1.370417974402472,1.6796137335163974,6.0,0.9833324886073213,1.0774643054308257,6.0
reddit_human_512f9bab,reddit,human,human,274,-0.49493728715098273,-0.239565255152034,7,-0.09605846508046367,0.32518798442014074,7,0.13612698012926508,0.7241862585186768,7,0.4305669067579236,1.1855342467027,7,0.2475597440507773,0.2541747979716322,7,0.361170700286534,0.9806342186640525,7,0.8090670194626252,0.7921871646735736,7,0.9008185670772992,1.3364580140670175,7,0.5339139785285141,0.8308825129195472,7.0,0.7606923683135786,0.617565580306382,5.0
reddit_human_c446ae6b,reddit,human,human,313,0.9250289177460898,0.5277901204921178,8,0.9888994701618701,0.9555992876299091,8,1.043897374139208,0.9818348596141893,8,1.2450800867382321,1.3097440946892922,8,1.362491506117091,1.2937270154958065,8,1.275056577130395,1.3526981293414948,8,1.3978507869631045,1.3345607879233214,8,1.295333363566452,1.5147977597721973,8,1.5855572148770103,1.741105304927146,8.0,2.3621522282730285,2.3874391821027494,8.0
reddit_human_1ebe8829,reddit,human,human,272,0.6497079727417937,0.6112370242059785,5,0.8417956314389302,0.7333524059717832,5,0.4090667740024478,0.41780815530377136,5,1.0300944177410587,0.7882490782008672,5,1.2155380387153565,1.1952190265152236,5,1.0862661166829084,0.9449595745819362,5,1.347505009857342,1.0509342945454925,5,0.8551645456266961,0.9368245247306791,5,1.6039069142229934,1.4793066419988588,5.0,1.4553739033790756,1.4847976251090345,5.0
reddit_human_c857b269,reddit,human,human,260,1.2787515681145492,1.2787515681145492,2,1.3984601969558579,1.3984601969558579,2,1.615063459769224,1.615063459769224,2,1.5423222099784868,1.5423222099784868,2,1.5623992320470013,1.5623992320470013,2,2.0008526263838844,2.0008526263838844,2,3.262168658018838,3.262168658018838,2,2.597952885437522,2.597952885437522,2,,,,,,
reddit_human_99efeb78,reddit,human,human,375,0.6413573096450103,0.5958902322215816,5,0.8399605715694689,0.6405888897980349,5,0.7227385065476989,0.38305015553776756,5,0.9057506676449529,0.7197334693397892,5,1.0227826464672194,0.8535691464724751,5,1.136983120693467,0.7426581892195377,5,1.716770261695487,1.882208610815937,5,1.6180532079972945,1.4233693950528843,5,1.6430894490378958,1.5844857219017918,5.0,1.906619292656039,2.20928927905322,5.0
reddit_human_1901ff9e,reddit,human,human,326,0.18655362163026235,0.16786250400426153,7,0.049050843993776745,-0.10535230756657363,7,0.29529184388743573,-0.09181363922910607,7,0.10319049541651529,0.26113226120258026,7,0.48287342976066105,0.5633905479424106,7,0.7009773861977343,0.43615622581125874,7,0.2582610770442892,0.24509729652407067,7,0.49488683374946263,0.6044286440988567,7,0.7554450262112885,0.9698383584890855,7.0,0.4947485833584004,0.9836932063473224,7.0
reviews_human_de96c5d5,reviews,human,human,271,-0.28866402933374563,-0.5511559668231746,5,0.08894281192214902,0.17132990174424698,5,0.02184098464633464,-0.0179124579225535,5,0.1529165061008304,0.346600060341855,5,0.08532872660531321,-0.06698341304617492,5,0.5284116420560678,0.45579758569482554,5,0.6140283032718623,0.7764910584577245,5,0.6395873796651413,0.680571989774996,5,0.860798237255467,0.6515580824160073,5.0,0.9252871201007933,0.6365535309767093,5.0
reviews_human_671b23a6,reviews,human,human,1013,0.2861386187238401,0.3009060392606597,27,0.4207042927822313,0.40344522123185494,27,0.6513273028142579,0.5671041278420249,27,0.6413317584895087,0.6758034284888806,27,0.982734092729653,1.0210845140730829,27,0.9536087021748066,0.9448370264323589,27,1.2039139204871805,1.0606796063119042,27,1.2619216479806763,1.345962906341771,27,1.383685662584831,1.382846315204629,27.0,1.3688215691669214,1.1312170856957486,27.0
reviews_human_19b62da5,reviews,human,human,326,-0.2863299348710446,-0.09648497024438345,5,0.3095986714701124,0.6424488935769909,5,0.0495539205795746,0.18178961005254848,5,0.4431996702024678,0.480434604212195,5,0.14408130291541704,0.20204444547225725,5,0.44392067280319525,0.6093850235045537,5,0.5610992973957565,1.174957433577981,5,0.20155292836626346,0.4796394068894656,5,0.17775787123034598,0.3881306310507247,5.0,0.3377278055687527,0.5754808945227547,5.0
reviews_human_4db11cf6,reviews,human,human,658,0.07866006288869509,0.08622648292428109,13,0.39083529213771434,0.3490219407061929,13,0.30603813529341023,0.11971989836632715,13,0.47865095393360757,0.3490257285478006,13,0.5651171337084743,0.3748118441281668,13,0.5829972024842379,0.3116854185037313,13,0.6050253197964506,0.5661525783827313,13,0.6732254320889172,0.6617356734798948,13,1.093431765857223,1.0412623247249406,13.0,1.0410358534655157,1.023437834503687,13.0
reviews_human_17413b37,reviews,human,human,292,0.615839692149616,1.1457311340446166,3,0.629559098961682,0.972099658175029,3,0.6331773451346532,0.6844908177842255,3,0.6889682682608943,0.6388966849642863,3,1.0172027523567941,0.7896646572881183,3,0.9112228007288219,0.976560936571622,3,2.0740022948994112,1.9529819105324446,3,1.1452263633619124,0.9213035593419875,3,1.9482242754939587,2.271446745991146,3.0,1.1535003326883293,1.1142816165446572,3.0
reviews_human_e6cb241a,reviews,human,human,1069,-0.3500306169649342,-0.18590890973217583,14,0.1417149746734553,-0.11099602161493187,14,-0.05988611472557063,-0.029172851161365768,14,-0.02042854875142452,0.13950871354275468,14,0.3069588115828649,0.37892695364257967,14,0.26283768481957986,0.20474999877769795,14,0.21442763541952362,0.23019691631002243,14,0.25478439894887067,0.2867641233063241,14,0.3402998338461241,0.3951622919521601,14.0,0.9694225145926351,0.8839116379285621,14.0
reviews_human_7728c25f,reviews,human,human,548,0.4840921731029996,0.5631225029354747,3,0.5951916050907128,0.14847962533617867,3,0.3568184641802223,0.6735635157736292,3,0.9483705108984334,0.8628965034209722,3,0.49268428839504486,0.656536865135007,3,1.0866338066951229,1.085810787853186,3,0.6382037679428213,0.5029378104844393,3,1.2331852371397831,1.3171065610084172,3,,,,,,
reviews_human_0969ba88,reviews,human,human,621,-0.47324331111663787,-0.387260518893499,12,-0.5053123293346221,-0.3419169063412606,12,-0.22166274874167788,-0.25792419225132923,12,-0.2004485308203203,0.037235052965683954,12,-0.0872296325356401,0.15657314695084215,12,0.06833152711674899,0.25460725999529893,12,0.127011698519194,0.3700917502566554,12,-0.02053702574713449,0.062372039402743704,12,0.5217686554039538,0.836102474898867,12.0,0.31069377564107564,0.6095048501387598,12.0
reviews_human_b55f8b22,reviews,human,human,916,0.3618737416499854,0.5839606612354988,10,0.3110973850259304,0.37749800860177307,10,0.47594865492370825,0.4376096557037796,10,0.7355550125030661,0.5862801290988381,10,0.5700402475567916,0.756858502594685,10,0.8064557135921067,0.8462137517529544,10,0.9808426627635505,0.9646793860728147,10,1.0400206625913788,0.9917986511439095,10,1.0513768998304571,0.9462688956318976,10.0,1.3204301130777276,1.171414213808564,10.0
reviews_human_dbd85852,reviews,human,human,508,-0.2215051989993864,-0.10778337414582664,6,-0.07671628902843299,0.10683607273301658,6,0.0067367719815241795,0.08051103793802859,6,0.24183643071137717,0.5365442024278684,6,0.09413949318047521,0.06490941736283787,6,0.8029290174848351,0.7625104603589282,6,1.1261491914073056,0.8163407100756914,6,1.1900437030288564,0.9918591150479917,6,1.1112308212860194,1.0552038543461133,6.0,1.6679530592603669,1.7193275913356736,6.0
reviews_human_83096093,reviews,human,human,329,0.29866845581321544,0.41985411984052373,4,0.45469504122225674,0.3881141033094553,4,0.2770026656763225,0.33218667846713107,4,0.42407253439616194,0.5063132934300483,4,0.5108193077938827,0.5964393132221701,4,0.39069902700319636,0.49230641793760904,4,1.160174463588148,0.7760099758158416,4,1.5918332163485451,1.4117495751016749,4,1.430868248550965,1.5462115098198776,4.0,1.0198416379238147,1.1094916914318116,4.0
reviews_human_9e3079a3,reviews,human,human,357,-0.19994707260004724,-0.2877237600285643,5,-0.046195268056358915,0.17513897618591553,5,-0.4927102605434281,-0.0933480981915797,5,0.029601729848665014,0.2874244086829342,5,0.19384487820239438,0.8634934347609021,5,0.06427896573466554,0.12372272290179495,5,0.26496020048034974,0.29555464128402414,5,0.404555038905996,0.5883569940527871,5,0.585956502619434,0.76305280103491,4.0,0.43599502558681613,0.6179499676858953,4.0
reviews_human_87da050a,reviews,human,human,854,0.17886175184791872,0.0812206374871276,11,0.4108573136305516,0.4991845497236688,11,0.2999081443251121,0.28392151626208445,11,0.5259745550948577,0.4522788562824228,11,0.38503594693910903,0.45671350621244894,11,0.8188814682768282,0.875277226777078,11,0.7091640584503591,0.44933049499831734,11,0.7081314685012893,0.36509150044647604,11,0.9087892920400474,0.6860947549023201,11.0,0.9297143072138482,1.089263628636662,11.0
reviews_human_3145408b,reviews,human,human,608,0.2712130977080074,0.16948325389884164,8,0.4181248378671502,0.4603557681381268,8,0.3191145142834829,0.20939997839710772,8,0.31590915180332807,0.12689093228165887,8,0.23208509170072167,0.20158513876576728,8,0.28900865218631094,0.48315092555484684,8,0.5028855960129079,0.46497244411912086,8,0.4943011193967282,0.2576851119653676,8,0.498762737266945,0.5340027143436166,8.0,0.5129095235906969,0.3947179790866701,8.0
reviews_human_92c623d9,reviews,human,human,579,0.1632014112266256,-0.017487839531716554,12,0.5279351766166648,0.40552328003203675,12,0.389822448979163,0.23339695753280743,12,0.374268061480802,0.462085900224818,12,0.5961264542623793,0.47744707161836974,12,0.7368688796972034,0.6583513399972207,12,0.9555799013122802,0.877715447192714,12,1.1960139067098112,1.2115180980420373,12,0.9155129419627214,0.9427631304626674,12.0,1.0394846108213243,0.911303454254556,12.0
reviews_human_b2a715dd,reviews,human,human,368,-0.25598918429536804,-0.010312489156577084,5,-0.17436196133380663,-0.26136365545796747,5,-0.00950461102086737,-0.10845369396640124,5,0.1312822323081779,0.22220348534218104,5,0.34479158655443853,0.31636341198313256,5,0.0892699603137685,0.2629494332986769,5,0.5755101881635742,0.8406539565259306,5,0.7141492303308559,0.8199877825916311,5,1.0566970964525153,0.9734954215210458,5.0,0.9472573451052714,1.037442365413114,5.0
reviews_human_9df5b298,reviews,human,human,995,-0.3554448185715442,-0.4759013319153237,16,-0.023616228360647397,-0.10369896623052025,16,-0.04154675476783182,0.07309769776600512,16,0.028541022240288316,0.3172720391623857,16,0.29737412847254685,0.4261332720576878,16,0.17967647784878144,0.26738904240009737,16,0.615520519913794,0.783323983391605,16,0.5070166245769601,0.5975598978214176,16,0.8877102734112884,0.8816386210230408,16.0,0.8277398494314269,0.7876421879643645,16.0
reviews_human_271d6dd3,reviews,human,human,756,0.11307817609150465,0.13197595131358678,9,0.4989266005053365,0.5635061787251634,9,0.2523135898676293,0.35508777245065604,9,0.30067186631831544,0.3273969870997767,9,0.3857960783163645,0.3903805194870876,9,0.6317002359913858,0.7853370455574568,9,0.8104940773526368,0.7530476706671073,9,0.8767731547618437,0.81182488130641,9,1.4498306206508476,0.9805714343895414,9.0,1.1730020895522868,1.0491451954840791,9.0
reviews_human_2ba422db,reviews,human,human,881,0.3434757249124614,0.35552831481043135,14,0.3115828541466449,0.4199785272993187,14,0.28145215504589943,0.216343505338896,14,0.39601796997890976,0.4079755142567666,14,0.7083773538448629,0.8896520448324345,14,0.5894792660624042,0.6299635774189472,14,0.6956248891185909,0.8567403933732065,14,0.9813260032414922,0.9930980641000134,14,0.9806941026003749,0.9961048574290247,14.0,0.8590122847184739,0.9195589574678174,14.0
reviews_human_8e7297a8,reviews,human,human,927,0.34842955779093754,0.39973105092352745,9,0.541432099684256,0.27052049957962676,9,0.6100490537722724,0.55630195473442,9,0.892613635690016,0.8517646969277424,9,1.1228739725101342,1.1820770157873142,9,0.8072520342718391,0.7790973313838283,9,0.723361478533538,0.7443572648925655,9,1.0604138506832013,0.9491714881305156,9,1.2479540020449489,1.3338370273691837,9.0,1.2314232065603168,1.3577188493179546,9.0
reviews_human_e41fdf62,reviews,human,human,841,0.794430640712069,0.9380710828260015,12,0.8919526730053069,0.9828709603948083,12,0.9553414540819567,0.945195330485854,12,1.35409694813817,1.0993250341774885,12,1.1824112660990613,1.2341244351926002,12,1.4596453340122644,1.2649379647356365,12,1.5640036354500062,1.420145025530965,12,1.4324445664419232,1.4533083322325258,12,1.7895201293503487,1.777334441722088,12.0,1.8193005404995892,1.8526849736391926,12.0
reviews_human_9709b22c,reviews,human,human,1228,0.7351726354850471,0.7920604143271233,14,0.8710092103786276,0.7424492109649599,14,0.9777608420086734,1.0247140464141165,14,1.0630567510321922,1.1947704297148385,14,1.2411077542811133,1.3760243960045548,14,1.209731520239528,1.147117095383134,14,1.0946269726373286,1.1349430485076635,14,1.1756886471992682,1.3437601026465793,14,1.506216309231754,1.5588139141571964,14.0,1.1508444559651136,1.0300925514737642,14.0
reviews_human_f782962a,reviews,human,human,488,0.7608626550172443,0.8244343414986286,7,0.7641838506656253,0.842712743584437,7,1.0875611297006915,0.9405298064147842,7,0.9209128304750557,1.2104818243999529,7,1.0176108316901038,0.9286394826070562,7,1.1035282265232633,1.0790779990592076,7,0.9740076245501529,1.0219675378931223,7,1.4039853934535904,1.278528704129489,7,1.5860225381871167,1.6559596259575586,7.0,1.123671560924489,1.1801560340016979,7.0
reviews_human_c8a8c501,reviews,human,human,529,0.8638590822465845,0.9794029570963785,4,0.6719078236344767,0.4352963390034985,4,0.972704692055023,0.9216559101648558,4,0.761186718342806,0.6645066690223395,4,1.1605247759365795,0.9306572288795629,4,0.690936435026323,0.9105135702348216,4,1.3432025454439995,1.6286857951595943,4,1.5180299320306894,1.0850172800181102,4,1.1217866860328138,0.9066930419289998,4.0,1.3724423728833455,1.3742686111078322,4.0
reviews_human_e7df8907,reviews,human,human,933,0.44511714250925927,0.31705208613567454,14,0.9080851493282,0.9791634194116425,14,0.8317805470544898,0.7041962759275402,14,1.0983308783895045,1.0468117283782439,14,1.0061703942473466,1.0140037908551056,14,1.0411901117206155,1.1128730220032372,14,1.4667847554725615,1.3236336662113433,14,1.5624691083735662,1.587459963338916,14,1.6569656694406374,1.6600020674097624,14.0,1.6408256278884092,1.520977584299929,14.0
reviews_human_c58798ea,reviews,human,human,326,1.1859156532365978,1.2881367701097615,4,0.8495132459686294,0.7875643302652873,4,0.7922841798986378,0.6230809300494732,4,1.3638865825662558,1.2439169773085839,4,1.241003585457098,1.3188463185767385,4,1.1394254016043226,1.263682319745394,4,1.3548441585788376,1.346070120992756,4,1.3464338257132626,1.3679005774602668,4,1.2117731895125086,1.4597546737655467,4.0,1.0396258529528002,1.208932748636872,4.0
reviews_human_ae82e245,reviews,human,human,508,0.33531518266931665,0.37425507282746645,6,0.6058479355763208,0.494088149847707,6,0.5338005640248863,0.5416022645567227,6,0.30090262103762677,0.4188371589690729,6,0.8257938748460041,0.940715396765007,6,0.6921457605976614,0.5527682013877946,6,0.6092766836205975,0.7543257532174901,6,0.6461461468819901,0.5652545076168565,6,0.6053603486201368,0.5353139007039769,6.0,0.9823439134037834,1.0932054897547165,6.0
reviews_human_bf953997,reviews,human,human,679,0.19176225288100734,0.10983469788892963,8,0.3579044552200925,0.2976476593678856,8,0.846640127983801,0.83109572107234,8,0.5329560725175838,0.37066742687630866,8,0.6333258910197237,0.6890447421810477,8,0.5521572191293616,0.5422504065127484,8,0.8225222225811213,0.7662836809907594,8,0.9824438816762707,0.8627982130598622,8,1.2422109651171118,1.2759451685805026,8.0,0.864584671467356,0.8092771334699257,8.0
reviews_human_ce51834f,reviews,human,human,705,0.3063935996856368,0.3111647879477006,14,0.563187651158682,0.5369508504281354,14,0.606295725923984,0.36793887899857314,14,0.9305548276976313,0.6774482764383771,14,0.752926944724503,0.6543272094164224,14,0.891676028731179,0.8680948599937787,14,0.989910042479,0.8943684671907779,14,0.9726920600540445,0.751045780892516,14,1.089145214383951,1.2168380025960697,14.0,1.1265562186753013,0.9772418967059202,14.0
reviews_human_c32a7073,reviews,human,human,486,0.10824015798388517,0.26420270055585027,10,0.32902512530161426,0.4136816780660921,10,0.29453712443501684,0.197820647474938,10,0.6724881224003518,0.7454060228967259,10,0.77908503509258,0.7530036228421267,10,0.9997632038005417,1.073032731095116,10,0.9221031304797297,0.8248631735003756,10,0.5817657338424317,0.5540091049461651,10,1.1316419950876089,1.0935764676387474,10.0,0.8879079736621174,1.055133785039812,10.0
wiki_human_c8c4414f,wiki,human,human,420,0.8021417014675324,0.8252968955101707,6,1.291688151825934,1.358010996590566,6,1.0080157587069083,1.0849978805079648,6,1.1705088718160506,1.0199082306182183,6,1.3882577020008569,1.2702165815602013,6,1.664002477879271,1.6509313672521864,6,1.8602189304478831,1.5525315193753364,6,1.8352823442638835,1.5412120070162474,6,1.7624712342094488,1.8484424899258947,6.0,1.8137457451422707,1.751142157609451,6.0
wiki_human_d042259e,wiki,human,human,295,-0.2850530824569834,-0.5449511376000965,5,-0.0362468500786209,0.10965503836797906,5,0.24228907545365316,0.3249369756578586,5,0.2785689065629536,0.5950640304547042,5,0.33960704069699105,0.47368990957946094,5,0.9537533452054081,1.6817952391536264,5,1.032837120752539,1.1266779450480253,5,0.7533288874328028,1.1048167229712957,5,1.1770775981370156,1.1245884766545666,5.0,1.0396630643351206,0.8558212962292191,5.0
wiki_human_4790ec0b,wiki,human,human,371,0.1589330232118559,-0.12401839690038013,6,0.0757724700069556,0.06042941349396132,6,0.6139420932067473,0.9738327347967235,6,0.3858993965097636,0.3077398722299145,6,1.008220841571627,0.8806175891722956,6,0.8913774040273746,0.658854338181962,6,0.9403856831158158,0.7799723362926688,6,1.4145537655829046,1.5602844337894566,6,1.210418149243378,0.9338410737315905,6.0,1.3841666024969002,0.9268565848291905,6.0
wiki_human_c35bd80c,wiki,human,human,331,-0.8778197099696783,-0.6456826289966995,7,-0.09487478461518115,0.8346451235363183,7,0.0021648822586365197,-0.2584748227206332,7,0.2951036123349248,0.27115052058888656,7,0.49811765530372487,0.7390402525523612,7,0.20513583861935675,0.44340741930736727,7,0.6199160232618542,0.8805392243331299,7,0.626845215289295,0.891623156437955,7,1.1170108874388724,1.4134787994131721,7.0,0.9035145157576407,1.0911998161327252,7.0
wiki_human_8b7e2cf7,wiki,human,human,388,0.6452691807070348,0.8568618400457687,5,1.0001840844396999,0.8981201245105509,5,0.9914539010570185,1.0640562241068234,5,1.1998037707619396,1.2260209265643862,5,1.6429981743892443,1.4840447563164445,5,1.8835565255679438,1.9468477737622556,5,1.5856050326539577,1.8700415673232154,5,1.9331988176619113,2.118603536413532,5,2.0976561967590572,2.1216578121521166,5.0,2.095178050904926,1.958398590199256,5.0
wiki_human_aaa79739,wiki,human,human,297,0.3480118017260225,0.38263823512173467,3,0.6481830352514525,0.8056544872804764,3,0.8198610681084931,0.586929758656971,3,1.5826135852986827,1.8088255443999064,3,1.1417788390907166,0.7998641610510991,3,1.193527808908316,1.3905333221093537,3,1.794937307565996,1.3605533531667573,3,1.5165774740075013,1.46272128568678,3,2.1934475994432368,2.0360665303000034,3.0,1.4137928130234922,1.632918187648456,3.0
wiki_human_10e459ca,wiki,human,human,348,-0.4191249033789636,-0.3562298000624668,4,0.03493570888912875,0.005145439721842129,4,0.1432531778636895,-0.07970374664756052,4,0.2520564269399842,0.30999947066384503,4,0.9189387938224565,0.6939890182448145,4,0.7910207541351212,0.7854616284736218,4,0.8283140760550132,0.7392429788969455,4,1.3481644416650105,1.2286110190186015,4,1.3621252774741155,1.4136978239183446,4.0,1.1243185028254976,1.1083265515791965,4.0
wiki_human_fdf18a08,wiki,human,human,298,-0.1718596576738924,-0.10611626597366108,7,0.08967886120823709,-0.21654560315945062,7,0.44872432720407585,0.48543560400665653,7,0.7080853495493967,0.4766724162051733,7,0.5407404805126577,0.3356208386761249,7,0.644410070616316,0.4562366268199655,7,0.9586249679721215,1.0641460249116625,7,1.3589906639325766,1.4312477226382758,7,1.2936791777991783,1.2629786525773428,7.0,1.1266355156810763,1.1075952813853138,7.0
wiki_human_edb42a1a,wiki,human,human,347,-0.04881932244030142,0.058767937485217296,7,0.2568606030460651,0.2754724071049091,7,0.6749072149131183,0.8300324799855926,7,0.31628636836329643,-0.05835386827757691,7,0.6650160823022385,0.6560876376198124,7,0.46875715603255597,0.5459844998844321,7,0.878664978301871,1.11930721746974,7,0.658728274165039,0.7743122149887068,7,0.5382082674237412,0.8249422257886617,7.0,0.9632691458440484,0.7876605048194119,7.0
wiki_human_e6c21b19,wiki,human,human,434,0.15617733393229533,0.2263544017897154,7,0.8756732240033483,1.1475074769013787,7,0.5996022101852346,0.5821672166214926,7,0.851123513666132,0.39920621527388056,7,1.2815589958894924,0.6533063012256008,7,1.2199746037210446,1.2749279678759358,7,1.0183609353809462,0.8882082544512617,7,1.3697706742488494,1.4187465124069392,7,1.384131428208363,1.4101097457119272,7.0,1.5275952087043227,1.4156085148482207,7.0
wiki_human_2d4ef948,wiki,human,human,329,0.7171317196976207,0.6102508710457933,4,1.0045991343154363,1.2794123405169835,4,0.9284069879482664,1.100286235332159,4,1.13519899502876,0.5522852489200312,4,1.042961012136043,1.0823095455867633,4,1.4356329065220916,1.454592969345528,4,1.0215329536964202,1.143828726393607,4,1.1424544131722096,1.1362665725949195,4,1.182809335241426,0.978471622474814,4.0,2.216218678617329,2.2809242617672827,3.0
wiki_human_7d6c31ba,wiki,human,human,421,0.623897356767361,0.6044788639944805,6,0.8831347584798498,0.8841193624721294,6,0.8823903624233923,0.8504745800731002,6,0.663299007366286,0.6578532795898959,6,1.1777509334995928,1.0210972461780115,6,0.6923438489393731,0.846454884226447,6,1.3485372901324826,1.4574356098103873,6,1.2988851330077011,1.1705303755843315,6,1.25763248047037,1.135128127898647,6.0,1.2484023054784965,1.3532509429059094,6.0
wiki_human_12a45147,wiki,human,human,359,0.0174901641594698,0.8445461892166111,5,0.3457942883107358,0.268815798019155,5,0.3555572328078588,0.2518062142330956,5,0.23681585705385907,0.3847280331777333,5,0.6421449950199389,0.6096564963099914,5,0.48431148709704297,0.6979422534796624,5,0.5051567655255649,0.7086440097299695,5,1.2833977710373552,1.0137510337428755,5,0.6246026834750127,0.44050955411371656,5.0,0.6957763026204649,0.4680143123744762,5.0
wiki_human_6e5e36e0,wiki,human,human,320,-0.1763986095428373,-0.3429544341302712,5,-0.08817069920931213,-0.1518166659889828,5,0.9081066583623786,1.053805183752516,5,0.3688361684179101,0.06985402853609467,5,0.5458264793211208,0.2961684092672694,5,0.2905813711501125,0.26738229924523327,5,0.5399994308707485,0.1389732015161762,5,0.5903173504634902,0.6620201904994624,5,0.8890592440126763,0.7235163919283635,5.0,1.0668200643220058,0.8672049013080065,5.0
wiki_human_2afba283,wiki,human,human,369,-0.44634145337638875,-0.37426972861179614,8,-0.3843510219334387,-0.20114003347943676,8,0.0707823167281762,-0.24079630972154806,8,0.026795878220855107,0.0535063339746088,8,0.006121181636364159,-0.2103601877526174,8,0.0974120971856075,-0.3839113703358157,8,0.5191338493399509,0.709319264063712,8,0.3220966023559713,-0.1110266886690664,8,0.45382289805517945,0.24010779418624661,8.0,0.39069278598520696,0.5342673964842888,8.0
wiki_human_f18608ed,wiki,human,human,381,1.0862175533817913,1.0158327769338864,6,0.8663267238828793,0.7504673842094445,6,0.6884934378869203,0.9330159970455749,6,1.4569837271554607,1.113385481906482,6,1.286614662885057,0.9933206482810879,6,1.3279015477038651,1.0803421472810921,6,1.6786230097779038,1.8412919414689641,6,1.6681910584687951,1.5752962679870102,6,1.6164488431062969,1.7412722980386932,6.0,1.6489620636436164,1.8410916478532005,6.0
wiki_human_a3e6b204,wiki,human,human,315,0.1316806099058128,0.05015399885322179,6,0.8623982181050948,0.74013829121624,6,0.5777158029314345,0.7456778649256557,6,1.0382904426914659,1.0852389454730624,6,1.200300595574259,1.225566197473996,6,1.338436102182265,1.3527047239849255,6,1.2606547431829858,1.2613576851637684,6,1.6871207958073822,1.45316258567677,6,1.715013699420691,1.7225507451917448,6.0,1.3545502459713044,1.3237246333587656,5.0
wiki_human_5b16c08c,wiki,human,human,454,1.1829625571194313,1.1097159221824922,6,1.5679889085151153,1.6016424806092533,6,1.5110428825634334,1.6112715753765652,6,1.522131288416781,1.4130824005413412,6,1.7962560277552768,2.1544119591070485,6,1.9642843861942032,1.8881149614482517,6,2.2996463244269516,2.34417974483072,6,2.2800283546537443,2.560555013838841,6,2.426702256343663,2.107799167310281,6.0,2.3344814948986516,2.490432576337029,6.0
wiki_human_fa615317,wiki,human,human,480,0.4617255084803575,0.7958178769441414,10,0.7213575327035199,1.0050740384603825,10,0.6307054367517029,0.6349960121553666,10,0.8956004568256001,1.1515561027129797,10,0.9150668888830855,0.8485944236553458,10,1.2921697819207565,1.2205167341604786,10,1.4432284195908012,1.339793267398945,10,1.588160962282156,1.7796580034683762,10,1.377686481700358,1.5129226085616652,10.0,1.5311699614399388,1.5681031904554523,10.0
wiki_human_6d5a7ade,wiki,human,human,497,-0.5280679945677557,-0.24518109242990413,11,-0.4206908957832439,-0.3148414068445966,11,-0.05216790391284738,-0.019420302847948098,11,0.03638105198947539,0.08648296468231016,11,0.08315147440967262,-0.19401624457986233,11,0.21491629697997033,0.16811746555278956,11,0.5595474310810166,0.6615308288583361,11,0.4333557121296074,0.2458069198881241,11,0.9913634197590931,0.9008428389619295,11.0,0.4682267109309113,0.4546500389148582,11.0
wiki_human_c6822333,wiki,human,human,388,0.13876310848227758,-0.00394055576276392,4,0.708227099189205,0.3838786055087873,4,0.5780618887226341,0.5088439423851937,4,0.7825837001924095,0.871965290400393,4,0.6137512428349807,0.6247188111210061,4,1.0168807202233978,1.0397446967138348,4,0.8443271021339787,0.8570431698949936,4,1.6696733159820236,1.5604456118613426,4,1.522481319052535,1.319858475017416,4.0,1.850200001716077,1.7430211893619798,4.0
wiki_human_35ea3d7d,wiki,human,human,375,0.996548125179877,1.1274105352846588,4,0.8214584953906983,0.7634579704685965,4,1.7857978004109873,1.8976335895968233,4,1.0919049886127468,1.1533155320554087,4,1.6896811503664604,1.5899956475671084,4,1.2340010594300297,1.3887970294333127,4,1.5894222658444148,1.5495599340728075,4,2.3112923739794695,2.448509007915377,4,1.7993065411711924,1.7612503387707497,4.0,1.992304299232313,1.7839916076071622,4.0
wiki_human_1d2f29b3,wiki,human,human,339,1.0315640296927813,0.8842609665902266,6,1.7583875585383009,1.594967348849345,6,1.6384852193863964,1.5995754530906905,6,1.3391094570886997,1.1020133943886647,6,1.5380454415041465,1.7229493616023352,6,2.2358774033615885,2.1742583351551494,6,2.7695885418943003,2.7939603192599876,6,2.196490447881527,2.2388559986154006,6,2.1124353582866298,2.123676109258139,6.0,2.5084284040642806,2.812964924130045,6.0
wiki_human_f476b29a,wiki,human,human,365,1.1475413517827358,0.9855677070805138,6,1.2880917213242207,1.1810269940407139,6,0.9795874222791733,0.9818343299491091,6,1.3345558414986336,1.236890055855037,6,1.2026307871492088,1.1096480173835195,6,1.1204025137383171,0.9685281683854545,6,2.063864083176109,1.991347143105279,6,1.5721270111416974,1.4941286529797768,6,1.2597569319003725,1.0643593992073455,6.0,1.6543679309106203,1.4240652763821338,6.0
wiki_human_266b462c,wiki,human,human,354,0.39057893127083854,0.2959993837971884,5,0.7772588832802071,0.6544146184031018,5,1.1083366350437747,1.3850305864807595,5,0.6658521228203453,0.6519137733805466,5,1.2453905306941404,1.2667310693917244,5,1.7050338196516173,1.6992013261108705,5,1.083310148192304,0.9130391031325144,5,1.4310375588102384,1.6017884040603034,5,1.7352253716412878,1.9559988267086226,5.0,1.3998321877362792,1.4453202779621133,5.0
wiki_human_17ad8dee,wiki,human,human,240,-0.6731700701623498,-0.6921469909014741,4,-0.022422303158416493,-0.07744752373687402,4,0.02337320633249247,-0.03471193127454189,4,0.36281542113779613,0.3216980887645309,4,0.8523689448990929,0.6983528906483252,4,0.4249432682016053,0.382833322513464,4,1.6306871334021702,1.077156949182124,4,1.3160661018254278,1.0349622128204707,4,1.2734719602584288,1.281028489946683,4.0,0.8114968558183108,0.38813790206229265,3.0
wiki_human_2cd6f490,wiki,human,human,346,0.637741201322057,0.6940663218925758,6,0.7550944130602372,0.701869194551627,6,0.6461012112723666,0.6288799380478582,6,1.1027942483227278,0.7696153978557986,6,1.0029333211960278,1.0677783540478105,6,1.2696856847452078,1.212207156016082,6,1.389930860281467,1.5927949723826709,6,1.1473344172383004,1.1803467418552223,6,1.3664500324991906,1.0610975066316974,6.0,1.711352092121297,1.8687651430929206,6.0
wiki_human_c19538c0,wiki,human,human,348,0.3301916759916274,0.43889567757782677,4,0.9498966981738531,0.8002651870763828,4,0.6248017238980416,0.7190845005334028,4,0.3915771929560971,0.5506283468901046,4,1.2347428779004077,1.2504107190973857,4,1.5165874769790142,0.9897816527757435,4,1.5849304668672546,1.2360119521806832,4,1.725352376011024,1.355974735448727,4,1.9808615788906678,1.331878594111609,4.0,2.2751803198072102,2.6517610203790394,4.0
wiki_human_c9bc17c4,wiki,human,human,356,1.4195389699873153,1.634698457214009,6,0.8624030765070868,0.7900187804361448,6,1.2917508992033815,1.4025905284464044,6,1.4393085781408785,1.522702923118875,6,1.8842341138096488,1.7953765277724236,6,1.816744273178988,1.7436193924273264,6,2.124989665295965,2.094877286345067,6,1.6996791215867402,1.6606105100525452,6,1.925410602826325,1.7994534486017475,6.0,2.6039985633304306,2.5942594444845675,6.0
wiki_human_d30d7b82,wiki,human,human,311,0.5984779542281423,0.6601427413496102,4,0.8449418219334954,0.7952447714397013,4,0.9345076044991745,0.988380408646295,4,1.487557663732494,1.4088426733189907,4,1.2778224803701355,1.518686241294386,4,1.5407508083591015,1.4329262618796765,4,1.4982226770168805,1.4675148406497485,4,1.5359932872759237,1.424210757128546,4,1.2994321589774704,1.3623530830474144,4.0,1.452640514176748,1.312770676400063,4.0
