doc_id,target_idx,target_pos,target_pos_frac,pos_eligible,pos_quartile,eligible_start,eligible_end,I_256,I_256_demeaned,age_months,age_group,task,subject_id
ECSC_1001_1_107F_1001_YR1,1,259,0.7174515235457064,0.046153846153846344,early,0.7091412742382271,0.889196675900277,2.54773614818426,-3.3471228069061016,107,8-10yr,frog_where_are_you,1001
ECSC_1001_1_107F_1001_YR1,4,269,0.7451523545706371,0.2,early,0.7091412742382271,0.889196675900277,5.490739053330735,-0.40411990175962664,107,8-10yr,frog_where_are_you,1001
ECSC_1001_1_107F_1001_YR1,2,262,0.7257617728531855,0.09230769230769208,early,0.7091412742382271,0.889196675900277,2.3573857156628684,-3.5374732394274933,107,8-10yr,frog_where_are_you,1001
ECSC_1001_1_107F_1001_YR1,13,300,0.8310249307479224,0.6769230769230768,mid,0.7091412742382271,0.889196675900277,8.60216565508908,2.7073066999987176,107,8-10yr,frog_where_are_you,1001
ECSC_1001_1_107F_1001_YR1,6,276,0.7645429362880887,0.30769230769230793,mid,0.7091412742382271,0.889196675900277,9.319932542973667,3.425073587883306,107,8-10yr,frog_where_are_you,1001
ECSC_1001_1_107F_1001_YR1,10,290,0.8033240997229917,0.5230769230769232,mid,0.7091412742382271,0.889196675900277,9.062251662184408,3.167392707094047,107,8-10yr,frog_where_are_you,1001
ECSC_1001_1_107F_1001_YR1,16,310,0.8587257617728532,0.8307692307692311,late,0.7091412742382271,0.889196675900277,4.939438583488879,-0.9554203716014822,107,8-10yr,frog_where_are_you,1001
ECSC_1001_1_107F_1001_YR1,19,321,0.889196675900277,1.0,late,0.7091412742382271,0.889196675900277,4.904484607550888,-0.9903743475394737,107,8-10yr,frog_where_are_you,1001
ECSC_1001_1_107F_1001_YR1,17,314,0.8698060941828255,0.8923076923076927,late,0.7091412742382271,0.889196675900277,5.829596627348469,-0.06526232774189289,107,8-10yr,frog_where_are_you,1001
ECSC_1001_2_107F_1001_YR2,1,269,0.477797513321492,0.05199999999999996,early,0.4547069271758437,0.8987566607460036,2.535792666757759,-2.0111444642614478,107,8-10yr,one_frog_too_many,1001
ECSC_1001_2_107F_1001_YR2,4,308,0.5470692717584369,0.20799999999999985,early,0.4547069271758437,0.8987566607460036,3.7160636255235406,-0.8308735054956662,107,8-10yr,one_frog_too_many,1001
ECSC_1001_2_107F_1001_YR2,2,282,0.5008880994671403,0.10399999999999993,early,0.4547069271758437,0.8987566607460036,4.590675326404064,0.043738195384857015,107,8-10yr,one_frog_too_many,1001
ECSC_1001_2_107F_1001_YR2,13,427,0.7584369449378331,0.684,mid,0.4547069271758437,0.8987566607460036,0.8198919189806464,-3.7270452120385604,107,8-10yr,one_frog_too_many,1001
ECSC_1001_2_107F_1001_YR2,6,334,0.5932504440497336,0.312,mid,0.4547069271758437,0.8987566607460036,4.299892603510041,-0.24704452750916595,107,8-10yr,one_frog_too_many,1001
ECSC_1001_2_107F_1001_YR2,10,387,0.6873889875666075,0.524,mid,0.4547069271758437,0.8987566607460036,4.8307117030640345,0.2837745720448277,107,8-10yr,one_frog_too_many,1001
ECSC_1001_2_107F_1001_YR2,16,466,0.827708703374778,0.84,late,0.4547069271758437,0.8987566607460036,10.046314929033768,5.499377798014561,107,8-10yr,one_frog_too_many,1001
ECSC_1001_2_107F_1001_YR2,19,506,0.8987566607460036,1.0,late,0.4547069271758437,0.8987566607460036,3.790502237473591,-0.7564348935456158,107,8-10yr,one_frog_too_many,1001
ECSC_1001_2_107F_1001_YR2,17,479,0.8507992895204263,0.8919999999999999,late,0.4547069271758437,0.8987566607460036,6.292589168425419,1.745652037406212,107,8-10yr,one_frog_too_many,1001
ECSC_1001_3_107F_1001_YR3,1,260,0.6788511749347258,0.04597701149425261,early,0.6684073107049608,0.8955613577023499,3.0749446667468536,-1.3016971315433912,107,8-10yr,boy_dog_frog,1001
ECSC_1001_3_107F_1001_YR3,4,274,0.7154046997389034,0.20689655172413796,early,0.6684073107049608,0.8955613577023499,4.933407971773889,0.556766173483644,107,8-10yr,boy_dog_frog,1001
ECSC_1001_3_107F_1001_YR3,2,265,0.6919060052219321,0.10344827586206898,early,0.6684073107049608,0.8955613577023499,2.2666899494129726,-2.109951848877272,107,8-10yr,boy_dog_frog,1001
ECSC_1001_3_107F_1001_YR3,13,315,0.8224543080939948,0.6781609195402297,mid,0.6684073107049608,0.8955613577023499,3.401433720968482,-0.9752080773217626,107,8-10yr,boy_dog_frog,1001
ECSC_1001_3_107F_1001_YR3,6,283,0.7389033942558747,0.31034482758620696,mid,0.6684073107049608,0.8955613577023499,3.9905979734363264,-0.3860438248539184,107,8-10yr,boy_dog_frog,1001
ECSC_1001_3_107F_1001_YR3,10,301,0.7859007832898173,0.5172413793103449,mid,0.6684073107049608,0.8955613577023499,14.226819512735366,9.85017771444512,107,8-10yr,boy_dog_frog,1001
ECSC_1001_3_107F_1001_YR3,16,329,0.8590078328981723,0.8390804597701147,late,0.6684073107049608,0.8955613577023499,1.762930864177961,-2.6137109341122837,107,8-10yr,boy_dog_frog,1001
ECSC_1001_3_107F_1001_YR3,19,343,0.8955613577023499,1.0,late,0.6684073107049608,0.8955613577023499,2.820215132451339,-1.5564266658389059,107,8-10yr,boy_dog_frog,1001
ECSC_1001_3_107F_1001_YR3,17,333,0.8694516971279374,0.8850574712643677,late,0.6684073107049608,0.8955613577023499,2.912736392909016,-1.4639054053812286,107,8-10yr,boy_dog_frog,1001
ECSC_1002_1_89F_1002_YR1,1,266,0.5298804780876494,0.05128205128205124,early,0.5099601593625498,0.898406374501992,8.686305001910842,4.835809713466942,89,6-8yr,frog_on_his_own,1002
ECSC_1002_1_89F_1002_YR1,4,297,0.5916334661354582,0.21025641025641037,early,0.5099601593625498,0.898406374501992,1.347383171672245,-2.503112116771655,89,6-8yr,frog_on_his_own,1002
ECSC_1002_1_89F_1002_YR1,2,276,0.549800796812749,0.10256410256410248,early,0.5099601593625498,0.898406374501992,7.081724700405571,3.2312294119616713,89,6-8yr,frog_on_his_own,1002
ECSC_1002_1_89F_1002_YR1,13,389,0.7749003984063745,0.6820512820512821,mid,0.5099601593625498,0.898406374501992,4.023823326951967,0.1733280385080671,89,6-8yr,frog_on_his_own,1002
ECSC_1002_1_89F_1002_YR1,6,317,0.6314741035856574,0.3128205128205128,mid,0.5099601593625498,0.898406374501992,4.2476765291147345,0.3971812406708346,89,6-8yr,frog_on_his_own,1002
ECSC_1002_1_89F_1002_YR1,10,358,0.7131474103585658,0.5230769230769232,mid,0.5099601593625498,0.898406374501992,3.463936485115827,-0.3865588033280729,89,6-8yr,frog_on_his_own,1002
ECSC_1002_1_89F_1002_YR1,16,420,0.8366533864541833,0.8410256410256411,late,0.5099601593625498,0.898406374501992,1.754455052418928,-2.096040236024972,89,6-8yr,frog_on_his_own,1002
ECSC_1002_1_89F_1002_YR1,19,451,0.898406374501992,1.0,late,0.5099601593625498,0.898406374501992,1.7785644337353783,-2.071930854708522,89,6-8yr,frog_on_his_own,1002
ECSC_1002_1_89F_1002_YR1,17,430,0.8565737051792829,0.8923076923076924,late,0.5099601593625498,0.898406374501992,2.270588894669604,-1.579906393774296,89,6-8yr,frog_on_his_own,1002
ECSC_1002_2_89F_1002_YR2,1,271,0.440650406504065,0.050505050505050435,early,0.416260162601626,0.8991869918699187,3.225821738132579,-4.16173427139101,89,6-8yr,frog_where_are_you,1002
ECSC_1002_2_89F_1002_YR2,4,318,0.5170731707317073,0.2087542087542088,early,0.416260162601626,0.8991869918699187,7.646811416880835,0.25925540735724617,89,6-8yr,frog_where_are_you,1002
ECSC_1002_2_89F_1002_YR2,2,287,0.4666666666666667,0.1043771043771044,early,0.416260162601626,0.8991869918699187,5.548516079370856,-1.8390399301527331,89,6-8yr,frog_where_are_you,1002
ECSC_1002_2_89F_1002_YR2,13,459,0.7463414634146341,0.6835016835016835,mid,0.416260162601626,0.8991869918699187,5.528722378070091,-1.8588336314534981,89,6-8yr,frog_where_are_you,1002
ECSC_1002_2_89F_1002_YR2,6,349,0.567479674796748,0.3131313131313132,mid,0.416260162601626,0.8991869918699187,6.386150703818737,-1.0014053057048518,89,6-8yr,frog_where_are_you,1002
ECSC_1002_2_89F_1002_YR2,10,412,0.6699186991869919,0.5252525252525253,mid,0.416260162601626,0.8991869918699187,10.057315006074582,2.6697589965509927,89,6-8yr,frog_where_are_you,1002
ECSC_1002_2_89F_1002_YR2,16,506,0.8227642276422764,0.8417508417508418,late,0.416260162601626,0.8991869918699187,13.519504932831492,6.1319489233079025,89,6-8yr,frog_where_are_you,1002
ECSC_1002_2_89F_1002_YR2,19,553,0.8991869918699187,1.0,late,0.416260162601626,0.8991869918699187,6.976210222196448,-0.4113457873271411,89,6-8yr,frog_where_are_you,1002
ECSC_1002_2_89F_1002_YR2,17,521,0.8471544715447155,0.8922558922558923,late,0.416260162601626,0.8991869918699187,7.598951608336682,0.2113955988130929,89,6-8yr,frog_where_are_you,1002
ECSC_1002_3_89F_1002_YR3,1,263,0.6045977011494252,0.051851851851851725,early,0.5885057471264368,0.8988505747126436,1.775956556389354,-1.090634612162051,89,6-8yr,one_frog_too_many,1002
ECSC_1002_3_89F_1002_YR3,4,284,0.6528735632183909,0.20740740740740762,early,0.5885057471264368,0.8988505747126436,5.829876477900601,2.9632853093491964,89,6-8yr,one_frog_too_many,1002
ECSC_1002_3_89F_1002_YR3,2,270,0.6206896551724138,0.10370370370370381,early,0.5885057471264368,0.8988505747126436,0.7882390299050774,-2.0783521386463275,89,6-8yr,one_frog_too_many,1002
ECSC_1002_3_89F_1002_YR3,13,348,0.8,0.6814814814814818,mid,0.5885057471264368,0.8988505747126436,1.1610242576541143,-1.7055669108972906,89,6-8yr,one_frog_too_many,1002
ECSC_1002_3_89F_1002_YR3,6,298,0.6850574712643678,0.31111111111111106,mid,0.5885057471264368,0.8988505747126436,7.277795140260231,4.411203971708826,89,6-8yr,one_frog_too_many,1002
ECSC_1002_3_89F_1002_YR3,10,327,0.7517241379310344,0.5259259259259259,mid,0.5885057471264368,0.8988505747126436,2.1781477726724408,-0.6884433958789642,89,6-8yr,one_frog_too_many,1002
ECSC_1002_3_89F_1002_YR3,16,369,0.8482758620689655,0.8370370370370372,late,0.5885057471264368,0.8988505747126436,2.6349311496482475,-0.23166001890315746,89,6-8yr,one_frog_too_many,1002
ECSC_1002_3_89F_1002_YR3,19,391,0.8988505747126436,1.0,late,0.5885057471264368,0.8988505747126436,3.4637938858548356,0.5972027173034307,89,6-8yr,one_frog_too_many,1002
ECSC_1002_3_89F_1002_YR3,17,376,0.864367816091954,0.8888888888888891,late,0.5885057471264368,0.8988505747126436,0.689556246677741,-2.177034921873664,89,6-8yr,one_frog_too_many,1002
ECSC_1003_1_82F_1003_YR1,1,261,0.6624365482233503,0.05102040816326567,early,0.649746192893401,0.8984771573604061,13.902444523786782,1.0115044663221067,82,6-8yr,one_frog_too_many,1003
ECSC_1003_1_82F_1003_YR1,4,276,0.700507614213198,0.2040816326530613,early,0.649746192893401,0.8984771573604061,7.720896184858731,-5.170043872605945,82,6-8yr,one_frog_too_many,1003
ECSC_1003_1_82F_1003_YR1,2,266,0.6751269035532995,0.10204081632653089,early,0.649746192893401,0.8984771573604061,6.56505970843523,-6.325880349029445,82,6-8yr,one_frog_too_many,1003
ECSC_1003_1_82F_1003_YR1,13,323,0.8197969543147208,0.683673469387755,mid,0.649746192893401,0.8984771573604061,17.725872645506485,4.834932588041809,82,6-8yr,one_frog_too_many,1003
ECSC_1003_1_82F_1003_YR1,6,286,0.7258883248730964,0.3061224489795918,mid,0.649746192893401,0.8984771573604061,4.395781012637835,-8.49515904482684,82,6-8yr,one_frog_too_many,1003
ECSC_1003_1_82F_1003_YR1,10,307,0.7791878172588832,0.5204081632653059,mid,0.649746192893401,0.8984771573604061,5.756198457211866,-7.134741600252809,82,6-8yr,one_frog_too_many,1003
ECSC_1003_1_82F_1003_YR1,16,338,0.8578680203045685,0.8367346938775511,late,0.649746192893401,0.8984771573604061,15.70933781416568,2.818397756701005,82,6-8yr,one_frog_too_many,1003
ECSC_1003_1_82F_1003_YR1,19,354,0.8984771573604061,1.0,late,0.649746192893401,0.8984771573604061,15.385273202036338,2.4943331445716623,82,6-8yr,one_frog_too_many,1003
ECSC_1003_1_82F_1003_YR1,17,343,0.8705583756345178,0.8877551020408162,late,0.649746192893401,0.8984771573604061,28.857596968543135,15.96665691107846,82,6-8yr,one_frog_too_many,1003
ECSC_1003_2_82F_1003_YR2,1,272,0.4296998420221169,0.05111821086261995,early,0.4044233807266982,0.8988941548183255,8.356935118210966,3.639824911076687,82,6-8yr,frog_on_his_own,1003
ECSC_1003_2_82F_1003_YR2,4,321,0.5071090047393365,0.2076677316293931,early,0.4044233807266982,0.8988941548183255,3.9802732866916006,-0.7368369204426788,82,6-8yr,frog_on_his_own,1003
ECSC_1003_2_82F_1003_YR2,2,288,0.4549763033175355,0.10223642172523968,early,0.4044233807266982,0.8988941548183255,3.996695764100572,-0.7204144430337074,82,6-8yr,frog_on_his_own,1003
ECSC_1003_2_82F_1003_YR2,13,470,0.7424960505529226,0.6837060702875398,mid,0.4044233807266982,0.8988941548183255,7.456106279118203,2.738996071983924,82,6-8yr,frog_on_his_own,1003
ECSC_1003_2_82F_1003_YR2,6,354,0.5592417061611374,0.3130990415335464,mid,0.4044233807266982,0.8988941548183255,2.6124099434301833,-2.104700263704096,82,6-8yr,frog_on_his_own,1003
ECSC_1003_2_82F_1003_YR2,10,420,0.6635071090047393,0.523961661341853,mid,0.4044233807266982,0.8988941548183255,3.1283835991577496,-1.5887266079765299,82,6-8yr,frog_on_his_own,1003
ECSC_1003_2_82F_1003_YR2,16,519,0.8199052132701422,0.8402555910543131,late,0.4044233807266982,0.8988941548183255,5.350566070600163,0.6334558634658833,82,6-8yr,frog_on_his_own,1003
ECSC_1003_2_82F_1003_YR2,19,569,0.8988941548183255,1.0,late,0.4044233807266982,0.8988941548183255,4.405855479741874,-0.3112547273924058,82,6-8yr,frog_on_his_own,1003
ECSC_1003_2_82F_1003_YR2,17,536,0.8467614533965245,0.8945686900958467,late,0.4044233807266982,0.8988941548183255,3.166766323157198,-1.5503438839770816,82,6-8yr,frog_on_his_own,1003
ECSC_1003_3_82F_1003_YR3,1,260,0.6896551724137931,0.049382716049383095,early,0.6790450928381963,0.8938992042440318,6.756388960736102,0.8828326721634641,82,6-8yr,frog_on_his_own,1003
ECSC_1003_3_82F_1003_YR3,4,273,0.7241379310344828,0.20987654320987673,early,0.6790450928381963,0.8938992042440318,6.2082389567981835,0.33468266822554593,82,6-8yr,frog_on_his_own,1003
ECSC_1003_3_82F_1003_YR3,2,264,0.7002652519893899,0.09876543209876566,early,0.6790450928381963,0.8938992042440318,6.911435355571079,1.0378790669984417,82,6-8yr,frog_on_his_own,1003
ECSC_1003_3_82F_1003_YR3,13,311,0.8249336870026526,0.6790123456790127,mid,0.6790450928381963,0.8938992042440318,2.2121621238977003,-3.6613941646749373,82,6-8yr,frog_on_his_own,1003
ECSC_1003_3_82F_1003_YR3,6,281,0.7453580901856764,0.3086419753086424,mid,0.6790450928381963,0.8938992042440318,11.43706046240009,5.563504173827453,82,6-8yr,frog_on_his_own,1003
ECSC_1003_3_82F_1003_YR3,10,298,0.7904509283819628,0.5185185185185186,mid,0.6790450928381963,0.8938992042440318,10.077223276663558,4.20366698809092,82,6-8yr,frog_on_his_own,1003
ECSC_1003_3_82F_1003_YR3,16,324,0.8594164456233422,0.8395061728395063,late,0.6790450928381963,0.8938992042440318,3.3435886141900664,-2.529967674382571,82,6-8yr,frog_on_his_own,1003
ECSC_1003_3_82F_1003_YR3,19,337,0.8938992042440318,1.0,late,0.6790450928381963,0.8938992042440318,1.8528570418299868,-4.020699246742651,82,6-8yr,frog_on_his_own,1003
ECSC_1003_3_82F_1003_YR3,17,328,0.870026525198939,0.888888888888889,late,0.6790450928381963,0.8938992042440318,4.063051805066975,-1.810504483505663,82,6-8yr,frog_on_his_own,1003
ECSC_1004_1_78F_1004_YR1,1,272,0.4317460317460317,0.05144694533762061,early,0.4063492063492063,0.9,7.9323385697895965,0.9161936502888262,78,6-8yr,one_frog_too_many,1004
ECSC_1004_1_78F_1004_YR1,4,321,0.5095238095238095,0.20900321543408362,early,0.4063492063492063,0.9,10.309391624483212,3.293246704982441,78,6-8yr,one_frog_too_many,1004
ECSC_1004_1_78F_1004_YR1,2,288,0.4571428571428571,0.10289389067524111,early,0.4063492063492063,0.9,4.167527106109873,-2.8486178133908977,78,6-8yr,one_frog_too_many,1004
ECSC_1004_1_78F_1004_YR1,13,468,0.7428571428571429,0.6816720257234727,mid,0.4063492063492063,0.9,3.0537200373657845,-3.962424882134986,78,6-8yr,one_frog_too_many,1004
ECSC_1004_1_78F_1004_YR1,6,354,0.5619047619047619,0.3151125401929261,mid,0.4063492063492063,0.9,6.569300075031257,-0.44684484446951345,78,6-8yr,one_frog_too_many,1004
ECSC_1004_1_78F_1004_YR1,10,419,0.665079365079365,0.5241157556270096,mid,0.4063492063492063,0.9,6.429184121713336,-0.5869607977874347,78,6-8yr,one_frog_too_many,1004
ECSC_1004_1_78F_1004_YR1,16,517,0.8206349206349206,0.8392282958199356,late,0.4063492063492063,0.9,16.51808428103316,9.50193936153239,78,6-8yr,one_frog_too_many,1004
ECSC_1004_1_78F_1004_YR1,19,567,0.9,1.0,late,0.4063492063492063,0.9,2.1450426135893306,-4.87110230591144,78,6-8yr,one_frog_too_many,1004
ECSC_1004_1_78F_1004_YR1,17,534,0.8476190476190476,0.8938906752411575,late,0.4063492063492063,0.9,6.020715846391381,-0.9954290731093893,78,6-8yr,one_frog_too_many,1004
ECSC_1004_2_78F_1004_YR2,1,266,0.532,0.051546391752577365,early,0.512,0.9,5.017019649375705,-1.6084991121093974,78,6-8yr,one_frog_too_many,1004
ECSC_1004_2_78F_1004_YR2,4,296,0.592,0.20618556701030916,early,0.512,0.9,6.722924614572937,0.09740585308783523,78,6-8yr,one_frog_too_many,1004
ECSC_1004_2_78F_1004_YR2,2,276,0.552,0.10309278350515473,early,0.512,0.9,4.876546076734076,-1.7489726847510259,78,6-8yr,one_frog_too_many,1004
ECSC_1004_2_78F_1004_YR2,13,388,0.776,0.6804123711340206,mid,0.512,0.9,7.211435540268921,0.5859167787838189,78,6-8yr,one_frog_too_many,1004
ECSC_1004_2_78F_1004_YR2,6,317,0.634,0.31443298969072164,mid,0.512,0.9,8.169604205698652,1.5440854442135503,78,6-8yr,one_frog_too_many,1004
ECSC_1004_2_78F_1004_YR2,10,358,0.716,0.5257731958762886,mid,0.512,0.9,4.593642418108402,-2.0318763433767,78,6-8yr,one_frog_too_many,1004
ECSC_1004_2_78F_1004_YR2,16,419,0.838,0.8402061855670102,late,0.512,0.9,1.6840247526078915,-4.941494008877211,78,6-8yr,one_frog_too_many,1004
ECSC_1004_2_78F_1004_YR2,19,450,0.9,1.0,late,0.512,0.9,15.751946469799172,9.12642770831407,78,6-8yr,one_frog_too_many,1004
ECSC_1004_2_78F_1004_YR2,17,429,0.858,0.8917525773195876,late,0.512,0.9,5.602525126200163,-1.022993635284939,78,6-8yr,one_frog_too_many,1004
ECSC_1004_3_78F_1004_YR3,1,265,0.5555555555555556,0.052023121387283225,early,0.5366876310272537,0.89937106918239,3.073292539575961,0.4047119271562529,78,6-8yr,boy_dog_frog,1004
ECSC_1004_3_78F_1004_YR3,4,292,0.6121593291404612,0.2080924855491329,early,0.5366876310272537,0.89937106918239,2.1771280207246537,-0.4914525916950545,78,6-8yr,boy_dog_frog,1004
ECSC_1004_3_78F_1004_YR3,2,274,0.5744234800838575,0.10404624277456645,early,0.5366876310272537,0.89937106918239,1.503225732774375,-1.1653548796453332,78,6-8yr,boy_dog_frog,1004
ECSC_1004_3_78F_1004_YR3,13,374,0.7840670859538784,0.6820809248554913,mid,0.5366876310272537,0.89937106918239,1.1085348107632915,-1.5600458016564167,78,6-8yr,boy_dog_frog,1004
ECSC_1004_3_78F_1004_YR3,6,310,0.649895178197065,0.3121387283236994,mid,0.5366876310272537,0.89937106918239,3.0363691970831788,0.36778858466347053,78,6-8yr,boy_dog_frog,1004
ECSC_1004_3_78F_1004_YR3,10,347,0.7274633123689728,0.5260115606936416,mid,0.5366876310272537,0.89937106918239,2.722324863804337,0.05374425138462868,78,6-8yr,boy_dog_frog,1004
ECSC_1004_3_78F_1004_YR3,16,401,0.8406708595387841,0.838150289017341,late,0.5366876310272537,0.89937106918239,2.771224258794154,0.10264364637444556,78,6-8yr,boy_dog_frog,1004
ECSC_1004_3_78F_1004_YR3,19,429,0.89937106918239,1.0,late,0.5366876310272537,0.89937106918239,2.603883392837139,-0.06469721958256924,78,6-8yr,boy_dog_frog,1004
ECSC_1004_3_78F_1004_YR3,17,410,0.859538784067086,0.8901734104046242,late,0.5366876310272537,0.89937106918239,5.021242695420287,2.3526620830005784,78,6-8yr,boy_dog_frog,1004
ECSC_1005_2_83F_1005_YR2,1,261,0.6444444444444445,0.046296296296296495,early,0.6320987654320988,0.8987654320987655,1.9982884516167143,-2.9317357269033977,83,6-8yr,frog_on_his_own,1005
ECSC_1005_2_83F_1005_YR2,4,278,0.6864197530864198,0.20370370370370383,early,0.6320987654320988,0.8987654320987655,12.624960206438947,7.6949360279188355,83,6-8yr,frog_on_his_own,1005
ECSC_1005_2_83F_1005_YR2,2,267,0.6592592592592592,0.10185185185185171,early,0.6320987654320988,0.8987654320987655,2.711792026878271,-2.218232151641841,83,6-8yr,frog_on_his_own,1005
ECSC_1005_2_83F_1005_YR2,13,329,0.8123456790123457,0.6759259259259258,mid,0.6320987654320988,0.8987654320987655,2.7415132098932204,-2.1885109686268915,83,6-8yr,frog_on_his_own,1005
ECSC_1005_2_83F_1005_YR2,6,290,0.7160493827160493,0.31481481481481466,mid,0.6320987654320988,0.8987654320987655,7.836515198099533,2.9064910195794207,83,6-8yr,frog_on_his_own,1005
ECSC_1005_2_83F_1005_YR2,10,312,0.7703703703703704,0.5185185185185185,mid,0.6320987654320988,0.8987654320987655,5.053080981519444,0.12305680299933197,83,6-8yr,frog_on_his_own,1005
ECSC_1005_2_83F_1005_YR2,16,346,0.854320987654321,0.8333333333333331,late,0.6320987654320988,0.8987654320987655,2.406396312103702,-2.52362786641641,83,6-8yr,frog_on_his_own,1005
ECSC_1005_2_83F_1005_YR2,19,364,0.8987654320987655,1.0,late,0.6320987654320988,0.8987654320987655,3.9377755340307754,-0.9922486444893366,83,6-8yr,frog_on_his_own,1005
ECSC_1005_2_83F_1005_YR2,17,352,0.8691358024691358,0.8888888888888887,late,0.6320987654320988,0.8987654320987655,5.059895686100404,0.1298715075802921,83,6-8yr,frog_on_his_own,1005
ECSC_1005_3_83F_1005_YR3,1,262,0.6121495327102804,0.046511627906976924,early,0.5981308411214953,0.8995327102803738,3.3018574351340932,-2.139887484203518,83,6-8yr,one_frog_too_many,1005
ECSC_1005_3_83F_1005_YR3,4,283,0.6612149532710281,0.2093023255813956,early,0.5981308411214953,0.8995327102803738,3.8393362455122695,-1.6024086738253418,83,6-8yr,one_frog_too_many,1005
ECSC_1005_3_83F_1005_YR3,2,269,0.6285046728971962,0.1007751937984497,early,0.5981308411214953,0.8995327102803738,2.83491908305926,-2.606825836278351,83,6-8yr,one_frog_too_many,1005
ECSC_1005_3_83F_1005_YR3,13,344,0.8037383177570093,0.6821705426356589,mid,0.5981308411214953,0.8995327102803738,5.46516497586515,0.02342005652753887,83,6-8yr,one_frog_too_many,1005
ECSC_1005_3_83F_1005_YR3,6,296,0.6915887850467289,0.31007751937984496,mid,0.5981308411214953,0.8995327102803738,6.019544053866704,0.5777991345290925,83,6-8yr,one_frog_too_many,1005
ECSC_1005_3_83F_1005_YR3,10,323,0.7546728971962616,0.5193798449612401,mid,0.5981308411214953,0.8995327102803738,9.584987677351046,4.143242758013435,83,6-8yr,one_frog_too_many,1005
ECSC_1005_3_83F_1005_YR3,16,364,0.8504672897196262,0.8372093023255813,late,0.5981308411214953,0.8995327102803738,8.732653117284205,3.2909081979465933,83,6-8yr,one_frog_too_many,1005
ECSC_1005_3_83F_1005_YR3,19,385,0.8995327102803738,1.0,late,0.5981308411214953,0.8995327102803738,1.6705922947398737,-3.771152624597738,83,6-8yr,one_frog_too_many,1005
ECSC_1005_3_83F_1005_YR3,17,371,0.866822429906542,0.8914728682170541,late,0.5981308411214953,0.8995327102803738,7.526649391225899,2.0849044718882874,83,6-8yr,one_frog_too_many,1005
ECSC_1006_2_97F_1006_YR2,1,273,0.4161585365853658,0.0508982035928142,early,0.3902439024390244,0.899390243902439,2.350339073302214,-1.689967696350534,97,8-10yr,one_frog_too_many,1006
ECSC_1006_2_97F_1006_YR2,4,326,0.4969512195121951,0.20958083832335325,early,0.3902439024390244,0.899390243902439,6.382945663880233,2.342638894227485,97,8-10yr,one_frog_too_many,1006
ECSC_1006_2_97F_1006_YR2,2,291,0.4435975609756097,0.10479041916167652,early,0.3902439024390244,0.899390243902439,4.406821128233349,0.3665143585806012,97,8-10yr,one_frog_too_many,1006
ECSC_1006_2_97F_1006_YR2,13,484,0.7378048780487805,0.6826347305389221,mid,0.3902439024390244,0.899390243902439,3.068479108222384,-0.971827661430364,97,8-10yr,one_frog_too_many,1006
ECSC_1006_2_97F_1006_YR2,6,361,0.5503048780487805,0.31437125748502986,mid,0.3902439024390244,0.899390243902439,1.0441230654246905,-2.9961837042280575,97,8-10yr,one_frog_too_many,1006
ECSC_1006_2_97F_1006_YR2,10,431,0.6570121951219512,0.5239520958083832,mid,0.3902439024390244,0.899390243902439,4.087688434561789,0.04738166490904128,97,8-10yr,one_frog_too_many,1006
ECSC_1006_2_97F_1006_YR2,16,537,0.8185975609756098,0.8413173652694611,late,0.3902439024390244,0.899390243902439,3.945441043183086,-0.09486572646966174,97,8-10yr,one_frog_too_many,1006
ECSC_1006_2_97F_1006_YR2,19,590,0.899390243902439,1.0,late,0.3902439024390244,0.899390243902439,5.512636274654522,1.472329505001774,97,8-10yr,one_frog_too_many,1006
ECSC_1006_2_97F_1006_YR2,17,554,0.8445121951219512,0.8922155688622754,late,0.3902439024390244,0.899390243902439,5.564287135412457,1.5239803657597086,97,8-10yr,one_frog_too_many,1006
ECSC_1006_3_97F_1006_YR3,1,266,0.5205479452054794,0.04926108374384236,early,0.5009784735812133,0.898238747553816,4.884599730109837,-4.518441197038573,97,8-10yr,one_frog_too_many,1006
ECSC_1006_3_97F_1006_YR3,4,298,0.5831702544031311,0.2068965517241379,early,0.5009784735812133,0.898238747553816,6.649817001210199,-2.7532239259382116,97,8-10yr,one_frog_too_many,1006
ECSC_1006_3_97F_1006_YR3,2,277,0.5420743639921722,0.10344827586206909,early,0.5009784735812133,0.898238747553816,8.9025741311643,-0.50046679598411,97,8-10yr,one_frog_too_many,1006
ECSC_1006_3_97F_1006_YR3,13,394,0.7710371819960861,0.6798029556650246,mid,0.5009784735812133,0.898238747553816,8.115463276026619,-1.2875776511217918,97,8-10yr,one_frog_too_many,1006
ECSC_1006_3_97F_1006_YR3,6,320,0.6262230919765166,0.3152709359605911,mid,0.5009784735812133,0.898238747553816,2.0511920757754867,-7.351848851372924,97,8-10yr,one_frog_too_many,1006
ECSC_1006_3_97F_1006_YR3,10,362,0.7084148727984344,0.522167487684729,mid,0.5009784735812133,0.898238747553816,5.491218598050095,-3.9118223290983156,97,8-10yr,one_frog_too_many,1006
ECSC_1006_3_97F_1006_YR3,16,426,0.8336594911937377,0.8374384236453201,late,0.5009784735812133,0.898238747553816,31.582949797499587,22.179908870351177,97,8-10yr,one_frog_too_many,1006
ECSC_1006_3_97F_1006_YR3,19,459,0.898238747553816,1.0,late,0.5009784735812133,0.898238747553816,10.974339077714443,1.571298150566033,97,8-10yr,one_frog_too_many,1006
ECSC_1006_3_97F_1006_YR3,17,437,0.8551859099804305,0.8916256157635468,late,0.5009784735812133,0.898238747553816,5.975214656785125,-3.427826270363285,97,8-10yr,one_frog_too_many,1006
ECSC_1008_1_94F_1008_YR1,1,273,0.4161585365853658,0.0508982035928142,early,0.3902439024390244,0.899390243902439,8.191903413806356,1.7630131611307087,94,6-8yr,frog_where_are_you,1008
ECSC_1008_1_94F_1008_YR1,4,326,0.4969512195121951,0.20958083832335325,early,0.3902439024390244,0.899390243902439,2.656551924006344,-3.7723383286693033,94,6-8yr,frog_where_are_you,1008
ECSC_1008_1_94F_1008_YR1,2,291,0.4435975609756097,0.10479041916167652,early,0.3902439024390244,0.899390243902439,6.316294208213428,-0.1125960444622196,94,6-8yr,frog_where_are_you,1008
ECSC_1008_1_94F_1008_YR1,13,484,0.7378048780487805,0.6826347305389221,mid,0.3902439024390244,0.899390243902439,5.992930610185649,-0.4359596424899985,94,6-8yr,frog_where_are_you,1008
ECSC_1008_1_94F_1008_YR1,6,361,0.5503048780487805,0.31437125748502986,mid,0.3902439024390244,0.899390243902439,3.2339417426090966,-3.194948510066551,94,6-8yr,frog_where_are_you,1008
ECSC_1008_1_94F_1008_YR1,10,431,0.6570121951219512,0.5239520958083832,mid,0.3902439024390244,0.899390243902439,19.701394782014475,13.272504529338828,94,6-8yr,frog_where_are_you,1008
ECSC_1008_1_94F_1008_YR1,16,537,0.8185975609756098,0.8413173652694611,late,0.3902439024390244,0.899390243902439,2.5649575859911833,-3.8639326666844642,94,6-8yr,frog_where_are_you,1008
ECSC_1008_1_94F_1008_YR1,19,590,0.899390243902439,1.0,late,0.3902439024390244,0.899390243902439,6.981768422303206,0.5528781696275589,94,6-8yr,frog_where_are_you,1008
ECSC_1008_1_94F_1008_YR1,17,554,0.8445121951219512,0.8922155688622754,late,0.3902439024390244,0.899390243902439,2.2202695849510956,-4.208620667724552,94,6-8yr,frog_where_are_you,1008
ECSC_1008_2_94F_1008_YR2,1,271,0.4457236842105263,0.0515463917525775,early,0.4210526315789473,0.899671052631579,8.483065007434158,-2.1537080589053073,94,6-8yr,frog_where_are_you,1008
ECSC_1008_2_94F_1008_YR2,4,317,0.5213815789473685,0.209621993127148,early,0.4210526315789473,0.899671052631579,16.525607513650037,5.888834447310572,94,6-8yr,frog_where_are_you,1008
ECSC_1008_2_94F_1008_YR2,2,286,0.4703947368421052,0.10309278350515465,early,0.4210526315789473,0.899671052631579,8.777792508948362,-1.858980557391103,94,6-8yr,frog_where_are_you,1008
ECSC_1008_2_94F_1008_YR2,13,455,0.7483552631578947,0.683848797250859,mid,0.4210526315789473,0.899671052631579,2.7824182455283832,-7.854354820811082,94,6-8yr,frog_where_are_you,1008
ECSC_1008_2_94F_1008_YR2,6,347,0.5707236842105263,0.3127147766323025,mid,0.4210526315789473,0.899671052631579,21.437813642598503,10.801040576259037,94,6-8yr,frog_where_are_you,1008
ECSC_1008_2_94F_1008_YR2,10,409,0.6726973684210527,0.5257731958762888,mid,0.4210526315789473,0.899671052631579,10.308139645697436,-0.3286334206420296,94,6-8yr,frog_where_are_you,1008
ECSC_1008_2_94F_1008_YR2,16,501,0.8240131578947368,0.8419243986254296,late,0.4210526315789473,0.899671052631579,7.9942703830377475,-2.642502683301718,94,6-8yr,frog_where_are_you,1008
ECSC_1008_2_94F_1008_YR2,19,547,0.899671052631579,1.0,late,0.4210526315789473,0.899671052631579,6.944763844847502,-3.692009221491963,94,6-8yr,frog_where_are_you,1008
ECSC_1008_2_94F_1008_YR2,17,516,0.8486842105263158,0.8934707903780069,late,0.4210526315789473,0.899671052631579,12.477086805313066,1.8403137389736006,94,6-8yr,frog_where_are_you,1008
ECSC_1008_3_94F_1008_YR3,1,278,0.3696808510638298,0.052380952380952424,early,0.3404255319148936,0.898936170212766,7.196986227464068,-2.1794726161884252,94,6-8yr,one_frog_too_many,1008
ECSC_1008_3_94F_1008_YR3,4,344,0.4574468085106383,0.2095238095238095,early,0.3404255319148936,0.898936170212766,9.2598144547533,-0.11664438889919282,94,6-8yr,one_frog_too_many,1008
ECSC_1008_3_94F_1008_YR3,2,300,0.3989361702127659,0.10476190476190465,early,0.3404255319148936,0.898936170212766,12.676062747833669,3.2996039041811756,94,6-8yr,one_frog_too_many,1008
ECSC_1008_3_94F_1008_YR3,13,543,0.7220744680851063,0.6833333333333332,mid,0.3404255319148936,0.898936170212766,3.183672100630247,-6.192786743022246,94,6-8yr,one_frog_too_many,1008
ECSC_1008_3_94F_1008_YR3,6,388,0.5159574468085106,0.3142857142857143,mid,0.3404255319148936,0.898936170212766,16.627759100065298,7.251300256412804,94,6-8yr,one_frog_too_many,1008
ECSC_1008_3_94F_1008_YR3,10,477,0.6343085106382979,0.5261904761904761,mid,0.3404255319148936,0.898936170212766,11.897977163065796,2.5215183194133033,94,6-8yr,one_frog_too_many,1008
ECSC_1008_3_94F_1008_YR3,16,609,0.8098404255319149,0.8404761904761905,late,0.3404255319148936,0.898936170212766,7.977185465114545,-1.3992733785379485,94,6-8yr,one_frog_too_many,1008
ECSC_1008_3_94F_1008_YR3,19,676,0.898936170212766,1.0,late,0.3404255319148936,0.898936170212766,8.52787195051365,-0.8485868931388438,94,6-8yr,one_frog_too_many,1008
ECSC_1008_3_94F_1008_YR3,17,631,0.839095744680851,0.8928571428571427,late,0.3404255319148936,0.898936170212766,7.040800383431872,-2.335658460220621,94,6-8yr,one_frog_too_many,1008
ECSC_1009_1_94F_1009_YR1,1,275,0.3939828080229226,0.0510752688172043,early,0.3667621776504298,0.8997134670487106,14.35451449344285,7.427689441493834,94,6-8yr,boy_dog_frog,1009
ECSC_1009_1_94F_1009_YR1,4,334,0.4785100286532951,0.2096774193548387,early,0.3667621776504298,0.8997134670487106,3.9654495228105535,-2.9613755291384614,94,6-8yr,boy_dog_frog,1009
ECSC_1009_1_94F_1009_YR1,2,295,0.4226361031518624,0.10483870967741923,early,0.3667621776504298,0.8997134670487106,13.035242134634933,6.108417082685918,94,6-8yr,boy_dog_frog,1009
ECSC_1009_1_94F_1009_YR1,13,510,0.7306590257879656,0.6827956989247311,mid,0.3667621776504298,0.8997134670487106,1.6700390865054304,-5.2567859654435845,94,6-8yr,boy_dog_frog,1009
ECSC_1009_1_94F_1009_YR1,6,373,0.5343839541547278,0.3145161290322581,mid,0.3667621776504298,0.8997134670487106,14.24578888539198,7.3189638334429645,94,6-8yr,boy_dog_frog,1009
ECSC_1009_1_94F_1009_YR1,10,451,0.6461318051575932,0.5241935483870969,mid,0.3667621776504298,0.8997134670487106,8.000188429262419,1.0733633773134041,94,6-8yr,boy_dog_frog,1009
ECSC_1009_1_94F_1009_YR1,16,569,0.8151862464183381,0.8413978494623656,late,0.3667621776504298,0.8997134670487106,1.1541361722071848,-5.77268887974183,94,6-8yr,boy_dog_frog,1009
ECSC_1009_1_94F_1009_YR1,19,628,0.8997134670487106,1.0,late,0.3667621776504298,0.8997134670487106,2.616143126303008,-4.310681925646007,94,6-8yr,boy_dog_frog,1009
ECSC_1009_1_94F_1009_YR1,17,588,0.8424068767908309,0.8924731182795698,late,0.3667621776504298,0.8997134670487106,3.2999236169827766,-3.6269014349662383,94,6-8yr,boy_dog_frog,1009
ECSC_1009_2_94F_1009_YR2,1,314,0.2078093977498345,0.05258386219401633,early,0.1694242223692918,0.899404367968233,10.42238614934758,-0.4221876884309861,94,6-8yr,one_frog_too_many,1009
ECSC_1009_2_94F_1009_YR2,4,488,0.3229649238914626,0.2103354487760653,early,0.1694242223692918,0.899404367968233,9.359663323776974,-1.4849105140015908,94,6-8yr,one_frog_too_many,1009
ECSC_1009_2_94F_1009_YR2,2,372,0.2461945731303772,0.10516772438803267,early,0.1694242223692918,0.899404367968233,5.078466776130095,-5.76610706164847,94,6-8yr,one_frog_too_many,1009
ECSC_1009_2_94F_1009_YR2,13,1010,0.6684315023163467,0.6835902085222121,mid,0.1694242223692918,0.899404367968233,17.187073847842406,6.342500010063841,94,6-8yr,one_frog_too_many,1009
ECSC_1009_2_94F_1009_YR2,6,604,0.399735274652548,0.315503173164098,mid,0.1694242223692918,0.899404367968233,18.474984134033072,7.630410296254507,94,6-8yr,one_frog_too_many,1009
ECSC_1009_2_94F_1009_YR2,10,836,0.5532759761747187,0.5258386219401632,mid,0.1694242223692918,0.899404367968233,7.078913518599416,-3.7656603191791493,94,6-8yr,one_frog_too_many,1009
ECSC_1009_2_94F_1009_YR2,16,1184,0.7835870284579749,0.8413417951042612,late,0.1694242223692918,0.899404367968233,14.659944888562311,3.815371050783746,94,6-8yr,one_frog_too_many,1009
ECSC_1009_2_94F_1009_YR2,19,1359,0.899404367968233,1.0,late,0.1694242223692918,0.899404367968233,13.96487129291809,3.120297455139525,94,6-8yr,one_frog_too_many,1009
ECSC_1009_2_94F_1009_YR2,17,1242,0.8219722038385175,0.8939256572982774,late,0.1694242223692918,0.899404367968233,1.374860608797154,-9.469713228981412,94,6-8yr,one_frog_too_many,1009
ECSC_1009_3_94F_1009_YR3,1,278,0.3638743455497382,0.05104408352668213,early,0.3350785340314136,0.8992146596858639,3.036817278656855,-3.4637243364713477,94,6-8yr,one_frog_too_many,1009
ECSC_1009_3_94F_1009_YR3,4,346,0.4528795811518324,0.20881670533642685,early,0.3350785340314136,0.8992146596858639,2.319813482232501,-4.180728132895702,94,6-8yr,one_frog_too_many,1009
ECSC_1009_3_94F_1009_YR3,2,301,0.393979057591623,0.10440835266821342,early,0.3350785340314136,0.8992146596858639,6.437386845668373,-0.06315476945983,94,6-8yr,one_frog_too_many,1009
ECSC_1009_3_94F_1009_YR3,13,550,0.7198952879581152,0.6821345707656612,mid,0.3350785340314136,0.8992146596858639,2.34553840848596,-4.155003206642243,94,6-8yr,one_frog_too_many,1009
ECSC_1009_3_94F_1009_YR3,6,392,0.5130890052356021,0.31554524361948955,mid,0.3350785340314136,0.8992146596858639,2.321049292400036,-4.179492322728167,94,6-8yr,one_frog_too_many,1009
ECSC_1009_3_94F_1009_YR3,10,482,0.6308900523560209,0.5243619489559164,mid,0.3350785340314136,0.8992146596858639,7.432660435758599,0.9321188206303965,94,6-8yr,one_frog_too_many,1009
ECSC_1009_3_94F_1009_YR3,16,618,0.8089005235602095,0.839907192575406,late,0.3350785340314136,0.8992146596858639,3.315171447776587,-3.185370167351616,94,6-8yr,one_frog_too_many,1009
ECSC_1009_3_94F_1009_YR3,19,687,0.8992146596858639,1.0,late,0.3350785340314136,0.8992146596858639,10.77647573073538,4.275934115607177,94,6-8yr,one_frog_too_many,1009
ECSC_1009_3_94F_1009_YR3,17,641,0.8390052356020943,0.8932714617169374,late,0.3350785340314136,0.8992146596858639,20.519961614439534,14.019419999311332,94,6-8yr,one_frog_too_many,1009
ECSC_1010_1_99M_1010_YR1,1,282,0.3361144219308701,0.0521042084168338,early,0.3051251489868891,0.899880810488677,19.24762208962852,4.362040945460828,99,8-10yr,one_frog_too_many,1010
ECSC_1010_1_99M_1010_YR1,4,361,0.4302741358760429,0.2104208416833668,early,0.3051251489868891,0.899880810488677,17.2889800185347,2.4033988743670083,99,8-10yr,one_frog_too_many,1010
ECSC_1010_1_99M_1010_YR1,2,308,0.367103694874851,0.10420841683366742,early,0.3051251489868891,0.899880810488677,10.937766338571334,-3.9478148055963587,99,8-10yr,one_frog_too_many,1010
ECSC_1010_1_99M_1010_YR1,13,597,0.7115613825983313,0.6833667334669339,mid,0.3051251489868891,0.899880810488677,14.655849513288093,-0.22973163087960025,99,8-10yr,one_frog_too_many,1010
ECSC_1010_1_99M_1010_YR1,6,413,0.4922526817640048,0.31462925851703416,mid,0.3051251489868891,0.899880810488677,15.817140418053471,0.9315592738857781,99,8-10yr,one_frog_too_many,1010
ECSC_1010_1_99M_1010_YR1,10,518,0.6174016686531585,0.5250501002004008,mid,0.3051251489868891,0.899880810488677,9.41507905866342,-5.470502085504274,99,8-10yr,one_frog_too_many,1010
ECSC_1010_1_99M_1010_YR1,16,676,0.8057210965435042,0.8416833667334669,late,0.3051251489868891,0.899880810488677,8.994919486613394,-5.890661657554299,99,8-10yr,one_frog_too_many,1010
ECSC_1010_1_99M_1010_YR1,19,755,0.899880810488677,1.0,late,0.3051251489868891,0.899880810488677,9.28810596559879,-5.597475178568903,99,8-10yr,one_frog_too_many,1010
ECSC_1010_1_99M_1010_YR1,17,702,0.8367103694874851,0.8937875751503005,late,0.3051251489868891,0.899880810488677,28.3247674085575,13.439186264389805,99,8-10yr,one_frog_too_many,1010
ECSC_1010_3_99M_1010_YR3,1,271,0.4471947194719472,0.051903114186851375,early,0.4224422442244224,0.8993399339933993,7.250825996887615,0.3233664297068133,99,8-10yr,unknown,1010
ECSC_1010_3_99M_1010_YR3,4,316,0.5214521452145214,0.20761245674740492,early,0.4224422442244224,0.8993399339933993,10.462710982124772,3.5352514149439704,99,8-10yr,unknown,1010
ECSC_1010_3_99M_1010_YR3,2,286,0.4719471947194719,0.1038062283737024,early,0.4224422442244224,0.8993399339933993,4.64102748389869,-2.2864320832821114,99,8-10yr,unknown,1010
ECSC_1010_3_99M_1010_YR3,13,453,0.7475247524752475,0.6816608996539794,mid,0.4224422442244224,0.8993399339933993,1.1493168525923068,-5.778142714588495,99,8-10yr,unknown,1010
ECSC_1010_3_99M_1010_YR3,6,347,0.5726072607260726,0.3148788927335641,mid,0.4224422442244224,0.8993399339933993,5.103622852666604,-1.823836714514198,99,8-10yr,unknown,1010
ECSC_1010_3_99M_1010_YR3,10,408,0.6732673267326733,0.5259515570934258,mid,0.4224422442244224,0.8993399339933993,9.973153826094276,3.045694258913474,99,8-10yr,unknown,1010
ECSC_1010_3_99M_1010_YR3,16,499,0.8234323432343235,0.8408304498269897,late,0.4224422442244224,0.8993399339933993,7.640843704350617,0.7133841371698155,99,8-10yr,unknown,1010
ECSC_1010_3_99M_1010_YR3,19,545,0.8993399339933993,1.0,late,0.4224422442244224,0.8993399339933993,5.332365155946281,-1.5950944112345207,99,8-10yr,unknown,1010
ECSC_1010_3_99M_1010_YR3,17,514,0.8481848184818482,0.8927335640138411,late,0.4224422442244224,0.8993399339933993,10.793269250066055,3.8658096828852537,99,8-10yr,unknown,1010
ECSC_1011_3_71M_1011_YR3,1,262,0.6252983293556086,0.04958677685950401,early,0.6109785202863962,0.8997613365155132,8.152790153260728,-0.9377850552870548,71,4-6yr,frog_where_are_you,1011
ECSC_1011_3_71M_1011_YR3,4,281,0.6706443914081146,0.20661157024793395,early,0.6109785202863962,0.8997613365155132,10.752453948125384,1.6618787395776007,71,4-6yr,frog_where_are_you,1011
ECSC_1011_3_71M_1011_YR3,2,268,0.639618138424821,0.09917355371900802,early,0.6109785202863962,0.8997613365155132,12.309225457134248,3.2186502485864654,71,4-6yr,frog_where_are_you,1011
ECSC_1011_3_71M_1011_YR3,13,338,0.8066825775656324,0.677685950413223,mid,0.6109785202863962,0.8997613365155132,9.815940287321173,0.7253650787733896,71,4-6yr,frog_where_are_you,1011
ECSC_1011_3_71M_1011_YR3,6,294,0.7016706443914081,0.3140495867768595,mid,0.6109785202863962,0.8997613365155132,12.045577387956598,2.9550021794088153,71,4-6yr,frog_where_are_you,1011
ECSC_1011_3_71M_1011_YR3,10,319,0.7613365155131265,0.5206611570247934,mid,0.6109785202863962,0.8997613365155132,7.212053953450424,-1.8785212550973585,71,4-6yr,frog_where_are_you,1011
ECSC_1011_3_71M_1011_YR3,16,357,0.8520286396181385,0.8347107438016529,late,0.6109785202863962,0.8997613365155132,11.686258885153231,2.5956836766054483,71,4-6yr,frog_where_are_you,1011
ECSC_1011_3_71M_1011_YR3,19,377,0.8997613365155132,1.0,late,0.6109785202863962,0.8997613365155132,1.669453964538599,-7.421121244009184,71,4-6yr,frog_where_are_you,1011
ECSC_1011_3_71M_1011_YR3,17,364,0.8687350835322196,0.8925619834710744,late,0.6109785202863962,0.8997613365155132,8.171422839989672,-0.9191523685581107,71,4-6yr,frog_where_are_you,1011
ECSC_1012_1_94F_1012_YR1,1,263,0.5857461024498887,0.047297297297297466,early,0.5701559020044543,0.8997772828507795,6.788165568971852,0.12304168377387192,94,6-8yr,one_frog_too_many,1012
ECSC_1012_1_94F_1012_YR1,4,287,0.6391982182628062,0.20945945945945943,early,0.5701559020044543,0.8997772828507795,22.04338291858454,15.378259033386561,94,6-8yr,one_frog_too_many,1012
ECSC_1012_1_94F_1012_YR1,2,271,0.6035634743875279,0.10135135135135157,early,0.5701559020044543,0.8997772828507795,6.4121728040921475,-0.25295108110583264,94,6-8yr,one_frog_too_many,1012
ECSC_1012_1_94F_1012_YR1,13,357,0.7951002227171492,0.6824324324324323,mid,0.5701559020044543,0.8997772828507795,4.905131858418017,-1.7599920267799636,94,6-8yr,one_frog_too_many,1012
ECSC_1012_1_94F_1012_YR1,6,302,0.6726057906458798,0.31081081081081097,mid,0.5701559020044543,0.8997772828507795,10.929758546936512,4.264634661738532,94,6-8yr,one_frog_too_many,1012
ECSC_1012_1_94F_1012_YR1,10,333,0.7416481069042317,0.5202702702702704,mid,0.5701559020044543,0.8997772828507795,5.840823628418013,-0.8243002567799671,94,6-8yr,one_frog_too_many,1012
ECSC_1012_1_94F_1012_YR1,16,380,0.8463251670378619,0.8378378378378377,late,0.5701559020044543,0.8997772828507795,0.1333461068316541,-6.531777778366326,94,6-8yr,one_frog_too_many,1012
ECSC_1012_1_94F_1012_YR1,19,404,0.8997772828507795,1.0,late,0.5701559020044543,0.8997772828507795,2.3146787593974008,-4.350445125800579,94,6-8yr,one_frog_too_many,1012
ECSC_1012_1_94F_1012_YR1,17,388,0.8641425389755011,0.8918918918918918,late,0.5701559020044543,0.8997772828507795,0.6186547751316809,-6.046469110066299,94,6-8yr,one_frog_too_many,1012
ECSC_1012_2_94F_1012_YR2,1,258,0.7588235294117647,0.045454545454545296,early,0.7529411764705882,0.8823529411764706,7.232780920961584,1.2739572369585606,94,6-8yr,one_frog_too_many,1012
ECSC_1012_2_94F_1012_YR2,4,265,0.7794117647058824,0.2045454545454547,early,0.7529411764705882,0.8823529411764706,2.8545809118464778,-3.104242772156546,94,6-8yr,one_frog_too_many,1012
ECSC_1012_2_94F_1012_YR2,2,260,0.7647058823529411,0.09090909090909059,early,0.7529411764705882,0.8823529411764706,7.768283760192279,1.8094600761892554,94,6-8yr,one_frog_too_many,1012
ECSC_1012_2_94F_1012_YR2,13,286,0.8411764705882353,0.6818181818181821,mid,0.7529411764705882,0.8823529411764706,6.49831791032817,0.5394942263251465,94,6-8yr,one_frog_too_many,1012
ECSC_1012_2_94F_1012_YR2,6,269,0.7911764705882353,0.2954545454545453,mid,0.7529411764705882,0.8823529411764706,7.239677771310328,1.2808540873073042,94,6-8yr,one_frog_too_many,1012
ECSC_1012_2_94F_1012_YR2,10,279,0.8205882352941176,0.5227272727272726,mid,0.7529411764705882,0.8823529411764706,5.431398047416469,-0.5274256365865551,94,6-8yr,one_frog_too_many,1012
ECSC_1012_2_94F_1012_YR2,16,293,0.861764705882353,0.8409090909090915,late,0.7529411764705882,0.8823529411764706,5.638642562854164,-0.32018112114885966,94,6-8yr,one_frog_too_many,1012
ECSC_1012_2_94F_1012_YR2,19,300,0.8823529411764706,1.0,late,0.7529411764705882,0.8823529411764706,4.2724525425081925,-1.6863711414948312,94,6-8yr,one_frog_too_many,1012
ECSC_1012_2_94F_1012_YR2,17,295,0.8676470588235294,0.8863636363636368,late,0.7529411764705882,0.8823529411764706,6.693278728609545,0.7344550446065217,94,6-8yr,one_frog_too_many,1012
ECSC_1012_3_94F_1012_YR3,1,260,0.6860158311345647,0.048192771084337525,early,0.6754617414248021,0.8944591029023746,29.39951114255949,20.44642956514179,94,6-8yr,boy_dog_frog,1012
ECSC_1012_3_94F_1012_YR3,4,273,0.7203166226912929,0.20481927710843412,early,0.6754617414248021,0.8944591029023746,5.790339470257223,-3.1627421071604775,94,6-8yr,boy_dog_frog,1012
ECSC_1012_3_94F_1012_YR3,2,264,0.6965699208443272,0.09638554216867505,early,0.6754617414248021,0.8944591029023746,25.76638021718984,16.813298639772142,94,6-8yr,boy_dog_frog,1012
ECSC_1012_3_94F_1012_YR3,13,312,0.8232189973614775,0.6746987951807228,mid,0.6754617414248021,0.8944591029023746,4.634286047351706,-4.318795530065994,94,6-8yr,boy_dog_frog,1012
ECSC_1012_3_94F_1012_YR3,6,282,0.7440633245382586,0.31325301204819317,mid,0.6754617414248021,0.8944591029023746,4.194865588550908,-4.758215988866793,94,6-8yr,boy_dog_frog,1012
ECSC_1012_3_94F_1012_YR3,10,299,0.7889182058047494,0.5180722891566267,mid,0.6754617414248021,0.8944591029023746,4.439391821168245,-4.513689756249455,94,6-8yr,boy_dog_frog,1012
ECSC_1012_3_94F_1012_YR3,16,325,0.8575197889182058,0.8313253012048194,late,0.6754617414248021,0.8944591029023746,2.339634075884998,-6.613447501532702,94,6-8yr,boy_dog_frog,1012
ECSC_1012_3_94F_1012_YR3,19,339,0.8944591029023746,1.0,late,0.6754617414248021,0.8944591029023746,2.1086309728334527,-6.844450604584248,94,6-8yr,boy_dog_frog,1012
ECSC_1012_3_94F_1012_YR3,17,330,0.8707124010554089,0.891566265060241,late,0.6754617414248021,0.8944591029023746,1.904694860963447,-7.048386716454253,94,6-8yr,boy_dog_frog,1012
ECSC_1013_2_62F_1013_YR2,1,258,0.7413793103448276,0.038461538461538776,early,0.735632183908046,0.8850574712643678,3.508206389839315,0.3141892865719145,62,4-6yr,one_frog_too_many,1013
ECSC_1013_2_62F_1013_YR2,4,266,0.764367816091954,0.1923076923076924,early,0.735632183908046,0.8850574712643678,3.990021958965822,0.7960048556984214,62,4-6yr,one_frog_too_many,1013
ECSC_1013_2_62F_1013_YR2,2,261,0.75,0.0961538461538462,early,0.735632183908046,0.8850574712643678,2.375075305095619,-0.8189417981717817,62,4-6yr,one_frog_too_many,1013
ECSC_1013_2_62F_1013_YR2,13,291,0.8362068965517241,0.6730769230769227,mid,0.735632183908046,0.8850574712643678,3.981117344959967,0.7871002416925665,62,4-6yr,one_frog_too_many,1013
ECSC_1013_2_62F_1013_YR2,6,272,0.7816091954022989,0.307692307692308,mid,0.735632183908046,0.8850574712643678,4.262376530235989,1.0683594269685885,62,4-6yr,one_frog_too_many,1013
ECSC_1013_2_62F_1013_YR2,10,283,0.8132183908045977,0.519230769230769,mid,0.735632183908046,0.8850574712643678,2.519140150186799,-0.6748769530806014,62,4-6yr,one_frog_too_many,1013
ECSC_1013_2_62F_1013_YR2,16,299,0.8591954022988506,0.826923076923077,late,0.735632183908046,0.8850574712643678,2.876931975691967,-0.3170851275754334,62,4-6yr,one_frog_too_many,1013
ECSC_1013_2_62F_1013_YR2,19,308,0.8850574712643678,1.0,late,0.735632183908046,0.8850574712643678,2.912776057198993,-0.2812410460684074,62,4-6yr,one_frog_too_many,1013
ECSC_1013_2_62F_1013_YR2,17,302,0.867816091954023,0.8846153846153845,late,0.735632183908046,0.8850574712643678,2.320508217232131,-0.8735088860352693,62,4-6yr,one_frog_too_many,1013
ECSC_1014_1_76F_1014_YR1,1,258,0.75,0.041666666666666734,early,0.7441860465116279,0.8837209302325582,3.857398358498422,2.0770442892668255,76,6-8yr,one_frog_too_many,1014
ECSC_1014_1_76F_1014_YR1,4,266,0.7732558139534884,0.20833333333333368,early,0.7441860465116279,0.8837209302325582,3.0907103034316847,1.310356234200088,76,6-8yr,one_frog_too_many,1014
ECSC_1014_1_76F_1014_YR1,2,261,0.7587209302325582,0.10416666666666684,early,0.7441860465116279,0.8837209302325582,4.539598211839154,2.7592441426075576,76,6-8yr,one_frog_too_many,1014
ECSC_1014_1_76F_1014_YR1,13,288,0.8372093023255814,0.666666666666667,mid,0.7441860465116279,0.8837209302325582,0.0533946666452971,-1.7269594025862995,76,6-8yr,one_frog_too_many,1014
ECSC_1014_1_76F_1014_YR1,6,271,0.7877906976744186,0.3124999999999997,mid,0.7441860465116279,0.8837209302325582,2.3296519861054072,0.5492979168738106,76,6-8yr,one_frog_too_many,1014
ECSC_1014_1_76F_1014_YR1,10,281,0.8168604651162791,0.5208333333333334,mid,0.7441860465116279,0.8837209302325582,0.4493491870921868,-1.3310048821394098,76,6-8yr,one_frog_too_many,1014
ECSC_1014_1_76F_1014_YR1,16,296,0.8604651162790697,0.833333333333333,late,0.7441860465116279,0.8837209302325582,0.8407479821565955,-0.9396060870750012,76,6-8yr,one_frog_too_many,1014
ECSC_1014_1_76F_1014_YR1,19,304,0.8837209302325582,1.0,late,0.7441860465116279,0.8837209302325582,-0.0125359045655066,-1.7928899737971034,76,6-8yr,one_frog_too_many,1014
ECSC_1014_1_76F_1014_YR1,17,298,0.8662790697674418,0.8749999999999998,late,0.7441860465116279,0.8837209302325582,0.874871831881129,-0.9054822373504676,76,6-8yr,one_frog_too_many,1014
ECSC_1014_2_76F_1014_YR2,1,277,0.3768707482993197,0.05185185185185196,early,0.3482993197278911,0.8993197278911564,20.09821323303014,9.32158997728227,76,6-8yr,frog_on_his_own,1014
ECSC_1014_2_76F_1014_YR2,4,341,0.4639455782312925,0.20987654320987664,early,0.3482993197278911,0.8993197278911564,12.042900573474723,1.2662773177268534,76,6-8yr,frog_on_his_own,1014
ECSC_1014_2_76F_1014_YR2,2,298,0.4054421768707483,0.10370370370370383,early,0.3482993197278911,0.8993197278911564,15.613076752723616,4.8364534969757464,76,6-8yr,frog_on_his_own,1014
ECSC_1014_2_76F_1014_YR2,13,533,0.7251700680272108,0.6839506172839506,mid,0.3482993197278911,0.8993197278911564,14.381049265876976,3.6044260101291066,76,6-8yr,frog_on_his_own,1014
ECSC_1014_2_76F_1014_YR2,6,383,0.5210884353741496,0.3135802469135803,mid,0.3482993197278911,0.8993197278911564,6.024005457624003,-4.752617798123866,76,6-8yr,frog_on_his_own,1014
ECSC_1014_2_76F_1014_YR2,10,469,0.638095238095238,0.5259259259259259,mid,0.3482993197278911,0.8993197278911564,0.6250389513486141,-10.151584304399256,76,6-8yr,frog_on_his_own,1014
ECSC_1014_2_76F_1014_YR2,16,597,0.8122448979591836,0.8419753086419753,late,0.3482993197278911,0.8993197278911564,4.7768448921692634,-5.999778363578606,76,6-8yr,frog_on_his_own,1014
ECSC_1014_2_76F_1014_YR2,19,661,0.8993197278911564,1.0,late,0.3482993197278911,0.8993197278911564,6.489100744448169,-4.2875225112997,76,6-8yr,frog_on_his_own,1014
ECSC_1014_2_76F_1014_YR2,17,618,0.8408163265306122,0.8938271604938272,late,0.3482993197278911,0.8993197278911564,16.93937943103532,6.16275617528745,76,6-8yr,frog_on_his_own,1014
ECSC_1014_3_76F_1014_YR3,1,275,0.3895184135977337,0.050131926121371996,early,0.3626062322946176,0.8994334277620396,6.640661079106099,-0.07196200925197083,76,6-8yr,boy_dog_frog,1014
ECSC_1014_3_76F_1014_YR3,4,335,0.4745042492917847,0.20844327176781002,early,0.3626062322946176,0.8994334277620396,15.604913940832995,8.892290852474925,76,6-8yr,boy_dog_frog,1014
ECSC_1014_3_76F_1014_YR3,2,295,0.4178470254957507,0.10290237467018468,early,0.3626062322946176,0.8994334277620396,8.141502804650782,1.4288797162927125,76,6-8yr,boy_dog_frog,1014
ECSC_1014_3_76F_1014_YR3,13,515,0.7294617563739377,0.6833773087071242,mid,0.3626062322946176,0.8994334277620396,0.7137313567542645,-5.9988917316038055,76,6-8yr,boy_dog_frog,1014
ECSC_1014_3_76F_1014_YR3,6,375,0.5311614730878187,0.3139841688654354,mid,0.3626062322946176,0.8994334277620396,11.376586598482096,4.6639635101240255,76,6-8yr,boy_dog_frog,1014
ECSC_1014_3_76F_1014_YR3,10,455,0.6444759206798867,0.5250659630606861,mid,0.3626062322946176,0.8994334277620396,1.9913014427877052,-4.721321645570365,76,6-8yr,boy_dog_frog,1014
ECSC_1014_3_76F_1014_YR3,16,575,0.8144475920679887,0.8416886543535622,late,0.3626062322946176,0.8994334277620396,7.1237850545899235,0.4111619662318535,76,6-8yr,boy_dog_frog,1014
ECSC_1014_3_76F_1014_YR3,19,635,0.8994334277620396,1.0,late,0.3626062322946176,0.8994334277620396,6.229645058957092,-0.4829780294009778,76,6-8yr,boy_dog_frog,1014
ECSC_1014_3_76F_1014_YR3,17,595,0.8427762039660056,0.8944591029023747,late,0.3626062322946176,0.8994334277620396,2.591480459061671,-4.121142629296399,76,6-8yr,boy_dog_frog,1014
ECSC_1015_1_102F_1015_YR1,1,295,0.2657657657657657,0.052489905787348544,early,0.2306306306306306,0.9,12.82836784766277,-0.6621743394683488,102,8-10yr,one_frog_too_many,1015
ECSC_1015_1_102F_1015_YR1,4,412,0.3711711711711711,0.20995962314939426,early,0.2306306306306306,0.9,30.8970661387172,17.40652395158608,102,8-10yr,one_frog_too_many,1015
ECSC_1015_1_102F_1015_YR1,2,334,0.3009009009009009,0.10497981157469717,early,0.2306306306306306,0.9,9.763341791503157,-3.7272003956279622,102,8-10yr,one_frog_too_many,1015
ECSC_1015_1_102F_1015_YR1,13,764,0.6882882882882883,0.68371467025572,mid,0.2306306306306306,0.9,24.876249852435983,11.385707665304864,102,8-10yr,one_frog_too_many,1015
ECSC_1015_1_102F_1015_YR1,6,490,0.4414414414414414,0.3149394347240914,mid,0.2306306306306306,0.9,6.41394579393458,-7.076596393196539,102,8-10yr,one_frog_too_many,1015
ECSC_1015_1_102F_1015_YR1,10,647,0.5828828828828829,0.5262449528936743,mid,0.2306306306306306,0.9,13.38211655662754,-0.10842563050357867,102,8-10yr,one_frog_too_many,1015
ECSC_1015_1_102F_1015_YR1,16,881,0.7936936936936937,0.8411843876177658,late,0.2306306306306306,0.9,11.848988916247489,-1.6415532708836302,102,8-10yr,one_frog_too_many,1015
ECSC_1015_1_102F_1015_YR1,19,999,0.9,1.0,late,0.2306306306306306,0.9,4.830566542291375,-8.659975644839744,102,8-10yr,one_frog_too_many,1015
ECSC_1015_1_102F_1015_YR1,17,920,0.8288288288288288,0.8936742934051143,late,0.2306306306306306,0.9,6.57423624475997,-6.9163059423711495,102,8-10yr,one_frog_too_many,1015
ECSC_1015_2_102F_1015_YR2,1,297,0.2558139534883721,0.05203045685279193,early,0.2204995693367786,0.8992248062015504,4.147529268931521,-8.479142025363338,102,8-10yr,frog_on_his_own,1015
ECSC_1015_2_102F_1015_YR2,4,421,0.3626184323858742,0.2093908629441624,early,0.2204995693367786,0.8992248062015504,58.25388828738671,45.62721699309185,102,8-10yr,frog_on_his_own,1015
ECSC_1015_2_102F_1015_YR2,2,338,0.2911283376399655,0.1040609137055837,early,0.2204995693367786,0.8992248062015504,4.5335096960660355,-8.093161598228823,102,8-10yr,frog_on_his_own,1015
ECSC_1015_2_102F_1015_YR2,13,795,0.6847545219638242,0.6840101522842639,mid,0.2204995693367786,0.8992248062015504,10.37654934805738,-2.2501219462374795,102,8-10yr,frog_on_his_own,1015
ECSC_1015_2_102F_1015_YR2,6,504,0.4341085271317829,0.31472081218274106,mid,0.2204995693367786,0.8992248062015504,3.5711898423023243,-9.055481451992534,102,8-10yr,frog_on_his_own,1015
ECSC_1015_2_102F_1015_YR2,10,670,0.5770887166236004,0.5253807106598986,mid,0.2204995693367786,0.8992248062015504,-0.6091200463231967,-13.235791340618055,102,8-10yr,frog_on_his_own,1015
ECSC_1015_2_102F_1015_YR2,16,919,0.7915590008613265,0.8413705583756345,late,0.2204995693367786,0.8992248062015504,24.93639932751502,12.30972803322016,102,8-10yr,frog_on_his_own,1015
ECSC_1015_2_102F_1015_YR2,19,1044,0.8992248062015504,1.0,late,0.2204995693367786,0.8992248062015504,4.602251059955014,-8.024420234339845,102,8-10yr,frog_on_his_own,1015
ECSC_1015_2_102F_1015_YR2,17,961,0.8277347114556417,0.8946700507614213,late,0.2204995693367786,0.8992248062015504,3.82784486476292,-8.798826429531939,102,8-10yr,frog_on_his_own,1015
ECSC_1015_3_102F_1015_YR3,1,279,0.3604651162790697,0.05227272727272711,early,0.330749354005168,0.8992248062015504,15.250231214561005,6.996470788986953,102,8-10yr,boy_dog_frog,1015
ECSC_1015_3_102F_1015_YR3,4,348,0.4496124031007752,0.2090909090909091,early,0.330749354005168,0.8992248062015504,9.99515858316274,1.7413981575886872,102,8-10yr,boy_dog_frog,1015
ECSC_1015_3_102F_1015_YR3,2,302,0.3901808785529715,0.10454545454545441,early,0.330749354005168,0.8992248062015504,5.228341455148165,-3.0254189704258874,102,8-10yr,boy_dog_frog,1015
ECSC_1015_3_102F_1015_YR3,13,557,0.7196382428940569,0.6840909090909091,mid,0.330749354005168,0.8992248062015504,13.616585162216158,5.362824736642105,102,8-10yr,boy_dog_frog,1015
ECSC_1015_3_102F_1015_YR3,6,394,0.5090439276485789,0.3136363636363637,mid,0.330749354005168,0.8992248062015504,7.821091373089747,-0.43266905248430554,102,8-10yr,boy_dog_frog,1015
ECSC_1015_3_102F_1015_YR3,10,487,0.6291989664082688,0.5250000000000001,mid,0.330749354005168,0.8992248062015504,9.463239806649147,1.209479381075095,102,8-10yr,boy_dog_frog,1015
ECSC_1015_3_102F_1015_YR3,16,626,0.8087855297157622,0.8409090909090908,late,0.330749354005168,0.8992248062015504,2.423580611864617,-5.830179813709435,102,8-10yr,boy_dog_frog,1015
ECSC_1015_3_102F_1015_YR3,19,696,0.8992248062015504,1.0,late,0.330749354005168,0.8992248062015504,4.3699746599528115,-3.8837857656212407,102,8-10yr,boy_dog_frog,1015
ECSC_1015_3_102F_1015_YR3,17,649,0.838501291989664,0.8931818181818183,late,0.330749354005168,0.8992248062015504,6.115640963522088,-2.1381194620519643,102,8-10yr,boy_dog_frog,1015
ECSC_1016_2_85M_1016_YR2,1,259,0.7057220708446866,0.04225352112676062,early,0.6975476839237057,0.8910081743869209,1.3408329331171709,-0.6962086640560079,85,6-8yr,boy_dog_frog,1016
ECSC_1016_2_85M_1016_YR2,4,270,0.7356948228882834,0.19718309859154937,early,0.6975476839237057,0.8910081743869209,1.3141213092179491,-0.7229202879552297,85,6-8yr,boy_dog_frog,1016
ECSC_1016_2_85M_1016_YR2,2,263,0.7166212534059946,0.09859154929577497,early,0.6975476839237057,0.8910081743869209,1.2527804228186374,-0.7842611743545413,85,6-8yr,boy_dog_frog,1016
ECSC_1016_2_85M_1016_YR2,13,304,0.8283378746594006,0.6760563380281693,mid,0.6975476839237057,0.8910081743869209,4.470877690482563,2.4338360933093846,85,6-8yr,boy_dog_frog,1016
ECSC_1016_2_85M_1016_YR2,6,278,0.7574931880108992,0.3098591549295775,mid,0.6975476839237057,0.8910081743869209,1.9071980970726976,-0.12984350010048118,85,6-8yr,boy_dog_frog,1016
ECSC_1016_2_85M_1016_YR2,10,293,0.7983651226158038,0.5211267605633806,mid,0.6975476839237057,0.8910081743869209,-0.4682501727789709,-2.5052917699521497,85,6-8yr,boy_dog_frog,1016
ECSC_1016_2_85M_1016_YR2,16,315,0.8583106267029973,0.8309859154929581,late,0.6975476839237057,0.8910081743869209,3.593943735833369,1.55690213866019,85,6-8yr,boy_dog_frog,1016
ECSC_1016_2_85M_1016_YR2,19,327,0.8910081743869209,1.0,late,0.6975476839237057,0.8910081743869209,2.660177087522621,0.6231354903494424,85,6-8yr,boy_dog_frog,1016
ECSC_1016_2_85M_1016_YR2,17,319,0.8692098092643051,0.8873239436619719,late,0.6975476839237057,0.8910081743869209,2.26169327127257,0.22465167409939113,85,6-8yr,boy_dog_frog,1016
ECSC_1016_3_85M_1016_YR3,1,270,0.4623287671232877,0.052044609665427594,early,0.4383561643835616,0.898972602739726,6.023263429013456,-4.3445871582744555,85,6-8yr,frog_on_his_own,1016
ECSC_1016_3_85M_1016_YR3,4,312,0.5342465753424658,0.20817843866171015,early,0.4383561643835616,0.898972602739726,11.041591571251471,0.67374098396356,85,6-8yr,frog_on_his_own,1016
ECSC_1016_3_85M_1016_YR3,2,284,0.4863013698630137,0.10408921933085508,early,0.4383561643835616,0.898972602739726,32.73327756010016,22.36542697281225,85,6-8yr,frog_on_his_own,1016
ECSC_1016_3_85M_1016_YR3,13,440,0.7534246575342466,0.6840148698884759,mid,0.4383561643835616,0.898972602739726,16.069724368403975,5.701873781116063,85,6-8yr,frog_on_his_own,1016
ECSC_1016_3_85M_1016_YR3,6,340,0.5821917808219178,0.3122676579925651,mid,0.4383561643835616,0.898972602739726,3.05411408713562,-7.313736500152292,85,6-8yr,frog_on_his_own,1016
ECSC_1016_3_85M_1016_YR3,10,397,0.6797945205479452,0.5241635687732342,mid,0.4383561643835616,0.898972602739726,4.738333323386215,-5.629517263901697,85,6-8yr,frog_on_his_own,1016
ECSC_1016_3_85M_1016_YR3,16,482,0.8253424657534246,0.8401486988847583,late,0.4383561643835616,0.898972602739726,4.236798494322684,-6.131052092965227,85,6-8yr,frog_on_his_own,1016
ECSC_1016_3_85M_1016_YR3,19,525,0.898972602739726,1.0,late,0.4383561643835616,0.898972602739726,6.374781067182813,-3.9930695201050987,85,6-8yr,frog_on_his_own,1016
ECSC_1016_3_85M_1016_YR3,17,496,0.8493150684931506,0.8921933085501859,late,0.4383561643835616,0.898972602739726,9.038771384794815,-1.3290792024930962,85,6-8yr,frog_on_his_own,1016
ECSC_1017_1_64F_1017_YR1,1,260,0.6753246753246753,0.04494382022471912,early,0.6649350649350649,0.8961038961038961,10.595089159373067,4.889007936819938,64,4-6yr,boy_dog_frog,1017
ECSC_1017_1_64F_1017_YR1,4,274,0.7116883116883117,0.20224719101123606,early,0.6649350649350649,0.8961038961038961,6.079804120331907,0.3737228977787783,64,4-6yr,boy_dog_frog,1017
ECSC_1017_1_64F_1017_YR1,2,265,0.6883116883116883,0.10112359550561803,early,0.6649350649350649,0.8961038961038961,7.820069398400616,2.1139881758474868,64,4-6yr,boy_dog_frog,1017
ECSC_1017_1_64F_1017_YR1,13,316,0.8207792207792208,0.6741573033707868,mid,0.6649350649350649,0.8961038961038961,3.2922326072014307,-2.4138486153516983,64,4-6yr,boy_dog_frog,1017
ECSC_1017_1_64F_1017_YR1,6,284,0.7376623376623377,0.31460674157303387,mid,0.6649350649350649,0.8961038961038961,10.033812782828402,4.327731560275273,64,4-6yr,boy_dog_frog,1017
ECSC_1017_1_64F_1017_YR1,10,302,0.7844155844155845,0.5168539325842699,mid,0.6649350649350649,0.8961038961038961,4.63077584300755,-1.0753053795455791,64,4-6yr,boy_dog_frog,1017
ECSC_1017_1_64F_1017_YR1,16,330,0.8571428571428571,0.8314606741573033,late,0.6649350649350649,0.8961038961038961,3.597871096224596,-2.108210126328533,64,4-6yr,boy_dog_frog,1017
ECSC_1017_1_64F_1017_YR1,19,345,0.8961038961038961,1.0,late,0.6649350649350649,0.8961038961038961,1.605683854328153,-4.100397368224976,64,4-6yr,boy_dog_frog,1017
ECSC_1017_1_64F_1017_YR1,17,335,0.8701298701298701,0.8876404494382022,late,0.6649350649350649,0.8961038961038961,3.699392141282439,-2.00668908127069,64,4-6yr,boy_dog_frog,1017
ECSC_1017_3_64F_1017_YR3,1,261,0.6675191815856778,0.05263157894736842,early,0.6547314578005116,0.8976982097186701,1.894219284547057,-2.7702201284599637,64,4-6yr,boy_dog_frog,1017
ECSC_1017_3_64F_1017_YR3,4,276,0.7058823529411765,0.21052631578947367,early,0.6547314578005116,0.8976982097186701,4.182654789157672,-0.4817846238493484,64,4-6yr,boy_dog_frog,1017
ECSC_1017_3_64F_1017_YR3,2,266,0.680306905370844,0.10526315789473684,early,0.6547314578005116,0.8976982097186701,1.679006222035884,-2.9854331909711362,64,4-6yr,boy_dog_frog,1017
ECSC_1017_3_64F_1017_YR3,13,321,0.8209718670076727,0.6842105263157895,mid,0.6547314578005116,0.8976982097186701,4.935291572097185,0.2708521590901647,64,4-6yr,boy_dog_frog,1017
ECSC_1017_3_64F_1017_YR3,6,286,0.731457800511509,0.3157894736842105,mid,0.6547314578005116,0.8976982097186701,7.1422015825989025,2.477762169591882,64,4-6yr,boy_dog_frog,1017
ECSC_1017_3_64F_1017_YR3,10,306,0.782608695652174,0.5263157894736842,mid,0.6547314578005116,0.8976982097186701,9.796893136588174,5.132453723581154,64,4-6yr,boy_dog_frog,1017
ECSC_1017_3_64F_1017_YR3,16,336,0.8593350383631714,0.8421052631578947,late,0.6547314578005116,0.8976982097186701,4.134693556467254,-0.5297458565397664,64,4-6yr,boy_dog_frog,1017
ECSC_1017_3_64F_1017_YR3,19,351,0.8976982097186701,1.0,late,0.6547314578005116,0.8976982097186701,4.89105783405508,0.22661842104805974,64,4-6yr,boy_dog_frog,1017
ECSC_1017_3_64F_1017_YR3,17,341,0.8721227621483376,0.8947368421052632,late,0.6547314578005116,0.8976982097186701,3.323936739515977,-1.3405026734910432,64,4-6yr,boy_dog_frog,1017
ECSC_1018_1_82M_1018_YR1,0,256,0.847682119205298,0.0,early,0.847682119205298,0.8675496688741722,11.043163399224044,-1.9224363669091353,82,6-8yr,frog_where_are_you,1018
ECSC_1018_1_82M_1018_YR1,1,256,0.847682119205298,0.0,early,0.847682119205298,0.8675496688741722,11.043163399224044,-1.9224363669091353,82,6-8yr,frog_where_are_you,1018
ECSC_1018_1_82M_1018_YR1,5,257,0.8509933774834437,0.1666666666666676,early,0.847682119205298,0.8675496688741722,12.706651694055903,-0.2589480720772759,82,6-8yr,frog_where_are_you,1018
ECSC_1018_1_82M_1018_YR1,7,258,0.8543046357615894,0.3333333333333352,mid,0.847682119205298,0.8675496688741722,12.6169290074763,-0.3486707586568798,82,6-8yr,frog_where_are_you,1018
ECSC_1018_1_82M_1018_YR1,8,258,0.8543046357615894,0.3333333333333352,mid,0.847682119205298,0.8675496688741722,12.6169290074763,-0.3486707586568798,82,6-8yr,frog_where_are_you,1018
ECSC_1018_1_82M_1018_YR1,12,259,0.8576158940397351,0.5000000000000028,mid,0.847682119205298,0.8675496688741722,13.133932929952469,0.1683331638192893,82,6-8yr,frog_where_are_you,1018
ECSC_1018_1_82M_1018_YR1,13,260,0.8609271523178808,0.6666666666666649,late,0.847682119205298,0.8675496688741722,14.418707960004204,1.4531081938710244,82,6-8yr,frog_where_are_you,1018
ECSC_1018_1_82M_1018_YR1,14,260,0.8609271523178808,0.6666666666666649,late,0.847682119205298,0.8675496688741722,14.418707960004204,1.4531081938710244,82,6-8yr,frog_where_are_you,1018
ECSC_1018_1_82M_1018_YR1,18,261,0.8642384105960265,0.8333333333333324,late,0.847682119205298,0.8675496688741722,14.692212537781147,1.726612771647968,82,6-8yr,frog_where_are_you,1018
ECSC_1020_2_65M_1020_YR2,1,263,0.6004566210045662,0.0507246376811595,early,0.5844748858447488,0.8995433789954338,2.9137076496484653,-3.1271157726411785,65,4-6yr,one_frog_too_many,1020
ECSC_1020_2_65M_1020_YR2,4,285,0.6506849315068494,0.21014492753623212,early,0.5844748858447488,0.8995433789954338,11.745253190259938,5.704429767970294,65,4-6yr,one_frog_too_many,1020
ECSC_1020_2_65M_1020_YR2,2,270,0.6164383561643836,0.101449275362319,early,0.5844748858447488,0.8995433789954338,3.435835262606336,-2.6049881596833075,65,4-6yr,one_frog_too_many,1020
ECSC_1020_2_65M_1020_YR2,13,350,0.7990867579908676,0.6811594202898551,mid,0.5844748858447488,0.8995433789954338,5.905040112709047,-0.1357833095805967,65,4-6yr,one_frog_too_many,1020
ECSC_1020_2_65M_1020_YR2,6,299,0.682648401826484,0.3115942028985508,mid,0.5844748858447488,0.8995433789954338,10.76585527316558,4.7250318508759355,65,4-6yr,one_frog_too_many,1020
ECSC_1020_2_65M_1020_YR2,10,328,0.7488584474885844,0.5217391304347825,mid,0.5844748858447488,0.8995433789954338,6.062951630791371,0.022128208501727364,65,4-6yr,one_frog_too_many,1020
ECSC_1020_2_65M_1020_YR2,16,372,0.8493150684931506,0.8405797101449274,late,0.5844748858447488,0.8995433789954338,7.248625445501297,1.207802023211653,65,4-6yr,one_frog_too_many,1020
ECSC_1020_2_65M_1020_YR2,19,394,0.8995433789954338,1.0,late,0.5844748858447488,0.8995433789954338,2.1514862355594904,-3.8893371867301534,65,4-6yr,one_frog_too_many,1020
ECSC_1020_2_65M_1020_YR2,17,379,0.865296803652968,0.8913043478260869,late,0.5844748858447488,0.8995433789954338,4.1386560003652715,-1.9021674219243723,65,4-6yr,one_frog_too_many,1020
ECSC_1020_3_65M_1020_YR3,1,258,0.7633136094674556,0.04761904761904787,early,0.757396449704142,0.8816568047337278,2.3119868462712887,-1.345932586709906,65,4-6yr,frog_on_his_own,1020
ECSC_1020_3_65M_1020_YR3,4,264,0.7810650887573964,0.1904761904761906,early,0.757396449704142,0.8816568047337278,1.927976741183791,-1.7299426917974037,65,4-6yr,frog_on_his_own,1020
ECSC_1020_3_65M_1020_YR3,2,260,0.7692307692307693,0.09523809523809575,early,0.757396449704142,0.8816568047337278,2.155110296946109,-1.5028091360350855,65,4-6yr,frog_on_his_own,1020
ECSC_1020_3_65M_1020_YR3,13,284,0.8402366863905325,0.6666666666666666,mid,0.757396449704142,0.8816568047337278,7.372158572483928,3.714239139502733,65,4-6yr,frog_on_his_own,1020
ECSC_1020_3_65M_1020_YR3,6,269,0.7958579881656804,0.3095238095238094,mid,0.757396449704142,0.8816568047337278,1.255871214032382,-2.4020482189488126,65,4-6yr,frog_on_his_own,1020
ECSC_1020_3_65M_1020_YR3,10,278,0.8224852071005917,0.523809523809524,mid,0.757396449704142,0.8816568047337278,8.968453789753573,5.310534356772378,65,4-6yr,frog_on_his_own,1020
ECSC_1020_3_65M_1020_YR3,16,291,0.8609467455621301,0.8333333333333334,late,0.757396449704142,0.8816568047337278,2.7733738671613697,-0.8845455658198249,65,4-6yr,frog_on_his_own,1020
ECSC_1020_3_65M_1020_YR3,19,298,0.8816568047337278,1.0,late,0.757396449704142,0.8816568047337278,1.9465673559772867,-1.711352077003908,65,4-6yr,frog_on_his_own,1020
ECSC_1020_3_65M_1020_YR3,17,293,0.8668639053254438,0.8809523809523812,late,0.757396449704142,0.8816568047337278,4.209776213021028,0.5518567800398335,65,4-6yr,frog_on_his_own,1020
ECSC_1021_1_94F_1021_YR1,1,288,0.2981366459627329,0.052202283849918416,early,0.2650103519668737,0.8995859213250518,4.736962294328383,-0.27493032269354156,94,6-8yr,frog_on_his_own,1021
ECSC_1021_1_94F_1021_YR1,4,385,0.3985507246376811,0.21044045676998355,early,0.2650103519668737,0.8995859213250518,2.028681784174866,-2.9832108328470586,94,6-8yr,frog_on_his_own,1021
ECSC_1021_1_94F_1021_YR1,2,320,0.3312629399585921,0.10440456769983675,early,0.2650103519668737,0.8995859213250518,10.976812841705712,5.964920224683787,94,6-8yr,frog_on_his_own,1021
ECSC_1021_1_94F_1021_YR1,13,675,0.6987577639751553,0.6835236541598695,mid,0.2650103519668737,0.8995859213250518,2.8183958810972856,-2.193496735924639,94,6-8yr,frog_on_his_own,1021
ECSC_1021_1_94F_1021_YR1,6,449,0.4648033126293996,0.31484502446982054,mid,0.2650103519668737,0.8995859213250518,0.8660347781231401,-4.145857838898785,94,6-8yr,frog_on_his_own,1021
ECSC_1021_1_94F_1021_YR1,10,578,0.598343685300207,0.5252854812398041,mid,0.2650103519668737,0.8995859213250518,6.358640429363373,1.346747812341448,94,6-8yr,frog_on_his_own,1021
ECSC_1021_1_94F_1021_YR1,16,772,0.7991718426501035,0.8417618270799347,late,0.2650103519668737,0.8995859213250518,11.30746828195106,6.295575664929135,94,6-8yr,frog_on_his_own,1021
ECSC_1021_1_94F_1021_YR1,19,869,0.8995859213250518,1.0,late,0.2650103519668737,0.8995859213250518,4.7820346919970955,-0.22985792502482916,94,6-8yr,frog_on_his_own,1021
ECSC_1021_1_94F_1021_YR1,17,804,0.8322981366459627,0.8939641109298532,late,0.2650103519668737,0.8995859213250518,1.2320025704564088,-3.779890046565516,94,6-8yr,frog_on_his_own,1021
ECSC_1021_2_94F_1021_YR2,1,308,0.2195295794725588,0.05168986083499008,early,0.1824661439771917,0.8995010691375623,7.460085889005914,0.7775181768622046,94,6-8yr,frog_on_his_own,1021
ECSC_1021_2_94F_1021_YR2,4,467,0.3328581610833927,0.20974155069582506,early,0.1824661439771917,0.8995010691375623,5.814158584081431,-0.8684091280622779,94,6-8yr,frog_on_his_own,1021
ECSC_1021_2_94F_1021_YR2,2,361,0.2573057733428368,0.10437375745526842,early,0.1824661439771917,0.8995010691375623,1.1800771139863926,-5.5024905981573164,94,6-8yr,frog_on_his_own,1021
ECSC_1021_2_94F_1021_YR2,13,944,0.6728439059158945,0.68389662027833,mid,0.1824661439771917,0.8995010691375623,3.9492041855325777,-2.7333635266111314,94,6-8yr,frog_on_his_own,1021
ECSC_1021_2_94F_1021_YR2,6,573,0.4084105488239486,0.3151093439363817,mid,0.1824661439771917,0.8995010691375623,0.6347695385885661,-6.047798173555143,94,6-8yr,frog_on_his_own,1021
ECSC_1021_2_94F_1021_YR2,10,785,0.5595153243050606,0.525844930417495,mid,0.1824661439771917,0.8995010691375623,12.260050756642787,5.577483044499078,94,6-8yr,frog_on_his_own,1021
ECSC_1021_2_94F_1021_YR2,16,1103,0.7861724875267284,0.841948310139165,late,0.1824661439771917,0.8995010691375623,3.728547644564607,-2.954020067579102,94,6-8yr,frog_on_his_own,1021
ECSC_1021_2_94F_1021_YR2,19,1262,0.8995010691375623,1.0,late,0.1824661439771917,0.8995010691375623,19.243956014206237,12.561388302062529,94,6-8yr,frog_on_his_own,1021
ECSC_1021_2_94F_1021_YR2,17,1156,0.8239486813970064,0.8946322067594433,late,0.1824661439771917,0.8995010691375623,5.872259682684872,-0.8103080294588372,94,6-8yr,frog_on_his_own,1021
ECSC_1021_3_94F_1021_YR3,1,289,0.2919191919191919,0.05196850393700786,early,0.2585858585858586,0.9,6.3124737800206745,-7.916331376672849,94,6-8yr,one_frog_too_many,1021
ECSC_1021_3_94F_1021_YR3,4,389,0.3929292929292929,0.20944881889763775,early,0.2585858585858586,0.9,26.573818952167073,12.34501379547355,94,6-8yr,one_frog_too_many,1021
ECSC_1021_3_94F_1021_YR3,2,322,0.3252525252525252,0.10393700787401564,early,0.2585858585858586,0.9,3.671935640333995,-10.556869516359528,94,6-8yr,one_frog_too_many,1021
ECSC_1021_3_94F_1021_YR3,13,690,0.696969696969697,0.6834645669291339,mid,0.2585858585858586,0.9,5.873941191429539,-8.354863965263984,94,6-8yr,one_frog_too_many,1021
ECSC_1021_3_94F_1021_YR3,6,456,0.4606060606060606,0.3149606299212598,mid,0.2585858585858586,0.9,30.836473310486596,16.60766815379307,94,6-8yr,one_frog_too_many,1021
ECSC_1021_3_94F_1021_YR3,10,590,0.5959595959595959,0.5259842519685038,mid,0.2585858585858586,0.9,3.354311018681644,-10.87449413801188,94,6-8yr,one_frog_too_many,1021
ECSC_1021_3_94F_1021_YR3,16,790,0.797979797979798,0.8409448818897638,late,0.2585858585858586,0.9,16.129126058931387,1.9003209022378638,94,6-8yr,one_frog_too_many,1021
ECSC_1021_3_94F_1021_YR3,19,891,0.9,1.0,late,0.2585858585858586,0.9,19.447518219037725,5.218713062344202,94,6-8yr,one_frog_too_many,1021
ECSC_1021_3_94F_1021_YR3,17,824,0.8323232323232324,0.8944881889763779,late,0.2585858585858586,0.9,15.859648239153064,1.6308430824595401,94,6-8yr,one_frog_too_many,1021
ECSC_1022_1_106M_1022_YR1,1,273,0.4130105900151286,0.05029585798816573,early,0.3872919818456883,0.8986384266263238,10.881142439798746,2.8146447665354852,106,8-10yr,one_frog_too_many,1022
ECSC_1022_1_106M_1022_YR1,4,327,0.4947049924357035,0.21005917159763318,early,0.3872919818456883,0.8986384266263238,2.371037252575184,-5.695460420688076,106,8-10yr,one_frog_too_many,1022
ECSC_1022_1_106M_1022_YR1,2,291,0.4402420574886536,0.10355029585798829,early,0.3872919818456883,0.8986384266263238,4.235766661177445,-3.830731012085815,106,8-10yr,one_frog_too_many,1022
ECSC_1022_1_106M_1022_YR1,13,487,0.7367624810892587,0.6834319526627218,mid,0.3872919818456883,0.8986384266263238,14.696220263305984,6.629722590042723,106,8-10yr,one_frog_too_many,1022
ECSC_1022_1_106M_1022_YR1,6,362,0.5476550680786687,0.31360946745562135,mid,0.3872919818456883,0.8986384266263238,8.88972619440553,0.8232285211422692,106,8-10yr,one_frog_too_many,1022
ECSC_1022_1_106M_1022_YR1,10,433,0.6550680786686838,0.5236686390532543,mid,0.3872919818456883,0.8986384266263238,11.977711225256089,3.9112135519928284,106,8-10yr,one_frog_too_many,1022
ECSC_1022_1_106M_1022_YR1,16,540,0.8169440242057489,0.8402366863905324,late,0.3872919818456883,0.8986384266263238,11.905995874528028,3.8394982012647674,106,8-10yr,one_frog_too_many,1022
ECSC_1022_1_106M_1022_YR1,19,594,0.8986384266263238,1.0,late,0.3872919818456883,0.8986384266263238,2.3110863817545937,-5.755411291508667,106,8-10yr,one_frog_too_many,1022
ECSC_1022_1_106M_1022_YR1,17,558,0.8441754916792739,0.893491124260355,late,0.3872919818456883,0.8986384266263238,5.32979276656774,-2.73670490669552,106,8-10yr,one_frog_too_many,1022
ECSC_1022_2_106M_1022_YR2,1,258,0.7724550898203593,0.052631578947367856,early,0.7664670658682635,0.8802395209580839,1.7496956182838446,-1.9305173162900076,106,8-10yr,boy_dog_frog,1022
ECSC_1022_2_106M_1022_YR2,4,264,0.7904191616766467,0.21052631578947337,early,0.7664670658682635,0.8802395209580839,2.699842573081469,-0.9803703614923833,106,8-10yr,boy_dog_frog,1022
ECSC_1022_2_106M_1022_YR2,2,260,0.7784431137724551,0.10526315789473668,early,0.7664670658682635,0.8802395209580839,3.44991131001467,-0.23030162455918202,106,8-10yr,boy_dog_frog,1022
ECSC_1022_2_106M_1022_YR2,13,282,0.844311377245509,0.6842105263157889,mid,0.7664670658682635,0.8802395209580839,1.9074105717813763,-1.7728023627924758,106,8-10yr,boy_dog_frog,1022
ECSC_1022_2_106M_1022_YR2,6,268,0.8023952095808383,0.31578947368421006,mid,0.7664670658682635,0.8802395209580839,7.187515032182759,3.507302097608907,106,8-10yr,boy_dog_frog,1022
ECSC_1022_2_106M_1022_YR2,10,276,0.8263473053892215,0.5263157894736834,mid,0.7664670658682635,0.8802395209580839,6.994945510228199,3.3147325756543466,106,8-10yr,boy_dog_frog,1022
ECSC_1022_2_106M_1022_YR2,16,288,0.8622754491017964,0.8421052631578945,late,0.7664670658682635,0.8802395209580839,3.704852305144673,0.024639370570820773,106,8-10yr,boy_dog_frog,1022
ECSC_1022_2_106M_1022_YR2,19,294,0.8802395209580839,1.0,late,0.7664670658682635,0.8802395209580839,3.1188168789314936,-0.5613960556423585,106,8-10yr,boy_dog_frog,1022
ECSC_1022_2_106M_1022_YR2,17,290,0.8682634730538922,0.8947368421052624,late,0.7664670658682635,0.8802395209580839,2.308926611516183,-1.371286323057669,106,8-10yr,boy_dog_frog,1022
ECSC_1022_3_106M_1022_YR3,1,261,0.6476426799007444,0.047169811320754734,early,0.6352357320099256,0.8982630272952854,38.53008287369306,23.422992406658196,106,8-10yr,one_frog_too_many,1022
ECSC_1022_3_106M_1022_YR3,4,278,0.6898263027295285,0.20754716981132057,early,0.6352357320099256,0.8982630272952854,18.162061769223303,3.0549713021884397,106,8-10yr,one_frog_too_many,1022
ECSC_1022_3_106M_1022_YR3,2,267,0.6625310173697271,0.1037735849056605,early,0.6352357320099256,0.8982630272952854,27.72189289209319,12.614802425058327,106,8-10yr,one_frog_too_many,1022
ECSC_1022_3_106M_1022_YR3,13,328,0.8138957816377171,0.6792452830188679,mid,0.6352357320099256,0.8982630272952854,25.225716319162053,10.11862585212719,106,8-10yr,one_frog_too_many,1022
ECSC_1022_3_106M_1022_YR3,6,289,0.71712158808933,0.31132075471698106,mid,0.6352357320099256,0.8982630272952854,6.485270402347879,-8.621820064686984,106,8-10yr,one_frog_too_many,1022
ECSC_1022_3_106M_1022_YR3,10,311,0.771712158808933,0.5188679245283017,mid,0.6352357320099256,0.8982630272952854,4.897591035773498,-10.209499431261365,106,8-10yr,one_frog_too_many,1022
ECSC_1022_3_106M_1022_YR3,16,345,0.8560794044665012,0.8396226415094338,late,0.6352357320099256,0.8982630272952854,5.043790227459136,-10.063300239575728,106,8-10yr,one_frog_too_many,1022
ECSC_1022_3_106M_1022_YR3,19,362,0.8982630272952854,1.0,late,0.6352357320099256,0.8982630272952854,4.662886295770084,-10.44420417126478,106,8-10yr,one_frog_too_many,1022
ECSC_1022_3_106M_1022_YR3,17,350,0.8684863523573201,0.8867924528301885,late,0.6352357320099256,0.8982630272952854,5.234522387791567,-9.872568079243297,106,8-10yr,one_frog_too_many,1022
ECSC_1023_2_76F_1023_YR2,1,263,0.6045977011494252,0.051851851851851725,early,0.5885057471264368,0.8988505747126436,21.912327535615866,4.406196098223248,76,6-8yr,frog_on_his_own,1023
ECSC_1023_2_76F_1023_YR2,4,284,0.6528735632183909,0.20740740740740762,early,0.5885057471264368,0.8988505747126436,42.21357686335891,24.70744542596629,76,6-8yr,frog_on_his_own,1023
ECSC_1023_2_76F_1023_YR2,2,270,0.6206896551724138,0.10370370370370381,early,0.5885057471264368,0.8988505747126436,38.40104965963583,20.894918222243213,76,6-8yr,frog_on_his_own,1023
ECSC_1023_2_76F_1023_YR2,13,348,0.8,0.6814814814814818,mid,0.5885057471264368,0.8988505747126436,5.7354534949843625,-11.770677942408255,76,6-8yr,frog_on_his_own,1023
ECSC_1023_2_76F_1023_YR2,6,298,0.6850574712643678,0.31111111111111106,mid,0.5885057471264368,0.8988505747126436,29.82499626348191,12.318864826089293,76,6-8yr,frog_on_his_own,1023
ECSC_1023_2_76F_1023_YR2,10,327,0.7517241379310344,0.5259259259259259,mid,0.5885057471264368,0.8988505747126436,8.842288919211818,-8.6638425181808,76,6-8yr,frog_on_his_own,1023
ECSC_1023_2_76F_1023_YR2,16,369,0.8482758620689655,0.8370370370370372,late,0.5885057471264368,0.8988505747126436,1.988599040492229,-15.517532396900389,76,6-8yr,frog_on_his_own,1023
ECSC_1023_2_76F_1023_YR2,19,391,0.8988505747126436,1.0,late,0.5885057471264368,0.8988505747126436,7.027627755244858,-10.47850368214776,76,6-8yr,frog_on_his_own,1023
ECSC_1023_2_76F_1023_YR2,17,376,0.864367816091954,0.8888888888888891,late,0.5885057471264368,0.8988505747126436,1.6092634045077627,-15.896868032884855,76,6-8yr,frog_on_his_own,1023
ECSC_1023_3_76F_1023_YR3,0,256,0.8561872909698997,0.0,early,0.8561872909698997,0.8662207357859532,5.344511143624921,-1.5113975097320598,76,6-8yr,one_frog_too_many,1023
ECSC_1023_3_76F_1023_YR3,1,256,0.8561872909698997,0.0,early,0.8561872909698997,0.8662207357859532,5.344511143624921,-1.5113975097320598,76,6-8yr,one_frog_too_many,1023
ECSC_1023_3_76F_1023_YR3,5,256,0.8561872909698997,0.0,early,0.8561872909698997,0.8662207357859532,5.344511143624921,-1.5113975097320598,76,6-8yr,one_frog_too_many,1023
ECSC_1023_3_76F_1023_YR3,7,257,0.8595317725752508,0.3333333333333333,mid,0.8561872909698997,0.8662207357859532,7.598180843413728,0.7422721900567479,76,6-8yr,one_frog_too_many,1023
ECSC_1023_3_76F_1023_YR3,8,257,0.8595317725752508,0.3333333333333333,mid,0.8561872909698997,0.8662207357859532,7.598180843413728,0.7422721900567479,76,6-8yr,one_frog_too_many,1023
ECSC_1023_3_76F_1023_YR3,12,257,0.8595317725752508,0.3333333333333333,mid,0.8561872909698997,0.8662207357859532,7.598180843413728,0.7422721900567479,76,6-8yr,one_frog_too_many,1023
ECSC_1023_3_76F_1023_YR3,13,258,0.862876254180602,0.6666666666666666,late,0.8561872909698997,0.8662207357859532,7.625033973032291,0.769125319675311,76,6-8yr,one_frog_too_many,1023
ECSC_1023_3_76F_1023_YR3,14,258,0.862876254180602,0.6666666666666666,late,0.8561872909698997,0.8662207357859532,7.625033973032291,0.769125319675311,76,6-8yr,one_frog_too_many,1023
ECSC_1023_3_76F_1023_YR3,18,258,0.862876254180602,0.6666666666666666,late,0.8561872909698997,0.8662207357859532,7.625033973032291,0.769125319675311,76,6-8yr,one_frog_too_many,1023
ECSC_1024_1_82F_1024_YR1,1,275,0.3968253968253968,0.051771117166212494,early,0.3694083694083694,0.898989898989899,27.443523506999057,13.576949023067291,82,6-8yr,boy_dog_frog,1024
ECSC_1024_1_82F_1024_YR1,4,333,0.4805194805194805,0.2098092643051771,early,0.3694083694083694,0.898989898989899,7.0910415825378035,-6.775532901393962,82,6-8yr,boy_dog_frog,1024
ECSC_1024_1_82F_1024_YR1,2,294,0.4242424242424242,0.10354223433242499,early,0.3694083694083694,0.898989898989899,8.072452572255976,-5.79412191167579,82,6-8yr,boy_dog_frog,1024
ECSC_1024_1_82F_1024_YR1,13,507,0.7316017316017316,0.6839237057220708,mid,0.3694083694083694,0.898989898989899,26.255727428254612,12.389152944322847,82,6-8yr,boy_dog_frog,1024
ECSC_1024_1_82F_1024_YR1,6,371,0.5353535353535354,0.3133514986376022,mid,0.3694083694083694,0.898989898989899,12.026626721214068,-1.8399477627176974,82,6-8yr,boy_dog_frog,1024
ECSC_1024_1_82F_1024_YR1,10,449,0.6479076479076479,0.5258855585831061,mid,0.3694083694083694,0.898989898989899,12.53058922084394,-1.3359852630878262,82,6-8yr,boy_dog_frog,1024
ECSC_1024_1_82F_1024_YR1,16,565,0.8152958152958153,0.8419618528610354,late,0.3694083694083694,0.898989898989899,9.980188904390516,-3.8863855795412494,82,6-8yr,boy_dog_frog,1024
ECSC_1024_1_82F_1024_YR1,19,623,0.898989898989899,1.0,late,0.3694083694083694,0.898989898989899,12.37573419944552,-1.4908402844862465,82,6-8yr,boy_dog_frog,1024
ECSC_1024_1_82F_1024_YR1,17,584,0.8427128427128427,0.8937329700272479,late,0.3694083694083694,0.898989898989899,9.023286219444412,-4.843288264487354,82,6-8yr,boy_dog_frog,1024
ECSC_1024_2_82F_1024_YR2,1,283,0.3286875725900116,0.05212355212355206,early,0.29732868757259,0.8989547038327527,15.027537753347229,10.104883607040112,82,6-8yr,frog_on_his_own,1024
ECSC_1024_2_82F_1024_YR2,4,365,0.4239256678281068,0.21042471042471034,early,0.29732868757259,0.8989547038327527,0.380418207572843,-4.542235938734274,82,6-8yr,frog_on_his_own,1024
ECSC_1024_2_82F_1024_YR2,2,310,0.3600464576074332,0.1042471042471042,early,0.29732868757259,0.8989547038327527,6.030697043042807,1.1080428967356895,82,6-8yr,frog_on_his_own,1024
ECSC_1024_2_82F_1024_YR2,13,610,0.7084785133565621,0.6833976833976833,mid,0.29732868757259,0.8989547038327527,3.749350764213004,-1.173303382094113,82,6-8yr,frog_on_his_own,1024
ECSC_1024_2_82F_1024_YR2,6,419,0.48664343786295,0.31467181467181454,mid,0.29732868757259,0.8989547038327527,1.93112303963105,-2.9915311066760673,82,6-8yr,frog_on_his_own,1024
ECSC_1024_2_82F_1024_YR2,10,528,0.6132404181184669,0.5250965250965249,mid,0.29732868757259,0.8989547038327527,5.7859455016799295,0.8632913553728123,82,6-8yr,frog_on_his_own,1024
ECSC_1024_2_82F_1024_YR2,16,692,0.8037166085946573,0.8416988416988416,late,0.29732868757259,0.8989547038327527,5.060757504387613,0.138103358080496,82,6-8yr,frog_on_his_own,1024
ECSC_1024_2_82F_1024_YR2,19,774,0.8989547038327527,1.0,late,0.29732868757259,0.8989547038327527,4.600490171898038,-0.3221639744090794,82,6-8yr,frog_on_his_own,1024
ECSC_1024_2_82F_1024_YR2,17,719,0.835075493612079,0.8938223938223938,late,0.29732868757259,0.8989547038327527,1.7375673309915394,-3.185086815315578,82,6-8yr,frog_on_his_own,1024
ECSC_1024_3_82F_1024_YR3,1,260,0.6824146981627297,0.047058823529412014,early,0.6719160104986877,0.89501312335958,3.910014258511888,-5.333087599282887,82,6-8yr,frog_where_are_you,1024
ECSC_1024_3_82F_1024_YR3,4,273,0.7165354330708661,0.1999999999999998,early,0.6719160104986877,0.89501312335958,7.130590026800247,-2.112511830994528,82,6-8yr,frog_where_are_you,1024
ECSC_1024_3_82F_1024_YR3,2,264,0.6929133858267716,0.09411764705882353,early,0.6719160104986877,0.89501312335958,5.251496111601499,-3.991605746193276,82,6-8yr,frog_where_are_you,1024
ECSC_1024_3_82F_1024_YR3,13,314,0.8241469816272966,0.6823529411764707,mid,0.6719160104986877,0.89501312335958,10.867673941168713,1.6245720833739377,82,6-8yr,frog_where_are_you,1024
ECSC_1024_3_82F_1024_YR3,6,282,0.7401574803149606,0.30588235294117655,mid,0.6719160104986877,0.89501312335958,8.253893697949506,-0.9892081598452691,82,6-8yr,frog_where_are_you,1024
ECSC_1024_3_82F_1024_YR3,10,300,0.7874015748031497,0.5176470588235297,mid,0.6719160104986877,0.89501312335958,9.685230781149295,0.44212892335452025,82,6-8yr,frog_where_are_you,1024
ECSC_1024_3_82F_1024_YR3,16,327,0.8582677165354331,0.835294117647059,late,0.6719160104986877,0.89501312335958,12.585651530696431,3.342549672901656,82,6-8yr,frog_where_are_you,1024
ECSC_1024_3_82F_1024_YR3,19,341,0.89501312335958,1.0,late,0.6719160104986877,0.89501312335958,11.901193778523789,2.6580919207290137,82,6-8yr,frog_where_are_you,1024
ECSC_1024_3_82F_1024_YR3,17,332,0.8713910761154856,0.8941176470588237,late,0.6719160104986877,0.89501312335958,13.602172593751604,4.359070735956829,82,6-8yr,frog_where_are_you,1024
ECSC_1025_2_75F_1025_YR2,1,268,0.4944649446494465,0.051948051948052146,early,0.4723247232472324,0.8985239852398524,5.372793593975379,-4.515399751473025,75,6-8yr,frog_where_are_you,1025
ECSC_1025_2_75F_1025_YR2,4,304,0.5608856088560885,0.20779220779220778,early,0.4723247232472324,0.8985239852398524,34.20927604531549,24.321082699867087,75,6-8yr,frog_where_are_you,1025
ECSC_1025_2_75F_1025_YR2,2,280,0.5166051660516605,0.10389610389610403,early,0.4723247232472324,0.8985239852398524,13.51066307275028,3.622469727301876,75,6-8yr,frog_where_are_you,1025
ECSC_1025_2_75F_1025_YR2,13,414,0.7638376383763837,0.6839826839826839,mid,0.4723247232472324,0.8985239852398524,10.400625911249987,0.5124325658015838,75,6-8yr,frog_where_are_you,1025
ECSC_1025_2_75F_1025_YR2,6,328,0.6051660516605166,0.3116883116883118,mid,0.4723247232472324,0.8985239852398524,11.603987592381358,1.7157942469329548,75,6-8yr,frog_where_are_you,1025
ECSC_1025_2_75F_1025_YR2,10,377,0.6955719557195572,0.5238095238095238,mid,0.4723247232472324,0.8985239852398524,2.7835666686537266,-7.104626676794677,75,6-8yr,frog_where_are_you,1025
ECSC_1025_2_75F_1025_YR2,16,450,0.8302583025830258,0.8398268398268397,late,0.4723247232472324,0.8985239852398524,3.126327037740989,-6.761866307707415,75,6-8yr,frog_where_are_you,1025
ECSC_1025_2_75F_1025_YR2,19,487,0.8985239852398524,1.0,late,0.4723247232472324,0.8985239852398524,4.0233899811580205,-5.864803364290383,75,6-8yr,frog_where_are_you,1025
ECSC_1025_2_75F_1025_YR2,17,462,0.8523985239852399,0.8917748917748917,late,0.4723247232472324,0.8985239852398524,3.963110205810393,-5.92508313963801,75,6-8yr,frog_where_are_you,1025
ECSC_1026_1_89M_1026_YR1,1,259,0.7254901960784313,0.0491803278688523,early,0.7170868347338936,0.8879551820728291,3.398608727525854,0.07376548894509183,89,6-8yr,boy_dog_frog,1026
ECSC_1026_1_89M_1026_YR1,4,268,0.7507002801120448,0.19672131147540986,early,0.7170868347338936,0.8879551820728291,3.4759558389529026,0.15111260037214036,89,6-8yr,boy_dog_frog,1026
ECSC_1026_1_89M_1026_YR1,2,262,0.7338935574229691,0.0983606557377046,early,0.7170868347338936,0.8879551820728291,3.920736765877877,0.5958935272971146,89,6-8yr,boy_dog_frog,1026
ECSC_1026_1_89M_1026_YR1,13,297,0.8319327731092437,0.672131147540984,mid,0.7170868347338936,0.8879551820728291,4.812865563942471,1.4880223253617086,89,6-8yr,boy_dog_frog,1026
ECSC_1026_1_89M_1026_YR1,6,275,0.7703081232492998,0.31147540983606586,mid,0.7170868347338936,0.8879551820728291,2.987092929731885,-0.33775030884887736,89,6-8yr,boy_dog_frog,1026
ECSC_1026_1_89M_1026_YR1,10,288,0.8067226890756303,0.5245901639344265,mid,0.7170868347338936,0.8879551820728291,4.4406656606873725,1.1158224221066102,89,6-8yr,boy_dog_frog,1026
ECSC_1026_1_89M_1026_YR1,16,307,0.8599439775910365,0.8360655737704923,late,0.7170868347338936,0.8879551820728291,2.148155947150321,-1.1766872914304414,89,6-8yr,boy_dog_frog,1026
ECSC_1026_1_89M_1026_YR1,19,317,0.8879551820728291,1.0,late,0.7170868347338936,0.8879551820728291,2.406757151251764,-0.9180860873289984,89,6-8yr,boy_dog_frog,1026
ECSC_1026_1_89M_1026_YR1,17,310,0.8683473389355743,0.8852459016393447,late,0.7170868347338936,0.8879551820728291,2.332750562106412,-0.9920926764743503,89,6-8yr,boy_dog_frog,1026
ECSC_1026_2_89M_1026_YR2,1,263,0.5844444444444444,0.04697986577181205,early,0.5688888888888889,0.9,5.703231552327596,-3.3471910587075477,89,6-8yr,frog_where_are_you,1026
ECSC_1026_2_89M_1026_YR2,4,287,0.6377777777777778,0.20805369127516776,early,0.5688888888888889,0.9,15.695957179703909,6.645534568668765,89,6-8yr,frog_where_are_you,1026
ECSC_1026_2_89M_1026_YR2,2,271,0.6022222222222222,0.10067114093959728,early,0.5688888888888889,0.9,8.009372290201533,-1.0410503208336106,89,6-8yr,frog_where_are_you,1026
ECSC_1026_2_89M_1026_YR2,13,357,0.7933333333333333,0.6778523489932885,mid,0.5688888888888889,0.9,4.775477544155951,-4.274945066879193,89,6-8yr,frog_where_are_you,1026
ECSC_1026_2_89M_1026_YR2,6,303,0.6733333333333333,0.31543624161073824,mid,0.5688888888888889,0.9,8.819959078933476,-0.23046353210166792,89,6-8yr,frog_where_are_you,1026
ECSC_1026_2_89M_1026_YR2,10,334,0.7422222222222222,0.5234899328859061,mid,0.5688888888888889,0.9,4.476697474161904,-4.5737251368732394,89,6-8yr,frog_where_are_you,1026
ECSC_1026_2_89M_1026_YR2,16,381,0.8466666666666667,0.8389261744966443,late,0.5688888888888889,0.9,10.30449681822747,1.2540742071923265,89,6-8yr,frog_where_are_you,1026
ECSC_1026_2_89M_1026_YR2,19,405,0.9,1.0,late,0.5688888888888889,0.9,12.002250659823046,2.9518280487879025,89,6-8yr,frog_where_are_you,1026
ECSC_1026_2_89M_1026_YR2,17,389,0.8644444444444445,0.8926174496644295,late,0.5688888888888889,0.9,11.666360901781411,2.615938290746268,89,6-8yr,frog_where_are_you,1026
ECSC_1026_3_89M_1026_YR3,1,264,0.5776805251641138,0.05161290322580666,early,0.5601750547045952,0.899343544857768,3.882230090603943,-0.3024923829203958,89,6-8yr,frog_on_his_own,1026
ECSC_1026_3_89M_1026_YR3,4,288,0.6301969365426696,0.20645161290322597,early,0.5601750547045952,0.899343544857768,2.7843829596539926,-1.400339513870346,89,6-8yr,frog_on_his_own,1026
ECSC_1026_3_89M_1026_YR3,2,272,0.5951859956236324,0.10322580645161299,early,0.5601750547045952,0.899343544857768,4.476991322667609,0.29226884914327034,89,6-8yr,frog_on_his_own,1026
ECSC_1026_3_89M_1026_YR3,13,362,0.7921225382932167,0.6838709677419357,mid,0.5601750547045952,0.899343544857768,2.875340795734953,-1.3093816777893856,89,6-8yr,frog_on_his_own,1026
ECSC_1026_3_89M_1026_YR3,6,304,0.6652078774617067,0.3096774193548386,mid,0.5601750547045952,0.899343544857768,3.0818062555829338,-1.102916217941405,89,6-8yr,frog_on_his_own,1026
ECSC_1026_3_89M_1026_YR3,10,337,0.737417943107221,0.5225806451612903,mid,0.5601750547045952,0.899343544857768,5.035347351611349,0.85062487808701,89,6-8yr,frog_on_his_own,1026
ECSC_1026_3_89M_1026_YR3,16,386,0.8446389496717724,0.838709677419355,late,0.5601750547045952,0.899343544857768,2.9926129482611135,-1.1921095252632252,89,6-8yr,frog_on_his_own,1026
ECSC_1026_3_89M_1026_YR3,19,411,0.899343544857768,1.0,late,0.5601750547045952,0.899343544857768,7.85422804454122,3.669505571016881,89,6-8yr,frog_on_his_own,1026
ECSC_1026_3_89M_1026_YR3,17,394,0.862144420131291,0.8903225806451613,late,0.5601750547045952,0.899343544857768,4.679562493061933,0.4948400195375946,89,6-8yr,frog_on_his_own,1026
ECSC_1027_1_91M_1027_YR1,1,260,0.6914893617021277,0.050000000000000336,early,0.6808510638297872,0.8936170212765957,3.172689617660714,-0.9605613587207085,91,6-8yr,frog_where_are_you,1027
ECSC_1027_1_91M_1027_YR1,4,272,0.723404255319149,0.20000000000000032,early,0.6808510638297872,0.8936170212765957,9.145751844130016,5.012500867748594,91,6-8yr,frog_where_are_you,1027
ECSC_1027_1_91M_1027_YR1,2,264,0.7021276595744681,0.10000000000000016,early,0.6808510638297872,0.8936170212765957,6.965021913936923,2.8317709375555005,91,6-8yr,frog_where_are_you,1027
ECSC_1027_1_91M_1027_YR1,13,310,0.824468085106383,0.6750000000000004,mid,0.6808510638297872,0.8936170212765957,3.8018538411250127,-0.33139713525640957,91,6-8yr,frog_where_are_you,1027
ECSC_1027_1_91M_1027_YR1,6,281,0.7473404255319149,0.3125000000000003,mid,0.6808510638297872,0.8936170212765957,3.487823637525242,-0.6454273388561802,91,6-8yr,frog_where_are_you,1027
ECSC_1027_1_91M_1027_YR1,10,298,0.7925531914893617,0.5249999999999999,mid,0.6808510638297872,0.8936170212765957,4.982416444446635,0.8491654680652125,91,6-8yr,frog_where_are_you,1027
ECSC_1027_1_91M_1027_YR1,16,323,0.8590425531914894,0.8375000000000002,late,0.6808510638297872,0.8936170212765957,3.951560247237463,-0.18169072914395912,91,6-8yr,frog_where_are_you,1027
ECSC_1027_1_91M_1027_YR1,19,336,0.8936170212765957,1.0,late,0.6808510638297872,0.8936170212765957,-0.5420889807218785,-4.675339957103301,91,6-8yr,frog_where_are_you,1027
ECSC_1027_1_91M_1027_YR1,17,327,0.8696808510638298,0.8875000000000001,late,0.6808510638297872,0.8936170212765957,2.2342302220926715,-1.8990207542887507,91,6-8yr,frog_where_are_you,1027
ECSC_1027_2_91M_1027_YR2,1,266,0.5155038759689923,0.04807692307692329,early,0.4961240310077519,0.8992248062015504,14.95034586964522,2.215548307992181,91,6-8yr,one_frog_too_many,1027
ECSC_1027_2_91M_1027_YR2,4,299,0.5794573643410853,0.2067307692307694,early,0.4961240310077519,0.8992248062015504,5.128471859974088,-7.606325701678951,91,6-8yr,one_frog_too_many,1027
ECSC_1027_2_91M_1027_YR2,2,277,0.5368217054263565,0.10096153846153848,early,0.4961240310077519,0.8992248062015504,21.05343253932262,8.318634977669582,91,6-8yr,one_frog_too_many,1027
ECSC_1027_2_91M_1027_YR2,13,398,0.7713178294573644,0.6826923076923077,mid,0.4961240310077519,0.8992248062015504,27.19056833643453,14.455770774781492,91,6-8yr,one_frog_too_many,1027
ECSC_1027_2_91M_1027_YR2,6,321,0.622093023255814,0.31250000000000006,mid,0.4961240310077519,0.8992248062015504,11.343312099385058,-1.3914854622679815,91,6-8yr,one_frog_too_many,1027
ECSC_1027_2_91M_1027_YR2,10,365,0.7073643410852714,0.5240384615384617,mid,0.4961240310077519,0.8992248062015504,4.019261925896918,-8.71553563575612,91,6-8yr,one_frog_too_many,1027
ECSC_1027_2_91M_1027_YR2,16,431,0.8352713178294574,0.8413461538461539,late,0.4961240310077519,0.8992248062015504,4.29786483192713,-8.436932729725909,91,6-8yr,one_frog_too_many,1027
ECSC_1027_2_91M_1027_YR2,19,464,0.8992248062015504,1.0,late,0.4961240310077519,0.8992248062015504,24.65430351824179,11.91950595658875,91,6-8yr,one_frog_too_many,1027
ECSC_1027_2_91M_1027_YR2,17,442,0.8565891472868217,0.894230769230769,late,0.4961240310077519,0.8992248062015504,1.975617074049996,-10.759180487603043,91,6-8yr,one_frog_too_many,1027
ECSC_1027_3_91M_1027_YR3,1,259,0.731638418079096,0.05172413793103433,early,0.7231638418079096,0.8870056497175142,3.8947272016756074,-6.404889701699451,91,6-8yr,boy_dog_frog,1027
ECSC_1027_3_91M_1027_YR3,4,268,0.7570621468926554,0.206896551724138,early,0.7231638418079096,0.8870056497175142,15.563332793213412,5.263715889838354,91,6-8yr,boy_dog_frog,1027
ECSC_1027_3_91M_1027_YR3,2,262,0.7401129943502824,0.10344827586206866,early,0.7231638418079096,0.8870056497175142,4.466961706668215,-5.832655196706844,91,6-8yr,boy_dog_frog,1027
ECSC_1027_3_91M_1027_YR3,13,295,0.8333333333333334,0.6724137931034483,mid,0.7231638418079096,0.8870056497175142,20.08673698999154,9.787120086616481,91,6-8yr,boy_dog_frog,1027
ECSC_1027_3_91M_1027_YR3,6,274,0.7740112994350282,0.3103448275862067,mid,0.7231638418079096,0.8870056497175142,11.649991868642893,1.350374965267834,91,6-8yr,boy_dog_frog,1027
ECSC_1027_3_91M_1027_YR3,10,286,0.807909604519774,0.5172413793103446,mid,0.7231638418079096,0.8870056497175142,11.59931339010826,1.2996964867332021,91,6-8yr,boy_dog_frog,1027
ECSC_1027_3_91M_1027_YR3,16,304,0.8587570621468926,0.8275862068965514,late,0.7231638418079096,0.8870056497175142,11.377938508878067,1.0783216055030085,91,6-8yr,boy_dog_frog,1027
ECSC_1027_3_91M_1027_YR3,19,314,0.8870056497175142,1.0,late,0.7231638418079096,0.8870056497175142,5.0700232988937985,-5.22959360448126,91,6-8yr,boy_dog_frog,1027
ECSC_1027_3_91M_1027_YR3,17,307,0.867231638418079,0.8793103448275856,late,0.7231638418079096,0.8870056497175142,8.987526372303737,-1.3120905310713216,91,6-8yr,boy_dog_frog,1027
ECSC_1028_1_67M_1028_YR1,1,266,0.5236220472440944,0.04975124378109445,early,0.5039370078740157,0.8996062992125984,30.190065187378035,1.1434339174624704,67,4-6yr,one_frog_too_many,1028
ECSC_1028_1_67M_1028_YR1,4,298,0.5866141732283464,0.20895522388059695,early,0.5039370078740157,0.8996062992125984,28.38763562706249,-0.6589956428530748,67,4-6yr,one_frog_too_many,1028
ECSC_1028_1_67M_1028_YR1,2,277,0.5452755905511811,0.10447761194029861,early,0.5039370078740157,0.8996062992125984,30.03383830328974,0.987207033374176,67,4-6yr,one_frog_too_many,1028
ECSC_1028_1_67M_1028_YR1,13,393,0.7736220472440944,0.681592039800995,mid,0.5039370078740157,0.8996062992125984,5.109614706471486,-23.93701656344408,67,4-6yr,one_frog_too_many,1028
ECSC_1028_1_67M_1028_YR1,6,319,0.6279527559055118,0.31343283582089554,mid,0.5039370078740157,0.8996062992125984,15.330895514918309,-13.715735754997256,67,4-6yr,one_frog_too_many,1028
ECSC_1028_1_67M_1028_YR1,10,361,0.7106299212598425,0.5223880597014925,mid,0.5039370078740157,0.8996062992125984,22.07194725654331,-6.974684013372254,67,4-6yr,one_frog_too_many,1028
ECSC_1028_1_67M_1028_YR1,16,425,0.8366141732283464,0.8407960199004975,late,0.5039370078740157,0.8996062992125984,40.51317853736749,11.466547267451922,67,4-6yr,one_frog_too_many,1028
ECSC_1028_1_67M_1028_YR1,19,457,0.8996062992125984,1.0,late,0.5039370078740157,0.8996062992125984,27.063851270938567,-1.9827799989769979,67,4-6yr,one_frog_too_many,1028
ECSC_1028_1_67M_1028_YR1,17,435,0.8562992125984252,0.8905472636815922,late,0.5039370078740157,0.8996062992125984,62.71865502527069,33.67202375535513,67,4-6yr,one_frog_too_many,1028
ECSC_1030_1_89F_1030_YR1,1,259,0.7018970189701897,0.04109589041095914,early,0.6937669376693767,0.8915989159891599,1.8735049648923416,0.13620912162185306,89,6-8yr,boy_dog_frog,1030
ECSC_1030_1_89F_1030_YR1,4,271,0.7344173441734417,0.20547945205479456,early,0.6937669376693767,0.8915989159891599,1.3813589595419913,-0.3559368837284973,89,6-8yr,boy_dog_frog,1030
ECSC_1030_1_89F_1030_YR1,2,263,0.7127371273712737,0.09589041095890409,early,0.6937669376693767,0.8915989159891599,2.279424094569734,0.5421282512992454,89,6-8yr,boy_dog_frog,1030
ECSC_1030_1_89F_1030_YR1,13,305,0.8265582655826558,0.6712328767123286,mid,0.6937669376693767,0.8915989159891599,1.5268834135638976,-0.21041242970659102,89,6-8yr,boy_dog_frog,1030
ECSC_1030_1_89F_1030_YR1,6,279,0.7560975609756098,0.315068493150685,mid,0.6937669376693767,0.8915989159891599,1.6844091196973174,-0.052886723573171146,89,6-8yr,boy_dog_frog,1030
ECSC_1030_1_89F_1030_YR1,10,294,0.7967479674796748,0.5205479452054795,mid,0.6937669376693767,0.8915989159891599,2.689820420258783,0.9525245769882944,89,6-8yr,boy_dog_frog,1030
ECSC_1030_1_89F_1030_YR1,16,317,0.8590785907859079,0.8356164383561646,late,0.6937669376693767,0.8915989159891599,1.5888713430805428,-0.1484245001899458,89,6-8yr,boy_dog_frog,1030
ECSC_1030_1_89F_1030_YR1,19,329,0.8915989159891599,1.0,late,0.6937669376693767,0.8915989159891599,1.3762724905978103,-0.36102335267267827,89,6-8yr,boy_dog_frog,1030
ECSC_1030_1_89F_1030_YR1,17,321,0.8699186991869918,0.8904109589041095,late,0.6937669376693767,0.8915989159891599,1.2351177832319795,-0.5021780600385091,89,6-8yr,boy_dog_frog,1030
ECSC_1030_2_89F_1030_YR2,1,271,0.4494195688225539,0.05244755244755255,early,0.4245439469320066,0.8988391376451078,1.615220034071629,-4.268557321340261,89,6-8yr,one_frog_too_many,1030
ECSC_1030_2_89F_1030_YR2,4,316,0.5240464344941956,0.20979020979020974,early,0.4245439469320066,0.8988391376451078,4.602117968315822,-1.2816593870960675,89,6-8yr,one_frog_too_many,1030
ECSC_1030_2_89F_1030_YR2,2,286,0.4742951907131011,0.10489510489510487,early,0.4245439469320066,0.8988391376451078,0.9155580870624016,-4.968219268349488,89,6-8yr,one_frog_too_many,1030
ECSC_1030_2_89F_1030_YR2,13,451,0.7479270315091211,0.6818181818181819,mid,0.4245439469320066,0.8988391376451078,4.278670621603095,-1.6051067338087943,89,6-8yr,one_frog_too_many,1030
ECSC_1030_2_89F_1030_YR2,6,346,0.5737976782752903,0.31468531468531485,mid,0.4245439469320066,0.8988391376451078,7.163210532699457,1.2794331772875678,89,6-8yr,one_frog_too_many,1030
ECSC_1030_2_89F_1030_YR2,10,406,0.6733001658374793,0.5244755244755246,mid,0.4245439469320066,0.8988391376451078,8.516430914692716,2.6326535592808264,89,6-8yr,one_frog_too_many,1030
ECSC_1030_2_89F_1030_YR2,16,496,0.8225538971807629,0.8391608391608392,late,0.4245439469320066,0.8988391376451078,12.324367634112058,6.440590278700168,89,6-8yr,one_frog_too_many,1030
ECSC_1030_2_89F_1030_YR2,19,542,0.8988391376451078,1.0,late,0.4245439469320066,0.8988391376451078,6.070698146700741,0.18692079128885108,89,6-8yr,one_frog_too_many,1030
ECSC_1030_2_89F_1030_YR2,17,511,0.8474295190713101,0.8916083916083917,late,0.4245439469320066,0.8988391376451078,7.467722259449083,1.5839449040371933,89,6-8yr,one_frog_too_many,1030
ECSC_1030_3_89F_1030_YR3,1,268,0.4926470588235294,0.05150214592274684,early,0.4705882352941176,0.8988970588235294,1.9749045801594705,-0.8529456724990669,89,6-8yr,frog_where_are_you,1030
ECSC_1030_3_89F_1030_YR3,4,305,0.5606617647058824,0.21030042918454947,early,0.4705882352941176,0.8988970588235294,4.568274587274288,1.7404243346157502,89,6-8yr,frog_where_are_you,1030
ECSC_1030_3_89F_1030_YR3,2,280,0.5147058823529411,0.10300429184549356,early,0.4705882352941176,0.8988970588235294,5.3994376960792305,2.571587443420693,89,6-8yr,frog_where_are_you,1030
ECSC_1030_3_89F_1030_YR3,13,415,0.7628676470588235,0.6824034334763948,mid,0.4705882352941176,0.8988970588235294,2.9157158243520858,0.08786557169354836,89,6-8yr,frog_where_are_you,1030
ECSC_1030_3_89F_1030_YR3,6,329,0.6047794117647058,0.3133047210300429,mid,0.4705882352941176,0.8988970588235294,5.657125757666227,2.82927550500769,89,6-8yr,frog_where_are_you,1030
ECSC_1030_3_89F_1030_YR3,10,378,0.6948529411764706,0.5236051502145922,mid,0.4705882352941176,0.8988970588235294,2.110666882927566,-0.7171833697309715,89,6-8yr,frog_where_are_you,1030
ECSC_1030_3_89F_1030_YR3,16,452,0.8308823529411765,0.8412017167381975,late,0.4705882352941176,0.8988970588235294,0.66481952491052,-2.1630307277480174,89,6-8yr,frog_where_are_you,1030
ECSC_1030_3_89F_1030_YR3,19,489,0.8988970588235294,1.0,late,0.4705882352941176,0.8988970588235294,1.3675757432026003,-1.460274509455937,89,6-8yr,frog_where_are_you,1030
ECSC_1030_3_89F_1030_YR3,17,464,0.8529411764705882,0.892703862660944,late,0.4705882352941176,0.8988970588235294,0.792131677354849,-2.0357185753036884,89,6-8yr,frog_where_are_you,1030
ECSC_1031_1_90F_1031_YR1,1,256,0.8205128205128205,0.0,early,0.8205128205128205,0.8717948717948718,2.435230703316857,0.8780663584242998,90,6-8yr,one_frog_too_many,1031
ECSC_1031_1_90F_1031_YR1,4,259,0.8301282051282052,0.18750000000000136,early,0.8205128205128205,0.8717948717948718,2.2645299893120807,0.7073656444195235,90,6-8yr,one_frog_too_many,1031
ECSC_1031_1_90F_1031_YR1,2,257,0.8237179487179487,0.06249999999999973,early,0.8205128205128205,0.8717948717948718,2.270171604222826,0.7130072593302688,90,6-8yr,one_frog_too_many,1031
ECSC_1031_1_90F_1031_YR1,13,266,0.8525641025641025,0.6249999999999994,mid,0.8205128205128205,0.8717948717948718,1.7037344359370925,0.14657009104453533,90,6-8yr,one_frog_too_many,1031
ECSC_1031_1_90F_1031_YR1,6,261,0.8365384615384616,0.31250000000000083,mid,0.8205128205128205,0.8717948717948718,1.862716069610288,0.30555172471773084,90,6-8yr,one_frog_too_many,1031
ECSC_1031_1_90F_1031_YR1,10,264,0.8461538461538461,0.5,mid,0.8205128205128205,0.8717948717948718,1.5086002640736478,-0.048564080818909394,90,6-8yr,one_frog_too_many,1031
ECSC_1031_1_90F_1031_YR1,16,269,0.8621794871794872,0.8125000000000008,late,0.8205128205128205,0.8717948717948718,1.0547315998532705,-0.5024327450392867,90,6-8yr,one_frog_too_many,1031
ECSC_1031_1_90F_1031_YR1,19,272,0.8717948717948718,1.0,late,0.8205128205128205,0.8717948717948718,0.393403886998227,-1.1637604578943301,90,6-8yr,one_frog_too_many,1031
ECSC_1031_1_90F_1031_YR1,17,270,0.8653846153846154,0.8750000000000006,late,0.8205128205128205,0.8717948717948718,0.5213605507087244,-1.0358037941838327,90,6-8yr,one_frog_too_many,1031
ECSC_1031_2_90F_1031_YR2,1,262,0.6267942583732058,0.05000000000000025,early,0.6124401913875598,0.8995215311004785,7.555392972878277,1.4121745131280976,90,6-8yr,frog_where_are_you,1031
ECSC_1031_2_90F_1031_YR2,4,281,0.6722488038277512,0.20833333333333343,early,0.6124401913875598,0.8995215311004785,9.187168010109296,3.043949550359117,90,6-8yr,frog_where_are_you,1031
ECSC_1031_2_90F_1031_YR2,2,268,0.6411483253588517,0.10000000000000012,early,0.6124401913875598,0.8995215311004785,12.907242604545688,6.764024144795509,90,6-8yr,frog_where_are_you,1031
ECSC_1031_2_90F_1031_YR2,13,338,0.8086124401913876,0.6833333333333332,mid,0.6124401913875598,0.8995215311004785,5.613447009528903,-0.5297714502212765,90,6-8yr,frog_where_are_you,1031
ECSC_1031_2_90F_1031_YR2,6,293,0.7009569377990431,0.3083333333333335,mid,0.6124401913875598,0.8995215311004785,7.330852451862659,1.18763399211248,90,6-8yr,frog_where_are_you,1031
ECSC_1031_2_90F_1031_YR2,10,319,0.7631578947368421,0.5250000000000001,mid,0.6124401913875598,0.8995215311004785,5.083784643848674,-1.0594338159015058,90,6-8yr,frog_where_are_you,1031
ECSC_1031_2_90F_1031_YR2,16,357,0.854066985645933,0.8416666666666665,late,0.6124401913875598,0.8995215311004785,2.7277435714959353,-3.415474888254244,90,6-8yr,frog_where_are_you,1031
ECSC_1031_2_90F_1031_YR2,19,376,0.8995215311004785,1.0,late,0.6124401913875598,0.8995215311004785,0.6090836877390657,-5.534134772011114,90,6-8yr,frog_where_are_you,1031
ECSC_1031_2_90F_1031_YR2,17,363,0.868421052631579,0.8916666666666667,late,0.6124401913875598,0.8995215311004785,4.27425118574312,-1.8689672740070593,90,6-8yr,frog_where_are_you,1031
ECSC_1031_3_90F_1031_YR3,1,264,0.5605095541401274,0.04790419161676645,early,0.5435244161358811,0.8980891719745223,-0.0707048434805681,-9.949994931740575,90,6-8yr,frog_where_are_you,1031
ECSC_1031_3_90F_1031_YR3,4,291,0.6178343949044586,0.20958083832335322,early,0.5435244161358811,0.8980891719745223,30.290589234184825,20.41129914592482,90,6-8yr,frog_where_are_you,1031
ECSC_1031_3_90F_1031_YR3,2,273,0.5796178343949044,0.10179640718562871,early,0.5435244161358811,0.8980891719745223,5.762702608943149,-4.116587479316857,90,6-8yr,frog_where_are_you,1031
ECSC_1031_3_90F_1031_YR3,13,370,0.7855626326963907,0.6826347305389222,mid,0.5435244161358811,0.8980891719745223,11.39904436971828,1.5197542814582743,90,6-8yr,frog_where_are_you,1031
ECSC_1031_3_90F_1031_YR3,6,308,0.6539278131634819,0.31137724550898194,mid,0.5435244161358811,0.8980891719745223,20.717853772950583,10.838563684690577,90,6-8yr,frog_where_are_you,1031
ECSC_1031_3_90F_1031_YR3,10,343,0.7282377919320594,0.5209580838323352,mid,0.5435244161358811,0.8980891719745223,15.848124009719402,5.968833921459396,90,6-8yr,frog_where_are_you,1031
ECSC_1031_3_90F_1031_YR3,16,396,0.8407643312101911,0.8383233532934132,late,0.5435244161358811,0.8980891719745223,2.5870524188447757,-7.292237669415231,90,6-8yr,frog_where_are_you,1031
ECSC_1031_3_90F_1031_YR3,19,423,0.8980891719745223,1.0,late,0.5435244161358811,0.8980891719745223,2.02855688002281,-7.850733208237196,90,6-8yr,frog_where_are_you,1031
ECSC_1031_3_90F_1031_YR3,17,405,0.8598726114649682,0.8922155688622755,late,0.5435244161358811,0.8980891719745223,0.3503923434367966,-9.52889774482321,90,6-8yr,frog_where_are_you,1031
ECSC_1032_3_64M_1032_YR3,1,265,0.5532359081419624,0.051428571428571615,early,0.534446764091858,0.8997912317327766,8.935486374311939,-0.5967943195698346,64,4-6yr,one_frog_too_many,1032
ECSC_1032_3_64M_1032_YR3,4,292,0.6096033402922756,0.20571428571428585,early,0.534446764091858,0.8997912317327766,12.564935358126496,3.0326546642447223,64,4-6yr,one_frog_too_many,1032
ECSC_1032_3_64M_1032_YR3,2,274,0.5720250521920668,0.10285714285714292,early,0.534446764091858,0.8997912317327766,9.384482486286862,-0.1477982075949118,64,4-6yr,one_frog_too_many,1032
ECSC_1032_3_64M_1032_YR3,13,375,0.7828810020876826,0.6799999999999999,mid,0.534446764091858,0.8997912317327766,18.522685478931937,8.990404785050163,64,4-6yr,one_frog_too_many,1032
ECSC_1032_3_64M_1032_YR3,6,311,0.6492693110647182,0.31428571428571445,mid,0.534446764091858,0.8997912317327766,10.723896459668232,1.1916157657864588,64,4-6yr,one_frog_too_many,1032
ECSC_1032_3_64M_1032_YR3,10,348,0.7265135699373695,0.5257142857142857,mid,0.534446764091858,0.8997912317327766,4.3727753634990805,-5.159505330382693,64,4-6yr,one_frog_too_many,1032
ECSC_1032_3_64M_1032_YR3,16,403,0.8413361169102297,0.8400000000000001,late,0.534446764091858,0.8997912317327766,7.347023666109653,-2.1852570277721206,64,4-6yr,one_frog_too_many,1032
ECSC_1032_3_64M_1032_YR3,19,431,0.8997912317327766,1.0,late,0.534446764091858,0.8997912317327766,8.841526943103316,-0.6907537507784571,64,4-6yr,one_frog_too_many,1032
ECSC_1032_3_64M_1032_YR3,17,412,0.860125260960334,0.8914285714285715,late,0.534446764091858,0.8997912317327766,5.0977141148984435,-4.43456657898333,64,4-6yr,one_frog_too_many,1032
ECSC_1034_1_93F_1034_YR1,0,256,0.8231511254019293,0.0,early,0.8231511254019293,0.8713826366559485,1.8890207700672248,-0.8134011588647632,93,6-8yr,one_frog_too_many,1034
ECSC_1034_1_93F_1034_YR1,1,256,0.8231511254019293,0.0,early,0.8231511254019293,0.8713826366559485,1.8890207700672248,-0.8134011588647632,93,6-8yr,one_frog_too_many,1034
ECSC_1034_1_93F_1034_YR1,5,259,0.8327974276527331,0.20000000000000046,early,0.8231511254019293,0.8713826366559485,2.5563271776380576,-0.14609475129393035,93,6-8yr,one_frog_too_many,1034
ECSC_1034_1_93F_1034_YR1,7,261,0.8392282958199357,0.33333333333333487,mid,0.8231511254019293,0.8713826366559485,3.019329807809453,0.3169078788774651,93,6-8yr,one_frog_too_many,1034
ECSC_1034_1_93F_1034_YR1,11,264,0.8488745980707395,0.533333333333333,mid,0.8231511254019293,0.8713826366559485,1.7980457967616168,-0.9043761321703712,93,6-8yr,one_frog_too_many,1034
ECSC_1034_1_93F_1034_YR1,6,260,0.8360128617363344,0.2666666666666665,mid,0.8231511254019293,0.8713826366559485,3.544723924900464,0.8423019959684761,93,6-8yr,one_frog_too_many,1034
ECSC_1034_1_93F_1034_YR1,14,267,0.8585209003215434,0.7333333333333335,late,0.8231511254019293,0.8713826366559485,2.6431941270328743,-0.0592278018991137,93,6-8yr,one_frog_too_many,1034
ECSC_1034_1_93F_1034_YR1,15,267,0.8585209003215434,0.7333333333333335,late,0.8231511254019293,0.8713826366559485,2.6431941270328743,-0.0592278018991137,93,6-8yr,one_frog_too_many,1034
ECSC_1034_1_93F_1034_YR1,19,271,0.8713826366559485,1.0,late,0.8231511254019293,0.8713826366559485,4.3389408590781,1.6365189301461123,93,6-8yr,one_frog_too_many,1034
ECSC_1034_2_93F_1034_YR2,1,280,0.3448275862068966,0.050632911392405194,early,0.3152709359605911,0.8990147783251231,17.116431940778725,0.6779292339756324,93,6-8yr,frog_where_are_you,1034
ECSC_1034_2_93F_1034_YR2,4,355,0.437192118226601,0.20886075949367097,early,0.3152709359605911,0.8990147783251231,39.05059079027184,22.61208808346875,93,6-8yr,frog_where_are_you,1034
ECSC_1034_2_93F_1034_YR2,2,305,0.375615763546798,0.10337552742616035,early,0.3152709359605911,0.8990147783251231,5.399364049568533,-11.03913865723456,93,6-8yr,frog_where_are_you,1034
ECSC_1034_2_93F_1034_YR2,13,580,0.7142857142857143,0.6835443037974684,mid,0.3152709359605911,0.8990147783251231,14.299872401360016,-2.138630305443076,93,6-8yr,frog_where_are_you,1034
ECSC_1034_2_93F_1034_YR2,6,405,0.4987684729064039,0.3143459915611815,mid,0.3152709359605911,0.8990147783251231,9.628357985922722,-6.81014472088037,93,6-8yr,frog_where_are_you,1034
ECSC_1034_2_93F_1034_YR2,10,505,0.6219211822660099,0.5253164556962027,mid,0.3152709359605911,0.8990147783251231,26.48538793405975,10.04688522725666,93,6-8yr,frog_where_are_you,1034
ECSC_1034_2_93F_1034_YR2,16,655,0.8066502463054187,0.8417721518987342,late,0.3152709359605911,0.8990147783251231,1.5351974081752822,-14.90330529862781,93,6-8yr,frog_where_are_you,1034
ECSC_1034_2_93F_1034_YR2,19,730,0.8990147783251231,1.0,late,0.3152709359605911,0.8990147783251231,12.651558556283453,-3.7869441505196395,93,6-8yr,frog_where_are_you,1034
ECSC_1034_2_93F_1034_YR2,17,680,0.8374384236453202,0.8945147679324895,late,0.3152709359605911,0.8990147783251231,21.779763294807506,5.341260588004413,93,6-8yr,frog_where_are_you,1034
ECSC_1034_3_93F_1034_YR3,1,261,0.6675191815856778,0.05263157894736842,early,0.6547314578005116,0.8976982097186701,21.81662490803256,8.659766543810651,93,6-8yr,one_frog_too_many,1034
ECSC_1034_3_93F_1034_YR3,4,276,0.7058823529411765,0.21052631578947367,early,0.6547314578005116,0.8976982097186701,24.255821153663987,11.09896278944208,93,6-8yr,one_frog_too_many,1034
ECSC_1034_3_93F_1034_YR3,2,266,0.680306905370844,0.10526315789473684,early,0.6547314578005116,0.8976982097186701,26.408579334369016,13.251720970147108,93,6-8yr,one_frog_too_many,1034
ECSC_1034_3_93F_1034_YR3,13,321,0.8209718670076727,0.6842105263157895,mid,0.6547314578005116,0.8976982097186701,7.230650768348671,-5.926207595873237,93,6-8yr,one_frog_too_many,1034
ECSC_1034_3_93F_1034_YR3,6,286,0.731457800511509,0.3157894736842105,mid,0.6547314578005116,0.8976982097186701,19.894687898661708,6.7378295344398005,93,6-8yr,one_frog_too_many,1034
ECSC_1034_3_93F_1034_YR3,10,306,0.782608695652174,0.5263157894736842,mid,0.6547314578005116,0.8976982097186701,14.28053113148675,1.1236727672648428,93,6-8yr,one_frog_too_many,1034
ECSC_1034_3_93F_1034_YR3,16,336,0.8593350383631714,0.8421052631578947,late,0.6547314578005116,0.8976982097186701,0.7123558778293138,-12.444502486392594,93,6-8yr,one_frog_too_many,1034
ECSC_1034_3_93F_1034_YR3,19,351,0.8976982097186701,1.0,late,0.6547314578005116,0.8976982097186701,1.854834124346552,-11.302024239875355,93,6-8yr,one_frog_too_many,1034
ECSC_1034_3_93F_1034_YR3,17,341,0.8721227621483376,0.8947368421052632,late,0.6547314578005116,0.8976982097186701,1.9576400812586092,-11.199218282963297,93,6-8yr,one_frog_too_many,1034
ECSC_1035_1_79M_1035_YR1,1,260,0.6878306878306878,0.04878048780487804,early,0.6772486772486772,0.8941798941798942,1.6986057352614008,-5.148139604837821,79,6-8yr,frog_where_are_you,1035
ECSC_1035_1_79M_1035_YR1,4,273,0.7222222222222222,0.20731707317073178,early,0.6772486772486772,0.8941798941798942,2.6974166799070165,-4.1493286601922055,79,6-8yr,frog_where_are_you,1035
ECSC_1035_1_79M_1035_YR1,2,264,0.6984126984126984,0.09756097560975607,early,0.6772486772486772,0.8941798941798942,1.9993399109581116,-4.84740542914111,79,6-8yr,frog_where_are_you,1035
ECSC_1035_1_79M_1035_YR1,13,312,0.8253968253968254,0.6829268292682925,mid,0.6772486772486772,0.8941798941798942,14.118383708850878,7.271638368751656,79,6-8yr,frog_where_are_you,1035
ECSC_1035_1_79M_1035_YR1,6,281,0.7433862433862434,0.30487804878048785,mid,0.6772486772486772,0.8941798941798942,3.7805172850124023,-3.0662280550868197,79,6-8yr,frog_where_are_you,1035
ECSC_1035_1_79M_1035_YR1,10,299,0.791005291005291,0.5243902439024393,mid,0.6772486772486772,0.8941798941798942,11.849388300536514,5.002642960437292,79,6-8yr,frog_where_are_you,1035
ECSC_1035_1_79M_1035_YR1,16,325,0.8597883597883598,0.8414634146341462,late,0.6772486772486772,0.8941798941798942,8.164171710827176,1.3174263707279543,79,6-8yr,frog_where_are_you,1035
ECSC_1035_1_79M_1035_YR1,19,338,0.8941798941798942,1.0,late,0.6772486772486772,0.8941798941798942,5.399706834245002,-1.44703850585422,79,6-8yr,frog_where_are_you,1035
ECSC_1035_1_79M_1035_YR1,17,329,0.8703703703703703,0.8902439024390243,late,0.6772486772486772,0.8941798941798942,11.913177895294496,5.066432555195274,79,6-8yr,frog_where_are_you,1035
ECSC_1035_2_79M_1035_YR2,1,259,0.7115384615384616,0.0441176470588234,early,0.7032967032967034,0.8901098901098901,8.848256650021527,1.5543244556562001,79,6-8yr,one_frog_too_many,1035
ECSC_1035_2_79M_1035_YR2,4,270,0.7417582417582418,0.20588235294117646,early,0.7032967032967034,0.8901098901098901,5.528223793343772,-1.7657084010215556,79,6-8yr,one_frog_too_many,1035
ECSC_1035_2_79M_1035_YR2,2,263,0.7225274725274725,0.10294117647058793,early,0.7032967032967034,0.8901098901098901,6.4089829866001295,-0.8849492077651977,79,6-8yr,one_frog_too_many,1035
ECSC_1035_2_79M_1035_YR2,13,302,0.8296703296703297,0.6764705882352945,mid,0.7032967032967034,0.8901098901098901,8.938653101968637,1.6447209076033094,79,6-8yr,one_frog_too_many,1035
ECSC_1035_2_79M_1035_YR2,6,277,0.760989010989011,0.3088235294117644,mid,0.7032967032967034,0.8901098901098901,4.8448571158801315,-2.449075078485196,79,6-8yr,one_frog_too_many,1035
ECSC_1035_2_79M_1035_YR2,10,291,0.7994505494505495,0.5147058823529415,mid,0.7032967032967034,0.8901098901098901,3.2124392379723563,-4.081492956392971,79,6-8yr,one_frog_too_many,1035
ECSC_1035_2_79M_1035_YR2,16,313,0.8598901098901099,0.8382352941176475,late,0.7032967032967034,0.8901098901098901,10.702670954432222,3.4087387600668944,79,6-8yr,one_frog_too_many,1035
ECSC_1035_2_79M_1035_YR2,19,324,0.8901098901098901,1.0,late,0.7032967032967034,0.8901098901098901,7.275329607598128,-0.018602586767198837,79,6-8yr,one_frog_too_many,1035
ECSC_1035_2_79M_1035_YR2,17,316,0.8681318681318682,0.8823529411764709,late,0.7032967032967034,0.8901098901098901,9.885976301471043,2.592044107105716,79,6-8yr,one_frog_too_many,1035
ECSC_1035_3_79M_1035_YR3,1,257,0.7787878787878788,0.029411764705882543,early,0.7757575757575758,0.8787878787878788,6.391451766518083,0.4208942930956763,79,6-8yr,frog_on_his_own,1035
ECSC_1035_3_79M_1035_YR3,4,263,0.796969696969697,0.2058823529411767,early,0.7757575757575758,0.8787878787878788,6.530314818267062,0.5597573448446553,79,6-8yr,frog_on_his_own,1035
ECSC_1035_3_79M_1035_YR3,2,259,0.7848484848484848,0.08823529411764655,early,0.7757575757575758,0.8787878787878788,5.304298403053009,-0.6662590703693976,79,6-8yr,frog_on_his_own,1035
ECSC_1035_3_79M_1035_YR3,13,279,0.8454545454545455,0.6764705882352942,mid,0.7757575757575758,0.8787878787878788,5.404761223014489,-0.5657962504079173,79,6-8yr,frog_on_his_own,1035
ECSC_1035_3_79M_1035_YR3,6,266,0.806060606060606,0.29411764705882326,mid,0.7757575757575758,0.8787878787878788,5.422240143294864,-0.5483173301275421,79,6-8yr,frog_on_his_own,1035
ECSC_1035_3_79M_1035_YR3,10,273,0.8272727272727273,0.5,mid,0.7757575757575758,0.8787878787878788,4.746979571965047,-1.2235779014573591,79,6-8yr,frog_on_his_own,1035
ECSC_1035_3_79M_1035_YR3,16,284,0.8606060606060606,0.8235294117647058,late,0.7757575757575758,0.8787878787878788,4.7738889986848045,-1.196668474737602,79,6-8yr,frog_on_his_own,1035
ECSC_1035_3_79M_1035_YR3,19,290,0.8787878787878788,1.0,late,0.7757575757575758,0.8787878787878788,8.392706963543226,2.4221494901208196,79,6-8yr,frog_on_his_own,1035
ECSC_1035_3_79M_1035_YR3,17,286,0.8666666666666667,0.8823529411764709,late,0.7757575757575758,0.8787878787878788,6.768375372461076,0.7978178990386695,79,6-8yr,frog_on_his_own,1035
ECSC_1036_1_66M_1036_YR1,1,261,0.6476426799007444,0.047169811320754734,early,0.6352357320099256,0.8982630272952854,6.01879161974577,0.9827015417835971,66,4-6yr,one_frog_too_many,1036
ECSC_1036_1_66M_1036_YR1,4,278,0.6898263027295285,0.20754716981132057,early,0.6352357320099256,0.8982630272952854,3.9289964878136097,-1.1070935901485628,66,4-6yr,one_frog_too_many,1036
ECSC_1036_1_66M_1036_YR1,2,267,0.6625310173697271,0.1037735849056605,early,0.6352357320099256,0.8982630272952854,4.3613608659750795,-0.6747292119870929,66,4-6yr,one_frog_too_many,1036
ECSC_1036_1_66M_1036_YR1,13,328,0.8138957816377171,0.6792452830188679,mid,0.6352357320099256,0.8982630272952854,7.646349704971719,2.6102596270095466,66,4-6yr,one_frog_too_many,1036
ECSC_1036_1_66M_1036_YR1,6,289,0.71712158808933,0.31132075471698106,mid,0.6352357320099256,0.8982630272952854,0.9298038885019916,-4.106286189460181,66,4-6yr,one_frog_too_many,1036
ECSC_1036_1_66M_1036_YR1,10,311,0.771712158808933,0.5188679245283017,mid,0.6352357320099256,0.8982630272952854,4.118477265922817,-0.9176128120393559,66,4-6yr,one_frog_too_many,1036
ECSC_1036_1_66M_1036_YR1,16,345,0.8560794044665012,0.8396226415094338,late,0.6352357320099256,0.8982630272952854,7.83965270403651,2.8035626260743376,66,4-6yr,one_frog_too_many,1036
ECSC_1036_1_66M_1036_YR1,19,362,0.8982630272952854,1.0,late,0.6352357320099256,0.8982630272952854,4.339496584959891,-0.6965934930022817,66,4-6yr,one_frog_too_many,1036
ECSC_1036_1_66M_1036_YR1,17,350,0.8684863523573201,0.8867924528301885,late,0.6352357320099256,0.8982630272952854,6.141881579732166,1.1057915017699935,66,4-6yr,one_frog_too_many,1036
ECSC_1036_2_66M_1036_YR2,1,263,0.6032110091743119,0.05147058823529398,early,0.5871559633027523,0.8990825688073395,2.4869579793961094,-2.6312122159868885,66,4-6yr,one_frog_too_many,1036
ECSC_1036_2_66M_1036_YR2,4,284,0.6513761467889908,0.2058823529411763,early,0.5871559633027523,0.8990825688073395,15.823308674403831,10.705138479020833,66,4-6yr,one_frog_too_many,1036
ECSC_1036_2_66M_1036_YR2,2,270,0.6192660550458715,0.10294117647058797,early,0.5871559633027523,0.8990825688073395,1.7852724567722014,-3.3328977386107965,66,4-6yr,one_frog_too_many,1036
ECSC_1036_2_66M_1036_YR2,13,349,0.8004587155963303,0.6838235294117646,mid,0.5871559633027523,0.8990825688073395,7.52589854961758,2.4077283542345818,66,4-6yr,one_frog_too_many,1036
ECSC_1036_2_66M_1036_YR2,6,298,0.6834862385321101,0.3088235294117646,mid,0.5871559633027523,0.8990825688073395,2.091848018739194,-3.026322176643804,66,4-6yr,one_frog_too_many,1036
ECSC_1036_2_66M_1036_YR2,10,327,0.75,0.5220588235294117,mid,0.5871559633027523,0.8990825688073395,1.321889942392196,-3.796280252990802,66,4-6yr,one_frog_too_many,1036
ECSC_1036_2_66M_1036_YR2,16,370,0.8486238532110092,0.838235294117647,late,0.5871559633027523,0.8990825688073395,7.035184259664524,1.9170140642815259,66,4-6yr,one_frog_too_many,1036
ECSC_1036_2_66M_1036_YR2,19,392,0.8990825688073395,1.0,late,0.5871559633027523,0.8990825688073395,3.9869181821790423,-1.1312520132039556,66,4-6yr,one_frog_too_many,1036
ECSC_1036_2_66M_1036_YR2,17,377,0.8646788990825688,0.8897058823529409,late,0.5871559633027523,0.8990825688073395,4.006253695282307,-1.1119165001006905,66,4-6yr,one_frog_too_many,1036
ECSC_1036_3_66M_1036_YR3,1,263,0.5990888382687927,0.05035971223021577,early,0.5831435079726651,0.8997722095671982,14.08103004159141,5.521561212262116,66,4-6yr,boy_dog_frog,1036
ECSC_1036_3_66M_1036_YR3,4,285,0.6492027334851936,0.20863309352517997,early,0.5831435079726651,0.8997722095671982,12.01231190680922,3.452843077479926,66,4-6yr,boy_dog_frog,1036
ECSC_1036_3_66M_1036_YR3,2,270,0.6150341685649203,0.1007194244604319,early,0.5831435079726651,0.8997722095671982,14.049211569637729,5.489742740308435,66,4-6yr,boy_dog_frog,1036
ECSC_1036_3_66M_1036_YR3,13,351,0.7995444191343963,0.6834532374100719,mid,0.5831435079726651,0.8997722095671982,6.814553825160115,-1.7449150041691786,66,4-6yr,boy_dog_frog,1036
ECSC_1036_3_66M_1036_YR3,6,299,0.6810933940774487,0.30935251798561153,mid,0.5831435079726651,0.8997722095671982,4.282404860007151,-4.277063969322143,66,4-6yr,boy_dog_frog,1036
ECSC_1036_3_66M_1036_YR3,10,329,0.7494305239179955,0.5251798561151081,mid,0.5831435079726651,0.8997722095671982,6.59264250982131,-1.9668263195079838,66,4-6yr,boy_dog_frog,1036
ECSC_1036_3_66M_1036_YR3,16,373,0.8496583143507973,0.8417266187050362,late,0.5831435079726651,0.8997722095671982,2.519036289821156,-6.040432539508139,66,4-6yr,boy_dog_frog,1036
ECSC_1036_3_66M_1036_YR3,19,395,0.8997722095671982,1.0,late,0.5831435079726651,0.8997722095671982,11.500774496562466,2.9413056672331717,66,4-6yr,boy_dog_frog,1036
ECSC_1036_3_66M_1036_YR3,17,380,0.8656036446469249,0.8920863309352519,late,0.5831435079726651,0.8997722095671982,5.1832539645530895,-3.3762148647762045,66,4-6yr,boy_dog_frog,1036
ECSC_1037_2_63M_1037_YR2,1,258,0.7456647398843931,0.04000000000000037,early,0.7398843930635838,0.884393063583815,4.13191348075874,-0.6270102953364702,63,4-6yr,frog_where_are_you,1037
ECSC_1037_2_63M_1037_YR2,4,266,0.7687861271676301,0.20000000000000032,early,0.7398843930635838,0.884393063583815,4.498599002003427,-0.26032477409178334,63,4-6yr,frog_where_are_you,1037
ECSC_1037_2_63M_1037_YR2,2,261,0.7543352601156069,0.10000000000000016,early,0.7398843930635838,0.884393063583815,4.047502970156071,-0.7114208059391398,63,4-6yr,frog_where_are_you,1037
ECSC_1037_2_63M_1037_YR2,13,290,0.838150289017341,0.6800000000000002,mid,0.7398843930635838,0.884393063583815,4.4350995289645105,-0.3238242471307,63,4-6yr,frog_where_are_you,1037
ECSC_1037_2_63M_1037_YR2,6,271,0.7832369942196532,0.3000000000000005,mid,0.7398843930635838,0.884393063583815,6.834710600734006,2.0757868246387954,63,4-6yr,frog_where_are_you,1037
ECSC_1037_2_63M_1037_YR2,10,282,0.815028901734104,0.5200000000000002,mid,0.7398843930635838,0.884393063583815,4.0286976500147365,-0.7302261260804741,63,4-6yr,frog_where_are_you,1037
ECSC_1037_2_63M_1037_YR2,16,298,0.861271676300578,0.8400000000000001,late,0.7398843930635838,0.884393063583815,5.794651648914634,1.0357278728194235,63,4-6yr,frog_where_are_you,1037
ECSC_1037_2_63M_1037_YR2,19,306,0.884393063583815,1.0,late,0.7398843930635838,0.884393063583815,4.632147013794473,-0.12677676230073764,63,4-6yr,frog_where_are_you,1037
ECSC_1037_2_63M_1037_YR2,17,300,0.8670520231213873,0.8800000000000004,late,0.7398843930635838,0.884393063583815,4.426992089516297,-0.3319316865789137,63,4-6yr,frog_where_are_you,1037
ECSC_1037_3_63M_1037_YR3,1,257,0.7811550151975684,0.030303030303030033,early,0.7781155015197568,0.878419452887538,3.033843138320881,0.49746656095123676,63,4-6yr,frog_where_are_you,1037
ECSC_1037_3_63M_1037_YR3,4,262,0.7963525835866262,0.18181818181818243,early,0.7781155015197568,0.878419452887538,2.326757539558266,-0.20961903781137847,63,4-6yr,frog_where_are_you,1037
ECSC_1037_3_63M_1037_YR3,2,259,0.7872340425531915,0.09090909090909122,early,0.7781155015197568,0.878419452887538,3.0989412047288134,0.5625646273591691,63,4-6yr,frog_where_are_you,1037
ECSC_1037_3_63M_1037_YR3,13,278,0.8449848024316109,0.6666666666666663,mid,0.7781155015197568,0.878419452887538,2.430349983983941,-0.1060265933857032,63,4-6yr,frog_where_are_you,1037
ECSC_1037_3_63M_1037_YR3,6,266,0.8085106382978723,0.30303030303030254,mid,0.7781155015197568,0.878419452887538,1.138114144280852,-1.3982624330887923,63,4-6yr,frog_where_are_you,1037
ECSC_1037_3_63M_1037_YR3,10,273,0.8297872340425532,0.515151515151515,mid,0.7781155015197568,0.878419452887538,0.7007639876299709,-1.8356125897396733,63,4-6yr,frog_where_are_you,1037
ECSC_1037_3_63M_1037_YR3,16,283,0.8601823708206687,0.8181818181818187,late,0.7781155015197568,0.878419452887538,2.475386315786615,-0.06099026158302934,63,4-6yr,frog_where_are_you,1037
ECSC_1037_3_63M_1037_YR3,19,289,0.878419452887538,1.0,late,0.7781155015197568,0.878419452887538,3.5384670007335757,1.0020904233639314,63,4-6yr,frog_where_are_you,1037
ECSC_1037_3_63M_1037_YR3,17,285,0.8662613981762918,0.8787878787878788,late,0.7781155015197568,0.878419452887538,4.084765881303884,1.5483893039342398,63,4-6yr,frog_where_are_you,1037
ECSC_1038_1_85F_1038_YR1,1,268,0.4944649446494465,0.051948051948052146,early,0.4723247232472324,0.8985239852398524,10.545008485997958,0.6245239795793527,85,6-8yr,frog_where_are_you,1038
ECSC_1038_1_85F_1038_YR1,4,304,0.5608856088560885,0.20779220779220778,early,0.4723247232472324,0.8985239852398524,6.936031284700778,-2.9844532217178266,85,6-8yr,frog_where_are_you,1038
ECSC_1038_1_85F_1038_YR1,2,280,0.5166051660516605,0.10389610389610403,early,0.4723247232472324,0.8985239852398524,6.995108333016219,-2.9253761734023858,85,6-8yr,frog_where_are_you,1038
ECSC_1038_1_85F_1038_YR1,13,414,0.7638376383763837,0.6839826839826839,mid,0.4723247232472324,0.8985239852398524,1.9725616916641329,-7.947922814754472,85,6-8yr,frog_where_are_you,1038
ECSC_1038_1_85F_1038_YR1,6,328,0.6051660516605166,0.3116883116883118,mid,0.4723247232472324,0.8985239852398524,17.746105637473065,7.82562113105446,85,6-8yr,frog_where_are_you,1038
ECSC_1038_1_85F_1038_YR1,10,377,0.6955719557195572,0.5238095238095238,mid,0.4723247232472324,0.8985239852398524,8.378293161257915,-1.5421913451606901,85,6-8yr,frog_where_are_you,1038
ECSC_1038_1_85F_1038_YR1,16,450,0.8302583025830258,0.8398268398268397,late,0.4723247232472324,0.8985239852398524,14.20197752276004,4.281493016341436,85,6-8yr,frog_where_are_you,1038
ECSC_1038_1_85F_1038_YR1,19,487,0.8985239852398524,1.0,late,0.4723247232472324,0.8985239852398524,7.115951494819093,-2.8045330115995117,85,6-8yr,frog_where_are_you,1038
ECSC_1038_1_85F_1038_YR1,17,462,0.8523985239852399,0.8917748917748917,late,0.4723247232472324,0.8985239852398524,15.393322946078236,5.472838439659631,85,6-8yr,frog_where_are_you,1038
ECSC_1038_2_85F_1038_YR2,1,268,0.4855072463768116,0.04999999999999997,early,0.463768115942029,0.8985507246376812,6.970779299135604,1.2409831311699362,85,6-8yr,boy_dog_frog,1038
ECSC_1038_2_85F_1038_YR2,4,306,0.5543478260869565,0.20833333333333337,early,0.463768115942029,0.8985507246376812,5.664705874260665,-0.06509029370500219,85,6-8yr,boy_dog_frog,1038
ECSC_1038_2_85F_1038_YR2,2,281,0.5090579710144928,0.10416666666666675,early,0.463768115942029,0.8985507246376812,1.9455550575777956,-3.784241110387872,85,6-8yr,boy_dog_frog,1038
ECSC_1038_2_85F_1038_YR2,13,420,0.7608695652173914,0.6833333333333335,mid,0.463768115942029,0.8985507246376812,1.3084670069346238,-4.421329161031044,85,6-8yr,boy_dog_frog,1038
ECSC_1038_2_85F_1038_YR2,6,331,0.5996376811594203,0.3125,mid,0.463768115942029,0.8985507246376812,7.595405050639149,1.8656088826734818,85,6-8yr,boy_dog_frog,1038
ECSC_1038_2_85F_1038_YR2,10,382,0.6920289855072463,0.5249999999999999,mid,0.463768115942029,0.8985507246376812,6.459568355129587,0.7297721871639196,85,6-8yr,boy_dog_frog,1038
ECSC_1038_2_85F_1038_YR2,16,458,0.8297101449275363,0.8416666666666667,late,0.463768115942029,0.8985507246376812,8.562428739434399,2.8326325714687313,85,6-8yr,boy_dog_frog,1038
ECSC_1038_2_85F_1038_YR2,19,496,0.8985507246376812,1.0,late,0.463768115942029,0.8985507246376812,5.787790693475378,0.05799452550971029,85,6-8yr,boy_dog_frog,1038
ECSC_1038_2_85F_1038_YR2,17,470,0.8514492753623188,0.8916666666666667,late,0.463768115942029,0.8985507246376812,7.2734654351038035,1.543669267138136,85,6-8yr,boy_dog_frog,1038
ECSC_1038_3_85F_1038_YR3,1,268,0.4908424908424908,0.05106382978723411,early,0.4688644688644688,0.8992673992673993,9.08926458917726,-0.1602035567052873,85,6-8yr,frog_where_are_you,1038
ECSC_1038_3_85F_1038_YR3,4,305,0.5586080586080586,0.20851063829787247,early,0.4688644688644688,0.8992673992673993,18.85178365640971,9.602315510527164,85,6-8yr,frog_where_are_you,1038
ECSC_1038_3_85F_1038_YR3,2,280,0.5128205128205128,0.1021276595744681,early,0.4688644688644688,0.8992673992673993,4.006862514562389,-5.242605631320158,85,6-8yr,frog_where_are_you,1038
ECSC_1038_3_85F_1038_YR3,13,416,0.7619047619047619,0.6808510638297871,mid,0.4688644688644688,0.8992673992673993,13.091435115736058,3.8419669698535106,85,6-8yr,frog_where_are_you,1038
ECSC_1038_3_85F_1038_YR3,6,330,0.6043956043956044,0.3148936170212766,mid,0.4688644688644688,0.8992673992673993,20.412395148181197,11.16292700229865,85,6-8yr,frog_where_are_you,1038
ECSC_1038_3_85F_1038_YR3,10,379,0.6941391941391941,0.5234042553191489,mid,0.4688644688644688,0.8992673992673993,1.6936991383636375,-7.55576900751891,85,6-8yr,frog_where_are_you,1038
ECSC_1038_3_85F_1038_YR3,16,453,0.8296703296703297,0.8382978723404256,late,0.4688644688644688,0.8992673992673993,2.2095742589099814,-7.039893886972566,85,6-8yr,frog_where_are_you,1038
ECSC_1038_3_85F_1038_YR3,19,491,0.8992673992673993,1.0,late,0.4688644688644688,0.8992673992673993,6.6601445819418,-2.589323563940747,85,6-8yr,frog_where_are_you,1038
ECSC_1038_3_85F_1038_YR3,17,466,0.8534798534798534,0.8936170212765956,late,0.4688644688644688,0.8992673992673993,7.230054309660879,-2.019413836221668,85,6-8yr,frog_where_are_you,1038
ECSC_1039_1_82F_1039_YR1,1,264,0.5726681127982647,0.05063291139240513,early,0.5553145336225597,0.8980477223427332,11.0256224460847,3.060737999755328,82,6-8yr,one_frog_too_many,1039
ECSC_1039_1_82F_1039_YR1,4,289,0.6268980477223427,0.20886075949367072,early,0.5553145336225597,0.8980477223427332,12.388779662788576,4.423895216459203,82,6-8yr,one_frog_too_many,1039
ECSC_1039_1_82F_1039_YR1,2,272,0.5900216919739696,0.10126582278480994,early,0.5553145336225597,0.8980477223427332,18.144382892460072,10.179498446130701,82,6-8yr,one_frog_too_many,1039
ECSC_1039_1_82F_1039_YR1,13,364,0.789587852494577,0.6835443037974681,mid,0.5553145336225597,0.8980477223427332,4.649810757071597,-3.3150736892577752,82,6-8yr,one_frog_too_many,1039
ECSC_1039_1_82F_1039_YR1,6,305,0.6616052060737527,0.310126582278481,mid,0.5553145336225597,0.8980477223427332,5.664979555666563,-2.299904890662809,82,6-8yr,one_frog_too_many,1039
ECSC_1039_1_82F_1039_YR1,10,339,0.735357917570499,0.5253164556962026,mid,0.5553145336225597,0.8980477223427332,3.5574249634370076,-4.4074594828923646,82,6-8yr,one_frog_too_many,1039
ECSC_1039_1_82F_1039_YR1,16,389,0.8438177874186551,0.8417721518987341,late,0.5553145336225597,0.8980477223427332,6.761662174876321,-1.2032222714530514,82,6-8yr,one_frog_too_many,1039
ECSC_1039_1_82F_1039_YR1,19,414,0.8980477223427332,1.0,late,0.5553145336225597,0.8980477223427332,6.788827183601148,-1.1760572627282242,82,6-8yr,one_frog_too_many,1039
ECSC_1039_1_82F_1039_YR1,17,397,0.8611713665943601,0.8924050632911392,late,0.5553145336225597,0.8980477223427332,2.7024703809783706,-5.262414065351002,82,6-8yr,one_frog_too_many,1039
ECSC_1039_2_82F_1039_YR2,1,274,0.4077380952380952,0.051724137931034496,early,0.3809523809523809,0.8988095238095238,9.405594483626086,2.8575893857861843,82,6-8yr,frog_on_his_own,1039
ECSC_1039_2_82F_1039_YR2,4,329,0.4895833333333333,0.20977011494252878,early,0.3809523809523809,0.8988095238095238,0.5948626231143992,-5.953142474725502,82,6-8yr,frog_on_his_own,1039
ECSC_1039_2_82F_1039_YR2,2,292,0.4345238095238095,0.10344827586206899,early,0.3809523809523809,0.8988095238095238,2.1747154754262414,-4.37328962241366,82,6-8yr,frog_on_his_own,1039
ECSC_1039_2_82F_1039_YR2,13,494,0.7351190476190477,0.6839080459770115,mid,0.3809523809523809,0.8988095238095238,3.574789523225828,-2.9732155746140734,82,6-8yr,frog_on_his_own,1039
ECSC_1039_2_82F_1039_YR2,6,365,0.5431547619047619,0.3132183908045977,mid,0.3809523809523809,0.8988095238095238,9.084608649217678,2.5366035513777767,82,6-8yr,frog_on_his_own,1039
ECSC_1039_2_82F_1039_YR2,10,439,0.6532738095238095,0.5258620689655172,mid,0.3809523809523809,0.8988095238095238,4.06724422953215,-2.480760868307751,82,6-8yr,frog_on_his_own,1039
ECSC_1039_2_82F_1039_YR2,16,549,0.8169642857142857,0.8419540229885056,late,0.3809523809523809,0.8988095238095238,17.466788062867238,10.918782965027336,82,6-8yr,frog_on_his_own,1039
ECSC_1039_2_82F_1039_YR2,19,604,0.8988095238095238,1.0,late,0.3809523809523809,0.8988095238095238,4.6624920704870485,-1.8855130273528529,82,6-8yr,frog_on_his_own,1039
ECSC_1039_2_82F_1039_YR2,17,567,0.84375,0.8936781609195401,late,0.3809523809523809,0.8988095238095238,7.900950763062443,1.352945665222542,82,6-8yr,frog_on_his_own,1039
ECSC_1039_3_82F_1039_YR3,1,275,0.39568345323741,0.05149051490514891,early,0.3683453237410072,0.8992805755395683,3.0248707632816787,0.407086490976567,82,6-8yr,one_frog_too_many,1039
ECSC_1039_3_82F_1039_YR3,4,333,0.479136690647482,0.20867208672086718,early,0.3683453237410072,0.8992805755395683,3.1196895976785353,0.5019053253734236,82,6-8yr,one_frog_too_many,1039
ECSC_1039_3_82F_1039_YR3,2,294,0.4230215827338129,0.10298102981029802,early,0.3683453237410072,0.8992805755395683,3.4225638465657138,0.8047795742606021,82,6-8yr,one_frog_too_many,1039
ECSC_1039_3_82F_1039_YR3,13,508,0.7309352517985611,0.6829268292682927,mid,0.3683453237410072,0.8992805755395683,3.5456614434107125,0.9278771711056009,82,6-8yr,one_frog_too_many,1039
ECSC_1039_3_82F_1039_YR3,6,372,0.5352517985611511,0.31436314363143647,mid,0.3683453237410072,0.8992805755395683,3.0882727693943908,0.4704884970892791,82,6-8yr,one_frog_too_many,1039
ECSC_1039_3_82F_1039_YR3,10,450,0.6474820143884892,0.5257452574525746,mid,0.3683453237410072,0.8992805755395683,2.4927909598927425,-0.12499331241236922,82,6-8yr,one_frog_too_many,1039
ECSC_1039_3_82F_1039_YR3,16,566,0.814388489208633,0.8401084010840109,late,0.3683453237410072,0.8992805755395683,0.9906384405481176,-1.627145831756994,82,6-8yr,one_frog_too_many,1039
ECSC_1039_3_82F_1039_YR3,19,625,0.8992805755395683,1.0,late,0.3683453237410072,0.8992805755395683,1.889509906379085,-0.7282743659260267,82,6-8yr,one_frog_too_many,1039
ECSC_1039_3_82F_1039_YR3,17,586,0.8431654676258993,0.8943089430894311,late,0.3683453237410072,0.8992805755395683,1.9860607235950276,-0.6317235487100841,82,6-8yr,one_frog_too_many,1039
ECSC_1040_1_91F_1040_YR1,1,277,0.3728129205921938,0.050970873786407724,early,0.3445491251682369,0.8990578734858681,17.910431223883506,2.4001337798276072,91,6-8yr,frog_where_are_you,1040
ECSC_1040_1_91F_1040_YR1,4,342,0.4602960969044414,0.2087378640776698,early,0.3445491251682369,0.8990578734858681,28.007383389596125,12.497085945540226,91,6-8yr,frog_where_are_you,1040
ECSC_1040_1_91F_1040_YR1,2,299,0.4024226110363391,0.10436893203883481,early,0.3445491251682369,0.8990578734858681,8.90074321187114,-6.60955423218476,91,6-8yr,frog_where_are_you,1040
ECSC_1040_1_91F_1040_YR1,13,537,0.7227456258411844,0.6820388349514563,mid,0.3445491251682369,0.8990578734858681,25.065106321626956,9.554808877571057,91,6-8yr,frog_where_are_you,1040
ECSC_1040_1_91F_1040_YR1,6,386,0.5195154777927322,0.31553398058252435,mid,0.3445491251682369,0.8990578734858681,3.347782034762023,-12.162515409293876,91,6-8yr,frog_where_are_you,1040
ECSC_1040_1_91F_1040_YR1,10,472,0.6352624495289367,0.5242718446601942,mid,0.3445491251682369,0.8990578734858681,46.66064806839977,31.150350624343872,91,6-8yr,frog_where_are_you,1040
ECSC_1040_1_91F_1040_YR1,16,602,0.8102288021534321,0.8398058252427185,late,0.3445491251682369,0.8990578734858681,6.16210630467428,-9.348191139381619,91,6-8yr,frog_where_are_you,1040
ECSC_1040_1_91F_1040_YR1,19,668,0.8990578734858681,1.0,late,0.3445491251682369,0.8990578734858681,0.65663114882455,-14.85366629523135,91,6-8yr,frog_where_are_you,1040
ECSC_1040_1_91F_1040_YR1,17,624,0.8398384925975774,0.8932038834951457,late,0.3445491251682369,0.8990578734858681,2.881845292864732,-12.628452151191167,91,6-8yr,frog_where_are_you,1040
ECSC_1040_2_91F_1040_YR2,1,267,0.5095419847328244,0.051162790697674564,early,0.4885496183206106,0.898854961832061,3.233611717852366,-6.01955156087377,91,6-8yr,frog_where_are_you,1040
ECSC_1040_2_91F_1040_YR2,4,301,0.5744274809160306,0.2093023255813956,early,0.4885496183206106,0.898854961832061,13.005618465789423,3.752455187063287,91,6-8yr,frog_where_are_you,1040
ECSC_1040_2_91F_1040_YR2,2,278,0.5305343511450382,0.10232558139534913,early,0.4885496183206106,0.898854961832061,2.922322443839054,-6.330840834887082,91,6-8yr,frog_where_are_you,1040
ECSC_1040_2_91F_1040_YR2,13,403,0.7690839694656488,0.6837209302325582,mid,0.4885496183206106,0.898854961832061,4.549792668593646,-4.70337061013249,91,6-8yr,frog_where_are_you,1040
ECSC_1040_2_91F_1040_YR2,6,323,0.6164122137404581,0.3116279069767445,mid,0.4885496183206106,0.898854961832061,8.84959385397223,-0.4035694247539059,91,6-8yr,frog_where_are_you,1040
ECSC_1040_2_91F_1040_YR2,10,369,0.7041984732824428,0.5255813953488374,mid,0.4885496183206106,0.898854961832061,13.542178162829051,4.289014884102915,91,6-8yr,frog_where_are_you,1040
ECSC_1040_2_91F_1040_YR2,16,437,0.833969465648855,0.8418604651162792,late,0.4885496183206106,0.898854961832061,18.216862451516285,8.963699172790148,91,6-8yr,frog_where_are_you,1040
ECSC_1040_2_91F_1040_YR2,19,471,0.898854961832061,1.0,late,0.4885496183206106,0.898854961832061,4.9580239043869945,-4.295139374339142,91,6-8yr,frog_where_are_you,1040
ECSC_1040_2_91F_1040_YR2,17,448,0.8549618320610687,0.8930232558139535,late,0.4885496183206106,0.898854961832061,14.000465839756178,4.7473025610300414,91,6-8yr,frog_where_are_you,1040
ECSC_1040_3_91F_1040_YR3,1,268,0.4953789279112754,0.052173913043478265,early,0.4731977818853974,0.8983364140480592,8.7658768744063,1.1661067432760523,91,6-8yr,one_frog_too_many,1040
ECSC_1040_3_91F_1040_YR3,4,304,0.5619223659889094,0.20869565217391306,early,0.4731977818853974,0.8983364140480592,10.23128027170813,2.6315101405778814,91,6-8yr,one_frog_too_many,1040
ECSC_1040_3_91F_1040_YR3,2,280,0.5175600739371534,0.10434782608695653,early,0.4731977818853974,0.8983364140480592,17.876732418628112,10.276962287497863,91,6-8yr,one_frog_too_many,1040
ECSC_1040_3_91F_1040_YR3,13,413,0.7634011090573013,0.6826086956521739,mid,0.4731977818853974,0.8983364140480592,1.920091671062922,-5.6796784600673265,91,6-8yr,one_frog_too_many,1040
ECSC_1040_3_91F_1040_YR3,6,328,0.6062846580406654,0.3130434782608696,mid,0.4731977818853974,0.8983364140480592,2.644765979156668,-4.955004151973581,91,6-8yr,one_frog_too_many,1040
ECSC_1040_3_91F_1040_YR3,10,377,0.6968576709796673,0.5260869565217392,mid,0.4731977818853974,0.8983364140480592,12.086504551147923,4.486734420017675,91,6-8yr,one_frog_too_many,1040
ECSC_1040_3_91F_1040_YR3,16,449,0.8299445471349353,0.8391304347826085,late,0.4731977818853974,0.8983364140480592,6.6251150570738115,-0.9746550740564368,91,6-8yr,one_frog_too_many,1040
ECSC_1040_3_91F_1040_YR3,19,486,0.8983364140480592,1.0,late,0.4731977818853974,0.8983364140480592,2.5273333978282713,-5.072436733301977,91,6-8yr,one_frog_too_many,1040
ECSC_1040_3_91F_1040_YR3,17,461,0.8521256931608133,0.8913043478260869,late,0.4731977818853974,0.8983364140480592,5.7202309591601,-1.8795391719701486,91,6-8yr,one_frog_too_many,1040
ECSC_1041_1_80M_1041_YR1,1,258,0.7329545454545454,0.03571428571428534,early,0.7272727272727273,0.8863636363636364,2.9617905473520434,0.47235770544732114,80,6-8yr,frog_on_his_own,1041
ECSC_1041_1_80M_1041_YR1,4,267,0.7585227272727273,0.19642857142857145,early,0.7272727272727273,0.8863636363636364,0.9089465497719136,-1.5804862921328087,80,6-8yr,frog_on_his_own,1041
ECSC_1041_1_80M_1041_YR1,2,261,0.7414772727272727,0.08928571428571405,early,0.7272727272727273,0.8863636363636364,3.059243698609187,0.5698108567044646,80,6-8yr,frog_on_his_own,1041
ECSC_1041_1_80M_1041_YR1,13,294,0.8352272727272727,0.6785714285714285,mid,0.7272727272727273,0.8863636363636364,1.4893100544768636,-1.0001227874278587,80,6-8yr,frog_on_his_own,1041
ECSC_1041_1_80M_1041_YR1,6,273,0.7755681818181818,0.30357142857142816,mid,0.7272727272727273,0.8863636363636364,3.87329829078005,1.3838654488753277,80,6-8yr,frog_on_his_own,1041
ECSC_1041_1_80M_1041_YR1,10,285,0.8096590909090909,0.517857142857143,mid,0.7272727272727273,0.8863636363636364,2.245340055728507,-0.24409278617621544,80,6-8yr,frog_on_his_own,1041
ECSC_1041_1_80M_1041_YR1,16,303,0.8607954545454546,0.8392857142857145,late,0.7272727272727273,0.8863636363636364,1.870021908164732,-0.6194109337399902,80,6-8yr,frog_on_his_own,1041
ECSC_1041_1_80M_1041_YR1,19,312,0.8863636363636364,1.0,late,0.7272727272727273,0.8863636363636364,4.311027620677102,1.8215947787723796,80,6-8yr,frog_on_his_own,1041
ECSC_1041_1_80M_1041_YR1,17,306,0.8693181818181818,0.8928571428571426,late,0.7272727272727273,0.8863636363636364,1.6859168515821017,-0.8035159903226206,80,6-8yr,frog_on_his_own,1041
ECSC_1041_2_80M_1041_YR2,1,259,0.7194444444444444,0.046874999999999854,early,0.7111111111111111,0.8888888888888888,0.758025169501586,-1.04481830416556,80,6-8yr,frog_on_his_own,1041
ECSC_1041_2_80M_1041_YR2,4,269,0.7472222222222222,0.203125,early,0.7111111111111111,0.8888888888888888,1.7710912313222522,-0.03175224234489393,80,6-8yr,frog_on_his_own,1041
ECSC_1041_2_80M_1041_YR2,2,262,0.7277777777777777,0.09374999999999971,early,0.7111111111111111,0.8888888888888888,0.8696955828885127,-0.9331478907786335,80,6-8yr,frog_on_his_own,1041
ECSC_1041_2_80M_1041_YR2,13,299,0.8305555555555556,0.6718750000000004,mid,0.7111111111111111,0.8888888888888888,1.4521496210159093,-0.35069385265123687,80,6-8yr,frog_on_his_own,1041
ECSC_1041_2_80M_1041_YR2,6,276,0.7666666666666667,0.3125000000000003,mid,0.7111111111111111,0.8888888888888888,1.2829602916993297,-0.5198831819678165,80,6-8yr,frog_on_his_own,1041
ECSC_1041_2_80M_1041_YR2,10,289,0.8027777777777778,0.5156250000000002,mid,0.7111111111111111,0.8888888888888888,1.541123669703027,-0.2617198039641191,80,6-8yr,frog_on_his_own,1041
ECSC_1041_2_80M_1041_YR2,16,309,0.8583333333333333,0.8281249999999999,late,0.7111111111111111,0.8888888888888888,2.2864966395848336,0.4836531659176875,80,6-8yr,frog_on_his_own,1041
ECSC_1041_2_80M_1041_YR2,19,320,0.8888888888888888,1.0,late,0.7111111111111111,0.8888888888888888,3.322993220896226,1.52014974722908,80,6-8yr,frog_on_his_own,1041
ECSC_1041_2_80M_1041_YR2,17,313,0.8694444444444445,0.8906250000000003,late,0.7111111111111111,0.8888888888888888,2.941055836392639,1.138212362725493,80,6-8yr,frog_on_his_own,1041
ECSC_1041_3_80M_1041_YR3,1,262,0.6252983293556086,0.04958677685950401,early,0.6109785202863962,0.8997613365155132,8.049787644956119,3.848272507990063,80,6-8yr,one_frog_too_many,1041
ECSC_1041_3_80M_1041_YR3,4,281,0.6706443914081146,0.20661157024793395,early,0.6109785202863962,0.8997613365155132,10.41174589014738,6.210230753181324,80,6-8yr,one_frog_too_many,1041
ECSC_1041_3_80M_1041_YR3,2,268,0.639618138424821,0.09917355371900802,early,0.6109785202863962,0.8997613365155132,8.961792208660256,4.7602770716942,80,6-8yr,one_frog_too_many,1041
ECSC_1041_3_80M_1041_YR3,13,338,0.8066825775656324,0.677685950413223,mid,0.6109785202863962,0.8997613365155132,4.622704097114287,0.42118896014823104,80,6-8yr,one_frog_too_many,1041
ECSC_1041_3_80M_1041_YR3,6,294,0.7016706443914081,0.3140495867768595,mid,0.6109785202863962,0.8997613365155132,3.183578416180026,-1.0179367207860301,80,6-8yr,one_frog_too_many,1041
ECSC_1041_3_80M_1041_YR3,10,319,0.7613365155131265,0.5206611570247934,mid,0.6109785202863962,0.8997613365155132,2.6115597496737193,-1.5899553872923367,80,6-8yr,one_frog_too_many,1041
ECSC_1041_3_80M_1041_YR3,16,357,0.8520286396181385,0.8347107438016529,late,0.6109785202863962,0.8997613365155132,-0.5310249972495811,-4.732540134215637,80,6-8yr,one_frog_too_many,1041
ECSC_1041_3_80M_1041_YR3,19,377,0.8997613365155132,1.0,late,0.6109785202863962,0.8997613365155132,1.0909352796120722,-3.110579857353984,80,6-8yr,one_frog_too_many,1041
ECSC_1041_3_80M_1041_YR3,17,364,0.8687350835322196,0.8925619834710744,late,0.6109785202863962,0.8997613365155132,-0.5874420563997695,-4.7889571933658255,80,6-8yr,one_frog_too_many,1041
ECSC_1042_1_75F_1042_YR1,0,256,0.8366013071895425,0.0,early,0.8366013071895425,0.869281045751634,4.459381940797757,-0.28123917953109245,75,6-8yr,boy_dog_frog,1042
ECSC_1042_1_75F_1042_YR1,1,256,0.8366013071895425,0.0,early,0.8366013071895425,0.869281045751634,4.459381940797757,-0.28123917953109245,75,6-8yr,boy_dog_frog,1042
ECSC_1042_1_75F_1042_YR1,5,258,0.8431372549019608,0.19999999999999932,early,0.8366013071895425,0.869281045751634,7.383665649169023,2.643044528840174,75,6-8yr,boy_dog_frog,1042
ECSC_1042_1_75F_1042_YR1,7,259,0.8464052287581699,0.299999999999999,mid,0.8366013071895425,0.869281045751634,6.7814225669260555,2.0408014465972064,75,6-8yr,boy_dog_frog,1042
ECSC_1042_1_75F_1042_YR1,11,261,0.8529411764705882,0.4999999999999983,mid,0.8366013071895425,0.869281045751634,3.4429552788234385,-1.2976658415054105,75,6-8yr,boy_dog_frog,1042
ECSC_1042_1_75F_1042_YR1,6,259,0.8464052287581699,0.299999999999999,mid,0.8366013071895425,0.869281045751634,6.7814225669260555,2.0408014465972064,75,6-8yr,boy_dog_frog,1042
ECSC_1042_1_75F_1042_YR1,14,263,0.8594771241830066,0.7000000000000011,late,0.8366013071895425,0.869281045751634,2.899035007016657,-1.841586113312192,75,6-8yr,boy_dog_frog,1042
ECSC_1042_1_75F_1042_YR1,15,263,0.8594771241830066,0.7000000000000011,late,0.8366013071895425,0.869281045751634,2.899035007016657,-1.841586113312192,75,6-8yr,boy_dog_frog,1042
ECSC_1042_1_75F_1042_YR1,19,266,0.869281045751634,1.0,late,0.8366013071895425,0.869281045751634,3.5592901254862355,-1.1813309948426136,75,6-8yr,boy_dog_frog,1042
ECSC_1042_2_75F_1042_YR2,1,270,0.4568527918781725,0.05090909090909089,early,0.4331641285956006,0.8984771573604061,9.677369228624258,4.242036939323845,75,6-8yr,frog_on_his_own,1042
ECSC_1042_2_75F_1042_YR2,4,313,0.5296108291032149,0.2072727272727274,early,0.4331641285956006,0.8984771573604061,0.5328404420024366,-4.902491847297976,75,6-8yr,frog_on_his_own,1042
ECSC_1042_2_75F_1042_YR2,2,284,0.4805414551607445,0.1018181818181819,early,0.4331641285956006,0.8984771573604061,3.35146523108018,-2.0838670582202328,75,6-8yr,frog_on_his_own,1042
ECSC_1042_2_75F_1042_YR2,13,444,0.751269035532995,0.6836363636363637,mid,0.4331641285956006,0.8984771573604061,8.619419756469437,3.1840874671690242,75,6-8yr,frog_on_his_own,1042
ECSC_1042_2_75F_1042_YR2,6,342,0.5786802030456852,0.31272727272727274,mid,0.4331641285956006,0.8984771573604061,7.492642429980652,2.057310140680239,75,6-8yr,frog_on_his_own,1042
ECSC_1042_2_75F_1042_YR2,10,400,0.676818950930626,0.5236363636363637,mid,0.4331641285956006,0.8984771573604061,1.7157509291934323,-3.7195813601069805,75,6-8yr,frog_on_his_own,1042
ECSC_1042_2_75F_1042_YR2,16,487,0.8240270727580372,0.84,late,0.4331641285956006,0.8984771573604061,0.1554753500493131,-5.2798569392511,75,6-8yr,frog_on_his_own,1042
ECSC_1042_2_75F_1042_YR2,19,531,0.8984771573604061,1.0,late,0.4331641285956006,0.8984771573604061,16.902929420641748,11.467597131341336,75,6-8yr,frog_on_his_own,1042
ECSC_1042_2_75F_1042_YR2,17,502,0.8494077834179357,0.8945454545454544,late,0.4331641285956006,0.8984771573604061,0.4700978156622604,-4.965234473638152,75,6-8yr,frog_on_his_own,1042
ECSC_1042_3_75F_1042_YR3,1,261,0.6574307304785895,0.04950495049504975,early,0.6448362720403022,0.8992443324937027,4.742585436318523,1.6748164889786135,75,6-8yr,boy_dog_frog,1042
ECSC_1042_3_75F_1042_YR3,4,277,0.6977329974811083,0.2079207920792079,early,0.6448362720403022,0.8992443324937027,6.439402707111743,3.3716337597718335,75,6-8yr,boy_dog_frog,1042
ECSC_1042_3_75F_1042_YR3,2,266,0.6700251889168766,0.09900990099009907,early,0.6448362720403022,0.8992443324937027,2.9999417169926703,-0.06782723034723892,75,6-8yr,boy_dog_frog,1042
ECSC_1042_3_75F_1042_YR3,13,325,0.818639798488665,0.6831683168316832,mid,0.6448362720403022,0.8992443324937027,1.0665679708683165,-2.001200976471593,75,6-8yr,boy_dog_frog,1042
ECSC_1042_3_75F_1042_YR3,6,287,0.7229219143576826,0.306930693069307,mid,0.6448362720403022,0.8992443324937027,0.9958870306386204,-2.071881916701289,75,6-8yr,boy_dog_frog,1042
ECSC_1042_3_75F_1042_YR3,10,309,0.7783375314861462,0.5247524752475251,mid,0.6448362720403022,0.8992443324937027,3.1763710477223785,0.10860210038246931,75,6-8yr,boy_dog_frog,1042
ECSC_1042_3_75F_1042_YR3,16,341,0.8589420654911839,0.8415841584158419,late,0.6448362720403022,0.8992443324937027,1.6302921009183695,-1.4374768464215397,75,6-8yr,boy_dog_frog,1042
ECSC_1042_3_75F_1042_YR3,19,357,0.8992443324937027,1.0,late,0.6448362720403022,0.8992443324937027,1.5491073505497202,-1.518661596790189,75,6-8yr,boy_dog_frog,1042
ECSC_1042_3_75F_1042_YR3,17,346,0.871536523929471,0.8910891089108911,late,0.6448362720403022,0.8992443324937027,5.009765164938843,1.9419962175989336,75,6-8yr,boy_dog_frog,1042
ECSC_1044_1_90F_1044_YR1,1,275,0.39568345323741,0.05149051490514891,early,0.3683453237410072,0.8992805755395683,4.4492772763160175,-5.618913144256668,90,6-8yr,frog_where_are_you,1044
ECSC_1044_1_90F_1044_YR1,4,333,0.479136690647482,0.20867208672086718,early,0.3683453237410072,0.8992805755395683,7.856171139635748,-2.2120192809369374,90,6-8yr,frog_where_are_you,1044
ECSC_1044_1_90F_1044_YR1,2,294,0.4230215827338129,0.10298102981029802,early,0.3683453237410072,0.8992805755395683,6.8551059590914,-3.2130844614812855,90,6-8yr,frog_where_are_you,1044
ECSC_1044_1_90F_1044_YR1,13,508,0.7309352517985611,0.6829268292682927,mid,0.3683453237410072,0.8992805755395683,4.479681275134876,-5.5885091454378095,90,6-8yr,frog_where_are_you,1044
ECSC_1044_1_90F_1044_YR1,6,372,0.5352517985611511,0.31436314363143647,mid,0.3683453237410072,0.8992805755395683,5.840034473914152,-4.228155946658534,90,6-8yr,frog_where_are_you,1044
ECSC_1044_1_90F_1044_YR1,10,450,0.6474820143884892,0.5257452574525746,mid,0.3683453237410072,0.8992805755395683,5.718158684208699,-4.350031736363986,90,6-8yr,frog_where_are_you,1044
ECSC_1044_1_90F_1044_YR1,16,566,0.814388489208633,0.8401084010840109,late,0.3683453237410072,0.8992805755395683,14.005425858002294,3.9372354374296084,90,6-8yr,frog_where_are_you,1044
ECSC_1044_1_90F_1044_YR1,19,625,0.8992805755395683,1.0,late,0.3683453237410072,0.8992805755395683,14.44407985016976,4.375889429597075,90,6-8yr,frog_where_are_you,1044
ECSC_1044_1_90F_1044_YR1,17,586,0.8431654676258993,0.8943089430894311,late,0.3683453237410072,0.8992805755395683,26.965779268681235,16.897588848108548,90,6-8yr,frog_where_are_you,1044
ECSC_1044_2_90F_1044_YR2,1,281,0.3452088452088452,0.052521008403361345,early,0.3144963144963145,0.8992628992628993,5.865425613293095,0.5316954169365413,90,6-8yr,frog_where_are_you,1044
ECSC_1044_2_90F_1044_YR2,4,356,0.4373464373464373,0.2100840336134453,early,0.3144963144963145,0.8992628992628993,5.790861118575105,0.45713092221855156,90,6-8yr,frog_where_are_you,1044
ECSC_1044_2_90F_1044_YR2,2,306,0.3759213759213759,0.10504201680672269,early,0.3144963144963145,0.8992628992628993,1.4938745454393525,-3.839855650917201,90,6-8yr,frog_where_are_you,1044
ECSC_1044_2_90F_1044_YR2,13,581,0.7137592137592138,0.6827731092436975,mid,0.3144963144963145,0.8992628992628993,2.4238633584418103,-2.909866837914743,90,6-8yr,frog_where_are_you,1044
ECSC_1044_2_90F_1044_YR2,6,406,0.4987714987714988,0.31512605042016806,mid,0.3144963144963145,0.8992628992628993,10.03629476782967,4.702564571473117,90,6-8yr,frog_where_are_you,1044
ECSC_1044_2_90F_1044_YR2,10,506,0.6216216216216216,0.5252100840336134,mid,0.3144963144963145,0.8992628992628993,3.856658230578432,-1.4770719657781215,90,6-8yr,frog_where_are_you,1044
ECSC_1044_2_90F_1044_YR2,16,656,0.8058968058968059,0.8403361344537814,late,0.3144963144963145,0.8992628992628993,3.7522366780403207,-1.5814935183162326,90,6-8yr,frog_where_are_you,1044
ECSC_1044_2_90F_1044_YR2,19,732,0.8992628992628993,1.0,late,0.3144963144963145,0.8992628992628993,4.845347476266642,-0.4883827200899109,90,6-8yr,frog_where_are_you,1044
ECSC_1044_2_90F_1044_YR2,17,681,0.8366093366093366,0.8928571428571428,late,0.3144963144963145,0.8992628992628993,9.939009978744558,4.6052797823880045,90,6-8yr,frog_where_are_you,1044
ECSC_1045_1_72F_1045_YR1,1,257,0.7981366459627329,0.0384615384615392,early,0.7950310559006211,0.8757763975155279,2.9340631725427535,1.0547134017822088,72,6-8yr,boy_dog_frog,1045
ECSC_1045_1_72F_1045_YR1,4,261,0.8105590062111802,0.19230769230769326,early,0.7950310559006211,0.8757763975155279,2.270440599904891,0.39109082914434623,72,6-8yr,boy_dog_frog,1045
ECSC_1045_1_72F_1045_YR1,2,258,0.8012422360248447,0.07692307692307702,early,0.7950310559006211,0.8757763975155279,1.6868720676668651,-0.1924777030936795,72,6-8yr,boy_dog_frog,1045
ECSC_1045_1_72F_1045_YR1,13,273,0.8478260869565217,0.6538461538461541,mid,0.7950310559006211,0.8757763975155279,2.4661749606688996,0.586825189908355,72,6-8yr,boy_dog_frog,1045
ECSC_1045_1_72F_1045_YR1,6,264,0.8198757763975155,0.3076923076923081,mid,0.7950310559006211,0.8757763975155279,1.9909402897761588,0.11159051901561412,72,6-8yr,boy_dog_frog,1045
ECSC_1045_1_72F_1045_YR1,10,269,0.8354037267080745,0.5,mid,0.7950310559006211,0.8757763975155279,2.196901955176955,0.3175521844164102,72,6-8yr,boy_dog_frog,1045
ECSC_1045_1_72F_1045_YR1,16,277,0.860248447204969,0.8076923076923082,late,0.7950310559006211,0.8757763975155279,1.4448120879070183,-0.43453768285352634,72,6-8yr,boy_dog_frog,1045
ECSC_1045_1_72F_1045_YR1,19,282,0.8757763975155279,1.0,late,0.7950310559006211,0.8757763975155279,0.9624571519085344,-0.9168926188520102,72,6-8yr,boy_dog_frog,1045
ECSC_1045_1_72F_1045_YR1,17,279,0.8664596273291926,0.8846153846153851,late,0.7950310559006211,0.8757763975155279,0.9614856512928256,-0.9178641194677191,72,6-8yr,boy_dog_frog,1045
ECSC_1045_2_72F_1045_YR2,1,263,0.5963718820861678,0.04999999999999982,early,0.5804988662131519,0.8979591836734694,8.071064116281319,3.8063430305080406,72,6-8yr,one_frog_too_many,1045
ECSC_1045_2_72F_1045_YR2,4,285,0.6462585034013606,0.20714285714285727,early,0.5804988662131519,0.8979591836734694,1.3205576066211204,-2.9441634791521576,72,6-8yr,one_frog_too_many,1045
ECSC_1045_2_72F_1045_YR2,2,270,0.6122448979591837,0.1,early,0.5804988662131519,0.8979591836734694,4.146358058528465,-0.11836302724481307,72,6-8yr,one_frog_too_many,1045
ECSC_1045_2_72F_1045_YR2,13,351,0.7959183673469388,0.6785714285714285,mid,0.5804988662131519,0.8979591836734694,1.0661117844219063,-3.1986093013513717,72,6-8yr,one_frog_too_many,1045
ECSC_1045_2_72F_1045_YR2,6,300,0.6802721088435374,0.31428571428571417,mid,0.5804988662131519,0.8979591836734694,-0.4156270388607872,-4.680348124634065,72,6-8yr,one_frog_too_many,1045
ECSC_1045_2_72F_1045_YR2,10,329,0.746031746031746,0.5214285714285715,mid,0.5804988662131519,0.8979591836734694,9.77217494478349,5.507453859010212,72,6-8yr,one_frog_too_many,1045
ECSC_1045_2_72F_1045_YR2,16,373,0.8458049886621315,0.8357142857142856,late,0.5804988662131519,0.8979591836734694,2.108010355600431,-2.156710730172847,72,6-8yr,one_frog_too_many,1045
ECSC_1045_2_72F_1045_YR2,19,396,0.8979591836734694,1.0,late,0.5804988662131519,0.8979591836734694,8.770983466323338,4.50626238055006,72,6-8yr,one_frog_too_many,1045
ECSC_1045_2_72F_1045_YR2,17,381,0.8639455782312925,0.8928571428571427,late,0.5804988662131519,0.8979591836734694,3.542856478260221,-0.7218646075130568,72,6-8yr,one_frog_too_many,1045
ECSC_1045_3_72F_1045_YR3,1,266,0.516504854368932,0.04830917874396133,early,0.4970873786407767,0.8990291262135922,4.735474316690389,-0.14703350254431768,72,6-8yr,frog_on_his_own,1045
ECSC_1045_3_72F_1045_YR3,4,299,0.5805825242718446,0.20772946859903382,early,0.4970873786407767,0.8990291262135922,10.40787272051771,5.5253649012830035,72,6-8yr,frog_on_his_own,1045
ECSC_1045_3_72F_1045_YR3,2,277,0.537864077669903,0.10144927536231901,early,0.4970873786407767,0.8990291262135922,4.45419531273841,-0.4283125064962974,72,6-8yr,frog_on_his_own,1045
ECSC_1045_3_72F_1045_YR3,13,397,0.7708737864077669,0.681159420289855,mid,0.4970873786407767,0.8990291262135922,2.0848621388275212,-2.797645680407186,72,6-8yr,frog_on_his_own,1045
ECSC_1045_3_72F_1045_YR3,6,321,0.6233009708737864,0.3140096618357489,mid,0.4970873786407767,0.8990291262135922,11.18038991066016,6.297882091425453,72,6-8yr,frog_on_his_own,1045
ECSC_1045_3_72F_1045_YR3,10,364,0.7067961165048544,0.5217391304347828,mid,0.4970873786407767,0.8990291262135922,3.319027907061468,-1.5634799121732392,72,6-8yr,frog_on_his_own,1045
ECSC_1045_3_72F_1045_YR3,16,430,0.8349514563106796,0.8405797101449275,late,0.4970873786407767,0.8990291262135922,0.4966284753079728,-4.385879343926734,72,6-8yr,frog_on_his_own,1045
ECSC_1045_3_72F_1045_YR3,19,463,0.8990291262135922,1.0,late,0.4970873786407767,0.8990291262135922,4.77664008754682,-0.1058677316878871,72,6-8yr,frog_on_his_own,1045
ECSC_1045_3_72F_1045_YR3,17,441,0.8563106796116505,0.8937198067632852,late,0.4970873786407767,0.8990291262135922,2.487479503761909,-2.395028315472798,72,6-8yr,frog_on_his_own,1045
ECSC_1047_2_71F_1047_YR2,1,260,0.6896551724137931,0.049382716049383095,early,0.6790450928381963,0.8938992042440318,5.684883152077145,-1.2250322954674546,71,4-6yr,frog_where_are_you,1047
ECSC_1047_2_71F_1047_YR2,4,273,0.7241379310344828,0.20987654320987673,early,0.6790450928381963,0.8938992042440318,2.7368770742281265,-4.173038373316473,71,4-6yr,frog_where_are_you,1047
ECSC_1047_2_71F_1047_YR2,2,264,0.7002652519893899,0.09876543209876566,early,0.6790450928381963,0.8938992042440318,4.1750195925161755,-2.734895855028424,71,4-6yr,frog_where_are_you,1047
ECSC_1047_2_71F_1047_YR2,13,311,0.8249336870026526,0.6790123456790127,mid,0.6790450928381963,0.8938992042440318,9.466970702204764,2.557055254660164,71,4-6yr,frog_where_are_you,1047
ECSC_1047_2_71F_1047_YR2,6,281,0.7453580901856764,0.3086419753086424,mid,0.6790450928381963,0.8938992042440318,3.3997435115528525,-3.510171935991747,71,4-6yr,frog_where_are_you,1047
ECSC_1047_2_71F_1047_YR2,10,298,0.7904509283819628,0.5185185185185186,mid,0.6790450928381963,0.8938992042440318,5.823532012545427,-1.0863834349991723,71,4-6yr,frog_where_are_you,1047
ECSC_1047_2_71F_1047_YR2,16,324,0.8594164456233422,0.8395061728395063,late,0.6790450928381963,0.8938992042440318,9.980826226750612,3.070910779206012,71,4-6yr,frog_where_are_you,1047
ECSC_1047_2_71F_1047_YR2,19,337,0.8938992042440318,1.0,late,0.6790450928381963,0.8938992042440318,10.104742766489478,3.1948273189448786,71,4-6yr,frog_where_are_you,1047
ECSC_1047_2_71F_1047_YR2,17,328,0.870026525198939,0.888888888888889,late,0.6790450928381963,0.8938992042440318,10.816643989536812,3.906728541992213,71,4-6yr,frog_where_are_you,1047
ECSC_1047_3_71F_1047_YR3,1,270,0.45,0.04929577464788729,early,0.4266666666666667,0.9,4.402788575199501,-0.47580058038069595,71,4-6yr,one_frog_too_many,1047
ECSC_1047_3_71F_1047_YR3,4,315,0.525,0.20774647887323944,early,0.4266666666666667,0.9,6.884627630633373,2.0060384750531766,71,4-6yr,one_frog_too_many,1047
ECSC_1047_3_71F_1047_YR3,2,285,0.475,0.10211267605633792,early,0.4266666666666667,0.9,2.3306279980622087,-2.547961157517988,71,4-6yr,one_frog_too_many,1047
ECSC_1047_3_71F_1047_YR3,13,450,0.75,0.6830985915492958,mid,0.4266666666666667,0.9,4.854007874101395,-0.024581281478801564,71,4-6yr,one_frog_too_many,1047
ECSC_1047_3_71F_1047_YR3,6,345,0.575,0.3133802816901407,mid,0.4266666666666667,0.9,3.8636981289992214,-1.0148910265809752,71,4-6yr,one_frog_too_many,1047
ECSC_1047_3_71F_1047_YR3,10,405,0.675,0.5246478873239437,mid,0.4266666666666667,0.9,10.763532669334056,5.88494351375386,71,4-6yr,one_frog_too_many,1047
ECSC_1047_3_71F_1047_YR3,16,495,0.825,0.8415492957746478,late,0.4266666666666667,0.9,3.870846859912575,-1.0077422956676214,71,4-6yr,one_frog_too_many,1047
ECSC_1047_3_71F_1047_YR3,19,540,0.9,1.0,late,0.4266666666666667,0.9,4.7841155006296185,-0.09447365495057802,71,4-6yr,one_frog_too_many,1047
ECSC_1047_3_71F_1047_YR3,17,510,0.85,0.8943661971830985,late,0.4266666666666667,0.9,2.153057163349819,-2.7255319922303776,71,4-6yr,one_frog_too_many,1047
ECSC_1048_2_85M_1048_YR2,1,263,0.581858407079646,0.04666666666666658,early,0.5663716814159292,0.8982300884955752,1.438133100437195,-5.918576729034055,85,6-8yr,one_frog_too_many,1048
ECSC_1048_2_85M_1048_YR2,4,287,0.6349557522123894,0.20666666666666683,early,0.5663716814159292,0.8982300884955752,6.3966874150490725,-0.9600224144221778,85,6-8yr,one_frog_too_many,1048
ECSC_1048_2_85M_1048_YR2,2,271,0.5995575221238938,0.1,early,0.5663716814159292,0.8982300884955752,3.3018410672204013,-4.054868762250849,85,6-8yr,one_frog_too_many,1048
ECSC_1048_2_85M_1048_YR2,13,358,0.7920353982300885,0.6800000000000002,mid,0.5663716814159292,0.8982300884955752,8.576525588149584,1.219815758678334,85,6-8yr,one_frog_too_many,1048
ECSC_1048_2_85M_1048_YR2,6,303,0.6703539823008849,0.31333333333333335,mid,0.5663716814159292,0.8982300884955752,24.686481028960394,17.329771199489144,85,6-8yr,one_frog_too_many,1048
ECSC_1048_2_85M_1048_YR2,10,334,0.7389380530973452,0.5200000000000002,mid,0.5663716814159292,0.8982300884955752,5.803281022084331,-1.5534288073869194,85,6-8yr,one_frog_too_many,1048
ECSC_1048_2_85M_1048_YR2,16,382,0.8451327433628318,0.8400000000000001,late,0.5663716814159292,0.8982300884955752,3.5518345544048575,-3.804875275066393,85,6-8yr,one_frog_too_many,1048
ECSC_1048_2_85M_1048_YR2,19,406,0.8982300884955752,1.0,late,0.5663716814159292,0.8982300884955752,7.376568042834144,0.01985821336289373,85,6-8yr,one_frog_too_many,1048
ECSC_1048_2_85M_1048_YR2,17,390,0.8628318584070797,0.8933333333333335,late,0.5663716814159292,0.8982300884955752,5.079036646101271,-2.2776731833699797,85,6-8yr,one_frog_too_many,1048
ECSC_1048_3_85M_1048_YR3,1,258,0.7413793103448276,0.038461538461538776,early,0.735632183908046,0.8850574712643678,4.815487668440266,-4.78981601705218,85,6-8yr,one_frog_too_many,1048
ECSC_1048_3_85M_1048_YR3,4,266,0.764367816091954,0.1923076923076924,early,0.735632183908046,0.8850574712643678,4.104855306450078,-5.500448379042368,85,6-8yr,one_frog_too_many,1048
ECSC_1048_3_85M_1048_YR3,2,261,0.75,0.0961538461538462,early,0.735632183908046,0.8850574712643678,4.083429100487722,-5.521874585004724,85,6-8yr,one_frog_too_many,1048
ECSC_1048_3_85M_1048_YR3,13,291,0.8362068965517241,0.6730769230769227,mid,0.735632183908046,0.8850574712643678,19.2317743051468,9.626470619654354,85,6-8yr,one_frog_too_many,1048
ECSC_1048_3_85M_1048_YR3,6,272,0.7816091954022989,0.307692307692308,mid,0.735632183908046,0.8850574712643678,3.4597696921935572,-6.145533993298889,85,6-8yr,one_frog_too_many,1048
ECSC_1048_3_85M_1048_YR3,10,283,0.8132183908045977,0.519230769230769,mid,0.735632183908046,0.8850574712643678,23.206455644129928,13.601151958637482,85,6-8yr,one_frog_too_many,1048
ECSC_1048_3_85M_1048_YR3,16,299,0.8591954022988506,0.826923076923077,late,0.735632183908046,0.8850574712643678,12.296898403069118,2.691594717576672,85,6-8yr,one_frog_too_many,1048
ECSC_1048_3_85M_1048_YR3,19,308,0.8850574712643678,1.0,late,0.735632183908046,0.8850574712643678,9.266632101788492,-0.3386715837039542,85,6-8yr,one_frog_too_many,1048
ECSC_1048_3_85M_1048_YR3,17,302,0.867816091954023,0.8846153846153845,late,0.735632183908046,0.8850574712643678,5.982430947726055,-3.622872737766391,85,6-8yr,one_frog_too_many,1048
ECSC_1053_1_65M_1053_YR1,1,256,0.839344262295082,0.0,early,0.839344262295082,0.8688524590163934,11.745297795764138,-1.1180081608378831,65,4-6yr,frog_where_are_you,1053
ECSC_1053_1_65M_1053_YR1,4,257,0.8426229508196721,0.11111111111110986,early,0.839344262295082,0.8688524590163934,11.801858630982736,-1.0614473256192856,65,4-6yr,frog_where_are_you,1053
ECSC_1053_1_65M_1053_YR1,2,256,0.839344262295082,0.0,early,0.839344262295082,0.8688524590163934,11.745297795764138,-1.1180081608378831,65,4-6yr,frog_where_are_you,1053
ECSC_1053_1_65M_1053_YR1,13,262,0.8590163934426229,0.6666666666666666,mid,0.839344262295082,0.8688524590163934,12.862887536715542,-0.00041841988647917105,65,4-6yr,frog_where_are_you,1053
ECSC_1053_1_65M_1053_YR1,6,258,0.8459016393442623,0.2222222222222235,mid,0.839344262295082,0.8688524590163934,11.376217918264713,-1.4870880383373084,65,4-6yr,frog_where_are_you,1053
ECSC_1053_1_65M_1053_YR1,10,260,0.8524590163934426,0.4444444444444432,mid,0.839344262295082,0.8688524590163934,12.655032911166169,-0.20827304543585257,65,4-6yr,frog_where_are_you,1053
ECSC_1053_1_65M_1053_YR1,16,263,0.8622950819672132,0.7777777777777802,late,0.839344262295082,0.8688524590163934,15.066676795157171,2.2033708385551503,65,4-6yr,frog_where_are_you,1053
ECSC_1053_1_65M_1053_YR1,19,265,0.8688524590163934,1.0,late,0.839344262295082,0.8688524590163934,13.604354710248325,0.7410487536463037,65,4-6yr,frog_where_are_you,1053
ECSC_1053_1_65M_1053_YR1,17,264,0.8655737704918033,0.8888888888888902,late,0.839344262295082,0.8688524590163934,14.912129515355256,2.0488235587532344,65,4-6yr,frog_where_are_you,1053
ECSC_1053_2_65M_1053_YR2,1,263,0.6018306636155606,0.051094890510948746,early,0.585812356979405,0.8993135011441648,14.675525147351074,8.980633775734713,65,4-6yr,boy_dog_frog,1053
ECSC_1053_2_65M_1053_YR2,4,284,0.6498855835240275,0.20437956204379568,early,0.585812356979405,0.8993135011441648,3.6942333352371097,-2.000658036379252,65,4-6yr,boy_dog_frog,1053
ECSC_1053_2_65M_1053_YR2,2,270,0.6178489702517163,0.10218978102189784,early,0.585812356979405,0.8993135011441648,10.354148095171656,4.659256723555294,65,4-6yr,boy_dog_frog,1053
ECSC_1053_2_65M_1053_YR2,13,349,0.7986270022883295,0.6788321167883211,mid,0.585812356979405,0.8993135011441648,2.223939370901448,-3.470952000714914,65,4-6yr,boy_dog_frog,1053
ECSC_1053_2_65M_1053_YR2,6,299,0.6842105263157895,0.3138686131386862,mid,0.585812356979405,0.8993135011441648,5.522090049736281,-0.17280132188008057,65,4-6yr,boy_dog_frog,1053
ECSC_1053_2_65M_1053_YR2,10,328,0.7505720823798627,0.5255474452554746,mid,0.585812356979405,0.8993135011441648,9.05910763837025,3.364216266753888,65,4-6yr,boy_dog_frog,1053
ECSC_1053_2_65M_1053_YR2,16,371,0.8489702517162472,0.8394160583941608,late,0.585812356979405,0.8993135011441648,2.306141014128059,-3.388750357488303,65,4-6yr,boy_dog_frog,1053
ECSC_1053_2_65M_1053_YR2,19,393,0.8993135011441648,1.0,late,0.585812356979405,0.8993135011441648,2.82252748300908,-2.872363888607282,65,4-6yr,boy_dog_frog,1053
ECSC_1053_2_65M_1053_YR2,17,378,0.8649885583524027,0.8905109489051095,late,0.585812356979405,0.8993135011441648,0.5963102106423026,-5.098581160974059,65,4-6yr,boy_dog_frog,1053
ECSC_1053_3_65M_1053_YR3,1,256,0.8311688311688312,0.0,early,0.8311688311688312,0.8701298701298701,13.018792373213447,1.803039817907262,65,4-6yr,frog_where_are_you,1053
ECSC_1053_3_65M_1053_YR3,4,258,0.8376623376623377,0.1666666666666657,early,0.8311688311688312,0.8701298701298701,9.274257048726142,-1.9414955065800434,65,4-6yr,frog_where_are_you,1053
ECSC_1053_3_65M_1053_YR3,2,257,0.8344155844155844,0.08333333333333143,early,0.8311688311688312,0.8701298701298701,11.705351607730286,0.48959905242410073,65,4-6yr,frog_where_are_you,1053
ECSC_1053_3_65M_1053_YR3,13,264,0.8571428571428571,0.6666666666666657,mid,0.8311688311688312,0.8701298701298701,10.718967868232353,-0.4967846870738324,65,4-6yr,frog_where_are_you,1053
ECSC_1053_3_65M_1053_YR3,6,259,0.8409090909090909,0.25,mid,0.8311688311688312,0.8701298701298701,10.415783704375423,-0.7999688509307621,65,4-6yr,frog_where_are_you,1053
ECSC_1053_3_65M_1053_YR3,10,262,0.8506493506493507,0.5,mid,0.8311688311688312,0.8701298701298701,10.226186035356047,-0.989566519950138,65,4-6yr,frog_where_are_you,1053
ECSC_1053_3_65M_1053_YR3,16,266,0.8636363636363636,0.8333333333333343,late,0.8311688311688312,0.8701298701298701,12.186347262695724,0.9705947073895391,65,4-6yr,frog_where_are_you,1053
ECSC_1053_3_65M_1053_YR3,19,268,0.8701298701298701,1.0,late,0.8311688311688312,0.8701298701298701,11.209739834730517,-0.006012720575668595,65,4-6yr,frog_where_are_you,1053
ECSC_1053_3_65M_1053_YR3,17,266,0.8636363636363636,0.8333333333333343,late,0.8311688311688312,0.8701298701298701,12.186347262695724,0.9705947073895391,65,4-6yr,frog_where_are_you,1053
ECSC_1054_1_89F_1054_YR1,1,262,0.6252983293556086,0.04958677685950401,early,0.6109785202863962,0.8997613365155132,9.98799319942562,2.266556225195983,89,6-8yr,one_frog_too_many,1054
ECSC_1054_1_89F_1054_YR1,4,281,0.6706443914081146,0.20661157024793395,early,0.6109785202863962,0.8997613365155132,25.752882215157836,18.0314452409282,89,6-8yr,one_frog_too_many,1054
ECSC_1054_1_89F_1054_YR1,2,268,0.639618138424821,0.09917355371900802,early,0.6109785202863962,0.8997613365155132,7.159001516324665,-0.5624354579049724,89,6-8yr,one_frog_too_many,1054
ECSC_1054_1_89F_1054_YR1,13,338,0.8066825775656324,0.677685950413223,mid,0.6109785202863962,0.8997613365155132,4.563417373089312,-3.1580196011403254,89,6-8yr,one_frog_too_many,1054
ECSC_1054_1_89F_1054_YR1,6,294,0.7016706443914081,0.3140495867768595,mid,0.6109785202863962,0.8997613365155132,11.01129958811281,3.289862613883172,89,6-8yr,one_frog_too_many,1054
ECSC_1054_1_89F_1054_YR1,10,319,0.7613365155131265,0.5206611570247934,mid,0.6109785202863962,0.8997613365155132,6.913886786973544,-0.8075501872560933,89,6-8yr,one_frog_too_many,1054
ECSC_1054_1_89F_1054_YR1,16,357,0.8520286396181385,0.8347107438016529,late,0.6109785202863962,0.8997613365155132,0.937733658398452,-6.783703315831185,89,6-8yr,one_frog_too_many,1054
ECSC_1054_1_89F_1054_YR1,19,377,0.8997613365155132,1.0,late,0.6109785202863962,0.8997613365155132,2.0825351947191786,-5.638901779510459,89,6-8yr,one_frog_too_many,1054
ECSC_1054_1_89F_1054_YR1,17,364,0.8687350835322196,0.8925619834710744,late,0.6109785202863962,0.8997613365155132,1.0841832358653134,-6.637253738364324,89,6-8yr,one_frog_too_many,1054
ECSC_1054_2_89F_1054_YR2,1,265,0.5532359081419624,0.051428571428571615,early,0.534446764091858,0.8997912317327766,3.516397593817264,-2.0464403016799912,89,6-8yr,frog_on_his_own,1054
ECSC_1054_2_89F_1054_YR2,4,292,0.6096033402922756,0.20571428571428585,early,0.534446764091858,0.8997912317327766,15.931406722297629,10.368568826800374,89,6-8yr,frog_on_his_own,1054
ECSC_1054_2_89F_1054_YR2,2,274,0.5720250521920668,0.10285714285714292,early,0.534446764091858,0.8997912317327766,6.336821827450654,0.7739839319533992,89,6-8yr,frog_on_his_own,1054
ECSC_1054_2_89F_1054_YR2,13,375,0.7828810020876826,0.6799999999999999,mid,0.534446764091858,0.8997912317327766,2.7566715250489047,-2.8061663704483504,89,6-8yr,frog_on_his_own,1054
ECSC_1054_2_89F_1054_YR2,6,311,0.6492693110647182,0.31428571428571445,mid,0.534446764091858,0.8997912317327766,12.08644749108089,6.523609595583634,89,6-8yr,frog_on_his_own,1054
ECSC_1054_2_89F_1054_YR2,10,348,0.7265135699373695,0.5257142857142857,mid,0.534446764091858,0.8997912317327766,2.67026270189581,-2.892575193601445,89,6-8yr,frog_on_his_own,1054
ECSC_1054_2_89F_1054_YR2,16,403,0.8413361169102297,0.8400000000000001,late,0.534446764091858,0.8997912317327766,3.537268799291148,-2.025569096206107,89,6-8yr,frog_on_his_own,1054
ECSC_1054_2_89F_1054_YR2,19,431,0.8997912317327766,1.0,late,0.534446764091858,0.8997912317327766,1.0972162492339432,-4.465621646263312,89,6-8yr,frog_on_his_own,1054
ECSC_1054_2_89F_1054_YR2,17,412,0.860125260960334,0.8914285714285715,late,0.534446764091858,0.8997912317327766,2.1330481493590483,-3.4297897461382068,89,6-8yr,frog_on_his_own,1054
ECSC_1054_3_89F_1054_YR3,1,263,0.5896860986547086,0.04827586206896565,early,0.5739910313901345,0.899103139013453,6.116598508342606,2.4857895115507223,89,6-8yr,one_frog_too_many,1054
ECSC_1054_3_89F_1054_YR3,4,286,0.6412556053811659,0.20689655172413782,early,0.5739910313901345,0.899103139013453,1.9785746544471268,-1.652234342344757,89,6-8yr,one_frog_too_many,1054
ECSC_1054_3_89F_1054_YR3,2,271,0.6076233183856502,0.10344827586206891,early,0.5739910313901345,0.899103139013453,4.997843098011519,1.3670341012196356,89,6-8yr,one_frog_too_many,1054
ECSC_1054_3_89F_1054_YR3,13,355,0.7959641255605381,0.682758620689655,mid,0.5739910313901345,0.899103139013453,6.45500822265148,2.824199225859596,89,6-8yr,one_frog_too_many,1054
ECSC_1054_3_89F_1054_YR3,6,301,0.6748878923766816,0.31034482758620674,mid,0.5739910313901345,0.899103139013453,2.5530154069384228,-1.077793589853461,89,6-8yr,one_frog_too_many,1054
ECSC_1054_3_89F_1054_YR3,10,332,0.7443946188340808,0.5241379310344828,mid,0.5739910313901345,0.899103139013453,4.25867286096198,0.627863864170096,89,6-8yr,one_frog_too_many,1054
ECSC_1054_3_89F_1054_YR3,16,378,0.8475336322869955,0.8413793103448275,late,0.5739910313901345,0.899103139013453,2.537716146739104,-1.0930928500527797,89,6-8yr,one_frog_too_many,1054
ECSC_1054_3_89F_1054_YR3,19,401,0.899103139013453,1.0,late,0.5739910313901345,0.899103139013453,2.7421472489560177,-0.888661747835866,89,6-8yr,one_frog_too_many,1054
ECSC_1054_3_89F_1054_YR3,17,385,0.8632286995515696,0.8896551724137931,late,0.5739910313901345,0.899103139013453,1.0377048240786984,-2.5931041727131854,89,6-8yr,one_frog_too_many,1054
ECSC_1055_1_64M_1055_YR1,0,256,0.8338762214983714,0.0,early,0.8338762214983714,0.8697068403908795,3.99363613641549,0.4210153598306019,64,4-6yr,one_frog_too_many,1055
ECSC_1055_1_64M_1055_YR1,1,256,0.8338762214983714,0.0,early,0.8338762214983714,0.8697068403908795,3.99363613641549,0.4210153598306019,64,4-6yr,one_frog_too_many,1055
ECSC_1055_1_64M_1055_YR1,5,258,0.8403908794788274,0.18181818181818182,early,0.8338762214983714,0.8697068403908795,3.260746821580942,-0.311873955003946,64,4-6yr,one_frog_too_many,1055
ECSC_1055_1_64M_1055_YR1,7,260,0.8469055374592834,0.36363636363636365,mid,0.8338762214983714,0.8697068403908795,3.9309835962108624,0.35836281962597427,64,4-6yr,one_frog_too_many,1055
ECSC_1055_1_64M_1055_YR1,11,262,0.8534201954397395,0.5454545454545454,mid,0.8338762214983714,0.8697068403908795,3.2881486277276917,-0.2844721488571964,64,4-6yr,one_frog_too_many,1055
ECSC_1055_1_64M_1055_YR1,6,259,0.8436482084690554,0.2727272727272727,mid,0.8338762214983714,0.8697068403908795,3.565081210449228,-0.007539566135660092,64,4-6yr,one_frog_too_many,1055
ECSC_1055_1_64M_1055_YR1,14,264,0.8599348534201955,0.7272727272727273,late,0.8338762214983714,0.8697068403908795,3.567402303580563,-0.005218473004325208,64,4-6yr,one_frog_too_many,1055
ECSC_1055_1_64M_1055_YR1,15,264,0.8599348534201955,0.7272727272727273,late,0.8338762214983714,0.8697068403908795,3.567402303580563,-0.005218473004325208,64,4-6yr,one_frog_too_many,1055
ECSC_1055_1_64M_1055_YR1,19,267,0.8697068403908795,1.0,late,0.8338762214983714,0.8697068403908795,2.986549853303164,-0.5860709232817243,64,4-6yr,one_frog_too_many,1055
ECSC_1055_3_64M_1055_YR3,1,259,0.7295774647887324,0.05084745762711858,early,0.7211267605633803,0.8873239436619719,7.614669948223387,1.1938180289224896,64,4-6yr,one_frog_too_many,1055
ECSC_1055_3_64M_1055_YR3,4,268,0.7549295774647887,0.2033898305084743,early,0.7211267605633803,0.8873239436619719,4.652912724393623,-1.7679391949072745,64,4-6yr,one_frog_too_many,1055
ECSC_1055_3_64M_1055_YR3,2,262,0.7380281690140845,0.10169491525423716,early,0.7211267605633803,0.8873239436619719,7.611811779052612,1.1909598597517146,64,4-6yr,one_frog_too_many,1055
ECSC_1055_3_64M_1055_YR3,13,296,0.8338028169014085,0.677966101694915,mid,0.7211267605633803,0.8873239436619719,4.96449830407953,-1.4563536152213672,64,4-6yr,one_frog_too_many,1055
ECSC_1055_3_64M_1055_YR3,6,274,0.7718309859154929,0.30508474576271144,mid,0.7211267605633803,0.8873239436619719,5.40652770894507,-1.0143242103558272,64,4-6yr,one_frog_too_many,1055
ECSC_1055_3_64M_1055_YR3,10,287,0.8084507042253521,0.5254237288135593,mid,0.7211267605633803,0.8873239436619719,5.910634704650281,-0.5102172146506163,64,4-6yr,one_frog_too_many,1055
ECSC_1055_3_64M_1055_YR3,16,305,0.8591549295774648,0.8305084745762707,late,0.7211267605633803,0.8873239436619719,9.138778819710373,2.7179269004094753,64,4-6yr,one_frog_too_many,1055
ECSC_1055_3_64M_1055_YR3,19,315,0.8873239436619719,1.0,late,0.7211267605633803,0.8873239436619719,7.1025878625125785,0.681735943211681,64,4-6yr,one_frog_too_many,1055
ECSC_1055_3_64M_1055_YR3,17,308,0.8676056338028169,0.8813559322033894,late,0.7211267605633803,0.8873239436619719,5.385245422140628,-1.0356064971602699,64,4-6yr,one_frog_too_many,1055
ECSC_1056_1_97M_1056_YR1,1,278,0.3624511082138201,0.05069124423963148,early,0.3337679269882659,0.8996088657105606,10.083992411417722,0.8581917297000565,97,8-10yr,one_frog_too_many,1056
ECSC_1056_1_97M_1056_YR1,4,347,0.4524119947848761,0.20967741935483872,early,0.3337679269882659,0.8996088657105606,5.840719555906814,-3.385081125810851,97,8-10yr,one_frog_too_many,1056
ECSC_1056_1_97M_1056_YR1,2,301,0.3924380704041721,0.1036866359447006,early,0.3337679269882659,0.8996088657105606,10.52753819735748,1.3017375156398145,97,8-10yr,one_frog_too_many,1056
ECSC_1056_1_97M_1056_YR1,13,552,0.7196870925684485,0.6820276497695854,mid,0.3337679269882659,0.8996088657105606,21.228365836801956,12.002565155084291,97,8-10yr,one_frog_too_many,1056
ECSC_1056_1_97M_1056_YR1,6,393,0.5123859191655802,0.31566820276497704,mid,0.3337679269882659,0.8996088657105606,13.554567042211788,4.328766360494123,97,8-10yr,one_frog_too_many,1056
ECSC_1056_1_97M_1056_YR1,10,484,0.6310299869621904,0.5253456221198158,mid,0.3337679269882659,0.8996088657105606,4.668309485523118,-4.557491196194547,97,8-10yr,one_frog_too_many,1056
ECSC_1056_1_97M_1056_YR1,16,621,0.8096479791395046,0.8410138248847927,late,0.3337679269882659,0.8996088657105606,4.3132116542820595,-4.912589027435605,97,8-10yr,one_frog_too_many,1056
ECSC_1056_1_97M_1056_YR1,19,690,0.8996088657105606,1.0,late,0.3337679269882659,0.8996088657105606,3.9251065186662535,-5.3006941630514115,97,8-10yr,one_frog_too_many,1056
ECSC_1056_1_97M_1056_YR1,17,644,0.8396349413298566,0.8940092165898618,late,0.3337679269882659,0.8996088657105606,8.890395433291786,-0.3354052484258787,97,8-10yr,one_frog_too_many,1056
ECSC_1056_2_97M_1056_YR2,1,258,0.7701492537313432,0.051282051282050864,early,0.764179104477612,0.8805970149253731,10.45686095183034,5.314787036489136,97,8-10yr,one_frog_too_many,1056
ECSC_1056_2_97M_1056_YR2,4,264,0.7880597014925373,0.20512820512820537,early,0.764179104477612,0.8805970149253731,3.8061442320804617,-1.335929683260742,97,8-10yr,one_frog_too_many,1056
ECSC_1056_2_97M_1056_YR2,2,260,0.7761194029850746,0.10256410256410269,early,0.764179104477612,0.8805970149253731,6.301110425307677,1.159036509966473,97,8-10yr,one_frog_too_many,1056
ECSC_1056_2_97M_1056_YR2,13,282,0.8417910447761194,0.666666666666667,mid,0.764179104477612,0.8805970149253731,4.912225210723597,-0.22984870461760654,97,8-10yr,one_frog_too_many,1056
ECSC_1056_2_97M_1056_YR2,6,268,0.8,0.30769230769230804,mid,0.764179104477612,0.8805970149253731,4.4687339806664905,-0.6733399346747131,97,8-10yr,one_frog_too_many,1056
ECSC_1056_2_97M_1056_YR2,10,276,0.8238805970149253,0.5128205128205124,mid,0.764179104477612,0.8805970149253731,4.913070764795473,-0.22900315054573017,97,8-10yr,one_frog_too_many,1056
ECSC_1056_2_97M_1056_YR2,16,288,0.8597014925373134,0.8205128205128205,late,0.764179104477612,0.8805970149253731,4.487642821264796,-0.6544310940764078,97,8-10yr,one_frog_too_many,1056
ECSC_1056_2_97M_1056_YR2,19,295,0.8805970149253731,1.0,late,0.764179104477612,0.8805970149253731,3.36216329602114,-1.7799106193200638,97,8-10yr,one_frog_too_many,1056
ECSC_1056_2_97M_1056_YR2,17,290,0.8656716417910447,0.8717948717948714,late,0.764179104477612,0.8805970149253731,3.5707135553808538,-1.5713603599603498,97,8-10yr,one_frog_too_many,1056
ECSC_1056_3_97M_1056_YR3,1,264,0.5776805251641138,0.05161290322580666,early,0.5601750547045952,0.899343544857768,5.296898475763374,-2.5959629794457513,97,8-10yr,unknown,1056
ECSC_1056_3_97M_1056_YR3,4,288,0.6301969365426696,0.20645161290322597,early,0.5601750547045952,0.899343544857768,26.57545659246142,18.682595137252296,97,8-10yr,unknown,1056
ECSC_1056_3_97M_1056_YR3,2,272,0.5951859956236324,0.10322580645161299,early,0.5601750547045952,0.899343544857768,11.248226039959306,3.3553645847501805,97,8-10yr,unknown,1056
ECSC_1056_3_97M_1056_YR3,13,362,0.7921225382932167,0.6838709677419357,mid,0.5601750547045952,0.899343544857768,4.790946642545956,-3.1019148126631695,97,8-10yr,unknown,1056
ECSC_1056_3_97M_1056_YR3,6,304,0.6652078774617067,0.3096774193548386,mid,0.5601750547045952,0.899343544857768,5.27047828452803,-2.622383170681095,97,8-10yr,unknown,1056
ECSC_1056_3_97M_1056_YR3,10,337,0.737417943107221,0.5225806451612903,mid,0.5601750547045952,0.899343544857768,2.7498882417029575,-5.142973213506168,97,8-10yr,unknown,1056
ECSC_1056_3_97M_1056_YR3,16,386,0.8446389496717724,0.838709677419355,late,0.5601750547045952,0.899343544857768,5.793692258455707,-2.0991691967534187,97,8-10yr,unknown,1056
ECSC_1056_3_97M_1056_YR3,19,411,0.899343544857768,1.0,late,0.5601750547045952,0.899343544857768,5.689171961269569,-2.2036894939395566,97,8-10yr,unknown,1056
ECSC_1056_3_97M_1056_YR3,17,394,0.862144420131291,0.8903225806451613,late,0.5601750547045952,0.899343544857768,3.620994600195816,-4.271866855013309,97,8-10yr,unknown,1056
ECSC_1057_1_67F_1057_YR1,1,267,0.504725897920605,0.05000000000000007,early,0.4839319470699433,0.8998109640831758,2.9787703144571944,-0.7776332842280564,67,4-6yr,frog_on_his_own,1057
ECSC_1057_1_67F_1057_YR1,4,302,0.5708884688090737,0.20909090909090908,early,0.4839319470699433,0.8998109640831758,5.1904942519452195,1.4340906532599687,67,4-6yr,frog_on_his_own,1057
ECSC_1057_1_67F_1057_YR1,2,279,0.5274102079395085,0.10454545454545461,early,0.4839319470699433,0.8998109640831758,1.8454969168003872,-1.9109066818848637,67,4-6yr,frog_on_his_own,1057
ECSC_1057_1_67F_1057_YR1,13,406,0.7674858223062382,0.6818181818181818,mid,0.4839319470699433,0.8998109640831758,10.33829525525206,6.581891656566809,67,4-6yr,frog_on_his_own,1057
ECSC_1057_1_67F_1057_YR1,6,325,0.6143667296786389,0.31363636363636355,mid,0.4839319470699433,0.8998109640831758,2.1708740879496418,-1.585529510735609,67,4-6yr,frog_on_his_own,1057
ECSC_1057_1_67F_1057_YR1,10,371,0.7013232514177694,0.5227272727272727,mid,0.4839319470699433,0.8998109640831758,2.526909530803481,-1.2294940678817698,67,4-6yr,frog_on_his_own,1057
ECSC_1057_1_67F_1057_YR1,16,441,0.833648393194707,0.8409090909090907,late,0.4839319470699433,0.8998109640831758,1.5543672728300413,-2.2020363258552096,67,4-6yr,frog_on_his_own,1057
ECSC_1057_1_67F_1057_YR1,19,476,0.8998109640831758,1.0,late,0.4839319470699433,0.8998109640831758,6.611849937886628,2.8554463392013774,67,4-6yr,frog_on_his_own,1057
ECSC_1057_1_67F_1057_YR1,17,452,0.8544423440453687,0.890909090909091,late,0.4839319470699433,0.8998109640831758,0.5905748202426038,-3.165828778442647,67,4-6yr,frog_on_his_own,1057
ECSC_1057_2_67F_1057_YR2,1,258,0.7655786350148368,0.04878048780487792,early,0.7596439169139466,0.8813056379821959,8.349291780805522,2.126844983100116,67,4-6yr,boy_dog_frog,1057
ECSC_1057_2_67F_1057_YR2,4,264,0.7833827893175074,0.19512195121951167,early,0.7596439169139466,0.8813056379821959,6.163787275741157,-0.05865952196424917,67,4-6yr,boy_dog_frog,1057
ECSC_1057_2_67F_1057_YR2,2,260,0.771513353115727,0.09756097560975584,early,0.7596439169139466,0.8813056379821959,9.569669849784695,3.347223052079289,67,4-6yr,boy_dog_frog,1057
ECSC_1057_2_67F_1057_YR2,13,284,0.8427299703264095,0.6829268292682926,mid,0.7596439169139466,0.8813056379821959,4.516872192826572,-1.7055746048788345,67,4-6yr,boy_dog_frog,1057
ECSC_1057_2_67F_1057_YR2,6,268,0.7952522255192879,0.2926829268292684,mid,0.7596439169139466,0.8813056379821959,4.247334738202509,-1.975112059502897,67,4-6yr,boy_dog_frog,1057
ECSC_1057_2_67F_1057_YR2,10,277,0.8219584569732937,0.512195121951219,mid,0.7596439169139466,0.8813056379821959,5.284444424435026,-0.9380023732703799,67,4-6yr,boy_dog_frog,1057
ECSC_1057_2_67F_1057_YR2,16,290,0.8605341246290801,0.8292682926829263,late,0.7596439169139466,0.8813056379821959,4.160333935067161,-2.0621128626382452,67,4-6yr,boy_dog_frog,1057
ECSC_1057_2_67F_1057_YR2,19,297,0.8813056379821959,1.0,late,0.7596439169139466,0.8813056379821959,8.753989845248167,2.531543047542761,67,4-6yr,boy_dog_frog,1057
ECSC_1057_2_67F_1057_YR2,17,292,0.8664688427299704,0.8780487804878052,late,0.7596439169139466,0.8813056379821959,4.956297137237847,-1.2661496604675593,67,4-6yr,boy_dog_frog,1057
ECSC_1057_3_67F_1057_YR3,1,268,0.4972170686456401,0.05240174672489083,early,0.4749536178107607,0.8998144712430427,1.7531919536482263,-1.7830050594295823,67,4-6yr,one_frog_too_many,1057
ECSC_1057_3_67F_1057_YR3,4,304,0.5640074211502782,0.20960698689956317,early,0.4749536178107607,0.8998144712430427,2.240342037746053,-1.2958549753317556,67,4-6yr,one_frog_too_many,1057
ECSC_1057_3_67F_1057_YR3,2,280,0.5194805194805194,0.10480349344978152,early,0.4749536178107607,0.8998144712430427,0.51106775759951,-3.0251292554782987,67,4-6yr,one_frog_too_many,1057
ECSC_1057_3_67F_1057_YR3,13,412,0.764378478664193,0.6812227074235807,mid,0.4749536178107607,0.8998144712430427,1.065554930098287,-2.4706420829795217,67,4-6yr,one_frog_too_many,1057
ECSC_1057_3_67F_1057_YR3,6,328,0.608534322820037,0.3144104803493448,mid,0.4749536178107607,0.8998144712430427,5.036767897574859,1.5005708844970505,67,4-6yr,one_frog_too_many,1057
ECSC_1057_3_67F_1057_YR3,10,376,0.6975881261595547,0.5240174672489081,mid,0.4749536178107607,0.8998144712430427,5.2356926955897265,1.6994956825119178,67,4-6yr,one_frog_too_many,1057
ECSC_1057_3_67F_1057_YR3,16,448,0.8311688311688312,0.8384279475982533,late,0.4749536178107607,0.8998144712430427,3.467006856874633,-0.06919015620317559,67,4-6yr,one_frog_too_many,1057
ECSC_1057_3_67F_1057_YR3,19,485,0.8998144712430427,1.0,late,0.4749536178107607,0.8998144712430427,6.295229186395774,2.7590321733179657,67,4-6yr,one_frog_too_many,1057
ECSC_1057_3_67F_1057_YR3,17,460,0.8534322820037106,0.8908296943231441,late,0.4749536178107607,0.8998144712430427,6.220919802173206,2.6847227890953977,67,4-6yr,one_frog_too_many,1057
ECSC_1058_1_86F_1058_YR1,1,267,0.5076045627376425,0.050691244239631235,early,0.4866920152091255,0.8992395437262357,4.438810422219054,0.3663770283372445,86,6-8yr,frog_where_are_you,1058
ECSC_1058_1_86F_1058_YR1,4,301,0.5722433460076045,0.20737327188940083,early,0.4866920152091255,0.8992395437262357,2.699696708377054,-1.372736685504755,86,6-8yr,frog_where_are_you,1058
ECSC_1058_1_86F_1058_YR1,2,278,0.5285171102661597,0.10138248847926261,early,0.4866920152091255,0.8992395437262357,5.0562116760933495,0.9837782822115404,86,6-8yr,frog_where_are_you,1058
ECSC_1058_1_86F_1058_YR1,13,404,0.7680608365019012,0.6820276497695853,mid,0.4866920152091255,0.8992395437262357,3.158196146546512,-0.9142372473352971,86,6-8yr,frog_where_are_you,1058
ECSC_1058_1_86F_1058_YR1,6,324,0.6159695817490495,0.3133640552995393,mid,0.4866920152091255,0.8992395437262357,5.03436876221696,0.9619353683351513,86,6-8yr,frog_where_are_you,1058
ECSC_1058_1_86F_1058_YR1,10,370,0.7034220532319392,0.5253456221198157,mid,0.4866920152091255,0.8992395437262357,3.0374679007291245,-1.0349654931526846,86,6-8yr,frog_where_are_you,1058
ECSC_1058_1_86F_1058_YR1,16,438,0.8326996197718631,0.838709677419355,late,0.4866920152091255,0.8992395437262357,1.3818124277592485,-2.6906209661225606,86,6-8yr,frog_where_are_you,1058
ECSC_1058_1_86F_1058_YR1,19,473,0.8992395437262357,1.0,late,0.4866920152091255,0.8992395437262357,7.108910279048278,3.0364768851664685,86,6-8yr,frog_where_are_you,1058
ECSC_1058_1_86F_1058_YR1,17,450,0.8555133079847909,0.8940092165898618,late,0.4866920152091255,0.8992395437262357,4.736426221946701,0.6639928280648917,86,6-8yr,frog_where_are_you,1058
ECSC_1058_2_86F_1058_YR2,1,280,0.3491271820448878,0.05161290322580649,early,0.3192019950124688,0.899002493765586,7.871663941357898,-1.125971779868065,86,6-8yr,one_frog_too_many,1058
ECSC_1058_2_86F_1058_YR2,4,353,0.4401496259351621,0.20860215053763442,early,0.3192019950124688,0.899002493765586,4.544113139690289,-4.453522581535674,86,6-8yr,one_frog_too_many,1058
ECSC_1058_2_86F_1058_YR2,2,304,0.3790523690773067,0.10322580645161289,early,0.3192019950124688,0.899002493765586,7.98032418035031,-1.017311540875653,86,6-8yr,one_frog_too_many,1058
ECSC_1058_2_86F_1058_YR2,13,574,0.71571072319202,0.6838709677419356,mid,0.3192019950124688,0.899002493765586,4.35096647766961,-4.646669243556353,86,6-8yr,one_frog_too_many,1058
ECSC_1058_2_86F_1058_YR2,6,402,0.5012468827930174,0.3139784946236559,mid,0.3192019950124688,0.899002493765586,12.256434807381584,3.258799086155621,86,6-8yr,one_frog_too_many,1058
ECSC_1058_2_86F_1058_YR2,10,500,0.6234413965087282,0.524731182795699,mid,0.3192019950124688,0.899002493765586,23.27035880043399,14.272723079208026,86,6-8yr,one_frog_too_many,1058
ECSC_1058_2_86F_1058_YR2,16,647,0.8067331670822943,0.8408602150537634,late,0.3192019950124688,0.899002493765586,9.72675630817602,0.7291205869500565,86,6-8yr,one_frog_too_many,1058
ECSC_1058_2_86F_1058_YR2,19,721,0.899002493765586,1.0,late,0.3192019950124688,0.899002493765586,7.952124902692985,-1.0455108185329784,86,6-8yr,one_frog_too_many,1058
ECSC_1058_2_86F_1058_YR2,17,672,0.8379052369077307,0.8946236559139784,late,0.3192019950124688,0.899002493765586,3.025978933280987,-5.971656787944976,86,6-8yr,one_frog_too_many,1058
ECSC_1058_3_86F_1058_YR3,1,301,0.2413793103448276,0.05196304849884533,early,0.2052927024859663,0.8997594226142742,23.77265539053622,8.657807987114467,86,6-8yr,frog_where_are_you,1058
ECSC_1058_3_86F_1058_YR3,4,438,0.351242983159583,0.21016166281755205,early,0.2052927024859663,0.8997594226142742,10.046415830823458,-5.0684315725982945,86,6-8yr,frog_where_are_you,1058
ECSC_1058_3_86F_1058_YR3,2,347,0.2782678428227746,0.10508083140877597,early,0.2052927024859663,0.8997594226142742,17.864124992424006,2.7492775890022543,86,6-8yr,frog_where_are_you,1058
ECSC_1058_3_86F_1058_YR3,13,848,0.6800320769847634,0.6836027713625866,mid,0.2052927024859663,0.8997594226142742,3.3856799452669826,-11.72916745815477,86,6-8yr,frog_where_are_you,1058
ECSC_1058_3_86F_1058_YR3,6,529,0.4242181234963913,0.315242494226328,mid,0.2052927024859663,0.8997594226142742,15.242819242520646,0.12797183909889398,86,6-8yr,frog_where_are_you,1058
ECSC_1058_3_86F_1058_YR3,10,711,0.570168404170008,0.52540415704388,mid,0.2052927024859663,0.8997594226142742,35.61052257032093,20.49567516689918,86,6-8yr,frog_where_are_you,1058
ECSC_1058_3_86F_1058_YR3,16,985,0.7898957497995188,0.8418013856812934,late,0.2052927024859663,0.8997594226142742,11.555003191449336,-3.5598442119724165,86,6-8yr,frog_where_are_you,1058
ECSC_1058_3_86F_1058_YR3,19,1122,0.8997594226142742,1.0,late,0.2052927024859663,0.8997594226142742,14.657931298651286,-0.45691610477046574,86,6-8yr,frog_where_are_you,1058
ECSC_1058_3_86F_1058_YR3,17,1030,0.8259823576583801,0.8937644341801386,late,0.2052927024859663,0.8997594226142742,3.8984741688029114,-11.21637323461884,86,6-8yr,frog_where_are_you,1058
ECSC_1059_1_104F_1059_YR1,1,276,0.3822714681440443,0.0508905852417302,early,0.3545706371191136,0.8988919667590027,5.80539762245823,2.2106468920518285,104,8-10yr,one_frog_too_many,1059
ECSC_1059_1_104F_1059_YR1,4,338,0.4681440443213296,0.2086513994910941,early,0.3545706371191136,0.8988919667590027,2.1912451428783797,-1.4035055875280218,104,8-10yr,one_frog_too_many,1059
ECSC_1059_1_104F_1059_YR1,2,297,0.4113573407202216,0.10432569974554709,early,0.3545706371191136,0.8988919667590027,1.410508723178186,-2.1842420072282156,104,8-10yr,one_frog_too_many,1059
ECSC_1059_1_104F_1059_YR1,13,524,0.7257617728531855,0.6819338422391856,mid,0.3545706371191136,0.8988919667590027,3.918401917059521,0.32365118665311954,104,8-10yr,one_frog_too_many,1059
ECSC_1059_1_104F_1059_YR1,6,380,0.5263157894736842,0.31552162849872767,mid,0.3545706371191136,0.8988919667590027,3.2180182317905803,-0.37673249861582114,104,8-10yr,one_frog_too_many,1059
ECSC_1059_1_104F_1059_YR1,10,462,0.6398891966759003,0.5241730279898219,mid,0.3545706371191136,0.8988919667590027,2.57383888963896,-1.0209118407674413,104,8-10yr,one_frog_too_many,1059
ECSC_1059_1_104F_1059_YR1,16,586,0.8116343490304709,0.8396946564885496,late,0.3545706371191136,0.8988919667590027,1.2848851893798905,-2.309865541026511,104,8-10yr,one_frog_too_many,1059
ECSC_1059_1_104F_1059_YR1,19,649,0.8988919667590027,1.0,late,0.3545706371191136,0.8988919667590027,10.58044880202905,6.985698071622648,104,8-10yr,one_frog_too_many,1059
ECSC_1059_1_104F_1059_YR1,17,607,0.8407202216066482,0.8931297709923663,late,0.3545706371191136,0.8988919667590027,1.3700120552448158,-2.2247386751615856,104,8-10yr,one_frog_too_many,1059
ECSC_1059_2_104F_1059_YR2,1,261,0.6574307304785895,0.04950495049504975,early,0.6448362720403022,0.8992443324937027,1.360101285134082,-0.7685879723277993,104,8-10yr,one_frog_too_many,1059
ECSC_1059_2_104F_1059_YR2,4,277,0.6977329974811083,0.2079207920792079,early,0.6448362720403022,0.8992443324937027,0.7238131568754413,-1.4048761005864399,104,8-10yr,one_frog_too_many,1059
ECSC_1059_2_104F_1059_YR2,2,266,0.6700251889168766,0.09900990099009907,early,0.6448362720403022,0.8992443324937027,1.2361221468347363,-0.8925671106271449,104,8-10yr,one_frog_too_many,1059
ECSC_1059_2_104F_1059_YR2,13,325,0.818639798488665,0.6831683168316832,mid,0.6448362720403022,0.8992443324937027,2.6171320464175567,0.4884427889556755,104,8-10yr,one_frog_too_many,1059
ECSC_1059_2_104F_1059_YR2,6,287,0.7229219143576826,0.306930693069307,mid,0.6448362720403022,0.8992443324937027,3.5368075005822117,1.4081182431203305,104,8-10yr,one_frog_too_many,1059
ECSC_1059_2_104F_1059_YR2,10,309,0.7783375314861462,0.5247524752475251,mid,0.6448362720403022,0.8992443324937027,2.761174731287891,0.63248547382601,104,8-10yr,one_frog_too_many,1059
ECSC_1059_2_104F_1059_YR2,16,341,0.8589420654911839,0.8415841584158419,late,0.6448362720403022,0.8992443324937027,2.1220476782943374,-0.006641579167543821,104,8-10yr,one_frog_too_many,1059
ECSC_1059_2_104F_1059_YR2,19,357,0.8992443324937027,1.0,late,0.6448362720403022,0.8992443324937027,1.4006770764584608,-0.7280121810034204,104,8-10yr,one_frog_too_many,1059
ECSC_1059_2_104F_1059_YR2,17,346,0.871536523929471,0.8910891089108911,late,0.6448362720403022,0.8992443324937027,3.400327695272213,1.2716384378103318,104,8-10yr,one_frog_too_many,1059
ECSC_1059_3_104F_1059_YR3,1,259,0.6981132075471698,0.039999999999999605,early,0.6900269541778976,0.8921832884097035,26.432670497608218,9.641849631113164,104,8-10yr,one_frog_too_many,1059
ECSC_1059_3_104F_1059_YR3,4,271,0.7304582210242587,0.19999999999999968,early,0.6900269541778976,0.8921832884097035,38.151285614662456,21.360464748167402,104,8-10yr,one_frog_too_many,1059
ECSC_1059_3_104F_1059_YR3,2,263,0.7088948787061995,0.09333333333333332,early,0.6900269541778976,0.8921832884097035,23.589609815639456,6.798788949144402,104,8-10yr,one_frog_too_many,1059
ECSC_1059_3_104F_1059_YR3,13,307,0.8274932614555256,0.6799999999999998,mid,0.6900269541778976,0.8921832884097035,7.9249620708765,-8.865858795618554,104,8-10yr,one_frog_too_many,1059
ECSC_1059_3_104F_1059_YR3,6,279,0.7520215633423181,0.3066666666666666,mid,0.6900269541778976,0.8921832884097035,22.61947962269285,5.828658756197797,104,8-10yr,one_frog_too_many,1059
ECSC_1059_3_104F_1059_YR3,10,295,0.7951482479784366,0.5199999999999998,mid,0.6900269541778976,0.8921832884097035,11.121699202400665,-5.669121664094389,104,8-10yr,one_frog_too_many,1059
ECSC_1059_3_104F_1059_YR3,16,319,0.8598382749326146,0.84,late,0.6900269541778976,0.8921832884097035,6.503648335632477,-10.287172530862577,104,8-10yr,one_frog_too_many,1059
ECSC_1059_3_104F_1059_YR3,19,331,0.8921832884097035,1.0,late,0.6900269541778976,0.8921832884097035,7.501309493049453,-9.2895113734456,104,8-10yr,one_frog_too_many,1059
ECSC_1059_3_104F_1059_YR3,17,323,0.8706199460916442,0.8933333333333331,late,0.6900269541778976,0.8921832884097035,7.27272314589341,-9.518097720601643,104,8-10yr,one_frog_too_many,1059
ECSC_1060_2_90M_1060_YR2,1,274,0.4047267355982274,0.05099150141643054,early,0.3781388478581979,0.8995568685376661,9.957100568492889,3.376800834510032,90,6-8yr,frog_on_his_own,1060
ECSC_1060_2_90M_1060_YR2,4,330,0.4874446085672083,0.20963172804532584,early,0.3781388478581979,0.8995568685376661,6.09853435191017,-0.4817653820726866,90,6-8yr,frog_on_his_own,1060
ECSC_1060_2_90M_1060_YR2,2,293,0.4327917282127031,0.10481586402266296,early,0.3781388478581979,0.8995568685376661,4.315296681563652,-2.265003052419205,90,6-8yr,frog_on_his_own,1060
ECSC_1060_2_90M_1060_YR2,13,497,0.7341211225997046,0.6827195467422097,mid,0.3781388478581979,0.8995568685376661,4.2404368961301095,-2.3398628378527473,90,6-8yr,frog_on_his_own,1060
ECSC_1060_2_90M_1060_YR2,6,367,0.5420974889217134,0.3144475920679886,mid,0.3781388478581979,0.8995568685376661,1.1037584449408469,-5.47654128904201,90,6-8yr,frog_on_his_own,1060
ECSC_1060_2_90M_1060_YR2,10,441,0.6514032496307238,0.5240793201133145,mid,0.3781388478581979,0.8995568685376661,3.4822589584924257,-3.098040775490431,90,6-8yr,frog_on_his_own,1060
ECSC_1060_2_90M_1060_YR2,16,553,0.8168389955686853,0.8413597733711047,late,0.3781388478581979,0.8995568685376661,10.579851120734602,3.9995513867517456,90,6-8yr,frog_on_his_own,1060
ECSC_1060_2_90M_1060_YR2,19,609,0.8995568685376661,1.0,late,0.3781388478581979,0.8995568685376661,0.582079651691167,-5.99822008229169,90,6-8yr,frog_on_his_own,1060
ECSC_1060_2_90M_1060_YR2,17,571,0.843426883308715,0.8923512747875354,late,0.3781388478581979,0.8995568685376661,18.863380931889846,12.28308119790699,90,6-8yr,frog_on_his_own,1060
ECSC_1060_3_90M_1060_YR3,1,266,0.5175097276264592,0.04854368932038845,early,0.4980544747081712,0.8988326848249028,4.193373850742809,-1.7357323087554724,90,6-8yr,frog_where_are_you,1060
ECSC_1060_3_90M_1060_YR3,4,299,0.5817120622568094,0.20873786407766998,early,0.4980544747081712,0.8988326848249028,1.8775925628610857,-4.051513596637196,90,6-8yr,frog_where_are_you,1060
ECSC_1060_3_90M_1060_YR3,2,277,0.5389105058365758,0.10194174757281545,early,0.4980544747081712,0.8988326848249028,9.58130152388416,3.6521953643858796,90,6-8yr,frog_where_are_you,1060
ECSC_1060_3_90M_1060_YR3,13,396,0.7704280155642024,0.6796116504854369,mid,0.4980544747081712,0.8988326848249028,3.985514509767315,-1.9435916497309664,90,6-8yr,frog_where_are_you,1060
ECSC_1060_3_90M_1060_YR3,6,321,0.6245136186770428,0.31553398058252424,mid,0.4980544747081712,0.8988326848249028,3.039142651708765,-2.889963507789516,90,6-8yr,frog_where_are_you,1060
ECSC_1060_3_90M_1060_YR3,10,364,0.708171206225681,0.5242718446601943,mid,0.4980544747081712,0.8988326848249028,7.0667640642996545,1.1376579048013733,90,6-8yr,frog_where_are_you,1060
ECSC_1060_3_90M_1060_YR3,16,429,0.8346303501945526,0.8398058252427185,late,0.4980544747081712,0.8988326848249028,2.8845172529782186,-3.0445889065200626,90,6-8yr,frog_where_are_you,1060
ECSC_1060_3_90M_1060_YR3,19,462,0.8988326848249028,1.0,late,0.4980544747081712,0.8988326848249028,18.635272459713217,12.706166300214935,90,6-8yr,frog_where_are_you,1060
ECSC_1060_3_90M_1060_YR3,17,440,0.8560311284046692,0.8932038834951455,late,0.4980544747081712,0.8988326848249028,2.0984765595293045,-3.830629599968977,90,6-8yr,frog_where_are_you,1060
ECSC_1061_2_68M_1061_YR2,1,260,0.6735751295336787,0.04444444444444414,early,0.6632124352331606,0.8963730569948186,1.9133488200966704,0.3168390318040999,68,4-6yr,frog_where_are_you,1061
ECSC_1061_2_68M_1061_YR2,4,274,0.7098445595854922,0.19999999999999982,early,0.6632124352331606,0.8963730569948186,1.102160777322262,-0.4943490109703086,68,4-6yr,frog_where_are_you,1061
ECSC_1061_2_68M_1061_YR2,2,265,0.6865284974093264,0.09999999999999991,early,0.6632124352331606,0.8963730569948186,1.9845638664097864,0.38805407811721593,68,4-6yr,frog_where_are_you,1061
ECSC_1061_2_68M_1061_YR2,13,317,0.8212435233160622,0.6777777777777779,mid,0.6632124352331606,0.8963730569948186,1.730709561098417,0.13419977280584638,68,4-6yr,frog_where_are_you,1061
ECSC_1061_2_68M_1061_YR2,6,284,0.7357512953367875,0.3111111111111109,mid,0.6632124352331606,0.8963730569948186,1.0604655725863037,-0.5360442157062668,68,4-6yr,frog_where_are_you,1061
ECSC_1061_2_68M_1061_YR2,10,303,0.7849740932642487,0.5222222222222223,mid,0.6632124352331606,0.8963730569948186,1.897859733866999,0.3013499455744284,68,4-6yr,frog_where_are_you,1061
ECSC_1061_2_68M_1061_YR2,16,331,0.8575129533678757,0.8333333333333337,late,0.6632124352331606,0.8963730569948186,0.502446568624995,-1.0940632196675755,68,4-6yr,frog_where_are_you,1061
ECSC_1061_2_68M_1061_YR2,19,346,0.8963730569948186,1.0,late,0.6632124352331606,0.8963730569948186,1.521985648094418,-0.07452414019815246,68,4-6yr,frog_where_are_you,1061
ECSC_1061_2_68M_1061_YR2,17,336,0.8704663212435233,0.888888888888889,late,0.6632124352331606,0.8963730569948186,2.6550475465332823,1.0585377582407118,68,4-6yr,frog_where_are_you,1061
ECSC_1064_1_80F_1064_YR1,1,257,0.8132911392405063,0.050000000000000266,early,0.810126582278481,0.8734177215189873,6.6314956231743,1.4609517960644567,80,6-8yr,boy_dog_frog,1064
ECSC_1064_1_80F_1064_YR1,4,260,0.8227848101265823,0.20000000000000107,early,0.810126582278481,0.8734177215189873,7.0732375931231415,1.9026937660132983,80,6-8yr,boy_dog_frog,1064
ECSC_1064_1_80F_1064_YR1,2,258,0.8164556962025317,0.10000000000000053,early,0.810126582278481,0.8734177215189873,6.112268993745164,0.9417251666353206,80,6-8yr,boy_dog_frog,1064
ECSC_1064_1_80F_1064_YR1,13,269,0.8512658227848101,0.6499999999999999,mid,0.810126582278481,0.8734177215189873,5.3007399615691995,0.1301961344593563,80,6-8yr,boy_dog_frog,1064
ECSC_1064_1_80F_1064_YR1,6,262,0.8291139240506329,0.2999999999999998,mid,0.810126582278481,0.8734177215189873,6.606657748924554,1.4361139218147105,80,6-8yr,boy_dog_frog,1064
ECSC_1064_1_80F_1064_YR1,10,266,0.8417721518987342,0.5000000000000009,mid,0.810126582278481,0.8734177215189873,6.39022413942909,1.2196803123192472,80,6-8yr,boy_dog_frog,1064
ECSC_1064_1_80F_1064_YR1,16,272,0.8607594936708861,0.8000000000000007,late,0.810126582278481,0.8734177215189873,2.075314907715123,-3.09522891939472,80,6-8yr,boy_dog_frog,1064
ECSC_1064_1_80F_1064_YR1,19,276,0.8734177215189873,1.0,late,0.810126582278481,0.8734177215189873,3.470262169018124,-1.7002816580917193,80,6-8yr,boy_dog_frog,1064
ECSC_1064_1_80F_1064_YR1,17,273,0.8639240506329114,0.850000000000001,late,0.810126582278481,0.8734177215189873,2.874693307289899,-2.295850519819944,80,6-8yr,boy_dog_frog,1064
ECSC_1064_2_80F_1064_YR2,1,256,0.8258064516129032,0.0,early,0.8258064516129032,0.8709677419354839,14.254714538509663,7.983655489755435,80,6-8yr,frog_on_his_own,1064
ECSC_1064_2_80F_1064_YR2,4,258,0.832258064516129,0.1428571428571432,early,0.8258064516129032,0.8709677419354839,10.847583772610315,4.576524723856087,80,6-8yr,frog_on_his_own,1064
ECSC_1064_2_80F_1064_YR2,2,257,0.8290322580645161,0.07142857142857037,early,0.8258064516129032,0.8709677419354839,12.295186566217325,6.024127517463096,80,6-8yr,frog_on_his_own,1064
ECSC_1064_2_80F_1064_YR2,13,265,0.8548387096774194,0.6428571428571432,mid,0.8258064516129032,0.8709677419354839,1.9406418776478027,-4.330417171106426,80,6-8yr,frog_on_his_own,1064
ECSC_1064_2_80F_1064_YR2,6,260,0.8387096774193549,0.2857142857142864,mid,0.8258064516129032,0.8709677419354839,9.572717972806252,3.301658924052024,80,6-8yr,frog_on_his_own,1064
ECSC_1064_2_80F_1064_YR2,10,263,0.8483870967741935,0.5,mid,0.8258064516129032,0.8709677419354839,4.007325502958846,-2.2637335457953824,80,6-8yr,frog_on_his_own,1064
ECSC_1064_2_80F_1064_YR2,16,267,0.8612903225806452,0.7857142857142864,late,0.8258064516129032,0.8709677419354839,1.2312456581491382,-5.03981339060509,80,6-8yr,frog_on_his_own,1064
ECSC_1064_2_80F_1064_YR2,19,270,0.8709677419354839,1.0,late,0.8258064516129032,0.8709677419354839,1.0666650221373404,-5.204394026616888,80,6-8yr,frog_on_his_own,1064
ECSC_1064_2_80F_1064_YR2,17,268,0.864516129032258,0.8571428571428568,late,0.8258064516129032,0.8709677419354839,1.223450527751366,-5.0476085210028625,80,6-8yr,frog_on_his_own,1064
ECSC_1064_3_80F_1064_YR3,1,260,0.680628272251309,0.0465116279069768,early,0.6701570680628273,0.8952879581151832,11.296715242285078,0.980198755867308,80,6-8yr,boy_dog_frog,1064
ECSC_1064_3_80F_1064_YR3,4,274,0.7172774869109948,0.20930232558139536,early,0.6701570680628273,0.8952879581151832,32.809509262697844,22.492992776280076,80,6-8yr,boy_dog_frog,1064
ECSC_1064_3_80F_1064_YR3,2,265,0.693717277486911,0.10465116279069768,early,0.6701570680628273,0.8952879581151832,11.61915646862479,1.3026399822070207,80,6-8yr,boy_dog_frog,1064
ECSC_1064_3_80F_1064_YR3,13,314,0.8219895287958116,0.6744186046511629,mid,0.6701570680628273,0.8952879581151832,4.294497046557586,-6.022019439860184,80,6-8yr,boy_dog_frog,1064
ECSC_1064_3_80F_1064_YR3,6,283,0.7408376963350786,0.313953488372093,mid,0.6701570680628273,0.8952879581151832,10.468934590480927,0.15241810406315714,80,6-8yr,boy_dog_frog,1064
ECSC_1064_3_80F_1064_YR3,10,301,0.7879581151832461,0.5232558139534884,mid,0.6701570680628273,0.8952879581151832,0.2962813470673744,-10.020235139350396,80,6-8yr,boy_dog_frog,1064
ECSC_1064_3_80F_1064_YR3,16,328,0.8586387434554974,0.8372093023255814,late,0.6701570680628273,0.8952879581151832,7.036539087227741,-3.279977399190029,80,6-8yr,boy_dog_frog,1064
ECSC_1064_3_80F_1064_YR3,19,342,0.8952879581151832,1.0,late,0.6701570680628273,0.8952879581151832,8.753987604479853,-1.5625288819379168,80,6-8yr,boy_dog_frog,1064
ECSC_1064_3_80F_1064_YR3,17,332,0.8691099476439791,0.8837209302325583,late,0.6701570680628273,0.8952879581151832,6.273027728338734,-4.043488758079036,80,6-8yr,boy_dog_frog,1064
ECSC_1065_1_76F_1065_YR1,1,265,0.5386178861788617,0.04838709677419331,early,0.5203252032520326,0.8983739837398373,1.868706444578191,-5.730940555282285,76,6-8yr,boy_dog_frog,1065
ECSC_1065_1_76F_1065_YR1,4,295,0.5995934959349594,0.20967741935483866,early,0.5203252032520326,0.8983739837398373,5.320432748517314,-2.279214251343162,76,6-8yr,boy_dog_frog,1065
ECSC_1065_1_76F_1065_YR1,2,275,0.5589430894308943,0.10215053763440853,early,0.5203252032520326,0.8983739837398373,4.955241480977785,-2.6444055188826914,76,6-8yr,boy_dog_frog,1065
ECSC_1065_1_76F_1065_YR1,13,383,0.7784552845528455,0.6827956989247312,mid,0.5203252032520326,0.8983739837398373,10.345403395206173,2.7457563953456967,76,6-8yr,boy_dog_frog,1065
ECSC_1065_1_76F_1065_YR1,6,314,0.6382113821138211,0.3118279569892472,mid,0.5203252032520326,0.8983739837398373,9.483677503102683,1.884030503242207,76,6-8yr,boy_dog_frog,1065
ECSC_1065_1_76F_1065_YR1,10,353,0.717479674796748,0.5215053763440861,mid,0.5203252032520326,0.8983739837398373,8.500800537393998,0.9011535375335216,76,6-8yr,boy_dog_frog,1065
ECSC_1065_1_76F_1065_YR1,16,412,0.8373983739837398,0.838709677419355,late,0.5203252032520326,0.8983739837398373,17.040754471360266,9.441107471499791,76,6-8yr,boy_dog_frog,1065
ECSC_1065_1_76F_1065_YR1,19,442,0.8983739837398373,1.0,late,0.5203252032520326,0.8983739837398373,1.0298679672205475,-6.569779032639929,76,6-8yr,boy_dog_frog,1065
ECSC_1065_1_76F_1065_YR1,17,422,0.8577235772357723,0.8924731182795699,late,0.5203252032520326,0.8983739837398373,9.85193845038732,2.2522914505268448,76,6-8yr,boy_dog_frog,1065
ECSC_1065_2_76F_1065_YR2,1,266,0.5298804780876494,0.05128205128205124,early,0.5099601593625498,0.898406374501992,4.7063326009398265,-2.213866482912013,76,6-8yr,boy_dog_frog,1065
ECSC_1065_2_76F_1065_YR2,4,297,0.5916334661354582,0.21025641025641037,early,0.5099601593625498,0.898406374501992,8.410986297982346,1.4907872141305063,76,6-8yr,boy_dog_frog,1065
ECSC_1065_2_76F_1065_YR2,2,276,0.549800796812749,0.10256410256410248,early,0.5099601593625498,0.898406374501992,4.540120334169923,-2.3800787496819167,76,6-8yr,boy_dog_frog,1065
ECSC_1065_2_76F_1065_YR2,13,389,0.7749003984063745,0.6820512820512821,mid,0.5099601593625498,0.898406374501992,3.320825143288685,-3.5993739405631544,76,6-8yr,boy_dog_frog,1065
ECSC_1065_2_76F_1065_YR2,6,317,0.6314741035856574,0.3128205128205128,mid,0.5099601593625498,0.898406374501992,2.992537881246853,-3.9276612026049866,76,6-8yr,boy_dog_frog,1065
ECSC_1065_2_76F_1065_YR2,10,358,0.7131474103585658,0.5230769230769232,mid,0.5099601593625498,0.898406374501992,8.0065550545559,1.0863559707040604,76,6-8yr,boy_dog_frog,1065
ECSC_1065_2_76F_1065_YR2,16,420,0.8366533864541833,0.8410256410256411,late,0.5099601593625498,0.898406374501992,4.855548282238432,-2.064650801613407,76,6-8yr,boy_dog_frog,1065
ECSC_1065_2_76F_1065_YR2,19,451,0.898406374501992,1.0,late,0.5099601593625498,0.898406374501992,16.327348005517795,9.407148921665955,76,6-8yr,boy_dog_frog,1065
ECSC_1065_2_76F_1065_YR2,17,430,0.8565737051792829,0.8923076923076924,late,0.5099601593625498,0.898406374501992,9.1215381547268,2.20133907087496,76,6-8yr,boy_dog_frog,1065
ECSC_1065_3_76F_1065_YR3,1,263,0.5936794582392777,0.049295774647887626,early,0.5778781038374717,0.8984198645598194,1.823315948177033,-1.4023332006032088,76,6-8yr,one_frog_too_many,1065
ECSC_1065_3_76F_1065_YR3,4,285,0.6433408577878104,0.20422535211267615,early,0.5778781038374717,0.8984198645598194,7.46599391210035,4.240344763320108,76,6-8yr,one_frog_too_many,1065
ECSC_1065_3_76F_1065_YR3,2,270,0.6094808126410836,0.0985915492957749,early,0.5778781038374717,0.8984198645598194,2.6529269414481806,-0.572722207332061,76,6-8yr,one_frog_too_many,1065
ECSC_1065_3_76F_1065_YR3,13,353,0.7968397291196389,0.683098591549296,mid,0.5778781038374717,0.8984198645598194,2.214704637412794,-1.0109445113674478,76,6-8yr,one_frog_too_many,1065
ECSC_1065_3_76F_1065_YR3,6,300,0.6772009029345373,0.3098591549295777,mid,0.5778781038374717,0.8984198645598194,4.499437771609034,1.2737886228287922,76,6-8yr,one_frog_too_many,1065
ECSC_1065_3_76F_1065_YR3,10,330,0.744920993227991,0.5211267605633805,mid,0.5778781038374717,0.8984198645598194,3.067825200948848,-0.15782394783139386,76,6-8yr,one_frog_too_many,1065
ECSC_1065_3_76F_1065_YR3,16,375,0.8465011286681715,0.8380281690140845,late,0.5778781038374717,0.8984198645598194,1.332037626498126,-1.8936115222821157,76,6-8yr,one_frog_too_many,1065
ECSC_1065_3_76F_1065_YR3,19,398,0.8984198645598194,1.0,late,0.5778781038374717,0.8984198645598194,2.8379579206140564,-0.3876912281661853,76,6-8yr,one_frog_too_many,1065
ECSC_1065_3_76F_1065_YR3,17,383,0.8645598194130926,0.8943661971830987,late,0.5778781038374717,0.8984198645598194,3.136642380213755,-0.08900676856648682,76,6-8yr,one_frog_too_many,1065
ECSC_1067_1_98M_1067_YR1,1,264,0.5605095541401274,0.04790419161676645,early,0.5435244161358811,0.8980891719745223,5.010513693671504,-3.388427142082964,98,8-10yr,frog_on_his_own,1067
ECSC_1067_1_98M_1067_YR1,4,291,0.6178343949044586,0.20958083832335322,early,0.5435244161358811,0.8980891719745223,22.677483888066902,14.278543052312434,98,8-10yr,frog_on_his_own,1067
ECSC_1067_1_98M_1067_YR1,2,273,0.5796178343949044,0.10179640718562871,early,0.5435244161358811,0.8980891719745223,5.689449247660052,-2.7094915880944157,98,8-10yr,frog_on_his_own,1067
ECSC_1067_1_98M_1067_YR1,13,370,0.7855626326963907,0.6826347305389222,mid,0.5435244161358811,0.8980891719745223,2.3965015183120126,-6.002439317442455,98,8-10yr,frog_on_his_own,1067
ECSC_1067_1_98M_1067_YR1,6,308,0.6539278131634819,0.31137724550898194,mid,0.5435244161358811,0.8980891719745223,13.877389774531975,5.4784489387775075,98,8-10yr,frog_on_his_own,1067
ECSC_1067_1_98M_1067_YR1,10,343,0.7282377919320594,0.5209580838323352,mid,0.5435244161358811,0.8980891719745223,4.016938445871543,-4.382002389882925,98,8-10yr,frog_on_his_own,1067
ECSC_1067_1_98M_1067_YR1,16,396,0.8407643312101911,0.8383233532934132,late,0.5435244161358811,0.8980891719745223,6.370991360611855,-2.027949475142613,98,8-10yr,frog_on_his_own,1067
ECSC_1067_1_98M_1067_YR1,19,423,0.8980891719745223,1.0,late,0.5435244161358811,0.8980891719745223,8.866431532199622,0.46749069644515373,98,8-10yr,frog_on_his_own,1067
ECSC_1067_1_98M_1067_YR1,17,405,0.8598726114649682,0.8922155688622755,late,0.5435244161358811,0.8980891719745223,6.6847680608647515,-1.7141727748897164,98,8-10yr,frog_on_his_own,1067
ECSC_1067_2_98M_1067_YR2,1,258,0.7701492537313432,0.051282051282050864,early,0.764179104477612,0.8805970149253731,5.440841319118903,0.9029287235283086,98,8-10yr,boy_dog_frog,1067
ECSC_1067_2_98M_1067_YR2,4,264,0.7880597014925373,0.20512820512820537,early,0.764179104477612,0.8805970149253731,6.122676172738087,1.584763577147493,98,8-10yr,boy_dog_frog,1067
ECSC_1067_2_98M_1067_YR2,2,260,0.7761194029850746,0.10256410256410269,early,0.764179104477612,0.8805970149253731,5.734742714176569,1.196830118585975,98,8-10yr,boy_dog_frog,1067
ECSC_1067_2_98M_1067_YR2,13,282,0.8417910447761194,0.666666666666667,mid,0.764179104477612,0.8805970149253731,3.5455933190502495,-0.9923192765403446,98,8-10yr,boy_dog_frog,1067
ECSC_1067_2_98M_1067_YR2,6,268,0.8,0.30769230769230804,mid,0.764179104477612,0.8805970149253731,7.216041271075332,2.6781286754847375,98,8-10yr,boy_dog_frog,1067
ECSC_1067_2_98M_1067_YR2,10,276,0.8238805970149253,0.5128205128205124,mid,0.764179104477612,0.8805970149253731,4.868840000509874,0.3309274049192803,98,8-10yr,boy_dog_frog,1067
ECSC_1067_2_98M_1067_YR2,16,288,0.8597014925373134,0.8205128205128205,late,0.764179104477612,0.8805970149253731,3.962428350894232,-0.5754842446963622,98,8-10yr,boy_dog_frog,1067
ECSC_1067_2_98M_1067_YR2,19,295,0.8805970149253731,1.0,late,0.764179104477612,0.8805970149253731,1.3333004885257207,-3.2046121070648734,98,8-10yr,boy_dog_frog,1067
ECSC_1067_2_98M_1067_YR2,17,290,0.8656716417910447,0.8717948717948714,late,0.764179104477612,0.8805970149253731,2.6167497242263797,-1.9211628713642144,98,8-10yr,boy_dog_frog,1067
ECSC_1067_3_98M_1067_YR3,1,259,0.7194444444444444,0.046874999999999854,early,0.7111111111111111,0.8888888888888888,4.620702130784484,1.8672764321816513,98,8-10yr,unknown,1067
ECSC_1067_3_98M_1067_YR3,4,269,0.7472222222222222,0.203125,early,0.7111111111111111,0.8888888888888888,3.2610767918413623,0.5076510932385294,98,8-10yr,unknown,1067
ECSC_1067_3_98M_1067_YR3,2,262,0.7277777777777777,0.09374999999999971,early,0.7111111111111111,0.8888888888888888,3.3751904877973784,0.6217647891945455,98,8-10yr,unknown,1067
ECSC_1067_3_98M_1067_YR3,13,299,0.8305555555555556,0.6718750000000004,mid,0.7111111111111111,0.8888888888888888,1.4148899932411734,-1.3385357053616596,98,8-10yr,unknown,1067
ECSC_1067_3_98M_1067_YR3,6,276,0.7666666666666667,0.3125000000000003,mid,0.7111111111111111,0.8888888888888888,3.3416745226883666,0.5882488240855337,98,8-10yr,unknown,1067
ECSC_1067_3_98M_1067_YR3,10,289,0.8027777777777778,0.5156250000000002,mid,0.7111111111111111,0.8888888888888888,1.8648619381678184,-0.8885637604350145,98,8-10yr,unknown,1067
ECSC_1067_3_98M_1067_YR3,16,309,0.8583333333333333,0.8281249999999999,late,0.7111111111111111,0.8888888888888888,2.6685301976994813,-0.08489550090335163,98,8-10yr,unknown,1067
ECSC_1067_3_98M_1067_YR3,19,320,0.8888888888888888,1.0,late,0.7111111111111111,0.8888888888888888,1.5804001216337538,-1.1730255769690792,98,8-10yr,unknown,1067
ECSC_1067_3_98M_1067_YR3,17,313,0.8694444444444445,0.8906250000000003,late,0.7111111111111111,0.8888888888888888,2.6535051035716783,-0.09992059503115458,98,8-10yr,unknown,1067
ECSC_1068_1_78M_1068_YR1,1,262,0.6328502415458938,0.05172413793103471,early,0.6183574879227053,0.8985507246376812,6.137622560775041,-9.966163387656811,78,6-8yr,one_frog_too_many,1068
ECSC_1068_1_78M_1068_YR1,4,280,0.6763285024154589,0.20689655172413804,early,0.6183574879227053,0.8985507246376812,4.55352397215024,-11.550261976281613,78,6-8yr,one_frog_too_many,1068
ECSC_1068_1_78M_1068_YR1,2,268,0.6473429951690821,0.10344827586206902,early,0.6183574879227053,0.8985507246376812,6.065998350256173,-10.03778759817568,78,6-8yr,one_frog_too_many,1068
ECSC_1068_1_78M_1068_YR1,13,335,0.8091787439613527,0.6810344827586209,mid,0.6183574879227053,0.8985507246376812,37.962807978755706,21.859022030323853,78,6-8yr,one_frog_too_many,1068
ECSC_1068_1_78M_1068_YR1,6,292,0.7053140096618358,0.3103448275862071,mid,0.6183574879227053,0.8985507246376812,8.91910230674683,-7.184683641685023,78,6-8yr,one_frog_too_many,1068
ECSC_1068_1_78M_1068_YR1,10,317,0.7657004830917874,0.5258620689655171,mid,0.6183574879227053,0.8985507246376812,10.666262077641818,-5.437523870790034,78,6-8yr,one_frog_too_many,1068
ECSC_1068_1_78M_1068_YR1,16,353,0.8526570048309179,0.8362068965517242,late,0.6183574879227053,0.8985507246376812,28.196763197196717,12.092977248764864,78,6-8yr,one_frog_too_many,1068
ECSC_1068_1_78M_1068_YR1,19,372,0.8985507246376812,1.0,late,0.6183574879227053,0.8985507246376812,14.364799896250004,-1.7389860521818488,78,6-8yr,one_frog_too_many,1068
ECSC_1068_1_78M_1068_YR1,17,359,0.8671497584541062,0.8879310344827586,late,0.6183574879227053,0.8985507246376812,28.067193196114147,11.963407247682294,78,6-8yr,one_frog_too_many,1068
ECSC_1068_2_78M_1068_YR2,1,266,0.5288270377733598,0.05102040816326538,early,0.5089463220675944,0.8986083499005965,35.0625935898961,20.82605192124081,78,6-8yr,boy_dog_frog,1068
ECSC_1068_2_78M_1068_YR2,4,297,0.5904572564612326,0.20918367346938782,early,0.5089463220675944,0.8986083499005965,15.070317201319384,0.8337755326640917,78,6-8yr,boy_dog_frog,1068
ECSC_1068_2_78M_1068_YR2,2,276,0.5487077534791253,0.10204081632653075,early,0.5089463220675944,0.8986083499005965,40.696195435216104,26.459653766560812,78,6-8yr,boy_dog_frog,1068
ECSC_1068_2_78M_1068_YR2,13,390,0.7753479125248509,0.6836734693877551,mid,0.5089463220675944,0.8986083499005965,7.08860201272066,-7.147939655934632,78,6-8yr,boy_dog_frog,1068
ECSC_1068_2_78M_1068_YR2,6,317,0.6302186878727635,0.31122448979591855,mid,0.5089463220675944,0.8986083499005965,10.923551432407349,-3.312990236247943,78,6-8yr,boy_dog_frog,1068
ECSC_1068_2_78M_1068_YR2,10,359,0.7137176938369781,0.5255102040816327,mid,0.5089463220675944,0.8986083499005965,12.138092645002448,-2.0984490236528437,78,6-8yr,boy_dog_frog,1068
ECSC_1068_2_78M_1068_YR2,16,421,0.8369781312127237,0.8418367346938775,late,0.5089463220675944,0.8986083499005965,2.236528297313331,-12.00001337134196,78,6-8yr,boy_dog_frog,1068
ECSC_1068_2_78M_1068_YR2,19,452,0.8986083499005965,1.0,late,0.5089463220675944,0.8986083499005965,0.0614656148949137,-14.175076053760378,78,6-8yr,boy_dog_frog,1068
ECSC_1068_2_78M_1068_YR2,17,431,0.856858846918489,0.8928571428571427,late,0.5089463220675944,0.8986083499005965,4.851528789127327,-9.385012879527965,78,6-8yr,boy_dog_frog,1068
ECSC_1068_3_78M_1068_YR3,1,270,0.4639175257731959,0.05243445692883912,early,0.4398625429553264,0.8986254295532646,13.463217325922232,-0.5991024157002087,78,6-8yr,frog_where_are_you,1068
ECSC_1068_3_78M_1068_YR3,4,312,0.5360824742268041,0.20973782771535587,early,0.4398625429553264,0.8986254295532646,17.65976883559607,3.597449093973628,78,6-8yr,frog_where_are_you,1068
ECSC_1068_3_78M_1068_YR3,2,284,0.4879725085910653,0.10486891385767799,early,0.4398625429553264,0.8986254295532646,11.78504435807958,-2.277275383542861,78,6-8yr,frog_where_are_you,1068
ECSC_1068_3_78M_1068_YR3,13,438,0.7525773195876289,0.6816479400749064,mid,0.4398625429553264,0.8986254295532646,22.488451197214417,8.426131455591976,78,6-8yr,frog_where_are_you,1068
ECSC_1068_3_78M_1068_YR3,6,340,0.584192439862543,0.31460674157303387,mid,0.4398625429553264,0.8986254295532646,17.308290185467484,3.245970443845044,78,6-8yr,frog_where_are_you,1068
ECSC_1068_3_78M_1068_YR3,10,396,0.6804123711340206,0.5243445692883896,mid,0.4398625429553264,0.8986254295532646,33.110691753228366,19.048372011605927,78,6-8yr,frog_where_are_you,1068
ECSC_1068_3_78M_1068_YR3,16,480,0.8247422680412371,0.838951310861423,late,0.4398625429553264,0.8986254295532646,5.538618352895359,-8.523701388727082,78,6-8yr,frog_where_are_you,1068
ECSC_1068_3_78M_1068_YR3,19,523,0.8986254295532646,1.0,late,0.4398625429553264,0.8986254295532646,3.1583082928577166,-10.904011448764724,78,6-8yr,frog_where_are_you,1068
ECSC_1068_3_78M_1068_YR3,17,494,0.8487972508591065,0.8913857677902621,late,0.4398625429553264,0.8986254295532646,2.0484873733407447,-12.013832368281696,78,6-8yr,frog_where_are_you,1068
ECSC_1072_1_74M_1072_YR1,1,261,0.6574307304785895,0.04950495049504975,early,0.6448362720403022,0.8992443324937027,1.0736180085869993,-4.089439594988271,74,6-8yr,frog_where_are_you,1072
ECSC_1072_1_74M_1072_YR1,4,277,0.6977329974811083,0.2079207920792079,early,0.6448362720403022,0.8992443324937027,-0.8234567881987616,-5.9865143917740316,74,6-8yr,frog_where_are_you,1072
ECSC_1072_1_74M_1072_YR1,2,266,0.6700251889168766,0.09900990099009907,early,0.6448362720403022,0.8992443324937027,-0.9025076300111614,-6.065565233586431,74,6-8yr,frog_where_are_you,1072
ECSC_1072_1_74M_1072_YR1,13,325,0.818639798488665,0.6831683168316832,mid,0.6448362720403022,0.8992443324937027,8.122397141637007,2.9593395380617373,74,6-8yr,frog_where_are_you,1072
ECSC_1072_1_74M_1072_YR1,6,287,0.7229219143576826,0.306930693069307,mid,0.6448362720403022,0.8992443324937027,3.9873235838664343,-1.1757340197088357,74,6-8yr,frog_where_are_you,1072
ECSC_1072_1_74M_1072_YR1,10,309,0.7783375314861462,0.5247524752475251,mid,0.6448362720403022,0.8992443324937027,19.01000140150625,13.846943797930981,74,6-8yr,frog_where_are_you,1072
ECSC_1072_1_74M_1072_YR1,16,341,0.8589420654911839,0.8415841584158419,late,0.6448362720403022,0.8992443324937027,10.06958559018951,4.90652798661424,74,6-8yr,frog_where_are_you,1072
ECSC_1072_1_74M_1072_YR1,19,357,0.8992443324937027,1.0,late,0.6448362720403022,0.8992443324937027,3.7168630424767497,-1.4461945610985203,74,6-8yr,frog_where_are_you,1072
ECSC_1072_1_74M_1072_YR1,17,346,0.871536523929471,0.8910891089108911,late,0.6448362720403022,0.8992443324937027,2.2136940821243964,-2.9493635214508735,74,6-8yr,frog_where_are_you,1072
ECSC_1072_2_74M_1072_YR2,1,259,0.731638418079096,0.05172413793103433,early,0.7231638418079096,0.8870056497175142,3.095766775863032,0.4092019040831869,74,6-8yr,one_frog_too_many,1072
ECSC_1072_2_74M_1072_YR2,4,268,0.7570621468926554,0.206896551724138,early,0.7231638418079096,0.8870056497175142,2.82566634430498,0.13910147252513516,74,6-8yr,one_frog_too_many,1072
ECSC_1072_2_74M_1072_YR2,2,262,0.7401129943502824,0.10344827586206866,early,0.7231638418079096,0.8870056497175142,2.898279035950395,0.21171416417055022,74,6-8yr,one_frog_too_many,1072
ECSC_1072_2_74M_1072_YR2,13,295,0.8333333333333334,0.6724137931034483,mid,0.7231638418079096,0.8870056497175142,1.7237654977990298,-0.9627993739808152,74,6-8yr,one_frog_too_many,1072
ECSC_1072_2_74M_1072_YR2,6,274,0.7740112994350282,0.3103448275862067,mid,0.7231638418079096,0.8870056497175142,3.5262801261978955,0.8397152544180506,74,6-8yr,one_frog_too_many,1072
ECSC_1072_2_74M_1072_YR2,10,286,0.807909604519774,0.5172413793103446,mid,0.7231638418079096,0.8870056497175142,2.6954664050326533,0.008901533252808402,74,6-8yr,one_frog_too_many,1072
ECSC_1072_2_74M_1072_YR2,16,304,0.8587570621468926,0.8275862068965514,late,0.7231638418079096,0.8870056497175142,2.2741741200520895,-0.4123907517277554,74,6-8yr,one_frog_too_many,1072
ECSC_1072_2_74M_1072_YR2,19,314,0.8870056497175142,1.0,late,0.7231638418079096,0.8870056497175142,2.905377328557557,0.21881245677771188,74,6-8yr,one_frog_too_many,1072
ECSC_1072_2_74M_1072_YR2,17,307,0.867231638418079,0.8793103448275856,late,0.7231638418079096,0.8870056497175142,2.234308212260972,-0.45225665951887306,74,6-8yr,one_frog_too_many,1072
ECSC_1073_1_70M_1073_YR1,1,288,0.2956878850102669,0.05169628432956378,early,0.2628336755646817,0.8983572895277208,0.7216128625813347,-1.9755371419800816,70,4-6yr,one_frog_too_many,1073
ECSC_1073_1_70M_1073_YR1,4,386,0.3963039014373716,0.2100161550888529,early,0.2628336755646817,0.8983572895277208,2.097562010708823,-0.5995879938525932,70,4-6yr,one_frog_too_many,1073
ECSC_1073_1_70M_1073_YR1,2,321,0.3295687885010267,0.10500807754442659,early,0.2628336755646817,0.8983572895277208,2.846514693085199,0.1493646885237827,70,4-6yr,one_frog_too_many,1073
ECSC_1073_1_70M_1073_YR1,13,680,0.6981519507186859,0.6849757673667205,mid,0.2628336755646817,0.8983572895277208,1.6738740636808096,-1.0232759408806067,70,4-6yr,one_frog_too_many,1073
ECSC_1073_1_70M_1073_YR1,6,451,0.4630390143737166,0.31502423263327944,mid,0.2628336755646817,0.8983572895277208,3.166767707787433,0.4696177032260169,70,4-6yr,one_frog_too_many,1073
ECSC_1073_1_70M_1073_YR1,10,582,0.5975359342915811,0.5266558966074314,mid,0.2628336755646817,0.8983572895277208,2.455389171634277,-0.24176083292713946,70,4-6yr,one_frog_too_many,1073
ECSC_1073_1_70M_1073_YR1,16,778,0.7987679671457906,0.8432956381260097,late,0.2628336755646817,0.8983572895277208,4.204264111113131,1.507114106551715,70,4-6yr,one_frog_too_many,1073
ECSC_1073_1_70M_1073_YR1,19,875,0.8983572895277208,1.0,late,0.2628336755646817,0.8983572895277208,4.6817013103676,1.984551305806184,70,4-6yr,one_frog_too_many,1073
ECSC_1073_1_70M_1073_YR1,17,810,0.8316221765913757,0.8949919224555732,late,0.2628336755646817,0.8983572895277208,2.426664110094137,-0.2704858944672792,70,4-6yr,one_frog_too_many,1073
ECSC_1073_2_70M_1073_YR2,1,264,0.5569620253164557,0.0470588235294118,early,0.540084388185654,0.8987341772151899,16.399347642308964,6.329778454846565,70,4-6yr,frog_on_his_own,1073
ECSC_1073_2_70M_1073_YR2,4,291,0.6139240506329114,0.2058823529411767,early,0.540084388185654,0.8987341772151899,11.827735229465937,1.7581660420035377,70,4-6yr,frog_on_his_own,1073
ECSC_1073_2_70M_1073_YR2,2,273,0.5759493670886076,0.1,early,0.540084388185654,0.8987341772151899,22.55538447954435,12.485815292081952,70,4-6yr,frog_on_his_own,1073
ECSC_1073_2_70M_1073_YR2,13,372,0.7848101265822784,0.6823529411764705,mid,0.540084388185654,0.8987341772151899,8.328718470587546,-1.7408507168748528,70,4-6yr,frog_on_his_own,1073
ECSC_1073_2_70M_1073_YR2,6,309,0.6518987341772152,0.3117647058823531,mid,0.540084388185654,0.8987341772151899,0.8026310009370405,-9.266938186525358,70,4-6yr,frog_on_his_own,1073
ECSC_1073_2_70M_1073_YR2,10,345,0.7278481012658228,0.5235294117647059,mid,0.540084388185654,0.8987341772151899,6.768244125733441,-3.3013250617289582,70,4-6yr,frog_on_his_own,1073
ECSC_1073_2_70M_1073_YR2,16,399,0.8417721518987342,0.8411764705882354,late,0.540084388185654,0.8987341772151899,1.3375534801533533,-8.732015707309046,70,4-6yr,frog_on_his_own,1073
ECSC_1073_2_70M_1073_YR2,19,426,0.8987341772151899,1.0,late,0.540084388185654,0.8987341772151899,20.845684997392773,10.776115809930374,70,4-6yr,frog_on_his_own,1073
ECSC_1073_2_70M_1073_YR2,17,408,0.8607594936708861,0.8941176470588236,late,0.540084388185654,0.8987341772151899,1.7608232610381922,-8.308745926424207,70,4-6yr,frog_on_his_own,1073
ECSC_1073_3_70M_1073_YR3,1,263,0.6059907834101382,0.05223880597014921,early,0.5898617511520737,0.8986175115207373,12.963802681414418,3.8176392938180648,70,4-6yr,one_frog_too_many,1073
ECSC_1073_3_70M_1073_YR3,4,284,0.6543778801843319,0.2089552238805972,early,0.5898617511520737,0.8986175115207373,21.140714393952955,11.994551006356602,70,4-6yr,one_frog_too_many,1073
ECSC_1073_3_70M_1073_YR3,2,270,0.6221198156682027,0.10447761194029842,early,0.5898617511520737,0.8986175115207373,16.85363575997799,7.707472372381638,70,4-6yr,one_frog_too_many,1073
ECSC_1073_3_70M_1073_YR3,13,347,0.7995391705069125,0.6791044776119404,mid,0.5898617511520737,0.8986175115207373,4.015110404905801,-5.1310529826905515,70,4-6yr,one_frog_too_many,1073
ECSC_1073_3_70M_1073_YR3,6,298,0.6866359447004609,0.3134328358208956,mid,0.5898617511520737,0.8986175115207373,12.478504594830603,3.3323412072342506,70,4-6yr,one_frog_too_many,1073
ECSC_1073_3_70M_1073_YR3,10,326,0.7511520737327189,0.5223880597014925,mid,0.5898617511520737,0.8986175115207373,1.6301159495702624,-7.51604743802609,70,4-6yr,one_frog_too_many,1073
ECSC_1073_3_70M_1073_YR3,16,368,0.847926267281106,0.835820895522388,late,0.5898617511520737,0.8986175115207373,3.319368682675881,-5.826794704920472,70,4-6yr,one_frog_too_many,1073
ECSC_1073_3_70M_1073_YR3,19,390,0.8986175115207373,1.0,late,0.5898617511520737,0.8986175115207373,4.79552274791519,-4.3506406396811625,70,4-6yr,one_frog_too_many,1073
ECSC_1073_3_70M_1073_YR3,17,375,0.8640552995391705,0.8880597014925372,late,0.5898617511520737,0.8986175115207373,5.118695273124078,-4.027468114472275,70,4-6yr,one_frog_too_many,1073
ECSC_1075_2_88F_1075_YR2,1,266,0.5352112676056338,0.05235602094240815,early,0.5150905432595574,0.8993963782696177,2.975236720982293,-8.505402402417374,88,6-8yr,boy_dog_frog,1075
ECSC_1075_2_88F_1075_YR2,4,296,0.5955734406438632,0.20942408376963345,early,0.5150905432595574,0.8993963782696177,14.987021755177643,3.506382631777976,88,6-8yr,boy_dog_frog,1075
ECSC_1075_2_88F_1075_YR2,2,276,0.5553319919517102,0.10471204188481659,early,0.5150905432595574,0.8993963782696177,1.8399258430919332,-9.640713280307734,88,6-8yr,boy_dog_frog,1075
ECSC_1075_2_88F_1075_YR2,13,386,0.7766599597585513,0.6806282722513088,mid,0.5150905432595574,0.8993963782696177,27.367301961936473,15.886662838536806,88,6-8yr,boy_dog_frog,1075
ECSC_1075_2_88F_1075_YR2,6,316,0.635814889336016,0.31413612565445004,mid,0.5150905432595574,0.8993963782696177,11.19910661307688,-0.28153251032278703,88,6-8yr,boy_dog_frog,1075
ECSC_1075_2_88F_1075_YR2,10,356,0.716297786720322,0.5235602094240838,mid,0.5150905432595574,0.8993963782696177,12.258174019796517,0.7775348963968494,88,6-8yr,boy_dog_frog,1075
ECSC_1075_2_88F_1075_YR2,16,416,0.8370221327967807,0.8376963350785341,late,0.5150905432595574,0.8993963782696177,15.001288897325434,3.5206497739257667,88,6-8yr,boy_dog_frog,1075
ECSC_1075_2_88F_1075_YR2,19,447,0.8993963782696177,1.0,late,0.5150905432595574,0.8993963782696177,5.699370070139578,-5.78126905326009,88,6-8yr,boy_dog_frog,1075
ECSC_1075_2_88F_1075_YR2,17,426,0.8571428571428571,0.8900523560209422,late,0.5150905432595574,0.8993963782696177,11.998326229070257,0.5176871056705892,88,6-8yr,boy_dog_frog,1075
ECSC_1075_3_88F_1075_YR3,1,258,0.7350427350427351,0.03636363636363648,early,0.7293447293447294,0.886039886039886,1.7762049134644364,-2.595308455078479,88,6-8yr,one_frog_too_many,1075
ECSC_1075_3_88F_1075_YR3,4,267,0.7606837606837606,0.19999999999999957,early,0.7293447293447294,0.886039886039886,3.64924019127924,-0.7222731772636757,88,6-8yr,one_frog_too_many,1075
ECSC_1075_3_88F_1075_YR3,2,261,0.7435897435897436,0.09090909090909084,early,0.7293447293447294,0.886039886039886,1.6930003757795085,-2.678512992763407,88,6-8yr,one_frog_too_many,1075
ECSC_1075_3_88F_1075_YR3,13,293,0.8347578347578347,0.6727272727272724,mid,0.7293447293447294,0.886039886039886,4.691441846349418,0.3199284778065028,88,6-8yr,one_frog_too_many,1075
ECSC_1075_3_88F_1075_YR3,6,273,0.7777777777777778,0.309090909090909,mid,0.7293447293447294,0.886039886039886,5.831207210522093,1.4596938419791776,88,6-8yr,one_frog_too_many,1075
ECSC_1075_3_88F_1075_YR3,10,284,0.8091168091168092,0.5090909090909093,mid,0.7293447293447294,0.886039886039886,5.301663319262241,0.9301499507193256,88,6-8yr,one_frog_too_many,1075
ECSC_1075_3_88F_1075_YR3,16,302,0.8603988603988604,0.8363636363636362,late,0.7293447293447294,0.886039886039886,5.963371826209908,1.5918584576669925,88,6-8yr,one_frog_too_many,1075
ECSC_1075_3_88F_1075_YR3,19,311,0.886039886039886,1.0,late,0.7293447293447294,0.886039886039886,4.741459098588837,0.3699457300459219,88,6-8yr,one_frog_too_many,1075
ECSC_1075_3_88F_1075_YR3,17,305,0.8689458689458689,0.8909090909090905,late,0.7293447293447294,0.886039886039886,5.696031535430556,1.324518166887641,88,6-8yr,one_frog_too_many,1075
ECSC_1076_2_87M_1076_YR2,1,260,0.6970509383378016,0.05194805194805198,early,0.6863270777479893,0.8927613941018767,6.041507987697248,1.5253715196719568,87,6-8yr,boy_dog_frog,1076
ECSC_1076_2_87M_1076_YR2,4,272,0.7292225201072386,0.20779220779220792,early,0.6863270777479893,0.8927613941018767,3.320369597278768,-1.1957668707465228,87,6-8yr,boy_dog_frog,1076
ECSC_1076_2_87M_1076_YR2,2,264,0.707774798927614,0.10389610389610396,early,0.6863270777479893,0.8927613941018767,4.777076543031438,0.2609400750061468,87,6-8yr,boy_dog_frog,1076
ECSC_1076_2_87M_1076_YR2,13,308,0.8257372654155496,0.6753246753246751,mid,0.6863270777479893,0.8927613941018767,2.636762608328425,-1.8793738596968659,87,6-8yr,boy_dog_frog,1076
ECSC_1076_2_87M_1076_YR2,6,280,0.7506702412868632,0.3116883116883113,mid,0.6863270777479893,0.8927613941018767,6.343970408991744,1.8278339409664532,87,6-8yr,boy_dog_frog,1076
ECSC_1076_2_87M_1076_YR2,10,296,0.7935656836461126,0.5194805194805192,mid,0.6863270777479893,0.8927613941018767,1.2162625503573965,-3.2998739176678944,87,6-8yr,boy_dog_frog,1076
ECSC_1076_2_87M_1076_YR2,16,320,0.8579088471849866,0.8311688311688311,late,0.6863270777479893,0.8927613941018767,1.2733958486308303,-3.2427406193944606,87,6-8yr,boy_dog_frog,1076
ECSC_1076_2_87M_1076_YR2,19,333,0.8927613941018767,1.0,late,0.6863270777479893,0.8927613941018767,10.569117485780192,6.052981017754901,87,6-8yr,boy_dog_frog,1076
ECSC_1076_2_87M_1076_YR2,17,324,0.868632707774799,0.8831168831168831,late,0.6863270777479893,0.8927613941018767,4.466765182131583,-0.04937128589370765,87,6-8yr,boy_dog_frog,1076
ECSC_1076_3_87M_1076_YR3,1,263,0.581858407079646,0.04666666666666658,early,0.5663716814159292,0.8982300884955752,5.9745940496200625,-0.13141965432424296,87,6-8yr,frog_on_his_own,1076
ECSC_1076_3_87M_1076_YR3,4,287,0.6349557522123894,0.20666666666666683,early,0.5663716814159292,0.8982300884955752,7.537062031246723,1.4310483273024177,87,6-8yr,frog_on_his_own,1076
ECSC_1076_3_87M_1076_YR3,2,271,0.5995575221238938,0.1,early,0.5663716814159292,0.8982300884955752,6.359666666798635,0.25365296285432937,87,6-8yr,frog_on_his_own,1076
ECSC_1076_3_87M_1076_YR3,13,358,0.7920353982300885,0.6800000000000002,mid,0.5663716814159292,0.8982300884955752,2.6687367559702455,-3.43727694797406,87,6-8yr,frog_on_his_own,1076
ECSC_1076_3_87M_1076_YR3,6,303,0.6703539823008849,0.31333333333333335,mid,0.5663716814159292,0.8982300884955752,6.993972965128439,0.8879592611841334,87,6-8yr,frog_on_his_own,1076
ECSC_1076_3_87M_1076_YR3,10,334,0.7389380530973452,0.5200000000000002,mid,0.5663716814159292,0.8982300884955752,10.517997568455757,4.411983864511451,87,6-8yr,frog_on_his_own,1076
ECSC_1076_3_87M_1076_YR3,16,382,0.8451327433628318,0.8400000000000001,late,0.5663716814159292,0.8982300884955752,2.6295735452097855,-3.47644015873452,87,6-8yr,frog_on_his_own,1076
ECSC_1076_3_87M_1076_YR3,19,406,0.8982300884955752,1.0,late,0.5663716814159292,0.8982300884955752,4.13882027554647,-1.9671934283978354,87,6-8yr,frog_on_his_own,1076
ECSC_1076_3_87M_1076_YR3,17,390,0.8628318584070797,0.8933333333333335,late,0.5663716814159292,0.8982300884955752,8.133699477522637,2.027685773578331,87,6-8yr,frog_on_his_own,1076
ECSC_1078_1_88M_1078_YR1,1,257,0.7859327217125383,0.03225806451612922,early,0.7828746177370031,0.8776758409785933,9.708291697396382,4.789522796329118,88,6-8yr,frog_on_his_own,1078
ECSC_1078_1_88M_1078_YR1,4,262,0.8012232415902141,0.19354838709677416,early,0.7828746177370031,0.8776758409785933,8.040247213958574,3.121478312891311,88,6-8yr,frog_on_his_own,1078
ECSC_1078_1_88M_1078_YR1,2,259,0.7920489296636085,0.0967741935483865,early,0.7828746177370031,0.8776758409785933,9.2958688335602,4.377099932492937,88,6-8yr,frog_on_his_own,1078
ECSC_1078_1_88M_1078_YR1,13,277,0.8470948012232415,0.677419354838709,mid,0.7828746177370031,0.8776758409785933,0.3746296919311351,-4.544139209136128,88,6-8yr,frog_on_his_own,1078
ECSC_1078_1_88M_1078_YR1,6,265,0.8103975535168195,0.29032258064516064,mid,0.7828746177370031,0.8776758409785933,9.838086205322266,4.919317304255003,88,6-8yr,frog_on_his_own,1078
ECSC_1078_1_88M_1078_YR1,10,272,0.8318042813455657,0.5161290322580641,mid,0.7828746177370031,0.8776758409785933,4.759695271875092,-0.1590736291921715,88,6-8yr,frog_on_his_own,1078
ECSC_1078_1_88M_1078_YR1,16,282,0.8623853211009175,0.8387096774193551,late,0.7828746177370031,0.8776758409785933,0.5759354140637374,-4.342833487003526,88,6-8yr,frog_on_his_own,1078
ECSC_1078_1_88M_1078_YR1,19,287,0.8776758409785933,1.0,late,0.7828746177370031,0.8776758409785933,0.7006091217517127,-4.218159779315551,88,6-8yr,frog_on_his_own,1078
ECSC_1078_1_88M_1078_YR1,17,283,0.8654434250764526,0.8709677419354831,late,0.7828746177370031,0.8776758409785933,0.97555665974627,-3.9432122413209933,88,6-8yr,frog_on_his_own,1078
ECSC_1078_2_88M_1078_YR2,1,257,0.7835365853658537,0.031250000000000035,early,0.7804878048780488,0.8780487804878049,3.6313102593321585,0.25805995330290843,88,6-8yr,frog_on_his_own,1078
ECSC_1078_2_88M_1078_YR2,4,262,0.7987804878048781,0.18750000000000022,early,0.7804878048780488,0.8780487804878049,4.613963676428234,1.2407133703989843,88,6-8yr,frog_on_his_own,1078
ECSC_1078_2_88M_1078_YR2,2,259,0.7896341463414634,0.09375000000000011,early,0.7804878048780488,0.8780487804878049,7.562513074051063,4.189262768021813,88,6-8yr,frog_on_his_own,1078
ECSC_1078_2_88M_1078_YR2,13,277,0.8445121951219512,0.6562499999999996,mid,0.7804878048780488,0.8780487804878049,0.8477095532724981,-2.525540752756752,88,6-8yr,frog_on_his_own,1078
ECSC_1078_2_88M_1078_YR2,6,266,0.8109756097560976,0.31250000000000033,mid,0.7804878048780488,0.8780487804878049,4.6143624831826315,1.2411121771533815,88,6-8yr,frog_on_his_own,1078
ECSC_1078_2_88M_1078_YR2,10,272,0.8292682926829268,0.49999999999999944,mid,0.7804878048780488,0.8780487804878049,2.9742305298138643,-0.39901977621538576,88,6-8yr,frog_on_his_own,1078
ECSC_1078_2_88M_1078_YR2,16,282,0.8597560975609756,0.8124999999999998,late,0.7804878048780488,0.8780487804878049,2.381945698736512,-0.9913046072927378,88,6-8yr,frog_on_his_own,1078
ECSC_1078_2_88M_1078_YR2,19,288,0.8780487804878049,1.0,late,0.7804878048780488,0.8780487804878049,1.4371307748429043,-1.9361195311863457,88,6-8yr,frog_on_his_own,1078
ECSC_1078_2_88M_1078_YR2,17,284,0.8658536585365854,0.8749999999999999,late,0.7804878048780488,0.8780487804878049,2.2960867046033826,-1.0771636014258674,88,6-8yr,frog_on_his_own,1078
ECSC_1078_3_88M_1078_YR3,1,271,0.4464579901153213,0.051724137931034635,early,0.4217462932454695,0.899505766062603,3.339001503187869,-3.720169411980046,88,6-8yr,one_frog_too_many,1078
ECSC_1078_3_88M_1078_YR3,4,317,0.5222405271828665,0.21034482758620685,early,0.4217462932454695,0.899505766062603,6.52921644605496,-0.5299544691129547,88,6-8yr,one_frog_too_many,1078
ECSC_1078_3_88M_1078_YR3,2,286,0.471169686985173,0.10344827586206903,early,0.4217462932454695,0.899505766062603,3.1133868531618853,-3.9457840620060294,88,6-8yr,one_frog_too_many,1078
ECSC_1078_3_88M_1078_YR3,13,454,0.7479406919275123,0.6827586206896551,mid,0.4217462932454695,0.899505766062603,12.458381344767403,5.3992104295994885,88,6-8yr,one_frog_too_many,1078
ECSC_1078_3_88M_1078_YR3,6,347,0.57166392092257,0.3137931034482759,mid,0.4217462932454695,0.899505766062603,6.56470606349918,-0.49446485166873444,88,6-8yr,one_frog_too_many,1078
ECSC_1078_3_88M_1078_YR3,10,408,0.6721581548599671,0.5241379310344829,mid,0.4217462932454695,0.899505766062603,8.239170258624732,1.1799993434568172,88,6-8yr,one_frog_too_many,1078
ECSC_1078_3_88M_1078_YR3,16,500,0.8237232289950577,0.8413793103448275,late,0.4217462932454695,0.899505766062603,5.542776507068702,-1.516394408099213,88,6-8yr,one_frog_too_many,1078
ECSC_1078_3_88M_1078_YR3,19,546,0.899505766062603,1.0,late,0.4217462932454695,0.899505766062603,2.504026277030338,-4.555144638137577,88,6-8yr,one_frog_too_many,1078
ECSC_1078_3_88M_1078_YR3,17,515,0.8484349258649094,0.8931034482758621,late,0.4217462932454695,0.899505766062603,15.24187298311616,8.182702067948245,88,6-8yr,one_frog_too_many,1078
ECSC_1080_1_81M_1080_YR1,1,258,0.7521865889212828,0.04255319148936153,early,0.7463556851311953,0.8833819241982507,10.644640133760928,-0.49748389599074017,81,6-8yr,one_frog_too_many,1080
ECSC_1080_1_81M_1080_YR1,4,265,0.7725947521865889,0.1914893617021277,early,0.7463556851311953,0.8833819241982507,7.421877495166317,-3.7202465345853515,81,6-8yr,one_frog_too_many,1080
ECSC_1080_1_81M_1080_YR1,2,260,0.7580174927113703,0.08510638297872387,early,0.7463556851311953,0.8833819241982507,9.514618707153003,-1.6275053225986653,81,6-8yr,one_frog_too_many,1080
ECSC_1080_1_81M_1080_YR1,13,288,0.8396501457725948,0.6808510638297877,mid,0.7463556851311953,0.8833819241982507,11.585207125175016,0.4430830954233471,81,6-8yr,one_frog_too_many,1080
ECSC_1080_1_81M_1080_YR1,6,270,0.7871720116618076,0.29787234042553234,mid,0.7463556851311953,0.8833819241982507,15.666486188541835,4.524362158790167,81,6-8yr,one_frog_too_many,1080
ECSC_1080_1_81M_1080_YR1,10,280,0.8163265306122449,0.5106382978723408,mid,0.7463556851311953,0.8833819241982507,12.394746977902024,1.2526229481503552,81,6-8yr,one_frog_too_many,1080
ECSC_1080_1_81M_1080_YR1,16,295,0.8600583090379009,0.8297872340425538,late,0.7463556851311953,0.8833819241982507,8.03572107867171,-3.106402951079959,81,6-8yr,one_frog_too_many,1080
ECSC_1080_1_81M_1080_YR1,19,303,0.8833819241982507,1.0,late,0.7463556851311953,0.8833819241982507,11.100919408892786,-0.04120462085888299,81,6-8yr,one_frog_too_many,1080
ECSC_1080_1_81M_1080_YR1,17,298,0.8688046647230321,0.8936170212765961,late,0.7463556851311953,0.8833819241982507,13.914899152501404,2.772775122749735,81,6-8yr,one_frog_too_many,1080
ECSC_1080_2_81M_1080_YR2,1,257,0.7811550151975684,0.030303030303030033,early,0.7781155015197568,0.878419452887538,3.6492485497906166,-1.5716210976819953,81,6-8yr,frog_where_are_you,1080
ECSC_1080_2_81M_1080_YR2,4,262,0.7963525835866262,0.18181818181818243,early,0.7781155015197568,0.878419452887538,6.731518814261488,1.510649166788876,81,6-8yr,frog_where_are_you,1080
ECSC_1080_2_81M_1080_YR2,2,259,0.7872340425531915,0.09090909090909122,early,0.7781155015197568,0.878419452887538,5.033492902495116,-0.18737674497749612,81,6-8yr,frog_where_are_you,1080
ECSC_1080_2_81M_1080_YR2,13,278,0.8449848024316109,0.6666666666666663,mid,0.7781155015197568,0.878419452887538,3.2036162603599063,-2.0172533871127056,81,6-8yr,frog_where_are_you,1080
ECSC_1080_2_81M_1080_YR2,6,266,0.8085106382978723,0.30303030303030254,mid,0.7781155015197568,0.878419452887538,5.729550882549486,0.5086812350768737,81,6-8yr,frog_where_are_you,1080
ECSC_1080_2_81M_1080_YR2,10,273,0.8297872340425532,0.515151515151515,mid,0.7781155015197568,0.878419452887538,5.998335113630098,0.7774654661574862,81,6-8yr,frog_where_are_you,1080
ECSC_1080_2_81M_1080_YR2,16,283,0.8601823708206687,0.8181818181818187,late,0.7781155015197568,0.878419452887538,4.095871326576248,-1.1249983208963643,81,6-8yr,frog_where_are_you,1080
ECSC_1080_2_81M_1080_YR2,19,289,0.878419452887538,1.0,late,0.7781155015197568,0.878419452887538,8.047148371546495,2.826278724073883,81,6-8yr,frog_where_are_you,1080
ECSC_1080_2_81M_1080_YR2,17,285,0.8662613981762918,0.8787878787878788,late,0.7781155015197568,0.878419452887538,4.499044606044055,-0.7218250414285565,81,6-8yr,frog_where_are_you,1080
ECSC_1080_3_81M_1080_YR3,1,266,0.5205479452054794,0.04926108374384236,early,0.5009784735812133,0.898238747553816,10.663603776333945,1.2615392076971723,81,6-8yr,frog_where_are_you,1080
ECSC_1080_3_81M_1080_YR3,4,298,0.5831702544031311,0.2068965517241379,early,0.5009784735812133,0.898238747553816,2.302984917669118,-7.099079650967655,81,6-8yr,frog_where_are_you,1080
ECSC_1080_3_81M_1080_YR3,2,277,0.5420743639921722,0.10344827586206909,early,0.5009784735812133,0.898238747553816,3.761197559175553,-5.640867009461219,81,6-8yr,frog_where_are_you,1080
ECSC_1080_3_81M_1080_YR3,13,394,0.7710371819960861,0.6798029556650246,mid,0.5009784735812133,0.898238747553816,3.9712267676674102,-5.430837800969362,81,6-8yr,frog_where_are_you,1080
ECSC_1080_3_81M_1080_YR3,6,320,0.6262230919765166,0.3152709359605911,mid,0.5009784735812133,0.898238747553816,17.87633949186234,8.474274923225567,81,6-8yr,frog_where_are_you,1080
ECSC_1080_3_81M_1080_YR3,10,362,0.7084148727984344,0.522167487684729,mid,0.5009784735812133,0.898238747553816,8.17013959595079,-1.2319249726859827,81,6-8yr,frog_where_are_you,1080
ECSC_1080_3_81M_1080_YR3,16,426,0.8336594911937377,0.8374384236453201,late,0.5009784735812133,0.898238747553816,2.888187585050918,-6.513876983585854,81,6-8yr,frog_where_are_you,1080
ECSC_1080_3_81M_1080_YR3,19,459,0.898238747553816,1.0,late,0.5009784735812133,0.898238747553816,25.475372951342372,16.073308382705598,81,6-8yr,frog_where_are_you,1080
ECSC_1080_3_81M_1080_YR3,17,437,0.8551859099804305,0.8916256157635468,late,0.5009784735812133,0.898238747553816,9.509528472678516,0.10746390404174377,81,6-8yr,frog_where_are_you,1080
ECSC_1083_1_71M_1083_YR1,1,260,0.6878306878306878,0.04878048780487804,early,0.6772486772486772,0.8941798941798942,13.261620442003853,-2.018652575216864,71,4-6yr,frog_where_are_you,1083
ECSC_1083_1_71M_1083_YR1,4,273,0.7222222222222222,0.20731707317073178,early,0.6772486772486772,0.8941798941798942,3.1828508343823643,-12.097422182838352,71,4-6yr,frog_where_are_you,1083
ECSC_1083_1_71M_1083_YR1,2,264,0.6984126984126984,0.09756097560975607,early,0.6772486772486772,0.8941798941798942,12.19239312497718,-3.087879892243537,71,4-6yr,frog_where_are_you,1083
ECSC_1083_1_71M_1083_YR1,13,312,0.8253968253968254,0.6829268292682925,mid,0.6772486772486772,0.8941798941798942,33.10723355382309,17.82696053660238,71,4-6yr,frog_where_are_you,1083
ECSC_1083_1_71M_1083_YR1,6,281,0.7433862433862434,0.30487804878048785,mid,0.6772486772486772,0.8941798941798942,6.1596872254525685,-9.120585791768148,71,4-6yr,frog_where_are_you,1083
ECSC_1083_1_71M_1083_YR1,10,299,0.791005291005291,0.5243902439024393,mid,0.6772486772486772,0.8941798941798942,9.117154954738837,-6.16311806248188,71,4-6yr,frog_where_are_you,1083
ECSC_1083_1_71M_1083_YR1,16,325,0.8597883597883598,0.8414634146341462,late,0.6772486772486772,0.8941798941798942,22.85515772435612,7.574884707135402,71,4-6yr,frog_where_are_you,1083
ECSC_1083_1_71M_1083_YR1,19,338,0.8941798941798942,1.0,late,0.6772486772486772,0.8941798941798942,11.209413409147928,-4.070859608072789,71,4-6yr,frog_where_are_you,1083
ECSC_1083_1_71M_1083_YR1,17,329,0.8703703703703703,0.8902439024390243,late,0.6772486772486772,0.8941798941798942,26.436945886104507,11.15667286888379,71,4-6yr,frog_where_are_you,1083
ECSC_1083_3_71M_1083_YR3,1,271,0.4428104575163398,0.05102040816326523,early,0.4183006535947712,0.8986928104575164,8.04460034849114,1.6785675493678234,71,4-6yr,frog_where_are_you,1083
ECSC_1083_3_71M_1083_YR3,4,317,0.5179738562091504,0.20748299319727906,early,0.4183006535947712,0.8986928104575164,13.35521479479674,6.989181995673423,71,4-6yr,frog_where_are_you,1083
ECSC_1083_3_71M_1083_YR3,2,286,0.4673202614379085,0.1020408163265307,early,0.4183006535947712,0.8986928104575164,8.09303799947157,1.727005200348252,71,4-6yr,frog_where_are_you,1083
ECSC_1083_3_71M_1083_YR3,13,457,0.7467320261437909,0.6836734693877551,mid,0.4183006535947712,0.8986928104575164,0.720896711542089,-5.645136087581228,71,4-6yr,frog_where_are_you,1083
ECSC_1083_3_71M_1083_YR3,6,348,0.5686274509803921,0.3129251700680272,mid,0.4183006535947712,0.8986928104575164,7.444085750280998,1.0780529511576802,71,4-6yr,frog_where_are_you,1083
ECSC_1083_3_71M_1083_YR3,10,410,0.6699346405228758,0.5238095238095237,mid,0.4183006535947712,0.8986928104575164,0.5280392134781255,-5.837993585645192,71,4-6yr,frog_where_are_you,1083
ECSC_1083_3_71M_1083_YR3,16,503,0.8218954248366013,0.8401360544217686,late,0.4183006535947712,0.8986928104575164,6.28809063452459,-0.07794216459872771,71,4-6yr,frog_where_are_you,1083
ECSC_1083_3_71M_1083_YR3,19,550,0.8986928104575164,1.0,late,0.4183006535947712,0.8986928104575164,5.06853662867867,-1.2974961704446475,71,4-6yr,frog_where_are_you,1083
ECSC_1083_3_71M_1083_YR3,17,519,0.8480392156862745,0.8945578231292516,late,0.4183006535947712,0.8986928104575164,7.751793110845931,1.3857603117226134,71,4-6yr,frog_where_are_you,1083
ECSC_1084_1_81M_1084_YR1,1,259,0.7295774647887324,0.05084745762711858,early,0.7211267605633803,0.8873239436619719,1.4764334009172462,-0.4066942188253133,81,6-8yr,boy_dog_frog,1084
ECSC_1084_1_81M_1084_YR1,4,268,0.7549295774647887,0.2033898305084743,early,0.7211267605633803,0.8873239436619719,2.0444460078114375,0.161318388068878,81,6-8yr,boy_dog_frog,1084
ECSC_1084_1_81M_1084_YR1,2,262,0.7380281690140845,0.10169491525423716,early,0.7211267605633803,0.8873239436619719,0.9116376144672068,-0.9714900052753527,81,6-8yr,boy_dog_frog,1084
ECSC_1084_1_81M_1084_YR1,13,296,0.8338028169014085,0.677966101694915,mid,0.7211267605633803,0.8873239436619719,2.3745625588386137,0.4914349390960542,81,6-8yr,boy_dog_frog,1084
ECSC_1084_1_81M_1084_YR1,6,274,0.7718309859154929,0.30508474576271144,mid,0.7211267605633803,0.8873239436619719,2.8663182780999854,0.9831906583574259,81,6-8yr,boy_dog_frog,1084
ECSC_1084_1_81M_1084_YR1,10,287,0.8084507042253521,0.5254237288135593,mid,0.7211267605633803,0.8873239436619719,3.282480959841207,1.3993533400986475,81,6-8yr,boy_dog_frog,1084
ECSC_1084_1_81M_1084_YR1,16,305,0.8591549295774648,0.8305084745762707,late,0.7211267605633803,0.8873239436619719,1.0182823759519302,-0.8648452437906293,81,6-8yr,boy_dog_frog,1084
ECSC_1084_1_81M_1084_YR1,19,315,0.8873239436619719,1.0,late,0.7211267605633803,0.8873239436619719,2.3515356882408636,0.4684080684983041,81,6-8yr,boy_dog_frog,1084
ECSC_1084_1_81M_1084_YR1,17,308,0.8676056338028169,0.8813559322033894,late,0.7211267605633803,0.8873239436619719,0.622451693514547,-1.2606759262280125,81,6-8yr,boy_dog_frog,1084
ECSC_1084_2_81M_1084_YR2,1,259,0.7254901960784313,0.0491803278688523,early,0.7170868347338936,0.8879551820728291,11.417195480223544,6.2713248799082075,81,6-8yr,one_frog_too_many,1084
ECSC_1084_2_81M_1084_YR2,4,268,0.7507002801120448,0.19672131147540986,early,0.7170868347338936,0.8879551820728291,9.059705777054305,3.913835176738968,81,6-8yr,one_frog_too_many,1084
ECSC_1084_2_81M_1084_YR2,2,262,0.7338935574229691,0.0983606557377046,early,0.7170868347338936,0.8879551820728291,8.985154647357724,3.839284047042388,81,6-8yr,one_frog_too_many,1084
ECSC_1084_2_81M_1084_YR2,13,297,0.8319327731092437,0.672131147540984,mid,0.7170868347338936,0.8879551820728291,2.502463541132869,-2.6434070591824677,81,6-8yr,one_frog_too_many,1084
ECSC_1084_2_81M_1084_YR2,6,275,0.7703081232492998,0.31147540983606586,mid,0.7170868347338936,0.8879551820728291,2.9636919841173963,-2.18217861619794,81,6-8yr,one_frog_too_many,1084
ECSC_1084_2_81M_1084_YR2,10,288,0.8067226890756303,0.5245901639344265,mid,0.7170868347338936,0.8879551820728291,2.3959361752441986,-2.749934425071138,81,6-8yr,one_frog_too_many,1084
ECSC_1084_2_81M_1084_YR2,16,307,0.8599439775910365,0.8360655737704923,late,0.7170868347338936,0.8879551820728291,2.88772659280043,-2.2581440075149066,81,6-8yr,one_frog_too_many,1084
ECSC_1084_2_81M_1084_YR2,19,317,0.8879551820728291,1.0,late,0.7170868347338936,0.8879551820728291,4.12675476761266,-1.0191158327026768,81,6-8yr,one_frog_too_many,1084
ECSC_1084_2_81M_1084_YR2,17,310,0.8683473389355743,0.8852459016393447,late,0.7170868347338936,0.8879551820728291,1.9742064372948975,-3.1716641630204387,81,6-8yr,one_frog_too_many,1084
ECSC_1084_3_81M_1084_YR3,0,256,0.847682119205298,0.0,early,0.847682119205298,0.8675496688741722,13.975843502394069,-1.4929077555140324,81,6-8yr,frog_where_are_you,1084
ECSC_1084_3_81M_1084_YR3,1,256,0.847682119205298,0.0,early,0.847682119205298,0.8675496688741722,13.975843502394069,-1.4929077555140324,81,6-8yr,frog_where_are_you,1084
ECSC_1084_3_81M_1084_YR3,5,257,0.8509933774834437,0.1666666666666676,early,0.847682119205298,0.8675496688741722,13.316926239680924,-2.1518250182271768,81,6-8yr,frog_where_are_you,1084
ECSC_1084_3_81M_1084_YR3,7,258,0.8543046357615894,0.3333333333333352,mid,0.847682119205298,0.8675496688741722,15.6981394690097,0.22938821110159857,81,6-8yr,frog_where_are_you,1084
ECSC_1084_3_81M_1084_YR3,8,258,0.8543046357615894,0.3333333333333352,mid,0.847682119205298,0.8675496688741722,15.6981394690097,0.22938821110159857,81,6-8yr,frog_where_are_you,1084
ECSC_1084_3_81M_1084_YR3,12,259,0.8576158940397351,0.5000000000000028,mid,0.847682119205298,0.8675496688741722,15.193614211529765,-0.2751370463783367,81,6-8yr,frog_where_are_you,1084
ECSC_1084_3_81M_1084_YR3,13,260,0.8609271523178808,0.6666666666666649,late,0.847682119205298,0.8675496688741722,16.641973822270653,1.1732225643625522,81,6-8yr,frog_where_are_you,1084
ECSC_1084_3_81M_1084_YR3,14,260,0.8609271523178808,0.6666666666666649,late,0.847682119205298,0.8675496688741722,16.641973822270653,1.1732225643625522,81,6-8yr,frog_where_are_you,1084
ECSC_1084_3_81M_1084_YR3,18,261,0.8642384105960265,0.8333333333333324,late,0.847682119205298,0.8675496688741722,18.07630728261339,2.6075560247052874,81,6-8yr,frog_where_are_you,1084
ECSC_1086_2_87M_1086_YR2,1,267,0.5028248587570622,0.049773755656108705,early,0.4821092278719397,0.8983050847457628,2.953999589293895,-1.7688382745346596,87,6-8yr,frog_on_his_own,1086
ECSC_1086_2_87M_1086_YR2,4,302,0.568738229755179,0.20814479638009065,early,0.4821092278719397,0.8983050847457628,3.3823492632143672,-1.3404886006141874,87,6-8yr,frog_on_his_own,1086
ECSC_1086_2_87M_1086_YR2,2,279,0.5254237288135594,0.10407239819004538,early,0.4821092278719397,0.8983050847457628,3.13037201944603,-1.5924658443825246,87,6-8yr,frog_on_his_own,1086
ECSC_1086_2_87M_1086_YR2,13,407,0.7664783427495292,0.6832579185520361,mid,0.4821092278719397,0.8983050847457628,6.575727991572812,1.8528901277442573,87,6-8yr,frog_on_his_own,1086
ECSC_1086_2_87M_1086_YR2,6,325,0.6120527306967984,0.31221719457013564,mid,0.4821092278719397,0.8983050847457628,11.12061600421453,6.397778140385975,87,6-8yr,frog_on_his_own,1086
ECSC_1086_2_87M_1086_YR2,10,372,0.7005649717514124,0.5248868778280542,mid,0.4821092278719397,0.8983050847457628,2.473849439539043,-2.2489884242895117,87,6-8yr,frog_on_his_own,1086
ECSC_1086_2_87M_1086_YR2,16,442,0.832391713747646,0.8416289592760181,late,0.4821092278719397,0.8983050847457628,4.050924053561562,-0.671913810266993,87,6-8yr,frog_on_his_own,1086
ECSC_1086_2_87M_1086_YR2,19,477,0.8983050847457628,1.0,late,0.4821092278719397,0.8983050847457628,4.190436808135798,-0.5324010556927563,87,6-8yr,frog_on_his_own,1086
ECSC_1086_2_87M_1086_YR2,17,453,0.8531073446327684,0.8914027149321266,late,0.4821092278719397,0.8983050847457628,4.62726560547895,-0.09557225834960459,87,6-8yr,frog_on_his_own,1086
ECSC_1086_3_87M_1086_YR3,1,257,0.7981366459627329,0.0384615384615392,early,0.7950310559006211,0.8757763975155279,3.0848327857352515,1.2099536253392502,87,6-8yr,boy_dog_frog,1086
ECSC_1086_3_87M_1086_YR3,4,261,0.8105590062111802,0.19230769230769326,early,0.7950310559006211,0.8757763975155279,3.552453850233734,1.6775746898377326,87,6-8yr,boy_dog_frog,1086
ECSC_1086_3_87M_1086_YR3,2,258,0.8012422360248447,0.07692307692307702,early,0.7950310559006211,0.8757763975155279,3.002298369701464,1.1274192093054625,87,6-8yr,boy_dog_frog,1086
ECSC_1086_3_87M_1086_YR3,13,273,0.8478260869565217,0.6538461538461541,mid,0.7950310559006211,0.8757763975155279,1.460189985097304,-0.4146891752986974,87,6-8yr,boy_dog_frog,1086
ECSC_1086_3_87M_1086_YR3,6,264,0.8198757763975155,0.3076923076923081,mid,0.7950310559006211,0.8757763975155279,2.624746524073384,0.7498673636773825,87,6-8yr,boy_dog_frog,1086
ECSC_1086_3_87M_1086_YR3,10,269,0.8354037267080745,0.5,mid,0.7950310559006211,0.8757763975155279,1.951503181388066,0.07662402099206478,87,6-8yr,boy_dog_frog,1086
ECSC_1086_3_87M_1086_YR3,16,277,0.860248447204969,0.8076923076923082,late,0.7950310559006211,0.8757763975155279,0.6429174826625728,-1.2319616777334286,87,6-8yr,boy_dog_frog,1086
ECSC_1086_3_87M_1086_YR3,19,282,0.8757763975155279,1.0,late,0.7950310559006211,0.8757763975155279,0.4301107234122803,-1.444768436983721,87,6-8yr,boy_dog_frog,1086
ECSC_1086_3_87M_1086_YR3,17,279,0.8664596273291926,0.8846153846153851,late,0.7950310559006211,0.8757763975155279,0.1248595412599566,-1.7500196191360446,87,6-8yr,boy_dog_frog,1086
ECSC_1091_1_98M_1091_YR1,1,299,0.2464962901896125,0.051497005988023904,early,0.2110469909315746,0.8994229183841714,26.62957218613857,13.2186938705891,98,8-10yr,one_frog_too_many,1091
ECSC_1091_1_98M_1091_YR1,4,431,0.3553173948887057,0.20958083832335328,early,0.2110469909315746,0.8994229183841714,5.719290866360311,-7.691587449189161,98,8-10yr,one_frog_too_many,1091
ECSC_1091_1_98M_1091_YR1,2,343,0.2827699917559769,0.10419161676646703,early,0.2110469909315746,0.8994229183841714,22.289342061813173,8.878463746263701,98,8-10yr,one_frog_too_many,1091
ECSC_1091_1_98M_1091_YR1,13,827,0.6817807089859852,0.6838323353293414,mid,0.2110469909315746,0.8994229183841714,11.481438256307422,-1.929440059242049,98,8-10yr,one_frog_too_many,1091
ECSC_1091_1_98M_1091_YR1,6,519,0.4278647980214344,0.31497005988023946,mid,0.2110469909315746,0.8994229183841714,10.97135648519176,-2.4395218303577106,98,8-10yr,one_frog_too_many,1091
ECSC_1091_1_98M_1091_YR1,10,695,0.572959604286892,0.5257485029940119,mid,0.2110469909315746,0.8994229183841714,7.764417112165297,-5.646461203384174,98,8-10yr,one_frog_too_many,1091
ECSC_1091_1_98M_1091_YR1,16,959,0.7906018136850783,0.8419161676646707,late,0.2110469909315746,0.8994229183841714,8.320479278143175,-5.090399037406296,98,8-10yr,one_frog_too_many,1091
ECSC_1091_1_98M_1091_YR1,19,1091,0.8994229183841714,1.0,late,0.2110469909315746,0.8994229183841714,13.835107341515972,0.4242290259665005,98,8-10yr,one_frog_too_many,1091
ECSC_1091_1_98M_1091_YR1,17,1003,0.8268755152514426,0.8946107784431138,late,0.2110469909315746,0.8994229183841714,13.68690125230955,0.2760229367600786,98,8-10yr,one_frog_too_many,1091
ECSC_1091_2_98M_1091_YR2,1,270,0.451505016722408,0.04964539007092195,early,0.4280936454849498,0.8996655518394648,19.13330761906244,2.9698844176670853,98,8-10yr,one_frog_too_many,1091
ECSC_1091_2_98M_1091_YR2,4,315,0.5267558528428093,0.20921985815602837,early,0.4280936454849498,0.8996655518394648,20.532957311344823,4.36953410994947,98,8-10yr,one_frog_too_many,1091
ECSC_1091_2_98M_1091_YR2,2,285,0.4765886287625418,0.10283687943262416,early,0.4280936454849498,0.8996655518394648,9.439737735934171,-6.723685465461182,98,8-10yr,one_frog_too_many,1091
ECSC_1091_2_98M_1091_YR2,13,448,0.7491638795986622,0.6808510638297872,mid,0.4280936454849498,0.8996655518394648,13.459065862582449,-2.7043573388129047,98,8-10yr,one_frog_too_many,1091
ECSC_1091_2_98M_1091_YR2,6,345,0.5769230769230769,0.3156028368794326,mid,0.4280936454849498,0.8996655518394648,16.960262027287495,0.7968388258921415,98,8-10yr,one_frog_too_many,1091
ECSC_1091_2_98M_1091_YR2,10,404,0.6755852842809364,0.5248226950354611,mid,0.4280936454849498,0.8996655518394648,9.973431209722566,-6.1899919916727875,98,8-10yr,one_frog_too_many,1091
ECSC_1091_2_98M_1091_YR2,16,493,0.8244147157190636,0.8404255319148937,late,0.4280936454849498,0.8996655518394648,4.853349574508618,-11.310073626886735,98,8-10yr,one_frog_too_many,1091
ECSC_1091_2_98M_1091_YR2,19,538,0.8996655518394648,1.0,late,0.4280936454849498,0.8996655518394648,12.369718664466454,-3.7937045369288995,98,8-10yr,one_frog_too_many,1091
ECSC_1091_2_98M_1091_YR2,17,508,0.8494983277591973,0.8936170212765958,late,0.4280936454849498,0.8996655518394648,38.74897880764915,22.5855556062538,98,8-10yr,one_frog_too_many,1091
ECSC_1091_3_98M_1091_YR3,1,267,0.504725897920605,0.05000000000000007,early,0.4839319470699433,0.8998109640831758,7.317872445301508,0.2895684077748566,98,8-10yr,unknown,1091
ECSC_1091_3_98M_1091_YR3,4,302,0.5708884688090737,0.20909090909090908,early,0.4839319470699433,0.8998109640831758,-0.4425755976041774,-7.470879635130829,98,8-10yr,unknown,1091
ECSC_1091_3_98M_1091_YR3,2,279,0.5274102079395085,0.10454545454545461,early,0.4839319470699433,0.8998109640831758,5.0127477045990805,-2.015556332927571,98,8-10yr,unknown,1091
ECSC_1091_3_98M_1091_YR3,13,406,0.7674858223062382,0.6818181818181818,mid,0.4839319470699433,0.8998109640831758,0.8644987944875737,-6.163805243039078,98,8-10yr,unknown,1091
ECSC_1091_3_98M_1091_YR3,6,325,0.6143667296786389,0.31363636363636355,mid,0.4839319470699433,0.8998109640831758,5.4350379110315,-1.593266126495151,98,8-10yr,unknown,1091
ECSC_1091_3_98M_1091_YR3,10,371,0.7013232514177694,0.5227272727272727,mid,0.4839319470699433,0.8998109640831758,2.7277571541160732,-4.300546883410578,98,8-10yr,unknown,1091
ECSC_1091_3_98M_1091_YR3,16,441,0.833648393194707,0.8409090909090907,late,0.4839319470699433,0.8998109640831758,2.8970924671228335,-4.131211570403818,98,8-10yr,unknown,1091
ECSC_1091_3_98M_1091_YR3,19,476,0.8998109640831758,1.0,late,0.4839319470699433,0.8998109640831758,38.54529672778439,31.516992690257737,98,8-10yr,unknown,1091
ECSC_1091_3_98M_1091_YR3,17,452,0.8544423440453687,0.890909090909091,late,0.4839319470699433,0.8998109640831758,0.8970087309010868,-6.131295306625565,98,8-10yr,unknown,1091
ECSC_1092_1_74F_1092_YR1,1,268,0.4820143884892086,0.049180327868852285,early,0.460431654676259,0.8992805755395683,5.058655273454422,-5.536134099094342,74,6-8yr,boy_dog_frog,1092
ECSC_1092_1_74F_1092_YR1,4,307,0.552158273381295,0.20901639344262293,early,0.460431654676259,0.8992805755395683,12.22329926070982,1.628509888161057,74,6-8yr,boy_dog_frog,1092
ECSC_1092_1_74F_1092_YR1,2,281,0.5053956834532374,0.1024590163934425,early,0.460431654676259,0.8992805755395683,11.40451824727385,0.8097288747250868,74,6-8yr,boy_dog_frog,1092
ECSC_1092_1_74F_1092_YR1,13,422,0.7589928057553957,0.6803278688524592,mid,0.460431654676259,0.8992805755395683,36.96520690959424,26.370417537045473,74,6-8yr,boy_dog_frog,1092
ECSC_1092_1_74F_1092_YR1,6,333,0.5989208633093526,0.3155737704918034,mid,0.460431654676259,0.8992805755395683,2.5282916882962,-8.066497684252564,74,6-8yr,boy_dog_frog,1092
ECSC_1092_1_74F_1092_YR1,10,384,0.6906474820143885,0.5245901639344264,mid,0.460431654676259,0.8992805755395683,7.092712473063118,-3.5020768994856457,74,6-8yr,boy_dog_frog,1092
ECSC_1092_1_74F_1092_YR1,16,461,0.829136690647482,0.8401639344262295,late,0.460431654676259,0.8992805755395683,9.317295888534725,-1.2774934840140393,74,6-8yr,boy_dog_frog,1092
ECSC_1092_1_74F_1092_YR1,19,500,0.8992805755395683,1.0,late,0.460431654676259,0.8992805755395683,8.226259181444293,-2.3685301911044707,74,6-8yr,boy_dog_frog,1092
ECSC_1092_1_74F_1092_YR1,17,474,0.8525179856115108,0.8934426229508198,late,0.460431654676259,0.8992805755395683,2.5368654305682075,-8.057923941980556,74,6-8yr,boy_dog_frog,1092
ECSC_1092_2_74F_1092_YR2,1,274,0.4053254437869822,0.05113636363636358,early,0.378698224852071,0.8994082840236687,8.392238046902655,2.2323417760526363,74,6-8yr,frog_where_are_you,1092
ECSC_1092_2_74F_1092_YR2,4,330,0.4881656804733728,0.21022727272727273,early,0.378698224852071,0.8994082840236687,7.387139985326701,1.227243714476682,74,6-8yr,frog_where_are_you,1092
ECSC_1092_2_74F_1092_YR2,2,293,0.4334319526627219,0.10511363636363637,early,0.378698224852071,0.8994082840236687,4.551575741323068,-1.6083205295269503,74,6-8yr,frog_where_are_you,1092
ECSC_1092_2_74F_1092_YR2,13,496,0.7337278106508875,0.6818181818181818,mid,0.378698224852071,0.8994082840236687,2.1647444858438867,-3.995151785006132,74,6-8yr,frog_where_are_you,1092
ECSC_1092_2_74F_1092_YR2,6,367,0.5428994082840237,0.3153409090909092,mid,0.378698224852071,0.8994082840236687,10.29750431501946,4.137608044169441,74,6-8yr,frog_where_are_you,1092
ECSC_1092_2_74F_1092_YR2,10,441,0.6523668639053254,0.5255681818181818,mid,0.378698224852071,0.8994082840236687,11.018371654121957,4.858475383271938,74,6-8yr,frog_where_are_you,1092
ECSC_1092_2_74F_1092_YR2,16,552,0.8165680473372781,0.8409090909090908,late,0.378698224852071,0.8994082840236687,3.0912282817328194,-3.0686679891171993,74,6-8yr,frog_where_are_you,1092
ECSC_1092_2_74F_1092_YR2,19,608,0.8994082840236687,1.0,late,0.378698224852071,0.8994082840236687,1.819673286996487,-4.340222983853532,74,6-8yr,frog_where_are_you,1092
ECSC_1092_2_74F_1092_YR2,17,570,0.8431952662721893,0.8920454545454545,late,0.378698224852071,0.8994082840236687,6.716590640383139,0.5566943695331199,74,6-8yr,frog_where_are_you,1092
ECSC_1092_3_74F_1092_YR3,1,269,0.4727592267135325,0.050781250000000125,early,0.4499121265377855,0.8998242530755711,16.166367971207396,-2.107451388172592,74,6-8yr,one_frog_too_many,1092
ECSC_1092_3_74F_1092_YR3,4,309,0.5430579964850615,0.20703125000000008,early,0.4499121265377855,0.8998242530755711,2.0840729139687895,-16.1897464454112,74,6-8yr,one_frog_too_many,1092
ECSC_1092_3_74F_1092_YR3,2,282,0.4956063268892794,0.10156250000000012,early,0.4499121265377855,0.8998242530755711,12.86235086090516,-5.411468498474829,74,6-8yr,one_frog_too_many,1092
ECSC_1092_3_74F_1092_YR3,13,431,0.7574692442882249,0.6835937500000001,mid,0.4499121265377855,0.8998242530755711,15.127040094132338,-3.14677926524765,74,6-8yr,one_frog_too_many,1092
ECSC_1092_3_74F_1092_YR3,6,336,0.5905096660808435,0.31250000000000006,mid,0.4499121265377855,0.8998242530755711,27.779211666951703,9.505392307571714,74,6-8yr,one_frog_too_many,1092
ECSC_1092_3_74F_1092_YR3,10,390,0.6854130052724078,0.5234375000000002,mid,0.4499121265377855,0.8998242530755711,62.18045007884071,43.90663071946072,74,6-8yr,one_frog_too_many,1092
ECSC_1092_3_74F_1092_YR3,16,471,0.827768014059754,0.8398437500000002,late,0.4499121265377855,0.8998242530755711,12.353471825592532,-5.9203475337874565,74,6-8yr,one_frog_too_many,1092
ECSC_1092_3_74F_1092_YR3,19,512,0.8998242530755711,1.0,late,0.4499121265377855,0.8998242530755711,2.03676128994557,-16.23705806943442,74,6-8yr,one_frog_too_many,1092
ECSC_1092_3_74F_1092_YR3,17,485,0.8523725834797891,0.89453125,late,0.4499121265377855,0.8998242530755711,13.874647532875713,-4.399171826504276,74,6-8yr,one_frog_too_many,1092
ECSC_1094_2_84M_1094_YR2,1,263,0.6004566210045662,0.0507246376811595,early,0.5844748858447488,0.8995433789954338,3.806383287509137,1.5129950249744115,84,6-8yr,frog_on_his_own,1094
ECSC_1094_2_84M_1094_YR2,4,285,0.6506849315068494,0.21014492753623212,early,0.5844748858447488,0.8995433789954338,1.0371476949111944,-1.2562405676235309,84,6-8yr,frog_on_his_own,1094
ECSC_1094_2_84M_1094_YR2,2,270,0.6164383561643836,0.101449275362319,early,0.5844748858447488,0.8995433789954338,2.3372324104167106,0.04384414788198532,84,6-8yr,frog_on_his_own,1094
ECSC_1094_2_84M_1094_YR2,13,350,0.7990867579908676,0.6811594202898551,mid,0.5844748858447488,0.8995433789954338,1.6942544489286977,-0.5991338136060276,84,6-8yr,frog_on_his_own,1094
ECSC_1094_2_84M_1094_YR2,6,299,0.682648401826484,0.3115942028985508,mid,0.5844748858447488,0.8995433789954338,2.5437514857464336,0.25036322321170834,84,6-8yr,frog_on_his_own,1094
ECSC_1094_2_84M_1094_YR2,10,328,0.7488584474885844,0.5217391304347825,mid,0.5844748858447488,0.8995433789954338,2.5568559193643576,0.26346765682963236,84,6-8yr,frog_on_his_own,1094
ECSC_1094_2_84M_1094_YR2,16,372,0.8493150684931506,0.8405797101449274,late,0.5844748858447488,0.8995433789954338,1.8436750215523388,-0.4497132409823865,84,6-8yr,frog_on_his_own,1094
ECSC_1094_2_84M_1094_YR2,19,394,0.8995433789954338,1.0,late,0.5844748858447488,0.8995433789954338,3.201598975397962,0.9082107128632368,84,6-8yr,frog_on_his_own,1094
ECSC_1094_2_84M_1094_YR2,17,379,0.865296803652968,0.8913043478260869,late,0.5844748858447488,0.8995433789954338,1.619595118985698,-0.6737931435490272,84,6-8yr,frog_on_his_own,1094
ECSC_1094_3_84M_1094_YR3,1,263,0.5883668903803132,0.047945205479452094,early,0.5727069351230425,0.8993288590604027,8.757555295090512,-1.3322454006239735,84,6-8yr,one_frog_too_many,1094
ECSC_1094_3_84M_1094_YR3,4,286,0.639821029082774,0.20547945205479454,early,0.5727069351230425,0.8993288590604027,11.205915885151656,1.1161151894371706,84,6-8yr,one_frog_too_many,1094
ECSC_1094_3_84M_1094_YR3,2,271,0.6062639821029083,0.10273972602739743,early,0.5727069351230425,0.8993288590604027,17.140176696905623,7.050376001191138,84,6-8yr,one_frog_too_many,1094
ECSC_1094_3_84M_1094_YR3,13,355,0.7941834451901566,0.6780821917808219,mid,0.5727069351230425,0.8993288590604027,9.002740324799491,-1.087060370914994,84,6-8yr,one_frog_too_many,1094
ECSC_1094_3_84M_1094_YR3,6,302,0.6756152125279642,0.31506849315068486,mid,0.5727069351230425,0.8993288590604027,15.06439779559225,4.974597099877764,84,6-8yr,one_frog_too_many,1094
ECSC_1094_3_84M_1094_YR3,10,332,0.7427293064876958,0.5205479452054794,mid,0.5727069351230425,0.8993288590604027,12.043149079485062,1.9533483837705763,84,6-8yr,one_frog_too_many,1094
ECSC_1094_3_84M_1094_YR3,16,378,0.8456375838926175,0.8356164383561643,late,0.5727069351230425,0.8993288590604027,6.859405040114155,-3.23039565560033,84,6-8yr,one_frog_too_many,1094
ECSC_1094_3_84M_1094_YR3,19,402,0.8993288590604027,1.0,late,0.5727069351230425,0.8993288590604027,4.581724119884977,-5.5080765758295085,84,6-8yr,one_frog_too_many,1094
ECSC_1094_3_84M_1094_YR3,17,386,0.8635346756152126,0.8904109589041096,late,0.5727069351230425,0.8993288590604027,6.153142024406641,-3.9366586713078444,84,6-8yr,one_frog_too_many,1094
ECSC_1097_3_65M_1097_YR3,1,260,0.6878306878306878,0.04878048780487804,early,0.6772486772486772,0.8941798941798942,2.0006835693666964,-2.4436870930547885,65,4-6yr,frog_on_his_own,1097
ECSC_1097_3_65M_1097_YR3,4,273,0.7222222222222222,0.20731707317073178,early,0.6772486772486772,0.8941798941798942,6.376885615914986,1.9325149534935013,65,4-6yr,frog_on_his_own,1097
ECSC_1097_3_65M_1097_YR3,2,264,0.6984126984126984,0.09756097560975607,early,0.6772486772486772,0.8941798941798942,3.6822609965405366,-0.7621096658809483,65,4-6yr,frog_on_his_own,1097
ECSC_1097_3_65M_1097_YR3,13,312,0.8253968253968254,0.6829268292682925,mid,0.6772486772486772,0.8941798941798942,7.659172775557508,3.214802113136023,65,4-6yr,frog_on_his_own,1097
ECSC_1097_3_65M_1097_YR3,6,281,0.7433862433862434,0.30487804878048785,mid,0.6772486772486772,0.8941798941798942,4.268459850050615,-0.17591081237087014,65,4-6yr,frog_on_his_own,1097
ECSC_1097_3_65M_1097_YR3,10,299,0.791005291005291,0.5243902439024393,mid,0.6772486772486772,0.8941798941798942,7.043093311544178,2.598722649122693,65,4-6yr,frog_on_his_own,1097
ECSC_1097_3_65M_1097_YR3,16,325,0.8597883597883598,0.8414634146341462,late,0.6772486772486772,0.8941798941798942,4.065600454543876,-0.37877020787760873,65,4-6yr,frog_on_his_own,1097
ECSC_1097_3_65M_1097_YR3,19,338,0.8941798941798942,1.0,late,0.6772486772486772,0.8941798941798942,-0.5197103705334776,-4.9640810329549625,65,4-6yr,frog_on_his_own,1097
ECSC_1097_3_65M_1097_YR3,17,329,0.8703703703703703,0.8902439024390243,late,0.6772486772486772,0.8941798941798942,5.422889758808445,0.9785190963869601,65,4-6yr,frog_on_his_own,1097
ECSC_1098_3_92M_1098_YR3,1,256,0.8152866242038217,0.0,early,0.8152866242038217,0.8726114649681529,1.192686536201481,0.004449672276900296,92,6-8yr,boy_dog_frog,1098
ECSC_1098_3_92M_1098_YR3,4,259,0.8248407643312102,0.16666666666666666,early,0.8152866242038217,0.8726114649681529,0.7521422435161509,-0.4360946204084297,92,6-8yr,boy_dog_frog,1098
ECSC_1098_3_92M_1098_YR3,2,257,0.8184713375796179,0.05555555555555555,early,0.8152866242038217,0.8726114649681529,1.2075576562696124,0.019320792345031812,92,6-8yr,boy_dog_frog,1098
ECSC_1098_3_92M_1098_YR3,13,268,0.8535031847133758,0.6666666666666666,mid,0.8152866242038217,0.8726114649681529,1.35883455881536,0.17059769489077947,92,6-8yr,boy_dog_frog,1098
ECSC_1098_3_92M_1098_YR3,6,261,0.8312101910828026,0.2777777777777778,mid,0.8152866242038217,0.8726114649681529,0.731910755291334,-0.45632610863324663,92,6-8yr,boy_dog_frog,1098
ECSC_1098_3_92M_1098_YR3,10,265,0.8439490445859873,0.5,mid,0.8152866242038217,0.8726114649681529,1.1856561279241546,-0.002580736000425965,92,6-8yr,boy_dog_frog,1098
ECSC_1098_3_92M_1098_YR3,16,271,0.8630573248407644,0.8333333333333334,late,0.8152866242038217,0.8726114649681529,1.6706884818324523,0.4824516179078717,92,6-8yr,boy_dog_frog,1098
ECSC_1098_3_92M_1098_YR3,19,274,0.8726114649681529,1.0,late,0.8152866242038217,0.8726114649681529,1.205383091669697,0.017146227745116427,92,6-8yr,boy_dog_frog,1098
ECSC_1098_3_92M_1098_YR3,17,272,0.8662420382165605,0.8888888888888888,late,0.8152866242038217,0.8726114649681529,1.3892723238009816,0.20103545987640103,92,6-8yr,boy_dog_frog,1098
ECSC_1099_1_97F_1099_YR1,1,282,0.3325471698113207,0.05128205128205122,early,0.3018867924528302,0.8997641509433962,1.1282455954136292,-12.631185118130356,97,8-10yr,one_frog_too_many,1099
ECSC_1099_1_97F_1099_YR1,4,362,0.4268867924528302,0.20907297830374752,early,0.3018867924528302,0.8997641509433962,34.11238392322832,20.352953209684337,97,8-10yr,one_frog_too_many,1099
ECSC_1099_1_97F_1099_YR1,2,309,0.3643867924528302,0.10453648915187376,early,0.3018867924528302,0.8997641509433962,11.058067172727288,-2.701363540816697,97,8-10yr,one_frog_too_many,1099
ECSC_1099_1_97F_1099_YR1,13,602,0.7099056603773585,0.6824457593688362,mid,0.3018867924528302,0.8997641509433962,6.521816936007113,-7.237613777536872,97,8-10yr,one_frog_too_many,1099
ECSC_1099_1_97F_1099_YR1,6,416,0.490566037735849,0.3155818540433924,mid,0.3018867924528302,0.8997641509433962,7.585831160597083,-6.173599552946902,97,8-10yr,one_frog_too_many,1099
ECSC_1099_1_97F_1099_YR1,10,522,0.6155660377358491,0.5246548323471399,mid,0.3018867924528302,0.8997641509433962,26.79659245705008,13.037161743506097,97,8-10yr,one_frog_too_many,1099
ECSC_1099_1_97F_1099_YR1,16,682,0.8042452830188679,0.8402366863905323,late,0.3018867924528302,0.8997641509433962,20.11757346049981,6.358142746955824,97,8-10yr,one_frog_too_many,1099
ECSC_1099_1_97F_1099_YR1,19,763,0.8997641509433962,1.0,late,0.3018867924528302,0.8997641509433962,8.81596022263368,-4.943470490910304,97,8-10yr,one_frog_too_many,1099
ECSC_1099_1_97F_1099_YR1,17,709,0.8360849056603774,0.8934911242603552,late,0.3018867924528302,0.8997641509433962,7.698405493738864,-6.061025219805121,97,8-10yr,one_frog_too_many,1099
ECSC_1099_2_97F_1099_YR2,1,283,0.3245412844036697,0.05113636363636364,early,0.2935779816513761,0.8990825688073395,2.9154243057469724,-5.327522029418651,97,8-10yr,frog_on_his_own,1099
ECSC_1099_2_97F_1099_YR2,4,367,0.4208715596330275,0.21022727272727273,early,0.2935779816513761,0.8990825688073395,8.135599838748679,-0.1073464964169446,97,8-10yr,frog_on_his_own,1099
ECSC_1099_2_97F_1099_YR2,2,311,0.356651376146789,0.1041666666666667,early,0.2935779816513761,0.8990825688073395,3.04862450370824,-5.194321831457383,97,8-10yr,frog_on_his_own,1099
ECSC_1099_2_97F_1099_YR2,13,617,0.7075688073394495,0.683712121212121,mid,0.2935779816513761,0.8990825688073395,17.437263017469743,9.19431668230412,97,8-10yr,frog_on_his_own,1099
ECSC_1099_2_97F_1099_YR2,6,422,0.4839449541284403,0.3143939393939393,mid,0.2935779816513761,0.8990825688073395,10.373004305042825,2.1300579698772015,97,8-10yr,frog_on_his_own,1099
ECSC_1099_2_97F_1099_YR2,10,533,0.6112385321100917,0.524621212121212,mid,0.2935779816513761,0.8990825688073395,6.1492393214171255,-2.0937070137484977,97,8-10yr,frog_on_his_own,1099
ECSC_1099_2_97F_1099_YR2,16,700,0.8027522935779816,0.8409090909090906,late,0.2935779816513761,0.8990825688073395,14.633594095143994,6.390647759978371,97,8-10yr,frog_on_his_own,1099
ECSC_1099_2_97F_1099_YR2,19,784,0.8990825688073395,1.0,late,0.2935779816513761,0.8990825688073395,7.350458655463386,-0.8924876797022367,97,8-10yr,frog_on_his_own,1099
ECSC_1099_2_97F_1099_YR2,17,728,0.8348623853211009,0.8939393939393939,late,0.2935779816513761,0.8990825688073395,4.143308973749646,-4.099637361415978,97,8-10yr,frog_on_his_own,1099
ECSC_1099_3_97F_1099_YR3,1,281,0.3431013431013431,0.05197505197505198,early,0.3125763125763126,0.8998778998778999,4.015947819337269,-6.5290510702765605,97,8-10yr,frog_on_his_own,1099
ECSC_1099_3_97F_1099_YR3,4,357,0.4358974358974359,0.20997920997921,early,0.3125763125763126,0.8998778998778999,3.9303388707169,-6.614660018896929,97,8-10yr,frog_on_his_own,1099
ECSC_1099_3_97F_1099_YR3,2,306,0.3736263736263736,0.10395010395010386,early,0.3125763125763126,0.8998778998778999,3.10371772859086,-7.441281161022969,97,8-10yr,frog_on_his_own,1099
ECSC_1099_3_97F_1099_YR3,13,585,0.7142857142857143,0.683991683991684,mid,0.3125763125763126,0.8998778998778999,12.307696577564112,1.7626976879502827,97,8-10yr,frog_on_his_own,1099
ECSC_1099_3_97F_1099_YR3,6,407,0.4969474969474969,0.31392931392931384,mid,0.3125763125763126,0.8998778998778999,34.35776627844862,23.812767388834793,97,8-10yr,frog_on_his_own,1099
ECSC_1099_3_97F_1099_YR3,10,509,0.6214896214896215,0.525987525987526,mid,0.3125763125763126,0.8998778998778999,11.742911390979463,1.197912501365634,97,8-10yr,frog_on_his_own,1099
ECSC_1099_3_97F_1099_YR3,16,661,0.8070818070818071,0.841995841995842,late,0.3125763125763126,0.8998778998778999,1.979069454856587,-8.565929434757242,97,8-10yr,frog_on_his_own,1099
ECSC_1099_3_97F_1099_YR3,19,737,0.8998778998778999,1.0,late,0.3125763125763126,0.8998778998778999,4.755391778280673,-5.789607111333156,97,8-10yr,frog_on_his_own,1099
ECSC_1099_3_97F_1099_YR3,17,686,0.8376068376068376,0.893970893970894,late,0.3125763125763126,0.8998778998778999,18.712150107749988,8.167151218136159,97,8-10yr,frog_on_his_own,1099
ECSC_2001_1_66M_2001_YR1,1,257,0.7981366459627329,0.0384615384615392,early,0.7950310559006211,0.8757763975155279,13.973093518256432,4.487952877238191,66,4-6yr,unknown,2001
ECSC_2001_1_66M_2001_YR1,4,261,0.8105590062111802,0.19230769230769326,early,0.7950310559006211,0.8757763975155279,20.265133282830003,10.779992641811763,66,4-6yr,unknown,2001
ECSC_2001_1_66M_2001_YR1,2,258,0.8012422360248447,0.07692307692307702,early,0.7950310559006211,0.8757763975155279,14.141962633513572,4.656821992495331,66,4-6yr,unknown,2001
ECSC_2001_1_66M_2001_YR1,13,273,0.8478260869565217,0.6538461538461541,mid,0.7950310559006211,0.8757763975155279,4.6189534170646915,-4.866187223953549,66,4-6yr,unknown,2001
ECSC_2001_1_66M_2001_YR1,6,264,0.8198757763975155,0.3076923076923081,mid,0.7950310559006211,0.8757763975155279,14.436413123871128,4.951272482852888,66,4-6yr,unknown,2001
ECSC_2001_1_66M_2001_YR1,10,269,0.8354037267080745,0.5,mid,0.7950310559006211,0.8757763975155279,10.303004570286976,0.8178639292687357,66,4-6yr,unknown,2001
ECSC_2001_1_66M_2001_YR1,16,277,0.860248447204969,0.8076923076923082,late,0.7950310559006211,0.8757763975155279,3.20605920563485,-6.279081435383391,66,4-6yr,unknown,2001
ECSC_2001_1_66M_2001_YR1,19,282,0.8757763975155279,1.0,late,0.7950310559006211,0.8757763975155279,2.32331216524188,-7.16182847577636,66,4-6yr,unknown,2001
ECSC_2001_1_66M_2001_YR1,17,279,0.8664596273291926,0.8846153846153851,late,0.7950310559006211,0.8757763975155279,2.098333852464643,-7.3868067885535975,66,4-6yr,unknown,2001
ECSC_2001_2_66M_2001_YR2,1,263,0.5896860986547086,0.04827586206896565,early,0.5739910313901345,0.899103139013453,6.086214022603222,-0.012021818415019148,66,4-6yr,unknown,2001
ECSC_2001_2_66M_2001_YR2,4,286,0.6412556053811659,0.20689655172413782,early,0.5739910313901345,0.899103139013453,5.011387369643872,-1.0868484713743696,66,4-6yr,unknown,2001
ECSC_2001_2_66M_2001_YR2,2,271,0.6076233183856502,0.10344827586206891,early,0.5739910313901345,0.899103139013453,9.667734204641404,3.569498363623162,66,4-6yr,unknown,2001
ECSC_2001_2_66M_2001_YR2,13,355,0.7959641255605381,0.682758620689655,mid,0.5739910313901345,0.899103139013453,9.630858304375462,3.53262246335722,66,4-6yr,unknown,2001
ECSC_2001_2_66M_2001_YR2,6,301,0.6748878923766816,0.31034482758620674,mid,0.5739910313901345,0.899103139013453,2.9886660028640746,-3.109569838154167,66,4-6yr,unknown,2001
ECSC_2001_2_66M_2001_YR2,10,332,0.7443946188340808,0.5241379310344828,mid,0.5739910313901345,0.899103139013453,1.5759231081013958,-4.522312732916846,66,4-6yr,unknown,2001
ECSC_2001_2_66M_2001_YR2,16,378,0.8475336322869955,0.8413793103448275,late,0.5739910313901345,0.899103139013453,8.684789463623474,2.5865536226052326,66,4-6yr,unknown,2001
ECSC_2001_2_66M_2001_YR2,19,401,0.899103139013453,1.0,late,0.5739910313901345,0.899103139013453,2.1813076725143397,-3.916928168503902,66,4-6yr,unknown,2001
ECSC_2001_2_66M_2001_YR2,17,385,0.8632286995515696,0.8896551724137931,late,0.5739910313901345,0.899103139013453,9.057242420796932,2.9590065797786904,66,4-6yr,unknown,2001
ECSC_2002_1_87M_2002_YR1,1,256,0.8258064516129032,0.0,early,0.8258064516129032,0.8709677419354839,5.405382503710065,-0.2735590789805675,87,6-8yr,unknown,2002
ECSC_2002_1_87M_2002_YR1,4,258,0.832258064516129,0.1428571428571432,early,0.8258064516129032,0.8709677419354839,4.514953888906092,-1.1639876937845406,87,6-8yr,unknown,2002
ECSC_2002_1_87M_2002_YR1,2,257,0.8290322580645161,0.07142857142857037,early,0.8258064516129032,0.8709677419354839,4.633557303365706,-1.045384279324927,87,6-8yr,unknown,2002
ECSC_2002_1_87M_2002_YR1,13,265,0.8548387096774194,0.6428571428571432,mid,0.8258064516129032,0.8709677419354839,6.619161623178876,0.940220040488243,87,6-8yr,unknown,2002
ECSC_2002_1_87M_2002_YR1,6,260,0.8387096774193549,0.2857142857142864,mid,0.8258064516129032,0.8709677419354839,4.409128106449653,-1.26981347624098,87,6-8yr,unknown,2002
ECSC_2002_1_87M_2002_YR1,10,263,0.8483870967741935,0.5,mid,0.8258064516129032,0.8709677419354839,6.583156246883789,0.9042146641931561,87,6-8yr,unknown,2002
ECSC_2002_1_87M_2002_YR1,16,267,0.8612903225806452,0.7857142857142864,late,0.8258064516129032,0.8709677419354839,6.775763318865545,1.0968217361749124,87,6-8yr,unknown,2002
ECSC_2002_1_87M_2002_YR1,19,270,0.8709677419354839,1.0,late,0.8258064516129032,0.8709677419354839,6.065529909082702,0.3865883263920695,87,6-8yr,unknown,2002
ECSC_2002_1_87M_2002_YR1,17,268,0.864516129032258,0.8571428571428568,late,0.8258064516129032,0.8709677419354839,6.103841343773267,0.42489976108263416,87,6-8yr,unknown,2002
ECSC_2003_2_65M_2003_YR2,1,259,0.7038043478260869,0.041666666666666574,early,0.6956521739130435,0.8913043478260869,0.3469756879911365,-15.70491835943162,65,4-6yr,unknown,2003
ECSC_2003_2_65M_2003_YR2,4,271,0.7364130434782609,0.20833333333333343,early,0.6956521739130435,0.8913043478260869,20.323730811605895,4.2718367641831385,65,4-6yr,unknown,2003
ECSC_2003_2_65M_2003_YR2,2,263,0.7146739130434783,0.09722222222222238,early,0.6956521739130435,0.8913043478260869,1.1480878538207655,-14.90380619360199,65,4-6yr,unknown,2003
ECSC_2003_2_65M_2003_YR2,13,305,0.8288043478260869,0.6805555555555555,mid,0.6956521739130435,0.8913043478260869,9.307372177729096,-6.74452186969366,65,4-6yr,unknown,2003
ECSC_2003_2_65M_2003_YR2,6,278,0.7554347826086957,0.3055555555555558,mid,0.6956521739130435,0.8913043478260869,2.123948362484807,-13.92794568493795,65,4-6yr,unknown,2003
ECSC_2003_2_65M_2003_YR2,10,293,0.7961956521739131,0.5138888888888893,mid,0.6956521739130435,0.8913043478260869,3.918718279506365,-12.133175767916391,65,4-6yr,unknown,2003
ECSC_2003_2_65M_2003_YR2,16,316,0.8586956521739131,0.8333333333333337,late,0.6956521739130435,0.8913043478260869,30.656623591219915,14.60472954379716,65,4-6yr,unknown,2003
ECSC_2003_2_65M_2003_YR2,19,328,0.8913043478260869,1.0,late,0.6956521739130435,0.8913043478260869,40.36020102919235,24.308306981769597,65,4-6yr,unknown,2003
ECSC_2003_2_65M_2003_YR2,17,320,0.8695652173913043,0.888888888888889,late,0.6956521739130435,0.8913043478260869,36.28138863325448,20.229494585831723,65,4-6yr,unknown,2003
ECSC_2004_1_73M_2004_YR1,1,258,0.75,0.041666666666666734,early,0.7441860465116279,0.8837209302325582,3.002234077871833,-8.019780693732086,73,6-8yr,unknown,2004
ECSC_2004_1_73M_2004_YR1,4,266,0.7732558139534884,0.20833333333333368,early,0.7441860465116279,0.8837209302325582,15.014066718179926,3.992051946576007,73,6-8yr,unknown,2004
ECSC_2004_1_73M_2004_YR1,2,261,0.7587209302325582,0.10416666666666684,early,0.7441860465116279,0.8837209302325582,9.175001435421208,-1.8470133361827106,73,6-8yr,unknown,2004
ECSC_2004_1_73M_2004_YR1,13,288,0.8372093023255814,0.666666666666667,mid,0.7441860465116279,0.8837209302325582,22.68152955044459,11.659514778840672,73,6-8yr,unknown,2004
ECSC_2004_1_73M_2004_YR1,6,271,0.7877906976744186,0.3124999999999997,mid,0.7441860465116279,0.8837209302325582,13.8237254421878,2.8017106705838817,73,6-8yr,unknown,2004
ECSC_2004_1_73M_2004_YR1,10,281,0.8168604651162791,0.5208333333333334,mid,0.7441860465116279,0.8837209302325582,9.566324601357728,-1.455690170246191,73,6-8yr,unknown,2004
ECSC_2004_1_73M_2004_YR1,16,296,0.8604651162790697,0.833333333333333,late,0.7441860465116279,0.8837209302325582,13.535466281807524,2.5134515102036055,73,6-8yr,unknown,2004
ECSC_2004_1_73M_2004_YR1,19,304,0.8837209302325582,1.0,late,0.7441860465116279,0.8837209302325582,2.9206885769233004,-8.101326194680619,73,6-8yr,unknown,2004
ECSC_2004_1_73M_2004_YR1,17,298,0.8662790697674418,0.8749999999999998,late,0.7441860465116279,0.8837209302325582,9.479096260241365,-1.5429185113625543,73,6-8yr,unknown,2004
ECSC_2007_1_72M_2007_YR1,1,267,0.5124760076775432,0.05188679245283027,early,0.491362763915547,0.8982725527831094,8.03273698278336,4.227223012440797,72,6-8yr,unknown,2007
ECSC_2007_1_72M_2007_YR1,4,300,0.5758157389635317,0.2075471698113208,early,0.491362763915547,0.8982725527831094,7.501423033547024,3.69590906320446,72,6-8yr,unknown,2007
ECSC_2007_1_72M_2007_YR1,2,278,0.5335892514395394,0.10377358490566053,early,0.491362763915547,0.8982725527831094,5.9916789281618765,2.186164957819313,72,6-8yr,unknown,2007
ECSC_2007_1_72M_2007_YR1,13,401,0.7696737044145874,0.6839622641509436,mid,0.491362763915547,0.8982725527831094,1.4213458457402623,-2.384168124602301,72,6-8yr,unknown,2007
ECSC_2007_1_72M_2007_YR1,6,322,0.6180422264875239,0.31132075471698106,mid,0.491362763915547,0.8982725527831094,6.0895637424767415,2.284049772134178,72,6-8yr,unknown,2007
ECSC_2007_1_72M_2007_YR1,10,367,0.7044145873320538,0.5235849056603775,mid,0.491362763915547,0.8982725527831094,-0.6063981095252906,-4.411912079867854,72,6-8yr,unknown,2007
ECSC_2007_1_72M_2007_YR1,16,434,0.8330134357005758,0.8396226415094341,late,0.491362763915547,0.8982725527831094,-0.0035867116816987,-3.8091006820242623,72,6-8yr,unknown,2007
ECSC_2007_1_72M_2007_YR1,19,468,0.8982725527831094,1.0,late,0.491362763915547,0.8982725527831094,6.660283581061339,2.8547696107187757,72,6-8yr,unknown,2007
ECSC_2007_1_72M_2007_YR1,17,445,0.8541266794625719,0.8915094339622641,late,0.491362763915547,0.8982725527831094,-0.8374215594805428,-4.642935529823106,72,6-8yr,unknown,2007
ECSC_2007_2_72M_2007_YR2,1,277,0.3794520547945205,0.05236907730673305,early,0.3506849315068493,0.9,6.371934454575454,0.8004985568663612,72,6-8yr,unknown,2007
ECSC_2007_2_72M_2007_YR2,4,340,0.4657534246575342,0.2094763092269326,early,0.3506849315068493,0.9,4.846481364740498,-0.7249545329685949,72,6-8yr,unknown,2007
ECSC_2007_2_72M_2007_YR2,2,298,0.4082191780821917,0.10473815461346621,early,0.3506849315068493,0.9,19.400963969488828,13.829528071779734,72,6-8yr,unknown,2007
ECSC_2007_2_72M_2007_YR2,13,530,0.726027397260274,0.683291770573566,mid,0.3506849315068493,0.9,12.877396066701971,7.305960168992878,72,6-8yr,unknown,2007
ECSC_2007_2_72M_2007_YR2,6,382,0.5232876712328767,0.3142144638403989,mid,0.3506849315068493,0.9,3.8771867248110783,-1.6942491728980147,72,6-8yr,unknown,2007
ECSC_2007_2_72M_2007_YR2,10,467,0.6397260273972603,0.5261845386533666,mid,0.3506849315068493,0.9,0.0750216500308571,-5.496414247678236,72,6-8yr,unknown,2007
ECSC_2007_2_72M_2007_YR2,16,593,0.8123287671232877,0.8403990024937656,late,0.3506849315068493,0.9,0.5066042186676238,-5.064831679041469,72,6-8yr,unknown,2007
ECSC_2007_2_72M_2007_YR2,19,657,0.9,1.0,late,0.3506849315068493,0.9,0.635957949991063,-4.93547794771803,72,6-8yr,unknown,2007
ECSC_2007_2_72M_2007_YR2,17,614,0.8410958904109589,0.8927680798004987,late,0.3506849315068493,0.9,1.5513766803744635,-4.020059217334629,72,6-8yr,unknown,2007
ECSC_2008_1_66F_2008_YR1,1,267,0.4990654205607476,0.04888888888888868,early,0.4785046728971963,0.8990654205607477,3.5662611887239297,0.5652087663956635,66,4-6yr,unknown,2008
ECSC_2008_1_66F_2008_YR1,4,303,0.5663551401869159,0.2088888888888889,early,0.4785046728971963,0.8990654205607477,2.996045695240716,-0.005006727087550011,66,4-6yr,unknown,2008
ECSC_2008_1_66F_2008_YR1,2,279,0.5214953271028038,0.10222222222222226,early,0.4785046728971963,0.8990654205607477,1.7820451491423466,-1.2190072731859196,66,4-6yr,unknown,2008
ECSC_2008_1_66F_2008_YR1,13,409,0.7644859813084112,0.6799999999999998,mid,0.4785046728971963,0.8990654205607477,3.7439534805832873,0.7429010582550211,66,4-6yr,unknown,2008
ECSC_2008_1_66F_2008_YR1,6,327,0.611214953271028,0.31555555555555553,mid,0.4785046728971963,0.8990654205607477,2.6455870411126705,-0.3554653812155957,66,4-6yr,unknown,2008
ECSC_2008_1_66F_2008_YR1,10,374,0.6990654205607477,0.5244444444444445,mid,0.4785046728971963,0.8990654205607477,1.678087280738418,-1.3229651415898482,66,4-6yr,unknown,2008
ECSC_2008_1_66F_2008_YR1,16,445,0.8317757009345794,0.84,late,0.4785046728971963,0.8990654205607477,2.624090328939773,-0.3769620933884932,66,4-6yr,unknown,2008
ECSC_2008_1_66F_2008_YR1,19,481,0.8990654205607477,1.0,late,0.4785046728971963,0.8990654205607477,6.368242711315613,3.367190288987347,66,4-6yr,unknown,2008
ECSC_2008_1_66F_2008_YR1,17,457,0.8542056074766355,0.8933333333333334,late,0.4785046728971963,0.8990654205607477,1.6051589251576428,-1.3958934971706234,66,4-6yr,unknown,2008
ECSC_2008_2_66F_2008_YR2,1,261,0.6574307304785895,0.04950495049504975,early,0.6448362720403022,0.8992443324937027,9.26783552444121,-1.2005419387434788,66,4-6yr,unknown,2008
ECSC_2008_2_66F_2008_YR2,4,277,0.6977329974811083,0.2079207920792079,early,0.6448362720403022,0.8992443324937027,15.08962658640889,4.621249123224201,66,4-6yr,unknown,2008
ECSC_2008_2_66F_2008_YR2,2,266,0.6700251889168766,0.09900990099009907,early,0.6448362720403022,0.8992443324937027,14.3211763163563,3.8527988531716115,66,4-6yr,unknown,2008
ECSC_2008_2_66F_2008_YR2,13,325,0.818639798488665,0.6831683168316832,mid,0.6448362720403022,0.8992443324937027,4.795183526158436,-5.673193937026253,66,4-6yr,unknown,2008
ECSC_2008_2_66F_2008_YR2,6,287,0.7229219143576826,0.306930693069307,mid,0.6448362720403022,0.8992443324937027,37.65318353022268,27.18480606703799,66,4-6yr,unknown,2008
ECSC_2008_2_66F_2008_YR2,10,309,0.7783375314861462,0.5247524752475251,mid,0.6448362720403022,0.8992443324937027,3.0964301467669646,-7.3719473164177245,66,4-6yr,unknown,2008
ECSC_2008_2_66F_2008_YR2,16,341,0.8589420654911839,0.8415841584158419,late,0.6448362720403022,0.8992443324937027,3.481746645662364,-6.986630817522325,66,4-6yr,unknown,2008
ECSC_2008_2_66F_2008_YR2,19,357,0.8992443324937027,1.0,late,0.6448362720403022,0.8992443324937027,2.020990033118343,-8.447387430066346,66,4-6yr,unknown,2008
ECSC_2008_2_66F_2008_YR2,17,346,0.871536523929471,0.8910891089108911,late,0.6448362720403022,0.8992443324937027,4.489224859527026,-5.979152603657663,66,4-6yr,unknown,2008
ECSC_2009_1_68M_2009_YR1,1,257,0.7956656346749226,0.037037037037036154,early,0.7925696594427245,0.8761609907120743,12.579002876486488,4.078831258629718,68,4-6yr,unknown,2009
ECSC_2009_1_68M_2009_YR1,4,261,0.8080495356037152,0.18518518518518473,early,0.7925696594427245,0.8761609907120743,13.926938115139354,5.426766497282584,68,4-6yr,unknown,2009
ECSC_2009_1_68M_2009_YR1,2,258,0.7987616099071208,0.07407407407407363,early,0.7925696594427245,0.8761609907120743,16.64933080066198,8.149159182805208,68,4-6yr,unknown,2009
ECSC_2009_1_68M_2009_YR1,13,274,0.848297213622291,0.6666666666666666,mid,0.7925696594427245,0.8761609907120743,4.6030858272907835,-3.8970857905659866,68,4-6yr,unknown,2009
ECSC_2009_1_68M_2009_YR1,6,264,0.8173374613003096,0.29629629629629584,mid,0.7925696594427245,0.8761609907120743,7.126676025241196,-1.3734955926155745,68,4-6yr,unknown,2009
ECSC_2009_1_68M_2009_YR1,10,270,0.8359133126934984,0.518518518518518,mid,0.7925696594427245,0.8761609907120743,6.612259803018876,-1.887911814837894,68,4-6yr,unknown,2009
ECSC_2009_1_68M_2009_YR1,16,278,0.8606811145510835,0.8148148148148139,late,0.7925696594427245,0.8761609907120743,6.888536934072684,-1.6116346837840858,68,4-6yr,unknown,2009
ECSC_2009_1_68M_2009_YR1,19,283,0.8761609907120743,1.0,late,0.7925696594427245,0.8761609907120743,3.095621566381892,-5.404550051474878,68,4-6yr,unknown,2009
ECSC_2009_1_68M_2009_YR1,17,280,0.8668730650154799,0.8888888888888888,late,0.7925696594427245,0.8761609907120743,5.020092612417667,-3.4800790054391033,68,4-6yr,unknown,2009
ECSC_2009_2_68M_2009_YR2,1,261,0.6444444444444445,0.046296296296296495,early,0.6320987654320988,0.8987654320987655,6.141147697724923,0.4330864879856007,68,4-6yr,unknown,2009
ECSC_2009_2_68M_2009_YR2,4,278,0.6864197530864198,0.20370370370370383,early,0.6320987654320988,0.8987654320987655,7.2966443267452945,1.5885831170059719,68,4-6yr,unknown,2009
ECSC_2009_2_68M_2009_YR2,2,267,0.6592592592592592,0.10185185185185171,early,0.6320987654320988,0.8987654320987655,5.478070173834777,-0.22999103590454606,68,4-6yr,unknown,2009
ECSC_2009_2_68M_2009_YR2,13,329,0.8123456790123457,0.6759259259259258,mid,0.6320987654320988,0.8987654320987655,8.172946609889049,2.4648854001497265,68,4-6yr,unknown,2009
ECSC_2009_2_68M_2009_YR2,6,290,0.7160493827160493,0.31481481481481466,mid,0.6320987654320988,0.8987654320987655,10.008926582419454,4.300865372680131,68,4-6yr,unknown,2009
ECSC_2009_2_68M_2009_YR2,10,312,0.7703703703703704,0.5185185185185185,mid,0.6320987654320988,0.8987654320987655,5.049653226724686,-0.6584079830146363,68,4-6yr,unknown,2009
ECSC_2009_2_68M_2009_YR2,16,346,0.854320987654321,0.8333333333333331,late,0.6320987654320988,0.8987654320987655,3.616034318961944,-2.0920268907773787,68,4-6yr,unknown,2009
ECSC_2009_2_68M_2009_YR2,19,364,0.8987654320987655,1.0,late,0.6320987654320988,0.8987654320987655,1.4969597012996552,-4.2111015084396675,68,4-6yr,unknown,2009
ECSC_2009_2_68M_2009_YR2,17,352,0.8691358024691358,0.8888888888888887,late,0.6320987654320988,0.8987654320987655,4.112168250054118,-1.5958929596852043,68,4-6yr,unknown,2009
ECSC_2010_2_70F_2010_YR2,1,259,0.7018970189701897,0.04109589041095914,early,0.6937669376693767,0.8915989159891599,-3.1556173784706196,-3.0691625243817886,70,4-6yr,unknown,2010
ECSC_2010_2_70F_2010_YR2,4,271,0.7344173441734417,0.20547945205479456,early,0.6937669376693767,0.8915989159891599,-2.759493870517627,-2.673039016428796,70,4-6yr,unknown,2010
ECSC_2010_2_70F_2010_YR2,2,263,0.7127371273712737,0.09589041095890409,early,0.6937669376693767,0.8915989159891599,-4.778537151084363,-4.692082296995531,70,4-6yr,unknown,2010
ECSC_2010_2_70F_2010_YR2,13,305,0.8265582655826558,0.6712328767123286,mid,0.6937669376693767,0.8915989159891599,2.1286380596587797,2.2150929137476107,70,4-6yr,unknown,2010
ECSC_2010_2_70F_2010_YR2,6,279,0.7560975609756098,0.315068493150685,mid,0.6937669376693767,0.8915989159891599,2.524510010024283,2.610964864113114,70,4-6yr,unknown,2010
ECSC_2010_2_70F_2010_YR2,10,294,0.7967479674796748,0.5205479452054795,mid,0.6937669376693767,0.8915989159891599,2.480218276464319,2.56667313055315,70,4-6yr,unknown,2010
ECSC_2010_2_70F_2010_YR2,16,317,0.8590785907859079,0.8356164383561646,late,0.6937669376693767,0.8915989159891599,1.4616881911642583,1.5481430452530895,70,4-6yr,unknown,2010
ECSC_2010_2_70F_2010_YR2,19,329,0.8915989159891599,1.0,late,0.6937669376693767,0.8915989159891599,0.84557237927529,0.9320272333641213,70,4-6yr,unknown,2010
ECSC_2010_2_70F_2010_YR2,17,321,0.8699186991869918,0.8904109589041095,late,0.6937669376693767,0.8915989159891599,0.4749277966861984,0.5613826507750296,70,4-6yr,unknown,2010
ECSC_2011_1_66M_2011_YR1,1,258,0.7543859649122807,0.04347826086956561,early,0.7485380116959064,0.8830409356725146,5.423335730337847,-5.899500794833967,66,4-6yr,unknown,2011
ECSC_2011_1_66M_2011_YR1,4,265,0.7748538011695907,0.19565217391304401,early,0.7485380116959064,0.8830409356725146,8.533594165913051,-2.789242359258763,66,4-6yr,unknown,2011
ECSC_2011_1_66M_2011_YR1,2,260,0.7602339181286549,0.0869565217391304,early,0.7485380116959064,0.8830409356725146,3.4654688868866685,-7.857367638285146,66,4-6yr,unknown,2011
ECSC_2011_1_66M_2011_YR1,13,287,0.8391812865497076,0.6739130434782608,mid,0.7485380116959064,0.8830409356725146,22.3909930072409,11.068156482069087,66,4-6yr,unknown,2011
ECSC_2011_1_66M_2011_YR1,6,270,0.7894736842105263,0.3043478260869568,mid,0.7485380116959064,0.8830409356725146,8.175843020658625,-3.1469935045131887,66,4-6yr,unknown,2011
ECSC_2011_1_66M_2011_YR1,10,280,0.8187134502923976,0.5217391304347824,mid,0.7485380116959064,0.8830409356725146,16.87771193149264,5.554875406320827,66,4-6yr,unknown,2011
ECSC_2011_1_66M_2011_YR1,16,294,0.8596491228070176,0.8260869565217392,late,0.7485380116959064,0.8830409356725146,14.52100361502723,3.1981670898554153,66,4-6yr,unknown,2011
ECSC_2011_1_66M_2011_YR1,19,302,0.8830409356725146,1.0,late,0.7485380116959064,0.8830409356725146,9.18143930805256,-2.1413972171192537,66,4-6yr,unknown,2011
ECSC_2011_1_66M_2011_YR1,17,297,0.868421052631579,0.8913043478260873,late,0.7485380116959064,0.8830409356725146,13.336139060936794,2.0133025357649803,66,4-6yr,unknown,2011
ECSC_2013_1_67F_2013_YR1,1,257,0.7883435582822086,0.03333333333333313,early,0.7852760736196319,0.8773006134969326,13.76237013825557,2.100511557545895,67,4-6yr,unknown,2013
ECSC_2013_1_67F_2013_YR1,4,262,0.803680981595092,0.2,early,0.7852760736196319,0.8773006134969326,18.247968740586707,6.586110159877032,67,4-6yr,unknown,2013
ECSC_2013_1_67F_2013_YR1,2,259,0.7944785276073619,0.0999999999999994,early,0.7852760736196319,0.8773006134969326,16.211074791475866,4.5492162107661915,67,4-6yr,unknown,2013
ECSC_2013_1_67F_2013_YR1,13,276,0.8466257668711656,0.6666666666666663,mid,0.7852760736196319,0.8773006134969326,10.02943111500971,-1.6324274656999638,67,4-6yr,unknown,2013
ECSC_2013_1_67F_2013_YR1,6,265,0.8128834355828221,0.2999999999999994,mid,0.7852760736196319,0.8773006134969326,19.00023560803102,7.338377027321345,67,4-6yr,unknown,2013
ECSC_2013_1_67F_2013_YR1,10,271,0.8312883435582822,0.4999999999999994,mid,0.7852760736196319,0.8773006134969326,8.957653387904575,-2.7042051928051,67,4-6yr,unknown,2013
ECSC_2013_1_67F_2013_YR1,16,281,0.8619631901840491,0.8333333333333331,late,0.7852760736196319,0.8773006134969326,5.656825768552903,-6.005032812156772,67,4-6yr,unknown,2013
ECSC_2013_1_67F_2013_YR1,19,286,0.8773006134969326,1.0,late,0.7852760736196319,0.8773006134969326,7.488996028896887,-4.172862551812788,67,4-6yr,unknown,2013
ECSC_2013_1_67F_2013_YR1,17,282,0.8650306748466258,0.8666666666666663,late,0.7852760736196319,0.8773006134969326,5.602171647673835,-6.05968693303584,67,4-6yr,unknown,2013
ECSC_2014_1_68F_2014_YR1,1,261,0.6492537313432836,0.047619047619047616,early,0.6368159203980099,0.8980099502487562,3.535881639920122,-0.5244769489971386,68,4-6yr,unknown,2014
ECSC_2014_1_68F_2014_YR1,4,278,0.6915422885572139,0.20952380952380945,early,0.6368159203980099,0.8980099502487562,2.0289772117778124,-2.031381377139448,68,4-6yr,unknown,2014
ECSC_2014_1_68F_2014_YR1,2,267,0.664179104477612,0.10476190476190493,early,0.6368159203980099,0.8980099502487562,4.368868943859605,0.308510354942344,68,4-6yr,unknown,2014
ECSC_2014_1_68F_2014_YR1,13,327,0.8134328358208955,0.6761904761904763,mid,0.6368159203980099,0.8980099502487562,4.8066469553735445,0.7462883664562838,68,4-6yr,unknown,2014
ECSC_2014_1_68F_2014_YR1,6,289,0.7189054726368159,0.3142857142857144,mid,0.6368159203980099,0.8980099502487562,2.5086367451426455,-1.5517218437746152,68,4-6yr,unknown,2014
ECSC_2014_1_68F_2014_YR1,10,311,0.7736318407960199,0.5238095238095238,mid,0.6368159203980099,0.8980099502487562,9.631350045975225,5.570991457057964,68,4-6yr,unknown,2014
ECSC_2014_1_68F_2014_YR1,16,344,0.8557213930348259,0.8380952380952382,late,0.6368159203980099,0.8980099502487562,3.8055177964811993,-0.2548407924360614,68,4-6yr,unknown,2014
ECSC_2014_1_68F_2014_YR1,19,361,0.8980099502487562,1.0,late,0.6368159203980099,0.8980099502487562,2.7346643008809632,-1.3256942880362974,68,4-6yr,unknown,2014
ECSC_2014_1_68F_2014_YR1,17,349,0.8681592039800995,0.8857142857142858,late,0.6368159203980099,0.8980099502487562,3.122683660844231,-0.9376749280730294,68,4-6yr,unknown,2014
ECSC_2014_2_68F_2014_YR2,1,258,0.7413793103448276,0.038461538461538776,early,0.735632183908046,0.8850574712643678,11.559507960422671,8.349321740436721,68,4-6yr,unknown,2014
ECSC_2014_2_68F_2014_YR2,4,266,0.764367816091954,0.1923076923076924,early,0.735632183908046,0.8850574712643678,2.2906684776472197,-0.9195177423387304,68,4-6yr,unknown,2014
ECSC_2014_2_68F_2014_YR2,2,261,0.75,0.0961538461538462,early,0.735632183908046,0.8850574712643678,1.8635327797153067,-1.3466534402706434,68,4-6yr,unknown,2014
ECSC_2014_2_68F_2014_YR2,13,291,0.8362068965517241,0.6730769230769227,mid,0.735632183908046,0.8850574712643678,1.0531096707330736,-2.1570765492528765,68,4-6yr,unknown,2014
ECSC_2014_2_68F_2014_YR2,6,272,0.7816091954022989,0.307692307692308,mid,0.735632183908046,0.8850574712643678,3.829955885165374,0.6197696651794238,68,4-6yr,unknown,2014
ECSC_2014_2_68F_2014_YR2,10,283,0.8132183908045977,0.519230769230769,mid,0.735632183908046,0.8850574712643678,0.6670968377687849,-2.543089382217165,68,4-6yr,unknown,2014
ECSC_2014_2_68F_2014_YR2,16,299,0.8591954022988506,0.826923076923077,late,0.735632183908046,0.8850574712643678,1.779912398755486,-1.4302738212304642,68,4-6yr,unknown,2014
ECSC_2014_2_68F_2014_YR2,19,308,0.8850574712643678,1.0,late,0.735632183908046,0.8850574712643678,3.2495411506128793,0.039354930626929185,68,4-6yr,unknown,2014
ECSC_2014_2_68F_2014_YR2,17,302,0.867816091954023,0.8846153846153845,late,0.735632183908046,0.8850574712643678,2.598350819052756,-0.6118354009331943,68,4-6yr,unknown,2014
ECSC_2015_1_69F_2015_YR1,1,271,0.4413680781758957,0.05067567567567548,early,0.4169381107491857,0.8990228013029316,7.470569927808537,0.2164914218516376,69,4-6yr,unknown,2015
ECSC_2015_1_69F_2015_YR1,4,318,0.5179153094462541,0.20945945945945946,early,0.4169381107491857,0.8990228013029316,6.530398006431485,-0.7236804995254147,69,4-6yr,unknown,2015
ECSC_2015_1_69F_2015_YR1,2,287,0.4674267100977198,0.10472972972972956,early,0.4169381107491857,0.8990228013029316,4.524534131495855,-2.729544374461044,69,4-6yr,unknown,2015
ECSC_2015_1_69F_2015_YR1,13,458,0.745928338762215,0.6824324324324325,mid,0.4169381107491857,0.8990228013029316,3.1256078439359936,-4.128470662020906,69,4-6yr,unknown,2015
ECSC_2015_1_69F_2015_YR1,6,349,0.5684039087947883,0.31418918918918926,mid,0.4169381107491857,0.8990228013029316,1.82015849601731,-5.433920009939589,69,4-6yr,unknown,2015
ECSC_2015_1_69F_2015_YR1,10,411,0.6693811074918566,0.5236486486486486,mid,0.4169381107491857,0.8990228013029316,6.688179345562688,-0.5658991603942116,69,4-6yr,unknown,2015
ECSC_2015_1_69F_2015_YR1,16,505,0.8224755700325733,0.8412162162162163,late,0.4169381107491857,0.8990228013029316,13.146751658464844,5.892673152507944,69,4-6yr,unknown,2015
ECSC_2015_1_69F_2015_YR1,19,552,0.8990228013029316,1.0,late,0.4169381107491857,0.8990228013029316,2.0900920377231937,-5.1639864682337056,69,4-6yr,unknown,2015
ECSC_2015_1_69F_2015_YR1,17,520,0.8469055374592834,0.8918918918918921,late,0.4169381107491857,0.8990228013029316,19.89041510617219,12.636336600215289,69,4-6yr,unknown,2015
ECSC_2019_1_68F_2019_YR1,1,275,0.4008746355685131,0.0526315789473685,early,0.3731778425655976,0.8994169096209913,3.851051713631584,-2.8108934534859946,68,4-6yr,unknown,2019
ECSC_2019_1_68F_2019_YR1,4,332,0.4839650145772595,0.21052631578947378,early,0.3731778425655976,0.8994169096209913,7.7851795561258115,1.1232343890082328,68,4-6yr,unknown,2019
ECSC_2019_1_68F_2019_YR1,2,294,0.4285714285714285,0.10526315789473678,early,0.3731778425655976,0.8994169096209913,-0.0317372190620979,-6.693682386179677,68,4-6yr,unknown,2019
ECSC_2019_1_68F_2019_YR1,13,503,0.7332361516034985,0.6842105263157894,mid,0.3731778425655976,0.8994169096209913,2.851570338956815,-3.8103748281607634,68,4-6yr,unknown,2019
ECSC_2019_1_68F_2019_YR1,6,370,0.5393586005830904,0.31578947368421056,mid,0.3731778425655976,0.8994169096209913,3.3266737084247877,-3.335271458692791,68,4-6yr,unknown,2019
ECSC_2019_1_68F_2019_YR1,10,446,0.6501457725947521,0.5263157894736842,mid,0.3731778425655976,0.8994169096209913,20.542521892176985,13.880576725059406,68,4-6yr,unknown,2019
ECSC_2019_1_68F_2019_YR1,16,560,0.8163265306122449,0.8421052631578947,late,0.3731778425655976,0.8994169096209913,5.21096209601097,-1.4509830711066085,68,4-6yr,unknown,2019
ECSC_2019_1_68F_2019_YR1,19,617,0.8994169096209913,1.0,late,0.3731778425655976,0.8994169096209913,11.103014377468453,4.441069210350874,68,4-6yr,unknown,2019
ECSC_2019_1_68F_2019_YR1,17,579,0.8440233236151603,0.894736842105263,late,0.3731778425655976,0.8994169096209913,5.318270040324901,-1.3436751267926779,68,4-6yr,unknown,2019
ECSC_2020_1_75F_2020_YR1,1,264,0.5665236051502146,0.04907975460122704,early,0.5493562231759657,0.8991416309012875,7.40492980448899,-5.172919692171581,75,6-8yr,unknown,2020
ECSC_2020_1_75F_2020_YR1,4,290,0.6223175965665236,0.20858895705521482,early,0.5493562231759657,0.8991416309012875,8.975552602560398,-3.6022968941001725,75,6-8yr,unknown,2020
ECSC_2020_1_75F_2020_YR1,2,273,0.5858369098712446,0.10429447852760726,early,0.5493562231759657,0.8991416309012875,9.471266127991882,-3.106583368668689,75,6-8yr,unknown,2020
ECSC_2020_1_75F_2020_YR1,13,367,0.7875536480686696,0.6809815950920247,mid,0.5493562231759657,0.8991416309012875,4.532596831301955,-8.045252665358616,75,6-8yr,unknown,2020
ECSC_2020_1_75F_2020_YR1,6,307,0.6587982832618026,0.3128834355828221,mid,0.5493562231759657,0.8991416309012875,13.766083450107484,1.1882339534469128,75,6-8yr,unknown,2020
ECSC_2020_1_75F_2020_YR1,10,341,0.7317596566523605,0.5214723926380369,mid,0.5493562231759657,0.8991416309012875,33.12503384975433,20.547184353093762,75,6-8yr,unknown,2020
ECSC_2020_1_75F_2020_YR1,16,393,0.8433476394849786,0.8404907975460125,late,0.5493562231759657,0.8991416309012875,9.565519147250374,-3.012330349410197,75,6-8yr,unknown,2020
ECSC_2020_1_75F_2020_YR1,19,419,0.8991416309012875,1.0,late,0.5493562231759657,0.8991416309012875,9.354337695508956,-3.2235118011516146,75,6-8yr,unknown,2020
ECSC_2020_1_75F_2020_YR1,17,401,0.8605150214592274,0.8895705521472392,late,0.5493562231759657,0.8991416309012875,17.005325960980766,4.427476464320195,75,6-8yr,unknown,2020
ECSC_2020_2_75F_2020_YR2,1,257,0.803125,0.041666666666665804,early,0.8,0.875,9.4061453416839,4.426598992843623,75,6-8yr,unknown,2020
ECSC_2020_2_75F_2020_YR2,4,261,0.815625,0.20833333333333345,early,0.8,0.875,6.87710855304524,1.897562204204963,75,6-8yr,unknown,2020
ECSC_2020_2_75F_2020_YR2,2,258,0.80625,0.08333333333333309,early,0.8,0.875,8.9469094194205,3.967363070580223,75,6-8yr,unknown,2020
ECSC_2020_2_75F_2020_YR2,13,272,0.85,0.6666666666666662,mid,0.8,0.875,1.9715398160999715,-3.008006532740305,75,6-8yr,unknown,2020
ECSC_2020_2_75F_2020_YR2,6,263,0.821875,0.2916666666666665,mid,0.8,0.875,6.909946443645689,1.930400094805412,75,6-8yr,unknown,2020
ECSC_2020_2_75F_2020_YR2,10,268,0.8375,0.5,mid,0.8,0.875,4.256271336815157,-0.7232750120251197,75,6-8yr,unknown,2020
ECSC_2020_2_75F_2020_YR2,16,276,0.8625,0.8333333333333338,late,0.8,0.875,2.3591440025068824,-2.6204023463333943,75,6-8yr,unknown,2020
ECSC_2020_2_75F_2020_YR2,19,280,0.875,1.0,late,0.8,0.875,2.2358728503489544,-2.7436734984913222,75,6-8yr,unknown,2020
ECSC_2020_2_75F_2020_YR2,17,277,0.865625,0.8749999999999997,late,0.8,0.875,1.8529793759962023,-3.126566972844074,75,6-8yr,unknown,2020
ECSC_2022_1_66M_2022_YR1,0,256,0.8561872909698997,0.0,early,0.8561872909698997,0.8662207357859532,30.760312015270696,-0.5287024958363702,66,4-6yr,unknown,2022
ECSC_2022_1_66M_2022_YR1,1,256,0.8561872909698997,0.0,early,0.8561872909698997,0.8662207357859532,30.760312015270696,-0.5287024958363702,66,4-6yr,unknown,2022
ECSC_2022_1_66M_2022_YR1,5,256,0.8561872909698997,0.0,early,0.8561872909698997,0.8662207357859532,30.760312015270696,-0.5287024958363702,66,4-6yr,unknown,2022
ECSC_2022_1_66M_2022_YR1,7,257,0.8595317725752508,0.3333333333333333,mid,0.8561872909698997,0.8662207357859532,33.92575263795685,2.6367381268497816,66,4-6yr,unknown,2022
ECSC_2022_1_66M_2022_YR1,8,257,0.8595317725752508,0.3333333333333333,mid,0.8561872909698997,0.8662207357859532,33.92575263795685,2.6367381268497816,66,4-6yr,unknown,2022
ECSC_2022_1_66M_2022_YR1,12,257,0.8595317725752508,0.3333333333333333,mid,0.8561872909698997,0.8662207357859532,33.92575263795685,2.6367381268497816,66,4-6yr,unknown,2022
ECSC_2022_1_66M_2022_YR1,13,258,0.862876254180602,0.6666666666666666,late,0.8561872909698997,0.8662207357859532,29.180978880093665,-2.1080356310134007,66,4-6yr,unknown,2022
ECSC_2022_1_66M_2022_YR1,14,258,0.862876254180602,0.6666666666666666,late,0.8561872909698997,0.8662207357859532,29.180978880093665,-2.1080356310134007,66,4-6yr,unknown,2022
ECSC_2022_1_66M_2022_YR1,18,258,0.862876254180602,0.6666666666666666,late,0.8561872909698997,0.8662207357859532,29.180978880093665,-2.1080356310134007,66,4-6yr,unknown,2022
ECSC_2023_1_111M_2023_YR1,1,269,0.4686411149825784,0.049999999999999954,early,0.445993031358885,0.8989547038327527,1.2314155577096848,-11.869325228218337,111,8-10yr,unknown,2023
ECSC_2023_1_111M_2023_YR1,4,310,0.5400696864111498,0.20769230769230768,early,0.445993031358885,0.8989547038327527,12.060491381344937,-1.0402494045830846,111,8-10yr,unknown,2023
ECSC_2023_1_111M_2023_YR1,2,283,0.4930313588850174,0.10384615384615384,early,0.445993031358885,0.8989547038327527,2.6954905112991767,-10.405250274628845,111,8-10yr,unknown,2023
ECSC_2023_1_111M_2023_YR1,13,433,0.7543554006968641,0.6807692307692307,mid,0.445993031358885,0.8989547038327527,5.634270540731379,-7.466470245196643,111,8-10yr,unknown,2023
ECSC_2023_1_111M_2023_YR1,6,338,0.5888501742160279,0.31538461538461543,mid,0.445993031358885,0.8989547038327527,9.698532479310222,-3.4022083066177995,111,8-10yr,unknown,2023
ECSC_2023_1_111M_2023_YR1,10,392,0.6829268292682927,0.5230769230769231,mid,0.445993031358885,0.8989547038327527,17.918814265884993,4.818073479956972,111,8-10yr,unknown,2023
ECSC_2023_1_111M_2023_YR1,16,474,0.8257839721254355,0.8384615384615384,late,0.445993031358885,0.8989547038327527,19.854903459227103,6.754162673299081,111,8-10yr,unknown,2023
ECSC_2023_1_111M_2023_YR1,19,516,0.8989547038327527,1.0,late,0.445993031358885,0.8989547038327527,11.049707470182677,-2.051033315745345,111,8-10yr,unknown,2023
ECSC_2023_1_111M_2023_YR1,17,488,0.8501742160278746,0.8923076923076922,late,0.445993031358885,0.8989547038327527,37.76304140766203,24.66230062173401,111,8-10yr,unknown,2023
ECSC_2025_1_135M_2025_YR1,1,282,0.3317647058823529,0.051080550098231904,early,0.3011764705882352,0.9,61.30565505735151,37.502163090809276,135,10+yr,unknown,2025
ECSC_2025_1_135M_2025_YR1,4,363,0.4270588235294117,0.2102161100196464,early,0.3011764705882352,0.9,12.103347721706964,-11.700144244835268,135,10+yr,unknown,2025
ECSC_2025_1_135M_2025_YR1,2,309,0.3635294117647059,0.10412573673870346,early,0.3011764705882352,0.9,26.02937765658188,2.2258856900396466,135,10+yr,unknown,2025
ECSC_2025_1_135M_2025_YR1,13,604,0.7105882352941176,0.6836935166994107,mid,0.3011764705882352,0.9,3.577555967091378,-20.225935999450854,135,10+yr,unknown,2025
ECSC_2025_1_135M_2025_YR1,6,416,0.4894117647058824,0.31434184675834986,mid,0.3011764705882352,0.9,44.688705718445576,20.885213751903343,135,10+yr,unknown,2025
ECSC_2025_1_135M_2025_YR1,10,523,0.6152941176470588,0.5245579567779961,mid,0.3011764705882352,0.9,33.67263302647896,9.86914105993673,135,10+yr,unknown,2025
ECSC_2025_1_135M_2025_YR1,16,684,0.8047058823529412,0.8408644400785856,late,0.3011764705882352,0.9,11.052974337135382,-12.75051762940685,135,10+yr,unknown,2025
ECSC_2025_1_135M_2025_YR1,19,765,0.9,1.0,late,0.3011764705882352,0.9,17.188317121489053,-6.615174845053179,135,10+yr,unknown,2025
ECSC_2025_1_135M_2025_YR1,17,711,0.8364705882352941,0.893909626719057,late,0.3011764705882352,0.9,4.612861092599383,-19.19063087394285,135,10+yr,unknown,2025
ECSC_2027_1_100M_2027_YR1,1,268,0.4863883847549909,0.0502092050209205,early,0.4646098003629764,0.8983666061705989,4.775602093658607,-4.9806232855070665,100,8-10yr,unknown,2027
ECSC_2027_1_100M_2027_YR1,4,306,0.5553539019963702,0.20920502092050214,early,0.4646098003629764,0.8983666061705989,9.630108040726402,-0.12611733843927198,100,8-10yr,unknown,2027
ECSC_2027_1_100M_2027_YR1,2,281,0.5099818511796733,0.10460251046025107,early,0.4646098003629764,0.8983666061705989,9.933356959396026,0.17713158023035191,100,8-10yr,unknown,2027
ECSC_2027_1_100M_2027_YR1,13,419,0.7604355716878403,0.6820083682008368,mid,0.4646098003629764,0.8983666061705989,14.75488428465876,4.998658905493086,100,8-10yr,unknown,2027
ECSC_2027_1_100M_2027_YR1,6,331,0.6007259528130672,0.31380753138075324,mid,0.4646098003629764,0.8983666061705989,3.2888400253394128,-6.467385353826261,100,8-10yr,unknown,2027
ECSC_2027_1_100M_2027_YR1,10,381,0.691470054446461,0.5230125523012553,mid,0.4646098003629764,0.8983666061705989,16.961240928069508,7.205015548903834,100,8-10yr,unknown,2027
ECSC_2027_1_100M_2027_YR1,16,457,0.8294010889292196,0.8410041841004183,late,0.4646098003629764,0.8983666061705989,16.977367997828928,7.221142618663254,100,8-10yr,unknown,2027
ECSC_2027_1_100M_2027_YR1,19,495,0.8983666061705989,1.0,late,0.4646098003629764,0.8983666061705989,6.364082558531553,-3.3921428206341204,100,8-10yr,unknown,2027
ECSC_2027_1_100M_2027_YR1,17,469,0.8511796733212341,0.8912133891213389,late,0.4646098003629764,0.8983666061705989,5.120545524281859,-4.635679854883815,100,8-10yr,unknown,2027
ECSC_2028_1_72F_2028_YR1,1,260,0.6770833333333334,0.04545454545454576,early,0.6666666666666666,0.8958333333333334,3.0275041309891364,-6.7544046147530885,72,6-8yr,unknown,2028
ECSC_2028_1_72F_2028_YR1,4,274,0.7135416666666666,0.20454545454545447,early,0.6666666666666666,0.8958333333333334,7.498384443290831,-2.2835243024513936,72,6-8yr,unknown,2028
ECSC_2028_1_72F_2028_YR1,2,265,0.6901041666666666,0.10227272727272724,early,0.6666666666666666,0.8958333333333334,3.11966782910908,-6.662240916633145,72,6-8yr,unknown,2028
ECSC_2028_1_72F_2028_YR1,13,316,0.8229166666666666,0.6818181818181815,mid,0.6666666666666666,0.8958333333333334,18.071022819960454,8.28911407421823,72,6-8yr,unknown,2028
ECSC_2028_1_72F_2028_YR1,6,283,0.7369791666666666,0.3068181818181817,mid,0.6666666666666666,0.8958333333333334,12.07592507679659,2.2940163310543653,72,6-8yr,unknown,2028
ECSC_2028_1_72F_2028_YR1,10,302,0.7864583333333334,0.5227272727272729,mid,0.6666666666666666,0.8958333333333334,25.301667049895016,15.519758304152791,72,6-8yr,unknown,2028
ECSC_2028_1_72F_2028_YR1,16,330,0.859375,0.8409090909090908,late,0.6666666666666666,0.8958333333333334,3.232722040194849,-6.549186705547376,72,6-8yr,unknown,2028
ECSC_2028_1_72F_2028_YR1,19,344,0.8958333333333334,1.0,late,0.6666666666666666,0.8958333333333334,12.374286131072184,2.592377385329959,72,6-8yr,unknown,2028
ECSC_2028_1_72F_2028_YR1,17,334,0.8697916666666666,0.8863636363636361,late,0.6666666666666666,0.8958333333333334,3.335999190371888,-6.445909555370337,72,6-8yr,unknown,2028
ECSC_2029_1_74F_2029_YR1,1,263,0.581858407079646,0.04666666666666658,early,0.5663716814159292,0.8982300884955752,16.37617743152483,0.001947920518929891,74,6-8yr,unknown,2029
ECSC_2029_1_74F_2029_YR1,4,287,0.6349557522123894,0.20666666666666683,early,0.5663716814159292,0.8982300884955752,19.15772562085203,2.78349610984613,74,6-8yr,unknown,2029
ECSC_2029_1_74F_2029_YR1,2,271,0.5995575221238938,0.1,early,0.5663716814159292,0.8982300884955752,18.73658087518416,2.3623513641782594,74,6-8yr,unknown,2029
ECSC_2029_1_74F_2029_YR1,13,358,0.7920353982300885,0.6800000000000002,mid,0.5663716814159292,0.8982300884955752,17.2378262305786,0.8635967195727012,74,6-8yr,unknown,2029
ECSC_2029_1_74F_2029_YR1,6,303,0.6703539823008849,0.31333333333333335,mid,0.5663716814159292,0.8982300884955752,15.53327886785586,-0.8409506431500411,74,6-8yr,unknown,2029
ECSC_2029_1_74F_2029_YR1,10,334,0.7389380530973452,0.5200000000000002,mid,0.5663716814159292,0.8982300884955752,29.194622808311667,12.820393297305767,74,6-8yr,unknown,2029
ECSC_2029_1_74F_2029_YR1,16,382,0.8451327433628318,0.8400000000000001,late,0.5663716814159292,0.8982300884955752,4.274985096807113,-12.099244414198788,74,6-8yr,unknown,2029
ECSC_2029_1_74F_2029_YR1,19,406,0.8982300884955752,1.0,late,0.5663716814159292,0.8982300884955752,14.535737709811414,-1.8384918011944862,74,6-8yr,unknown,2029
ECSC_2029_1_74F_2029_YR1,17,390,0.8628318584070797,0.8933333333333335,late,0.5663716814159292,0.8982300884955752,12.321130958127425,-4.053098552878476,74,6-8yr,unknown,2029
ECSC_2029_2_74F_2029_YR2,1,263,0.5844444444444444,0.04697986577181205,early,0.5688888888888889,0.9,4.213745014412304,-4.553335397411457,74,6-8yr,unknown,2029
ECSC_2029_2_74F_2029_YR2,4,287,0.6377777777777778,0.20805369127516776,early,0.5688888888888889,0.9,8.602805135479356,-0.16427527634440509,74,6-8yr,unknown,2029
ECSC_2029_2_74F_2029_YR2,2,271,0.6022222222222222,0.10067114093959728,early,0.5688888888888889,0.9,7.270154764228916,-1.4969256475948445,74,6-8yr,unknown,2029
ECSC_2029_2_74F_2029_YR2,13,357,0.7933333333333333,0.6778523489932885,mid,0.5688888888888889,0.9,-0.046951040441403,-8.814031452265164,74,6-8yr,unknown,2029
ECSC_2029_2_74F_2029_YR2,6,303,0.6733333333333333,0.31543624161073824,mid,0.5688888888888889,0.9,9.262649764015578,0.49556935219181675,74,6-8yr,unknown,2029
ECSC_2029_2_74F_2029_YR2,10,334,0.7422222222222222,0.5234899328859061,mid,0.5688888888888889,0.9,6.584733535013022,-2.1823468768107386,74,6-8yr,unknown,2029
ECSC_2029_2_74F_2029_YR2,16,381,0.8466666666666667,0.8389261744966443,late,0.5688888888888889,0.9,4.6142976858153695,-4.152782726008391,74,6-8yr,unknown,2029
ECSC_2029_2_74F_2029_YR2,19,405,0.9,1.0,late,0.5688888888888889,0.9,24.743326909008736,15.976246497184976,74,6-8yr,unknown,2029
ECSC_2029_2_74F_2029_YR2,17,389,0.8644444444444445,0.8926174496644295,late,0.5688888888888889,0.9,13.658961938881962,4.891881527058201,74,6-8yr,unknown,2029
ECSC_3001_1_69M_3001_YR1,1,258,0.7435158501440923,0.03921568627451048,early,0.7377521613832853,0.8847262247838616,3.358662850053044,1.1003187828912369,69,4-6yr,unknown,3001
ECSC_3001_1_69M_3001_YR1,4,266,0.7665706051873199,0.1960784313725494,early,0.7377521613832853,0.8847262247838616,3.7300511392101914,1.471707072048384,69,4-6yr,unknown,3001
ECSC_3001_1_69M_3001_YR1,2,261,0.7521613832853026,0.0980392156862747,early,0.7377521613832853,0.8847262247838616,3.0823700869414763,0.8240260197796689,69,4-6yr,unknown,3001
ECSC_3001_1_69M_3001_YR1,13,290,0.8357348703170029,0.666666666666667,mid,0.7377521613832853,0.8847262247838616,1.5773019356594804,-0.681042131502327,69,4-6yr,unknown,3001
ECSC_3001_1_69M_3001_YR1,6,272,0.7838616714697406,0.3137254901960786,mid,0.7377521613832853,0.8847262247838616,3.2589108128094715,1.0005667456476641,69,4-6yr,unknown,3001
ECSC_3001_1_69M_3001_YR1,10,282,0.8126801152737753,0.509803921568628,mid,0.7377521613832853,0.8847262247838616,1.461551682914406,-0.7967923842474014,69,4-6yr,unknown,3001
ECSC_3001_1_69M_3001_YR1,16,298,0.8587896253602305,0.8235294117647058,late,0.7377521613832853,0.8847262247838616,0.8036998409025955,-1.4546442262592119,69,4-6yr,unknown,3001
ECSC_3001_1_69M_3001_YR1,19,307,0.8847262247838616,1.0,late,0.7377521613832853,0.8847262247838616,1.6267009157638732,-0.6316431513979341,69,4-6yr,unknown,3001
ECSC_3001_1_69M_3001_YR1,17,301,0.8674351585014409,0.8823529411764708,late,0.7377521613832853,0.8847262247838616,1.425847340201727,-0.8324967269600803,69,4-6yr,unknown,3001
ECSC_3003_1_108F_3003_YR1,1,279,0.36,0.05215419501133784,early,0.3303225806451613,0.8993548387096775,10.674806298763274,2.5590781150920083,108,8-10yr,unknown,3003
ECSC_3003_1_108F_3003_YR1,4,348,0.4490322580645161,0.20861678004535136,early,0.3303225806451613,0.8993548387096775,12.231440597768094,4.115712414096828,108,8-10yr,unknown,3003
ECSC_3003_1_108F_3003_YR1,2,302,0.3896774193548387,0.10430839002267568,early,0.3303225806451613,0.8993548387096775,9.63649521828323,1.5207670346119642,108,8-10yr,unknown,3003
ECSC_3003_1_108F_3003_YR1,13,557,0.7187096774193549,0.6825396825396826,mid,0.3303225806451613,0.8993548387096775,4.934956674555084,-3.1807715091161812,108,8-10yr,unknown,3003
ECSC_3003_1_108F_3003_YR1,6,395,0.5096774193548387,0.3151927437641723,mid,0.3303225806451613,0.8993548387096775,13.37531741150105,5.2595892278297836,108,8-10yr,unknown,3003
ECSC_3003_1_108F_3003_YR1,10,488,0.6296774193548387,0.5260770975056688,mid,0.3303225806451613,0.8993548387096775,-1.5522764324226586,-9.668004616093924,108,8-10yr,unknown,3003
ECSC_3003_1_108F_3003_YR1,16,627,0.8090322580645162,0.8412698412698413,late,0.3303225806451613,0.8993548387096775,12.02600684857957,3.9102786649083043,108,8-10yr,unknown,3003
ECSC_3003_1_108F_3003_YR1,19,697,0.8993548387096775,1.0,late,0.3303225806451613,0.8993548387096775,4.329021699939046,-3.7867064837322193,108,8-10yr,unknown,3003
ECSC_3003_1_108F_3003_YR1,17,650,0.8387096774193549,0.8934240362811791,late,0.3303225806451613,0.8993548387096775,7.385785336074696,-0.7299428475965692,108,8-10yr,unknown,3003
ECSC_3004_1_62F_3004_YR1,1,262,0.6107226107226107,0.046153846153846066,early,0.5967365967365967,0.8997668997668997,15.433963764772423,7.686414106750294,62,4-6yr,unknown,3004
ECSC_3004_1_62F_3004_YR1,4,283,0.6596736596736597,0.20769230769230765,early,0.5967365967365967,0.8997668997668997,5.721343271856838,-2.026206386165291,62,4-6yr,unknown,3004
ECSC_3004_1_62F_3004_YR1,2,269,0.627039627039627,0.09999999999999992,early,0.5967365967365967,0.8997668997668997,11.059729752919868,3.3121800948977382,62,4-6yr,unknown,3004
ECSC_3004_1_62F_3004_YR1,13,344,0.8018648018648019,0.6769230769230772,mid,0.5967365967365967,0.8997668997668997,1.2131781421983998,-6.53437151582373,62,4-6yr,unknown,3004
ECSC_3004_1_62F_3004_YR1,6,297,0.6923076923076923,0.3153846153846154,mid,0.5967365967365967,0.8997668997668997,6.332402177536491,-1.415147480485638,62,4-6yr,unknown,3004
ECSC_3004_1_62F_3004_YR1,10,324,0.7552447552447552,0.523076923076923,mid,0.5967365967365967,0.8997668997668997,4.1200470654948855,-3.627502592527244,62,4-6yr,unknown,3004
ECSC_3004_1_62F_3004_YR1,16,365,0.8508158508158508,0.8384615384615384,late,0.5967365967365967,0.8997668997668997,5.482957986359434,-2.2645916716626955,62,4-6yr,unknown,3004
ECSC_3004_1_62F_3004_YR1,19,386,0.8997668997668997,1.0,late,0.5967365967365967,0.8997668997668997,7.403191799638105,-0.3443578583840248,62,4-6yr,unknown,3004
ECSC_3004_1_62F_3004_YR1,17,372,0.8671328671328671,0.8923076923076922,late,0.5967365967365967,0.8997668997668997,12.96113296142272,5.213583303400591,62,4-6yr,unknown,3004
ECSC_3005_1_77M_3005_YR1,1,270,0.4584040747028862,0.0510948905109489,early,0.4346349745331069,0.8998302207130731,11.311338586814436,-12.976343332567673,77,6-8yr,unknown,3005
ECSC_3005_1_77M_3005_YR1,4,313,0.5314091680814941,0.2080291970802921,early,0.4346349745331069,0.8998302207130731,12.854762130227272,-11.432919789154838,77,6-8yr,unknown,3005
ECSC_3005_1_77M_3005_YR1,2,284,0.4821731748726655,0.1021897810218978,early,0.4346349745331069,0.8998302207130731,21.259578921931336,-3.028102997450773,77,6-8yr,unknown,3005
ECSC_3005_1_77M_3005_YR1,13,443,0.7521222410865874,0.6824817518248175,mid,0.4346349745331069,0.8998302207130731,19.38508713299924,-4.9025947863828705,77,6-8yr,unknown,3005
ECSC_3005_1_77M_3005_YR1,6,342,0.5806451612903226,0.31386861313868625,mid,0.4346349745331069,0.8998302207130731,32.94926355859813,8.661581639216024,77,6-8yr,unknown,3005
ECSC_3005_1_77M_3005_YR1,10,400,0.6791171477079796,0.5255474452554744,mid,0.4346349745331069,0.8998302207130731,35.58507497357809,11.297393054195979,77,6-8yr,unknown,3005
ECSC_3005_1_77M_3005_YR1,16,486,0.8251273344651953,0.8394160583941606,late,0.4346349745331069,0.8998302207130731,27.54504594232607,3.2573640229439604,77,6-8yr,unknown,3005
ECSC_3005_1_77M_3005_YR1,19,530,0.8998302207130731,1.0,late,0.4346349745331069,0.8998302207130731,19.010212022984614,-5.277469896397495,77,6-8yr,unknown,3005
ECSC_3005_1_77M_3005_YR1,17,501,0.8505942275042445,0.8941605839416058,late,0.4346349745331069,0.8998302207130731,38.68877400497983,14.401092085597718,77,6-8yr,unknown,3005
ECSC_3006_1_77M_3006_YR1,1,262,0.6298076923076923,0.05084745762711847,early,0.6153846153846154,0.8990384615384616,14.7596131603678,4.278978959663718,77,6-8yr,unknown,3006
ECSC_3006_1_77M_3006_YR1,4,280,0.6730769230769231,0.20338983050847464,early,0.6153846153846154,0.8990384615384616,2.9080000404911104,-7.5726341602129725,77,6-8yr,unknown,3006
ECSC_3006_1_77M_3006_YR1,2,268,0.6442307692307693,0.10169491525423732,early,0.6153846153846154,0.8990384615384616,9.279803120567417,-1.2008310801366662,77,6-8yr,unknown,3006
ECSC_3006_1_77M_3006_YR1,13,336,0.8076923076923077,0.6779661016949152,mid,0.6153846153846154,0.8990384615384616,20.61687737262718,10.136243171923097,77,6-8yr,unknown,3006
ECSC_3006_1_77M_3006_YR1,6,293,0.7043269230769231,0.31355932203389836,mid,0.6153846153846154,0.8990384615384616,12.28881185481655,1.808177654112468,77,6-8yr,unknown,3006
ECSC_3006_1_77M_3006_YR1,10,318,0.7644230769230769,0.525423728813559,mid,0.6153846153846154,0.8990384615384616,11.029072345171482,0.5484381444673989,77,6-8yr,unknown,3006
ECSC_3006_1_77M_3006_YR1,16,355,0.8533653846153846,0.8389830508474574,late,0.6153846153846154,0.8990384615384616,10.639798202337827,0.15916400163374433,77,6-8yr,unknown,3006
ECSC_3006_1_77M_3006_YR1,19,374,0.8990384615384616,1.0,late,0.6153846153846154,0.8990384615384616,4.23497303902097,-6.245661161683113,77,6-8yr,unknown,3006
ECSC_3006_1_77M_3006_YR1,17,361,0.8677884615384616,0.8898305084745762,late,0.6153846153846154,0.8990384615384616,8.56875867093642,-1.9118755297676628,77,6-8yr,unknown,3006
ECSC_4002_1_64M_4002_YR1,1,258,0.7724550898203593,0.052631578947367856,early,0.7664670658682635,0.8802395209580839,1.8570448047410828,0.1693255777285776,64,4-6yr,unknown,4002
ECSC_4002_1_64M_4002_YR1,4,264,0.7904191616766467,0.21052631578947337,early,0.7664670658682635,0.8802395209580839,1.8329014577352467,0.1451822307227415,64,4-6yr,unknown,4002
ECSC_4002_1_64M_4002_YR1,2,260,0.7784431137724551,0.10526315789473668,early,0.7664670658682635,0.8802395209580839,1.6345518444069,-0.05316738260560516,64,4-6yr,unknown,4002
ECSC_4002_1_64M_4002_YR1,13,282,0.844311377245509,0.6842105263157889,mid,0.7664670658682635,0.8802395209580839,1.78332375224646,0.0956045252339548,64,4-6yr,unknown,4002
ECSC_4002_1_64M_4002_YR1,6,268,0.8023952095808383,0.31578947368421006,mid,0.7664670658682635,0.8802395209580839,2.214725671229729,0.527006444217224,64,4-6yr,unknown,4002
ECSC_4002_1_64M_4002_YR1,10,276,0.8263473053892215,0.5263157894736834,mid,0.7664670658682635,0.8802395209580839,4.73206419662581,3.044344969613305,64,4-6yr,unknown,4002
ECSC_4002_1_64M_4002_YR1,16,288,0.8622754491017964,0.8421052631578945,late,0.7664670658682635,0.8802395209580839,0.1399658349699226,-1.5477533920425826,64,4-6yr,unknown,4002
ECSC_4002_1_64M_4002_YR1,19,294,0.8802395209580839,1.0,late,0.7664670658682635,0.8802395209580839,0.942526350263334,-0.7451928767491712,64,4-6yr,unknown,4002
ECSC_4002_1_64M_4002_YR1,17,290,0.8682634730538922,0.8947368421052624,late,0.7664670658682635,0.8802395209580839,0.0523691308940623,-1.6353500961184428,64,4-6yr,unknown,4002
ECSC_4003_1_75M_4003_YR1,1,278,0.3629242819843342,0.05080831408775977,early,0.3342036553524804,0.8994778067885117,5.250978603730455,-3.804290142607374,75,6-8yr,unknown,4003
ECSC_4003_1_75M_4003_YR1,4,347,0.4530026109660574,0.21016166281755183,early,0.3342036553524804,0.8994778067885117,6.679550722497071,-2.375718023840758,75,6-8yr,unknown,4003
ECSC_4003_1_75M_4003_YR1,2,301,0.3929503916449086,0.10392609699769047,early,0.3342036553524804,0.8994778067885117,2.5706151466067757,-6.484653599731053,75,6-8yr,unknown,4003
ECSC_4003_1_75M_4003_YR1,13,552,0.720626631853786,0.6836027713625867,mid,0.3342036553524804,0.8994778067885117,10.225129248408525,1.169860502070696,75,6-8yr,unknown,4003
ECSC_4003_1_75M_4003_YR1,6,392,0.5117493472584856,0.3140877598152425,mid,0.3342036553524804,0.8994778067885117,17.050355764407037,7.995087018069208,75,6-8yr,unknown,4003
ECSC_4003_1_75M_4003_YR1,10,483,0.6305483028720626,0.5242494226327944,mid,0.3342036553524804,0.8994778067885117,15.174511663167138,6.119242916829309,75,6-8yr,unknown,4003
ECSC_4003_1_75M_4003_YR1,16,620,0.8093994778067886,0.840646651270208,late,0.3342036553524804,0.8994778067885117,13.020433994494285,3.965165248156456,75,6-8yr,unknown,4003
ECSC_4003_1_75M_4003_YR1,19,689,0.8994778067885117,1.0,late,0.3342036553524804,0.8994778067885117,8.82499270296793,-0.2302760433698996,75,6-8yr,unknown,4003
ECSC_4003_1_75M_4003_YR1,17,643,0.839425587467363,0.8937644341801386,late,0.3342036553524804,0.8994778067885117,2.700850870761247,-6.354417875576582,75,6-8yr,unknown,4003
ECSC_4005_1_65M_4005_YR1,1,260,0.6666666666666666,0.04255319148936155,early,0.6564102564102564,0.8974358974358975,12.317543429077851,3.0649109530658425,65,4-6yr,unknown,4005
ECSC_4005_1_65M_4005_YR1,4,275,0.7051282051282052,0.20212765957446827,early,0.6564102564102564,0.8974358974358975,13.486068126975296,4.233435650963287,65,4-6yr,unknown,4005
ECSC_4005_1_65M_4005_YR1,2,265,0.6794871794871795,0.09574468085106394,early,0.6564102564102564,0.8974358974358975,10.572481455806724,1.319848979794715,65,4-6yr,unknown,4005
ECSC_4005_1_65M_4005_YR1,13,320,0.8205128205128205,0.680851063829787,mid,0.6564102564102564,0.8974358974358975,4.948323184938987,-4.304309291073022,65,4-6yr,unknown,4005
ECSC_4005_1_65M_4005_YR1,6,285,0.7307692307692307,0.3085106382978721,mid,0.6564102564102564,0.8974358974358975,5.6100106292431775,-3.642621846768831,65,4-6yr,unknown,4005
ECSC_4005_1_65M_4005_YR1,10,305,0.782051282051282,0.5212765957446808,mid,0.6564102564102564,0.8974358974358975,7.355031713393451,-1.8976007626185574,65,4-6yr,unknown,4005
ECSC_4005_1_65M_4005_YR1,16,335,0.8589743589743589,0.8404255319148933,late,0.6564102564102564,0.8974358974358975,6.2474422085139665,-3.005190267498042,65,4-6yr,unknown,4005
ECSC_4005_1_65M_4005_YR1,19,350,0.8974358974358975,1.0,late,0.6564102564102564,0.8974358974358975,13.935098905826155,4.682466429814147,65,4-6yr,unknown,4005
ECSC_4005_1_65M_4005_YR1,17,340,0.8717948717948718,0.8936170212765957,late,0.6564102564102564,0.8974358974358975,8.801692630332475,-0.4509398456795335,65,4-6yr,unknown,4005
ECSC_4006_1_98F_4006_YR1,1,262,0.6107226107226107,0.046153846153846066,early,0.5967365967365967,0.8997668997668997,7.786758291560798,-0.5953011655340639,98,8-10yr,unknown,4006
ECSC_4006_1_98F_4006_YR1,4,283,0.6596736596736597,0.20769230769230765,early,0.5967365967365967,0.8997668997668997,12.165420586950544,3.783361129855683,98,8-10yr,unknown,4006
ECSC_4006_1_98F_4006_YR1,2,269,0.627039627039627,0.09999999999999992,early,0.5967365967365967,0.8997668997668997,6.170419884227465,-2.211639572867396,98,8-10yr,unknown,4006
ECSC_4006_1_98F_4006_YR1,13,344,0.8018648018648019,0.6769230769230772,mid,0.5967365967365967,0.8997668997668997,7.059375140399194,-1.3226843166956677,98,8-10yr,unknown,4006
ECSC_4006_1_98F_4006_YR1,6,297,0.6923076923076923,0.3153846153846154,mid,0.5967365967365967,0.8997668997668997,12.910236036743338,4.528176579648477,98,8-10yr,unknown,4006
ECSC_4006_1_98F_4006_YR1,10,324,0.7552447552447552,0.523076923076923,mid,0.5967365967365967,0.8997668997668997,4.435415628503051,-3.94664382859181,98,8-10yr,unknown,4006
ECSC_4006_1_98F_4006_YR1,16,365,0.8508158508158508,0.8384615384615384,late,0.5967365967365967,0.8997668997668997,8.016689708584863,-0.36536974850999826,98,8-10yr,unknown,4006
ECSC_4006_1_98F_4006_YR1,19,386,0.8997668997668997,1.0,late,0.5967365967365967,0.8997668997668997,8.072680296580192,-0.30937916051466985,98,8-10yr,unknown,4006
ECSC_4006_1_98F_4006_YR1,17,372,0.8671328671328671,0.8923076923076922,late,0.5967365967365967,0.8997668997668997,8.821539540304322,0.4394800832094603,98,8-10yr,unknown,4006
ECSC_4007_1_107M_4007_YR1,1,271,0.4501661129568106,0.05263157894736842,early,0.4252491694352159,0.8986710963455149,25.65532846553505,13.304854573599364,107,8-10yr,unknown,4007
ECSC_4007_1_107M_4007_YR1,4,316,0.5249169435215947,0.21052631578947378,early,0.4252491694352159,0.8986710963455149,5.688660072563826,-6.66181381937186,107,8-10yr,unknown,4007
ECSC_4007_1_107M_4007_YR1,2,286,0.4750830564784053,0.10526315789473695,early,0.4252491694352159,0.8986710963455149,24.668391209934576,12.31791731799889,107,8-10yr,unknown,4007
ECSC_4007_1_107M_4007_YR1,13,451,0.7491694352159468,0.6842105263157895,mid,0.4252491694352159,0.8986710963455149,3.1943476498091847,-9.1561262421265,107,8-10yr,unknown,4007
ECSC_4007_1_107M_4007_YR1,6,346,0.574750830564784,0.3157894736842106,mid,0.4252491694352159,0.8986710963455149,16.358909245328746,4.008435353393061,107,8-10yr,unknown,4007
ECSC_4007_1_107M_4007_YR1,10,406,0.6744186046511628,0.5263157894736843,mid,0.4252491694352159,0.8986710963455149,12.296993276232287,-0.053480615703398016,107,8-10yr,unknown,4007
ECSC_4007_1_107M_4007_YR1,16,496,0.8239202657807309,0.8421052631578948,late,0.4252491694352159,0.8986710963455149,13.482002269074812,1.1315283771391265,107,8-10yr,unknown,4007
ECSC_4007_1_107M_4007_YR1,19,541,0.8986710963455149,1.0,late,0.4252491694352159,0.8986710963455149,3.24798806862991,-9.102485823305775,107,8-10yr,unknown,4007
ECSC_4007_1_107M_4007_YR1,17,511,0.8488372093023255,0.8947368421052632,late,0.4252491694352159,0.8986710963455149,6.561644770312769,-5.788829121622916,107,8-10yr,unknown,4007
ECSC_4008_1_72F_4008_YR1,1,258,0.7633136094674556,0.04761904761904787,early,0.757396449704142,0.8816568047337278,1.6884783625326456,-4.334626671716607,72,6-8yr,unknown,4008
ECSC_4008_1_72F_4008_YR1,4,264,0.7810650887573964,0.1904761904761906,early,0.757396449704142,0.8816568047337278,0.9755392864646736,-5.047565747784579,72,6-8yr,unknown,4008
ECSC_4008_1_72F_4008_YR1,2,260,0.7692307692307693,0.09523809523809575,early,0.757396449704142,0.8816568047337278,0.3677032592588531,-5.655401774990399,72,6-8yr,unknown,4008
ECSC_4008_1_72F_4008_YR1,13,284,0.8402366863905325,0.6666666666666666,mid,0.757396449704142,0.8816568047337278,10.547240276222762,4.52413524197351,72,6-8yr,unknown,4008
ECSC_4008_1_72F_4008_YR1,6,269,0.7958579881656804,0.3095238095238094,mid,0.757396449704142,0.8816568047337278,1.1153541978770851,-4.907750836372167,72,6-8yr,unknown,4008
ECSC_4008_1_72F_4008_YR1,10,278,0.8224852071005917,0.523809523809524,mid,0.757396449704142,0.8816568047337278,6.656395323969651,0.6332902897203985,72,6-8yr,unknown,4008
ECSC_4008_1_72F_4008_YR1,16,291,0.8609467455621301,0.8333333333333334,late,0.757396449704142,0.8816568047337278,12.276479725585542,6.2533746913362895,72,6-8yr,unknown,4008
ECSC_4008_1_72F_4008_YR1,19,298,0.8816568047337278,1.0,late,0.757396449704142,0.8816568047337278,4.929011733067508,-1.0940933011817444,72,6-8yr,unknown,4008
ECSC_4008_1_72F_4008_YR1,17,293,0.8668639053254438,0.8809523809523812,late,0.757396449704142,0.8816568047337278,15.651743143264556,9.628638109015302,72,6-8yr,unknown,4008
ECSC_4009_2_97M_4009_YR2,1,257,0.8158730158730159,0.052631578947368224,early,0.8126984126984127,0.873015873015873,2.058066996832207,0.4003119652194407,97,8-10yr,unknown,4009
ECSC_4009_2_97M_4009_YR2,4,260,0.8253968253968254,0.2105263157894729,early,0.8126984126984127,0.873015873015873,1.9940066678386108,0.3362516362258443,97,8-10yr,unknown,4009
ECSC_4009_2_97M_4009_YR2,2,258,0.819047619047619,0.10526315789473645,early,0.8126984126984127,0.873015873015873,1.978707954294924,0.32095292268215747,97,8-10yr,unknown,4009
ECSC_4009_2_97M_4009_YR2,13,269,0.8539682539682539,0.6842105263157888,mid,0.8126984126984127,0.873015873015873,0.8864313596077515,-0.771323672005015,97,8-10yr,unknown,4009
ECSC_4009_2_97M_4009_YR2,6,262,0.8317460317460318,0.31578947368421123,mid,0.8126984126984127,0.873015873015873,1.81958041715935,0.16182538554658343,97,8-10yr,unknown,4009
ECSC_4009_2_97M_4009_YR2,10,266,0.8444444444444444,0.5263157894736841,mid,0.8126984126984127,0.873015873015873,1.713794517906824,0.05603948629405742,97,8-10yr,unknown,4009
ECSC_4009_2_97M_4009_YR2,16,272,0.8634920634920635,0.8421052631578954,late,0.8126984126984127,0.873015873015873,1.44185943290692,-0.2158955987058464,97,8-10yr,unknown,4009
ECSC_4009_2_97M_4009_YR2,19,275,0.873015873015873,1.0,late,0.8126984126984127,0.873015873015873,1.3855628635404358,-0.2721921680723307,97,8-10yr,unknown,4009
ECSC_4009_2_97M_4009_YR2,17,273,0.8666666666666667,0.8947368421052635,late,0.8126984126984127,0.873015873015873,1.641785074427874,-0.01596995718489258,97,8-10yr,unknown,4009
ECSC_4010_1_73M_4010_YR1,1,260,0.6683804627249358,0.04301075268817246,early,0.6580976863753213,0.897172236503856,14.019510855510974,3.9218378367016076,73,6-8yr,unknown,4010
ECSC_4010_1_73M_4010_YR1,4,275,0.7069408740359897,0.20430107526881733,early,0.6580976863753213,0.897172236503856,6.303563334693701,-3.794109684115666,73,6-8yr,unknown,4010
ECSC_4010_1_73M_4010_YR1,2,265,0.6812339331619537,0.09677419354838711,early,0.6580976863753213,0.897172236503856,15.64340747300674,5.5457344541973725,73,6-8yr,unknown,4010
ECSC_4010_1_73M_4010_YR1,13,319,0.8200514138817481,0.6774193548387097,mid,0.6580976863753213,0.897172236503856,16.927250122938112,6.829577104128745,73,6-8yr,unknown,4010
ECSC_4010_1_73M_4010_YR1,6,285,0.7326478149100257,0.3118279569892476,mid,0.6580976863753213,0.897172236503856,7.8314436471442175,-2.2662293716651494,73,6-8yr,unknown,4010
ECSC_4010_1_73M_4010_YR1,10,304,0.781491002570694,0.5161290322580644,mid,0.6580976863753213,0.897172236503856,11.06760056474596,0.9699275459365939,73,6-8yr,unknown,4010
ECSC_4010_1_73M_4010_YR1,16,334,0.8586118251928021,0.8387096774193551,late,0.6580976863753213,0.897172236503856,5.073268583864268,-5.024404434945099,73,6-8yr,unknown,4010
ECSC_4010_1_73M_4010_YR1,19,349,0.897172236503856,1.0,late,0.6580976863753213,0.897172236503856,9.62104198535418,-0.4766310334551864,73,6-8yr,unknown,4010
ECSC_4010_1_73M_4010_YR1,17,339,0.87146529562982,0.8924731182795698,late,0.6580976863753213,0.897172236503856,4.391970602026159,-5.7057024167832076,73,6-8yr,unknown,4010
ECSC_4012_1_65F_4012_YR1,1,258,0.7543859649122807,0.04347826086956561,early,0.7485380116959064,0.8830409356725146,4.565340021396576,-0.5354432380511209,65,4-6yr,unknown,4012
ECSC_4012_1_65F_4012_YR1,4,265,0.7748538011695907,0.19565217391304401,early,0.7485380116959064,0.8830409356725146,4.402465859831922,-0.6983173996157745,65,4-6yr,unknown,4012
ECSC_4012_1_65F_4012_YR1,2,260,0.7602339181286549,0.0869565217391304,early,0.7485380116959064,0.8830409356725146,3.8659145547654585,-1.2348687046822384,65,4-6yr,unknown,4012
ECSC_4012_1_65F_4012_YR1,13,287,0.8391812865497076,0.6739130434782608,mid,0.7485380116959064,0.8830409356725146,5.729016948298645,0.6282336888509477,65,4-6yr,unknown,4012
ECSC_4012_1_65F_4012_YR1,6,270,0.7894736842105263,0.3043478260869568,mid,0.7485380116959064,0.8830409356725146,3.775482618367388,-1.3253006410803088,65,4-6yr,unknown,4012
ECSC_4012_1_65F_4012_YR1,10,280,0.8187134502923976,0.5217391304347824,mid,0.7485380116959064,0.8830409356725146,4.554419251046653,-0.5463640084010439,65,4-6yr,unknown,4012
ECSC_4012_1_65F_4012_YR1,16,294,0.8596491228070176,0.8260869565217392,late,0.7485380116959064,0.8830409356725146,4.468203172786879,-0.632580086660818,65,4-6yr,unknown,4012
ECSC_4012_1_65F_4012_YR1,19,302,0.8830409356725146,1.0,late,0.7485380116959064,0.8830409356725146,8.00697115966861,2.906187900220914,65,4-6yr,unknown,4012
ECSC_4012_1_65F_4012_YR1,17,297,0.868421052631579,0.8913043478260873,late,0.7485380116959064,0.8830409356725146,6.539235748867139,1.4384524894194417,65,4-6yr,unknown,4012
ECSC_4014_1_98M_4014_YR1,1,257,0.7859327217125383,0.03225806451612922,early,0.7828746177370031,0.8776758409785933,2.8122699997865954,-0.7843869172690949,98,8-10yr,unknown,4014
ECSC_4014_1_98M_4014_YR1,4,262,0.8012232415902141,0.19354838709677416,early,0.7828746177370031,0.8776758409785933,0.9133016122359008,-2.6833553048197896,98,8-10yr,unknown,4014
ECSC_4014_1_98M_4014_YR1,2,259,0.7920489296636085,0.0967741935483865,early,0.7828746177370031,0.8776758409785933,2.6901170222702806,-0.9065398947854097,98,8-10yr,unknown,4014
ECSC_4014_1_98M_4014_YR1,13,277,0.8470948012232415,0.677419354838709,mid,0.7828746177370031,0.8776758409785933,3.7311629313076,0.13450601425190944,98,8-10yr,unknown,4014
ECSC_4014_1_98M_4014_YR1,6,265,0.8103975535168195,0.29032258064516064,mid,0.7828746177370031,0.8776758409785933,0.9617328962286056,-2.6349240208270848,98,8-10yr,unknown,4014
ECSC_4014_1_98M_4014_YR1,10,272,0.8318042813455657,0.5161290322580641,mid,0.7828746177370031,0.8776758409785933,2.4120403548646436,-1.1846165621910467,98,8-10yr,unknown,4014
ECSC_4014_1_98M_4014_YR1,16,282,0.8623853211009175,0.8387096774193551,late,0.7828746177370031,0.8776758409785933,5.536340971763583,1.939684054707893,98,8-10yr,unknown,4014
ECSC_4014_1_98M_4014_YR1,19,287,0.8776758409785933,1.0,late,0.7828746177370031,0.8776758409785933,7.671048292648362,4.074391375592672,98,8-10yr,unknown,4014
ECSC_4014_1_98M_4014_YR1,17,283,0.8654434250764526,0.8709677419354831,late,0.7828746177370031,0.8776758409785933,5.641898172395642,2.0452412553399517,98,8-10yr,unknown,4014
ECSC_4015_1_104F_4015_YR1,1,280,0.3478260869565217,0.05128205128205124,early,0.3180124223602484,0.8993788819875776,15.728895512551874,10.173498536566731,104,8-10yr,unknown,4015
ECSC_4015_1_104F_4015_YR1,4,354,0.439751552795031,0.20940170940170932,early,0.3180124223602484,0.8993788819875776,5.143653536721545,-0.41174343926359835,104,8-10yr,unknown,4015
ECSC_4015_1_104F_4015_YR1,2,305,0.3788819875776397,0.10470085470085466,early,0.3180124223602484,0.8993788819875776,7.2735537268058525,1.7181567508207092,104,8-10yr,unknown,4015
ECSC_4015_1_104F_4015_YR1,13,576,0.715527950310559,0.6837606837606839,mid,0.3180124223602484,0.8993788819875776,8.757233094734364,3.2018361187492204,104,8-10yr,unknown,4015
ECSC_4015_1_104F_4015_YR1,6,403,0.5006211180124224,0.31410256410256415,mid,0.3180124223602484,0.8993788819875776,3.886083990136252,-1.6693129858488915,104,8-10yr,unknown,4015
ECSC_4015_1_104F_4015_YR1,10,502,0.6236024844720497,0.5256410256410257,mid,0.3180124223602484,0.8993788819875776,3.22875014874094,-2.3266468272442036,104,8-10yr,unknown,4015
ECSC_4015_1_104F_4015_YR1,16,650,0.8074534161490683,0.8418803418803418,late,0.3180124223602484,0.8993788819875776,1.7099202711740862,-3.845476704811057,104,8-10yr,unknown,4015
ECSC_4015_1_104F_4015_YR1,19,724,0.8993788819875776,1.0,late,0.3180124223602484,0.8993788819875776,1.4709157712497225,-4.084481204735421,104,8-10yr,unknown,4015
ECSC_4015_1_104F_4015_YR1,17,674,0.8372670807453416,0.8931623931623932,late,0.3180124223602484,0.8993788819875776,2.7995667317516606,-2.7558302442334828,104,8-10yr,unknown,4015
ECSC_4017_1_78M_4017_YR1,0,256,0.8619528619528619,0.0,early,0.8619528619528619,0.8653198653198653,0.4353910166452035,0.015971183059588556,78,6-8yr,unknown,4017
ECSC_4017_1_78M_4017_YR1,5,256,0.8619528619528619,0.0,early,0.8619528619528619,0.8653198653198653,0.4353910166452035,0.015971183059588556,78,6-8yr,unknown,4017
ECSC_4017_1_78M_4017_YR1,11,256,0.8619528619528619,0.0,early,0.8619528619528619,0.8653198653198653,0.4353910166452035,0.015971183059588556,78,6-8yr,unknown,4017
ECSC_4017_1_78M_4017_YR1,19,257,0.8653198653198653,1.0,late,0.8619528619528619,0.8653198653198653,0.3715062844068493,-0.04791354917876567,78,6-8yr,unknown,4017
ECSC_4018_1_116F_4018_YR1,1,262,0.6223277909738717,0.04918032786885224,early,0.6080760095011877,0.8978622327790974,10.805951092024513,5.208236765289462,116,8-10yr,unknown,4018
ECSC_4018_1_116F_4018_YR1,4,281,0.667458432304038,0.2049180327868852,early,0.6080760095011877,0.8978622327790974,6.838334147643341,1.2406198209082904,116,8-10yr,unknown,4018
ECSC_4018_1_116F_4018_YR1,2,268,0.6365795724465558,0.09836065573770487,early,0.6080760095011877,0.8978622327790974,6.068825684544848,0.4711113578097974,116,8-10yr,unknown,4018
ECSC_4018_1_116F_4018_YR1,13,339,0.8052256532066508,0.6803278688524591,mid,0.6080760095011877,0.8978622327790974,4.601514324382296,-0.9962000023527544,116,8-10yr,unknown,4018
ECSC_4018_1_116F_4018_YR1,6,294,0.6983372921615202,0.3114754098360655,mid,0.6080760095011877,0.8978622327790974,5.32723977036758,-0.2704745563674704,116,8-10yr,unknown,4018
ECSC_4018_1_116F_4018_YR1,10,320,0.7600950118764845,0.5245901639344261,mid,0.6080760095011877,0.8978622327790974,4.237343806191374,-1.3603705205436762,116,8-10yr,unknown,4018
ECSC_4018_1_116F_4018_YR1,16,358,0.850356294536817,0.8360655737704916,late,0.6080760095011877,0.8978622327790974,4.520480412246016,-1.0772339144890344,116,8-10yr,unknown,4018
ECSC_4018_1_116F_4018_YR1,19,378,0.8978622327790974,1.0,late,0.6080760095011877,0.8978622327790974,3.7001476342179096,-1.8975666925171408,116,8-10yr,unknown,4018
ECSC_4018_1_116F_4018_YR1,17,365,0.8669833729216152,0.8934426229508197,late,0.6080760095011877,0.8978622327790974,4.279592068997575,-1.3181222577374756,116,8-10yr,unknown,4018
ECSC_4019_1_93M_4019_YR1,1,258,0.7724550898203593,0.052631578947367856,early,0.7664670658682635,0.8802395209580839,0.9452767728985804,-4.96789053261978,93,6-8yr,unknown,4019
ECSC_4019_1_93M_4019_YR1,4,264,0.7904191616766467,0.21052631578947337,early,0.7664670658682635,0.8802395209580839,4.383448473462092,-1.5297188320562682,93,6-8yr,unknown,4019
ECSC_4019_1_93M_4019_YR1,2,260,0.7784431137724551,0.10526315789473668,early,0.7664670658682635,0.8802395209580839,1.4263216742278528,-4.486845631290508,93,6-8yr,unknown,4019
ECSC_4019_1_93M_4019_YR1,13,282,0.844311377245509,0.6842105263157889,mid,0.7664670658682635,0.8802395209580839,7.698403862305096,1.7852365567867352,93,6-8yr,unknown,4019
ECSC_4019_1_93M_4019_YR1,6,268,0.8023952095808383,0.31578947368421006,mid,0.7664670658682635,0.8802395209580839,13.277166357781118,7.363999052262757,93,6-8yr,unknown,4019
ECSC_4019_1_93M_4019_YR1,10,276,0.8263473053892215,0.5263157894736834,mid,0.7664670658682635,0.8802395209580839,8.844635041542585,2.9314677360242243,93,6-8yr,unknown,4019
ECSC_4019_1_93M_4019_YR1,16,288,0.8622754491017964,0.8421052631578945,late,0.7664670658682635,0.8802395209580839,5.5529361319851755,-0.3602311735331849,93,6-8yr,unknown,4019
ECSC_4019_1_93M_4019_YR1,19,294,0.8802395209580839,1.0,late,0.7664670658682635,0.8802395209580839,5.50416467510662,-0.4090026304117407,93,6-8yr,unknown,4019
ECSC_4019_1_93M_4019_YR1,17,290,0.8682634730538922,0.8947368421052624,late,0.7664670658682635,0.8802395209580839,5.58615276035612,-0.3270145451622408,93,6-8yr,unknown,4019
ECSC_4020_1_95F_4020_YR1,1,261,0.6365853658536585,0.0442477876106195,early,0.624390243902439,0.9,5.2340269839561415,3.2304489125347957,95,6-8yr,unknown,4020
ECSC_4020_1_95F_4020_YR1,4,279,0.6804878048780488,0.20353982300884974,early,0.624390243902439,0.9,0.4434920631673709,-1.560086008253975,95,6-8yr,unknown,4020
ECSC_4020_1_95F_4020_YR1,2,267,0.651219512195122,0.09734513274336291,early,0.624390243902439,0.9,-0.081186810228468,-2.084764881649814,95,6-8yr,unknown,4020
ECSC_4020_1_95F_4020_YR1,13,333,0.8121951219512196,0.68141592920354,mid,0.624390243902439,0.9,1.7815125293952896,-0.22206554202605622,95,6-8yr,unknown,4020
ECSC_4020_1_95F_4020_YR1,6,291,0.7097560975609756,0.30973451327433615,mid,0.624390243902439,0.9,0.3723858658032934,-1.6311922056180523,95,6-8yr,unknown,4020
ECSC_4020_1_95F_4020_YR1,10,315,0.7682926829268293,0.5221238938053098,mid,0.624390243902439,0.9,0.8088260465744241,-1.1947520248469217,95,6-8yr,unknown,4020
ECSC_4020_1_95F_4020_YR1,16,351,0.8560975609756097,0.8407079646017698,late,0.624390243902439,0.9,4.572100363819967,2.568522292398621,95,6-8yr,unknown,4020
ECSC_4020_1_95F_4020_YR1,19,369,0.9,1.0,late,0.624390243902439,0.9,1.7853636906387005,-0.21821438078264532,95,6-8yr,unknown,4020
ECSC_4020_1_95F_4020_YR1,17,357,0.8707317073170732,0.8938053097345132,late,0.624390243902439,0.9,3.1156819096653923,1.1121038382440465,95,6-8yr,unknown,4020
ECSC_4021_1_108M_4021_YR1,1,269,0.4735915492957746,0.05098039215686268,early,0.4507042253521127,0.8996478873239436,4.856451542035543,-7.84117851137548,108,8-10yr,unknown,4021
ECSC_4021_1_108M_4021_YR1,4,309,0.5440140845070423,0.20784313725490194,early,0.4507042253521127,0.8996478873239436,10.325926180302728,-2.371703873108295,108,8-10yr,unknown,4021
ECSC_4021_1_108M_4021_YR1,2,282,0.4964788732394366,0.10196078431372549,early,0.4507042253521127,0.8996478873239436,5.36410132815576,-7.333528725255263,108,8-10yr,unknown,4021
ECSC_4021_1_108M_4021_YR1,13,430,0.7570422535211268,0.6823529411764706,mid,0.4507042253521127,0.8996478873239436,15.359202892156166,2.6615728387451423,108,8-10yr,unknown,4021
ECSC_4021_1_108M_4021_YR1,6,336,0.5915492957746479,0.3137254901960784,mid,0.4507042253521127,0.8996478873239436,3.787921730928872,-8.909708322482151,108,8-10yr,unknown,4021
ECSC_4021_1_108M_4021_YR1,10,390,0.6866197183098591,0.5254901960784314,mid,0.4507042253521127,0.8996478873239436,63.611037537154154,50.91340748374313,108,8-10yr,unknown,4021
ECSC_4021_1_108M_4021_YR1,16,470,0.8274647887323944,0.8392156862745099,late,0.4507042253521127,0.8996478873239436,1.3201634632859631,-11.37746659012506,108,8-10yr,unknown,4021
ECSC_4021_1_108M_4021_YR1,19,511,0.8996478873239436,1.0,late,0.4507042253521127,0.8996478873239436,6.585147502700422,-6.1124825507106015,108,8-10yr,unknown,4021
ECSC_4021_1_108M_4021_YR1,17,484,0.852112676056338,0.8941176470588236,late,0.4507042253521127,0.8996478873239436,3.068718303979594,-9.62891174943143,108,8-10yr,unknown,4021
ECSC_4022_1_118M_4022_YR1,1,264,0.5617021276595745,0.04790419161676653,early,0.5446808510638298,0.9,4.821234310781705,0.1356805223199995,118,8-10yr,unknown,4022
ECSC_4022_1_118M_4022_YR1,4,291,0.6191489361702127,0.2095808383233531,early,0.5446808510638298,0.9,1.762207687088897,-2.9233461013728084,118,8-10yr,unknown,4022
ECSC_4022_1_118M_4022_YR1,2,273,0.5808510638297872,0.10179640718562873,early,0.5446808510638298,0.9,3.667595252065457,-1.0179585363962484,118,8-10yr,unknown,4022
ECSC_4022_1_118M_4022_YR1,13,370,0.7872340425531915,0.6826347305389222,mid,0.5446808510638298,0.9,0.4500285931381391,-4.235525195323566,118,8-10yr,unknown,4022
ECSC_4022_1_118M_4022_YR1,6,308,0.6553191489361702,0.3113772455089818,mid,0.5446808510638298,0.9,2.2537692026466996,-2.431784585815006,118,8-10yr,unknown,4022
ECSC_4022_1_118M_4022_YR1,10,343,0.7297872340425532,0.5209580838323353,mid,0.5446808510638298,0.9,6.029455675458115,1.3439018869964094,118,8-10yr,unknown,4022
ECSC_4022_1_118M_4022_YR1,16,396,0.8425531914893617,0.8383233532934131,late,0.5446808510638298,0.9,8.980290894208563,4.294737105746858,118,8-10yr,unknown,4022
ECSC_4022_1_118M_4022_YR1,19,423,0.9,1.0,late,0.5446808510638298,0.9,2.0354254812335535,-2.650128307228152,118,8-10yr,unknown,4022
ECSC_4022_1_118M_4022_YR1,17,405,0.8617021276595744,0.8922155688622753,late,0.5446808510638298,0.9,12.169976999534212,7.484423211072507,118,8-10yr,unknown,4022
ECSC_4023_1_95M_4023_YR1,1,256,0.8205128205128205,0.0,early,0.8205128205128205,0.8717948717948718,9.22081168202477,3.373005434680353,95,6-8yr,unknown,4023
ECSC_4023_1_95M_4023_YR1,4,259,0.8301282051282052,0.18750000000000136,early,0.8205128205128205,0.8717948717948718,8.964235031791874,3.116428784447457,95,6-8yr,unknown,4023
ECSC_4023_1_95M_4023_YR1,2,257,0.8237179487179487,0.06249999999999973,early,0.8205128205128205,0.8717948717948718,11.90798980463537,6.060183557290953,95,6-8yr,unknown,4023
ECSC_4023_1_95M_4023_YR1,13,266,0.8525641025641025,0.6249999999999994,mid,0.8205128205128205,0.8717948717948718,3.9164157550520766,-1.9313904922923406,95,6-8yr,unknown,4023
ECSC_4023_1_95M_4023_YR1,6,261,0.8365384615384616,0.31250000000000083,mid,0.8205128205128205,0.8717948717948718,5.677276673703297,-0.17052957364112054,95,6-8yr,unknown,4023
ECSC_4023_1_95M_4023_YR1,10,264,0.8461538461538461,0.5,mid,0.8205128205128205,0.8717948717948718,4.624768424604312,-1.223037822740105,95,6-8yr,unknown,4023
ECSC_4023_1_95M_4023_YR1,16,269,0.8621794871794872,0.8125000000000008,late,0.8205128205128205,0.8717948717948718,3.159609921822698,-2.6881963255217194,95,6-8yr,unknown,4023
ECSC_4023_1_95M_4023_YR1,19,272,0.8717948717948718,1.0,late,0.8205128205128205,0.8717948717948718,1.809655113677401,-4.038151133667016,95,6-8yr,unknown,4023
ECSC_4023_1_95M_4023_YR1,17,270,0.8653846153846154,0.8750000000000006,late,0.8205128205128205,0.8717948717948718,3.349493818787952,-2.4983124285564653,95,6-8yr,unknown,4023
ECSC_4024_1_109F_4024_YR1,1,268,0.4908424908424908,0.05106382978723411,early,0.4688644688644688,0.8992673992673993,4.392439085192656,-0.9344140639805874,109,8-10yr,unknown,4024
ECSC_4024_1_109F_4024_YR1,4,305,0.5586080586080586,0.20851063829787247,early,0.4688644688644688,0.8992673992673993,0.1413866360182831,-5.18546651315496,109,8-10yr,unknown,4024
ECSC_4024_1_109F_4024_YR1,2,280,0.5128205128205128,0.1021276595744681,early,0.4688644688644688,0.8992673992673993,5.643043150263131,0.31619000108988793,109,8-10yr,unknown,4024
ECSC_4024_1_109F_4024_YR1,13,416,0.7619047619047619,0.6808510638297871,mid,0.4688644688644688,0.8992673992673993,2.3185805797506474,-3.008272569422596,109,8-10yr,unknown,4024
ECSC_4024_1_109F_4024_YR1,6,330,0.6043956043956044,0.3148936170212766,mid,0.4688644688644688,0.8992673992673993,2.305977898196603,-3.0208752509766406,109,8-10yr,unknown,4024
ECSC_4024_1_109F_4024_YR1,10,379,0.6941391941391941,0.5234042553191489,mid,0.4688644688644688,0.8992673992673993,7.452359467361349,2.1255063181881058,109,8-10yr,unknown,4024
ECSC_4024_1_109F_4024_YR1,16,453,0.8296703296703297,0.8382978723404256,late,0.4688644688644688,0.8992673992673993,8.519769277883007,3.192916128709764,109,8-10yr,unknown,4024
ECSC_4024_1_109F_4024_YR1,19,491,0.8992673992673993,1.0,late,0.4688644688644688,0.8992673992673993,9.19409474004886,3.867241590875616,109,8-10yr,unknown,4024
ECSC_4024_1_109F_4024_YR1,17,466,0.8534798534798534,0.8936170212765956,late,0.4688644688644688,0.8992673992673993,7.974027507844656,2.6471743586714123,109,8-10yr,unknown,4024
ECSC_4025_1_97F_4025_YR1,1,268,0.4944649446494465,0.051948051948052146,early,0.4723247232472324,0.8985239852398524,64.73914455296556,35.05512153862084,97,8-10yr,unknown,4025
ECSC_4025_1_97F_4025_YR1,4,304,0.5608856088560885,0.20779220779220778,early,0.4723247232472324,0.8985239852398524,23.15832284017733,-6.52570017416739,97,8-10yr,unknown,4025
ECSC_4025_1_97F_4025_YR1,2,280,0.5166051660516605,0.10389610389610403,early,0.4723247232472324,0.8985239852398524,58.39556934564809,28.71154633130337,97,8-10yr,unknown,4025
ECSC_4025_1_97F_4025_YR1,13,414,0.7638376383763837,0.6839826839826839,mid,0.4723247232472324,0.8985239852398524,54.87431483342216,25.19029181907744,97,8-10yr,unknown,4025
ECSC_4025_1_97F_4025_YR1,6,328,0.6051660516605166,0.3116883116883118,mid,0.4723247232472324,0.8985239852398524,3.1059010922659924,-26.57812192207873,97,8-10yr,unknown,4025
ECSC_4025_1_97F_4025_YR1,10,377,0.6955719557195572,0.5238095238095238,mid,0.4723247232472324,0.8985239852398524,26.0958279312978,-3.5881950830469194,97,8-10yr,unknown,4025
ECSC_4025_1_97F_4025_YR1,16,450,0.8302583025830258,0.8398268398268397,late,0.4723247232472324,0.8985239852398524,16.4967284424877,-13.18729457185702,97,8-10yr,unknown,4025
ECSC_4025_1_97F_4025_YR1,19,487,0.8985239852398524,1.0,late,0.4723247232472324,0.8985239852398524,12.692816684238386,-16.991206330106337,97,8-10yr,unknown,4025
ECSC_4025_1_97F_4025_YR1,17,462,0.8523985239852399,0.8917748917748917,late,0.4723247232472324,0.8985239852398524,7.597581406599472,-22.08644160774525,97,8-10yr,unknown,4025
ECSC_4027_1_111F_4027_YR1,1,264,0.5776805251641138,0.05161290322580666,early,0.5601750547045952,0.899343544857768,3.3193176553166612,0.09669422772266767,111,8-10yr,unknown,4027
ECSC_4027_1_111F_4027_YR1,4,288,0.6301969365426696,0.20645161290322597,early,0.5601750547045952,0.899343544857768,2.8394143780903995,-0.383209049503594,111,8-10yr,unknown,4027
ECSC_4027_1_111F_4027_YR1,2,272,0.5951859956236324,0.10322580645161299,early,0.5601750547045952,0.899343544857768,3.539606986286298,0.31698355869230443,111,8-10yr,unknown,4027
ECSC_4027_1_111F_4027_YR1,13,362,0.7921225382932167,0.6838709677419357,mid,0.5601750547045952,0.899343544857768,3.4471238052983697,0.22450037770437614,111,8-10yr,unknown,4027
ECSC_4027_1_111F_4027_YR1,6,304,0.6652078774617067,0.3096774193548386,mid,0.5601750547045952,0.899343544857768,-2.34826583157227,-5.570889259166264,111,8-10yr,unknown,4027
ECSC_4027_1_111F_4027_YR1,10,337,0.737417943107221,0.5225806451612903,mid,0.5601750547045952,0.899343544857768,2.1999923885735733,-1.0226310390204203,111,8-10yr,unknown,4027
ECSC_4027_1_111F_4027_YR1,16,386,0.8446389496717724,0.838709677419355,late,0.5601750547045952,0.899343544857768,5.838015880539267,2.6153924529452732,111,8-10yr,unknown,4027
ECSC_4027_1_111F_4027_YR1,19,411,0.899343544857768,1.0,late,0.5601750547045952,0.899343544857768,2.529821825769588,-0.6928016018244056,111,8-10yr,unknown,4027
ECSC_4027_1_111F_4027_YR1,17,394,0.862144420131291,0.8903225806451613,late,0.5601750547045952,0.899343544857768,7.638583760044055,4.415960332450061,111,8-10yr,unknown,4027
ECSC_4028_1_136F_4028_YR1,1,277,0.3773841961852861,0.05198019801980214,early,0.3487738419618528,0.8991825613079019,4.960691953942527,-0.4408469111772648,136,10+yr,unknown,4028
ECSC_4028_1_136F_4028_YR1,4,341,0.4645776566757493,0.21039603960396047,early,0.3487738419618528,0.8991825613079019,4.686324718431603,-0.7152141466881892,136,10+yr,unknown,4028
ECSC_4028_1_136F_4028_YR1,2,298,0.4059945504087193,0.10396039603960398,early,0.3487738419618528,0.8991825613079019,5.327809893852784,-0.07372897126700817,136,10+yr,unknown,4028
ECSC_4028_1_136F_4028_YR1,13,532,0.7247956403269755,0.6831683168316833,mid,0.3487738419618528,0.8991825613079019,3.6444739162256017,-1.7570649488941905,136,10+yr,unknown,4028
ECSC_4028_1_136F_4028_YR1,6,383,0.5217983651226158,0.31435643564356447,mid,0.3487738419618528,0.8991825613079019,6.516484961277243,1.1149460961574507,136,10+yr,unknown,4028
ECSC_4028_1_136F_4028_YR1,10,468,0.6376021798365122,0.5247524752475248,mid,0.3487738419618528,0.8991825613079019,8.935227648940996,3.533688783821204,136,10+yr,unknown,4028
ECSC_4028_1_136F_4028_YR1,16,596,0.8119891008174387,0.8415841584158417,late,0.3487738419618528,0.8991825613079019,2.023263727205737,-3.378275137914055,136,10+yr,unknown,4028
ECSC_4028_1_136F_4028_YR1,19,660,0.8991825613079019,1.0,late,0.3487738419618528,0.8991825613079019,6.33436842254695,0.9328295574271577,136,10+yr,unknown,4028
ECSC_4028_1_136F_4028_YR1,17,617,0.840599455040872,0.8935643564356437,late,0.3487738419618528,0.8991825613079019,6.185204543654683,0.7836656785348906,136,10+yr,unknown,4028
ECSC_4029_1_81M_4029_YR1,1,256,0.839344262295082,0.0,early,0.839344262295082,0.8688524590163934,1.627566561350121,-0.48762458319734403,81,6-8yr,unknown,4029
ECSC_4029_1_81M_4029_YR1,4,257,0.8426229508196721,0.11111111111110986,early,0.839344262295082,0.8688524590163934,2.1244711751819496,0.009280030634484682,81,6-8yr,unknown,4029
ECSC_4029_1_81M_4029_YR1,2,256,0.839344262295082,0.0,early,0.839344262295082,0.8688524590163934,1.627566561350121,-0.48762458319734403,81,6-8yr,unknown,4029
ECSC_4029_1_81M_4029_YR1,13,262,0.8590163934426229,0.6666666666666666,mid,0.839344262295082,0.8688524590163934,1.9106968080684812,-0.20449433647898374,81,6-8yr,unknown,4029
ECSC_4029_1_81M_4029_YR1,6,258,0.8459016393442623,0.2222222222222235,mid,0.839344262295082,0.8688524590163934,1.719198313860181,-0.39599283068728397,81,6-8yr,unknown,4029
ECSC_4029_1_81M_4029_YR1,10,260,0.8524590163934426,0.4444444444444432,mid,0.839344262295082,0.8688524590163934,2.253050964617768,0.13785982007030295,81,6-8yr,unknown,4029
ECSC_4029_1_81M_4029_YR1,16,263,0.8622950819672132,0.7777777777777802,late,0.839344262295082,0.8688524590163934,2.532064615251965,0.4168734707045001,81,6-8yr,unknown,4029
ECSC_4029_1_81M_4029_YR1,19,265,0.8688524590163934,1.0,late,0.839344262295082,0.8688524590163934,2.2213948829128665,0.10620373836540153,81,6-8yr,unknown,4029
ECSC_4029_1_81M_4029_YR1,17,264,0.8655737704918033,0.8888888888888902,late,0.839344262295082,0.8688524590163934,3.020710418333731,0.9055192737862661,81,6-8yr,unknown,4029
ECSC_4030_1_114F_4030_YR1,8,256,0.8590604026845637,0.0,early,0.8590604026845637,0.8657718120805369,1.1418242087966286,-0.1627266064048314,114,8-10yr,unknown,4030
ECSC_4030_1_114F_4030_YR1,1,256,0.8590604026845637,0.0,early,0.8590604026845637,0.8657718120805369,1.1418242087966286,-0.1627266064048314,114,8-10yr,unknown,4030
ECSC_4030_1_114F_4030_YR1,5,256,0.8590604026845637,0.0,early,0.8590604026845637,0.8657718120805369,1.1418242087966286,-0.1627266064048314,114,8-10yr,unknown,4030
ECSC_4030_1_114F_4030_YR1,18,257,0.8624161073825504,0.5000000000000083,late,0.8590604026845637,0.8657718120805369,1.4672774216062914,0.1627266064048314,114,8-10yr,unknown,4030
ECSC_4030_1_114F_4030_YR1,11,257,0.8624161073825504,0.5000000000000083,late,0.8590604026845637,0.8657718120805369,1.4672774216062914,0.1627266064048314,114,8-10yr,unknown,4030
ECSC_4030_1_114F_4030_YR1,15,257,0.8624161073825504,0.5000000000000083,late,0.8590604026845637,0.8657718120805369,1.4672774216062914,0.1627266064048314,114,8-10yr,unknown,4030
ECSC_4031_1_117F_4031_YR1,1,263,0.5896860986547086,0.04827586206896565,early,0.5739910313901345,0.899103139013453,4.523507834346711,1.3178954835065388,117,8-10yr,unknown,4031
ECSC_4031_1_117F_4031_YR1,4,286,0.6412556053811659,0.20689655172413782,early,0.5739910313901345,0.899103139013453,3.2490857024741686,0.04347335163399624,117,8-10yr,unknown,4031
ECSC_4031_1_117F_4031_YR1,2,271,0.6076233183856502,0.10344827586206891,early,0.5739910313901345,0.899103139013453,6.221637696297071,3.0160253454568986,117,8-10yr,unknown,4031
ECSC_4031_1_117F_4031_YR1,13,355,0.7959641255605381,0.682758620689655,mid,0.5739910313901345,0.899103139013453,1.7185185577651358,-1.4870937930750365,117,8-10yr,unknown,4031
ECSC_4031_1_117F_4031_YR1,6,301,0.6748878923766816,0.31034482758620674,mid,0.5739910313901345,0.899103139013453,8.59521214518925,5.389599794349077,117,8-10yr,unknown,4031
ECSC_4031_1_117F_4031_YR1,10,332,0.7443946188340808,0.5241379310344828,mid,0.5739910313901345,0.899103139013453,1.6089225053436564,-1.596689845496516,117,8-10yr,unknown,4031
ECSC_4031_1_117F_4031_YR1,16,378,0.8475336322869955,0.8413793103448275,late,0.5739910313901345,0.899103139013453,0.6515187370258886,-2.554093613814284,117,8-10yr,unknown,4031
ECSC_4031_1_117F_4031_YR1,19,401,0.899103139013453,1.0,late,0.5739910313901345,0.899103139013453,0.3787151838603719,-2.8268971669798004,117,8-10yr,unknown,4031
ECSC_4031_1_117F_4031_YR1,17,385,0.8632286995515696,0.8896551724137931,late,0.5739910313901345,0.899103139013453,1.9033927952593004,-1.302219555580872,117,8-10yr,unknown,4031
ECSC_4032_1_134M_4032_YR1,1,261,0.6492537313432836,0.047619047619047616,early,0.6368159203980099,0.8980099502487562,13.462180075878932,3.4425174018166906,134,10+yr,unknown,4032
ECSC_4032_1_134M_4032_YR1,4,278,0.6915422885572139,0.20952380952380945,early,0.6368159203980099,0.8980099502487562,6.665217927815599,-3.3544447462466422,134,10+yr,unknown,4032
ECSC_4032_1_134M_4032_YR1,2,267,0.664179104477612,0.10476190476190493,early,0.6368159203980099,0.8980099502487562,10.612571657823892,0.5929089837616512,134,10+yr,unknown,4032
ECSC_4032_1_134M_4032_YR1,13,327,0.8134328358208955,0.6761904761904763,mid,0.6368159203980099,0.8980099502487562,9.084472006442253,-0.9351906676199881,134,10+yr,unknown,4032
ECSC_4032_1_134M_4032_YR1,6,289,0.7189054726368159,0.3142857142857144,mid,0.6368159203980099,0.8980099502487562,5.76326430371295,-4.256398370349291,134,10+yr,unknown,4032
ECSC_4032_1_134M_4032_YR1,10,311,0.7736318407960199,0.5238095238095238,mid,0.6368159203980099,0.8980099502487562,4.753071947216046,-5.266590726846195,134,10+yr,unknown,4032
ECSC_4032_1_134M_4032_YR1,16,344,0.8557213930348259,0.8380952380952382,late,0.6368159203980099,0.8980099502487562,20.598407334403333,10.578744660341092,134,10+yr,unknown,4032
ECSC_4032_1_134M_4032_YR1,19,361,0.8980099502487562,1.0,late,0.6368159203980099,0.8980099502487562,4.381234906898925,-5.638427767163316,134,10+yr,unknown,4032
ECSC_4032_1_134M_4032_YR1,17,349,0.8681592039800995,0.8857142857142858,late,0.6368159203980099,0.8980099502487562,14.85654390636824,4.836881232305998,134,10+yr,unknown,4032
ECSC_4033_1_110M_4033_YR1,1,265,0.5386178861788617,0.04838709677419331,early,0.5203252032520326,0.8983739837398373,78.77025414195029,65.17602452193046,110,8-10yr,unknown,4033
ECSC_4033_1_110M_4033_YR1,4,295,0.5995934959349594,0.20967741935483866,early,0.5203252032520326,0.8983739837398373,2.3740675055024134,-11.220162114517414,110,8-10yr,unknown,4033
ECSC_4033_1_110M_4033_YR1,2,275,0.5589430894308943,0.10215053763440853,early,0.5203252032520326,0.8983739837398373,15.496430002542514,1.902200382522686,110,8-10yr,unknown,4033
ECSC_4033_1_110M_4033_YR1,13,383,0.7784552845528455,0.6827956989247312,mid,0.5203252032520326,0.8983739837398373,5.800485449136463,-7.793744170883365,110,8-10yr,unknown,4033
ECSC_4033_1_110M_4033_YR1,6,314,0.6382113821138211,0.3118279569892472,mid,0.5203252032520326,0.8983739837398373,13.7180543590537,0.12382473903387137,110,8-10yr,unknown,4033
ECSC_4033_1_110M_4033_YR1,10,353,0.717479674796748,0.5215053763440861,mid,0.5203252032520326,0.8983739837398373,4.560467944483211,-9.033761675536617,110,8-10yr,unknown,4033
ECSC_4033_1_110M_4033_YR1,16,412,0.8373983739837398,0.838709677419355,late,0.5203252032520326,0.8983739837398373,0.0360314952837761,-13.558198124736052,110,8-10yr,unknown,4033
ECSC_4033_1_110M_4033_YR1,19,442,0.8983739837398373,1.0,late,0.5203252032520326,0.8983739837398373,1.70718173783788,-11.887047882181948,110,8-10yr,unknown,4033
ECSC_4033_1_110M_4033_YR1,17,422,0.8577235772357723,0.8924731182795699,late,0.5203252032520326,0.8983739837398373,-0.1149060556117866,-13.709135675631615,110,8-10yr,unknown,4033
ECSC_4036_1_98M_4036_YR1,1,264,0.567741935483871,0.049382716049382734,early,0.5505376344086022,0.8989247311827957,20.273986649087497,7.290330794639221,98,8-10yr,unknown,4036
ECSC_4036_1_98M_4036_YR1,4,290,0.6236559139784946,0.20987654320987656,early,0.5505376344086022,0.8989247311827957,36.85004592526052,23.86639007081224,98,8-10yr,unknown,4036
ECSC_4036_1_98M_4036_YR1,2,273,0.5870967741935483,0.10493827160493811,early,0.5505376344086022,0.8989247311827957,15.44792540082463,2.4642695463763538,98,8-10yr,unknown,4036
ECSC_4036_1_98M_4036_YR1,13,366,0.7870967741935484,0.6790123456790124,mid,0.5505376344086022,0.8989247311827957,4.958357468301909,-8.025298386146368,98,8-10yr,unknown,4036
ECSC_4036_1_98M_4036_YR1,6,307,0.6602150537634408,0.31481481481481466,mid,0.5505376344086022,0.8989247311827957,7.720274607822921,-5.263381246625356,98,8-10yr,unknown,4036
ECSC_4036_1_98M_4036_YR1,10,341,0.7333333333333333,0.5246913580246912,mid,0.5505376344086022,0.8989247311827957,4.653174418327609,-8.330481436120667,98,8-10yr,unknown,4036
ECSC_4036_1_98M_4036_YR1,16,392,0.843010752688172,0.8395061728395062,late,0.5505376344086022,0.8989247311827957,9.41842758336458,-3.565228271083697,98,8-10yr,unknown,4036
ECSC_4036_1_98M_4036_YR1,19,418,0.8989247311827957,1.0,late,0.5505376344086022,0.8989247311827957,8.151994812564162,-4.831661041884114,98,8-10yr,unknown,4036
ECSC_4036_1_98M_4036_YR1,17,400,0.8602150537634409,0.888888888888889,late,0.5505376344086022,0.8989247311827957,9.378715824480665,-3.6049400299676115,98,8-10yr,unknown,4036
ECSC_4037_1_115M_4037_YR1,1,259,0.7038043478260869,0.041666666666666574,early,0.6956521739130435,0.8913043478260869,19.62484978451513,8.457422949183485,115,8-10yr,unknown,4037
ECSC_4037_1_115M_4037_YR1,4,271,0.7364130434782609,0.20833333333333343,early,0.6956521739130435,0.8913043478260869,10.599790375343542,-0.5676364599881047,115,8-10yr,unknown,4037
ECSC_4037_1_115M_4037_YR1,2,263,0.7146739130434783,0.09722222222222238,early,0.6956521739130435,0.8913043478260869,22.299187072694508,11.131760237362862,115,8-10yr,unknown,4037
ECSC_4037_1_115M_4037_YR1,13,305,0.8288043478260869,0.6805555555555555,mid,0.6956521739130435,0.8913043478260869,9.566491263914209,-1.6009355714174376,115,8-10yr,unknown,4037
ECSC_4037_1_115M_4037_YR1,6,278,0.7554347826086957,0.3055555555555558,mid,0.6956521739130435,0.8913043478260869,13.158335756696747,1.9909089213651008,115,8-10yr,unknown,4037
ECSC_4037_1_115M_4037_YR1,10,293,0.7961956521739131,0.5138888888888893,mid,0.6956521739130435,0.8913043478260869,2.0552737621818835,-9.112153073149763,115,8-10yr,unknown,4037
ECSC_4037_1_115M_4037_YR1,16,316,0.8586956521739131,0.8333333333333337,late,0.6956521739130435,0.8913043478260869,10.018582219531584,-1.148844615800062,115,8-10yr,unknown,4037
ECSC_4037_1_115M_4037_YR1,19,328,0.8913043478260869,1.0,late,0.6956521739130435,0.8913043478260869,5.5640290543701685,-5.603397780961478,115,8-10yr,unknown,4037
ECSC_4037_1_115M_4037_YR1,17,320,0.8695652173913043,0.888888888888889,late,0.6956521739130435,0.8913043478260869,7.62030222873704,-3.5471246065946067,115,8-10yr,unknown,4037
ECSC_4039_1_95F_4039_YR1,1,262,0.6282973621103117,0.05042016806722697,early,0.6139088729016786,0.8992805755395683,3.3460081668650083,-2.720510646805913,95,6-8yr,unknown,4039
ECSC_4039_1_95F_4039_YR1,4,281,0.6738609112709832,0.21008403361344563,early,0.6139088729016786,0.8992805755395683,2.6301959107073376,-3.4363229029635836,95,6-8yr,unknown,4039
ECSC_4039_1_95F_4039_YR1,2,268,0.6426858513189448,0.10084033613445394,early,0.6139088729016786,0.8992805755395683,0.2706715361662084,-5.795847277504713,95,6-8yr,unknown,4039
ECSC_4039_1_95F_4039_YR1,13,337,0.8081534772182254,0.680672268907563,mid,0.6139088729016786,0.8992805755395683,4.863553356869819,-1.2029654568011026,95,6-8yr,unknown,4039
ECSC_4039_1_95F_4039_YR1,6,293,0.7026378896882494,0.31092436974789917,mid,0.6139088729016786,0.8992805755395683,2.7936701951447898,-3.2728486185261314,95,6-8yr,unknown,4039
ECSC_4039_1_95F_4039_YR1,10,318,0.762589928057554,0.5210084033613448,mid,0.6139088729016786,0.8992805755395683,1.808728318142279,-4.257790495528642,95,6-8yr,unknown,4039
ECSC_4039_1_95F_4039_YR1,16,356,0.8537170263788969,0.8403361344537817,late,0.6139088729016786,0.8992805755395683,14.576399440851656,8.509880627180735,95,6-8yr,unknown,4039
ECSC_4039_1_95F_4039_YR1,19,375,0.8992805755395683,1.0,late,0.6139088729016786,0.8992805755395683,7.513863835389106,1.447345021718185,95,6-8yr,unknown,4039
ECSC_4039_1_95F_4039_YR1,17,362,0.86810551558753,0.8907563025210087,late,0.6139088729016786,0.8992805755395683,16.795578562902087,10.729059749231165,95,6-8yr,unknown,4039
ECSC_4040_1_122F_4040_YR1,1,273,0.4136363636363636,0.05029585798816556,early,0.3878787878787879,0.9,2.606759791565656,-2.3977345798629335,122,10+yr,unknown,4040
ECSC_4040_1_122F_4040_YR1,4,327,0.4954545454545455,0.21005917159763315,early,0.3878787878787879,0.9,3.904281227540336,-1.1002131438882534,122,10+yr,unknown,4040
ECSC_4040_1_122F_4040_YR1,2,291,0.4409090909090909,0.10355029585798817,early,0.3878787878787879,0.9,2.977384325936537,-2.0271100454920523,122,10+yr,unknown,4040
ECSC_4040_1_122F_4040_YR1,13,487,0.7378787878787879,0.6834319526627218,mid,0.3878787878787879,0.9,19.127215588745216,14.122721217316627,122,10+yr,unknown,4040
ECSC_4040_1_122F_4040_YR1,6,362,0.5484848484848485,0.31360946745562124,mid,0.3878787878787879,0.9,2.8308759669748884,-2.173618404453701,122,10+yr,unknown,4040
ECSC_4040_1_122F_4040_YR1,10,433,0.656060606060606,0.5236686390532542,mid,0.3878787878787879,0.9,3.058402734792864,-1.9460916366357255,122,10+yr,unknown,4040
ECSC_4040_1_122F_4040_YR1,16,540,0.8181818181818182,0.8402366863905325,late,0.3878787878787879,0.9,1.34276959647819,-3.6617247749503994,122,10+yr,unknown,4040
ECSC_4040_1_122F_4040_YR1,19,594,0.9,1.0,late,0.3878787878787879,0.9,7.620082699456608,2.6155883280280188,122,10+yr,unknown,4040
ECSC_4040_1_122F_4040_YR1,17,558,0.8454545454545455,0.8934911242603549,late,0.3878787878787879,0.9,1.572677411367012,-3.4318169600615773,122,10+yr,unknown,4040
ECSC_4041_1_122F_4041_YR1,1,270,0.4553119730185497,0.050541516245487306,early,0.4317032040472175,0.8988195615514334,3.2274702341464803,-5.802606492153512,122,10+yr,unknown,4041
ECSC_4041_1_122F_4041_YR1,4,314,0.5295109612141653,0.20938628158844777,early,0.4317032040472175,0.8988195615514334,9.728865499643346,0.6987887733433542,122,10+yr,unknown,4041
ECSC_4041_1_122F_4041_YR1,2,285,0.4806070826306914,0.10469314079422389,early,0.4317032040472175,0.8988195615514334,0.5880288368926063,-8.442047889407386,122,10+yr,unknown,4041
ECSC_4041_1_122F_4041_YR1,13,445,0.7504215851602024,0.6823104693140796,mid,0.4317032040472175,0.8988195615514334,30.718390852453393,21.6883141261534,122,10+yr,unknown,4041
ECSC_4041_1_122F_4041_YR1,6,343,0.5784148397976391,0.31407942238267145,mid,0.4317032040472175,0.8988195615514334,5.103307655405702,-3.9267690708942897,122,10+yr,unknown,4041
ECSC_4041_1_122F_4041_YR1,10,401,0.6762225969645869,0.5234657039711192,mid,0.4317032040472175,0.8988195615514334,5.673390989907103,-3.3566857363928886,122,10+yr,unknown,4041
ECSC_4041_1_122F_4041_YR1,16,489,0.8246205733558178,0.8411552346570397,late,0.4317032040472175,0.8988195615514334,9.062235146770927,0.03215842047093531,122,10+yr,unknown,4041
ECSC_4041_1_122F_4041_YR1,19,533,0.8988195615514334,1.0,late,0.4317032040472175,0.8988195615514334,5.2929238591433005,-3.7371528671566914,122,10+yr,unknown,4041
ECSC_4041_1_122F_4041_YR1,17,503,0.8482293423271501,0.8916967509025271,late,0.4317032040472175,0.8988195615514334,11.876077462337076,2.846000736037084,122,10+yr,unknown,4041
ECSC_4042_1_98F_4042_YR1,1,277,0.3718120805369127,0.05072463768115941,early,0.3436241610738255,0.8993288590604027,3.1146788133187515,-4.505160297369059,98,8-10yr,unknown,4042
ECSC_4042_1_98F_4042_YR1,4,343,0.4604026845637584,0.2101449275362319,early,0.3436241610738255,0.8993288590604027,7.755845080328108,0.13600596964029688,98,8-10yr,unknown,4042
ECSC_4042_1_98F_4042_YR1,2,299,0.4013422818791946,0.10386473429951684,early,0.3436241610738255,0.8993288590604027,1.4643077832878753,-6.1555313273999355,98,8-10yr,unknown,4042
ECSC_4042_1_98F_4042_YR1,13,539,0.723489932885906,0.6835748792270532,mid,0.3436241610738255,0.8993288590604027,3.575625706845993,-4.044213403841818,98,8-10yr,unknown,4042
ECSC_4042_1_98F_4042_YR1,6,386,0.5181208053691275,0.31400966183574885,mid,0.3436241610738255,0.8993288590604027,1.9944409181116711,-5.62539819257614,98,8-10yr,unknown,4042
ECSC_4042_1_98F_4042_YR1,10,473,0.6348993288590604,0.5241545893719808,mid,0.3436241610738255,0.8993288590604027,9.479920834398117,1.860081723710306,98,8-10yr,unknown,4042
ECSC_4042_1_98F_4042_YR1,16,604,0.810738255033557,0.8405797101449275,late,0.3436241610738255,0.8993288590604027,13.868185444565098,6.248346333877287,98,8-10yr,unknown,4042
ECSC_4042_1_98F_4042_YR1,19,670,0.8993288590604027,1.0,late,0.3436241610738255,0.8993288590604027,2.26406742850299,-5.355771682184821,98,8-10yr,unknown,4042
ECSC_4042_1_98F_4042_YR1,17,626,0.8402684563758389,0.893719806763285,late,0.3436241610738255,0.8993288590604027,25.061479986831703,17.441640876143893,98,8-10yr,unknown,4042
ECSC_4043_1_126F_4043_YR1,1,265,0.5486542443064182,0.050561797752808786,early,0.5300207039337475,0.8985507246376812,3.5930440062743765,1.5382168880704894,126,10+yr,unknown,4043
ECSC_4043_1_126F_4043_YR1,4,293,0.6066252587991718,0.20786516853932577,early,0.5300207039337475,0.8985507246376812,1.7243626965368382,-0.3304644216670489,126,10+yr,unknown,4043
ECSC_4043_1_126F_4043_YR1,2,274,0.567287784679089,0.10112359550561788,early,0.5300207039337475,0.8985507246376812,3.193173161390672,1.1383460431867851,126,10+yr,unknown,4043
ECSC_4043_1_126F_4043_YR1,13,377,0.7805383022774327,0.6797752808988764,mid,0.5300207039337475,0.8985507246376812,1.8584934601188137,-0.19633365808507341,126,10+yr,unknown,4043
ECSC_4043_1_126F_4043_YR1,6,312,0.6459627329192547,0.31460674157303364,mid,0.5300207039337475,0.8985507246376812,1.6405144912645753,-0.4143126269393118,126,10+yr,unknown,4043
ECSC_4043_1_126F_4043_YR1,10,349,0.722567287784679,0.5224719101123594,mid,0.5300207039337475,0.8985507246376812,1.0693758355791072,-0.9854512826247799,126,10+yr,unknown,4043
ECSC_4043_1_126F_4043_YR1,16,405,0.8385093167701864,0.8370786516853933,late,0.5300207039337475,0.8985507246376812,1.4043356252844754,-0.6504914929194117,126,10+yr,unknown,4043
ECSC_4043_1_126F_4043_YR1,19,434,0.8985507246376812,1.0,late,0.5300207039337475,0.8985507246376812,2.254434996324016,0.19960787812012892,126,10+yr,unknown,4043
ECSC_4043_1_126F_4043_YR1,17,415,0.8592132505175983,0.8932584269662921,late,0.5300207039337475,0.8985507246376812,1.7557097910621111,-0.29911732714177597,126,10+yr,unknown,4043
ECSC_4044_1_113M_4044_YR1,1,277,0.3768707482993197,0.05185185185185196,early,0.3482993197278911,0.8993197278911564,5.321782950578957,-5.367639054571928,113,8-10yr,unknown,4044
ECSC_4044_1_113M_4044_YR1,4,341,0.4639455782312925,0.20987654320987664,early,0.3482993197278911,0.8993197278911564,5.590318093523876,-5.099103911627009,113,8-10yr,unknown,4044
ECSC_4044_1_113M_4044_YR1,2,298,0.4054421768707483,0.10370370370370383,early,0.3482993197278911,0.8993197278911564,35.586180724985496,24.89675871983461,113,8-10yr,unknown,4044
ECSC_4044_1_113M_4044_YR1,13,533,0.7251700680272108,0.6839506172839506,mid,0.3482993197278911,0.8993197278911564,7.827907609285147,-2.861514395865737,113,8-10yr,unknown,4044
ECSC_4044_1_113M_4044_YR1,6,383,0.5210884353741496,0.3135802469135803,mid,0.3482993197278911,0.8993197278911564,3.6061711399406953,-7.083250865210189,113,8-10yr,unknown,4044
ECSC_4044_1_113M_4044_YR1,10,469,0.638095238095238,0.5259259259259259,mid,0.3482993197278911,0.8993197278911564,1.8699811374899644,-8.81944086766092,113,8-10yr,unknown,4044
ECSC_4044_1_113M_4044_YR1,16,597,0.8122448979591836,0.8419753086419753,late,0.3482993197278911,0.8993197278911564,19.70153826426635,9.012116259115466,113,8-10yr,unknown,4044
ECSC_4044_1_113M_4044_YR1,19,661,0.8993197278911564,1.0,late,0.3482993197278911,0.8993197278911564,7.36259609796495,-3.3268259071859347,113,8-10yr,unknown,4044
ECSC_4044_1_113M_4044_YR1,17,618,0.8408163265306122,0.8938271604938272,late,0.3482993197278911,0.8993197278911564,9.338322028322532,-1.351099976828353,113,8-10yr,unknown,4044
ECSC_4046_1_132F_4046_YR1,1,273,0.416793893129771,0.05105105105105118,early,0.3908396946564885,0.899236641221374,6.702882611894182,-1.2755888786152632,132,10+yr,unknown,4046
ECSC_4046_1_132F_4046_YR1,4,326,0.4977099236641221,0.21021021021021022,early,0.3908396946564885,0.899236641221374,2.4625032116886523,-5.515968278820793,132,10+yr,unknown,4046
ECSC_4046_1_132F_4046_YR1,2,291,0.4442748091603053,0.10510510510510516,early,0.3908396946564885,0.899236641221374,9.53279389873939,1.554322408229945,132,10+yr,unknown,4046
ECSC_4046_1_132F_4046_YR1,13,483,0.7374045801526717,0.6816816816816818,mid,0.3908396946564885,0.899236641221374,4.597347493241257,-3.3811239972681886,132,10+yr,unknown,4046
ECSC_4046_1_132F_4046_YR1,6,361,0.5511450381679389,0.31531531531531537,mid,0.3908396946564885,0.899236641221374,2.771958342973038,-5.206513147536407,132,10+yr,unknown,4046
ECSC_4046_1_132F_4046_YR1,10,431,0.6580152671755726,0.5255255255255257,mid,0.3908396946564885,0.899236641221374,6.412038128570045,-1.5664333619394002,132,10+yr,unknown,4046
ECSC_4046_1_132F_4046_YR1,16,536,0.8183206106870229,0.8408408408408409,late,0.3908396946564885,0.899236641221374,20.765489807516875,12.78701831700743,132,10+yr,unknown,4046
ECSC_4046_1_132F_4046_YR1,19,589,0.899236641221374,1.0,late,0.3908396946564885,0.899236641221374,8.480893872403374,0.5024223818939291,132,10+yr,unknown,4046
ECSC_4046_1_132F_4046_YR1,17,553,0.8442748091603054,0.891891891891892,late,0.3908396946564885,0.899236641221374,10.080336047558204,2.101864557048758,132,10+yr,unknown,4046
ECSC_4047_1_97F_4047_YR1,1,263,0.6073903002309469,0.052631578947368404,early,0.5912240184757506,0.8983833718244804,2.529482669638729,0.11935696140516106,97,8-10yr,unknown,4047
ECSC_4047_1_97F_4047_YR1,4,284,0.6558891454965358,0.21052631578947362,early,0.5912240184757506,0.8983833718244804,4.12853655788275,1.7184108496491821,97,8-10yr,unknown,4047
ECSC_4047_1_97F_4047_YR1,2,270,0.6235565819861432,0.10526315789473681,early,0.5912240184757506,0.8983833718244804,3.071307869155306,0.6611821609217379,97,8-10yr,unknown,4047
ECSC_4047_1_97F_4047_YR1,13,347,0.8013856812933026,0.6842105263157896,mid,0.5912240184757506,0.8983833718244804,4.033173908920773,1.623048200687205,97,8-10yr,unknown,4047
ECSC_4047_1_97F_4047_YR1,6,298,0.6882217090069284,0.3157894736842104,mid,0.5912240184757506,0.8983833718244804,2.6464395614684006,0.23631385323483256,97,8-10yr,unknown,4047
ECSC_4047_1_97F_4047_YR1,10,326,0.7528868360277137,0.5263157894736844,mid,0.5912240184757506,0.8983833718244804,4.957886780584046,2.5477610723504776,97,8-10yr,unknown,4047
ECSC_4047_1_97F_4047_YR1,16,368,0.8498845265588915,0.8421052631578948,late,0.5912240184757506,0.8983833718244804,-0.7994497143749726,-3.2095754226085407,97,8-10yr,unknown,4047
ECSC_4047_1_97F_4047_YR1,19,389,0.8983833718244804,1.0,late,0.5912240184757506,0.8983833718244804,0.8763794694752987,-1.5337462387582694,97,8-10yr,unknown,4047
ECSC_4047_1_97F_4047_YR1,17,375,0.8660508083140878,0.8947368421052632,late,0.5912240184757506,0.8983833718244804,0.2473742713517825,-2.1627514368817855,97,8-10yr,unknown,4047
ECSC_4048_1_117M_4048_YR1,1,262,0.6223277909738717,0.04918032786885224,early,0.6080760095011877,0.8978622327790974,20.303897529563766,7.744274423672243,117,8-10yr,unknown,4048
ECSC_4048_1_117M_4048_YR1,4,281,0.667458432304038,0.2049180327868852,early,0.6080760095011877,0.8978622327790974,22.798426459275007,10.238803353383483,117,8-10yr,unknown,4048
ECSC_4048_1_117M_4048_YR1,2,268,0.6365795724465558,0.09836065573770487,early,0.6080760095011877,0.8978622327790974,20.33528376686926,7.775660660977737,117,8-10yr,unknown,4048
ECSC_4048_1_117M_4048_YR1,13,339,0.8052256532066508,0.6803278688524591,mid,0.6080760095011877,0.8978622327790974,5.007904719626978,-7.551718386264545,117,8-10yr,unknown,4048
ECSC_4048_1_117M_4048_YR1,6,294,0.6983372921615202,0.3114754098360655,mid,0.6080760095011877,0.8978622327790974,12.52139085625084,-0.038232249640683946,117,8-10yr,unknown,4048
ECSC_4048_1_117M_4048_YR1,10,320,0.7600950118764845,0.5245901639344261,mid,0.6080760095011877,0.8978622327790974,-1.5919510886670878,-14.151574194558611,117,8-10yr,unknown,4048
ECSC_4048_1_117M_4048_YR1,16,358,0.850356294536817,0.8360655737704916,late,0.6080760095011877,0.8978622327790974,7.018856702328463,-5.54076640356306,117,8-10yr,unknown,4048
ECSC_4048_1_117M_4048_YR1,19,378,0.8978622327790974,1.0,late,0.6080760095011877,0.8978622327790974,8.360409780846641,-4.199213325044882,117,8-10yr,unknown,4048
ECSC_4048_1_117M_4048_YR1,17,365,0.8669833729216152,0.8934426229508197,late,0.6080760095011877,0.8978622327790974,18.28238922692984,5.722766121038317,117,8-10yr,unknown,4048
ECSC_4050_1_64F_4050_YR1,1,258,0.7565982404692082,0.044444444444444405,early,0.750733137829912,0.8826979472140762,17.986429070226844,11.603423736013893,64,4-6yr,unknown,4050
ECSC_4050_1_64F_4050_YR1,4,265,0.7771260997067448,0.19999999999999984,early,0.750733137829912,0.8826979472140762,10.519885863406456,4.136880529193505,64,4-6yr,unknown,4050
ECSC_4050_1_64F_4050_YR1,2,260,0.7624633431085044,0.08888888888888881,early,0.750733137829912,0.8826979472140762,15.309855390635086,8.926850056422134,64,4-6yr,unknown,4050
ECSC_4050_1_64F_4050_YR1,13,286,0.8387096774193549,0.666666666666667,mid,0.750733137829912,0.8826979472140762,2.4028299143692227,-3.9801754198437287,64,4-6yr,unknown,4050
ECSC_4050_1_64F_4050_YR1,6,270,0.7917888563049853,0.31111111111111084,mid,0.750733137829912,0.8826979472140762,8.09419729863805,1.7111919644250992,64,4-6yr,unknown,4050
ECSC_4050_1_64F_4050_YR1,10,279,0.8181818181818182,0.5111111111111115,mid,0.750733137829912,0.8826979472140762,0.7962746727329941,-5.586730661479957,64,4-6yr,unknown,4050
ECSC_4050_1_64F_4050_YR1,16,293,0.8592375366568915,0.8222222222222224,late,0.750733137829912,0.8826979472140762,0.9180095721101936,-5.464995762102758,64,4-6yr,unknown,4050
ECSC_4050_1_64F_4050_YR1,19,301,0.8826979472140762,1.0,late,0.750733137829912,0.8826979472140762,0.4516202565588987,-5.931385077654053,64,4-6yr,unknown,4050
ECSC_4050_1_64F_4050_YR1,17,296,0.8680351906158358,0.888888888888889,late,0.750733137829912,0.8826979472140762,0.9679459692388176,-5.415059364974134,64,4-6yr,unknown,4050
ECSC_4051_1_120M_4051_YR1,1,278,0.3633986928104575,0.05092592592592603,early,0.3346405228758169,0.8993464052287582,5.23274988784184,-5.052559086543895,120,10+yr,unknown,4051
ECSC_4051_1_120M_4051_YR1,4,346,0.4522875816993464,0.20833333333333345,early,0.3346405228758169,0.8993464052287582,25.629482294595093,15.344173320209357,120,10+yr,unknown,4051
ECSC_4051_1_120M_4051_YR1,2,301,0.3934640522875817,0.10416666666666677,early,0.3346405228758169,0.8993464052287582,3.1875720317688687,-7.097736942616867,120,10+yr,unknown,4051
ECSC_4051_1_120M_4051_YR1,13,551,0.7202614379084967,0.6828703703703703,mid,0.3346405228758169,0.8993464052287582,13.59079813481348,3.3054891604277454,120,10+yr,unknown,4051
ECSC_4051_1_120M_4051_YR1,6,392,0.5124183006535947,0.3148148148148148,mid,0.3346405228758169,0.8993464052287582,5.277496661529854,-5.007812312855881,120,10+yr,unknown,4051
ECSC_4051_1_120M_4051_YR1,10,483,0.6313725490196078,0.525462962962963,mid,0.3346405228758169,0.8993464052287582,11.491294734956355,1.20598576057062,120,10+yr,unknown,4051
ECSC_4051_1_120M_4051_YR1,16,619,0.8091503267973856,0.8402777777777778,late,0.3346405228758169,0.8993464052287582,3.849787516294395,-6.4355214580913405,120,10+yr,unknown,4051
ECSC_4051_1_120M_4051_YR1,19,688,0.8993464052287582,1.0,late,0.3346405228758169,0.8993464052287582,9.655805535847326,-0.6295034385384088,120,10+yr,unknown,4051
ECSC_4051_1_120M_4051_YR1,17,642,0.8392156862745098,0.8935185185185185,late,0.3346405228758169,0.8993464052287582,14.652793971824416,4.36748499743868,120,10+yr,unknown,4051
ECSC_4052_1_124M_4052_YR1,1,259,0.7,0.04054054054054013,early,0.6918918918918919,0.8918918918918919,15.402530622981818,-3.1029708791389012,124,10+yr,unknown,4052
ECSC_4052_1_124M_4052_YR1,4,271,0.7324324324324324,0.20270270270270235,early,0.6918918918918919,0.8918918918918919,29.32108014164307,10.81557863952235,124,10+yr,unknown,4052
ECSC_4052_1_124M_4052_YR1,2,263,0.7108108108108108,0.09459459459459421,early,0.6918918918918919,0.8918918918918919,24.36565735263352,5.8601558505128,124,10+yr,unknown,4052
ECSC_4052_1_124M_4052_YR1,13,306,0.827027027027027,0.6756756756756755,mid,0.6918918918918919,0.8918918918918919,7.943382443268245,-10.562119058852474,124,10+yr,unknown,4052
ECSC_4052_1_124M_4052_YR1,6,279,0.754054054054054,0.31081081081081047,mid,0.6918918918918919,0.8918918918918919,49.51027106790597,31.00476956578525,124,10+yr,unknown,4052
ECSC_4052_1_124M_4052_YR1,10,294,0.7945945945945946,0.5135135135135134,mid,0.6918918918918919,0.8918918918918919,16.491534032567603,-2.0139674695531156,124,10+yr,unknown,4052
ECSC_4052_1_124M_4052_YR1,16,318,0.8594594594594595,0.8378378378378378,late,0.6918918918918919,0.8918918918918919,7.276784514757082,-11.228716987363637,124,10+yr,unknown,4052
ECSC_4052_1_124M_4052_YR1,19,330,0.8918918918918919,1.0,late,0.6918918918918919,0.8918918918918919,5.518815879692188,-12.986685622428531,124,10+yr,unknown,4052
ECSC_4052_1_124M_4052_YR1,17,322,0.8702702702702703,0.8918918918918919,late,0.6918918918918919,0.8918918918918919,10.71945746363697,-7.786044038483748,124,10+yr,unknown,4052
ECSC_4053_1_129M_4053_YR1,1,269,0.464594127806563,0.049056603773584874,early,0.4421416234887737,0.8998272884283247,26.05303706149602,8.47604187813172,129,10+yr,unknown,4053
ECSC_4053_1_129M_4053_YR1,4,311,0.5371329879101899,0.20754716981132068,early,0.4421416234887737,0.8998272884283247,7.882666070143623,-9.694329113220677,129,10+yr,unknown,4053
ECSC_4053_1_129M_4053_YR1,2,283,0.4887737478411053,0.10188679245283006,early,0.4421416234887737,0.8998272884283247,15.694525946897878,-1.882469236466422,129,10+yr,unknown,4053
ECSC_4053_1_129M_4053_YR1,13,437,0.7547495682210709,0.6830188679245284,mid,0.4421416234887737,0.8998272884283247,2.454143757305105,-15.122851426059196,129,10+yr,unknown,4053
ECSC_4053_1_129M_4053_YR1,6,339,0.5854922279792746,0.31320754716981125,mid,0.4421416234887737,0.8998272884283247,3.0945783121106683,-14.482416871253632,129,10+yr,unknown,4053
ECSC_4053_1_129M_4053_YR1,10,395,0.6822107081174439,0.5245283018867924,mid,0.4421416234887737,0.8998272884283247,31.34859567591463,13.77160049255033,129,10+yr,unknown,4053
ECSC_4053_1_129M_4053_YR1,16,479,0.8272884283246977,0.8415094339622641,late,0.4421416234887737,0.8998272884283247,8.882573856717055,-8.694421326647245,129,10+yr,unknown,4053
ECSC_4053_1_129M_4053_YR1,19,521,0.8998272884283247,1.0,late,0.4421416234887737,0.8998272884283247,16.485889343570705,-1.0911058397935953,129,10+yr,unknown,4053
ECSC_4053_1_129M_4053_YR1,17,493,0.8514680483592401,0.8943396226415093,late,0.4421416234887737,0.8998272884283247,46.296946626123,28.719951442758703,129,10+yr,unknown,4053
ECSC_4054_1_96F_4054_YR1,1,267,0.5028248587570622,0.049773755656108705,early,0.4821092278719397,0.8983050847457628,12.029397072218709,6.1571307422607795,96,8-10yr,unknown,4054
ECSC_4054_1_96F_4054_YR1,4,302,0.568738229755179,0.20814479638009065,early,0.4821092278719397,0.8983050847457628,1.6764488725035849,-4.1958174574543445,96,8-10yr,unknown,4054
ECSC_4054_1_96F_4054_YR1,2,279,0.5254237288135594,0.10407239819004538,early,0.4821092278719397,0.8983050847457628,9.02219480760915,3.149928477651221,96,8-10yr,unknown,4054
ECSC_4054_1_96F_4054_YR1,13,407,0.7664783427495292,0.6832579185520361,mid,0.4821092278719397,0.8983050847457628,11.619456062819433,5.747189732861504,96,8-10yr,unknown,4054
ECSC_4054_1_96F_4054_YR1,6,325,0.6120527306967984,0.31221719457013564,mid,0.4821092278719397,0.8983050847457628,3.164003237551153,-2.708263092406776,96,8-10yr,unknown,4054
ECSC_4054_1_96F_4054_YR1,10,372,0.7005649717514124,0.5248868778280542,mid,0.4821092278719397,0.8983050847457628,1.2440916326775824,-4.628174697280347,96,8-10yr,unknown,4054
ECSC_4054_1_96F_4054_YR1,16,442,0.832391713747646,0.8416289592760181,late,0.4821092278719397,0.8983050847457628,1.7092865219736746,-4.162979807984255,96,8-10yr,unknown,4054
ECSC_4054_1_96F_4054_YR1,19,477,0.8983050847457628,1.0,late,0.4821092278719397,0.8983050847457628,11.35592279890388,5.48365646894595,96,8-10yr,unknown,4054
ECSC_4054_1_96F_4054_YR1,17,453,0.8531073446327684,0.8914027149321266,late,0.4821092278719397,0.8983050847457628,1.0295959633641978,-4.842670366593731,96,8-10yr,unknown,4054
ECSC_4055_1_68F_4055_YR1,1,259,0.7275280898876404,0.0499999999999998,early,0.7191011235955056,0.8876404494382022,6.890600544491836,1.9691024412696043,68,4-6yr,unknown,4055
ECSC_4055_1_68F_4055_YR1,4,268,0.7528089887640449,0.19999999999999987,early,0.7191011235955056,0.8876404494382022,3.1041198503100684,-1.817378252912163,68,4-6yr,unknown,4055
ECSC_4055_1_68F_4055_YR1,2,262,0.7359550561797753,0.10000000000000027,early,0.7191011235955056,0.8876404494382022,6.673319578433222,1.751821475210991,68,4-6yr,unknown,4055
ECSC_4055_1_68F_4055_YR1,13,297,0.8342696629213483,0.6833333333333335,mid,0.7191011235955056,0.8876404494382022,4.5438575410637245,-0.37764056215850683,68,4-6yr,unknown,4055
ECSC_4055_1_68F_4055_YR1,6,274,0.7696629213483146,0.30000000000000016,mid,0.7191011235955056,0.8876404494382022,1.8651650698505655,-3.056333033371666,68,4-6yr,unknown,4055
ECSC_4055_1_68F_4055_YR1,10,287,0.8061797752808989,0.516666666666667,mid,0.7191011235955056,0.8876404494382022,1.5886809624433835,-3.3328171407788476,68,4-6yr,unknown,4055
ECSC_4055_1_68F_4055_YR1,16,306,0.8595505617977528,0.8333333333333336,late,0.7191011235955056,0.8876404494382022,7.248649817647635,2.327151714425404,68,4-6yr,unknown,4055
ECSC_4055_1_68F_4055_YR1,19,316,0.8876404494382022,1.0,late,0.7191011235955056,0.8876404494382022,6.760754374732819,1.839256271510588,68,4-6yr,unknown,4055
ECSC_4055_1_68F_4055_YR1,17,309,0.8679775280898876,0.8833333333333333,late,0.7191011235955056,0.8876404494382022,5.61833519002683,0.6968370868045985,68,4-6yr,unknown,4055
ECSC_4056_1_96M_4056_YR1,1,262,0.6298076923076923,0.05084745762711847,early,0.6153846153846154,0.8990384615384616,-0.011533789651863,-8.120332704639443,96,8-10yr,unknown,4056
ECSC_4056_1_96M_4056_YR1,4,280,0.6730769230769231,0.20338983050847464,early,0.6153846153846154,0.8990384615384616,1.8268839036308488,-6.281915011356732,96,8-10yr,unknown,4056
ECSC_4056_1_96M_4056_YR1,2,268,0.6442307692307693,0.10169491525423732,early,0.6153846153846154,0.8990384615384616,0.542478924623155,-7.566319990364426,96,8-10yr,unknown,4056
ECSC_4056_1_96M_4056_YR1,13,336,0.8076923076923077,0.6779661016949152,mid,0.6153846153846154,0.8990384615384616,18.14259488763784,10.03379597265026,96,8-10yr,unknown,4056
ECSC_4056_1_96M_4056_YR1,6,293,0.7043269230769231,0.31355932203389836,mid,0.6153846153846154,0.8990384615384616,0.5829906094580046,-7.525808305529576,96,8-10yr,unknown,4056
ECSC_4056_1_96M_4056_YR1,10,318,0.7644230769230769,0.525423728813559,mid,0.6153846153846154,0.8990384615384616,8.897276972296218,0.7884780573086374,96,8-10yr,unknown,4056
ECSC_4056_1_96M_4056_YR1,16,355,0.8533653846153846,0.8389830508474574,late,0.6153846153846154,0.8990384615384616,14.684434451010803,6.575635536023222,96,8-10yr,unknown,4056
ECSC_4056_1_96M_4056_YR1,19,374,0.8990384615384616,1.0,late,0.6153846153846154,0.8990384615384616,7.3309898275574366,-0.7778090874301444,96,8-10yr,unknown,4056
ECSC_4056_1_96M_4056_YR1,17,361,0.8677884615384616,0.8898305084745762,late,0.6153846153846154,0.8990384615384616,20.98307444832579,12.87427553333821,96,8-10yr,unknown,4056
ECSC_4060_1_115F_4060_YR1,1,271,0.4399350649350649,0.050335570469798536,early,0.4155844155844156,0.8993506493506493,2.465402951760568,-1.1474340506579188,115,8-10yr,unknown,4060
ECSC_4060_1_115F_4060_YR1,4,318,0.5162337662337663,0.20805369127516782,early,0.4155844155844156,0.8993506493506493,3.215329914690699,-0.39750708772778776,115,8-10yr,unknown,4060
ECSC_4060_1_115F_4060_YR1,2,287,0.4659090909090909,0.10402684563758378,early,0.4155844155844156,0.8993506493506493,5.483498456442561,1.8706614540240745,115,8-10yr,unknown,4060
ECSC_4060_1_115F_4060_YR1,13,459,0.7451298701298701,0.681208053691275,mid,0.4155844155844156,0.8993506493506493,7.6017419025934,3.988904900174913,115,8-10yr,unknown,4060
ECSC_4060_1_115F_4060_YR1,6,350,0.5681818181818182,0.3154362416107383,mid,0.4155844155844156,0.8993506493506493,4.525497146157912,0.9126601437394255,115,8-10yr,unknown,4060
ECSC_4060_1_115F_4060_YR1,10,412,0.6688311688311688,0.523489932885906,mid,0.4155844155844156,0.8993506493506493,2.8563066658841887,-0.7565303365342979,115,8-10yr,unknown,4060
ECSC_4060_1_115F_4060_YR1,16,506,0.8214285714285714,0.8389261744966442,late,0.4155844155844156,0.8993506493506493,1.372377386126315,-2.2404596162921715,115,8-10yr,unknown,4060
ECSC_4060_1_115F_4060_YR1,19,554,0.8993506493506493,1.0,late,0.4155844155844156,0.8993506493506493,4.586140031607311,0.9733030291888243,115,8-10yr,unknown,4060
ECSC_4060_1_115F_4060_YR1,17,522,0.8474025974025974,0.8926174496644295,late,0.4155844155844156,0.8993506493506493,0.4092385665034292,-3.2035984359150573,115,8-10yr,unknown,4060
ECSC_4061_1_122M_4061_YR1,1,267,0.5,0.04910714285714285,early,0.4794007490636704,0.898876404494382,8.309529274720834,3.6556402390746374,122,10+yr,unknown,4061
ECSC_4061_1_122M_4061_YR1,4,303,0.5674157303370787,0.20982142857142871,early,0.4794007490636704,0.898876404494382,4.428305983819968,-0.22558305182622895,122,10+yr,unknown,4061
ECSC_4061_1_122M_4061_YR1,2,279,0.5224719101123596,0.10267857142857155,early,0.4794007490636704,0.898876404494382,1.6971916169543917,-2.956697418691805,122,10+yr,unknown,4061
ECSC_4061_1_122M_4061_YR1,13,409,0.7659176029962547,0.6830357142857143,mid,0.4794007490636704,0.898876404494382,3.6296058162856424,-1.0242832193605542,122,10+yr,unknown,4061
ECSC_4061_1_122M_4061_YR1,6,326,0.6104868913857678,0.3125000000000001,mid,0.4794007490636704,0.898876404494382,16.747166181744713,12.093277146098517,122,10+yr,unknown,4061
ECSC_4061_1_122M_4061_YR1,10,373,0.6985018726591761,0.5223214285714287,mid,0.4794007490636704,0.898876404494382,1.132745718493393,-3.521143317152804,122,10+yr,unknown,4061
ECSC_4061_1_122M_4061_YR1,16,444,0.8314606741573034,0.8392857142857144,late,0.4794007490636704,0.898876404494382,1.22538790347307,-3.4285011321731265,122,10+yr,unknown,4061
ECSC_4061_1_122M_4061_YR1,19,480,0.898876404494382,1.0,late,0.4794007490636704,0.898876404494382,2.043916827667749,-2.6099722079784478,122,10+yr,unknown,4061
ECSC_4061_1_122M_4061_YR1,17,456,0.8539325842696629,0.8928571428571429,late,0.4794007490636704,0.898876404494382,2.671151997656003,-1.9827370379901934,122,10+yr,unknown,4061
ECSC_4062_1_96F_4062_YR1,1,274,0.4011713030746706,0.05027932960893866,early,0.3748169838945827,0.8989751098096632,0.9634403362252232,-4.1882648389689505,96,8-10yr,unknown,4062
ECSC_4062_1_96F_4062_YR1,4,331,0.4846266471449487,0.2094972067039106,early,0.3748169838945827,0.8989751098096632,8.46919391214107,3.3174887369468973,96,8-10yr,unknown,4062
ECSC_4062_1_96F_4062_YR1,2,293,0.4289897510980966,0.10335195530726263,early,0.3748169838945827,0.8989751098096632,2.6873168526664513,-2.4643883225277223,96,8-10yr,unknown,4062
ECSC_4062_1_96F_4062_YR1,13,500,0.7320644216691069,0.681564245810056,mid,0.3748169838945827,0.8989751098096632,11.10721139440172,5.955506219207546,96,8-10yr,unknown,4062
ECSC_4062_1_96F_4062_YR1,6,369,0.5402635431918009,0.31564245810055885,mid,0.3748169838945827,0.8989751098096632,2.9297587478689895,-2.221946427325184,96,8-10yr,unknown,4062
ECSC_4062_1_96F_4062_YR1,10,444,0.6500732064421669,0.5251396648044694,mid,0.3748169838945827,0.8989751098096632,4.088032856496632,-1.0636723186975416,96,8-10yr,unknown,4062
ECSC_4062_1_96F_4062_YR1,16,557,0.8155197657393851,0.8407821229050282,late,0.3748169838945827,0.8989751098096632,3.5757951272418573,-1.5759100479523163,96,8-10yr,unknown,4062
ECSC_4062_1_96F_4062_YR1,19,614,0.8989751098096632,1.0,late,0.3748169838945827,0.8989751098096632,5.323134426940243,0.17142925174606916,96,8-10yr,unknown,4062
ECSC_4062_1_96F_4062_YR1,17,576,0.8433382137628112,0.8938547486033521,late,0.3748169838945827,0.8989751098096632,7.221462922765376,2.0697577475712023,96,8-10yr,unknown,4062
ECSC_4063_1_132F_4063_YR1,1,265,0.549792531120332,0.050847457627118765,early,0.5311203319502075,0.8983402489626556,1.5609181349524714,-0.41515010398382324,132,10+yr,unknown,4063
ECSC_4063_1_132F_4063_YR1,4,293,0.6078838174273858,0.20903954802259872,early,0.5311203319502075,0.8983402489626556,1.1098654477852588,-0.8662027911510359,132,10+yr,unknown,4063
ECSC_4063_1_132F_4063_YR1,2,274,0.5684647302904564,0.10169491525423723,early,0.5311203319502075,0.8983402489626556,1.8785831726904911,-0.09748506624580355,132,10+yr,unknown,4063
ECSC_4063_1_132F_4063_YR1,13,377,0.7821576763485477,0.6836158192090395,mid,0.5311203319502075,0.8983402489626556,1.7967835518750777,-0.17928468706121703,132,10+yr,unknown,4063
ECSC_4063_1_132F_4063_YR1,6,311,0.6452282157676349,0.31073446327683624,mid,0.5311203319502075,0.8983402489626556,1.9076620266418096,-0.06840621229448507,132,10+yr,unknown,4063
ECSC_4063_1_132F_4063_YR1,10,349,0.7240663900414938,0.5254237288135593,mid,0.5311203319502075,0.8983402489626556,3.9374974324311864,1.9614291934948918,132,10+yr,unknown,4063
ECSC_4063_1_132F_4063_YR1,16,405,0.8402489626556017,0.8418079096045198,late,0.5311203319502075,0.8983402489626556,2.1750426904155216,0.19897445147922688,132,10+yr,unknown,4063
ECSC_4063_1_132F_4063_YR1,19,433,0.8983402489626556,1.0,late,0.5311203319502075,0.8983402489626556,1.2664528283952723,-0.7096154105410224,132,10+yr,unknown,4063
ECSC_4063_1_132F_4063_YR1,17,414,0.8589211618257261,0.8926553672316382,late,0.5311203319502075,0.8983402489626556,2.1518088652395617,0.17574062630326703,132,10+yr,unknown,4063
ECSC_4064_1_138F_4064_YR1,1,266,0.5341365461847389,0.052083333333333405,early,0.5140562248995983,0.8995983935742972,2.981656644486578,-5.265803529850225,138,10+yr,unknown,4064
ECSC_4064_1_138F_4064_YR1,4,296,0.5943775100401606,0.20833333333333331,early,0.5140562248995983,0.8995983935742972,9.960221030676443,1.7127608563396404,138,10+yr,unknown,4064
ECSC_4064_1_138F_4064_YR1,2,276,0.5542168674698795,0.10416666666666681,early,0.5140562248995983,0.8995983935742972,6.921314201259608,-1.3261459730771952,138,10+yr,unknown,4064
ECSC_4064_1_138F_4064_YR1,13,387,0.7771084337349398,0.6822916666666667,mid,0.5140562248995983,0.8995983935742972,4.596280657609832,-3.6511795167269714,138,10+yr,unknown,4064
ECSC_4064_1_138F_4064_YR1,6,316,0.6345381526104418,0.3125000000000001,mid,0.5140562248995983,0.8995983935742972,10.547594665219384,2.3001344908825807,138,10+yr,unknown,4064
ECSC_4064_1_138F_4064_YR1,10,357,0.7168674698795181,0.5260416666666669,mid,0.5140562248995983,0.8995983935742972,11.796380660805143,3.54892048646834,138,10+yr,unknown,4064
ECSC_4064_1_138F_4064_YR1,16,417,0.8373493975903614,0.8385416666666666,late,0.5140562248995983,0.8995983935742972,6.205889855965522,-2.0415703183712814,138,10+yr,unknown,4064
ECSC_4064_1_138F_4064_YR1,19,448,0.8995983935742972,1.0,late,0.5140562248995983,0.8995983935742972,9.249555491082228,1.0020953167454252,138,10+yr,unknown,4064
ECSC_4064_1_138F_4064_YR1,17,427,0.857429718875502,0.8906250000000001,late,0.5140562248995983,0.8995983935742972,11.968248361926502,3.720788187589699,138,10+yr,unknown,4064
ECSC_4065_1_125F_4065_YR1,1,261,0.6590909090909091,0.04999999999999967,early,0.6464646464646465,0.898989898989899,0.1657710930901714,-1.692561511018288,125,10+yr,unknown,4065
ECSC_4065_1_125F_4065_YR1,4,277,0.6994949494949495,0.20999999999999985,early,0.6464646464646465,0.898989898989899,0.5790140002053414,-1.279318603903118,125,10+yr,unknown,4065
ECSC_4065_1_125F_4065_YR1,2,266,0.6717171717171717,0.09999999999999978,early,0.6464646464646465,0.898989898989899,0.2244560486763527,-1.6338765554321066,125,10+yr,unknown,4065
ECSC_4065_1_125F_4065_YR1,13,324,0.8181818181818182,0.68,mid,0.6464646464646465,0.898989898989899,1.2380205312050734,-0.620312072903386,125,10+yr,unknown,4065
ECSC_4065_1_125F_4065_YR1,6,287,0.7247474747474747,0.3099999999999996,mid,0.6464646464646465,0.898989898989899,1.6824244319978536,-0.17590817211060572,125,10+yr,unknown,4065
ECSC_4065_1_125F_4065_YR1,10,308,0.7777777777777778,0.5199999999999999,mid,0.6464646464646465,0.898989898989899,2.7430401479856803,0.884707543877221,125,10+yr,unknown,4065
ECSC_4065_1_125F_4065_YR1,16,340,0.8585858585858586,0.8399999999999999,late,0.6464646464646465,0.898989898989899,2.2778539003253933,0.4195212962169339,125,10+yr,unknown,4065
ECSC_4065_1_125F_4065_YR1,19,356,0.898989898989899,1.0,late,0.6464646464646465,0.898989898989899,3.5859595106019064,1.727626906493447,125,10+yr,unknown,4065
ECSC_4065_1_125F_4065_YR1,17,345,0.8712121212121212,0.8899999999999999,late,0.6464646464646465,0.898989898989899,4.228453772888362,2.370121168779903,125,10+yr,unknown,4065
ECSC_4066_1_78F_4066_YR1,1,264,0.5764192139737991,0.0512820512820514,early,0.5589519650655022,0.8995633187772926,11.333064684292696,7.7163531849229035,78,6-8yr,unknown,4066
ECSC_4066_1_78F_4066_YR1,4,288,0.62882096069869,0.20512820512820526,early,0.5589519650655022,0.8995633187772926,0.7547106048224128,-2.8620008945473794,78,6-8yr,unknown,4066
ECSC_4066_1_78F_4066_YR1,2,272,0.5938864628820961,0.1025641025641028,early,0.5589519650655022,0.8995633187772926,4.419741476398853,0.8030299770290608,78,6-8yr,unknown,4066
ECSC_4066_1_78F_4066_YR1,13,362,0.7903930131004366,0.6794871794871794,mid,0.5589519650655022,0.8995633187772926,3.386445475906947,-0.2302660234628453,78,6-8yr,unknown,4066
ECSC_4066_1_78F_4066_YR1,6,305,0.665938864628821,0.3141025641025643,mid,0.5589519650655022,0.8995633187772926,4.086255515284215,0.46954401591442263,78,6-8yr,unknown,4066
ECSC_4066_1_78F_4066_YR1,10,338,0.7379912663755459,0.5256410256410259,mid,0.5589519650655022,0.8995633187772926,0.8837142428174758,-2.7329972565523164,78,6-8yr,unknown,4066
ECSC_4066_1_78F_4066_YR1,16,387,0.8449781659388647,0.8397435897435899,late,0.5589519650655022,0.8995633187772926,2.3948922884737893,-1.2218192108960029,78,6-8yr,unknown,4066
ECSC_4066_1_78F_4066_YR1,19,412,0.8995633187772926,1.0,late,0.5589519650655022,0.8995633187772926,2.5340885982710404,-1.0826229010987518,78,6-8yr,unknown,4066
ECSC_4066_1_78F_4066_YR1,17,395,0.8624454148471615,0.891025641025641,late,0.5589519650655022,0.8995633187772926,2.757490608060703,-0.8592208913090893,78,6-8yr,unknown,4066
ECSC_4067_1_128F_4067_YR1,1,260,0.6878306878306878,0.04878048780487804,early,0.6772486772486772,0.8941798941798942,6.823697418299529,-6.533673153161482,128,10+yr,unknown,4067
ECSC_4067_1_128F_4067_YR1,4,273,0.7222222222222222,0.20731707317073178,early,0.6772486772486772,0.8941798941798942,10.114616605448386,-3.242753966012625,128,10+yr,unknown,4067
ECSC_4067_1_128F_4067_YR1,2,264,0.6984126984126984,0.09756097560975607,early,0.6772486772486772,0.8941798941798942,7.53222729539276,-5.8251432760682516,128,10+yr,unknown,4067
ECSC_4067_1_128F_4067_YR1,13,312,0.8253968253968254,0.6829268292682925,mid,0.6772486772486772,0.8941798941798942,19.10417650161888,5.746805930157869,128,10+yr,unknown,4067
ECSC_4067_1_128F_4067_YR1,6,281,0.7433862433862434,0.30487804878048785,mid,0.6772486772486772,0.8941798941798942,9.614696854579638,-3.7426737168813737,128,10+yr,unknown,4067
ECSC_4067_1_128F_4067_YR1,10,299,0.791005291005291,0.5243902439024393,mid,0.6772486772486772,0.8941798941798942,38.216689874855746,24.859319303394734,128,10+yr,unknown,4067
ECSC_4067_1_128F_4067_YR1,16,325,0.8597883597883598,0.8414634146341462,late,0.6772486772486772,0.8941798941798942,13.288829182553034,-0.06854138890797756,128,10+yr,unknown,4067
ECSC_4067_1_128F_4067_YR1,19,338,0.8941798941798942,1.0,late,0.6772486772486772,0.8941798941798942,1.5024090497665883,-11.854961521694424,128,10+yr,unknown,4067
ECSC_4067_1_128F_4067_YR1,17,329,0.8703703703703703,0.8902439024390243,late,0.6772486772486772,0.8941798941798942,14.018992360634536,0.661621789173525,128,10+yr,unknown,4067
ECSC_4070_1_91M_4070_YR1,1,261,0.6641221374045801,0.05154639175257712,early,0.6513994910941476,0.8982188295165394,24.492519893519905,15.599694575098122,91,6-8yr,unknown,4070
ECSC_4070_1_91M_4070_YR1,4,276,0.7022900763358778,0.20618556701030893,early,0.6513994910941476,0.8982188295165394,6.275405904237697,-2.617419414184086,91,6-8yr,unknown,4070
ECSC_4070_1_91M_4070_YR1,2,266,0.6768447837150128,0.10309278350515469,early,0.6513994910941476,0.8982188295165394,12.37750702619729,3.484681707775506,91,6-8yr,unknown,4070
ECSC_4070_1_91M_4070_YR1,13,322,0.8193384223918575,0.6804123711340206,mid,0.6513994910941476,0.8982188295165394,6.378452180340107,-2.5143731380816767,91,6-8yr,unknown,4070
ECSC_4070_1_91M_4070_YR1,6,286,0.727735368956743,0.3092783505154636,mid,0.6513994910941476,0.8982188295165394,14.541207232070455,5.648381913648672,91,6-8yr,unknown,4070
ECSC_4070_1_91M_4070_YR1,10,307,0.7811704834605598,0.5257731958762888,mid,0.6513994910941476,0.8982188295165394,5.414577956702978,-3.4782473617188057,91,6-8yr,unknown,4070
ECSC_4070_1_91M_4070_YR1,16,337,0.8575063613231552,0.8350515463917524,late,0.6513994910941476,0.8982188295165394,3.0853280414765383,-5.807497276945245,91,6-8yr,unknown,4070
ECSC_4070_1_91M_4070_YR1,19,353,0.8982188295165394,1.0,late,0.6513994910941476,0.8982188295165394,2.2228394312241875,-6.669985887197596,91,6-8yr,unknown,4070
ECSC_4070_1_91M_4070_YR1,17,342,0.8702290076335878,0.88659793814433,late,0.6513994910941476,0.8982188295165394,5.24759020002689,-3.6452351183948934,91,6-8yr,unknown,4070
ECSC_4072_1_135F_4072_YR1,1,265,0.5386178861788617,0.04838709677419331,early,0.5203252032520326,0.8983739837398373,35.85722339609832,16.97213474665273,135,10+yr,unknown,4072
ECSC_4072_1_135F_4072_YR1,4,295,0.5995934959349594,0.20967741935483866,early,0.5203252032520326,0.8983739837398373,11.179600009606537,-7.705488639839052,135,10+yr,unknown,4072
ECSC_4072_1_135F_4072_YR1,2,275,0.5589430894308943,0.10215053763440853,early,0.5203252032520326,0.8983739837398373,14.69162846851791,-4.193460180927678,135,10+yr,unknown,4072
ECSC_4072_1_135F_4072_YR1,13,383,0.7784552845528455,0.6827956989247312,mid,0.5203252032520326,0.8983739837398373,19.105409049013986,0.2203203995683971,135,10+yr,unknown,4072
ECSC_4072_1_135F_4072_YR1,6,314,0.6382113821138211,0.3118279569892472,mid,0.5203252032520326,0.8983739837398373,9.332931867491244,-9.552156781954345,135,10+yr,unknown,4072
ECSC_4072_1_135F_4072_YR1,10,353,0.717479674796748,0.5215053763440861,mid,0.5203252032520326,0.8983739837398373,11.657948944023422,-7.227139705422166,135,10+yr,unknown,4072
ECSC_4072_1_135F_4072_YR1,16,412,0.8373983739837398,0.838709677419355,late,0.5203252032520326,0.8983739837398373,33.53091464382172,14.645825994376128,135,10+yr,unknown,4072
ECSC_4072_1_135F_4072_YR1,19,442,0.8983739837398373,1.0,late,0.5203252032520326,0.8983739837398373,14.125534181807094,-4.759554467638495,135,10+yr,unknown,4072
ECSC_4072_1_135F_4072_YR1,17,422,0.8577235772357723,0.8924731182795699,late,0.5203252032520326,0.8983739837398373,20.484607284630048,1.5995186351844595,135,10+yr,unknown,4072
ECSC_4073_1_129F_4073_YR1,1,266,0.5352112676056338,0.05235602094240815,early,0.5150905432595574,0.8993963782696177,7.143933247031332,0.6160444995113785,129,10+yr,unknown,4073
ECSC_4073_1_129F_4073_YR1,4,296,0.5955734406438632,0.20942408376963345,early,0.5150905432595574,0.8993963782696177,7.17209626531028,0.6442075177903268,129,10+yr,unknown,4073
ECSC_4073_1_129F_4073_YR1,2,276,0.5553319919517102,0.10471204188481659,early,0.5150905432595574,0.8993963782696177,10.901104157042711,4.373215409522758,129,10+yr,unknown,4073
ECSC_4073_1_129F_4073_YR1,13,386,0.7766599597585513,0.6806282722513088,mid,0.5150905432595574,0.8993963782696177,9.375947974346898,2.848059226826945,129,10+yr,unknown,4073
ECSC_4073_1_129F_4073_YR1,6,316,0.635814889336016,0.31413612565445004,mid,0.5150905432595574,0.8993963782696177,1.739069164854092,-4.7888195826658615,129,10+yr,unknown,4073
ECSC_4073_1_129F_4073_YR1,10,356,0.716297786720322,0.5235602094240838,mid,0.5150905432595574,0.8993963782696177,2.767694710859253,-3.7601940366607005,129,10+yr,unknown,4073
ECSC_4073_1_129F_4073_YR1,16,416,0.8370221327967807,0.8376963350785341,late,0.5150905432595574,0.8993963782696177,1.1778793207440978,-5.350009426775856,129,10+yr,unknown,4073
ECSC_4073_1_129F_4073_YR1,19,447,0.8993963782696177,1.0,late,0.5150905432595574,0.8993963782696177,16.46621827782531,9.938329530305356,129,10+yr,unknown,4073
ECSC_4073_1_129F_4073_YR1,17,426,0.8571428571428571,0.8900523560209422,late,0.5150905432595574,0.8993963782696177,2.0070556096656063,-4.520833137854347,129,10+yr,unknown,4073
ECSC_4074_1_98F_4074_YR1,1,258,0.7350427350427351,0.03636363636363648,early,0.7293447293447294,0.886039886039886,2.137475174079374,0.48472968680228323,98,8-10yr,unknown,4074
ECSC_4074_1_98F_4074_YR1,4,267,0.7606837606837606,0.19999999999999957,early,0.7293447293447294,0.886039886039886,2.9390798856177014,1.2863343983406108,98,8-10yr,unknown,4074
ECSC_4074_1_98F_4074_YR1,2,261,0.7435897435897436,0.09090909090909084,early,0.7293447293447294,0.886039886039886,2.7551833322794663,1.1024378450023757,98,8-10yr,unknown,4074
ECSC_4074_1_98F_4074_YR1,13,293,0.8347578347578347,0.6727272727272724,mid,0.7293447293447294,0.886039886039886,0.9318955679831182,-0.7208499192939724,98,8-10yr,unknown,4074
ECSC_4074_1_98F_4074_YR1,6,273,0.7777777777777778,0.309090909090909,mid,0.7293447293447294,0.886039886039886,2.6039756438007693,0.9512301565236787,98,8-10yr,unknown,4074
ECSC_4074_1_98F_4074_YR1,10,284,0.8091168091168092,0.5090909090909093,mid,0.7293447293447294,0.886039886039886,2.424125244216446,0.7713797569393552,98,8-10yr,unknown,4074
ECSC_4074_1_98F_4074_YR1,16,302,0.8603988603988604,0.8363636363636362,late,0.7293447293447294,0.886039886039886,0.5816239607983169,-1.0711215264787737,98,8-10yr,unknown,4074
ECSC_4074_1_98F_4074_YR1,19,311,0.886039886039886,1.0,late,0.7293447293447294,0.886039886039886,0.3944132025341798,-1.2583322847429108,98,8-10yr,unknown,4074
ECSC_4074_1_98F_4074_YR1,17,305,0.8689458689458689,0.8909090909090905,late,0.7293447293447294,0.886039886039886,0.1069373741844437,-1.5458081130926469,98,8-10yr,unknown,4074
ECSC_4075_1_114M_4075_YR1,1,260,0.6770833333333334,0.04545454545454576,early,0.6666666666666666,0.8958333333333334,2.2496089839517985,-5.149896334373701,114,8-10yr,unknown,4075
ECSC_4075_1_114M_4075_YR1,4,274,0.7135416666666666,0.20454545454545447,early,0.6666666666666666,0.8958333333333334,4.507893564994609,-2.891611753330891,114,8-10yr,unknown,4075
ECSC_4075_1_114M_4075_YR1,2,265,0.6901041666666666,0.10227272727272724,early,0.6666666666666666,0.8958333333333334,0.3978181396656808,-7.001687178659819,114,8-10yr,unknown,4075
ECSC_4075_1_114M_4075_YR1,13,316,0.8229166666666666,0.6818181818181815,mid,0.6666666666666666,0.8958333333333334,8.989870969852943,1.590365651527443,114,8-10yr,unknown,4075
ECSC_4075_1_114M_4075_YR1,6,283,0.7369791666666666,0.3068181818181817,mid,0.6666666666666666,0.8958333333333334,10.720940655149722,3.321435336824222,114,8-10yr,unknown,4075
ECSC_4075_1_114M_4075_YR1,10,302,0.7864583333333334,0.5227272727272729,mid,0.6666666666666666,0.8958333333333334,17.916221472309132,10.516716153983634,114,8-10yr,unknown,4075
ECSC_4075_1_114M_4075_YR1,16,330,0.859375,0.8409090909090908,late,0.6666666666666666,0.8958333333333334,8.72395346058831,1.3244481422628107,114,8-10yr,unknown,4075
ECSC_4075_1_114M_4075_YR1,19,344,0.8958333333333334,1.0,late,0.6666666666666666,0.8958333333333334,5.295808368921232,-2.1036969494042674,114,8-10yr,unknown,4075
ECSC_4075_1_114M_4075_YR1,17,334,0.8697916666666666,0.8863636363636361,late,0.6666666666666666,0.8958333333333334,7.793432249496078,0.3939269311705784,114,8-10yr,unknown,4075
ECSC_4076_1_66F_4076_YR1,1,257,0.7764350453172205,0.02857142857142833,early,0.7734138972809668,0.879154078549849,22.27536559356616,5.670388034182423,66,4-6yr,unknown,4076
ECSC_4076_1_66F_4076_YR1,4,263,0.7945619335347432,0.20000000000000043,early,0.7734138972809668,0.879154078549849,23.835488081781023,7.230510522397285,66,4-6yr,unknown,4076
ECSC_4076_1_66F_4076_YR1,2,259,0.7824773413897281,0.08571428571428605,early,0.7734138972809668,0.879154078549849,21.728477968061025,5.1235004086772875,66,4-6yr,unknown,4076
ECSC_4076_1_66F_4076_YR1,13,279,0.8429003021148036,0.6571428571428569,mid,0.7734138972809668,0.879154078549849,7.758728342546968,-8.84624921683677,66,4-6yr,unknown,4076
ECSC_4076_1_66F_4076_YR1,6,267,0.8066465256797583,0.3142857142857137,mid,0.7734138972809668,0.879154078549849,32.95211750205361,16.347139942669873,66,4-6yr,unknown,4076
ECSC_4076_1_66F_4076_YR1,10,274,0.8277945619335347,0.5142857142857141,mid,0.7734138972809668,0.879154078549849,21.58516076612507,4.980183206741334,66,4-6yr,unknown,4076
ECSC_4076_1_66F_4076_YR1,16,285,0.8610271903323263,0.828571428571429,late,0.7734138972809668,0.879154078549849,8.912007465774487,-7.692970093609251,66,4-6yr,unknown,4076
ECSC_4076_1_66F_4076_YR1,19,291,0.879154078549849,1.0,late,0.7734138972809668,0.879154078549849,3.0002610917232353,-13.604716467660502,66,4-6yr,unknown,4076
ECSC_4076_1_66F_4076_YR1,17,287,0.8670694864048338,0.8857142857142857,late,0.7734138972809668,0.879154078549849,7.397191222822069,-9.207786336561668,66,4-6yr,unknown,4076
ECSC_4077_1_123F_4077_YR1,1,256,0.8178913738019169,0.0,early,0.8178913738019169,0.8722044728434505,6.671479167464554,-0.18726888397139607,123,10+yr,unknown,4077
ECSC_4077_1_123F_4077_YR1,4,259,0.8274760383386581,0.17647058823529424,early,0.8178913738019169,0.8722044728434505,8.258357602198897,1.3996095507629471,123,10+yr,unknown,4077
ECSC_4077_1_123F_4077_YR1,2,257,0.8210862619808307,0.05882352941176543,early,0.8178913738019169,0.8722044728434505,7.491372714174686,0.6326246627387357,123,10+yr,unknown,4077
ECSC_4077_1_123F_4077_YR1,13,267,0.853035143769968,0.6470588235294116,mid,0.8178913738019169,0.8722044728434505,6.52185975480335,-0.33688829663260034,123,10+yr,unknown,4077
ECSC_4077_1_123F_4077_YR1,6,261,0.8338658146964856,0.29411764705882304,mid,0.8178913738019169,0.8722044728434505,7.316111240892724,0.4573631894567738,123,10+yr,unknown,4077
ECSC_4077_1_123F_4077_YR1,10,264,0.8434504792332268,0.4705882352941173,mid,0.8178913738019169,0.8722044728434505,6.884115838223602,0.025367786787652058,123,10+yr,unknown,4077
ECSC_4077_1_123F_4077_YR1,16,270,0.8626198083067093,0.8235294117647057,late,0.8178913738019169,0.8722044728434505,6.9579932304817955,0.09924517904584551,123,10+yr,unknown,4077
ECSC_4077_1_123F_4077_YR1,19,273,0.8722044728434505,1.0,late,0.8178913738019169,0.8722044728434505,4.908963852447227,-1.9497841989887226,123,10+yr,unknown,4077
ECSC_4077_1_123F_4077_YR1,17,271,0.865814696485623,0.8823529411764712,late,0.8178913738019169,0.8722044728434505,6.718479062236717,-0.14026898919923259,123,10+yr,unknown,4077
ECSC_4078_1_136F_4078_YR1,1,258,0.7633136094674556,0.04761904761904787,early,0.757396449704142,0.8816568047337278,3.3886416375685817,1.7796524737408312,136,10+yr,unknown,4078
ECSC_4078_1_136F_4078_YR1,4,264,0.7810650887573964,0.1904761904761906,early,0.757396449704142,0.8816568047337278,1.934068831242328,0.3250796674145775,136,10+yr,unknown,4078
ECSC_4078_1_136F_4078_YR1,2,260,0.7692307692307693,0.09523809523809575,early,0.757396449704142,0.8816568047337278,2.762818182636324,1.1538290188085736,136,10+yr,unknown,4078
ECSC_4078_1_136F_4078_YR1,13,284,0.8402366863905325,0.6666666666666666,mid,0.757396449704142,0.8816568047337278,2.511997859129952,0.9030086953022016,136,10+yr,unknown,4078
ECSC_4078_1_136F_4078_YR1,6,269,0.7958579881656804,0.3095238095238094,mid,0.757396449704142,0.8816568047337278,1.359417610873802,-0.2495715529539484,136,10+yr,unknown,4078
ECSC_4078_1_136F_4078_YR1,10,278,0.8224852071005917,0.523809523809524,mid,0.757396449704142,0.8816568047337278,0.5560332508850809,-1.0529559129426695,136,10+yr,unknown,4078
ECSC_4078_1_136F_4078_YR1,16,291,0.8609467455621301,0.8333333333333334,late,0.757396449704142,0.8816568047337278,0.8694445348546651,-0.7395446289730854,136,10+yr,unknown,4078
ECSC_4078_1_136F_4078_YR1,19,298,0.8816568047337278,1.0,late,0.757396449704142,0.8816568047337278,0.3989008687695623,-1.2100882950581882,136,10+yr,unknown,4078
ECSC_4078_1_136F_4078_YR1,17,293,0.8668639053254438,0.8809523809523812,late,0.757396449704142,0.8816568047337278,0.6995796984894582,-0.9094094653382923,136,10+yr,unknown,4078
ECSC_4079_1_104F_4079_YR1,1,258,0.7588235294117647,0.045454545454545296,early,0.7529411764705882,0.8823529411764706,12.516557541180152,4.044864839860956,104,8-10yr,unknown,4079
ECSC_4079_1_104F_4079_YR1,4,265,0.7794117647058824,0.2045454545454547,early,0.7529411764705882,0.8823529411764706,10.349712523377566,1.87801982205837,104,8-10yr,unknown,4079
ECSC_4079_1_104F_4079_YR1,2,260,0.7647058823529411,0.09090909090909059,early,0.7529411764705882,0.8823529411764706,11.958373561692316,3.48668086037312,104,8-10yr,unknown,4079
ECSC_4079_1_104F_4079_YR1,13,286,0.8411764705882353,0.6818181818181821,mid,0.7529411764705882,0.8823529411764706,5.362905365374468,-3.1087873359447276,104,8-10yr,unknown,4079
ECSC_4079_1_104F_4079_YR1,6,269,0.7911764705882353,0.2954545454545453,mid,0.7529411764705882,0.8823529411764706,11.558526936212427,3.0868342348932316,104,8-10yr,unknown,4079
ECSC_4079_1_104F_4079_YR1,10,279,0.8205882352941176,0.5227272727272726,mid,0.7529411764705882,0.8823529411764706,5.72836939755928,-2.743323303759915,104,8-10yr,unknown,4079
ECSC_4079_1_104F_4079_YR1,16,293,0.861764705882353,0.8409090909090915,late,0.7529411764705882,0.8823529411764706,5.917571051882948,-2.5541216494362473,104,8-10yr,unknown,4079
ECSC_4079_1_104F_4079_YR1,19,300,0.8823529411764706,1.0,late,0.7529411764705882,0.8823529411764706,4.588530323580409,-3.8831623777387865,104,8-10yr,unknown,4079
ECSC_4079_1_104F_4079_YR1,17,295,0.8676470588235294,0.8863636363636368,late,0.7529411764705882,0.8823529411764706,8.264687611013196,-0.20700509030599967,104,8-10yr,unknown,4079
ECSC_4084_1_71F_4084_YR1,1,268,0.4917431192660551,0.051282051282051405,early,0.4697247706422018,0.8990825688073395,1.4018307464472626,-6.8416078837517125,71,4-6yr,unknown,4084
ECSC_4084_1_71F_4084_YR1,4,305,0.5596330275229358,0.20940170940170938,early,0.4697247706422018,0.8990825688073395,6.253335885523245,-1.9901027446757302,71,4-6yr,unknown,4084
ECSC_4084_1_71F_4084_YR1,2,280,0.5137614678899083,0.10256410256410269,early,0.4697247706422018,0.8990825688073395,2.1951021824269965,-6.0483364477719785,71,4-6yr,unknown,4084
ECSC_4084_1_71F_4084_YR1,13,416,0.763302752293578,0.6837606837606838,mid,0.4697247706422018,0.8990825688073395,9.68768401784168,1.4442453876427042,71,4-6yr,unknown,4084
ECSC_4084_1_71F_4084_YR1,6,329,0.6036697247706422,0.3119658119658119,mid,0.4697247706422018,0.8990825688073395,4.469064602414481,-3.7743740277844937,71,4-6yr,unknown,4084
ECSC_4084_1_71F_4084_YR1,10,379,0.6954128440366972,0.5256410256410255,mid,0.4697247706422018,0.8990825688073395,2.099460327375324,-6.143978302823651,71,4-6yr,unknown,4084
ECSC_4084_1_71F_4084_YR1,16,453,0.8311926605504587,0.8418803418803418,late,0.4697247706422018,0.8990825688073395,27.78992918403472,19.546490553835746,71,4-6yr,unknown,4084
ECSC_4084_1_71F_4084_YR1,19,490,0.8990825688073395,1.0,late,0.4697247706422018,0.8990825688073395,3.532956687718088,-4.710481942480888,71,4-6yr,unknown,4084
ECSC_4084_1_71F_4084_YR1,17,465,0.8532110091743119,0.8931623931623931,late,0.4697247706422018,0.8990825688073395,16.761584038008994,8.51814540781002,71,4-6yr,unknown,4084
ECSC_4087_1_132M_4087_YR1,1,260,0.6753246753246753,0.04494382022471912,early,0.6649350649350649,0.8961038961038961,3.315325179989653,-3.382606977691765,132,10+yr,unknown,4087
ECSC_4087_1_132M_4087_YR1,4,274,0.7116883116883117,0.20224719101123606,early,0.6649350649350649,0.8961038961038961,8.958218915540385,2.2602867578589674,132,10+yr,unknown,4087
ECSC_4087_1_132M_4087_YR1,2,265,0.6883116883116883,0.10112359550561803,early,0.6649350649350649,0.8961038961038961,5.423085697951109,-1.274846459730309,132,10+yr,unknown,4087
ECSC_4087_1_132M_4087_YR1,13,316,0.8207792207792208,0.6741573033707868,mid,0.6649350649350649,0.8961038961038961,4.327082324836484,-2.370849832844934,132,10+yr,unknown,4087
ECSC_4087_1_132M_4087_YR1,6,284,0.7376623376623377,0.31460674157303387,mid,0.6649350649350649,0.8961038961038961,10.904088231533006,4.206156073851588,132,10+yr,unknown,4087
ECSC_4087_1_132M_4087_YR1,10,302,0.7844155844155845,0.5168539325842699,mid,0.6649350649350649,0.8961038961038961,9.491120859154268,2.7931887014728503,132,10+yr,unknown,4087
ECSC_4087_1_132M_4087_YR1,16,330,0.8571428571428571,0.8314606741573033,late,0.6649350649350649,0.8961038961038961,6.583404068183784,-0.11452808949763416,132,10+yr,unknown,4087
ECSC_4087_1_132M_4087_YR1,19,345,0.8961038961038961,1.0,late,0.6649350649350649,0.8961038961038961,5.933505555751919,-0.7644266019294985,132,10+yr,unknown,4087
ECSC_4087_1_132M_4087_YR1,17,335,0.8701298701298701,0.8876404494382022,late,0.6649350649350649,0.8961038961038961,5.345558586192153,-1.3523735714892648,132,10+yr,unknown,4087
ECSC_4088_1_138F_4088_YR1,1,259,0.7337110481586402,0.05263157894736799,early,0.7252124645892352,0.886685552407932,2.5181528492753635,-2.5495433233673666,138,10+yr,unknown,4088
ECSC_4088_1_138F_4088_YR1,4,268,0.7592067988668555,0.2105263157894733,early,0.7252124645892352,0.886685552407932,2.187220463256276,-2.880475709386454,138,10+yr,unknown,4088
ECSC_4088_1_138F_4088_YR1,2,262,0.7422096317280453,0.10526315789473666,early,0.7252124645892352,0.886685552407932,1.768026544218678,-3.299669628424052,138,10+yr,unknown,4088
ECSC_4088_1_138F_4088_YR1,13,295,0.8356940509915014,0.6842105263157894,mid,0.7252124645892352,0.886685552407932,9.868377491978949,4.800681319336219,138,10+yr,unknown,4088
ECSC_4088_1_138F_4088_YR1,6,274,0.7762039660056658,0.3157894736842107,mid,0.7252124645892352,0.886685552407932,2.01866700788538,-3.04902916475735,138,10+yr,unknown,4088
ECSC_4088_1_138F_4088_YR1,10,286,0.8101983002832861,0.526315789473684,mid,0.7252124645892352,0.886685552407932,5.411355642313012,0.34365946967028194,138,10+yr,unknown,4088
ECSC_4088_1_138F_4088_YR1,16,304,0.8611898016997167,0.8421052631578947,late,0.7252124645892352,0.886685552407932,6.959119814145447,1.8914236415027172,138,10+yr,unknown,4088
ECSC_4088_1_138F_4088_YR1,19,313,0.886685552407932,1.0,late,0.7252124645892352,0.886685552407932,5.980407287290894,0.9127111146481637,138,10+yr,unknown,4088
ECSC_4088_1_138F_4088_YR1,17,307,0.8696883852691218,0.8947368421052634,late,0.7252124645892352,0.886685552407932,8.897938453420576,3.8302422807778456,138,10+yr,unknown,4088
