k,context,entropy,class_mass,condition
1,to,11.301959037780762,0.04688399058068171,anne_frank
2,like to,10.026898384094238,0.25787223324005026,anne_frank
3,them like to,8.829641342163086,0.35319461044855416,anne_frank
4,of them like to,8.633108139038086,0.38513287794194184,anne_frank
6,reasons none of them like to,5.751875400543213,0.2557382950326428,anne_frank
8,of the reasons none of them like to,6.445307731628418,0.37384698236564873,anne_frank
1,To,10.95307731628418,0.0984644319396466,anne_frank
1,to,11.301959037780762,0.04688399058068171,anne_frank
2,allowed to,8.874320983886719,0.3262006512086373,anne_frank
3,not allowed to,8.32333755493164,0.3540046744674328,anne_frank
4,we not allowed to,8.445576667785645,0.42691145939170383,anne_frank
6,only were we not allowed to,8.552324295043945,0.3956617822695989,anne_frank
1,to,11.301959037780762,0.04688399058068171,anne_frank
2,left to,2.615504264831543,0.0059148639666091185,anne_frank
3,transportation left to,9.305171966552734,0.09562476209248416,anne_frank
4,of transportation left to,8.745342254638672,0.1330922997003654,anne_frank
6,only mode of transportation left to,8.541488647460938,0.061191004220745526,anne_frank
1,to,11.301959037780762,0.04688399058068171,anne_frank
2,not to,6.496555805206299,0.2864716785843484,anne_frank
3,learned not to,8.697261810302734,0.3741839007125236,anne_frank
4,she’s learned not to,8.995626449584961,0.29262430741800927,anne_frank
6,At least she’s learned not to,8.439875602722168,0.30976791052671615,anne_frank
1,to,11.301959037780762,0.04688399058068171,anne_frank
2,had to,8.512750625610352,0.43977180296496954,anne_frank
3,airmen had to,8.687779426574707,0.33516412591416156,anne_frank
4,Allied airmen had to,8.321884155273438,0.30549056844756706,anne_frank
6,couple of Allied airmen had to,7.538258075714111,0.405743123148568,anne_frank
8,"Unfortunately, a couple of Allied airmen had to",7.340748310089111,0.43670629685220774,anne_frank
1,to,11.301959037780762,0.04688399058068171,anne_frank
2,rights to,10.557485580444336,0.13575327720900532,anne_frank
3,your rights to,9.225885391235352,0.19178827797441045,anne_frank
4,about your rights to,9.432133674621582,0.19658851763233542,anne_frank
6,business talking about your rights to,8.898137092590332,0.19055078603560105,anne_frank
8,have no business talking about your rights to,8.64416217803955,0.16899493133678334,anne_frank
1,to,11.301959037780762,0.04688399058068171,anne_frank
2,me to,10.712076187133789,0.22268274791713338,anne_frank
3,allows me to,8.954705238342285,0.3599438104138244,anne_frank
4,writing allows me to,8.880064964294434,0.3534503036062233,anne_frank
6,"much, because writing allows me to",8.462577819824219,0.40819447302783374,anne_frank
8,"so very much, because writing allows me to",8.003684997558594,0.4696577117720153,anne_frank
1,to,11.301959037780762,0.04688399058068171,anne_frank
2,much to,8.158526420593262,0.2360898369224742,anne_frank
3,so much to,8.253514289855957,0.2732541279983707,anne_frank
4,still so much to,6.448596954345703,0.4619849997761776,anne_frank
6,"Oh, there’s still so much to",4.428464889526367,0.747021241287257,anne_frank
1,to,11.301959037780762,0.04688399058068171,anne_frank
2,friendship to,9.732248306274414,0.07627512255567126,anne_frank
3,his friendship to,10.551413536071777,0.029950309559353627,anne_frank
4,and his friendship to,10.601297378540039,0.021027776325354353,anne_frank
6,given himself and his friendship to,9.940518379211426,0.05803708851453848,anne_frank
8,life he’s given himself and his friendship to,9.226472854614258,0.0987202539545251,anne_frank
1,to,11.301959037780762,0.04688399058068171,anne_frank
2,nothing to,5.548675537109375,0.6524689146244782,anne_frank
3,has nothing to,2.5181021690368652,0.7657780927911517,anne_frank
4,who has nothing to,3.055898427963257,0.681214672572878,anne_frank
6,"superficial girl, who has nothing to",2.2524514198303223,0.8185426399631979,anne_frank
8,"amusing, but superficial girl, who has nothing to",3.4150948524475098,0.6797664223331594,anne_frank
1,to,11.301959037780762,0.04688399058068171,anne_frank
2,which to,8.966447830200195,0.26350320758501766,anne_frank
3,"juice, which to",6.637848377227783,0.09382648070459254,anne_frank
4,"grape juice, which to",6.096767902374268,0.1088194691001263,anne_frank
6,"bottle of grape juice, which to",6.8431572914123535,0.08742918926873244,anne_frank
8,"game, a bottle of grape juice, which to",7.199779033660889,0.10034281891421415,anne_frank
1,to,11.301959037780762,0.04688399058068171,anne_frank
2,right to,10.561253547668457,0.19204748774063773,anne_frank
3,no right to,9.6398286819458,0.2431303299672436,anne_frank
4,had no right to,8.916367530822754,0.2814947871811455,anne_frank
1,to,11.301959037780762,0.04688399058068171,anne_frank
2,how to,9.038185119628906,0.3491102361076628,anne_frank
3,know how to,8.534133911132812,0.4046421805105638,anne_frank
4,really know how to,8.062538146972656,0.43073760719562415,anne_frank
6,We don’t really know how to,7.918396472930908,0.3277720907353796,anne_frank
8,"Dearest Kitty, We don’t really know how to",7.737093448638916,0.29052547022365616,anne_frank
1,to,11.301959037780762,0.04688399058068171,anne_frank
2,best to,8.552901268005371,0.4517399009127985,anne_frank
3,my best to,8.843088150024414,0.3750390431887354,anne_frank
4,do my best to,8.12735652923584,0.4556700162793277,anne_frank
1,to,11.301959037780762,0.04688399058068171,anne_frank
2,bathroom to,9.415082931518555,0.20882358080416452,anne_frank
3,office bathroom to,9.305093765258789,0.2693975891743321,anne_frank
4,the office bathroom to,8.865513801574707,0.2736706611831323,anne_frank
6,drains from the office bathroom to,8.284513473510742,0.17357457911566598,anne_frank
8,pipes and drains from the office bathroom to,6.681468963623047,0.12128473410848528,anne_frank
1,to,11.301959037780762,0.04688399058068171,anne_frank
2,coming to,10.378174781799316,0.11142528653726913,anne_frank
3,Mother coming to,8.13439655303955,0.10912131299846806,anne_frank
4,be Mother coming to,8.256088256835938,0.08502976653107908,anne_frank
6,it would be Mother coming to,7.869283199310303,0.1351224404934328,anne_frank
8,I hoped it would be Mother coming to,7.349381923675537,0.17899198013765272,anne_frank
1,to,11.301959037780762,0.04688399058068171,anne_frank
2,goes to,9.984999656677246,0.16774321290722582,anne_frank
3,she goes to,7.746618270874023,0.10929132048477186,anne_frank
4,vacation she goes to,8.269851684570312,0.12991576268541394,anne_frank
6,her first vacation she goes to,9.063735008239746,0.08142643584869802,anne_frank
1,to,11.301959037780762,0.04688399058068171,anne_frank
2,up to,10.544133186340332,0.17302356475556735,anne_frank
3,come up to,9.128948211669922,0.054461256513604894,anne_frank
4,that come up to,8.423129081726074,0.0370536257250933,anne_frank
1,to,11.301959037780762,0.04688399058068171,anne_frank
2,time to,10.19554615020752,0.23096383784286445,anne_frank
3,"here, time to",8.688115119934082,0.3642554231482791,anne_frank
4,"Hello’s here, time to",8.149542808532715,0.4133699129379238,anne_frank
6,"doorbell’s ringing, Hello’s here, time to",7.339540004730225,0.4879558548927889,anne_frank
1,to,11.301959037780762,0.04688399058068171,anne_frank
2,want to,8.155804634094238,0.5162967173164361,anne_frank
3,I’d want to,7.8021039962768555,0.47334779446100583,anne_frank
1,to,11.301959037780762,0.04688399058068171,anne_frank
2,wanted to,8.028780937194824,0.5145796222495846,anne_frank
3,Daan wanted to,8.652992248535156,0.39577218385238666,anne_frank
4,van Daan wanted to,8.360069274902344,0.4521418683943921,anne_frank
1,to,11.301959037780762,0.04688399058068171,anne_frank
2,beginning to,10.271039962768555,0.2157920650788583,anne_frank
3,is beginning to,9.020684242248535,0.29538248614699114,anne_frank
4,Dussel is beginning to,8.609253883361816,0.32161257829284295,anne_frank
1,to,11.301959037780762,0.04688399058068171,anne_frank
2,used to,10.338134765625,0.2319347711309092,anne_frank
3,that used to,2.9487338066101074,0.8239482409371703,anne_frank
4,slippers that used to,6.667287349700928,0.53566235506878,anne_frank
6,pipe and slippers that used to,5.3947906494140625,0.6172589524940122,anne_frank
8,the proverbial pipe and slippers that used to,6.1564483642578125,0.50627570659708,anne_frank
1,to,11.301959037780762,0.04688399058068171,anne_frank
2,Margot to,11.52071475982666,0.10447703250974882,anne_frank
3,exclaimed Margot to,10.360368728637695,0.2027305457741022,anne_frank
4,door!” exclaimed Margot to,4.02468204498291,0.01757876076226239,anne_frank
6,open the door!” exclaimed Margot to,4.195156097412109,0.01739786341568106,anne_frank
1,to,11.301959037780762,0.04688399058068171,anne_frank
2,had to,8.512750625610352,0.43977180296496954,anne_frank
3,first had to,8.298151016235352,0.40792747389059514,anne_frank
4,They first had to,8.443737030029297,0.3563661796360975,anne_frank
1,to,11.301959037780762,0.04688399058068171,anne_frank
2,Daan to,11.062164306640625,0.09768218714452814,anne_frank
3,van Daan to,10.519024848937988,0.1869040671881521,anne_frank
4,Mr. van Daan to,9.701130867004395,0.1874432180338772,anne_frank
6,should ask Mr. van Daan to,8.397859573364258,0.34252002256107517,anne_frank
8,Maybe I should ask Mr. van Daan to,8.045276641845703,0.44201525551761733,anne_frank
1,to,11.301959037780762,0.04688399058068171,anne_frank
2,around to,10.29824447631836,0.19688889420649502,anne_frank
3,goes around to,8.783614158630371,0.23321506778302137,anne_frank
4,he goes around to,8.755830764770508,0.12752778050344205,anne_frank
6,"his bath, he goes around to",6.359114170074463,0.07481648973407573,anne_frank
8,"time for his bath, he goes around to",6.170342922210693,0.07144485628668917,anne_frank
1,to,11.301959037780762,0.04688399058068171,anne_frank
2,ready to,9.277817726135254,0.3579114387393929,anne_frank
3,you’re ready to,7.941987037658691,0.4485922340682009,anne_frank
4,When you’re ready to,8.475382804870605,0.38443560850282665,anne_frank
1,to,11.301959037780762,0.04688399058068171,anne_frank
2,impossible to,8.96065902709961,0.3138283916778164,anne_frank
3,be impossible to,9.056198120117188,0.27490129484795034,anne_frank
4,“It’ll be impossible to,8.802300453186035,0.3285257406096207,anne_frank
6,of responses: “It’ll be impossible to,8.741923332214355,0.29590586687845644,anne_frank
8,a variety of responses: “It’ll be impossible to,8.864110946655273,0.26908627689408604,anne_frank
1,to,11.301959037780762,0.04688399058068171,anne_frank
2,upon to,10.026498794555664,0.2450432100740727,anne_frank
3,called upon to,9.452802658081055,0.2334113326505758,anne_frank
4,felt called upon to,8.759041786193848,0.28137038880959153,anne_frank
1,to,11.301959037780762,0.04688399058068171,anne_frank
2,seem to,10.580755233764648,0.1929991133220028,anne_frank
3,I seem to,4.960592746734619,0.5069086890252947,anne_frank
1,to,11.301959037780762,0.04688399058068171,anne_frank
2,"realizes, to",8.236659049987793,0.1835517892977805,anne_frank
3,"he realizes, to",6.536766529083252,0.16837224051414523,anne_frank
4,"than he realizes, to",8.03884220123291,0.3293271874281345,anne_frank
6,"Peter, more than he realizes, to",9.246590614318848,0.2922642780758906,anne_frank
8,"I forced Peter, more than he realizes, to",8.531842231750488,0.38483446488680784,anne_frank
1,to,11.301959037780762,0.04688399058068171,anne_frank
2,"thing, to",9.385229110717773,0.2990928190993145,anne_frank
3,"such thing, to",8.55096435546875,0.3811262389353942,anne_frank
4,"some such thing, to",8.373411178588867,0.32047629430599045,anne_frank
6,"copper or some such thing, to",9.121891975402832,0.3296821720578009,anne_frank
8,"tin or copper or some such thing, to",8.44651985168457,0.3439904196857242,anne_frank
1,to,11.301959037780762,0.04688399058068171,anne_frank
2,himself to,9.225866317749023,0.30580201365228277,anne_frank
3,rousing himself to,9.345147132873535,0.16557784545148024,anne_frank
4,only rousing himself to,9.227326393127441,0.16884351246699225,anne_frank
6,"all day, only rousing himself to",9.568120002746582,0.20361809863243252,anne_frank
8,"his bed all day, only rousing himself to",9.107365608215332,0.2597002034453908,anne_frank
1,to,11.301959037780762,0.04688399058068171,anne_frank
2,intending to,10.000856399536133,0.2250940710946452,anne_frank
3,clearly intending to,9.381062507629395,0.2462329635891365,anne_frank
4,They’re clearly intending to,8.977302551269531,0.3106153173139319,anne_frank
1,to,11.301959037780762,0.04688399058068171,anne_frank
2,down to,10.555130004882812,0.12175257984927157,anne_frank
3,boiled down to,8.749861717224121,0.06565857493842486,anne_frank
4,all boiled down to,8.886896133422852,0.01369172479462577,anne_frank
1,to,11.301959037780762,0.04688399058068171,anne_frank
2,came to,9.452531814575195,0.08254929742543027,anne_frank
3,he came to,8.602665901184082,0.17307045941561228,anne_frank
4,twelve-thirty he came to,7.564724922180176,0.15551204571238486,anne_frank
1,to,11.301959037780762,0.04688399058068171,anne_frank
2,known to,9.603123664855957,0.2621870874427259,anne_frank
3,are known to,8.007770538330078,0.43061533935542684,anne_frank
4,"accusers, are known to",8.025714874267578,0.41944360652996693,anne_frank
6,"two chief accusers, are known to",6.192142486572266,0.5737465739293839,anne_frank
8,"Dussel, my two chief accusers, are known to",5.152979850769043,0.590645218060672,anne_frank
1,to,11.301959037780762,0.04688399058068171,anne_frank
2,days to,9.973812103271484,0.216104198640096,anne_frank
3,five days to,9.253582954406738,0.25979816445033066,anne_frank
4,me five days to,9.308688163757324,0.27938218790950486,anne_frank
6,It took me five days to,6.681680679321289,0.4962965652739513,anne_frank
1,to,11.301959037780762,0.04688399058068171,anne_frank
2,sent to,9.175325393676758,0.031117446240386926,anne_frank
3,been sent to,9.482909202575684,0.04511667443148326,anne_frank
4,had been sent to,8.707118034362793,0.04246415365196299,anne_frank
6,boxes that had been sent to,9.19272232055664,0.022863288009830285,anne_frank
8,the cardboard boxes that had been sent to,7.536865234375,0.017277343133173417,anne_frank
1,to,11.301959037780762,0.04688399058068171,anne_frank
2,Much to,7.719000816345215,0.2329340420474182,anne_frank
1,to,11.301959037780762,0.04688399058068171,anne_frank
2,it to,10.504074096679688,0.21328070812887745,anne_frank
3,used it to,9.409590721130371,0.19953093631193042,anne_frank
4,has used it to,9.89765453338623,0.17084244373836555,anne_frank
6,Mr. Kleiman has used it to,9.380553245544434,0.16098614937800448,anne_frank
8,"cereal, and Mr. Kleiman has used it to",9.61629867553711,0.19153858708159532,anne_frank
1,to,11.301959037780762,0.04688399058068171,anne_frank
2,have to,7.693484306335449,0.5125033228687244,anne_frank
3,also have to,8.327411651611328,0.39064978186797816,anne_frank
4,you also have to,8.327841758728027,0.3661372151400428,anne_frank
6,but when you also have to,8.563743591308594,0.3229650431749178,anne_frank
8,"two feet, but when you also have to",8.65130615234375,0.3146531596139539,anne_frank
1,to,11.301959037780762,0.04688399058068171,anne_frank
2,has to,7.4968180656433105,0.5374660627567209,anne_frank
3,who has to,7.98249626159668,0.44454887641768437,anne_frank
4,one who has to,8.211899757385254,0.4004583793503116,anne_frank
6,always the one who has to,8.291461944580078,0.3715496986551443,anne_frank
1,to,11.301959037780762,0.04688399058068171,anne_frank
2,seven-fifteen to,8.979201316833496,0.1950095118736499,anne_frank
3,From seven-fifteen to,5.47248649597168,0.013617455846542725,anne_frank
1,to,11.301959037780762,0.04688399058068171,anne_frank
2,Thanks to,10.013405799865723,0.0015686923143221065,anne_frank
1,to,11.301959037780762,0.04688399058068171,anne_frank
2,tears to,8.678953170776367,0.03893319195776712,anne_frank
3,my tears to,8.44461727142334,0.17285362489928957,anne_frank
4,used my tears to,8.721857070922852,0.14574349783651996,anne_frank
1,to,11.301959037780762,0.04688399058068171,anne_frank
2,managed to,9.499306678771973,0.28647393570281565,anne_frank
3,have managed to,8.895101547241211,0.27266043922281824,anne_frank
4,who have managed to,8.67831802368164,0.2676445550023345,anne_frank
6,"own helpers, who have managed to",9.072359085083008,0.26822530933714006,anne_frank
8,"is our own helpers, who have managed to",8.908556938171387,0.321325077668007,anne_frank
1,to,11.301959037780762,0.04688399058068171,anne_frank
2,have to,7.693484306335449,0.5125033228687244,anne_frank
3,I have to,6.381120681762695,0.3076875127517269,anne_frank
4,things I have to,5.231108665466309,0.4858019842504291,anne_frank
6,amount of things I have to,5.647562503814697,0.5931310321902856,anne_frank
8,the sheer amount of things I have to,5.911484241485596,0.5595022733577935,anne_frank
1,to,11.301959037780762,0.04688399058068171,anne_frank
2,transport to,9.949503898620605,0.048340273642679676,anne_frank
3,last transport to,9.332244873046875,0.043687553676136304,anne_frank
4,the last transport to,9.070024490356445,0.12392476734385127,anne_frank
6,"1944, in the last transport to",9.250445365905762,0.022920039620657917,anne_frank
8,"September 3, 1944, in the last transport to",8.223963737487793,0.01928642054554075,anne_frank
1,to,11.301959037780762,0.04688399058068171,anne_frank
2,own to,10.504117965698242,0.2006701037316816,anne_frank
3,my own to,9.699753761291504,0.30586844866047613,anne_frank
4,on my own to,9.407833099365234,0.33410969605029095,anne_frank
6,left me on my own to,8.941473960876465,0.3764001273739268,anne_frank
1,to,11.301959037780762,0.04688399058068171,anne_frank
2,thought to,9.553155899047852,0.27864806035358924,anne_frank
3,moment’s thought to,7.904252529144287,0.28490095574670704,anne_frank
4,a moment’s thought to,7.167048931121826,0.43983090934489155,anne_frank
6,without giving a moment’s thought to,8.686359405517578,0.1061921591317514,anne_frank
8,"so well, without giving a moment’s thought to",6.76875114440918,0.016937232176132966,anne_frank
1,to,11.301959037780762,0.04688399058068171,anne_frank
2,had to,8.512750625610352,0.43977180296496954,anne_frank
3,He had to,8.06846809387207,0.46739840986265335,anne_frank
1,to,11.301959037780762,0.04688399058068171,anne_frank
2,himself to,9.225866317749023,0.30580201365228277,anne_frank
3,only himself to,9.628473281860352,0.26554105363902636,anne_frank
4,has only himself to,4.300353527069092,0.1189400898074382,anne_frank
6,but he has only himself to,0.19517508149147034,0.0012710601226331164,anne_frank
8,"him out, but he has only himself to",0.4602054953575134,0.00538567848218463,anne_frank
1,to,11.301959037780762,0.04688399058068171,anne_frank
2,way to,10.539684295654297,0.1489747761952458,anne_frank
3,quickest way to,8.716374397277832,0.34412730690382887,anne_frank
4,the quickest way to,8.099366188049316,0.40754583595116856,anne_frank
6,Perhaps that’s the quickest way to,8.158355712890625,0.35232014958455693,anne_frank
1,to,11.301959037780762,0.04688399058068171,anne_frank
2,began to,9.51965618133545,0.3071557691437192,anne_frank
3,both began to,9.693864822387695,0.23200203364831395,anne_frank
4,we both began to,8.495196342468262,0.33147062044008635,anne_frank
6,"a while, we both began to",8.082266807556152,0.34993558513815515,anne_frank
8,"talking for a while, we both began to",7.472634792327881,0.40156219436903484,anne_frank
1,to,11.301959037780762,0.04688399058068171,anne_frank
2,long to,10.912612915039062,0.1760051165765617,anne_frank
3,I long to,7.276696681976318,0.595075442455709,anne_frank
4,"Oh, I long to",6.748117923736572,0.624975844664732,anne_frank
1,to,11.301959037780762,0.04688399058068171,anne_frank
2,room to,9.86595344543457,0.21800390069256537,anne_frank
3,from room to,2.0213334560394287,0.009042701774887973,anne_frank
4,wander from room to,0.17452047765254974,0.0003189566969012958,anne_frank
1,to,11.301959037780762,0.04688399058068171,anne_frank
2,want to,8.155804634094238,0.5162967173164361,anne_frank
3,always want to,8.259161949157715,0.48576485460216645,anne_frank
4,don’t always want to,7.354615211486816,0.5872459559177514,anne_frank
6,that I don’t always want to,6.7122931480407715,0.6033723881373589,anne_frank
8,"Dussel, and that I don’t always want to",7.089534282684326,0.5853876303990546,anne_frank
1,to,11.301959037780762,0.04688399058068171,anne_frank
2,given to,10.087715148925781,0.0429084498755401,anne_frank
3,was given to,8.431597709655762,0.011106124409707263,anne_frank
4,edition was given to,9.22478199005127,0.006920181447640061,anne_frank
6,the expanded edition was given to,8.987314224243164,0.004389646514027845,anne_frank
8,of compthng the expanded edition was given to,7.986119270324707,0.009606116567738354,anne_frank
1,to,11.301959037780762,0.04688399058068171,anne_frank
2,back to,10.462959289550781,0.07999820234545041,anne_frank
3,it’s back to,9.307992935180664,0.02578547918528784,anne_frank
4,then it’s back to,8.425028800964355,0.019736961534363218,anne_frank
6,"carrots, and then it’s back to",8.508325576782227,0.013453347484755795,anne_frank
8,"or rotten carrots, and then it’s back to",7.3573994636535645,0.017135466405306943,anne_frank
1,to,11.301959037780762,0.04688399058068171,anne_frank
2,thoughts to,9.755093574523926,0.050043995812302455,anne_frank
3,my thoughts to,8.558889389038086,0.12386721748771379,anne_frank
4,keep my thoughts to,8.019128799438477,0.0761062898018281,anne_frank
6,"golden, and keep my thoughts to",2.3589940071105957,0.0026196876760877785,anne_frank
8,"isn’t so golden, and keep my thoughts to",4.230959415435791,0.008987393419374712,anne_frank
1,to,11.301959037780762,0.04688399058068171,anne_frank
2,And to,7.686210632324219,0.39290973141032737,anne_frank
1,to,11.301959037780762,0.04688399058068171,anne_frank
2,listening to,9.086814880371094,0.008260985865490511,anne_frank
3,been listening to,7.704152584075928,0.0013918144577473868,anne_frank
4,she’d been listening to,7.1557297706604,0.0013213215497671627,anne_frank
6,from where she’d been listening to,7.868788242340088,0.002648415116709657,anne_frank
8,came up from where she’d been listening to,8.06397819519043,0.002460136507579591,anne_frank
1,to,11.301959037780762,0.04688399058068171,anne_frank
2,room to,9.86595344543457,0.21800390069256537,anne_frank
3,one room to,9.473861694335938,0.2632808692724211,anne_frank
4,from one room to,1.6167365312576294,0.00643368599094174,anne_frank
6,I walk from one room to,1.127988576889038,0.0005283635632054029,anne_frank
1,to,11.301959037780762,0.04688399058068171,anne_frank
2,going to,9.507628440856934,0.2945362215905334,anne_frank
3,He’s going to,7.701834201812744,0.5535280988078739,anne_frank
1,to,11.301959037780762,0.04688399058068171,anne_frank
2,him to,10.547734260559082,0.19302775885444134,anne_frank
3,with him to,9.37338638305664,0.3107016487047076,anne_frank
4,went with him to,8.808460235595703,0.06810232678253669,anne_frank
6,"Hollander Frank, went with him to",9.439417839050293,0.05397831407026388,anne_frank
8,"mother, Edith Hollander Frank, went with him to",9.173829078674316,0.07082117716345238,anne_frank
1,to,11.301959037780762,0.04688399058068171,anne_frank
2,gone to,10.023353576660156,0.22786951559828594,anne_frank
3,I’ve gone to,8.485294342041016,0.07118149093003012,anne_frank
4,that... I’ve gone to,8.28225326538086,0.06362944834836526,anne_frank
6,I imagine that... I’ve gone to,7.717122554779053,0.07268680724519072,anne_frank
8,"7, 1942 I imagine that... I’ve gone to",8.390122413635254,0.07394994291098556,anne_frank
1,to,11.301959037780762,0.04688399058068171,anne_frank
2,hiding to,10.040522575378418,0.14400485351507086,anne_frank
3,in hiding to,8.605033874511719,0.2291450077900663,anne_frank
4,people in hiding to,7.904723167419434,0.2548672105476726,anne_frank
6,the many people in hiding to,8.165233612060547,0.30220194430148695,anne_frank
8,order for the many people in hiding to,8.188660621643066,0.425374165570247,anne_frank
1,to,11.301959037780762,0.04688399058068171,anne_frank
2,wanted to,8.028780937194824,0.5145796222495846,anne_frank
3,too wanted to,8.006949424743652,0.5147197326950845,anne_frank
4,she too wanted to,8.008957862854004,0.4823240891419118,anne_frank
6,"so, and she too wanted to",7.6732988357543945,0.5241223769553471,anne_frank
8,"even more so, and she too wanted to",7.701815605163574,0.5170716361899395,anne_frank
1,to,11.301959037780762,0.04688399058068171,anne_frank
2,Kugler to,11.351513862609863,0.1296282958937809,anne_frank
3,Mr. Kugler to,9.7250394821167,0.1709561969182687,anne_frank
4,asked Mr. Kugler to,8.61987590789795,0.33242254302604124,anne_frank
6,office and asked Mr. Kugler to,8.483640670776367,0.2938464583348832,anne_frank
8,phoned the office and asked Mr. Kugler to,7.818653106689453,0.3422375463596836,anne_frank
1,to,11.301959037780762,0.04688399058068171,anne_frank
2,going to,9.507628440856934,0.2945362215905334,anne_frank
3,was going to,7.571882247924805,0.5429671626043273,anne_frank
4,I was going to,7.7975053787231445,0.4959250000611064,anne_frank
6,really thought I was going to,7.249214172363281,0.5036233831560821,anne_frank
8,night I really thought I was going to,6.237552165985107,0.5095975733202067,anne_frank
1,to,11.301959037780762,0.04688399058068171,anne_frank
2,have to,7.693484306335449,0.5125033228687244,anne_frank
3,didn’t have to,7.434127330780029,0.4493132583302213,anne_frank
4,she didn’t have to,7.571540832519531,0.3539979080669582,anne_frank
6,was glad she didn’t have to,7.414007663726807,0.3898071097355569,anne_frank
8,and she was glad she didn’t have to,7.125865459442139,0.3220948571251938,anne_frank
1,to,11.301959037780762,0.04688399058068171,anne_frank
2,just to,8.734832763671875,0.3803545073751593,anne_frank
3,"German, just to",6.8978376388549805,0.43265329274800024,anne_frank
4,"in German, just to",6.938806056976318,0.49619886060099816,anne_frank
6,"few prayers in German, just to",6.943607330322266,0.5817778116033878,anne_frank
8,"read a few prayers in German, just to",6.131817817687988,0.6858918164180068,anne_frank
1,to,11.301959037780762,0.04688399058068171,anne_frank
2,burglars to,10.660955429077148,0.1729601991828531,anne_frank
3,of burglars to,9.612272262573242,0.23076930823299335,anne_frank
4,couple of burglars to,9.47059154510498,0.21563569002319127,anne_frank
6,like a couple of burglars to,8.843791007995605,0.27839689822576474,anne_frank
8,our ears like a couple of burglars to,9.081111907958984,0.20236905034107622,anne_frank
1,to,11.301959037780762,0.04688399058068171,anne_frank
2,happened to,8.404107093811035,0.0761277694691671,anne_frank
3,I happened to,6.0052876472473145,0.6248224112496246,anne_frank
4,"sleep, I happened to",6.274126052856445,0.5721446537863812,anne_frank
6,"rumpled with sleep, I happened to",6.633654594421387,0.4524046612204984,anne_frank
8,"My face rumpled with sleep, I happened to",6.5879058837890625,0.40102986118290573,anne_frank
1,to,11.301959037780762,0.04688399058068171,anne_frank
2,had to,8.512750625610352,0.43977180296496954,anne_frank
3,I had to,8.281661033630371,0.45266900457500014,anne_frank
4,"cough, I had to",8.456079483032227,0.40055700397351757,anne_frank
6,"With every cough, I had to",8.811751365661621,0.31413066143431934,anne_frank
1,to,11.301959037780762,0.04688399058068171,anne_frank
2,cling to,10.345378875732422,0.09598460579582024,anne_frank
3,I cling to,6.750308513641357,0.001094399020075798,anne_frank
4,Yet I cling to,6.194077014923096,0.0008669096787343733,anne_frank
1,to,11.301959037780762,0.04688399058068171,anne_frank
2,going to,9.507628440856934,0.2945362215905334,anne_frank
3,anyone going to,9.38236141204834,0.3068765168864047,anne_frank
4,Was anyone going to,7.965983867645264,0.46229637673241086,anne_frank
1,to,11.301959037780762,0.04688399058068171,anne_frank
2,over to,10.404661178588867,0.07677896233508363,anne_frank
3,went over to,8.71906852722168,0.10862547833676217,anne_frank
4,I went over to,7.916490077972412,0.09206711278966395,anne_frank
6,"window, so I went over to",7.219803810119629,0.07054435901955003,anne_frank
8,"the open window, so I went over to",5.847260475158691,0.07008249010323198,anne_frank
1,to.,10.139155387878418,0.006551786558702588,anne_frank
2,want to.,7.545893669128418,0.030445522206719033,anne_frank
3,they want to.,6.66314697265625,0.014523403500788845,anne_frank
4,when they want to.,6.86016321182251,0.015129642495594453,anne_frank
6,charming exterior when they want to.,6.914427280426025,0.01240733110535075,anne_frank
8,on a charming exterior when they want to.,7.239753246307373,0.012436782042641426,anne_frank
1,to,11.301959037780762,0.04688399058068171,anne_frank
2,have to,7.693484306335449,0.5125033228687244,anne_frank
3,I’ll have to,7.91861629486084,0.4478808884305181,anne_frank
1,to,11.301959037780762,0.04688399058068171,anne_frank
2,went to,9.33336353302002,0.12462018644873751,anne_frank
3,I went to,7.981722831726074,0.1223936543246964,anne_frank
4,since I went to,8.168766975402832,0.10827752821933245,anne_frank
6,"until five, since I went to",7.757449626922607,0.10818561926862458,anne_frank
8,"arrive home until five, since I went to",7.86191463470459,0.15070696063776268,anne_frank
1,to,11.301959037780762,0.04688399058068171,anne_frank
2,going to,9.507628440856934,0.2945362215905334,anne_frank
3,was going to,7.571882247924805,0.5429671626043273,anne_frank
4,house was going to,7.520897388458252,0.5437637544091558,anne_frank
6,afraid the house was going to,5.460752964019775,0.4260426947312226,anne_frank
8,He was afraid the house was going to,4.5186967849731445,0.4111152073737685,anne_frank
1,to,11.301959037780762,0.04688399058068171,anne_frank
2,sits to,10.425636291503906,0.19695165088342037,anne_frank
3,Dussel sits to,8.24140739440918,0.1132588628315716,anne_frank
1,to,11.301959037780762,0.04688399058068171,anne_frank
2,scared to,7.802493572235107,0.37484035941088223,anne_frank
3,too scared to,7.308591842651367,0.47005140215333086,anne_frank
4,was too scared to,7.260171890258789,0.47570873782387935,anne_frank
6,van D. was too scared to,7.400939464569092,0.4639537815164658,anne_frank
1,to,11.301959037780762,0.04688399058068171,anne_frank
2,funny to,8.78342056274414,0.27773177398194093,anne_frank
3,so funny to,5.7822089195251465,0.5332625889150222,anne_frank
4,It’s so funny to,4.754795074462891,0.5477671162680053,anne_frank
1,to,11.301959037780762,0.04688399058068171,anne_frank
2,supposed to,6.350018501281738,0.6036846622591838,anne_frank
3,were supposed to,5.688387393951416,0.6791950807964895,anne_frank
4,they were supposed to,5.941787242889404,0.6442424401757307,anne_frank
6,that’s what they were supposed to,3.4689598083496094,0.8182217366720579,anne_frank
8,At least that’s what they were supposed to,4.559113502502441,0.6101886971591739,anne_frank
1,to,11.301959037780762,0.04688399058068171,anne_frank
2,have to,7.693484306335449,0.5125033228687244,anne_frank
3,I have to,6.381120681762695,0.3076875127517269,anne_frank
1,to,11.301959037780762,0.04688399058068171,anne_frank
2,turned to,9.322861671447754,0.329500868669129,anne_frank
3,somehow turned to,10.98624038696289,0.038074009091360494,anne_frank
4,conversation somehow turned to,10.572473526000977,0.004443355486728251,anne_frank
6,"potatoes, the conversation somehow turned to",9.827849388122559,0.0033239327822229825,anne_frank
8,"were peeling potatoes, the conversation somehow turned to",9.808042526245117,0.00308643258176744,anne_frank
1,to,11.301959037780762,0.04688399058068171,anne_frank
2,time to,10.19554615020752,0.23096383784286445,anne_frank
3,From time to,0.006620163097977638,2.5042817640930082e-05,anne_frank
1,to,11.301959037780762,0.04688399058068171,anne_frank
2,due to,8.614338874816895,0.0018315495108254254,anne_frank
3,was due to,8.650689125061035,0.23528782251378288,anne_frank
4,reply was due to,8.642619132995605,0.25508093800453935,anne_frank
6,of his reply was due to,7.851390361785889,0.060336690745316446,anne_frank
8,how much of his reply was due to,8.728385925292969,0.0048629341763444245,anne_frank
1,to,11.301959037780762,0.04688399058068171,anne_frank
2,them to,10.432343482971191,0.23580608826887328,anne_frank
3,allows them to,9.523921966552734,0.28925033277482726,anne_frank
4,it allows them to,9.467496871948242,0.27052030857885256,anne_frank
6,"British, and it allows them to",8.859932899475098,0.34322252798301633,anne_frank
8,"and the British, and it allows them to",8.96729850769043,0.3329835266631562,anne_frank
1,to,11.301959037780762,0.04688399058068171,anne_frank
2,lose to,10.853007316589355,0.08227458166948054,anne_frank
3,quickly lose to,9.896004676818848,0.0015375641305581667,anne_frank
4,they quickly lose to,9.717910766601562,0.0011754247316275723,anne_frank
6,"collar, and they quickly lose to",9.135770797729492,0.0012069783915649168,anne_frank
8,"under the collar, and they quickly lose to",8.217342376708984,0.0017406049228156917,anne_frank
1,to,11.301959037780762,0.04688399058068171,anne_frank
2,Margot to,11.52071475982666,0.10447703250974882,anne_frank
3,forbidden Margot to,10.095171928405762,0.25697282679902855,anne_frank
4,We’ve forbidden Margot to,8.54712963104248,0.3337203171904548,anne_frank
1,to,11.301959037780762,0.04688399058068171,anne_frank
2,volunteer to,9.090461730957031,0.2535896306071663,anne_frank
3,should volunteer to,7.6566243171691895,0.39422766688949196,anne_frank
4,I should volunteer to,7.247763156890869,0.5332220204654732,anne_frank
6,"a headache, I should volunteer to",7.207200050354004,0.5447844803020416,anne_frank
8,"or has a headache, I should volunteer to",6.715924263000488,0.5996872294817877,anne_frank
1,to,11.301959037780762,0.04688399058068171,anne_frank
2,back to,10.462959289550781,0.07999820234545041,anne_frank
3,get back to,8.87904167175293,0.03591661970131099,anne_frank
4,me get back to,7.935914993286133,0.10064697355846874,anne_frank
6,and let me get back to,5.315765380859375,0.016322157458489528,anne_frank
8,"a ninny, and let me get back to",5.700002193450928,0.0181456954596797,anne_frank
1,to,11.301959037780762,0.04688399058068171,anne_frank
2,“Better to,8.155153274536133,0.46796110343711916,anne_frank
3,and “Better to,8.401397705078125,0.45760207785497187,anne_frank
4,fall” and “Better to,8.730265617370605,0.41043516782519873,anne_frank
6,“Let them fall” and “Better to,7.6470627784729,0.36969325356039917,anne_frank
8,always said “Let them fall” and “Better to,7.9651336669921875,0.38720250864571426,anne_frank
1,to,11.301959037780762,0.04688399058068171,anne_frank
2,not to,6.496555805206299,0.2864716785843484,anne_frank
3,hard not to,8.27334976196289,0.357127315197431,anne_frank
4,terribly hard not to,7.7586669921875,0.395095882100577,anne_frank
6,it’s so terribly hard not to,7.841292381286621,0.3340150558069581,anne_frank
1,to,11.301959037780762,0.04688399058068171,anne_frank
2,turned to,9.322861671447754,0.329500868669129,anne_frank
3,she turned to,6.9909186363220215,0.10485295423131902,anne_frank
4,"directly, she turned to",7.503267288208008,0.06780262178654084,anne_frank
6,"addressing me directly, she turned to",4.624980926513672,0.04498521411369438,anne_frank
8,"instead of addressing me directly, she turned to",4.963855266571045,0.02884671452193288,anne_frank
1,to,11.301959037780762,0.04688399058068171,anne_frank
2,stretch to,10.233768463134766,0.16511027442174964,anne_frank
3,a stretch to,9.469910621643066,0.17649451537727145,anne_frank
4,at a stretch to,9.20654582977295,0.3115606432038476,anne_frank
6,from one at a stretch to,6.7391886711120605,0.1285692201781785,anne_frank
8,Bad weather from one at a stretch to,1.6849238872528076,0.007098683522144711,anne_frank
1,to,11.301959037780762,0.04688399058068171,anne_frank
2,easy to,8.133732795715332,0.4602535496087512,anne_frank
3,be easy to,8.688016891479492,0.36143509433895815,anne_frank
4,won’t be easy to,9.018607139587402,0.30788358773861546,anne_frank
1,to,11.301959037780762,0.04688399058068171,anne_frank
2,tried to,8.906847953796387,0.34192338889988605,anne_frank
3,"mouth), tried to",9.470438957214355,0.20984034198045265,anne_frank
4,"your mouth), tried to",9.174342155456543,0.21968306849885266,anne_frank
6,"that in your mouth), tried to",9.272320747375488,0.23377385071944445,anne_frank
8,"instrument like that in your mouth), tried to",9.06781005859375,0.3209548420563806,anne_frank
1,to,11.301959037780762,0.04688399058068171,anne_frank
2,much to,8.158526420593262,0.2360898369224742,anne_frank
3,so much to,8.253514289855957,0.2732541279983707,anne_frank
4,wanted so much to,7.004641056060791,0.6224560613554786,anne_frank
6,But I wanted so much to,6.6548075675964355,0.670041578981909,anne_frank
1,to,11.301959037780762,0.04688399058068171,anne_frank
2,now to,9.737649917602539,0.33320062754501123,anne_frank
3,easier now to,9.069777488708496,0.34396113322873134,anne_frank
4,much easier now to,8.859356880187988,0.36227456049527973,anne_frank
1,to,11.301959037780762,0.04688399058068171,anne_frank
2,go to,10.341914176940918,0.09837995350244455,anne_frank
3,burglar go to,8.549278259277344,0.050626028976694215,anne_frank
4,the burglar go to,6.990577697753906,0.07382072656764649,anne_frank
6,Why didn’t the burglar go to,7.333276271820068,0.09137592065962963,anne_frank
1,to,11.301959037780762,0.04688399058068171,anne_frank
2,Up to,9.544522285461426,0.03508292978949612,anne_frank
1,to,11.301959037780762,0.04688399058068171,anne_frank
2,next to,9.540733337402344,0.022845406114356592,anne_frank
3,sitting next to,6.848803520202637,0.0012553309024951886,anne_frank
4,was sitting next to,4.849057674407959,0.0002763334814517293,anne_frank
6,infection and was sitting next to,6.759920597076416,0.0002926788802142255,anne_frank
8,an eye infection and was sitting next to,6.9366984367370605,0.0003456537160673179,anne_frank
1,to,11.301959037780762,0.04688399058068171,anne_frank
2,prefer to,9.559967041015625,0.18534659421129618,anne_frank
3,us prefer to,8.370498657226562,0.41671285637130495,anne_frank
4,of us prefer to,7.89500093460083,0.43719484900066163,anne_frank
6,the rest of us prefer to,7.810449600219727,0.416039738796826,anne_frank
1,to,11.301959037780762,0.04688399058068171,anne_frank
2,up to,10.544133186340332,0.17302356475556735,anne_frank
3,not up to,5.422067165374756,0.0019785533913818654,anne_frank
4,is not up to,6.872436046600342,0.004320900006860029,anne_frank
6,my style is not up to,5.880127906799316,0.0015697754206485115,anne_frank
8,"Kitty, since my style is not up to",6.075761795043945,0.0012128005546401255,anne_frank
1,to,11.301959037780762,0.04688399058068171,anne_frank
2,going to,9.507628440856934,0.2945362215905334,anne_frank
3,never going to,7.386875152587891,0.5476963136898121,anne_frank
4,was never going to,5.957696437835693,0.6120346953939588,anne_frank
6,that I was never going to,7.000479221343994,0.6226490362460027,anne_frank
8,the realization that I was never going to,5.762388706207275,0.7050054722785717,anne_frank
1,to,11.301959037780762,0.04688399058068171,anne_frank
2,me to,10.712076187133789,0.22268274791713338,anne_frank
3,forbidden me to,8.192460060119629,0.39690066945331637,anne_frank
4,virtually forbidden me to,8.288949966430664,0.40283068135613576,anne_frank
6,Mother has virtually forbidden me to,7.6202287673950195,0.4197547037692857,anne_frank
1,to,11.301959037780762,0.04688399058068171,anne_frank
2,Easy to,8.299068450927734,0.4594009754000581,anne_frank
1,to,11.301959037780762,0.04688399058068171,anne_frank
2,going to,9.507628440856934,0.2945362215905334,anne_frank
3,I’m going to,8.475071907043457,0.46305540696630487,anne_frank
4,"allover, I’m going to",8.423188209533691,0.4799649174310616,anne_frank
6,"this is allover, I’m going to",8.49056339263916,0.45315677486360073,anne_frank
8,"announces, “When this is allover, I’m going to",8.485078811645508,0.44156919680244755,anne_frank
1,to,11.301959037780762,0.04688399058068171,anne_frank
2,anything to,6.984816551208496,0.5431345580727793,anne_frank
3,give anything to,9.10444164276123,0.22848049150343286,anne_frank
4,I’d give anything to,8.716185569763184,0.16206549596245168,anne_frank
6,"nights, and I’d give anything to",8.66212272644043,0.23684791282721562,anne_frank
8,"evenings and nights, and I’d give anything to",8.34225845336914,0.275708752025821,anne_frank
1,to,11.301959037780762,0.04688399058068171,anne_frank
2,chance to,9.613052368164062,0.32107546304905554,anne_frank
3,a chance to,8.565352439880371,0.37252359004924074,anne_frank
4,have a chance to,8.119436264038086,0.4117146386997774,anne_frank
6,I didn’t have a chance to,8.100519180297852,0.4065861960116308,anne_frank
8,"Until Wednesday, I didn’t have a chance to",7.9399919509887695,0.3683460734828259,anne_frank
1,to,11.301959037780762,0.04688399058068171,anne_frank
2,wanted to,8.028780937194824,0.5145796222495846,anne_frank
3,just wanted to,7.599176406860352,0.5620352047408232,anne_frank
4,We just wanted to,6.524713039398193,0.6275008779848577,anne_frank
1,to,11.301959037780762,0.04688399058068171,anne_frank
2,pain to,10.013130187988281,0.20394842204404995,anne_frank
3,such pain to,8.362910270690918,0.1704795237601502,anne_frank
4,causes such pain to,8.111010551452637,0.1901548324894975,anne_frank
6,who deliberately causes such pain to,6.072301864624023,0.021114493003551615,anne_frank
1,to,11.301959037780762,0.04688399058068171,anne_frank
2,up to,10.544133186340332,0.17302356475556735,anne_frank
3,keyed up to,10.007124900817871,0.1501663100643782,anne_frank
4,and keyed up to,9.817291259765625,0.0796186413790565,anne_frank
6,too tired and keyed up to,8.958172798156738,0.16636441206355812,anne_frank
8,Margot were too tired and keyed up to,8.93609619140625,0.24552117888379144,anne_frank
1,to,11.301959037780762,0.04688399058068171,anne_frank
2,anything to,6.984816551208496,0.5431345580727793,anne_frank
3,mean anything to,7.889290809631348,0.23412007380102295,anne_frank
4,doesn’t mean anything to,4.036782741546631,0.023734488306217827,anne_frank
6,"course, that doesn’t mean anything to",4.605190753936768,0.028333186764939455,anne_frank
1,to,11.301959037780762,0.04688399058068171,anne_frank
2,planning to,9.742770195007324,0.2638105680816807,anne_frank
3,somehow planning to,9.35488510131836,0.3293644699588185,anne_frank
4,is somehow planning to,8.972517013549805,0.3069809499720577,anne_frank
6,word and is somehow planning to,8.967636108398438,0.35444487260247115,anne_frank
8,kept his word and is somehow planning to,8.502365112304688,0.33572057432320435,anne_frank
1,to,11.301959037780762,0.04688399058068171,anne_frank
2,downstairs to,7.981973648071289,0.14771567448042333,anne_frank
3,brought downstairs to,9.120549201965332,0.19572654606599826,anne_frank
4,and brought downstairs to,7.969245910644531,0.20542997091979487,anne_frank
6,a bucket and brought downstairs to,8.084532737731934,0.21580083198205102,anne_frank
8,collected in a bucket and brought downstairs to,7.850564002990723,0.17303941510544973,anne_frank
1,to.,10.139155387878418,0.006551786558702588,anne_frank
2,refers to.,8.29541301727295,0.015233391561196186,anne_frank
3,address refers to.,7.253782749176025,0.01548747444030596,anne_frank
4,this address refers to.,6.189246654510498,0.03758711707996554,anne_frank
6,know what this address refers to.,7.1777825355529785,0.03798075481608976,anne_frank
8,bet I know what this address refers to.,7.347923278808594,0.027285126656352077,anne_frank
1,to,11.301959037780762,0.04688399058068171,anne_frank
2,going to,9.507628440856934,0.2945362215905334,anne_frank
3,never going to,7.386875152587891,0.5476963136898121,anne_frank
4,is never going to,6.946744441986084,0.5637099650339223,anne_frank
6,way and is never going to,5.856727123260498,0.6083002726008999,anne_frank
8,born that way and is never going to,7.10054349899292,0.5337780196059612,anne_frank
1,to,11.301959037780762,0.04688399058068171,anne_frank
2,want to,8.155804634094238,0.5162967173164361,anne_frank
3,you want to,7.931686878204346,0.5204966106248321,anne_frank
4,if you want to,8.12282943725586,0.47552259523945395,anne_frank
6,better hurry if you want to,8.163362503051758,0.44683182070730254,anne_frank
8,book.’ You’d better hurry if you want to,7.6548662185668945,0.48575928472928354,anne_frank
1,to,11.301959037780762,0.04688399058068171,anne_frank
2,comes to,10.336450576782227,0.057419290620600805,anne_frank
3,it comes to,9.63137149810791,0.04917259686772013,anne_frank
4,when it comes to,11.701290130615234,0.0019883642671629786,anne_frank
6,other parents when it comes to,9.955140113830566,0.0019345465261721984,anne_frank
8,not like other parents when it comes to,9.31507682800293,0.002785444063192699,anne_frank
1,to,11.301959037780762,0.04688399058068171,anne_frank
2,welcome to,9.276206016540527,0.027483008772833273,anne_frank
3,is welcome to,8.72378921508789,0.27985062649531756,anne_frank
4,Everyone is welcome to,7.428742408752441,0.34934946991415927,anne_frank
1,to,11.301959037780762,0.04688399058068171,anne_frank
2,key to,9.522537231445312,0.16821734068798833,anne_frank
3,have key to,9.069190979003906,0.042825466371141374,anne_frank
4,Kugler have key to,9.070167541503906,0.07358562895387877,anne_frank
6,Bep or Kugler have key to,9.359006881713867,0.05017351874266751,anne_frank
1,to,11.301959037780762,0.04688399058068171,anne_frank
2,intimacy to,9.835411071777344,0.07117911110981368,anne_frank
3,used intimacy to,9.441847801208496,0.1481608600806794,anne_frank
4,I used intimacy to,8.81937313079834,0.2914172474120278,anne_frank
6,one mistake: I used intimacy to,8.943890571594238,0.3020125329203438,anne_frank
8,I made one mistake: I used intimacy to,9.048789024353027,0.26623388899315614,anne_frank
1,to,11.301959037780762,0.04688399058068171,anne_frank
2,has to,7.4968180656433105,0.5374660627567209,anne_frank
3,she has to,7.912876129150391,0.4668252117407974,anne_frank
4,work she has to,6.356317043304443,0.5193367705833225,anne_frank
6,all the work she has to,2.1764843463897705,0.8816076816719942,anne_frank
8,top of all the work she has to,1.9999725818634033,0.8869126377153407,anne_frank
1,to,11.301959037780762,0.04688399058068171,anne_frank
2,"else, to",10.313847541809082,0.19072996274917386,anne_frank
3,"all else, to",9.495049476623535,0.2824850492615951,anne_frank
4,"above all else, to",9.053359985351562,0.32645099828368984,anne_frank
6,"Daan wish, above all else, to",8.56198501586914,0.38697174697881564,anne_frank
8,"Mr. van Daan wish, above all else, to",8.36152458190918,0.42495981068350375,anne_frank
1,to,11.301959037780762,0.04688399058068171,anne_frank
2,"well, to",9.640069961547852,0.2479998813214479,anne_frank
3,"Oh well, to",7.086458683013916,0.5014965086884331,anne_frank
1,to,11.301959037780762,0.04688399058068171,anne_frank
2,like to,10.026898384094238,0.25787223324005026,anne_frank
3,I’d like to,7.802581310272217,0.34476529934909195,anne_frank
4,but I’d like to,7.225218296051025,0.3286525272851577,anne_frank
6,"what happens, but I’d like to",7.074952602386475,0.3491719636367634,anne_frank
8,"and see what happens, but I’d like to",7.150245189666748,0.4326117799646454,anne_frank
1,to,11.301959037780762,0.04688399058068171,anne_frank
2,about to,8.596821784973145,0.4806446935472195,anne_frank
3,not about to,8.430341720581055,0.4178038349200506,anne_frank
4,she’s not about to,8.37470817565918,0.4216920383332763,anne_frank
6,"appearances, and she’s not about to",7.122558116912842,0.5410548282889067,anne_frank
8,"makes infrequent appearances, and she’s not about to",7.591067314147949,0.49885244615143165,anne_frank
1,to,11.301959037780762,0.04688399058068171,anne_frank
2,joy to,10.071813583374023,0.21357314902707003,anne_frank
3,a joy to,7.609964847564697,0.4282146449040738,anne_frank
4,was a joy to,5.75194787979126,0.5905094541540166,anne_frank
1,to,11.301959037780762,0.04688399058068171,anne_frank
2,determined to,8.944381713867188,0.2886406820907723,anne_frank
3,I’m determined to,8.67834186553955,0.380942658171989,anne_frank
4,because I’m determined to,8.015432357788086,0.41997305281984154,anne_frank
6,"work out, because I’m determined to",7.243404388427734,0.5428360280493507,anne_frank
8,"It’ll all work out, because I’m determined to",7.10947847366333,0.5384735678999277,anne_frank
1,to,11.301959037780762,0.04688399058068171,anne_frank
2,go to,10.341914176940918,0.09837995350244455,anne_frank
3,people go to,8.803714752197266,0.06683879152842565,anne_frank
4,why people go to,8.832911491394043,0.048403073647932615,anne_frank
6,tell me why people go to,9.548311233520508,0.03265561734588118,anne_frank
8,Can you tell me why people go to,9.138792991638184,0.03428308296133764,anne_frank
1,to,11.301959037780762,0.04688399058068171,anne_frank
2,need to,8.330086708068848,0.480823735735612,anne_frank
3,don’t need to,7.493956089019775,0.544013145234203,anne_frank
4,you don’t need to,7.589503288269043,0.39207452990376623,anne_frank
6,"Of course, you don’t need to",6.819025993347168,0.5446549427251739,anne_frank
1,to,11.301959037780762,0.04688399058068171,anne_frank
2,have to,7.693484306335449,0.5125033228687244,anne_frank
3,they have to,7.861548900604248,0.49853826154139824,anne_frank
4,would they have to,8.060286521911621,0.4363194662582828,anne_frank
6,What reason would they have to,8.376198768615723,0.4259818943683058,anne_frank
1,to,11.301959037780762,0.04688399058068171,anne_frank
2,going to,9.507628440856934,0.2945362215905334,anne_frank
3,she’s going to,8.298980712890625,0.4640341484628152,anne_frank
4,says she’s going to,8.351563453674316,0.49381066510250093,anne_frank
6,Miep sometimes says she’s going to,8.736344337463379,0.42444388729927596,anne_frank
8,now that Miep sometimes says she’s going to,8.698898315429688,0.41455991964176064,anne_frank
1,to,11.301959037780762,0.04688399058068171,anne_frank
2,woes to,10.982234001159668,0.1583135523396777,anne_frank
3,other woes to,9.646586418151855,0.26131448698288295,anne_frank
4,these other woes to,8.259320259094238,0.28442682103195693,anne_frank
6,have all these other woes to,6.508212089538574,0.18569816608942347,anne_frank
8,time and have all these other woes to,4.929594039916992,0.12371931782945467,anne_frank
1,to,11.301959037780762,0.04688399058068171,anne_frank
2,us to,10.78658676147461,0.18632635130779818,anne_frank
3,for us to,8.683449745178223,0.4269043095991947,anne_frank
4,‘eempossible’ for us to,8.95964527130127,0.3383019696630072,anne_frank
6,"‘gut,’ it’s ‘eempossible’ for us to",8.731937408447266,0.30829914209607523,anne_frank
8,"is looking ‘gut,’ it’s ‘eempossible’ for us to",8.981219291687012,0.32240546963294037,anne_frank
1,to,11.301959037780762,0.04688399058068171,anne_frank
2,went to,9.33336353302002,0.12462018644873751,anne_frank
3,Father went to,7.9865007400512695,0.15091923323780065,anne_frank
4,when Father went to,7.900697708129883,0.10930465165438363,anne_frank
6,next day when Father went to,7.964522361755371,0.21098669237835566,anne_frank
8,confirmed the next day when Father went to,7.900076389312744,0.20311194119858555,anne_frank
1,To,10.95307731628418,0.0984644319396466,anne_frank
1,to,11.301959037780762,0.04688399058068171,anne_frank
2,used to,10.338134765625,0.2319347711309092,anne_frank
3,together used to,7.371045112609863,0.4965342404175317,anne_frank
4,us together used to,7.569174289703369,0.5131059935374651,anne_frank
6,who saw us together used to,8.078742980957031,0.41376756547106197,anne_frank
1,to,11.301959037780762,0.04688399058068171,anne_frank
2,bear to,10.241081237792969,0.16824826286028838,anne_frank
3,hardly bear to,8.829721450805664,0.17037355505453888,anne_frank
4,can hardly bear to,6.852235794067383,0.4192915799358161,anne_frank
1,to?,9.606231689453125,0.016653251797833946,anne_frank
2,talk to?,7.048772811889648,0.039583911799127236,anne_frank
3,even talk to?,8.458632469177246,0.06373892274132231,anne_frank
4,won’t even talk to?,7.747134685516357,0.014670296888652956,anne_frank
6,people you won’t even talk to?,6.849631309509277,0.021384941570431693,anne_frank
8,gifts from people you won’t even talk to?,7.228111743927002,0.019454459241387667,anne_frank
1,to,11.301959037780762,0.04688399058068171,anne_frank
2,want to,8.155804634094238,0.5162967173164361,anne_frank
3,"ever, want to",8.024508476257324,0.5109648990182905,anne_frank
4,"never, ever, want to",7.700828552246094,0.5376255945011508,anne_frank
6,"that I never, ever, want to",6.802751064300537,0.6261529357398103,anne_frank
8,"more certain that I never, ever, want to",7.153119087219238,0.5889066331146751,anne_frank
1,to,11.301959037780762,0.04688399058068171,anne_frank
2,sent to,9.175325393676758,0.031117446240386926,anne_frank
3,being sent to,9.506919860839844,0.023728353429760318,anne_frank
4,is being sent to,9.324363708496094,0.04943977767106844,anne_frank
6,Her boyfriend is being sent to,7.02223539352417,0.017080461642763112,anne_frank
1,to,11.301959037780762,0.04688399058068171,anne_frank
2,me to,10.712076187133789,0.22268274791713338,anne_frank
3,wants me to,8.220503807067871,0.4715329953178298,anne_frank
4,Daan wants me to,8.261395454406738,0.44831723495735787,anne_frank
6,Mr. van Daan wants me to,8.106891632080078,0.4700823351449799,anne_frank
1,to,11.301959037780762,0.04688399058068171,anne_frank
2,having to,8.284481048583984,0.41272449094685726,anne_frank
3,from having to,8.853519439697266,0.31328678465797566,anne_frank
4,again from having to,8.919368743896484,0.28663157993287314,anne_frank
6,my pants again from having to,8.336526870727539,0.3329146952673909,anne_frank
8,ants in my pants again from having to,8.371014595031738,0.3245779308563215,anne_frank
1,to,11.301959037780762,0.04688399058068171,anne_frank
2,used to,10.338134765625,0.2319347711309092,anne_frank
3,she used to,7.465719223022461,0.5098836547185783,anne_frank
4,than she used to,6.366477966308594,0.5402154404873727,anne_frank
6,lot different than she used to,5.036062717437744,0.3648317912557104,anne_frank
8,seems a lot different than she used to,3.557767629623413,0.4938207100576619,anne_frank
1,to,11.301959037780762,0.04688399058068171,anne_frank
2,"Nevertheless, to",8.442816734313965,0.2537549685512204,anne_frank
1,to,11.301959037780762,0.04688399058068171,anne_frank
2,had to,8.512750625610352,0.43977180296496954,anne_frank
3,plan had to,7.826046943664551,0.46372019592672586,anne_frank
4,the plan had to,4.597246170043945,0.7033410105432267,anne_frank
6,"call-up notice, the plan had to",4.9997758865356445,0.6758552217615943,anne_frank
8,"of Margot’s call-up notice, the plan had to",5.54884672164917,0.6144923406864109,anne_frank
1,to,11.301959037780762,0.04688399058068171,anne_frank
2,supposed to,6.350018501281738,0.6036846622591838,anne_frank
3,was supposed to,4.508920669555664,0.7552294211054686,anne_frank
4,but was supposed to,5.3730998039245605,0.6754659370271838,anne_frank
6,had left but was supposed to,5.721560955047607,0.4191839244958828,anne_frank
8,o’clock (Hello had left but was supposed to,5.468382835388184,0.5838627929460927,anne_frank
1,to,11.301959037780762,0.04688399058068171,anne_frank
2,like to,10.026898384094238,0.25787223324005026,anne_frank
3,I’d like to,7.802581310272217,0.34476529934909195,anne_frank
4,much I’d like to,6.8744378089904785,0.27774273671093397,anne_frank
6,"again, however much I’d like to",7.751523494720459,0.27825937631132547,anne_frank
8,"that innocent again, however much I’d like to",8.036757469177246,0.31395954529580195,anne_frank
1,to,11.301959037780762,0.04688399058068171,anne_frank
2,corner to,10.048957824707031,0.16189306578598917,anne_frank
3,one corner to,9.04779052734375,0.1697055491094943,anne_frank
4,from one corner to,2.491710901260376,0.016744249654038867,anne_frank
6,being chased from one corner to,1.0923570394515991,0.0008586156362753172,anne_frank
8,I’m constantly being chased from one corner to,0.9836665987968445,0.00033450780787802614,anne_frank
1,to,11.301959037780762,0.04688399058068171,anne_frank
2,about to,8.596821784973145,0.4806446935472195,anne_frank
3,was about to,7.927653789520264,0.40016102719528135,anne_frank
4,I was about to,7.8612895011901855,0.4411759700597031,anne_frank
1,to,11.301959037780762,0.04688399058068171,anne_frank
2,trying to,8.693740844726562,0.3652501346805366,anne_frank
3,of trying to,8.8608980178833,0.33657397990464233,anne_frank
4,instead of trying to,9.327903747558594,0.23956141441885848,anne_frank
6,proper Dutch instead of trying to,9.28769588470459,0.26986849766399246,anne_frank
8,I’ll write proper Dutch instead of trying to,8.828699111938477,0.3309424349863548,anne_frank
1,to,11.301959037780762,0.04688399058068171,anne_frank
2,go to,10.341914176940918,0.09837995350244455,anne_frank
3,I go to,8.404034614562988,0.08169157260999782,anne_frank
4,actually I go to,8.799134254455566,0.06136143323965371,anne_frank
6,"class, but actually I go to",8.710227012634277,0.053903552412521094,anne_frank
8,"a wood-carving class, but actually I go to",8.516757011413574,0.04226755478157429,anne_frank
1,to,11.301959037780762,0.04688399058068171,anne_frank
2,have to,7.693484306335449,0.5125033228687244,anne_frank
3,would have to,7.9268317222595215,0.4448180760082323,anne_frank
4,Everyone would have to,8.020753860473633,0.44495388891664334,anne_frank
1,to,11.301959037780762,0.04688399058068171,anne_frank
2,have to,7.693484306335449,0.5125033228687244,anne_frank
3,we have to,7.919919013977051,0.47253115722560324,anne_frank
4,mean we have to,8.26191520690918,0.38061839624424465,anne_frank
6,doesn’t necessarily mean we have to,8.448936462402344,0.36828219081507996,anne_frank
8,but that doesn’t necessarily mean we have to,8.256956100463867,0.3582660058455076,anne_frank
1,to,11.301959037780762,0.04688399058068171,anne_frank
2,had to,8.512750625610352,0.43977180296496954,anne_frank
3,We had to,8.132341384887695,0.4740597092459211,anne_frank
1,to,11.301959037780762,0.04688399058068171,anne_frank
2,live to,10.381593704223633,0.13136335562739987,anne_frank
3,you live to,6.276927947998047,0.6110582947767398,anne_frank
4,if you live to,5.307433605194092,0.6988970666279783,anne_frank
6,hope that if you live to,5.774349212646484,0.6421819160023006,anne_frank
8,"Hanneli, I hope that if you live to",5.05291223526001,0.7145310885243816,anne_frank
1,to,11.301959037780762,0.04688399058068171,anne_frank
2,rose to,10.87137222290039,0.13815079073538072,anne_frank
3,streets rose to,8.303680419921875,0.010826083380379714,anne_frank
4,the streets rose to,6.566656112670898,0.025854886738670757,anne_frank
6,water in the streets rose to,8.073892593383789,0.010215516485914122,anne_frank
8,if the water in the streets rose to,6.3317389488220215,0.017658820634096628,anne_frank
1,to,11.301959037780762,0.04688399058068171,anne_frank
2,repatriated to,8.991186141967773,0.018861215707147494,anne_frank
3,was repatriated to,7.669036388397217,0.0060339770825521555,anne_frank
4,he was repatriated to,8.0684175491333,0.003610978488723049,anne_frank
6,"Russian troops, he was repatriated to",7.445219993591309,0.0010876728993025608,anne_frank
8,"liberated by Russian troops, he was repatriated to",7.248493671417236,0.001566872375406092,anne_frank
1,to,11.301959037780762,0.04688399058068171,anne_frank
2,daytime to,10.270703315734863,0.19024323433404788,anne_frank
3,the daytime to,8.018302917480469,0.11725574210868217,anne_frank
4,during the daytime to,9.084983825683594,0.1533274504035944,anne_frank
6,into service during the daytime to,8.393346786499023,0.19778530793701066,anne_frank
8,were put into service during the daytime to,7.878974914550781,0.1921285517528304,anne_frank
1,to,11.301959037780762,0.04688399058068171,anne_frank
2,rushed to,9.289746284484863,0.1522426736773923,anne_frank
3,Tears rushed to,5.70913028717041,0.021732664845330874,anne_frank
1,to,11.301959037780762,0.04688399058068171,anne_frank
2,crazy to,7.683178901672363,0.3875933964991418,anne_frank
3,seems crazy to,5.284228324890137,0.17560355030582286,anne_frank
4,It seems crazy to,3.4699535369873047,0.12546784343430772,anne_frank
1,to,11.301959037780762,0.04688399058068171,anne_frank
2,Next to,7.615426540374756,0.010972180731187109,anne_frank
1,to,11.301959037780762,0.04688399058068171,anne_frank
2,wanted to,8.028780937194824,0.5145796222495846,anne_frank
3,I wanted to,7.261646270751953,0.6119152731844224,anne_frank
1,to,11.301959037780762,0.04688399058068171,anne_frank
2,likes to,10.05010986328125,0.15591020091960672,anne_frank
3,he likes to,8.17559814453125,0.36836921334906947,anne_frank
4,And he likes to,8.035588264465332,0.39701857507316163,anne_frank
1,to,11.301959037780762,0.04688399058068171,anne_frank
2,longs to,10.726561546325684,0.1816789554868592,anne_frank
3,He longs to,7.139929294586182,0.5613412879793032,anne_frank
1,To,10.95307731628418,0.0984644319396466,anne_frank
1,to,11.301959037780762,0.04688399058068171,anne_frank
2,me to,10.712076187133789,0.22268274791713338,anne_frank
3,for me to,8.159709930419922,0.438772104535019,anne_frank
4,right for me to,7.84194803237915,0.464613541320432,anne_frank
6,It’s all right for me to,7.5879974365234375,0.46213431292562746,anne_frank
1,to,11.301959037780762,0.04688399058068171,anne_frank
2,went to,9.33336353302002,0.12462018644873751,anne_frank
3,Peter went to,8.232297897338867,0.145844187180046,anne_frank
4,while Peter went to,8.51773452758789,0.1380787242160295,anne_frank
6,"the stairs, while Peter went to",5.628602981567383,0.10253200741863111,anne_frank
8,"bounded up the stairs, while Peter went to",6.30786657333374,0.14389556979222107,anne_frank
1,to,11.301959037780762,0.04688399058068171,anne_frank
2,more to,8.48442554473877,0.21646546264673816,anne_frank
3,say more to,8.101485252380371,0.23325276218383806,anne_frank
4,can say more to,7.221978664398193,0.05772901880845893,anne_frank
6,"twthght, you can say more to",5.735818386077881,0.01952859531957074,anne_frank
8,"window at twthght, you can say more to",6.254927635192871,0.027427488028479274,anne_frank
1,to,11.301959037780762,0.04688399058068171,anne_frank
2,harder to,9.765377044677734,0.27430944533261936,anne_frank
3,much harder to,8.723052978515625,0.3352177472843323,anne_frank
4,"question, much harder to",8.415562629699707,0.35642266846843995,anne_frank
6,"more difficult question, much harder to",2.117920398712158,0.046660692057230335,anne_frank
1,to,11.301959037780762,0.04688399058068171,anne_frank
2,down to,10.555130004882812,0.12175257984927157,anne_frank
3,ran down to,8.980674743652344,0.05915949084010208,anne_frank
4,he ran down to,7.493526458740234,0.11508476542803692,anne_frank
1,to,11.301959037780762,0.04688399058068171,anne_frank
2,stand to,9.848819732666016,0.2598433464008849,anne_frank
3,can’t stand to,5.391891956329346,0.45781786277802894,anne_frank
4,I can’t stand to,5.322968006134033,0.7026296524636564,anne_frank
6,beans that I can’t stand to,6.050693988800049,0.5190234517576755,anne_frank
8,and navy beans that I can’t stand to,4.40869140625,0.29160546933962905,anne_frank
1,to,11.301959037780762,0.04688399058068171,anne_frank
2,difficult to,8.639303207397461,0.3231286913214717,anne_frank
3,it difficult to,8.404847145080566,0.33913315687095746,anne_frank
4,find it difficult to,8.177505493164062,0.38995324850839097,anne_frank
1,to,11.301959037780762,0.04688399058068171,anne_frank
2,went to,9.33336353302002,0.12462018644873751,anne_frank
3,us went to,8.895628929138184,0.12266770690621343,anne_frank
4,of us went to,8.25366497039795,0.0940586063079536,anne_frank
6,The two of us went to,7.35269832611084,0.0981208121374948,anne_frank
1,to,11.301959037780762,0.04688399058068171,anne_frank
2,astonished to,7.367602348327637,0.5458357066527242,anne_frank
3,more astonished to,3.8511128425598145,0.8319729467043544,anne_frank
4,even more astonished to,3.723874568939209,0.8185332953576108,anne_frank
6,and was even more astonished to,3.1758363246917725,0.7919735282644069,anne_frank
8,on through and was even more astonished to,3.1567931175231934,0.7976251343009153,anne_frank
1,to,11.301959037780762,0.04688399058068171,anne_frank
2,taken to,9.649042129516602,0.11644443831028184,anne_frank
3,were taken to,8.014759063720703,0.024588986838352866,anne_frank
4,Kleiman were taken to,7.842435359954834,0.004521250419202261,anne_frank
6,Kugler and Kleiman were taken to,7.791898727416992,0.0027106724301120266,anne_frank
8,"the arrest, Kugler and Kleiman were taken to",7.365034103393555,0.001457366262911819,anne_frank
1,to,11.301959037780762,0.04688399058068171,anne_frank
2,gone to,10.023353576660156,0.22786951559828594,anne_frank
3,have gone to,8.851848602294922,0.06576706944179023,anne_frank
4,I have gone to,8.79686450958252,0.08073515800060704,anne_frank
6,occasions when I have gone to,8.452886581420898,0.09313636448496254,anne_frank
8,the few occasions when I have gone to,8.820677757263184,0.09089972639776533,anne_frank
1,to,11.301959037780762,0.04688399058068171,anne_frank
2,had to,8.512750625610352,0.43977180296496954,anne_frank
3,I had to,8.281661033630371,0.45266900457500014,anne_frank
1,to,11.301959037780762,0.04688399058068171,anne_frank
2,me to,10.712076187133789,0.22268274791713338,anne_frank
3,for me to,8.159709930419922,0.438772104535019,anne_frank
4,impossible for me to,8.376413345336914,0.4149235769364168,anne_frank
1,to,11.301959037780762,0.04688399058068171,anne_frank
2,back to,10.462959289550781,0.07999820234545041,anne_frank
3,less back to,8.706487655639648,0.03151245651679346,anne_frank
4,or less back to,7.103710651397705,0.04925887535500806,anne_frank
6,is more or less back to,7.272669792175293,0.01755908546692808,anne_frank
8,Everything here is more or less back to,7.291380882263184,0.014546202441124478,anne_frank
1,to,11.301959037780762,0.04688399058068171,anne_frank
2,easy to,8.133732795715332,0.4602535496087512,anne_frank
3,Hep’s easy to,8.413920402526855,0.33570189290185226,anne_frank
1,to,11.301959037780762,0.04688399058068171,anne_frank
2,back to,10.462959289550781,0.07999820234545041,anne_frank
3,came back to,9.001725196838379,0.05405091028660536,anne_frank
4,D. came back to,8.614517211914062,0.10521361927385442,anne_frank
6,Mrs. van D. came back to,7.375533103942871,0.12818094993417617,anne_frank
1,to,11.301959037780762,0.04688399058068171,anne_frank
2,enough to,8.67800235748291,0.4414383871262544,anne_frank
3,It’s enough to,8.146856307983398,0.40854063810547814,anne_frank
1,to,11.301959037780762,0.04688399058068171,anne_frank
2,need to,8.330086708068848,0.480823735735612,anne_frank
3,women need to,6.341685771942139,0.664869816711871,anne_frank
4,frightened women need to,6.8792572021484375,0.59498544462258,anne_frank
1,to,11.301959037780762,0.04688399058068171,anne_frank
2,have to,7.693484306335449,0.5125033228687244,anne_frank
3,he have to,8.068879127502441,0.461554054156295,anne_frank
4,does he have to,7.986968517303467,0.4363086777011631,anne_frank
6,bad enough—why does he have to,7.285492420196533,0.539409167249687,anne_frank
8,it was bad enough—why does he have to,7.297914981842041,0.5344631665211637,anne_frank
1,to,11.301959037780762,0.04688399058068171,anne_frank
2,impossible to,8.96065902709961,0.3138283916778164,anne_frank
3,it’s impossible to,9.236432075500488,0.26328787332749926,anne_frank
4,complaining: it’s impossible to,8.749720573425293,0.3255685076946975,anne_frank
6,can’t help complaining: it’s impossible to,8.815530776977539,0.3289404149763868,anne_frank
8,"Still, I can’t help complaining: it’s impossible to",8.690114974975586,0.3582773095695302,anne_frank
1,to,11.301959037780762,0.04688399058068171,anne_frank
2,referred to,4.747751235961914,0.0017971759280044353,anne_frank
3,later referred to,6.957148551940918,0.0007100355287548155,anne_frank
4,version later referred to,2.640934705734253,0.0004584533944580471,anne_frank
6,a shorter version later referred to,2.535329818725586,0.0005314208488016448,anne_frank
8,them into a shorter version later referred to,1.5993802547454834,0.00021929131185061124,anne_frank
1,to,11.301959037780762,0.04688399058068171,anne_frank
2,try to,9.438179016113281,0.28708878594625276,anne_frank
3,could try to,8.894696235656738,0.33676951835514046,anne_frank
4,we could try to,8.767521858215332,0.36685881567245815,anne_frank
6,"Nazi sympathizers, we could try to",8.668496131896973,0.29582886563730426,anne_frank
8,"they were Nazi sympathizers, we could try to",8.230389595031738,0.32873143478354905,anne_frank
1,to,11.301959037780762,0.04688399058068171,anne_frank
2,trying to,8.693740844726562,0.3652501346805366,anne_frank
3,probably trying to,8.535784721374512,0.3767564401496202,anne_frank
4,was probably trying to,8.740618705749512,0.3191695607965812,anne_frank
6,him up-he was probably trying to,8.695380210876465,0.31677077651693253,anne_frank
8,you pick him up-he was probably trying to,7.92603063583374,0.3319955534825567,anne_frank
1,to,11.301959037780762,0.04688399058068171,anne_frank
2,comes to,10.336450576782227,0.057419290620600805,anne_frank
3,it comes to,9.63137149810791,0.04917259686772013,anne_frank
4,when it comes to,11.701290130615234,0.0019883642671629786,anne_frank
6,terribly lax when it comes to,11.263495445251465,0.0011375285976100713,anne_frank
8,Dussel is terribly lax when it comes to,10.757843017578125,0.0008414006879320368,anne_frank
1,to,11.301959037780762,0.04688399058068171,anne_frank
2,chance to,9.613052368164062,0.32107546304905554,anne_frank
3,enough chance to,8.777389526367188,0.3426256644015666,anne_frank
4,him enough chance to,8.357577323913574,0.3148197774280561,anne_frank
6,you given him enough chance to,8.368035316467285,0.38272529002279043,anne_frank
8,"myself, “Have you given him enough chance to",8.249956130981445,0.36801991116954014,anne_frank
1,to,11.301959037780762,0.04688399058068171,anne_frank
2,shavings to,10.539653778076172,0.15982342851930298,anne_frank
3,wood shavings to,10.060094833374023,0.18927008780883625,anne_frank
4,with wood shavings to,8.535920143127441,0.22048520277894568,anne_frank
6,towel stuffed with wood shavings to,7.91329288482666,0.366322458430659,anne_frank
8,nailing a towel stuffed with wood shavings to,8.133675575256348,0.11553813353384612,anne_frank
1,to,11.301959037780762,0.04688399058068171,anne_frank
2,want to,8.155804634094238,0.5162967173164361,anne_frank
3,finally want to,8.558305740356445,0.44959257819573395,anne_frank
4,I finally want to,7.446789741516113,0.4217685902258381,anne_frank
6,is why I finally want to,7.7720417976379395,0.4649363967764657,anne_frank
8,"me, which is why I finally want to",7.771323204040527,0.40770897481706925,anne_frank
1,to,11.301959037780762,0.04688399058068171,anne_frank
2,pushed to,9.317152976989746,0.1780498450389132,anne_frank
3,be pushed to,8.783853530883789,0.10505982836184558,anne_frank
4,itself be pushed to,6.956114768981934,0.045208290714072064,anne_frank
6,won’t let itself be pushed to,6.227346420288086,0.03236632289917907,anne_frank
8,the question won’t let itself be pushed to,5.003952503204346,0.02378589109503082,anne_frank
1,to,11.301959037780762,0.04688399058068171,anne_frank
2,allowed to,8.874320983886719,0.3262006512086373,anne_frank
3,was allowed to,8.39297103881836,0.3520393741200678,anne_frank
4,I was allowed to,7.8449273109436035,0.46204257271892857,anne_frank
6,"was ten, I was allowed to",7.2518181800842285,0.5061175162845757,anne_frank
8,"When I was ten, I was allowed to",7.2930989265441895,0.48287434397934703,anne_frank
1,to,11.301959037780762,0.04688399058068171,anne_frank
2,surprised to,4.466458797454834,0.8219949320082378,anne_frank
3,rather surprised to,3.2333104610443115,0.8902971104962489,anne_frank
4,really rather surprised to,3.1720690727233887,0.9155715810757101,anne_frank
6,Peter was really rather surprised to,3.2408106327056885,0.9124314749986979,anne_frank
1,to,11.301959037780762,0.04688399058068171,becoming_michelle
2,something to,8.473400115966797,0.352999348542653,becoming_michelle
3,was something to,6.791855335235596,0.4729401695949491,becoming_michelle
4,It was something to,6.648877143859863,0.5123992656663177,becoming_michelle
1,to,11.301959037780762,0.04688399058068171,becoming_michelle
2,prior to,9.449885368347168,0.06256435719114961,becoming_michelle
3,"even, prior to",8.515532493591309,0.0010508060950087383,becoming_michelle
4,"and even, prior to",7.921401023864746,0.00093904159439262,becoming_michelle
6,"community organizer and even, prior to",7.09014368057251,0.0008792675180302467,becoming_michelle
8,"as a community organizer and even, prior to",7.003715991973877,0.0008974406882771291,becoming_michelle
1,to,11.301959037780762,0.04688399058068171,becoming_michelle
2,"out, to",9.97232723236084,0.24053257086779922,becoming_michelle
3,"turned out, to",7.306984901428223,0.5021601336993626,becoming_michelle
4,"it turned out, to",3.742013454437256,0.7588423794804839,becoming_michelle
6,"necessarily translate, it turned out, to",3.958085298538208,0.7153013882307278,becoming_michelle
8,"that didn’t necessarily translate, it turned out, to",8.144922256469727,0.28610832228150684,becoming_michelle
1,to,11.301959037780762,0.04688399058068171,becoming_michelle
2,"hold, to",9.905792236328125,0.21727993511012755,becoming_michelle
3,"on hold, to",9.445082664489746,0.24995395820587873,becoming_michelle
4,"dreams on hold, to",8.6456937789917,0.34784812160069123,becoming_michelle
6,"and career dreams on hold, to",8.513361930847168,0.3681425453105476,becoming_michelle
8,"my passions and career dreams on hold, to",8.552151679992676,0.3628262286874815,becoming_michelle
1,"to,",10.341607093811035,0.011373854125849903,becoming_michelle
2,"belonged to,",7.524706840515137,0.012373272344120778,becoming_michelle
3,"we belonged to,",7.229237079620361,0.012978952814592049,becoming_michelle
4,"continuum we belonged to,",7.3935418128967285,0.007535755143180722,becoming_michelle
6,"Of every continuum we belonged to,",7.453279972076416,0.004090767775778659,becoming_michelle
1,to,11.301959037780762,0.04688399058068171,becoming_michelle
2,California to,10.050626754760742,0.20018252280715387,becoming_michelle
3,Northern California to,9.94807243347168,0.09757423825067235,becoming_michelle
4,in Northern California to,10.092489242553711,0.194098255247809,becoming_michelle
6,our honeymoon in Northern California to,9.030999183654785,0.180514567924547,becoming_michelle
8,back from our honeymoon in Northern California to,9.242279052734375,0.15723548768437468,becoming_michelle
1,to,11.301959037780762,0.04688399058068171,becoming_michelle
2,try to,9.438179016113281,0.28708878594625276,becoming_michelle
3,won’t try to,9.612597465515137,0.2821243435173528,becoming_michelle
4,I won’t try to,9.009697914123535,0.26030516959144734,becoming_michelle
1,to,11.301959037780762,0.04688399058068171,becoming_michelle
2,how to,9.038185119628906,0.3491102361076628,becoming_michelle
3,learning how to,8.677942276000977,0.36358342106541386,becoming_michelle
4,was learning how to,8.27790641784668,0.421493584435666,becoming_michelle
1,to,11.301959037780762,0.04688399058068171,becoming_michelle
2,shelter to,9.525083541870117,0.15895158909552265,becoming_michelle
3,like shelter to,8.92888355255127,0.2261714579362888,becoming_michelle
4,was like shelter to,5.465292453765869,0.04047360218100948,becoming_michelle
6,even temper was like shelter to,6.155797481536865,0.011456162344984477,becoming_michelle
1,to,11.301959037780762,0.04688399058068171,becoming_michelle
2,wanted to,8.028780937194824,0.5145796222495846,becoming_michelle
3,I wanted to,7.261646270751953,0.6119152731844224,becoming_michelle
4,when I wanted to,7.815167427062988,0.45549045626830775,becoming_michelle
6,me forward when I wanted to,7.980398178100586,0.42320189788006246,becoming_michelle
8,had waved me forward when I wanted to,7.510087966918945,0.3845707869877515,becoming_michelle
1,to,11.301959037780762,0.04688399058068171,becoming_michelle
2,started to,9.334545135498047,0.33192516933195293,becoming_michelle
3,had started to,9.283524513244629,0.29422061282093637,becoming_michelle
4,feet had started to,9.069272994995117,0.21305957771255635,becoming_michelle
6,My father’s feet had started to,7.542536735534668,0.15356289614283014,becoming_michelle
1,to,11.301959037780762,0.04688399058068171,becoming_michelle
2,place to,10.170663833618164,0.18852134120243136,becoming_michelle
3,from place to,6.8258748054504395,0.1307807650518953,becoming_michelle
4,walked from place to,0.01998261548578739,5.5915510753123954e-05,becoming_michelle
6,as we walked from place to,0.01991204358637333,6.80756812379002e-05,becoming_michelle
8,my shoulder as we walked from place to,0.012272668071091175,4.0030671543789254e-05,becoming_michelle
1,to,11.301959037780762,0.04688399058068171,becoming_michelle
2,heavy to,9.876381874084473,0.16227608604822308,becoming_michelle
3,too heavy to,8.433462142944336,0.26282844673551153,becoming_michelle
4,arms too heavy to,7.701259613037109,0.28443953203532146,becoming_michelle
6,eyes and arms too heavy to,6.962563514709473,0.32333962078701006,becoming_michelle
8,with yellowed eyes and arms too heavy to,7.031957149505615,0.35614795172659797,becoming_michelle
1,to,11.301959037780762,0.04688399058068171,becoming_michelle
2,had to,8.512750625610352,0.43977180296496954,becoming_michelle
3,we had to,8.429071426391602,0.4297941007971531,becoming_michelle
4,furniture we had to,8.438493728637695,0.4064817045946256,becoming_michelle
6,how much furniture we had to,7.15570068359375,0.3908253024419537,becoming_michelle
8,surprised by how much furniture we had to,6.973280906677246,0.3161128088613623,becoming_michelle
1,to,11.301959037780762,0.04688399058068171,becoming_michelle
2,was—about to,7.560580730438232,0.4403874805357191,becoming_michelle
3,I was—about to,7.3735880851745605,0.4769676259820699,becoming_michelle
4,than I was—about to,7.735507488250732,0.43680214854248334,becoming_michelle
6,years older than I was—about to,6.855673789978027,0.4281445055639779,becoming_michelle
8,was three years older than I was—about to,6.506270408630371,0.44213095266241,becoming_michelle
1,to,11.301959037780762,0.04688399058068171,becoming_michelle
2,walked to,9.483566284179688,0.10055640812788624,becoming_michelle
3,I walked to,4.016498565673828,0.023202079079055693,becoming_michelle
1,to,11.301959037780762,0.04688399058068171,becoming_michelle
2,trying to,8.693740844726562,0.3652501346805366,becoming_michelle
3,days trying to,8.342240333557129,0.3524218531092629,becoming_michelle
4,two days trying to,8.065196990966797,0.36363048176281154,becoming_michelle
6,the last two days trying to,7.6873459815979,0.37983641344180796,becoming_michelle
8,I’d spent the last two days trying to,7.611913204193115,0.34235688448825385,becoming_michelle
1,to,11.301959037780762,0.04688399058068171,becoming_michelle
2,been to,9.620457649230957,0.25441220120410435,becoming_michelle
3,ever been to,9.838808059692383,0.06069591316918377,becoming_michelle
4,I’d ever been to,8.27770709991455,0.023019782158371527,becoming_michelle
6,close-up as I’d ever been to,8.047867774963379,0.035542272409657016,becoming_michelle
8,around her—as close-up as I’d ever been to,5.525225639343262,0.05477280612467439,becoming_michelle
1,to,11.301959037780762,0.04688399058068171,becoming_michelle
2,enough to,8.67800235748291,0.4414383871262544,becoming_michelle
3,comfortable enough to,8.279829978942871,0.3857509552035481,becoming_michelle
4,felt comfortable enough to,8.095724105834961,0.4403591600712389,becoming_michelle
6,the girls felt comfortable enough to,7.738780498504639,0.4602926996303722,becoming_michelle
8,"a week, the girls felt comfortable enough to",7.538905143737793,0.4543089118960779,becoming_michelle
1,to,11.301959037780762,0.04688399058068171,becoming_michelle
2,According to,8.985245704650879,0.001182806445285678,becoming_michelle
1,to,11.301959037780762,0.04688399058068171,becoming_michelle
2,nation to,10.217724800109863,0.17524611385306343,becoming_michelle
3,entire nation to,9.39747428894043,0.17356498702429235,becoming_michelle
4,an entire nation to,9.293405532836914,0.2562030406552367,becoming_michelle
6,waiting for an entire nation to,8.823594093322754,0.2854395338217728,becoming_michelle
8,purgatory of waiting for an entire nation to,8.484375953674316,0.28329247276997194,becoming_michelle
1,to,11.301959037780762,0.04688399058068171,becoming_michelle
2,leading to,9.691568374633789,0.052761904618819244,becoming_michelle
3,floors leading to,8.457165718078613,0.0007090048820828088,becoming_michelle
4,marble floors leading to,7.612037181854248,0.0009147166492766701,becoming_michelle
6,across the marble floors leading to,3.855283498764038,0.00042692478746175766,becoming_michelle
8,I walked across the marble floors leading to,3.0678207874298096,0.0010389886156190187,becoming_michelle
1,to,11.301959037780762,0.04688399058068171,becoming_michelle
2,him to,10.547734260559082,0.19302775885444134,becoming_michelle
3,urged him to,8.993447303771973,0.3165310105396202,becoming_michelle
4,I urged him to,8.1488037109375,0.4172601944228518,becoming_michelle
1,to,11.301959037780762,0.04688399058068171,becoming_michelle
2,short to,10.779101371765137,0.1538318298116792,becoming_michelle
3,too short to,9.107450485229492,0.2826479524374008,becoming_michelle
4,"bench, too short to",8.43414306640625,0.3358583920635283,becoming_michelle
6,"the piano bench, too short to",7.614893913269043,0.3294601553498069,becoming_michelle
8,"dangled from the piano bench, too short to",7.845216274261475,0.4050809507025406,becoming_michelle
1,to,11.301959037780762,0.04688399058068171,becoming_michelle
2,over to,10.404661178588867,0.07677896233508363,becoming_michelle
3,car over to,8.681147575378418,0.0820879434395465,becoming_michelle
4,the car over to,6.37797212600708,0.052274172790930606,becoming_michelle
6,he took the car over to,7.347673416137695,0.06586008478916483,becoming_michelle
8,"was time, he took the car over to",7.34053897857666,0.07795670368795982,becoming_michelle
1,to,11.301959037780762,0.04688399058068171,becoming_michelle
2,back to,10.462959289550781,0.07999820234545041,becoming_michelle
3,gone back to,9.349040031433105,0.01957328122080071,becoming_michelle
4,I’d gone back to,8.180166244506836,0.047283212712500244,becoming_michelle
6,"In 2015, I’d gone back to",8.143448829650879,0.12980770954163745,becoming_michelle
1,to,11.301959037780762,0.04688399058068171,becoming_michelle
2,trying to,8.693740844726562,0.3652501346805366,becoming_michelle
3,about trying to,8.540658950805664,0.36353275188594125,becoming_michelle
4,been about trying to,8.105679512023926,0.4172051865316462,becoming_michelle
6,decade had been about trying to,8.373154640197754,0.3469247038883623,becoming_michelle
8,the last decade had been about trying to,8.156781196594238,0.37139069304976147,becoming_michelle
1,to,11.301959037780762,0.04688399058068171,becoming_michelle
2,house to,10.533025741577148,0.18249791527341586,becoming_michelle
3,the house to,8.4419584274292,0.2610870763746789,becoming_michelle
4,in the house to,9.118302345275879,0.3298336552179535,becoming_michelle
6,entertaining baby in the house to,8.528287887573242,0.2935182623914443,becoming_michelle
8,new and entertaining baby in the house to,8.42042064666748,0.3572756912544719,becoming_michelle
1,to,11.301959037780762,0.04688399058068171,becoming_michelle
2,Beginning to,10.008325576782227,0.23441908678069012,becoming_michelle
1,to,11.301959037780762,0.04688399058068171,becoming_michelle
2,continue to,9.602910995483398,0.23621629006811418,becoming_michelle
3,Some continue to,8.285223007202148,0.2992261558683822,becoming_michelle
1,to,11.301959037780762,0.04688399058068171,becoming_michelle
2,trip to,10.229487419128418,0.04817110032308847,becoming_michelle
3,morning trip to,9.087879180908203,0.024092681196634658,becoming_michelle
4,the morning trip to,9.366724014282227,0.025759698932233732,becoming_michelle
6,taken during the morning trip to,9.514257431030273,0.05671321022964548,becoming_michelle
8,of Sasha taken during the morning trip to,9.346814155578613,0.03157712424581405,becoming_michelle
1,to,11.301959037780762,0.04688399058068171,becoming_michelle
2,visit to,10.006379127502441,0.10371873066469561,becoming_michelle
3,could visit to,9.100630760192871,0.2591529403871391,becoming_michelle
4,kids could visit to,8.383358001708984,0.37904946485650726,becoming_michelle
6,a place kids could visit to,7.712053298950195,0.4241654725810804,becoming_michelle
8,"outdoor classroom, a place kids could visit to",6.730380535125732,0.4790686378146347,becoming_michelle
1,to,11.301959037780762,0.04688399058068171,becoming_michelle
2,used to,10.338134765625,0.2319347711309092,becoming_michelle
3,got used to,6.76766300201416,0.572522477916209,becoming_michelle
4,We got used to,5.822103500366211,0.0010422396226204,becoming_michelle
1,to,11.301959037780762,0.04688399058068171,becoming_michelle
2,bragging to,10.094884872436523,0.11800813865556847,becoming_michelle
3,"moment, bragging to",7.77052116394043,0.007636456793989055,becoming_michelle
4,"unguarded moment, bragging to",8.15114974975586,0.002463167576934211,becoming_michelle
6,"in an unguarded moment, bragging to",7.77066707611084,0.0022308972766040824,becoming_michelle
8,"Donald Trump in an unguarded moment, bragging to",6.732757091522217,0.0031507297353527974,becoming_michelle
1,to,11.301959037780762,0.04688399058068171,becoming_michelle
2,nothing to,5.548675537109375,0.6524689146244782,becoming_michelle
3,having nothing to,2.722935676574707,0.7546063303962001,becoming_michelle
4,intrigue having nothing to,0.1417887806892395,0.9892435484180453,becoming_michelle
6,and social intrigue having nothing to,0.12393534183502197,0.992415623551608,becoming_michelle
8,with activities and social intrigue having nothing to,0.1190364882349968,0.9926534171901835,becoming_michelle
1,to,11.301959037780762,0.04688399058068171,becoming_michelle
2,while to,9.762149810791016,0.2751171593699837,becoming_michelle
3,a while to,10.153032302856445,0.19430348175228573,becoming_michelle
4,in a while to,8.953460693359375,0.3893738234328339,becoming_michelle
6,stopping once in a while to,8.930108070373535,0.35647510740091093,becoming_michelle
8,"her laps, stopping once in a while to",9.03026008605957,0.2381358840793837,becoming_michelle
1,to,11.301959037780762,0.04688399058068171,becoming_michelle
2,trying to,8.693740844726562,0.3652501346805366,becoming_michelle
3,of trying to,8.8608980178833,0.33657397990464233,becoming_michelle
4,stress of trying to,8.787511825561523,0.34127475338755175,becoming_michelle
6,by the stress of trying to,8.524625778198242,0.3358760638657259,becoming_michelle
8,were crushed by the stress of trying to,8.47330093383789,0.336396757804323,becoming_michelle
1,to,11.301959037780762,0.04688399058068171,becoming_michelle
2,trip to,10.229487419128418,0.04817110032308847,becoming_michelle
3,first trip to,8.955911636352539,0.02009307777916547,becoming_michelle
4,my first trip to,9.009722709655762,0.014650368342699949,becoming_michelle
6,way from my first trip to,8.981348037719727,0.01028932096232893,becoming_michelle
8,a long way from my first trip to,8.836599349975586,0.0102429956823471,becoming_michelle
1,to,11.301959037780762,0.04688399058068171,becoming_michelle
2,about to,8.596821784973145,0.4806446935472195,becoming_michelle
3,not about to,8.430341720581055,0.4178038349200506,becoming_michelle
4,and not about to,8.09066390991211,0.4357708535535494,becoming_michelle
6,was smiling and not about to,7.622552871704102,0.39349588247205247,becoming_michelle
8,sure she was smiling and not about to,7.6700286865234375,0.3718583419067727,becoming_michelle
1,to,11.301959037780762,0.04688399058068171,becoming_michelle
2,off to,10.82055377960205,0.1685244064719882,becoming_michelle
3,heading off to,10.037242889404297,0.10252888298418839,becoming_michelle
4,about heading off to,9.671903610229492,0.11547236332989996,becoming_michelle
6,was nervous about heading off to,8.876803398132324,0.0699476381050772,becoming_michelle
1,to,11.301959037780762,0.04688399058068171,becoming_michelle
2,devoted to,10.628421783447266,0.01597969327121973,becoming_michelle
3,fully devoted to,9.199642181396484,0.004795047585503198,becoming_michelle
4,wasn’t fully devoted to,8.223272323608398,0.01097428869252326,becoming_michelle
6,because he wasn’t fully devoted to,7.295482635498047,0.00605291754254722,becoming_michelle
1,to,11.301959037780762,0.04688399058068171,becoming_michelle
2,I to,10.746950149536133,0.20847012117883423,becoming_michelle
3,sometimes I to,10.17412281036377,0.22123652619484346,becoming_michelle
4,but sometimes I to,9.76968002319336,0.16918929568782914,becoming_michelle
6,"now had, but sometimes I to",8.553135871887207,0.10588099987944588,becoming_michelle
8,"opportunities I now had, but sometimes I to",7.401108741760254,0.10183895998488879,becoming_michelle
1,to,11.301959037780762,0.04688399058068171,becoming_michelle
2,wanted to,8.028780937194824,0.5145796222495846,becoming_michelle
3,I wanted to,7.261646270751953,0.6119152731844224,becoming_michelle
4,"managing, I wanted to",7.401762962341309,0.5965611022111261,becoming_michelle
6,"how I’m managing, I wanted to",7.420267105102539,0.5654680613806704,becoming_michelle
1,to,11.301959037780762,0.04688399058068171,becoming_michelle
2,them to,10.432343482971191,0.23580608826887328,becoming_michelle
3,wanted them to,7.500186920166016,0.5072713477638899,becoming_michelle
4,I wanted them to,6.751608848571777,0.6295277231547516,becoming_michelle
6,"than anything, I wanted them to",6.30872106552124,0.657506880175788,becoming_michelle
1,to,11.301959037780762,0.04688399058068171,becoming_michelle
2,on to,10.855074882507324,0.18967465896275826,becoming_michelle
3,go on to,10.178458213806152,0.0960543534019962,becoming_michelle
4,would go on to,7.9972758293151855,0.2717027434409829,becoming_michelle
1,to,11.301959037780762,0.04688399058068171,becoming_michelle
2,next to,9.540733337402344,0.022845406114356592,becoming_michelle
3,dark next to,7.070915699005127,0.00189396222049254,becoming_michelle
4,the dark next to,5.8002519607543945,0.005703143844584702,becoming_michelle
6,Sitting in the dark next to,6.398314952850342,0.00042088996997335926,becoming_michelle
1,to,11.301959037780762,0.04688399058068171,becoming_michelle
2,Americans to,9.672918319702148,0.3049727794859791,becoming_michelle
3,wanted Americans to,8.261183738708496,0.44994329105247743,becoming_michelle
4,I wanted Americans to,4.982127666473389,0.749105766419234,becoming_michelle
1,to,11.301959037780762,0.04688399058068171,becoming_michelle
2,down to,10.555130004882812,0.12175257984927157,becoming_michelle
3,boiled down to,8.749861717224121,0.06565857493842486,becoming_michelle
4,it boiled down to,8.388574600219727,0.0069976953163859434,becoming_michelle
6,"the end, it boiled down to",7.785950183868408,0.002283246722072363,becoming_michelle
1,to,11.301959037780762,0.04688399058068171,becoming_michelle
2,hard to,9.254465103149414,0.3444346055621281,becoming_michelle
3,was hard to,7.170051574707031,0.4775400861981325,becoming_michelle
4,It was hard to,7.046603202819824,0.5100145136966603,becoming_michelle
1,to,11.301959037780762,0.04688399058068171,becoming_michelle
2,devoted to,10.628421783447266,0.01597969327121973,becoming_michelle
3,fanatically devoted to,9.493898391723633,0.003299636380688753,becoming_michelle
4,rather fanatically devoted to,9.444374084472656,0.0016982020461000502,becoming_michelle
6,was still rather fanatically devoted to,8.588656425476074,0.0016034788131946698,becoming_michelle
8,as I was still rather fanatically devoted to,9.38050365447998,0.004823192008188926,becoming_michelle
1,to,11.301959037780762,0.04688399058068171,becoming_michelle
2,day to,10.132197380065918,0.15075818188779522,becoming_michelle
3,that day to,7.162111759185791,0.28243887719872873,becoming_michelle
4,earlier that day to,9.721851348876953,0.2671285059332149,becoming_michelle
6,a memorandum earlier that day to,9.22747802734375,0.048680466527002864,becoming_michelle
8,Barack signed a memorandum earlier that day to,9.083251953125,0.13905111189524177,becoming_michelle
1,to,11.301959037780762,0.04688399058068171,becoming_michelle
2,bothered to,9.003704071044922,0.07192414712335449,becoming_michelle
3,even bothered to,8.273246765136719,0.32803123688790947,becoming_michelle
4,I’d even bothered to,7.261635780334473,0.46081874163792236,becoming_michelle
6,or whether I’d even bothered to,7.734347343444824,0.41634280812286306,becoming_michelle
8,that day or whether I’d even bothered to,7.787778377532959,0.4076687631823006,becoming_michelle
1,to,11.301959037780762,0.04688399058068171,becoming_michelle
2,dutifully to,9.686115264892578,0.1334605438823928,becoming_michelle
3,returning dutifully to,8.895630836486816,0.08103983821638394,becoming_michelle
4,"existence, returning dutifully to",7.36530876159668,0.01774297412703163,becoming_michelle
6,"my junior-associate existence, returning dutifully to",7.5445451736450195,0.05315457480173791,becoming_michelle
8,"back into my junior-associate existence, returning dutifully to",7.285452842712402,0.07612683056504466,becoming_michelle
1,to,11.301959037780762,0.04688399058068171,becoming_michelle
2,back to,10.462959289550781,0.07999820234545041,becoming_michelle
3,way back to,9.334893226623535,0.01786651337897638,becoming_michelle
4,the way back to,8.755861282348633,0.003979842927947175,becoming_michelle
6,tracked all the way back to,9.17848014831543,0.0017910506503540091,becoming_michelle
8,one that tracked all the way back to,8.173802375793457,0.00023593706282554194,becoming_michelle
1,to,11.301959037780762,0.04688399058068171,becoming_michelle
2,wanted to,8.028780937194824,0.5145796222495846,becoming_michelle
3,also wanted to,8.182568550109863,0.485925566215883,becoming_michelle
4,We also wanted to,7.3791704177856445,0.5159970951499417,becoming_michelle
1,to,11.301959037780762,0.04688399058068171,becoming_michelle
2,tended to,8.429274559020996,0.41639533315901645,becoming_michelle
3,people tended to,7.1823272705078125,0.4922030211018864,becoming_michelle
4,response people tended to,6.564140796661377,0.5389324544084957,becoming_michelle
6,by the response people tended to,6.792819023132324,0.519921478258766,becoming_michelle
8,was spawned by the response people tended to,5.3261518478393555,0.7091428060575709,becoming_michelle
1,to,11.301959037780762,0.04688399058068171,becoming_michelle
2,wanted to,8.028780937194824,0.5145796222495846,becoming_michelle
3,I wanted to,7.261646270751953,0.6119152731844224,becoming_michelle
4,thing I wanted to,6.33775520324707,0.6444348352051747,becoming_michelle
6,the last thing I wanted to,2.3622214794158936,0.9038970655560661,becoming_michelle
8,chatter was the last thing I wanted to,4.417062759399414,0.8156183665896606,becoming_michelle
1,to,11.301959037780762,0.04688399058068171,becoming_michelle
2,service to,10.262621879577637,0.15879793505882844,becoming_michelle
3,loyal service to,7.127282619476318,0.02171642151006381,becoming_michelle
4,because loyal service to,6.335081100463867,0.002249912802653853,becoming_michelle
6,in part because loyal service to,5.950500011444092,0.001036186975397868,becoming_michelle
8,"for years, in part because loyal service to",6.047348499298096,0.0005619353469228372,becoming_michelle
1,to,11.301959037780762,0.04688399058068171,becoming_michelle
2,was to,8.13720989227295,0.46113929743296467,becoming_michelle
3,This was to,7.77942419052124,0.4164915271103382,becoming_michelle
1,to,11.301959037780762,0.04688399058068171,becoming_michelle
2,going to,9.507628440856934,0.2945362215905334,becoming_michelle
3,you’re going to,8.236043930053711,0.49497724955290323,becoming_michelle
4,“If you’re going to,8.93128776550293,0.4039657966714003,becoming_michelle
1,to,11.301959037780762,0.04688399058068171,becoming_michelle
2,belonging to,9.280912399291992,0.00899223722080933,becoming_michelle
3,apartment belonging to,8.232559204101562,0.00020314197172410786,becoming_michelle
4,borrowed apartment belonging to,8.639052391052246,0.00015440964489243925,becoming_michelle
6,in a borrowed apartment belonging to,7.051148891448975,0.00019309552590129897,becoming_michelle
8,we stayed in a borrowed apartment belonging to,6.95361852645874,0.0002492474304744974,becoming_michelle
1,to,11.301959037780762,0.04688399058068171,becoming_michelle
2,came to,9.452531814575195,0.08254929742543027,becoming_michelle
3,he came to,8.602665901184082,0.17307045941561228,becoming_michelle
4,when he came to,8.803003311157227,0.13809183648845647,becoming_michelle
6,pickup games when he came to,9.006694793701172,0.04264282802614616,becoming_michelle
8,"earlier, joining pickup games when he came to",9.006061553955078,0.032013202224334236,becoming_michelle
1,to,11.301959037780762,0.04688399058068171,becoming_michelle
2,tried to,8.906847953796387,0.34192338889988605,becoming_michelle
3,I tried to,8.60469913482666,0.3759757950610947,becoming_michelle
1,to,11.301959037780762,0.04688399058068171,becoming_michelle
2,speaking to,8.630645751953125,0.008242128395067994,becoming_michelle
3,"finally, speaking to",9.048076629638672,0.0008854194384184666,becoming_michelle
4,"here, finally, speaking to",9.019346237182617,0.00094339664792642,becoming_michelle
1,to,11.301959037780762,0.04688399058068171,becoming_michelle
2,seem to,10.580755233764648,0.1929991133220028,becoming_michelle
3,couldn’t seem to,7.007288932800293,0.5326790325852926,becoming_michelle
4,we couldn’t seem to,7.345834732055664,0.45608324520435417,becoming_michelle
6,"we tried, we couldn’t seem to",6.120751857757568,0.5990315329108853,becoming_michelle
8,"how hard we tried, we couldn’t seem to",6.720097064971924,0.5204399844224099,becoming_michelle
1,to,11.301959037780762,0.04688399058068171,becoming_michelle
2,elected to,8.82023811340332,0.21241349015326705,becoming_michelle
3,was elected to,5.676768779754639,0.04762391954136547,becoming_michelle
4,Barack was elected to,5.084409713745117,0.04085596446748241,becoming_michelle
1,to,11.301959037780762,0.04688399058068171,becoming_michelle
2,need to,8.330086708068848,0.480823735735612,becoming_michelle
3,would need to,7.850728988647461,0.4847686478024116,becoming_michelle
4,I would need to,8.12812614440918,0.47147407074226066,becoming_michelle
1,to,11.301959037780762,0.04688399058068171,becoming_michelle
2,invitation to,10.333734512329102,0.12055176412104629,becoming_michelle
3,an invitation to,9.12878131866455,0.14750543580885278,becoming_michelle
4,was an invitation to,9.677956581115723,0.18845976718876045,becoming_michelle
1,to,11.301959037780762,0.04688399058068171,becoming_michelle
2,have to,7.693484306335449,0.5125033228687244,becoming_michelle
3,always have to,8.397265434265137,0.38909819825494196,becoming_michelle
4,we’d always have to,8.055846214294434,0.43668092945881654,becoming_michelle
6,a thing we’d always have to,5.746198654174805,0.5277427061264461,becoming_michelle
8,It was a thing we’d always have to,5.542479991912842,0.47209951516924775,becoming_michelle
1,to,11.301959037780762,0.04688399058068171,becoming_michelle
2,went to,9.33336353302002,0.12462018644873751,becoming_michelle
3,I went to,7.981722831726074,0.1223936543246964,becoming_michelle
1,to,11.301959037780762,0.04688399058068171,becoming_michelle
2,talk to,8.899880409240723,0.008553328974812757,becoming_michelle
3,would talk to,6.644340991973877,0.0005963711628282908,becoming_michelle
4,and would talk to,6.783261775970459,0.0008279612484329846,becoming_michelle
6,IVF literature and would talk to,7.570996284484863,0.0007683063304284588,becoming_michelle
8,all the IVF literature and would talk to,6.896003246307373,0.0006604112168133724,becoming_michelle
1,to,11.301959037780762,0.04688399058068171,becoming_michelle
2,it to,10.504074096679688,0.21328070812887745,becoming_michelle
3,resold it to,9.369791030883789,0.16582482447847724,becoming_michelle
4,had resold it to,8.968265533447266,0.010085076719406061,becoming_michelle
6,his agent had resold it to,8.16504192352295,0.005860658042365685,becoming_michelle
8,"of months, his agent had resold it to",7.984617233276367,0.008485149584885221,becoming_michelle
1,to,11.301959037780762,0.04688399058068171,becoming_michelle
2,much to,8.158526420593262,0.2360898369224742,becoming_michelle
3,done much to,9.050172805786133,0.24580875920219114,becoming_michelle
4,really done much to,8.081932067871094,0.34660305616853293,becoming_michelle
6,we hadn’t really done much to,7.933526039123535,0.35321971018856857,becoming_michelle
8,as if we hadn’t really done much to,8.53892707824707,0.2858069411595352,becoming_michelle
1,to,11.301959037780762,0.04688399058068171,becoming_michelle
2,her to,10.361010551452637,0.21018188078596722,becoming_michelle
3,following her to,7.592158794403076,0.0712834037549328,becoming_michelle
4,guns following her to,9.263114929199219,0.07053207318676868,becoming_michelle
6,men with guns following her to,8.119671821594238,0.04428115772316232,becoming_michelle
8,she’d have men with guns following her to,8.622882843017578,0.09739111734961625,becoming_michelle
1,to,11.301959037780762,0.04688399058068171,becoming_michelle
2,according to,9.685174942016602,0.0016906626769923605,becoming_michelle
3,"fact, according to",8.818025588989258,0.001720605418086052,becoming_michelle
4,"in fact, according to",8.331287384033203,0.0014033692859811708,becoming_michelle
6,"million worldwide, in fact, according to",7.835506916046143,0.001237425945873838,becoming_michelle
8,"than 98 million worldwide, in fact, according to",7.40824556350708,0.0012075333652319387,becoming_michelle
1,to,11.301959037780762,0.04688399058068171,becoming_michelle
2,out to,10.812771797180176,0.15132824711326975,becoming_michelle
3,reached out to,9.219767570495605,0.03846903739759,becoming_michelle
4,"meanwhile, reached out to",9.565450668334961,0.0175861232492025,becoming_michelle
1,to,11.301959037780762,0.04688399058068171,becoming_michelle
2,trying to,8.693740844726562,0.3652501346805366,becoming_michelle
3,now trying to,8.6478910446167,0.33549602785205934,becoming_michelle
4,was now trying to,8.57695484161377,0.32718029245734215,becoming_michelle
6,shifted: I was now trying to,8.241808891296387,0.3409508883196395,becoming_michelle
8,axis had shifted: I was now trying to,8.630613327026367,0.31211390244425274,becoming_michelle
1,to,11.301959037780762,0.04688399058068171,becoming_michelle
2,trying to,8.693740844726562,0.3652501346805366,becoming_michelle
3,"fence, trying to",8.952428817749023,0.26515616037067957,becoming_michelle
4,"iron fence, trying to",8.692691802978516,0.25037656926724594,becoming_michelle
6,"through the iron fence, trying to",8.37533950805664,0.31306922757357825,becoming_michelle
8,"and peering through the iron fence, trying to",7.491933345794678,0.41417933300544973,becoming_michelle
1,to,11.301959037780762,0.04688399058068171,becoming_michelle
2,dispatched to,10.093523025512695,0.03994210282689892,becoming_michelle
3,been dispatched to,9.444400787353516,0.0802162065228913,becoming_michelle
4,having been dispatched to,9.7756986618042,0.06191001799015794,becoming_michelle
6,"Washington, D.C., having been dispatched to",9.168054580688477,0.049720097704266664,becoming_michelle
8,"hotel in Washington, D.C., having been dispatched to",9.050819396972656,0.06876375527644996,becoming_michelle
1,to,11.301959037780762,0.04688399058068171,becoming_michelle
2,often to,10.182485580444336,0.19876348126854282,becoming_michelle
3,was often to,8.081289291381836,0.4086497816606425,becoming_michelle
4,it was often to,9.30068588256836,0.2473304452141747,becoming_michelle
6,"a tragedy, it was often to",8.229201316833496,0.1966100212666788,becoming_michelle
8,"wake of a tragedy, it was often to",8.348672866821289,0.2100240159634268,becoming_michelle
1,to,11.301959037780762,0.04688399058068171,becoming_michelle
2,come to,9.636194229125977,0.07155712322855834,becoming_michelle
3,had come to,8.47880744934082,0.2381614171899855,becoming_michelle
4,others had come to,8.944291114807129,0.21530732038081624,becoming_michelle
6,Thousands of others had come to,8.606222152709961,0.1533115458805696,becoming_michelle
1,to,11.301959037780762,0.04688399058068171,becoming_michelle
2,"want, to",9.027379989624023,0.3783139235820272,becoming_michelle
3,"that want, to",8.05505084991455,0.47697397370939143,becoming_michelle
4,"all that want, to",8.803112030029297,0.42094008132698946,becoming_michelle
6,"name of all that want, to",8.854629516601562,0.4015324497304391,becoming_michelle
8,"in the name of all that want, to",8.567224502563477,0.42730698047671467,becoming_michelle
1,to,11.301959037780762,0.04688399058068171,becoming_michelle
2,just to,8.734832763671875,0.3803545073751593,becoming_michelle
3,"arms, just to",6.712806701660156,0.44120684880545014,becoming_michelle
4,"my arms, just to",7.008238792419434,0.5754760466516018,becoming_michelle
6,"and pinwheel my arms, just to",6.978938579559326,0.5934065890869533,becoming_michelle
8,"squat, lunge, and pinwheel my arms, just to",7.245481014251709,0.5523123258244595,becoming_michelle
1,to,11.301959037780762,0.04688399058068171,becoming_michelle
2,got to,8.610681533813477,0.4214972155386931,becoming_michelle
3,we got to,7.360039710998535,0.5878281739060185,becoming_michelle
4,"left, we got to",8.403244018554688,0.38206247319612885,becoming_michelle
6,"Once he’d left, we got to",7.91892147064209,0.31012852709318395,becoming_michelle
1,to,11.301959037780762,0.04688399058068171,becoming_michelle
2,have to,7.693484306335449,0.5125033228687244,becoming_michelle
3,you have to,8.193089485168457,0.4583081133896485,becoming_michelle
4,"Michelle, you have to",7.1688232421875,0.5346290446614148,becoming_michelle
6,"a liability, Michelle, you have to",7.40620231628418,0.5283905053438502,becoming_michelle
8,"asset than a liability, Michelle, you have to",7.265246868133545,0.5350391180109,becoming_michelle
1,to,11.301959037780762,0.04688399058068171,becoming_michelle
2,nothing to,5.548675537109375,0.6524689146244782,becoming_michelle
3,had nothing to,2.4599554538726807,0.781288423389924,becoming_michelle
4,We had nothing to,3.2162482738494873,0.7649841695092618,becoming_michelle
1,to,11.301959037780762,0.04688399058068171,becoming_michelle
2,chose to,10.32659912109375,0.22503081923059653,becoming_michelle
3,who chose to,7.966227054595947,0.31506723127677105,becoming_michelle
4,spouses who chose to,6.365132808685303,0.40392637612239923,becoming_michelle
6,senators with spouses who chose to,7.073954105377197,0.2909902239443909,becoming_michelle
8,were other senators with spouses who chose to,6.973572731018066,0.30606127332430333,becoming_michelle
1,to,11.301959037780762,0.04688399058068171,becoming_michelle
2,need to,8.330086708068848,0.480823735735612,becoming_michelle
3,didn’t need to,7.161053657531738,0.5016799397417344,becoming_michelle
4,I didn’t need to,7.573309421539307,0.3884881595004117,becoming_michelle
1,to,11.301959037780762,0.04688399058068171,becoming_michelle
2,seemed to,6.290616512298584,0.5762102944718208,becoming_michelle
3,grandparents seemed to,6.906792640686035,0.5374929710233118,becoming_michelle
4,his grandparents seemed to,6.4240288734436035,0.5583728569035884,becoming_michelle
6,"the 1940s, his grandparents seemed to",6.164802551269531,0.613140180503251,becoming_michelle
8,"back in the 1940s, his grandparents seemed to",6.301595211029053,0.6025568613549694,becoming_michelle
1,to,11.301959037780762,0.04688399058068171,becoming_michelle
2,listen to,10.100570678710938,0.1943656179428217,becoming_michelle
3,didn’t listen to,6.651078224182129,0.0015652716247132048,becoming_michelle
4,I didn’t listen to,6.757260322570801,0.0017391409382980783,becoming_michelle
1,to,11.301959037780762,0.04688399058068171,becoming_michelle
2,wanted to,8.028780937194824,0.5145796222495846,becoming_michelle
3,I wanted to,7.261646270751953,0.6119152731844224,becoming_michelle
1,to,11.301959037780762,0.04688399058068171,becoming_michelle
2,steamed to,9.708882331848145,0.12701964564621449,becoming_michelle
3,been steamed to,8.487327575683594,0.03791851244022837,becoming_michelle
4,had been steamed to,8.935319900512695,0.05846766943432158,becoming_michelle
6,the carpets had been steamed to,8.314176559448242,0.12652604476170382,becoming_michelle
8,"five hours, the carpets had been steamed to",8.560230255126953,0.08909151966508944,becoming_michelle
1,to,11.301959037780762,0.04688399058068171,becoming_michelle
2,amusing to,9.162721633911133,0.3096665619596024,becoming_michelle
3,Most amusing to,4.211778163909912,0.24235080322432623,becoming_michelle
1,to,11.301959037780762,0.04688399058068171,becoming_michelle
2,come to,9.636194229125977,0.07155712322855834,becoming_michelle
3,would come to,7.923275947570801,0.13357989334326703,becoming_michelle
4,questions would come to,5.489944934844971,0.028328935437457403,becoming_michelle
6,but these questions would come to,5.894468307495117,0.046051511679252144,becoming_michelle
8,"it then, but these questions would come to",6.291373252868652,0.06541796248711762,becoming_michelle
1,to,11.301959037780762,0.04688399058068171,becoming_michelle
2,action to,10.631471633911133,0.1285614837979665,becoming_michelle
3,no action to,9.00661563873291,0.13758077327656792,becoming_michelle
4,with no action to,8.306912422180176,0.25334112581185764,becoming_michelle
6,of crisis with no action to,6.992179870605469,0.28074810320686083,becoming_michelle
8,during times of crisis with no action to,6.496852874755859,0.43579382708412595,becoming_michelle
1,to,11.301959037780762,0.04688399058068171,becoming_michelle
2,go to,10.341914176940918,0.09837995350244455,becoming_michelle
3,could go to,8.51193904876709,0.037571792337985244,becoming_michelle
4,they could go to,8.488690376281738,0.02931838177028112,becoming_michelle
6,on where they could go to,8.595772743225098,0.14125795408472186,becoming_michelle
8,educating them on where they could go to,7.059335231781006,0.3628990858051111,becoming_michelle
1,to,11.301959037780762,0.04688399058068171,becoming_michelle
2,foreign to,9.531787872314453,0.05303241753426846,becoming_michelle
3,were foreign to,7.107707500457764,0.0019119744465569966,becoming_michelle
4,that were foreign to,6.965445518493652,0.0005901536060264334,becoming_michelle
6,about things that were foreign to,6.219002723693848,0.0003919584851246327,becoming_michelle
8,They talked about things that were foreign to,4.630706310272217,0.00019013827659364324,becoming_michelle
1,to,11.301959037780762,0.04688399058068171,becoming_michelle
2,money to,9.776447296142578,0.17237959837075323,becoming_michelle
3,enough money to,7.942864418029785,0.3639996454148786,becoming_michelle
4,raised enough money to,6.813706398010254,0.35329380604889593,becoming_michelle
6,They’d also raised enough money to,6.337340354919434,0.28984018855953764,becoming_michelle
1,"to,",10.341607093811035,0.011373854125849903,becoming_michelle
2,"wanted to,",7.306212902069092,0.01738601329998346,becoming_michelle
3,"ever wanted to,",6.066524982452393,0.005095661706945975,becoming_michelle
4,"we ever wanted to,",6.009199142456055,0.014420121209695935,becoming_michelle
6,"food than we ever wanted to,",6.283769607543945,0.011308055836707354,becoming_michelle
8,"more fast food than we ever wanted to,",6.550837516784668,0.011007004759449046,becoming_michelle
1,to,11.301959037780762,0.04688399058068171,becoming_michelle
2,visits to,10.082138061523438,0.048669952935597394,becoming_michelle
3,during visits to,9.193714141845703,0.012225848418893293,becoming_michelle
4,met during visits to,9.585519790649414,0.007981068280059844,becoming_michelle
6,families I met during visits to,8.86550521850586,0.011060970464313868,becoming_michelle
8,and military families I met during visits to,8.502270698547363,0.004771221567352768,becoming_michelle
1,to,11.301959037780762,0.04688399058068171,becoming_michelle
2,went to,9.33336353302002,0.12462018644873751,becoming_michelle
3,I went to,7.981722831726074,0.1223936543246964,becoming_michelle
4,and I went to,7.955198764801025,0.16552917073568096,becoming_michelle
6,"morning, Barack and I went to",7.240697860717773,0.09094317894778214,becoming_michelle
1,to,11.301959037780762,0.04688399058068171,becoming_michelle
2,system to,9.818031311035156,0.2166179997875588,becoming_michelle
3,cabinet system to,9.305161476135254,0.2108347547982703,becoming_michelle
4,elaborate cabinet system to,9.154928207397461,0.20010868554527406,becoming_michelle
6,built an elaborate cabinet system to,7.8018479347229,0.1693945571241784,becoming_michelle
8,"room, he built an elaborate cabinet system to",7.329742908477783,0.18984499299403979,becoming_michelle
1,to,11.301959037780762,0.04688399058068171,becoming_michelle
2,perceived to,8.613155364990234,0.3917596306419,becoming_michelle
3,he perceived to,3.0357742309570312,0.8387147442535934,becoming_michelle
4,them—whom he perceived to,1.8635706901550293,0.9047533110897348,becoming_michelle
6,he called them—whom he perceived to,1.3352028131484985,0.9377294835740031,becoming_michelle
8,"black men—“boo-boos,” he called them—whom he perceived to",1.9508650302886963,0.8928948236261931,becoming_michelle
1,to,11.301959037780762,0.04688399058068171,becoming_michelle
2,her to,10.361010551452637,0.21018188078596722,becoming_michelle
3,took her to,7.079984664916992,0.05360359301994322,becoming_michelle
4,we took her to,7.374503135681152,0.0645970372352167,becoming_michelle
6,"months old, we took her to",6.205603122711182,0.04343362245344906,becoming_michelle
8,"almost eighteen months old, we took her to",6.272162914276123,0.04352258336439263,becoming_michelle
1,to,11.301959037780762,0.04688399058068171,becoming_michelle
2,seemed to,6.290616512298584,0.5762102944718208,becoming_michelle
3,and seemed to,7.338372230529785,0.5246678574476391,becoming_michelle
4,available and seemed to,7.347937107086182,0.5106813420425169,becoming_michelle
6,AP class available and seemed to,6.968321323394775,0.5436916290927911,becoming_michelle
8,for every AP class available and seemed to,7.049339294433594,0.5487745159771293,becoming_michelle
1,to,11.301959037780762,0.04688399058068171,becoming_michelle
2,"This, to",4.92934513092041,0.14546837194575346,becoming_michelle
1,to,11.301959037780762,0.04688399058068171,becoming_michelle
2,belonged to,9.174209594726562,0.016131807235069573,becoming_michelle
3,I belonged to,5.701366901397705,0.0009222326916642487,becoming_michelle
4,and I belonged to,5.718377113342285,0.000899566995940404,becoming_michelle
1,to,11.301959037780762,0.04688399058068171,becoming_michelle
2,“mommy” to,10.144807815551758,0.18898283920862013,becoming_michelle
3,playing “mommy” to,10.570816040039062,0.15025467093801126,becoming_michelle
4,days playing “mommy” to,10.287299156188965,0.11817713257187279,becoming_michelle
6,passed whole days playing “mommy” to,10.138787269592285,0.06113214832294034,becoming_michelle
8,"girl, I’d passed whole days playing “mommy” to",8.479751586914062,0.021164415309613105,becoming_michelle
1,to,11.301959037780762,0.04688399058068171,becoming_michelle
2,eagerness to,9.93223762512207,0.26147511991439387,becoming_michelle
3,his eagerness to,9.662352561950684,0.2570933948154561,becoming_michelle
4,of his eagerness to,9.433316230773926,0.29684384708525613,becoming_michelle
6,an indication of his eagerness to,8.969834327697754,0.30357749547692947,becoming_michelle
8,"eternal optimism, an indication of his eagerness to",8.413732528686523,0.34905882510065567,becoming_michelle
1,to,11.301959037780762,0.04688399058068171,becoming_michelle
2,up to,10.544133186340332,0.17302356475556735,becoming_michelle
3,showed up to,9.689004898071289,0.12687723085400648,becoming_michelle
4,I showed up to,7.453583717346191,0.2870220543227333,becoming_michelle
6,sweltering summer I showed up to,6.809764385223389,0.33475658054521773,becoming_michelle
8,on the sweltering summer I showed up to,7.17348051071167,0.26327061890333425,becoming_michelle
1,to,11.301959037780762,0.04688399058068171,becoming_michelle
2,wanting to,8.681371688842773,0.4240463103633374,becoming_michelle
3,about wanting to,7.975870132446289,0.5116786865473841,becoming_michelle
4,serious about wanting to,8.213944435119629,0.4750404204824008,becoming_michelle
6,he was serious about wanting to,7.373075485229492,0.5215895519031619,becoming_michelle
8,suggested that he was serious about wanting to,7.950465679168701,0.4486134983089869,becoming_michelle
1,to,11.301959037780762,0.04688399058068171,becoming_michelle
2,continuing to,9.606350898742676,0.2352804601105163,becoming_michelle
3,"predictability, continuing to",9.202698707580566,0.2559350570081733,becoming_michelle
4,"varying predictability, continuing to",8.93563461303711,0.23833148849371355,becoming_michelle
6,"life with varying predictability, continuing to",9.126598358154297,0.2562677117821295,becoming_michelle
8,"of my life with varying predictability, continuing to",8.763079643249512,0.364334313897416,becoming_michelle
1,to,11.301959037780762,0.04688399058068171,becoming_michelle
2,always to,9.517705917358398,0.33367611170979217,becoming_michelle
3,tried always to,8.21898078918457,0.46604049719462637,becoming_michelle
4,I’d tried always to,7.885172367095947,0.47196851650369354,becoming_michelle
1,to,11.301959037780762,0.04688399058068171,becoming_michelle
2,treks to,10.343365669250488,0.16278409872029442,becoming_michelle
3,weekly treks to,10.244278907775879,0.09123325775726698,becoming_michelle
4,his weekly treks to,9.645792007446289,0.0290712283749599,becoming_michelle
6,continued making his weekly treks to,8.719904899597168,0.039189844916108996,becoming_michelle
8,and Barack continued making his weekly treks to,8.368020057678223,0.026409717567730695,becoming_michelle
1,to,11.301959037780762,0.04688399058068171,becoming_michelle
2,allowed to,8.874320983886719,0.3262006512086373,becoming_michelle
3,wasn’t allowed to,8.712809562683105,0.3452179871092085,becoming_michelle
4,Rex wasn’t allowed to,7.5132155418396,0.45439024938241346,becoming_michelle
6,"mother’s orders, Rex wasn’t allowed to",7.512430667877197,0.46540024198475294,becoming_michelle
8,"Per my mother’s orders, Rex wasn’t allowed to",6.975710868835449,0.5041865263701766,becoming_michelle
1,to,11.301959037780762,0.04688399058068171,becoming_michelle
2,time to,10.19554615020752,0.23096383784286445,becoming_michelle
3,little time to,8.576483726501465,0.36103055549028795,becoming_michelle
4,had little time to,8.11818790435791,0.22095406379230553,becoming_michelle
1,to,11.301959037780762,0.04688399058068171,becoming_michelle
2,content to,9.238059997558594,0.13212025922257453,becoming_michelle
3,more content to,8.291849136352539,0.29744312888215063,becoming_michelle
4,was more content to,8.840667724609375,0.34355071693426,becoming_michelle
1,to,11.301959037780762,0.04688399058068171,becoming_michelle
2,reported to,9.313579559326172,0.2073900147806853,becoming_michelle
3,she’d reported to,7.9607319831848145,0.1468807114943047,becoming_michelle
4,"Mom,” she’d reported to",7.934321403503418,0.0908228947155294,becoming_michelle
6,"clean there, Mom,” she’d reported to",7.215351581573486,0.0645504381536739,becoming_michelle
8,"“It’s so clean there, Mom,” she’d reported to",7.011164665222168,0.0844187244438217,becoming_michelle
1,to,11.301959037780762,0.04688399058068171,becoming_michelle
2,polling to,9.69583511352539,0.21249135109246708,becoming_michelle
3,and polling to,8.72829818725586,0.29815008046716684,becoming_michelle
4,politics and polling to,8.839776992797852,0.2621397684197291,becoming_michelle
6,enough about politics and polling to,8.523063659667969,0.3480340808237088,becoming_michelle
8,we understood enough about politics and polling to,7.481829643249512,0.5030346478743013,becoming_michelle
1,to,11.301959037780762,0.04688399058068171,becoming_michelle
2,is to,10.577737808227539,0.21192649377917405,becoming_michelle
3,Which is to,1.3633397817611694,0.05003787752320932,becoming_michelle
1,to,11.301959037780762,0.04688399058068171,becoming_michelle
2,coffee to,10.169885635375977,0.2031332804908743,becoming_michelle
3,their coffee to,9.422757148742676,0.23206077932263725,becoming_michelle
4,heels—carrying their coffee to,7.173916816711426,0.09348868188681081,becoming_michelle
6,and clicking heels—carrying their coffee to,6.441290855407715,0.09583183517315774,becoming_michelle
8,and skirts and clicking heels—carrying their coffee to,6.660233020782471,0.09133357175960555,becoming_michelle
1,to,11.301959037780762,0.04688399058068171,becoming_michelle
2,myself to,9.506780624389648,0.3326527826284291,becoming_michelle
3,bring myself to,9.556602478027344,0.1861239779391326,becoming_michelle
4,couldn’t bring myself to,8.83775520324707,0.3218498142086901,becoming_michelle
6,I also couldn’t bring myself to,7.976707458496094,0.33119298158271704,becoming_michelle
8,"another, but I also couldn’t bring myself to",8.025129318237305,0.31772360412287526,becoming_michelle
1,to,11.301959037780762,0.04688399058068171,becoming_michelle
2,were to,8.152725219726562,0.4726297362940386,becoming_michelle
3,discontents were to,7.513059139251709,0.49405537548591383,becoming_michelle
4,and discontents were to,5.766629219055176,0.5796935010293964,becoming_michelle
6,her doubts and discontents were to,5.554145336151123,0.5620356643012201,becoming_michelle
8,announced whatever her doubts and discontents were to,7.723081588745117,0.3545381834555883,becoming_michelle
1,to,11.301959037780762,0.04688399058068171,becoming_michelle
2,continuing to,9.606350898742676,0.2352804601105163,becoming_michelle
3,was continuing to,9.427536964416504,0.24689224793110043,becoming_michelle
4,reputation was continuing to,7.852829456329346,0.21264490524481516,becoming_michelle
6,"firm, his reputation was continuing to",6.0787224769592285,0.17199531288497383,becoming_michelle
8,"Inside the firm, his reputation was continuing to",5.637624263763428,0.1140141029645747,becoming_michelle
1,to,11.301959037780762,0.04688399058068171,becoming_michelle
2,used to,10.338134765625,0.2319347711309092,becoming_michelle
3,was used to,9.87428092956543,0.15705955543671735,becoming_michelle
4,He was used to,9.519412994384766,0.04818931905901991,becoming_michelle
1,to,11.301959037780762,0.04688399058068171,becoming_michelle
2,used to,10.338134765625,0.2319347711309092,becoming_michelle
3,was used to,9.87428092956543,0.15705955543671735,becoming_michelle
4,I was used to,8.289752960205078,0.0064960599556798115,becoming_michelle
1,to,11.301959037780762,0.04688399058068171,becoming_michelle
2,hard to,9.254465103149414,0.3444346055621281,becoming_michelle
3,It’s hard to,5.6023125648498535,0.5234920156635781,becoming_michelle
1,to,11.301959037780762,0.04688399058068171,becoming_michelle
2,talk to,8.899880409240723,0.008553328974812757,becoming_michelle
3,guys talk to,8.517860412597656,0.0011822194792330265,becoming_michelle
4,you guys talk to,6.929226875305176,0.0012533674562291708,becoming_michelle
6,“Why didn’t you guys talk to,5.6185712814331055,0.000557580977329053,becoming_michelle
1,to,11.301959037780762,0.04688399058068171,becoming_michelle
2,had to,8.512750625610352,0.43977180296496954,becoming_michelle
3,it had to,7.7644453048706055,0.4887883633200545,becoming_michelle
4,why it had to,3.5663301944732666,0.791640327861387,becoming_michelle
6,good reason why it had to,2.9946515560150146,0.8377450333045999,becoming_michelle
8,was no good reason why it had to,3.0189197063446045,0.8285896053630495,becoming_michelle
1,to,11.301959037780762,0.04688399058068171,becoming_michelle
2,drawn to,9.778217315673828,0.06703169537649956,becoming_michelle
3,were drawn to,8.382697105407715,0.05432063977787038,becoming_michelle
4,People were drawn to,6.844970226287842,0.029204616213974077,becoming_michelle
1,to,11.301959037780762,0.04688399058068171,becoming_michelle
2,going to,9.507628440856934,0.2945362215905334,becoming_michelle
3,was going to,7.571882247924805,0.5429671626043273,becoming_michelle
4,He was going to,7.448050498962402,0.5525927360722562,becoming_michelle
1,to,11.301959037780762,0.04688399058068171,becoming_michelle
2,blessing to,8.925505638122559,0.09031808414147235,becoming_michelle
3,a blessing to,8.631539344787598,0.1298982211301336,becoming_michelle
4,was a blessing to,7.386059284210205,0.16609859064192278,becoming_michelle
6,So it was a blessing to,4.905101776123047,0.7761387989648938,becoming_michelle
1,To,10.95307731628418,0.0984644319396466,becoming_michelle
1,to,11.301959037780762,0.04688399058068171,becoming_michelle
2,wanted to,8.028780937194824,0.5145796222495846,becoming_michelle
3,I wanted to,7.261646270751953,0.6119152731844224,becoming_michelle
4,than I wanted to,7.183838844299316,0.45719717707834207,becoming_michelle
6,parents financially than I wanted to,5.617240905761719,0.39178233257553075,becoming_michelle
8,on my parents financially than I wanted to,5.5694475173950195,0.34111479320563376,becoming_michelle
1,to,11.301959037780762,0.04688399058068171,becoming_michelle
2,working to,9.348227500915527,0.3089983857644256,becoming_michelle
3,actively working to,8.151361465454102,0.2679607097670669,becoming_michelle
4,now actively working to,7.706813335418701,0.24652246276309597,becoming_michelle
6,Trump was now actively working to,8.43697738647461,0.14940566768927965,becoming_michelle
1,to,11.301959037780762,0.04688399058068171,becoming_michelle
2,came to,9.452531814575195,0.08254929742543027,becoming_michelle
3,it came to,7.874906063079834,0.15174923559243325,becoming_michelle
4,when it came to,11.086935043334961,0.0021747013815911487,becoming_michelle
1,to,11.301959037780762,0.04688399058068171,becoming_michelle
2,free to,9.872657775878906,0.25373001867410494,becoming_michelle
3,were free to,8.75106430053711,0.3358825940522365,becoming_michelle
4,dogs were free to,8.491500854492188,0.3159544327427284,becoming_michelle
1,to,11.301959037780762,0.04688399058068171,becoming_michelle
2,them to,10.432343482971191,0.23580608826887328,becoming_michelle
3,asked them to,8.730889320373535,0.37008082623651717,becoming_michelle
4,we asked them to,8.507426261901855,0.2948559208889492,becoming_michelle
6,"evening performance, we asked them to",7.487059116363525,0.16595448262887658,becoming_michelle
8,"for an evening performance, we asked them to",8.255511283874512,0.3345071771473158,becoming_michelle
1,to,11.301959037780762,0.04688399058068171,becoming_michelle
2,had to,8.512750625610352,0.43977180296496954,becoming_michelle
3,just had to,8.392037391662598,0.41969050533953123,becoming_michelle
4,I just had to,7.692332744598389,0.508381051622564,becoming_michelle
1,to,11.301959037780762,0.04688399058068171,becoming_michelle
2,check to,9.236971855163574,0.26909628449357115,becoming_michelle
3,he’d check to,5.085291385650635,0.6314572220435366,becoming_michelle
4,if he’d check to,2.809608221054077,0.8518871419155403,becoming_michelle
6,and asked if he’d check to,1.8044047355651855,0.9230395170707197,becoming_michelle
8,one day and asked if he’d check to,1.6358776092529297,0.9380845833529747,becoming_michelle
1,to,11.301959037780762,0.04688399058068171,becoming_michelle
2,began to,9.51965618133545,0.3071557691437192,becoming_michelle
3,I began to,7.636723041534424,0.35854522374575026,becoming_michelle
4,"doctor, I began to",7.561421871185303,0.3797744591429364,becoming_michelle
6,"with the doctor, I began to",7.48677396774292,0.41858923362451605,becoming_michelle
8,"Talking further with the doctor, I began to",7.523459434509277,0.4069893290725304,becoming_michelle
1,to,11.301959037780762,0.04688399058068171,becoming_michelle
2,seemed to,6.290616512298584,0.5762102944718208,becoming_michelle
3,that seemed to,7.2915496826171875,0.4486599505398772,becoming_michelle
4,poll that seemed to,8.436201095581055,0.2886364865116775,becoming_michelle
6,a preliminary poll that seemed to,5.63887882232666,0.27518920456532214,becoming_michelle
8,had conducted a preliminary poll that seemed to,5.275208950042725,0.296178679807781,becoming_michelle
1,to,11.301959037780762,0.04688399058068171,becoming_michelle
2,able to,10.220282554626465,0.20278842997504398,becoming_michelle
3,them able to,9.60715103149414,0.26348242021049373,becoming_michelle
4,of them able to,9.19528865814209,0.32357352392864414,becoming_michelle
6,"rapport, both of them able to",9.333999633789062,0.2858285427791998,becoming_michelle
8,"a natural rapport, both of them able to",9.04115104675293,0.2820981378608849,becoming_michelle
1,to,11.301959037780762,0.04688399058068171,becoming_michelle
2,begin to,10.271138191223145,0.2327219891376444,becoming_michelle
3,even begin to,8.985578536987305,0.31987319147447124,becoming_michelle
4,couldn’t even begin to,8.9207181930542,0.2556979895452969,becoming_michelle
1,to,11.301959037780762,0.04688399058068171,becoming_michelle
2,divisions to,9.017003059387207,0.2605684193331399,becoming_michelle
3,the divisions to,8.211160659790039,0.2994785400078399,becoming_michelle
4,of the divisions to,8.862546920776367,0.2804217091470491,becoming_michelle
6,seen enough of the divisions to,8.833782196044922,0.3744265640852973,becoming_michelle
8,But I’d seen enough of the divisions to,6.205245018005371,0.6144239289715188,becoming_michelle
1,to,11.301959037780762,0.04688399058068171,becoming_michelle
2,correspondence to,9.865635871887207,0.009095568646444008,becoming_michelle
3,sample correspondence to,9.470051765441895,0.0665928617308964,becoming_michelle
4,and sample correspondence to,9.529470443725586,0.11631088762078434,becoming_michelle
6,"lists, calendars, and sample correspondence to",8.952003479003906,0.22305867417890113,becoming_michelle
8,"together contact lists, calendars, and sample correspondence to",8.87682819366455,0.2323559535725508,becoming_michelle
1,to,11.301959037780762,0.04688399058068171,becoming_michelle
2,late to,10.498445510864258,0.12935453104728367,becoming_michelle
3,them late to,9.77309799194336,0.19423840221134014,becoming_michelle
4,delivering them late to,7.819681167602539,0.11730661059118574,becoming_michelle
6,parents for delivering them late to,5.5458784103393555,0.24849200325479615,becoming_michelle
8,out their parents for delivering them late to,4.488665580749512,0.18999531322515395,becoming_michelle
1,to,11.301959037780762,0.04688399058068171,becoming_michelle
2,claim to,9.815834999084473,0.2266538284093258,becoming_michelle
3,would claim to,5.232276916503906,0.7033806346080382,becoming_michelle
4,who would claim to,4.413293361663818,0.7420786036600475,becoming_michelle
6,wealthy women who would claim to,3.851625442504883,0.7625488217418024,becoming_michelle
8,wine with wealthy women who would claim to,3.780582904815674,0.7560248915451666,becoming_michelle
1,to,11.301959037780762,0.04688399058068171,becoming_michelle
2,started to,9.334545135498047,0.33192516933195293,becoming_michelle
3,head started to,9.310473442077637,0.2646024147688877,becoming_michelle
4,my head started to,7.609175205230713,0.09023023963527521,becoming_michelle
6,"time passed, my head started to",5.601774215698242,0.054762785399361746,becoming_michelle
8,"As more time passed, my head started to",5.915791988372803,0.07796695314573299,becoming_michelle
1,to,11.301959037780762,0.04688399058068171,becoming_michelle
2,us to,10.78658676147461,0.18632635130779818,becoming_michelle
3,raised us to,9.746148109436035,0.16296445656917058,becoming_michelle
4,she’d raised us to,8.442893981933594,0.22938520417665131,becoming_michelle
6,confidence that she’d raised us to,7.497818946838379,0.35561642498214496,becoming_michelle
8,the quiet confidence that she’d raised us to,7.465676307678223,0.370952044853766,becoming_michelle
1,to,11.301959037780762,0.04688399058068171,becoming_michelle
2,young to,10.3968505859375,0.18262009139289148,becoming_michelle
3,too young to,6.950323104858398,0.5495730681723217,becoming_michelle
4,still too young to,6.691208839416504,0.5670014921633992,becoming_michelle
6,"pain, but still too young to",7.179790496826172,0.5296957987884525,becoming_michelle
8,"wailing in pain, but still too young to",7.188657760620117,0.5190718476223992,becoming_michelle
1,to,11.301959037780762,0.04688399058068171,becoming_michelle
2,temperament to,10.175527572631836,0.10856824806251097,becoming_michelle
3,the temperament to,8.686651229858398,0.3496773241495248,becoming_michelle
4,had the temperament to,8.437996864318848,0.40287839810480364,becoming_michelle
6,presidency and had the temperament to,7.807135105133057,0.38900414743693545,becoming_michelle
8,of the presidency and had the temperament to,6.261682987213135,0.47584552408079617,becoming_michelle
1,to,11.301959037780762,0.04688399058068171,becoming_michelle
2,out to,10.812771797180176,0.15132824711326975,becoming_michelle
3,turned out to,2.9123315811157227,0.8358568071198533,becoming_michelle
4,This turned out to,0.44402509927749634,0.9780116325407562,becoming_michelle
1,to,11.301959037780762,0.04688399058068171,becoming_michelle
2,going to,9.507628440856934,0.2945362215905334,becoming_michelle
3,wasn’t going to,8.215985298156738,0.48108033157041064,becoming_michelle
4,It wasn’t going to,3.903088331222534,0.5982678904601926,becoming_michelle
1,to,11.301959037780762,0.04688399058068171,becoming_michelle
2,how to,9.038185119628906,0.3491102361076628,becoming_michelle
3,figured how to,9.055521011352539,0.3316942859819392,becoming_michelle
4,I’d figured how to,8.853292465209961,0.36583860250539146,becoming_michelle
6,"room together, I’d figured how to",8.472469329833984,0.40831140540831257,becoming_michelle
8,"a double room together, I’d figured how to",7.906242370605469,0.4635424632142531,becoming_michelle
1,to,11.301959037780762,0.04688399058068171,becoming_michelle
2,Similar to,9.444622993469238,0.0013981640222482383,becoming_michelle
1,to,11.301959037780762,0.04688399058068171,becoming_michelle
2,comfort to,9.453435897827148,0.3217121497436892,becoming_michelle
3,her comfort to,9.422399520874023,0.21447494634776376,becoming_michelle
4,gave her comfort to,9.510225296020508,0.19815717602614313,becoming_michelle
6,that it gave her comfort to,8.07346248626709,0.45753154723206535,becoming_michelle
8,"window, adding that it gave her comfort to",6.899468421936035,0.5531172731534753,becoming_michelle
1,to,11.301959037780762,0.04688399058068171,becoming_michelle
2,normal to,10.678391456604004,0.1504053810494952,becoming_michelle
3,was normal to,8.475341796875,0.4273448311141692,becoming_michelle
4,it was normal to,8.536275863647461,0.4199262383626774,becoming_michelle
6,"April, where it was normal to",7.811881065368652,0.47529381306958385,becoming_michelle
8,"stretched through April, where it was normal to",6.796998023986816,0.5644865143985953,becoming_michelle
1,to,11.301959037780762,0.04688399058068171,becoming_michelle
2,forth to,10.459738731384277,0.15600019905832596,becoming_michelle
3,and forth to,9.895125389099121,0.11458251644216944,becoming_michelle
4,back and forth to,9.623621940612793,0.11127999135351274,becoming_michelle
6,was flying back and forth to,9.185394287109375,0.07477900519734249,becoming_michelle
1,to,11.301959037780762,0.04688399058068171,becoming_michelle
2,more to,8.48442554473877,0.21646546264673816,becoming_michelle
3,mattered more to,8.98295783996582,0.21245234287925996,becoming_michelle
4,clothes mattered more to,7.059426784515381,0.001450410327379359,becoming_michelle
6,that my clothes mattered more to,3.1709723472595215,0.000495433706419135,becoming_michelle
8,It seemed that my clothes mattered more to,5.053154468536377,0.0005727581519749947,becoming_michelle
1,to,11.301959037780762,0.04688399058068171,becoming_michelle
2,over to,10.404661178588867,0.07677896233508363,becoming_michelle
3,everything over to,9.383830070495605,0.11273120194528019,becoming_michelle
4,given everything over to,7.726963043212891,0.04967602383112535,becoming_michelle
6,them had given everything over to,9.134782791137695,0.026677787383960094,becoming_michelle
8,two of them had given everything over to,9.406806945800781,0.025815997607423924,becoming_michelle
1,to,11.301959037780762,0.04688399058068171,becoming_michelle
2,unable to,9.495795249938965,0.3038862653193064,becoming_michelle
3,but unable to,9.034955024719238,0.2843559010361787,becoming_michelle
4,awake but unable to,8.913263320922852,0.30268380767665803,becoming_michelle
6,He was awake but unable to,7.027598857879639,0.4648845734536735,becoming_michelle
1,to,11.301959037780762,0.04688399058068171,becoming_michelle
2,thanks to,9.725166320800781,0.0016979382635327056,becoming_michelle
3,"later, thanks to",8.964882850646973,0.001942706323461607,becoming_michelle
4,"weeks later, thanks to",8.671689987182617,0.002649889516760595,becoming_michelle
6,"About six weeks later, thanks to",7.985546588897705,0.004116740863537416,becoming_michelle
1,to,11.301959037780762,0.04688399058068171,becoming_michelle
2,went to,9.33336353302002,0.12462018644873751,becoming_michelle
3,Dandy went to,8.528053283691406,0.1144592372875195,becoming_michelle
4,"school, Dandy went to",8.156058311462402,0.08936082366562914,becoming_michelle
6,"finishing high school, Dandy went to",8.758075714111328,0.051174794003600255,becoming_michelle
1,to,11.301959037780762,0.04688399058068171,becoming_michelle
2,important to,8.76009464263916,0.18090355877939146,becoming_michelle
3,always important to,7.800785064697266,0.3648830892598198,becoming_michelle
4,and always important to,7.685019493103027,0.30393103681126377,becoming_michelle
6,"maddening, charming, and always important to",5.141195774078369,0.03968651654031419,becoming_michelle
8,"She was maddening, charming, and always important to",3.982431411743164,0.011697806186930393,becoming_michelle
1,to,11.301959037780762,0.04688399058068171,becoming_michelle
2,how to,9.038185119628906,0.3491102361076628,becoming_michelle
3,knew how to,8.325212478637695,0.4264915767562343,becoming_michelle
4,I knew how to,7.881712913513184,0.4794233812717721,becoming_michelle
6,"point, too, I knew how to",8.429656028747559,0.4040496767265722,becoming_michelle
8,"At this point, too, I knew how to",8.70460033416748,0.35065465784282424,becoming_michelle
1,to,11.301959037780762,0.04688399058068171,becoming_michelle
2,take to,10.152823448181152,0.17061898003157694,becoming_michelle
3,I’d take to,7.208981513977051,0.0136313827970298,becoming_michelle
4,routes I’d take to,8.047245979309082,0.022738624356861692,becoming_michelle
6,drove the routes I’d take to,9.160598754882812,0.1772308905274258,becoming_michelle
8,"traveled, staffers drove the routes I’d take to",9.088980674743652,0.20334700337116374,becoming_michelle
1,to,11.301959037780762,0.04688399058068171,becoming_michelle
2,scrambling to,9.084586143493652,0.33480020104616415,becoming_michelle
3,suddenly scrambling to,7.585455417633057,0.36064391561376397,becoming_michelle
4,were suddenly scrambling to,7.116356372833252,0.4585152196523268,becoming_michelle
6,that women were suddenly scrambling to,7.036736011505127,0.45889697428719955,becoming_michelle
8,black-and-white dress that women were suddenly scrambling to,6.87857723236084,0.32844648022728506,becoming_michelle
1,to,11.301959037780762,0.04688399058068171,becoming_michelle
2,began to,9.51965618133545,0.3071557691437192,becoming_michelle
3,sun began to,9.52283000946045,0.1632846131833503,becoming_michelle
4,the sun began to,5.507379531860352,0.07683625845857023,becoming_michelle
1,to,11.301959037780762,0.04688399058068171,becoming_michelle
2,moved to,10.741674423217773,0.03659204531868454,becoming_michelle
3,Southside moved to,9.51767635345459,0.03501661907648668,becoming_michelle
4,Once Southside moved to,9.05880355834961,0.0525853722501779,becoming_michelle
1,to,11.301959037780762,0.04688399058068171,becoming_michelle
2,hurts to,10.175764083862305,0.05173427247791551,becoming_michelle
3,It hurts to,6.3620991706848145,0.6205282740411349,becoming_michelle
1,to,11.301959037780762,0.04688399058068171,becoming_michelle
2,seem to,10.580755233764648,0.1929991133220028,becoming_michelle
3,didn’t seem to,6.4730072021484375,0.5841197510962957,becoming_michelle
4,that didn’t seem to,6.824160575866699,0.4938487490362604,becoming_michelle
6,"sexy, baritone that didn’t seem to",7.577287673950195,0.4490671313396888,becoming_michelle
8,"rich, even sexy, baritone that didn’t seem to",7.324899196624756,0.44835933055583155,becoming_michelle
1,to,11.301959037780762,0.04688399058068171,becoming_michelle
2,taken to,9.649042129516602,0.11644443831028184,becoming_michelle
3,had taken to,8.55239486694336,0.01259826443856582,becoming_michelle
4,people had taken to,7.882881164550781,0.0015611589624313638,becoming_michelle
6,"the country, people had taken to",6.996713638305664,0.0015592129639117047,becoming_michelle
8,"cities across the country, people had taken to",4.7325592041015625,0.0006845574353064876,becoming_michelle
1,to,11.301959037780762,0.04688399058068171,becoming_michelle
2,one to,10.782770156860352,0.19443235559447203,becoming_michelle
3,been one to,8.804301261901855,0.32785236765630543,becoming_michelle
4,never been one to,9.149648666381836,0.2997703658766113,becoming_michelle
6,I had never been one to,8.78584098815918,0.3217615684843622,becoming_michelle
1,to,11.301959037780762,0.04688399058068171,becoming_michelle
2,affront to,8.51045036315918,0.0022759768035029992,becoming_michelle
3,an affront to,7.824847221374512,0.0008409220172325149,becoming_michelle
4,like an affront to,7.628411293029785,0.00028504493820946664,becoming_michelle
6,sometimes seemed like an affront to,8.04412841796875,0.0006118040764704347,becoming_michelle
8,Suzanne’s choices sometimes seemed like an affront to,6.625396251678467,0.00044545794298755936,becoming_michelle
1,to,11.301959037780762,0.04688399058068171,becoming_michelle
2,"presidency, to",9.437633514404297,0.2207174483773997,becoming_michelle
3,"the presidency, to",9.04368782043457,0.2751765908615198,becoming_michelle
4,"during the presidency, to",9.611692428588867,0.21979055842530215,becoming_michelle
6,"only time during the presidency, to",9.34616470336914,0.2772443800495239,becoming_michelle
8,"first and only time during the presidency, to",9.367023468017578,0.2688875281746732,becoming_michelle
1,to,11.301959037780762,0.04688399058068171,becoming_michelle
2,access to,10.296756744384766,0.01968982396647334,becoming_michelle
3,better access to,10.100518226623535,0.0037164686509640887,becoming_michelle
4,obtain better access to,9.41301155090332,0.005503789929207414,becoming_michelle
6,the world obtain better access to,8.619022369384766,0.002753057204245124,becoming_michelle
8,girls around the world obtain better access to,9.110982894897461,0.004187149337667506,becoming_michelle
1,to,11.301959037780762,0.04688399058068171,becoming_michelle
2,come to,9.636194229125977,0.07155712322855834,becoming_michelle
3,I’d come to,8.544333457946777,0.1552867380232783,becoming_michelle
4,If I’d come to,7.495691299438477,0.14107430013245903,becoming_michelle
1,to,11.301959037780762,0.04688399058068171,becoming_michelle
2,occurred to,6.8562517166137695,0.05237297361236415,becoming_michelle
1,to,11.301959037780762,0.04688399058068171,becoming_michelle
2,us to,10.78658676147461,0.18632635130779818,becoming_michelle
3,urged us to,9.360544204711914,0.33692018620786257,becoming_michelle
4,and urged us to,8.486676216125488,0.35279935428116005,becoming_michelle
6,sweet tea and urged us to,8.244085311889648,0.36593075495329686,becoming_michelle
8,with impossibly sweet tea and urged us to,8.404792785644531,0.3285177256038878,becoming_michelle
1,to,11.301959037780762,0.04688399058068171,becoming_michelle
2,approval to,10.140827178955078,0.10797766187170055,becoming_michelle
3,my approval to,9.539886474609375,0.2745112882257672,becoming_michelle
4,gave my approval to,9.218517303466797,0.14403350556676742,becoming_michelle
6,so I gave my approval to,8.359463691711426,0.13284023669257294,becoming_michelle
1,to,11.301959037780762,0.04688399058068171,becoming_michelle
2,Barack to,11.146160125732422,0.1353254393034149,becoming_michelle
3,with Barack to,9.788640022277832,0.2520719486201415,becoming_michelle
4,gone with Barack to,9.68901538848877,0.15351509556057863,becoming_michelle
6,"election, I’d gone with Barack to",9.184706687927246,0.16537408837029943,becoming_michelle
8,"after the election, I’d gone with Barack to",8.956793785095215,0.19615148628508905,becoming_michelle
1,to,11.301959037780762,0.04688399058068171,becoming_michelle
2,Obama to,10.087973594665527,0.23038088307657745,becoming_michelle
3,Barack Obama to,10.42891788482666,0.17006221968040336,becoming_michelle
4,choosing Barack Obama to,4.405157089233398,0.6203102369545377,becoming_michelle
6,"later acknowledge, choosing Barack Obama to",4.4236297607421875,0.5504347941623564,becoming_michelle
8,"pundits would later acknowledge, choosing Barack Obama to",5.005843639373779,0.4959894643016014,becoming_michelle
1,to,11.301959037780762,0.04688399058068171,becoming_michelle
2,begin to,10.271138191223145,0.2327219891376444,becoming_michelle
3,could begin to,9.525979042053223,0.2702522560430225,becoming_michelle
4,tour could begin to,9.558135032653809,0.24129625549539924,becoming_michelle
6,any single tour could begin to,9.341811180114746,0.24336595232307445,becoming_michelle
8,history than any single tour could begin to,8.505005836486816,0.22424970396969002,becoming_michelle
1,to,11.301959037780762,0.04688399058068171,becoming_michelle
2,us to,10.78658676147461,0.18632635130779818,becoming_michelle
3,for us to,8.683449745178223,0.4269043095991947,becoming_michelle
4,way for us to,8.37362289428711,0.45211800589459017,becoming_michelle
6,became a way for us to,8.632691383361816,0.32783320846647257,becoming_michelle
8,Camp weekends became a way for us to,8.110231399536133,0.3410184276144719,becoming_michelle
1,to,11.301959037780762,0.04688399058068171,becoming_michelle
2,meant to,10.053535461425781,0.24030028133711312,becoming_michelle
3,"co-op, meant to",8.637898445129395,0.2850185479182983,becoming_michelle
4,"a co-op, meant to",7.7250165939331055,0.28849705928587355,becoming_michelle
6,"designed as a co-op, meant to",7.611683368682861,0.26449488470098004,becoming_michelle
8,"and was designed as a co-op, meant to",7.466107368469238,0.276228868518956,becoming_michelle
1,to,11.301959037780762,0.04688399058068171,becoming_michelle
2,trying to,8.693740844726562,0.3652501346805366,becoming_michelle
3,day trying to,8.60657787322998,0.31848217494552955,becoming_michelle
4,that day trying to,8.585762023925781,0.34043919428950176,becoming_michelle
6,rest of that day trying to,8.18011474609375,0.3889522129611578,becoming_michelle
8,passed the rest of that day trying to,8.109753608703613,0.3672418460191693,becoming_michelle
1,to,11.301959037780762,0.04688399058068171,becoming_michelle
2,trying to,8.693740844726562,0.3652501346805366,becoming_michelle
3,was trying to,8.39115047454834,0.384952195774531,becoming_michelle
4,I was trying to,7.887060165405273,0.4272590111067984,becoming_michelle
6,exactly what I was trying to,3.7177603244781494,0.3663644225034659,becoming_michelle
8,and see exactly what I was trying to,3.8011045455932617,0.5051962329844173,becoming_michelle
1,to,11.301959037780762,0.04688399058068171,becoming_michelle
2,Barack to,11.146160125732422,0.1353254393034149,becoming_michelle
3,wanted Barack to,7.020436763763428,0.47986081735871267,becoming_michelle
4,just wanted Barack to,7.0175676345825195,0.5543297387630446,becoming_michelle
6,seemed they just wanted Barack to,6.7259626388549805,0.5305120013072155,becoming_michelle
8,"anything, it seemed they just wanted Barack to",6.699261665344238,0.5224856279382948,becoming_michelle
1,to,11.301959037780762,0.04688399058068171,becoming_michelle
2,ready to,9.277817726135254,0.3579114387393929,becoming_michelle
3,quite ready to,8.162571907043457,0.40982384409289807,becoming_michelle
1,to,11.301959037780762,0.04688399058068171,becoming_michelle
2,ushered to,9.132396697998047,0.08454300830635475,becoming_michelle
3,were ushered to,5.669451713562012,0.014273155196860898,becoming_michelle
4,We were ushered to,4.3346428871154785,0.008873507360476651,becoming_michelle
1,to,11.301959037780762,0.04688399058068171,becoming_michelle
2,speaking to,8.630645751953125,0.008242128395067994,becoming_michelle
3,us speaking to,8.889737129211426,0.0006562211274285801,becoming_michelle
4,of us speaking to,7.326467514038086,0.0018049967075057793,becoming_michelle
6,the four of us speaking to,5.821549415588379,0.0033071589714381844,becoming_michelle
8,"Access Hollywood, the four of us speaking to",9.191258430480957,0.005279149881971534,becoming_michelle
1,to,11.301959037780762,0.04688399058068171,becoming_michelle
2,on to,10.855074882507324,0.18967465896275826,becoming_michelle
3,sign on to,9.075286865234375,0.12647903609467903,becoming_michelle
4,eventually sign on to,8.774166107177734,0.11758954604010796,becoming_michelle
6,and maybe eventually sign on to,7.463194847106934,0.29112376583725563,becoming_michelle
8,book there and maybe eventually sign on to,7.620625019073486,0.32939726484255516,becoming_michelle
1,to,11.301959037780762,0.04688399058068171,becoming_michelle
2,us to,10.78658676147461,0.18632635130779818,becoming_michelle
3,with us to,9.506426811218262,0.32509917651623255,becoming_michelle
4,carrier with us to,9.252260208129883,0.29760531176725635,becoming_michelle
6,her baby carrier with us to,8.687172889709473,0.36223786175833084,becoming_michelle
8,Malia in her baby carrier with us to,8.594279289245605,0.35675801050820155,becoming_michelle
1,to,11.301959037780762,0.04688399058068171,becoming_michelle
2,want to,8.155804634094238,0.5162967173164361,becoming_michelle
3,don’t want to,7.786078453063965,0.5223571834649192,becoming_michelle
4,“I don’t want to,7.10417366027832,0.3625059796140704,becoming_michelle
1,to,11.301959037780762,0.04688399058068171,becoming_michelle
2,opposed to,10.624358177185059,0.12701785622630268,becoming_michelle
3,as opposed to,10.18906021118164,0.002028572249400895,becoming_michelle
4,career as opposed to,9.136393547058105,0.007319275100599043,becoming_michelle
6,Finding a career as opposed to,7.644978046417236,0.0056943669260363095,becoming_michelle
1,to,11.301959037780762,0.04688399058068171,becoming_michelle
2,only to,10.325396537780762,0.2190538952127099,becoming_michelle
3,"health, only to",6.853736400604248,0.5478762785496656,becoming_michelle
4,"his health, only to",6.211360931396484,0.5770171946278424,becoming_michelle
6,"question about his health, only to",5.967401027679443,0.621495858176786,becoming_michelle
8,"the usual question about his health, only to",5.992667198181152,0.6311335598875303,becoming_michelle
1,to,11.301959037780762,0.04688399058068171,becoming_michelle
2,it to,10.504074096679688,0.21328070812887745,becoming_michelle
3,described it to,3.620508909225464,0.7581449452882225,becoming_michelle
4,Barack described it to,7.640202045440674,0.014828640611085575,becoming_michelle
1,to,11.301959037780762,0.04688399058068171,becoming_michelle
2,dedicated to,9.544081687927246,0.011492199198983144,becoming_michelle
3,building dedicated to,9.983646392822266,0.0034166655968874693,becoming_michelle
4,whole building dedicated to,9.092477798461914,0.0030210212353267707,becoming_michelle
6,was a whole building dedicated to,9.648659706115723,0.002619472172227688,becoming_michelle
1,to,11.301959037780762,0.04688399058068171,becoming_michelle
2,wanted to,8.028780937194824,0.5145796222495846,becoming_michelle
3,I wanted to,7.261646270751953,0.6119152731844224,becoming_michelle
1,to,11.301959037780762,0.04688399058068171,becoming_michelle
2,foods to,9.75818157196045,0.21407420145988,becoming_michelle
3,processed foods to,8.899513244628906,0.18527566775446758,becoming_michelle
4,marketed processed foods to,8.965289115905762,0.19632708872813964,becoming_michelle
6,food industry marketed processed foods to,6.715546131134033,0.04282601068916847,becoming_michelle
8,how the food industry marketed processed foods to,6.480307102203369,0.030783629979850957,becoming_michelle
1,to,11.301959037780762,0.04688399058068171,becoming_michelle
2,invited to,8.926985740661621,0.16314840872655623,becoming_michelle
3,not invited to,7.180938720703125,0.2412539501747233,becoming_michelle
4,was not invited to,5.956334114074707,0.1639690023221192,becoming_michelle
6,Bin Laden was not invited to,6.174964427947998,0.10743267352154362,becoming_michelle
1,to,11.301959037780762,0.04688399058068171,becoming_michelle
2,back to,10.462959289550781,0.07999820234545041,becoming_michelle
3,bellies back to,8.421092987060547,0.016013358166674152,becoming_michelle
4,full bellies back to,8.239279747009277,0.025793231281568296,becoming_michelle
6,walked our full bellies back to,8.155558586120605,0.027888328273547813,becoming_michelle
8,and then walked our full bellies back to,6.872170925140381,0.02564193585567409,becoming_michelle
1,to,11.301959037780762,0.04688399058068171,becoming_michelle
2,phone to,9.876519203186035,0.1818393745124922,becoming_michelle
3,cell phone to,9.252991676330566,0.23583712380059296,becoming_michelle
4,my cell phone to,8.99874210357666,0.2615052798646502,becoming_michelle
6,called on my cell phone to,8.560039520263672,0.3386747416880098,becoming_michelle
8,at work called on my cell phone to,7.731799125671387,0.32589795365856844,becoming_michelle
1,to,11.301959037780762,0.04688399058068171,becoming_michelle
2,went to,9.33336353302002,0.12462018644873751,becoming_michelle
3,sometimes went to,9.578469276428223,0.09373815805884078,becoming_michelle
4,still sometimes went to,9.573089599609375,0.05967338514892617,becoming_michelle
6,"Barack, I still sometimes went to",8.807750701904297,0.07371332081675064,becoming_michelle
8,"again from Barack, I still sometimes went to",8.439350128173828,0.07474313596321736,becoming_michelle
1,to,11.301959037780762,0.04688399058068171,becoming_michelle
2,trying to,8.693740844726562,0.3652501346805366,becoming_michelle
3,was trying to,8.39115047454834,0.384952195774531,becoming_michelle
4,he was trying to,8.634472846984863,0.3437906409089919,becoming_michelle
6,"his pain, he was trying to",8.595268249511719,0.3223181682842551,becoming_michelle
1,to,11.301959037780762,0.04688399058068171,becoming_michelle
2,clung to,9.195640563964844,0.021470832609338686,becoming_michelle
3,I clung to,6.04304838180542,0.0008390855364268646,becoming_michelle
4,"parents, I clung to",5.4804182052612305,0.000618136822595261,becoming_michelle
6,"lot of parents, I clung to",5.476248741149902,0.0008948842751124175,becoming_michelle
8,"like a lot of parents, I clung to",5.533435344696045,0.0010132427869393723,becoming_michelle
1,to,11.301959037780762,0.04688399058068171,becoming_michelle
2,me to,10.712076187133789,0.22268274791713338,becoming_michelle
3,awakened me to,9.03938102722168,0.2353827255719807,becoming_michelle
4,had awakened me to,6.268293380737305,0.07357768978909007,becoming_michelle
6,sudden death had awakened me to,5.699193954467773,0.0408420254716475,becoming_michelle
1,to,11.301959037780762,0.04688399058068171,becoming_michelle
2,enough to,8.67800235748291,0.4414383871262544,becoming_michelle
3,simple enough to,8.1594877243042,0.4351529535197187,becoming_michelle
4,was simple enough to,8.007903099060059,0.4405955604452174,becoming_michelle
6,The paradigm was simple enough to,7.877942085266113,0.3926161767740268,becoming_michelle
1,to,11.301959037780762,0.04688399058068171,becoming_michelle
2,earned to,10.016401290893555,0.173408698370622,becoming_michelle
3,have earned to,8.860297203063965,0.30570513042766834,becoming_michelle
4,must have earned to,8.62811279296875,0.2840417281113332,becoming_michelle
6,degrees they must have earned to,7.322615623474121,0.4062513416793081,becoming_michelle
8,tracked the degrees they must have earned to,7.684133052825928,0.33936202740005683,becoming_michelle
1,to,11.301959037780762,0.04688399058068171,becoming_michelle
2,me to,10.712076187133789,0.22268274791713338,becoming_michelle
3,nudging me to,8.932151794433594,0.29333051345020067,becoming_michelle
4,started nudging me to,8.211986541748047,0.3180286046990659,becoming_michelle
6,my mother started nudging me to,7.4427595138549805,0.4908503530314192,becoming_michelle
8,"went by, my mother started nudging me to",7.236425399780273,0.49722163705155253,becoming_michelle
1,to,11.301959037780762,0.04688399058068171,becoming_michelle
2,visits to,10.082138061523438,0.048669952935597394,becoming_michelle
3,made visits to,9.720071792602539,0.014019195310538635,becoming_michelle
4,later made visits to,9.599802017211914,0.010014066079747863,becoming_michelle
6,lunch and later made visits to,9.62394905090332,0.011506357535836287,becoming_michelle
8,court over lunch and later made visits to,8.833413124084473,0.014172357907227706,becoming_michelle
1,to,11.301959037780762,0.04688399058068171,becoming_michelle
2,history to,10.182306289672852,0.20256892635370605,becoming_michelle
3,103-year history to,9.266990661621094,0.18334319554560352,becoming_michelle
4,publication’s 103-year history to,9.340965270996094,0.20121239050058648,becoming_michelle
6,in the publication’s 103-year history to,9.264505386352539,0.19007751504250336,becoming_michelle
8,African American in the publication’s 103-year history to,9.066373825073242,0.191778457199689,becoming_michelle
1,to,11.301959037780762,0.04688399058068171,becoming_michelle
2,years to,9.172053337097168,0.2200012094253907,becoming_michelle
3,the years to,1.1087687015533447,0.9140445978155185,becoming_michelle
4,In the years to,0.49182766675949097,0.9291670385306929,becoming_michelle
1,to,11.301959037780762,0.04688399058068171,becoming_michelle
2,words to,9.738550186157227,0.23922811759985052,becoming_michelle
3,same words to,9.039348602294922,0.18755957395478617,becoming_michelle
4,the same words to,8.835684776306152,0.09090619952621637,becoming_michelle
6,I’ve repeated the same words to,5.743291854858398,0.009035860162839526,becoming_michelle
1,to,11.301959037780762,0.04688399058068171,becoming_michelle
2,next to,9.540733337402344,0.022845406114356592,becoming_michelle
3,stood next to,6.548214912414551,0.0007862427810323425,becoming_michelle
4,and stood next to,7.263545989990234,0.0006704494953737594,becoming_michelle
6,velvet dress and stood next to,7.03052282333374,0.0003511588220135309,becoming_michelle
8,a pink velvet dress and stood next to,7.163573265075684,0.0004293083111406304,becoming_michelle
1,to,11.301959037780762,0.04688399058068171,becoming_michelle
2,time to,10.19554615020752,0.23096383784286445,becoming_michelle
3,little time to,8.576483726501465,0.36103055549028795,becoming_michelle
4,was little time to,8.461149215698242,0.26809710399538744,becoming_michelle
1,to,11.301959037780762,0.04688399058068171,becoming_michelle
2,Jersey to,11.373729705810547,0.09422816407459322,becoming_michelle
3,New Jersey to,9.979267120361328,0.13879272429767298,becoming_michelle
4,from New Jersey to,8.10403823852539,0.036945791624020785,becoming_michelle
6,drove down from New Jersey to,8.964006423950195,0.04255656282475684,becoming_michelle
1,to,11.301959037780762,0.04688399058068171,becoming_michelle
2,began to,9.51965618133545,0.3071557691437192,becoming_michelle
3,and began to,9.936120986938477,0.20817231803084724,becoming_michelle
4,smiled and began to,9.008101463317871,0.1267461476381868,becoming_michelle
6,he just smiled and began to,8.306822776794434,0.21166516415541992,becoming_michelle
8,"internal engine, he just smiled and began to",8.628270149230957,0.22748090873938054,becoming_michelle
1,to,11.301959037780762,0.04688399058068171,becoming_michelle
2,gone to,10.023353576660156,0.22786951559828594,becoming_michelle
3,had gone to,8.95787239074707,0.10175385476031806,becoming_michelle
4,us had gone to,9.357270240783691,0.10522831708658487,becoming_michelle
6,two of us had gone to,8.402833938598633,0.10198397873318754,becoming_michelle
8,"year, the two of us had gone to",8.193140983581543,0.09852144653268624,becoming_michelle
1,to,11.301959037780762,0.04688399058068171,becoming_michelle
2,paper to,9.589665412902832,0.20171076955011813,becoming_michelle
3,of paper to,9.643413543701172,0.23643367867043708,becoming_michelle
4,piles of paper to,9.083163261413574,0.26955974697193597,becoming_michelle
6,over his piles of paper to,8.850481986999512,0.33071458102494944,becoming_michelle
8,"in, stepping over his piles of paper to",8.51038646697998,0.27543714814964915,becoming_michelle
1,to,11.301959037780762,0.04688399058068171,becoming_michelle
2,tried to,8.906847953796387,0.34192338889988605,becoming_michelle
3,I tried to,8.60469913482666,0.3759757950610947,becoming_michelle
1,to,11.301959037780762,0.04688399058068171,becoming_michelle
2,going to,9.507628440856934,0.2945362215905334,becoming_michelle
3,was going to,7.571882247924805,0.5429671626043273,becoming_michelle
4,I was going to,7.7975053787231445,0.4959250000611064,becoming_michelle
6,"Lastly, if I was going to",8.244048118591309,0.4718612485739868,becoming_michelle
1,to,11.301959037780762,0.04688399058068171,becoming_michelle
2,and to,9.628738403320312,0.24533612368395552,becoming_michelle
3,Lobster and to,10.506244659423828,0.12597113210358657,becoming_michelle
4,Red Lobster and to,9.978025436401367,0.14897799433674663,becoming_michelle
6,dinners at Red Lobster and to,10.252532005310059,0.18786717847251566,becoming_michelle
8,considered upscale dinners at Red Lobster and to,9.205981254577637,0.22579876804957166,becoming_michelle
1,to,11.301959037780762,0.04688399058068171,becoming_michelle
2,counselor to,10.092646598815918,0.13124141794105526,becoming_michelle
3,college counselor to,9.595098495483398,0.117349599066074,becoming_michelle
4,the college counselor to,8.97880744934082,0.12671668273105752,becoming_michelle
6,in on the college counselor to,8.717089653015137,0.38305689292610623,becoming_michelle
8,did stop in on the college counselor to,7.169164180755615,0.5019492119899951,becoming_michelle
1,to,11.301959037780762,0.04688399058068171,becoming_michelle
2,devoted to,10.628421783447266,0.01597969327121973,becoming_michelle
3,was devoted to,9.3557710647583,0.006418737903004512,becoming_michelle
4,Congress was devoted to,9.07410717010498,0.0026775409205583856,becoming_michelle
6,The Republican Congress was devoted to,8.877645492553711,0.0006485510821221396,becoming_michelle
