condition,text,perplexity,mean_entropy,mean_surprisal,mean_word_entropy,mean_word_surprisal,n_tokens,n_words
anne_frank,THE DIARY OF A YOUNG GIRL : THE DEFINITIVE EDITION Anne Frank Edited by Otto H.,75.88505554199219,5.7551422507866565,6.245740065136659,6.443818635617694,7.234181234164411,23,16
anne_frank,"Frank and Mirjam Pressler Translated by Susan Massotty FOREWORD THE DIARY OF A YOUNG GIRL 53 OCTOBER 9, 1942 PROSPECTUS AND GUIDE TO THE SECRET ANNEX END OF PART ONE THE SAME DAY FRIDAY, JUNE 2, 1944 J 314 ANNE FRANK FOREWORD Anne Frank kept a diary from June 12, 1942, to August 1, 1944.",57.16859817504883,5.8014555378732355,5.8370939132998165,6.361965265079882,6.314661706986672,88,55
anne_frank,"Initially, she wrote it strictly for herself.",63.647884368896484,6.66612109541893,5.992039773500541,6.227249724524362,6.081079924315295,8,7
anne_frank,"Then, one day in 1944, Gerrit Bolkestein, a member of the Dutch government in exile, announced in a radio broadcast from London that after the war he hoped to collect eyewitness accounts of the suffering of the Dutch people under the German occupation, which could be made available to the public.",20.492326736450195,5.212625449461242,4.357011601312875,5.1468071363281975,4.204893137181902,60,51
anne_frank,"As an example, he specifically mentioned letters and diaries.",64.13404846191406,6.4178105206652125,6.003017624525481,7.0387852684491214,6.690995341961797,11,9
anne_frank,"Impressed by this speech, Anne Frank decided that when the war was over she would publish a book based on her diary.",29.204593658447266,5.435727405051391,4.868123038706988,5.259838833050295,4.673889156650007,24,22
anne_frank,"She began rewriting and editing her diary, improving on the text, omitting passages she didn’t think were interesting enough and adding others from memory.",97.5783920288086,5.7532724293259285,6.608357254835995,6.018450333183864,6.027807179240118,30,24
anne_frank,"At the same time, she kept up her original diary.",26.592859268188477,6.938715842637149,4.732966756919997,7.098126685619354,4.891097799895434,11,10
anne_frank,"In the scholarly work The Diary of Anne Frank: The Critical Edition (1989), Anne’s first, unedited diary is referred to as version a, to distinguish it from her second, edited diary, which is known as version b.",39.84351348876953,5.881697018941243,5.316268919103967,5.700265779151573,4.984416936567709,48,37
anne_frank,"The last entry in Anne’s diary is dated August 1, 1944.",118.12814331054688,6.775077676773071,6.884206181344899,6.580720977349714,6.30110431110748,15,11
anne_frank,"On August 4, 1944, the eight people hiding in the Secret Annex were arrested.",62.37549591064453,6.3851147666573524,5.962906938814539,6.559399838958468,6.402956672270569,16,14
anne_frank,"Miep Gies and Bep Voskuijl, the two secretaries working in the building, found Anne’s diaries strewn allover the floor.",154.68833923339844,7.270547862138067,7.27321557080704,6.923613776109721,6.6802244813025995,35,19
anne_frank,",Miep Gies tucked them away in a desk drawer for safekeeping.",151.677001953125,6.321414694190025,7.244617187962003,5.5355670777234165,6.038000811393783,16,11
anne_frank,"After the war, when it became clear that Anne was dead, she gave the diaries, unread, to Anne’s father, Otto Frank.",50.74501419067383,5.994137963941021,5.665190874039274,6.3446740895982785,5.536571296150091,31,21
anne_frank,"After long deliberation, Otto Frank decided to fulfill his daughter’s wish and publish her diary.",172.05026245117188,5.852908815443516,7.426664379833651,6.341904173956976,7.050475676978431,20,15
anne_frank,"He selected material from versions a and b, editing them into a shorter version later referred to as version c.",117.81644439697266,6.01455363205501,6.88039629076173,5.981354576349259,6.7619729697177515,21,20
anne_frank,Readers all over the world know this as The Diary of a fauna Girl.,90.63389587402344,6.114828243851662,6.501977757129801,5.839252420834133,5.78299251614188,16,14
anne_frank,"In making his choice, Otto Frank had to bear several points in mind.",139.83331298828125,7.252090351922171,7.127563872599643,7.300723506854131,7.111661291643459,14,13
anne_frank,"To begin with, the book had to be kept short so that it would fit in with a series put out by the Dutch publisher.",28.85931968688965,6.17557803942607,4.850965084355877,6.231649441719055,4.980686308955977,26,25
anne_frank,"In addition, several passages dealing with Anne’s sexuality were omitted; at the time of the diary’s initial publication, in 1947, it was not customary to write openly about sex, and certainly not in books for young adults.",47.33159255981445,5.5119576547294855,5.564730875049913,5.538342245124482,5.33812716429229,48,37
anne_frank,"Out of respect for the dead, Otto Frank also omitted a number of unflattering passages about his wife and the other residents of the Secret Annex.",62.29583740234375,7.054415302617209,5.96106367383067,7.1831146742288885,5.953756114804969,28,26
anne_frank,"Anne Frank, who was thirteen when she began her diary and fifteen when she was forced to stop, wrote without reserve about her likes and dislikes.",44.4465446472168,5.744243969233578,5.473998870214342,5.723251614607691,5.78881176948125,29,26
anne_frank,"When Otto Frank died in 1980, he willed his daughter’s manuscripts to the Netherlands State Institute for War Documentation in Amsterdam.",196.91310119628906,6.043786961298722,7.621407720650658,6.184375771454403,6.910072375120647,26,21
anne_frank,"Because the authenticity of the diary had been challenged ever since its publication, the Institute for War Documentation ordered a thorough investigation.",44.0987434387207,6.1859783206297,5.462665502732495,6.216751425103708,5.632471519415201,23,22
anne_frank,"Once the diary was proved, beyond a shadow of a doubt, to be genuine, it was published in its entirety, along with the results of an exhaustive study.",15.948451042175293,5.201876516919583,3.9953436993792506,5.177935855197055,3.943806051322841,32,28
anne_frank,"The Critical Edition contains not only versions a, band c, but also articles on the background of the Frank family, the circumstances surrounding their arrest and deportation, and the examination into Anne’s handwriting, the document and the materials used.",157.88279724121094,6.547911508286253,7.302695500474723,6.7217790224613285,7.180548088902114,47,39
anne_frank,"The Anne Frank-Fonds (Anne Frank Foundation) in Basel (Switzerland),.",82.69697570800781,6.779110762808058,6.369762128768304,7.299193196826511,6.897341594266285,18,9
anne_frank,"which as Otto Frank’s sole heir had also inherited his daughter’s copyrights, then decided to have anew, expanded edition of the diary published for general readers.",180.66229248046875,6.966330762420382,7.4971495888035955,7.198021874213831,7.434798477903282,35,26
anne_frank,"This new edition in no way affects the integrity of the old one originally edited by Otto Frank, which brought the diary and its message to millions of people.",72.1305160522461,6.503995629151662,6.172536673915539,6.4982308642617586,6.2545411817059104,30,29
anne_frank,The task of compthng the expanded edition was given to the writer and translator Mirjam Pressler.,232.01878356933594,7.8646159887313845,7.858095916460266,8.159606277942657,7.826695503955916,20,16
anne_frank,Otto Frank’s original selection has now been supplemented with passages from Anne’s a and b versions.,253.58628845214844,7.090749745783598,7.986331098016816,6.92197647690773,7.336236244586031,23,16
anne_frank,"Mirjam Pressler’s definitive edition, approved by the Anne Frank-Fonds, contains approximately 30 percent more material and is intended to give the reader more insight into the world of Anne Frank.",83.60247039794922,6.153704309463501,6.385473450144316,5.758126942316691,4.948734789757095,40,30
anne_frank,"In writing her second version (b), Anne invented pseudonyms for the people who would appear in her book.",99.07845306396484,6.965191341581798,6.630498165175017,6.982385125425127,6.495544345970772,21,18
anne_frank,"She initially wanted to call herself Anne Aulis, and later Anne Robin.",159.58299255371094,6.2434414009253185,7.318163496952864,7.120487275843819,7.502955545829255,15,12
anne_frank,Otto Frank opted to call his family by their own names and to follow Anne’s wishes with regard to the others.,175.85572814941406,6.5893242707848545,7.458238640890732,6.509903444065934,6.817626134143547,25,21
anne_frank,"Over the years, the identity of the people who helped the family in the Secret Annex has become common knowledge.",30.816831588745117,7.192726606414432,4.945646183331156,7.237917453050613,5.10883235316837,21,20
anne_frank,"In this edition, the helpers are now referred to by their real names, as they so justly deserve to be.",38.600830078125,6.254778969547023,5.270558388008449,6.251082400977611,5.6139101531022355,23,20
anne_frank,All other persons are named in accordance with the pseudonyms in The Critical Edition.,103.24127960205078,6.74315930356582,6.689874761367064,6.9875730866832395,7.011410828343573,15,14
anne_frank,The Institute for War Documentation has arbitrarily assigned initials to those persons wishing to remain anonymous.,143.71395874023438,5.891529461368918,7.1670533040784745,5.891529461368918,7.1670533040784745,16,16
anne_frank,"The real names of the other people hiding in the Secret Annex are: THE VAN PELS FAMILY (from Osnabriick, Germany): Auguste van Pels (born September 9, 1890) Hermann van Pels (born March 31, 1889) Peter van Pels (born November 8, 1926) Called by Anne, in her manuscript: Petronella, Hans and Alfred van Daan; and in the book: Petronella, Hermann and Peter van Daan.",37.98481750488281,5.96271893559116,5.247350186462705,6.156399039995103,5.336861301211872,101,63
anne_frank,"FRITZ PFEFFER (born April 30, 1889, in Giessen, Germany): Called by Anne, in her manuscript and in the book: Alfred Dussel.",98.43415832519531,6.966576639243534,6.621085966205716,7.323597541404148,6.7539946827016575,35,21
anne_frank,"The reader may wish to bear in mind that much of this edition is based on the b version of Anne’s diary, which she wrote when she was around fifteen years old.",38.71797180175781,5.194085408209099,5.274924402304745,4.936759157804772,4.945202514216811,36,32
anne_frank,"Occasionally, Anne went back and commented on a passage she had written earlier.",82.11248779296875,5.8163210391998295,6.359528549814086,5.321466721021212,5.74273830825442,15,13
anne_frank,These comments are clearly marked in this edition.,99.080810546875,6.896094739437103,6.630533617307398,6.896094739437103,6.630533617307398,8,8
anne_frank,"Naturally, Anne’s spelling and linguistic errors have been corrected.",240.7952117919922,7.373876718374399,7.911658767113369,6.9775707721710205,6.042070318204845,13,9
anne_frank,"Otherwise, the text has basically been left as she wrote it, since any attempts at editing and clarification would be inappropriate in a historical document.",57.85376739501953,6.328418488855715,5.854338682301191,6.273573021888733,6.021645858784186,27,25
anne_frank,"June 12, 1942 I hope I will be able to confide everything to you, as I have never been able to confide in anyone, and I hope you will be a great source of comfort and support.",14.814967155456543,4.8637218326330185,3.8889834822860005,4.943862815563743,3.8422122027461283,42,37
anne_frank,"source of comfort to me, and so has Kitty, whom I now write to regularly.",79.273681640625,6.735870080835679,6.308767053343939,6.795067532857259,6.639183171949272,17,15
anne_frank,"This way of keeping a diary is much nicer, and now I can hardly wait for those moments when I’m able to write in you.",71.3389663696289,6.178270664708368,6.1563935115128805,6.1359691190719605,5.609468378172962,29,25
anne_frank,"Oh, I’m so glad I brought you along!",70.90000915527344,6.106560786565145,6.147685036358492,5.729933857917786,4.549191265458952,12,8
anne_frank,"I’ll begin from the moment I got you, the moment I saw you lying on the table among my other birthday presents.",82.24324798583984,6.181140074363122,6.361824167931218,5.966403327204964,5.440889579555431,26,22
anne_frank,"(I went along when you were bought, but that doesn’t count.) On Friday, June 12, I was awake at six o’clock, which isn’t surprising, since it was my birthday.",50.21592712402344,5.157846079228653,5.650035343941401,5.472495100065938,5.564974191011005,45,29
anne_frank,"But I’m not allowed to get up at that hour, so I had to control my curiosity until quarter to seven.",95.21564483642578,5.465428786277771,6.5730430695958555,5.401515878382183,6.1685460733489155,25,21
anne_frank,"When I couldn’t wait any longer, I went to the dining room, where Moortje (the cat) welcomed me by rubbing against my legs.",66.36510467529297,5.379966253269231,6.052327992030799,5.24740138439718,5.431585010403382,32,23
anne_frank,"A little after seven I went to Daddy and Mama and then to the living room to open my presents, and you were the first thing I saw, maybe one of my nicest presents.",44.37055587768555,5.7087482391177,5.471530592295514,5.799273041241309,5.543823383375477,37,34
anne_frank,"Then a bouquet of roses, some peonies and a potted plant.",18.651409149169922,6.478968393802643,4.221212370806719,7.277308916503733,4.9130439437164615,15,11
anne_frank,"From Daddy and Mama I got a blue blouse, a game, a bottle of grape juice, which to my mind tastes a bit like wine (after all, wine is made from grapes), a puzzle, a jar of cold cream, 2.50 guilders and a gift certificate for two books.",47.39837646484375,5.935823040207227,5.56676457253236,6.176974035385581,5.752229681661987,60,48
anne_frank,"I got another book as well, Camera Obscura (but Margot already has it, so I exchanged mine for something else), a platter of homemade cookies (which I made myself, of course, since I’ve become quite an expert at baking cookies), lots of candy and a strawberry tart from Mother.",59.020713806152344,5.934307797811925,5.882859861382884,6.169206817944845,5.649563537976809,64,49
anne_frank,"And a letter from Grammy, right on time, but of course that was just a coincidence.",55.1707649230957,6.93132730325063,5.7858305313730245,6.96636301279068,5.601622422758643,18,16
anne_frank,"Then Hanneli came to pick me up, and we went to school.",34.65812683105469,5.48199907541275,5.115121987363598,5.3025817357831535,4.615819155045622,15,12
anne_frank,"During recess I passed out cookies to my teachers and my class, and then it was time to get back to work.",23.77605628967285,5.815531611442566,4.571436333516621,5.804256444627589,4.648863429300029,23,22
anne_frank,"I didn’t arrive home until five, since I went to gym with the rest of the class.",96.96224975585938,5.2644908634857055,6.599319764907601,5.420732434428133,5.472420161073918,21,17
anne_frank,"(I’m not allowed to take part because my shoulders and hips tend to get dislocated.) As it was my birthday, I got to decide which game my classmates would play, and I chose volleyball.",48.95327377319336,5.901036461903935,5.613332809299005,5.817692274965492,5.383936926696085,42,34
anne_frank,"Afterward they all danced around me in a circle and sang “Happy Birthday.” When I got home, Sanne Ledermann was already there.",84.235595703125,6.350967161357403,6.3963558708427115,6.44976432486014,5.781496593475681,32,22
anne_frank,"Ilse Wagner, Hanneli Goslar and Jacqueline van Maarsen came home with me after gym, since we’re in the same class.",222.98031616210938,6.84597572684288,7.8004477230739315,6.917728777229786,7.069397302322537,32,20
anne_frank,Hanneli and Sanne used to be my two best friends.,108.50902557373047,7.863752108353835,6.76166900110763,7.455490350723267,5.710171230310029,13,10
anne_frank,"People who saw us together used to say, “There goes Anne, Hanne and Sanne.” I only met Jacqueline van Maarsen when I started at the Jewish Lyceum, and now she’s my best friend.",119.7462158203125,5.322318701767454,6.903831791344678,5.82075149349191,7.240737000205678,51,33
anne_frank,"Ilse is Hanneli’s best friend, and Sanne goes to another school and has friends there.",133.79437255859375,7.289690701857857,7.063873053882031,7.169804339938693,6.470420576827438,23,15
anne_frank,"They gave me a beautiful book, Dutch Sasas and Lesends, but they gave me Volume II by mistake, so I exchanged two other books for Volume I.",125.71324157714844,6.426915932446718,6.97398342296518,6.41303430074527,6.856832114273643,32,27
anne_frank,"Aunt Helene brought me a puzzle, Aunt Stephanie a darling brooch and Aunt Leny a terrific book: Daisy Goes to the Mountains.",297.6241149902344,7.496069712298257,8.217347045806786,7.633561193943024,8.357997039034196,28,22
anne_frank,This morning I lay in the bathtub thinking how wonderful it would be if I had a dog like Rin Tin Tin.,36.72724151611328,5.406466875387275,5.198778521220714,5.432147088375959,5.227621668257741,23,22
anne_frank,"I’d call him Rin Tin Tin too, and I’d take him to school with me, where he could stay in the janitor’s room or by the bicycle racks when the weather was good.",58.70945739746094,6.0486812435918385,5.875520761783733,6.198264290798794,5.915974954563236,45,33
anne_frank,I had my birthday party on Sunday afternoon.,42.175628662109375,6.774541527032852,5.398337184697249,6.774541527032852,5.398337184697249,8,8
anne_frank,The Rin Tin Tin movie was a big hit with my classmates.,69.98873901367188,7.006171941757202,6.129047146902024,7.006171941757202,6.129047146902024,12,12
anne_frank,"I got two brooches, a bookmark and two books.",92.73036193847656,6.6442871410399675,6.534968269489098,7.596608768527706,7.231237550177165,12,9
anne_frank,"I’ll start by saying a few things about my school and my class, beginning with the students.",78.9184341430664,6.734800247918992,6.302290804637868,6.6755269906100105,5.079306932730259,21,17
anne_frank,"Betty Bloemendaal looks kind of poor, and I think she probably is.",57.79164505004883,6.716754234499401,5.852789567167766,6.572688610355059,5.484893372081404,18,12
anne_frank,"She lives on some obscure street in West Amsterdam, and none of us know where it is.",33.21683120727539,5.4996178150177,5.053841819286354,5.523777863558601,5.228288211780931,18,17
anne_frank,"She does very well at school, but that’s because she works so hard, not because she’s so smart.",38.783836364746094,4.961065801290365,5.27707418933512,4.9470346255434885,4.351068841026221,26,18
anne_frank,"Jacqueline van Maarsen is supposedly my best friend, but I’ve never had a real friend.",76.85659790039062,6.023320317268372,6.2638927411097365,6.050412109163073,5.803174460230943,23,15
anne_frank,"At first I thought Jacque would be one, but I was badly mistaken.",45.37192153930664,5.369703872998556,5.503727253813024,5.527109489991115,5.566122258479769,15,13
anne_frank,"D.Q.* [* Initials have been assigned at random to those persons who prefer to remain anonymous.] is a very nervous girl who’s always forgetting things, so the teachers keep assigning her extra homework as punishment.",142.41461181640625,7.244171126322313,7.153939276919374,7.186694877488272,6.769099215331595,44,35
anne_frank,"She’s very kind, especially to G.Z.",248.75192260742188,6.982499380906423,7.958561664987985,6.816435429784987,7.382234141147426,12,6
anne_frank,talks so much it isn’t funny.,709.099853515625,6.163560202345252,9.469726822084708,6.16208507725969,8.007965306834237,10,6
anne_frank,She’s always touching your hair or fiddling with your buttons when she asks you something.,88.68009185791016,5.760019537649657,6.47053722718272,5.424437791109085,5.765199128625393,19,15
anne_frank,"They say she can’t stand me, but I don’t care, since I don’t like her much either.",26.21307945251465,4.630925207265785,4.712173291090697,5.232303764451952,4.7567753275160225,28,17
anne_frank,"Henny Mets is a nice girl with a cheerful disposition, except that she talks in a loud voice and is really childish when we’re playing outdoors.",159.0543975830078,5.96034957516578,7.312818219700614,5.982122939366561,6.25690948549005,31,26
anne_frank,"Unfortunately, Henny has a girlfriend named Beppy who’s a bad influence on her because she’s dirty and vulgar.",86.72219848632812,6.308340524633725,6.43820184987462,6.466076252154178,5.942303800106743,27,18
anne_frank,- I could write a whole book about her.,27.870487213134766,7.217433134714763,4.800666217639886,7.217433134714763,4.800666217639886,9,9
anne_frank,"is a detestable, sneaky, stuck-up, two-faced gossip who thinks she’s so grown-up.",99.56764221191406,6.14317265439492,6.637265006354748,7.153392652980983,7.283847395015996,26,12
anne_frank,"She’s really got Jacque under her spell, and that’s a shame.",102.70587158203125,6.229969112496627,6.682359227133897,6.190903766588732,6.3624194971845744,19,11
anne_frank,"is easily offended, bursts into tears at the slightest thing and, to top it all off, is a terrible show-off.",36.31270980834961,5.752364807128906,5.182395218147279,5.828713641067346,5.239363064175171,25,20
anne_frank,always has to be right.,33.41664505004883,8.287205696105957,5.062495087927109,8.287205696105957,5.062495087927109,5,5
anne_frank,"She’s very rich, and has a closet full of the most adorable dresses that are way too old for her.",69.21369934082031,6.682434658675144,6.1129850569329705,6.435036749206484,5.461340443265565,24,20
anne_frank,"She thinks she’s gorgeous, but she’s not.",63.31726837158203,5.774373180099896,5.984134987435115,6.44267242614712,5.194514813438902,14,7
anne_frank,and I can’t stand each other.,228.5897979736328,6.447178363800049,7.8365683686164225,6.910072565078735,6.532501802868135,9,6
anne_frank,"Ilse Wagner is a nice girl with a cheerful disposition, but she’s extremely fInicky and can spend hours moaning and groaning about something.",153.50079345703125,6.443968922861161,7.2620498380819525,6.589189258174619,6.418423204234238,31,23
anne_frank,Ilse likes me a lot.,92.0277328491211,6.6057022412618,6.523996707158439,5.702612686157226,5.4377089435278965,6,5
anne_frank,"She’s very smart, but lazy.",344.8873596191406,7.295696152581109,8.429979851219382,6.9338030338287355,7.546553523412281,9,5
anne_frank,"Hanneli Goslar, or Lies as she’s called at school, is a bit on the strange side.",167.3040771484375,6.897858972350757,7.386312583631249,6.629185070594152,6.797576405288188,24,16
anne_frank,"She’s usually shy— outspoken at horne, but reserved around other people.",932.3715209960938,6.846039645812091,9.86462608598574,6.478173837517247,9.327048701517926,17,11
anne_frank,She blabs whatever you tell her to her mother.,188.44223022460938,5.529451942443847,7.557978381529146,5.663630882898967,7.075138840436709,10,9
anne_frank,"But she says what she thinks, and lately I’ve corne to appreciate her a great deal.",198.42344665527344,5.379199632576534,7.632219562830732,5.5525392685085535,6.6255665585746835,21,16
anne_frank,"Nannie van Praag-Sigaar is small, funny and sensible.",258.60064697265625,6.462888383865357,8.014580801642444,6.440868973731995,8.170722388257945,15,8
anne_frank,I think she’s nice.,691.8783569335938,6.731367860521589,9.434209580219846,7.01861834526062,7.376663724140191,7,4
anne_frank,There isn’t much else you can say about Nannie.,142.99163818359375,5.4810960385232015,7.159642974848565,5.426147252347113,5.8518672372300085,13,9
anne_frank,"Eefje de Jong is, in my opinion, terrific.",75.14864349365234,6.698228965202968,6.231674569117552,6.229632479449113,5.140369062023728,12,8
anne_frank,"Though she’s only twelve, she’s quite the lady.",69.59265899658203,6.456286398569743,6.120790989347353,7.192670926451683,5.770089074248396,15,8
anne_frank,She acts as if I were a baby.,50.560882568359375,7.29954993724823,5.659949552868961,7.29954993724823,5.659949552868961,8,8
anne_frank,"She’s also very helpful, and I like her.",124.5113754272461,7.672212640444438,6.960132174970337,7.666271924972534,5.584517426520462,12,8
anne_frank,is the prettiest girl in our class.,32.19498825073242,6.405204698443413,5.008763581766871,6.676660665443966,5.443602067997239,8,7
anne_frank,"She has a nice face, but is kind of dumb.",22.437849044799805,6.829627763141286,4.48786245036494,7.039665937423706,4.741330656201798,11,10
anne_frank,"I think they’re going to hold her back a year, but of course I haven’t told her that.",60.3206901550293,4.817011948823929,5.914404827782945,4.927966456032461,5.4684622701792245,25,18
anne_frank,And sitting next to G.Z.,104.03339385986328,5.781000621084656,6.700902589596566,5.511354742199183,7.0964581781705105,7,5
anne_frank,"is the last of us twelve girls, me.",248.8721160888672,7.5662515958150225,7.959256283842511,7.597152680158615,8.07073868269983,9,8
anne_frank,"There’s a lot to be said about the boys, or maybe not so much after all.",46.38843536376953,6.153102535009384,5.535692630524293,5.760595917701721,4.636949505677071,20,16
anne_frank,"Maurice Coster is one of my many admirers, but pretty much of a pest.",81.35636138916016,5.557364601053689,6.346182590544937,5.464040239297208,6.6868779184789435,19,14
anne_frank,"Sallie Springer has a filthy mind, and rumor has it that he’s gone all the way.",133.63357543945312,6.104503450745886,7.06202836641057,5.752743555543324,5.891194771348282,22,16
anne_frank,"Still, I think he’s terrific, because he’s very funny.",44.51348114013672,5.7185096425168656,5.476066547514758,5.834556524952252,4.385364032518539,17,9
anne_frank,"Emiel Bonewit is G.Z.’s admirer, but she doesn’t care.",110.02902221679688,6.0973208961279495,6.781739334089508,6.359311567649009,6.5336170813576375,23,9
anne_frank,"Rob Cohen used to be in love with me too, but I can’t stand him anymore.",82.99871826171875,5.466188952326775,6.374795580212051,5.8675535172224045,5.752735407217284,20,16
anne_frank,"He’s an obnoxious, two-faced, lying, sniveling little goof who has an awfully high opinion of himself.",58.112361907958984,6.9416066476931935,5.860773010874667,6.804628674561779,5.6005202780567185,26,16
anne_frank,"Max van de Velde is a farm boy from Medemblik, but eminently suitable, as Margot would say.",162.44773864746094,6.172945017814636,7.343830623568237,6.5245829168488,7.49100328649276,25,17
anne_frank,"Herman Koopman also has a filthy mind, just like Jopie de Beer, who’s a terrible flirt and absolutely girl-crazy.",287.55828857421875,7.1557645812149975,8.167655902130566,7.48645381420328,8.506316440744413,31,19
anne_frank,"Leo Blom is Jopie de Beer’s best friend, but has been ruined by his dirty mind.",202.9005584716797,7.104665193085869,7.664628426889283,7.238887382360796,7.241936032433944,24,16
anne_frank,Albert de Mesquita came from the Montessori School and skipped a grade.,69.68812561035156,6.297947419574484,6.122839081210335,6.766063682631486,6.985515292621663,16,12
anne_frank,"Leo Slager came from the same school, but isn’t as smart.",177.2098846435547,6.958717722774429,7.469241446164295,7.318628380794755,6.580769476118184,17,11
anne_frank,"Ru Stoppelmon is a short, goofy boy from Almelo who transferred to this school in the middle of the year.",65.07211303710938,6.847497795636837,6.023967145879264,6.799853951732317,5.636958743954045,26,20
anne_frank,does whatever he’s not supposed to.,376.2360534667969,5.360859281486935,8.555329497824724,5.320080886284511,7.015501964449025,9,6
anne_frank,"Jacques Kocernoot sits behind us, next to C., and we (G.",351.10736083984375,7.248964182618591,8.45575925879486,6.8139176998626105,7.572203536903928,18,11
anne_frank,and I) laugh ourselves silly.,202.7069549560547,7.098318696022034,7.663250978222455,6.8127189636230465,6.74743019546645,6,5
anne_frank,Harry Schaap is the most decent boy in our class.,119.49837493896484,6.99951340935447,6.9008458036730564,7.176568377017975,7.083856096676769,11,10
anne_frank,"Werner Joseph is nice too, but all the changes taking place lately have made him too quiet, so he seems boring.",86.07124328613281,6.16191778421402,6.427459124141567,6.118372515080466,6.559893799883541,25,21
anne_frank,Sam Salomon is one of those tough guys from across the tracks.,65.84676361083984,6.036201201952421,6.041040729264495,6.02260700861613,6.148692605445781,13,12
anne_frank,"(Admirer!) Appie Riem is pretty Orthodox, but a brat too.",367.0400085449219,6.837322380807665,8.519787038820573,6.704194958209992,8.678059735327633,18,10
anne_frank,Writing in a diary is a really strange experience for someone like me.,29.540992736816406,6.700725573759812,4.8846460841685735,6.700725573759812,4.8846460841685735,13,13
anne_frank,"Not only because I’ve never written anything before, but also because it seems to me that later on neither I nor anyone else will be interested in the musings of a thirteen-year-old schoolgirl.",26.703147888183594,4.950806866551554,4.738825743159453,5.330534986835537,4.698922433742238,43,33
anne_frank,"Oh well, it doesn’t matter.",168.36959838867188,5.2536385141106114,7.395057513095504,5.890631786687299,6.327282997776693,9,5
anne_frank,"I feel like writing, and I have an even greater need to get all kinds of things off my chest.",22.385164260864258,5.473792734600249,4.484471450117454,5.416562008857727,4.47518006972671,21,20
anne_frank,"“Paper has more patience than people.” I thought of this saying on one of those days when I was feeling a little depressed and was sitting at home with my chin in my hands, bored and listless, wondering whether to stay in or go out.",46.123966217041016,5.972283959388733,5.527440744022597,5.913696103184312,5.103756882789631,53,45
anne_frank,"I finally stayed where I was, brooding.",96.528564453125,5.392508871025509,6.592883705525466,5.435340872832707,6.705757843855386,9,7
anne_frank,"Yes, paper does have more patience, and since I’m not planning to let anyone else read this stiff-backed notebook grandly referred to as a “diary,” unless I should ever find a real friend, it probably won’t make a bit of difference.",94.25386810302734,5.838731758801614,6.558421397269588,5.911359779175445,6.2525433220837625,59,41
anne_frank,Now I’m back to the point that prompted me to keep a diary in the first place: I don’t have a friend.,43.65774917602539,5.713150137714271,5.448124143032866,6.107109040021896,4.940135607440964,29,22
anne_frank,"Let me put it more clearly, since no one will believe that a thirteen year-old girl is completely alone in the world.",21.552539825439453,5.652388422191143,4.429786384076959,5.966285861689936,4.585941155877439,25,22
anne_frank,"I have loving parents and a sixteen-year-old sister, and there are about thirty people I can call friends.",29.45920181274414,5.13828648444589,4.880644305520199,5.9937557743965755,5.811403966273456,23,18
anne_frank,I have a throng of admirers who can’t keep their adoring eyes off me and who sometimes have to resort to using a broken pocket mirror to try and catch a glimpse of me in the classroom.,46.957176208496094,5.912456540087628,5.553262688440783,6.161806015499137,5.366508498358329,43,37
anne_frank,"I have a family, loving aunts and a good home.",181.49371337890625,5.280293896794319,7.503773503744032,5.357454460859299,7.754153243383439,12,10
anne_frank,"No, on the surface I seem to have everything, except my one true friend.",49.38994598388672,6.376673176884651,5.626144651290007,6.208982467651367,5.521524339884122,16,14
anne_frank,All I think about when I’m with friends is having a good time.,66.42921447753906,5.9926271960139275,6.053639784269462,5.836232345837813,4.778235476483687,16,13
anne_frank,I can’t bring myself to talk about anything but ordinary everyday things.,78.42849731445312,5.87986687819163,6.293276548752335,5.979585697253545,5.108749390631736,15,12
anne_frank,"We don’t seem to be able to get any closer, and that’s the problem.",29.555343627929688,5.620535967250665,4.885330468376958,6.0147011089803915,3.9813994490715765,21,14
anne_frank,Maybe it’s my fault that we don’t confide in each other.,45.463844299316406,4.960395166443454,5.506631425020467,5.434391078623858,4.169365279834233,18,11
anne_frank,"In any case, that’s just how things are, and unfortunately they’re not liable to change.",95.49163055419922,6.24143527124239,6.577213232646336,6.3774786998828255,6.426999969270278,23,15
anne_frank,This is why I’ve started the diary.,277.7568664550781,7.439432907104492,8.11747196104172,7.908604213169643,6.168613921395665,10,7
anne_frank,"To enhance the image of this long-awaited friend in my imagination, I don’t want to jot down the facts in this diary the way most people would do, but I want the diary to be my friend, and I’m going to call this friend Kitty.",32.79230499267578,5.713772587543517,5.035281076036862,6.037967668673783,5.103379862697299,57,45
anne_frank,"Since no one would understand a word of my stories to Kitty if I were to plunge right in, I’d better provide a brief sketch of my life, much as I dislike doing so.",87.8698959350586,6.2606968237803535,6.4572619505096895,6.2146488165154175,5.976376594458324,39,34
anne_frank,"My father, the most adorable father I’ve ever seen, didn’t marry my mother until he was thirty-six and she was twenty-five.",30.73631477355957,4.971444863261598,4.941137848126292,5.622816668616401,4.811028812311646,33,21
anne_frank,My sister Margot was born in Frankfurt am Main in Germany in 1926.,51.51585006713867,6.09259356824415,5.686944199893735,6.0535482082229395,5.851109520251163,14,13
anne_frank,"I was born on June 12, 1929.",22.003311157226562,5.852422818541527,4.4596486156980735,6.090731527124133,4.599165240184705,8,7
anne_frank,I lived in Frankfurt until I was four.,68.49520111083984,6.230235666036606,6.097930850057095,6.230235666036606,6.097930850057095,8,8
anne_frank,"Because we’re Jewish, my father immigrated to Holland in 1933, when he became the Managing Director of the Dutch Opekta Company, which manufactures products used in making jam.",91.86331939697266,5.97291273702132,6.521317723291232,5.928661962971091,5.9713562912099425,38,28
anne_frank,"My mother, Edith Hollander Frank, went with him to Holland in September, while Margot and I were sent to Aachen to stay with our grandmother.",45.73830032348633,5.984628439852686,5.515330563761815,6.076999386548996,5.5837588023913645,33,25
anne_frank,"Margot went to Holland in December, and I followed in February, when I was plunked down on the table as a birthday present for Margot.",33.77191162109375,5.910216293748348,5.077751820448438,6.088491491129002,5.489110167523446,31,25
anne_frank,I started right away at the Montessori nursery school.,99.87657928466797,6.116500251714817,6.642073861502721,6.43985324603057,6.726847302665987,11,9
anne_frank,"I stayed there until I was six, at which time I started first grade.",33.7611083984375,5.437934239705403,5.077289787427844,5.514499315193722,5.065896151086869,15,14
anne_frank,In sixth grade my teacher was Mrs.,91.78148651123047,6.085529838289533,6.520130906218932,6.085529838289533,6.520130906218932,7,7
anne_frank,"At the end of the year we were both in tears as we said a heartbreaking farewell, because I’d been accepted at the Jewish Lyceum, where Margot also went to school.",81.84776306152344,5.513538533296341,6.354699736698526,5.727654177815683,6.214869806075944,39,31
anne_frank,"Our lives were not without anxiety, since our relatives in Germany were suffering under Hitler’s anti- Jewish laws.",122.43186950683594,6.413580092399017,6.9358321325391055,6.860767120288478,6.337774203360744,23,18
anne_frank,"After the pogroms in 1938 my two uncles (my mother’s brothers) fled Germany, finding safe refuge in North America.",87.18928527832031,5.521809300471997,6.446073356976632,5.876851415555728,6.610804565791152,29,19
anne_frank,My elderly grandmother came to live with us.,33.24747848510742,6.044899195432663,5.0551721913491185,6.044899195432663,5.0551721913491185,8,8
anne_frank,She was seventy-three years old at the time.,9.194746017456055,3.6710866555571555,3.200809161136003,3.8310731581101813,3.5450193600396265,10,8
anne_frank,"After May 1940 the good times were few and far between: first there was the war, then the capitulation and then the arrival of the Germans, which is when the trouble started for the Jews.",27.035783767700195,5.4109496010992775,4.75679825489245,5.553322297866855,4.814120969953777,39,35
anne_frank,"Our freedom was severely restricted by a series of anti-Jewish decrees: Jews were required to wear a yellow star; Jews were required to turn in their bicycles; Jews were forbidden to use street-cars; Jews were forbidden to ride in cars, even their own; Jews were required to do their shopping between 3 and 5 P.M.; Jews were required to frequent only Jewish-owned barbershops and beauty parlors; Jews were forbidden to be out on the streets between 8 P.M.",13.312947273254395,4.587303268873032,3.7347577506254703,4.916555997220059,4.0657173027794755,101,78
anne_frank,"and 6 A.M.; Jews were forbidden to attend theaters, movies or any other forms of entertainment; Jews were forbidden to use swimming pools, tennis courts, hockey fields or any other athletic fields; Jews were forbidden to go rowing; Jews were forbidden to take part in any athletic activity in public; Jews were forbidden to sit in their gardens or those of their friends after 8 P.M.; Jews were forbidden to visit Christians in their homes; Jews were required to attend Jewish schools, etc.",15.891036033630371,4.8371073622068375,3.990141106283816,4.7965724377343095,4.053454842160832,99,83
anne_frank,"You couldn’t do this and you couldn’t do that, but life went on.",34.43190383911133,4.400233304966241,5.105657564431141,5.001163492015062,5.140995163437653,20,13
anne_frank,"Jacque always said to me, “I don’t dare do anything anymore, ‘cause I’m afraid it’s not allowed.” In the summer of 1941 Grandma got sick and had to have an operation, so my birthday passed with little celebration.",54.208251953125,5.16409324311604,5.760439837314097,5.306150016260513,5.732489232101931,59,38
anne_frank,"In the summer of 1940 we didn’t do much for my birthday either, since the fighting had just ended in Holland.",112.41769409179688,5.586082515269518,6.812652971050953,5.855387522927707,6.393702860972392,25,21
anne_frank,Grandma died in January 1942.,93.48591613769531,7.426405469576518,6.5466771747960975,6.760442399978638,5.861087691162015,6,5
anne_frank,No one knows how often I think of her and still love her.,36.023319244384766,6.0661094555487995,5.170859070454592,6.0661094555487995,5.170859070454592,13,13
anne_frank,"This birthday celebration in 1942 was intended to make up for the others, and Grandma’s candle was lit along with the rest.",113.69902801513672,6.535240643554264,6.829069542706476,6.291691145571796,6.245623867796983,27,22
anne_frank,"The four of us are still doing well, and that brings me to the present date of June 20, 1942, and the solemn dedication of my diary.",34.22396469116211,5.8806044896443685,5.096935193046138,6.0299274524052935,5.290359418590759,30,27
anne_frank,Let me get started right away; it’s nice and quiet now.,137.55740356445312,5.296506547927857,7.103827689228248,5.270757788961584,5.948054373350552,15,11
anne_frank,Father and Mother are out and Margot has gone to play Ping-Pong with some other young people at her friend Trees’s.,149.5188446044922,5.894577892480551,7.223971833564833,6.316083131707273,7.739399749132383,28,21
anne_frank,I’ve been playing a lot of Ping-Pong myself lately.,79.55181884765625,5.604921060955773,6.313821043086412,6.035042149389887,5.507541182995597,15,9
anne_frank,So much that five of us girls have formed a club.,234.8325653076172,7.022986108606512,7.875486923329242,7.022986108606512,7.875486923329242,11,11
anne_frank,"It’s called “The Little Dipper Minus Two.” A really silly name, but it’s based on a mistake.",95.42121887207031,6.730756448161218,6.5762373877175015,7.021177145195942,6.174299869837389,31,17
anne_frank,"We wanted to give our club a special name; and because there were five of us, we came up with the idea of the Little Dipper.",24.351404190063477,5.408214137471956,4.605932926244523,5.4780691266059875,4.752362770616145,29,26
anne_frank,"We thought it consisted of five stars, but we turned out to be wrong.",29.617530822753906,4.939027261734009,4.888373115719699,4.918565307344709,5.091847212129858,15,14
anne_frank,"It has seven, like the Big Dipper, which explains the “Minus Two.” Ilse Wagner has a Ping-Pong set, and the Wagners let us play in their big dining room whenever we want.",114.0196762084961,6.9413080642574485,6.8331308532130235,7.368992315456126,6.882592640895851,47,32
anne_frank,"Since we five Ping-Pong players like ice cream, especially in the summer, and since you get hot playing Ping-Pong, our games usually end with a visit to the nearest ice- cream parlor that allows Jews: either Oasis or Delphi.",88.87625885009766,5.812532115797952,6.473702915139536,6.412344525811764,7.4045160272979915,53,39
anne_frank,We’ve long since stopped hunting around for our purses or money—most of the time it’s so busy in Oasis that we manage to find a few generous young men of our acquaintance or an admirer to offer us more ice cream than we could eat in a week.,61.63275146484375,6.312562260208494,5.945624421385713,6.460104579700985,5.718098396433767,59,48
anne_frank,You’re probably a little surprised to hear me talking about admirers at such a tender age.,87.6167221069336,5.677567076683045,6.453123239348573,5.40022275224328,5.3671088851758935,20,16
anne_frank,"Unfortunately, or not, as the case may be, this vice seems to be rampant at our school.",30.177989959716797,6.387745276093483,4.915424463592125,6.348941802978516,4.958472188912259,20,17
anne_frank,"As soon as a boy asks if he can bicycle home with me and we get to talking, nine times out of ten I can be sure he’ll become enamored on the spot and won’t let me out of his sight for a second.",38.12702941894531,4.87944270108106,5.252650609772947,5.056499544700438,4.785122156274611,53,44
anne_frank,"His ardor eventually cools, especially since I ignore his passionate glances and pedal blithely on my way.",213.27577209472656,6.118329626592723,7.7365697411293235,6.78782633765071,8.64069909063334,22,17
anne_frank,"If it gets so bad that they start rambling on about “asking Father’s permission,” I swerve slightly on my bike, my schoolbag falls, and the young man feels obliged to get off his bike and hand me the bag, by which time I’ve switched the conversation to another topic.",74.54615783691406,5.982561603640065,6.220060835653601,6.06996562164657,5.737012748608527,66,49
anne_frank,These are the most innocent types.,104.0149917602539,7.862543702125549,6.700647416295691,7.862543702125549,6.700647416295691,6,6
anne_frank,"Of course, there are those who blow you kisses or try to take hold of your arm, but they’re definitely knocking on the wrong door.",77.02342224121094,5.135531584421794,6.267073684761965,4.9812296414375306,5.62429092591995,30,25
anne_frank,I get off my bike and either refuse to make further use of their company or act as if I’m insulted and tell them in no uncertain terms to go on home without me.,78.37092590332031,5.555256519164588,6.291995873725689,5.500097693108461,5.642164079992924,37,34
anne_frank,We’ve now laid the basis for our friendship.,290.3018798828125,6.708093545653603,8.181407864234473,6.273067593574524,6.639448291010174,11,8
anne_frank,"Yours, Anne Dearest Kitty, Our entire class is quaking in its boots.",443.9875793457031,7.525554362465353,8.794373520794974,7.115835686524709,8.455817908275973,17,12
anne_frank,"The reason, of course, is the upcoming meeting in which the teachers decide who’ll be promoted to the next grade and who’ll be kept back.",48.52017593383789,5.709947679756266,5.600417433449637,6.199157452732325,5.705029847353467,33,25
anne_frank,Half the class is making bets.,157.76026916503906,8.770938952763876,7.301589063459224,8.770938952763876,7.301589063459224,6,6
anne_frank,"and I laugh ourselves sick at the two boys behind us, C.N.",111.98802185058594,6.287438646952311,6.807199891605763,6.37917943795522,7.194524928662372,15,12
anne_frank,"and Jacques Kocernoot, who have staked their entire vacation savings on their bet.",298.9743957519531,6.617243144247267,8.223814775291878,6.830067071547875,8.399837819324732,18,13
anne_frank,"From morning to night, it’s “You’re going to pass, No, I’m not,” “Yes, you are,” “No, I’m not.” Even G.’s pleading glances and my angry outbursts can’t calm them down.",42.412513732910156,5.427885768590757,5.406370487894206,5.579073160006664,6.078168544371776,71,30
anne_frank,"If you ask me, there are so many dummies that about a quarter of the class should be kept back, but teachers are the most unpredictable creatures on earth.",41.97806930541992,5.945035831071436,5.391564165471088,5.955098864333383,5.575363717932592,32,29
anne_frank,Maybe this time they’ll be unpredictable in the right direction for a change.,205.98641967773438,6.684489205479622,7.686237060394524,6.652004906764398,6.710879746784144,16,13
anne_frank,I’m not so worried about my girlfriends and myself.,159.6995391845703,7.613697091738383,7.3192153913283455,7.444830152723524,6.125955178725675,12,9
anne_frank,The only subject I’m not sure about is math.,158.24517822265625,6.915971736113231,7.305795833459318,6.980256630314721,5.943629801038712,12,9
anne_frank,"Anyway, all we can do is wait.",9.130396842956543,5.173968151211739,3.1906779069484292,4.8502532584326605,2.9143615661123183,8,7
anne_frank,"Until then, we keep telling each other not to lose heart.",33.70370101928711,5.17752468585968,5.074835086265204,5.148479830134999,5.333997786841942,12,11
anne_frank,I get along pretty well with all my teachers.,24.451004028320312,5.556592477692498,4.611821456417813,5.556592477692498,4.611821456417813,9,9
anne_frank,"There are nine of them, seven men and two women.",16.518238067626953,5.296167931773446,4.0459877087464635,5.247301858663559,3.984587021195857,11,10
anne_frank,"Keesing, the old fogey who teaches math, was mad at me for the longest time because I talked so much.",58.02851486206055,7.0276839590072635,5.858690513729847,6.642232203483582,5.909361093785278,25,20
anne_frank,"After several warnings, he assigned me extra homework.",346.4500732421875,7.183600372738308,8.436502799425751,7.212054491043091,9.044082845905532,9,8
anne_frank,"An essay on the subject “A Chatterbox.” A chatterbox, what can you write about that?",112.95454406738281,6.87975122841696,6.819596546885298,6.986829261316193,6.791128431620932,24,15
anne_frank,"I’d wbrry about that later, I decided.",806.29296875,7.378960059239314,9.655159523019083,6.8412390777042935,8.518172058408563,13,7
anne_frank,"I jotted down the assignment in my notebook, tucked it in my bag and tried to keep quiet.",27.105379104614258,5.457068759202957,4.760507538085385,5.481608937184016,4.714147772529657,20,18
anne_frank,"That evening, after I’d finished the rest of my homework, the note about the essay caught my eye.",66.60820007324219,6.301145102666772,6.05759892738583,6.4106130202611284,5.514822549943466,23,18
anne_frank,I began thinking about the subject while chewing the tip of my fountain pen.,74.68428039550781,5.666784831455776,6.222730748273319,5.666784831455776,6.222730748273319,14,14
anne_frank,"Anyone could ramble on and leave big spaces between the words, but the trick was to come up with convincing arguments to prove the necessity of talking.",60.80535888671875,6.263389809378262,5.926126247962403,6.291284252096106,6.099074855324139,29,27
anne_frank,"I thought and thought, and suddenly I had an idea.",33.94796371459961,6.07520749352195,5.085252952329582,6.139514827728272,5.197608669452206,11,10
anne_frank,I wrote the three pages Mr.,227.31576538085938,7.578439871470134,7.828552843802181,7.578439871470134,7.828552843802181,6,6
anne_frank,Keesing had assigned me and was satisfied.,373.3249206542969,8.145269102520412,8.544287948895896,7.581688642501831,8.354516022311232,9,7
anne_frank,"I argued that talking is a female trait and that I would do my best to keep it under control, but that I would never be able to break myself of the habit, since my mother talked as much as I did, if not more, and that there’s not much you can do about inherited traits.",31.068572998046875,5.135978029597373,4.95732258453692,5.2208588141947985,4.674798555278309,63,56
anne_frank,"Keesing had a good laugh at my arguments, but when I proceeded to talk my way through the next class, he assigned me a second essay.",44.29254150390625,6.451685108741125,5.468991772714579,6.30273797038274,5.448336646744165,30,26
anne_frank,"This time it was supposed to be on “An Incorrigible Chatterbox.” I handed it in, and Mr.",97.50634002685547,5.793595401969339,6.60741683213496,5.624213942637047,6.412679782377654,28,17
anne_frank,Keesing had nothing to complain about for two whole classes.,128.3590850830078,5.757949396967888,7.004041401314012,4.885979133844375,6.563151743188369,12,10
anne_frank,"However, during the third class he’d finally had enough.",286.0823059082031,7.6749276014474725,8.160237604744609,7.473683913548787,6.9482984032068735,13,9
anne_frank,"“Anne Frank, as punishment for talking in class, write an essay entitled ‘Quack, Quack, Quack,’ said Mistress Chatterback.’” The class roared.",201.71315002441406,6.839542369047801,7.656155112224072,6.674148882192278,8.128410020617755,42,21
anne_frank,"I had to laugh too, though I’d ) nearly exhausted my ingenuity on the topic of chatterboxes.",438.8114013671875,6.971621231599287,8.777337469261484,7.372102085281821,8.03539190974857,22,17
anne_frank,"It was time to come up with something else, j something original.",103.62030029296875,5.241651468552076,6.695103877406473,5.272025612493356,6.510507558785837,13,12
anne_frank,"My friend Sanne, who’s good at poetry, offered to help me write the essay from beginning to end in verse.",89.07154846191406,5.9534731449989176,6.476850813030769,5.737471881012121,5.872532570959086,26,20
anne_frank,I jumped for joy.,52.69064712524414,5.523902893066406,5.719473708768356,5.523902893066406,5.719473708768356,4,4
anne_frank,"Keesing was trying to play a joke on me with this ridiculous subject, but I’d make sure the joke was on him.",78.7528076171875,6.611704138772828,6.299168802763131,6.586932386412766,5.376413784412642,28,22
anne_frank,"I finished my poem, and it was beautiful!",55.96312713623047,7.177732096778022,5.806404591750913,7.2687070071697235,6.225240521237582,9,8
anne_frank,It was about a mother duck and a father swan with three baby ducklings who were bitten to death by the father because they quacked too much.,46.79004669189453,5.751616100470225,5.54812917228156,5.86940539766241,5.741301088018946,30,27
anne_frank,"Luckily, Keesing took the joke the right way.",65.20318603515625,6.5420616756786,6.026870594282789,5.851567645867665,5.539501612266681,11,8
anne_frank,"He read the poem to the class, adding his own comments, and to several other classes as well.",38.48996353149414,6.572034299373627,5.266409426218505,6.679794179068671,5.333382588003191,20,18
anne_frank,Since then I’ve been allowed to talk and haven’t been assigned any extra homework.,131.14425659179688,5.694729721546173,7.03446099397077,6.225307145289013,7.06600566423401,20,14
anne_frank,"On the contrary, Keesing’s always i making jokes these days.",418.2861328125,7.3731050454080105,8.708340748481405,7.16143961250782,7.952397035653145,16,10
anne_frank,"Yours, Anne Dearest Kitty, It’s sweltering.",994.2611694335938,7.783391593893369,9.957462080438999,7.990006230771542,9.828877400603961,15,6
anne_frank,"Everyone is huffing and puffing, and in this heat I have to walk everywhere.",25.086984634399414,5.826325700100925,4.648867330669842,6.326839076089008,5.380287304829699,18,14
anne_frank,"Only now do I realize how pleasant a streetcar is, but we Jews are no longer allowed to make use of this luxury; our own two feet are good enough for us.",69.6923828125,6.33586906006231,6.122927974769263,6.356425687903538,6.180858303701157,34,32
anne_frank,Yesterday at lunchtime I had an appointment with the dentist on Jan Luykenstraat.,98.46984100341797,5.956012460920546,6.621609290832791,6.112542720941397,6.628749351800399,18,13
anne_frank,It’s a long way from our school on Stadstimmertuinen.,734.03662109375,7.179272076662849,9.51969075637125,7.542202128304376,7.630611221807342,17,9
anne_frank,That afternoon I nearly fell asleep at my desk.,30.357410430908203,5.249230914645725,4.923976234515788,5.249230914645725,4.923976234515788,9,9
anne_frank,"Fortunately, people automatically offer you something to drink.",99.42156219482422,7.0651636653476295,6.635487208161632,6.9232500195503235,6.736684172452167,9,8
anne_frank,The dental assistant is really kind.,409.5859375,7.934732735157013,8.678020746197213,7.934732735157013,8.678020746197213,6,6
anne_frank,The only mode of transportation left to us is the ferry.,29.85141944885254,7.475897268815474,4.899727089079121,7.475897268815474,4.899727089079121,11,11
anne_frank,The ferryman at Josef Israelkade took us across when we asked him to.,316.4154968261719,6.826959469739129,8.305674497144109,6.368191419503628,8.088505143555814,17,13
anne_frank,It’s not the fault of the Dutch that we Jews are having such a bad time.,67.49890899658203,7.186077212032519,6.076791207851236,6.982121832668781,5.30566338188239,19,16
anne_frank,I wish I didn’t have to go to school.,95.87369537353516,5.629465046338737,6.582946885811619,6.0133492757255835,5.159341715105146,12,9
anne_frank,"My bike was stolen during Easter vacation, and Father gave Mother’s bike to some Christian friends for safekeeping.",168.0269012451172,6.334857028463612,7.39252831770536,6.477088703049554,7.640579555373037,23,18
anne_frank,Thank goodness summer vacation is almost here; one more week and our torment will be over.,148.2814483642578,5.96437320989721,7.212188403882501,5.9745776653289795,7.122341090829737,17,16
anne_frank,Something unexpected happened yesterday morning.,112.80561065673828,5.921705150604248,6.8176939716114315,5.921705150604248,6.8176939716114315,5,5
anne_frank,"As I was passing the bicycle racks, I heard my name being called.",31.392108917236328,6.777980804443359,4.972330128754421,6.883572468390832,5.221104482648477,14,13
anne_frank,I turned around and there was the nice boy I’d met the evening before at my friend Wilma’s.,100.27178955078125,5.642526812553406,6.647509271537205,5.7828954736391704,6.497163744038776,25,18
anne_frank,He’s Wilma’s second cousin.,204.3821563720703,7.781468087976629,7.67511855469576,7.874162256717682,6.684746271285111,11,4
anne_frank,"I used to think Wilma was nice, which she is, but all she ever talks about is boys, and that gets to be a bore.",31.660762786865234,5.401444407372639,4.984623285601581,5.465836335420608,5.265101427736995,29,25
anne_frank,"He came toward me, somewhat shyly, and introduced himself as Hello Silberberg.",82.94981384277344,5.7134564904605645,6.374165441954268,6.037905785772536,7.4246560373334916,17,12
anne_frank,"I was a little surprised and wasn’t sure what he wanted, but it didn’t take me long to find out.",22.71514892578125,4.679093429646282,4.505541595956164,5.163982171670068,3.952434318263098,27,20
anne_frank,He asked if I would allow him to accompany me to school.,21.136125564575195,5.737321764230728,4.4016392192611145,5.737321764230728,4.4016392192611145,12,12
anne_frank,"“As long as you’re headed that way, I’ll go with you,” I said.",88.56527709960938,5.784378932714462,6.468650805637971,5.055868151096197,5.024497751736347,25,13
anne_frank,And so we walked together.,109.31643676757812,6.794899749755859,6.772366599703285,6.794899749755859,6.772366599703285,5,5
anne_frank,Hello is sixteen and good at telling all kinds of funny stories.,80.28543090820312,5.731905087207754,6.327065947152704,5.731905087207754,6.327065947152704,12,12
anne_frank,"He was waiting for me again this morning, and I expect he will be from now on.",27.777494430541992,5.640074749787648,4.795844240550502,5.668705673778758,4.946878289059342,18,17
anne_frank,"Anne Dearest Kitty, Until today I honestly couldn’t find the time to write you.",238.40408325195312,6.319647867330595,7.897239807581009,6.452364471308621,6.858088537064861,19,14
anne_frank,"I was with friends all day Thursday, we had company on Friday, and that’s how it went until today.",82.22242736816406,5.746661712725957,6.360973449290472,5.834728240966797,5.880941781145227,24,19
anne_frank,"Hello and I have gotten to know each other very well this past week, and he’s told me a lot about his life.",19.352783203125,4.811038451062308,4.274460383352288,4.78577549431635,3.3657020020274073,27,23
anne_frank,He comes from Gelsenkirchen and is living with his grandparents.,20.6651668548584,4.295748091701951,4.3691289362011005,4.990154379159212,5.118361865428939,14,10
anne_frank,"His parents are in Belgium, but there’s no way he can get there.",69.87286376953125,6.598260304507087,6.1263827819941366,6.982343228963705,5.321988343389832,17,13
anne_frank,Hello used to have a girlfriend named Ursula.,42.507347106933594,6.97394253147973,5.4096403023179285,7.371945850551128,5.92124209435244,9,8
anne_frank,I know her too.,151.00341796875,7.063124656677246,7.238437294007367,7.063124656677246,7.238437294007367,4,4
anne_frank,She’s perfectly sweet and perfectly boring.,541.07666015625,8.150278356340197,9.079687172795191,8.085577885309855,7.564334292439134,9,6
anne_frank,"Ever since he met me, Hello has realized that he’s been falling asleep at Ursul’s side.",235.20306396484375,5.424594700336456,7.877721093541041,6.047698211669922,7.467385891944826,24,16
anne_frank,So I’m kind of a pep tonic.,377.7462463378906,6.178888569275538,8.561123158133485,6.5344895379883905,6.975098970369599,12,7
anne_frank,You never know what you’re good for!,281.45556640625,4.961547410488128,8.135909763550355,5.142813205718994,5.1921278635669506,10,7
anne_frank,Jacque spent Saturday night here.,417.9637451171875,7.270874102910359,8.707233606480406,6.574650287628174,8.102931130410942,6,5
anne_frank,"Sunday afternoon she was at Hanneli’s, and I was bored stiff.",403.5213317871094,6.8758092627805825,8.656495233410704,7.002847507402495,8.020709039347814,17,11
anne_frank,"Hello was supposed to come over that evening, but he called around six.",44.91328048706055,5.373799549415708,5.489069831666454,5.440396276517556,5.768978908598279,14,13
anne_frank,"I answered the phone, and he said, “This is Helmuth Silberberg.",89.5839614868164,5.983343256844415,6.485147468173754,6.491933555314035,7.033573281683444,18,11
anne_frank,"May I please speak to Anne?” “Oh, Hello.",333.7257080078125,6.445470060620989,8.382517517711097,6.817312449216843,7.616204964983574,14,8
anne_frank,"This is Anne.” “Oh, hi, Anne.",205.72032165527344,6.3122101196875935,7.684531228006049,6.634659290313721,7.450466304038419,13,6
anne_frank,"How are you?” “ “Fine, thanks.” “I just wanted to say I’m sorry but I can’t come tonight, though I would like to have a word with you.",35.08417510986328,4.797865125727146,5.132744833255176,4.946260396923337,4.336820065832194,47,28
anne_frank,"Is it all right if I come by and pick you up in about ten minutes “Yes, that’s fine.",73.39686584472656,5.105498821735382,6.197644485574702,5.1497770014562105,5.642727420378238,25,19
anne_frank,"Bye-bye!” “Okay, I’ll be right over.",262.8086853027344,6.02418613102701,8.037865038370235,4.6063212269828435,7.300041524018927,18,6
anne_frank,"Bye-bye!” I hung up, quickly changed my clothes and fixed my hair.",93.84388732910156,6.336188818279066,6.552190613706128,5.661455716405595,5.6897916078772015,19,12
anne_frank,I was so nervous I leaned out the window to watch for him.,34.814876556396484,5.938498166891245,5.121631816150124,5.938498166891245,5.121631816150124,13,13
anne_frank,He finally showed up.,56.0190315246582,6.7800053358078,5.807845315676046,6.7800053358078,5.807845315676046,4,4
anne_frank,"Miracle of miracles, I didn’t rush down the stairs, but waited quietly until he rang the bell.",108.90676879882812,5.968702183550467,6.766907206204236,5.8351207838174615,5.968541416499563,23,17
anne_frank,"I went down to open the door, and he got right to the point.",23.091869354248047,5.868908548355103,4.529313069456052,5.91728949546814,4.697637855491798,15,14
anne_frank,"“Anne, my grandmother thinks you’re too young for me to be seeing you on a regular basis.",125.82184600830078,6.447651403753654,6.975232084676554,5.928410631768844,5.381225207409079,23,17
anne_frank,"She says I should be going to the Lowenbachs’, but you probably know that I’m not going out with Ursul anymore.” “No, I didn’t know.",86.78524017333984,5.724434171887961,6.439375019069313,5.907966835881982,6.423044006638346,44,25
anne_frank,"Did you two have a fight?” “No, nothing like that.",75.067626953125,5.889215253293514,6.230118339947743,6.147853833436966,5.3440103395617164,16,10
anne_frank,"I told Ursul that we weren’t suited to each other and so it was better for us not to go together anymore, but that she was welcome at my house and I hoped I would be welcome at hers.",47.479461669921875,4.888767269577577,5.569161667209844,4.96713336768787,5.001565737891154,44,39
anne_frank,"Actually, I thought Ursul was hanging around with another boy, and I treated her as if she were.",45.722198486328125,5.6450995944795155,5.514820646594735,5.548003282811907,5.81943659220017,21,18
anne_frank,But that wasn’t true.,315.10302734375,5.716586986290557,8.299337338426808,6.155444884905592,6.111773135546577,7,4
anne_frank,"And then my uncle said I should apologize to her, but of course I didn’t feel like it, and that’s why I broke up with her.",32.11800765991211,4.674223826527047,5.005244595784634,4.767545738575371,4.483625934286379,34,26
anne_frank,But that was just one of the reasons.,14.105862617492676,6.73600161075592,3.818222937179912,6.73600161075592,3.818222937179912,8,8
anne_frank,"“Now my grandmother wants me to see Ursul and not you, but I don’t agree and I’m not going to.",94.25086212158203,5.7101758661990365,6.558431274673553,5.927197086182423,5.922625515635726,30,20
anne_frank,"Sometimes old people have really old-fashioned ideas, but that doesn’t mean I have to go along with them.",37.12753677368164,5.472478872494928,5.214336994594405,5.821019803249294,4.789370807506429,24,18
anne_frank,"I need my grandparents, but in a certain sense they need me too.",35.633697509765625,5.715198670114789,5.155170964352762,5.741921608264629,5.214121379167013,14,13
anne_frank,From now on I’ll be free on Wednesday evenings.,313.0379943847656,6.435576876004537,8.289955507312522,6.441079563564724,7.059833749450516,12,9
anne_frank,"You see, my grandparents made me sign up for a wood-carving class, but actually I go to a club organized by the Zionists.",47.16372299194336,6.053066093346168,5.559604802110441,6.349274907423102,6.102936089825018,29,23
anne_frank,"My grandparents don’t want me to go, because they’re anti- Zionists.",94.98908233642578,5.116126039065421,6.5696579511545465,5.550587758167901,6.078716996642767,20,11
anne_frank,"I’m not a fanatic Zionist, but it interests me.",312.42584228515625,6.621525764465332,8.287367782690021,6.2212868531545,8.090964484010334,13,9
anne_frank,"Anyway, it’s been such a mess lately that I’m planning to quit.",59.58027648925781,5.469411834290153,5.896674295762685,5.080597802996635,4.983491314217515,19,12
anne_frank,So next Wednesday will be my last meeting.,68.220947265625,5.5409484803676605,6.0921432548109316,5.5409484803676605,6.0921432548109316,8,8
anne_frank,"That means I can see you Wednesday evening, Saturday afternoon, Saturday evening, Sunday afternoon and maybe even more.” “But if your grandparents don’t want you to, you?",73.82473754882812,5.502643921722968,6.206031788859373,5.581762354418543,5.85959729061313,39,27
anne_frank,"shouldn’t go behind their backs.” “All’s fair in love and war.” Just then we passed Blankevoort’s Bookstore and there was Peter Schiff with two other boys; it was the first time he’d said hello to me in ages, and it really made me feel good.",68.26025390625,6.179799021739099,6.092972040918916,6.228166859799591,5.686360293564746,72,45
anne_frank,Monday evening Hello came over to meet Father and Mother.,374.0685119628906,6.153926706314087,8.547138769173909,6.153926706314087,8.547138769173909,10,10
anne_frank,"I had bought a cake and some candy, and we had tea and cookies, the works, but neither Hello nor I felt like sitting stiffly on our chairs.",80.7822265625,6.143542185425758,6.33595633830968,6.339232359613691,6.737922351689414,32,28
anne_frank,"So we went out for a walk, and he didn’t deliver me to my door until ten past eight.",81.5796890258789,5.220822716941652,6.350083689199081,5.403221603801572,5.685356908510103,23,19
anne_frank,He said it was very wrong of me not to get home on time.,29.625328063964844,5.256161205470562,4.888759346650636,5.256161205470562,4.888759346650636,14,14
anne_frank,I had to promise to be home by ten to eight in the future.,64.28803253173828,5.722482698304312,6.006478125536577,5.722482698304312,6.006478125536577,14,14
anne_frank,I’ve been asked to Hello’s on Saturday.,326.5011901855469,7.6575911962069,8.35090083287544,7.482491050447736,8.547177142708398,13,7
anne_frank,"Wilma told me that one night when Hello was at her house, she asked him, “Who do you like best, Ursul or Anne?” He said, “It’s none of your business.” But as he was leaving (they hadn’t talked to each other the rest of the evening), he said, “Well, I like Anne better, but don’t tell anyone.",24.380096435546875,4.458367278736628,4.607630589511058,4.6339592804685665,4.466618396964105,89,57
anne_frank,he was out the door.,34.8953742980957,7.297418880462646,5.124964268768694,7.297418880462646,5.124964268768694,5,5
anne_frank,"In everything he says or does, I can see that Hello is in love with me, and it’s kind of nice for a change.",61.417911529541016,5.347038180149835,5.940546342047177,5.291789906099439,5.554218601962636,29,24
anne_frank,Margot would say that Hello is eminently suitable.,219.58216857910156,7.2129055738449095,7.778609982075584,6.747126936912537,8.03384316306457,10,8
anne_frank,"I think so too, but he’s more than that.",102.06709289550781,6.206268805723924,6.673343651887336,6.343251023027632,5.479914196210837,13,9
anne_frank,Mother is also full of praise: “A good-looking boy.,114.67730712890625,7.068432756832668,6.841435212052462,7.35609037787826,6.630690151788146,14,9
anne_frank,Nice and polite.” I’m glad he’s so popular with everyone.,136.92889404296875,6.563365346507022,7.09727665790772,6.803204566240311,6.29117772055398,19,10
anne_frank,Except with my girlfriends.,267.70489501953125,9.277122616767883,8.064499154166835,9.277122616767883,8.064499154166835,4,4
anne_frank,"He thinks they’re very childish, and he’s right about that.",87.36003875732422,5.810862267718596,6.448448759097751,5.738151958584785,6.03347706607561,17,10
anne_frank,"Jacque still teases me about him, but I’m not in love with him.",77.0776138305664,6.117437212090743,6.267962658868068,5.908586694644048,5.183092848892786,19,13
anne_frank,It’s all right for me to have boys as friends.,131.33938598632812,7.019877250377949,7.037155046530017,6.643690657615662,5.8555991530278115,13,10
anne_frank,"Mother is always asking me who I’m going to marry when I grow up, but I bet she’ll never guess it’s Peter, because I talked her out of that idea myself, without batting an eyelash.",30.857017517089844,4.596693040803075,4.947480933159931,4.66815330343587,4.564677145475164,48,35
anne_frank,"I love Peter as I’ve never loved anyone, and I tell myself he’s only going around with all those other girls to hide his feelings for me.",78.3578109741211,5.808075855760014,6.291939444346664,6.016848034328884,5.9140864851943755,34,27
anne_frank,"Maybe he thinks Hello and I are in love with each other, which we’re not.",133.83502197265625,5.961472898721695,7.063825784631013,5.941399973630905,6.109233331548117,19,15
anne_frank,"He’s just a friend, or as Mother puts it, a beau.",129.97039794921875,6.5896623884053795,7.022038644415127,6.519228704273701,6.878771699273316,17,11
anne_frank,"Yours, Anne Dear Kitty, The graduation ceremony in the Jewish Theater on Friday went as expected.",457.4801025390625,7.367461618624236,8.837365583835558,6.874350219964981,8.597389226789787,19,16
anne_frank,My report card wasn’t too bad.,560.330078125,6.69725854953544,9.129969343116098,7.240153669418457,7.837453968820905,9,6
anne_frank,"I got one D, a C-in algebra and all the rest B’s, except for two B+’s and two B-‘s.",78.27293395996094,6.399775761453545,6.290421672579861,6.982223128174481,6.233165903843748,34,19
anne_frank,"My parents are pleased, but they’re not like other parents when it comes to grades.",101.93567657470703,5.672778113892204,6.671401768193917,5.768933892250061,5.799891404108932,19,15
anne_frank,"They never worry about report cards, good or bad.",73.11821746826172,6.113700053095817,6.19215850859147,6.084053910440868,6.056273375910398,10,9
anne_frank,"As long as I’m healthy and happy and don’t talk back too much, they’re satisfied.",70.95811462402344,4.881569399833679,6.148654794439324,5.024224994579951,5.390121959753036,25,15
anne_frank,"If these three things are all right, everything else will take care of itself.",18.211740493774414,5.515594974408547,4.18679705460825,5.589900203315275,4.107223610419562,15,14
anne_frank,I’m just the opposite.,515.6727905273438,7.9477652822222025,9.010310663298316,7.818365812301636,7.079846450711096,7,4
anne_frank,I don’t want to be a poor student.,125.497802734375,6.376663007350131,6.971474979549143,7.220506993995514,5.889980017894559,11,8
anne_frank,I was accepted to the Jewish Lyceum on a conditional basis.,59.49882507324219,6.489648502606612,5.8947875114164345,7.047680470076474,6.503835336513543,13,11
anne_frank,"I was supposed to stay in the seventh grade at the Montessori School, but when Jewish children were required to go to Jewish schools, Mr.",23.246517181396484,5.647034721352674,4.53894184929244,5.87590154239287,4.8087090085145965,29,25
anne_frank,"Elte finally agreed, after a great deal of persuasion, to accept Lies Goslar and me.",136.1256103515625,6.231062288347044,7.08876766107787,6.3882566352685295,7.339010447015222,19,15
anne_frank,"Lies also passed this year, though she has to repeat her geometry exam.",196.40147399902344,7.806939347585042,7.617658494801417,7.741401397264921,7.6353545249543195,15,13
anne_frank,"It isn’t easy for her to study at home; her baby sister, a spoiled little two-year-old, plays in her room all day.",49.851131439208984,5.602752266568132,5.639533419788931,6.239397536709228,5.849113936538436,32,22
anne_frank,"If Gabi doesn’t get her way, she starts screaming, and if Lies doesn’t look after her, Mrs.",82.0539321899414,5.354266752730365,6.35845375086097,6.0265839603619975,6.782431894098863,27,17
anne_frank,"So Lies has a hard time doing her homework, and as long as that’s the case, the tutoring she’s been getting won’t help much.",83.2514419555664,5.366202141158283,6.378351189777783,5.756717104581185,6.4082404083815385,36,24
anne_frank,The Goslar household is really a sight.,565.8345336914062,8.242292448878288,9.144233466331173,8.219002263886589,9.082931227193937,8,7
anne_frank,"Goslar’s parents live next door, but eat with the family.",187.7478485107422,7.317213729023933,7.552651608371807,6.335710191726685,6.3865420344567045,16,10
anne_frank,"The there’s a hired girl, the baby, the always absentminded and absent Mr.",576.1436767578125,8.269192620327598,9.170279704975158,8.622778956706707,9.77022000333247,19,13
anne_frank,Goslar and the always nervous and irrita Ie Mrs.,1309.5660400390625,9.19867215019006,10.354866454211967,9.46630101899306,9.734953266714914,13,9
anne_frank,"Goslar, who’s expecting another baby.",480.13165283203125,8.83408615805886,8.90722579826284,8.3297705411911,7.3960316663649435,11,5
anne_frank,"Lies, who’s all thumbs, gets lost in the mayhem.",277.3583679199219,8.45725253423055,8.115556512487561,8.038751142996327,7.107371044353695,15,9
anne_frank,My sister Margot has also gotten her report card.,152.3945770263672,7.343431806564331,7.251667444291854,7.426014979680379,7.624260003774079,10,9
anne_frank,"If we had such a thing as “cum laude,” she would have passed with honors, she’s so smart.",155.01544189453125,6.8443129999297,7.276267141663207,7.00385615295834,6.667897162495767,28,18
anne_frank,Father has been home a lot lately.,33.978702545166016,6.780255011149815,5.086558732557542,6.780255011149815,5.086558732557542,7,7
anne_frank,There’s nothing for him to do at the office; it must be awful to feel you’re not needed.,117.20986938476562,6.111132309436798,6.8729487738865815,5.729735179907745,6.193524640447117,25,18
anne_frank,"Kleiman has taken over Opekta, and Mr.",137.92388916015625,8.186547646155724,7.10772924106755,7.601650528680712,7.25502911424787,13,7
anne_frank,"Kugler, Gies & Co., the company dealing in spices and spice substitutes that was set up in 1941.",88.1220703125,6.628200499907784,6.461431454858421,6.334412243631151,6.180467056440802,23,18
anne_frank,"A few days ago, as we were taking a stroll around our neighborhood square, Father began to talk about going into hiding.",34.81913375854492,5.976002434889476,5.121807765897983,6.0856307257305495,5.049378828184806,24,22
anne_frank,He said it would be very hard for us to live cut off from the rest of the world.,13.92243480682373,4.9602518960049276,3.799338672509101,4.9602518960049276,3.799338672509101,19,19
anne_frank,I asked him why he was bringing this up now.,20.1701602935791,6.084343433380127,4.334150573187818,6.084343433380127,4.334150573187818,10,10
anne_frank,"“Well, Anne,” he replied, “you know that for more than a year we’ve been bringing clothes, food and furniture to other people.",96.76802825927734,5.960218252454485,6.596457612372301,5.821463327516209,5.889790676217403,35,22
anne_frank,We don’t want our belongings to be seized by the Germans.,105.93549346923828,5.8297505389366835,6.72701578731452,6.26005090942437,6.025332173505482,14,11
anne_frank,Nor do we want to fall into their clutches ourselves.,32.25200271606445,5.388301612237807,5.011316624854029,5.692607308144216,4.908036237515203,11,10
anne_frank,"So we’ll leave of our own accord and not wait to be hauled away.” “But when, Father?” He sounded so serious that I felt scared.",99.42052459716797,6.352902186883463,6.635333752209449,6.59685745080312,6.120502420916759,37,25
anne_frank,We’ll take care of everything.,174.46864318847656,6.064848646521568,7.446821765061308,5.183334493637085,4.881478999517774,8,5
anne_frank,just enjoy your carefree life while you can.” That was it.,106.82115173339844,6.099553378423055,6.7390526129573285,6.318559321490201,6.203169939709542,15,11
anne_frank,"Oh, may these somber words not come true for as long as possible.",80.5556640625,5.851397411028544,6.331913680528172,5.571490086041964,6.37410942377271,15,13
anne_frank,"The doorbell’s ringing, Hello’s here, time to stop.",195.70892333984375,6.6517042903339165,7.612286675430594,6.780321794003248,7.010406622332773,17,8
anne_frank,"Yours, Anne Dearest Kitty, It seems like years since Sunday morning.",427.3850402832031,7.417372226715088,8.739392995475104,6.648228334658072,7.992582731166085,15,11
anne_frank,So much has happened it’s as if the whole world had suddenly turned upside down.,80.19956970214844,6.108286536402172,6.325478557038574,6.103697677453359,5.194820791861498,18,15
anne_frank,"But as you can see, Kitty, I’m still alive, and that’s the main thing, Father says.",71.25801849365234,5.965624850529891,6.154953457282668,5.962251599878073,5.462793804453683,26,16
anne_frank,"I’m alive all right, but don’t ask where or how.",111.8683090209961,5.550544326796251,6.80565678728134,5.250365469604731,6.551081440419367,17,10
anne_frank,"You probably don’t understand a word I’m saying today, so I’ll begin by telling you what happened Sunday afternoon.",28.686044692993164,4.401143762588116,4.8422101322063344,4.846193188905569,4.59699531258097,29,19
anne_frank,"At three o’clock (Hello had left but was supposed to come back later), the doorbell rang.",95.14035034179688,6.175874810327183,6.571974802583361,6.463610145961866,5.645628664867425,22,16
anne_frank,"I didn’t hear it, since I was out on the balcony, lazily reading in the sun.",81.44100952148438,5.665105023929342,6.347650788030804,5.971338984818431,5.388306024730805,22,16
anne_frank,A little while later Margot appeared in the kitchen doorway looking very agitated.,71.6232681274414,6.365333437919617,6.162355861052311,6.360720304342417,6.21932526608229,14,13
anne_frank,"“Father has received a call-up notice from the SS,” she whispered.",302.036376953125,7.046574854188496,8.238577637599501,7.3427583832632415,7.039374504832214,18,11
anne_frank,“Mother has gone to see Mr.,263.1357421875,8.320996284484863,8.039659838932117,7.806015756395127,6.370938024701727,8,6
anne_frank,van Daan is Father’s business partner and a good friend.) I was stunned.,318.36328125,7.135819249682957,8.314521792963966,7.12940186720628,7.355102471717033,18,13
anne_frank,A call-up: everyone knows what that means.,80.57022094726562,6.956452178955078,6.332175016420313,7.0973725489207675,5.632444618941742,10,7
anne_frank,Visions of concentration camps and lonely cells raced through my head.,234.72744750976562,7.222712496916453,7.874835189289029,7.011640960519964,7.838513542165175,12,11
anne_frank,How could we let Father go to such a fate?,87.7868881225586,6.925120902061463,6.455933238396822,6.925120902061463,6.455933238396822,10,10
anne_frank,"“Of course he’s not going,” declared Margot as we waited for Mother in the living room.",205.89549255371094,6.2382200086116795,7.685763302382201,6.025688212054471,6.64041306417157,25,16
anne_frank,“Mother’s gone to Mr.,1015.625732421875,7.431353754467434,9.988150498324083,6.814150522152583,7.3374275957696495,9,4
anne_frank,van Daan to ask whether we can move to our hiding place tomorrow.,187.47793579101562,7.305432047162737,7.5505752602906195,7.140626760629507,7.505320217881461,14,13
anne_frank,The van Daans are going with us.,908.6268310546875,7.974616855382919,9.82753724112876,7.884255102702549,9.876946291015388,8,7
anne_frank,There will be seven of us altogether.” Silence.,329.9202575683594,5.990556391802701,8.365967894556178,6.213137775659561,6.850438714378949,11,8
anne_frank,"The thought of Father off visiting someone in the Jewish Hospital and completely unaware of what was happening, the long wait for Mother, the heat, the suspense—all this reduced us to silence.",106.36842346191406,6.450121492952914,6.732925147277573,6.629111693551143,7.1590988615339555,37,32
anne_frank,Suddenly the doorbell rang again.,15.440144538879395,6.021377523740132,3.9486141105901282,6.428505969047547,4.135085123327064,6,5
anne_frank,"“That’s Hello,” I said.",604.3348999023438,7.645491778850555,9.239202428183125,7.086208611726761,7.751161706829452,12,4
anne_frank,“Don’t open the door!” exclaimed Margot to stop me.,341.7160339355469,6.380085084173414,8.416648011803671,6.530777196089427,6.781133351150182,18,9
anne_frank,"But it wasn’t necessary, since we heard Mother and Mr.",317.103515625,5.869968693769936,8.308665291616759,6.154121937812306,7.627676683777375,14,10
anne_frank,"van Daan downstairs talking to Hello, and then the two of them came inside and shut the door behind them.",53.12120056152344,6.397454811768099,5.731207793803009,6.127268072962761,5.356075562475091,22,20
anne_frank,"Every time the bell rang, either Margot or I had to tiptoe downstairs to see if it was Father, and we didn’t let anyone else in.",60.71919250488281,5.870928457006812,5.924040122475559,6.294567173185687,5.580792717559438,34,26
anne_frank,"Margot and I were sent from the room, as Mr.",62.39152908325195,8.050937821467718,5.963278529928133,7.9525430560112,5.928474751133078,12,10
anne_frank,van Daan wanted to talk to Mother alone.,267.42242431640625,7.021847698423597,8.062975752629148,6.718591064214706,7.701189038168996,9,8
anne_frank,"When she and I were sitting in our bedroom, Margot told me that the call-up was not for Father, but for her.",27.316022872924805,6.403169128629896,4.771674961900481,6.467946623310899,4.761932353995312,27,22
anne_frank,"At this second shock, I began to cry.",46.8677978515625,6.3079944716559515,5.55052450365794,6.2811519503593445,5.976238552724409,9,8
anne_frank,Margot is sixteen—apparently they want to send girls her age away on their own.,95.37759399414062,6.120480689737532,6.575577710784546,5.93448307471616,6.46033843027518,18,14
anne_frank,"But thank goodness she won’t be going; Mother had said so herself, which must be what Father had meant when he talked to me about our going into hiding.",106.33819580078125,5.526576964294209,6.732512035963212,5.580586540287938,6.213878148002569,34,29
anne_frank,where would we hide?,159.7166748046875,7.514596581459045,7.319371083606601,7.514596581459045,7.319371083606601,4,4
anne_frank,"These were questions I wasn’t allowed to ask, but they still kept running through my mind.",47.6123046875,5.131473726592958,5.573066389030666,5.255226677458268,4.685479361461198,20,16
anne_frank,Margot and I started packing our most important belongings into a schoolbag.,67.12898254394531,7.448926142283848,6.06886413658622,7.388099193572998,6.160692904469685,14,12
anne_frank,"The first thing I stuck in was this diary, and then curlers, handkerchiefs, schoolbooks, a comb and some old letters.",68.0728988647461,6.182627821148469,6.089006862535456,6.679268708440165,6.83014957622534,29,20
anne_frank,"Preoccupied by the thought of going into hiding, I stuck the craziest things in the bag, but I’m not sorry.",81.51969146728516,6.882581326696608,6.349008486970455,6.931314721703529,5.951274163629806,27,20
anne_frank,Memories mean more to me than dresses.,100.65982818603516,6.202749729156494,6.6533430833123175,5.788055760519845,5.653497993152256,8,7
anne_frank,"Father finally came hQme around five o’clock, and we called Mr.",1245.75634765625,7.150520366780898,10.282801443833081,6.846666117870447,9.209203156661903,17,11
anne_frank,Kleiman to ask if he could come by that evening.,62.03213882446289,7.706751525402069,5.954943963518507,7.2669192870457975,5.43946301239136,12,10
anne_frank,van Daan left and went to get Miep.,230.43362426757812,8.793438477949662,7.848206603695183,8.644665161768597,7.869760779933793,11,8
anne_frank,"Miep arrived and promised to return later that night, taking with her a bag full of shoes, dresses, jackets, underwear and stockings.",30.546337127685547,5.375275140379331,4.932927114700037,5.2535385713457465,4.658172934819159,29,22
anne_frank,After that it was quiet in our apartment; none of us felt like eating.,43.89200210571289,5.891159200668335,5.455885830976612,5.915971074785505,5.191737557085498,15,14
anne_frank,"It was still hot, and everything was very strange.",43.83646774291992,7.086447620391846,5.454059684462425,7.245618502298991,5.7895412733025715,10,9
anne_frank,We had rented our big upstairs room to a Mr.,182.7584228515625,6.9962263107299805,7.513793388486924,6.9962263107299805,7.513793388486924,10,10
anne_frank,"Goldschmidt, a divorced man in his thirties, who apparently had nothing to do that evening, since despite all our polite hints he hung around until ten o’clock.",93.2132339477539,5.519619174773413,6.542064431655689,5.541712550874541,6.485616084793314,38,27
anne_frank,Miep and Jan Gies came at eleven.,506.66229248046875,8.427453517913818,8.984880055602071,8.053621382940383,8.951094084363453,10,7
anne_frank,"Miep, who’s worked for Father’s company since 1933, has become a close friend, and so has her husband Jan.",82.48541259765625,7.264428981145223,6.366047114580067,6.935236284607335,5.9967901220421576,30,19
anne_frank,"Once again, shoes, stockings, books and underwear disappeared into Miep’s bag and Jan’s deep pockets.",159.6989288330078,5.912775091275021,7.319206591775302,5.77622023605638,7.500478303148634,27,15
anne_frank,At eleven-thirty they too disappeared.,130.3008270263672,5.301492307335138,7.0257013134981054,6.490113641321659,8.931056275432391,8,5
anne_frank,"I was exhausted, and even though I knew it’d be my last night in my own bed, I fell asleep right away and didn’t wake up until Mother called me at five-thirty the next morning.",27.185930252075195,5.0263480615356695,4.764782653649625,5.3251830205321316,4.664469299025075,46,35
anne_frank,"Fortunately, it wasn’t as hot as Sunday; a warm rain fell throughout the day.",110.71208953857422,5.666626827889367,6.79057187806702,5.574420072537448,6.030395165593058,19,14
anne_frank,"The four of us were wrapped in so many layers of clothes it looked as if we were going off to spend the night in a refrigerator, and all that just so we could take more clothes with us.",26.4545841217041,5.238066691160202,4.725445665996368,5.219607952313545,4.757537573440184,40,39
anne_frank,No Jew in our situation would dare leave the house with a suitcase full of clothes.,60.34920120239258,6.682763515040278,5.915261618488865,6.682763515040278,5.915261618488865,16,16
anne_frank,"I was wearing two undershirts, three pairs of underpants, a dress, and over that a skirt, a jacket, a raincoat, two pairs of stockings, heavy shoes, a cap, a scarf and lots more.",21.614425659179688,4.73754842303188,4.433922907467296,5.429817338677528,5.223665619351441,47,33
anne_frank,"I was suffocating even before we left the house, but no one bothered to ask me how I felt.",19.810327529907227,5.370957272393363,4.308179785972904,5.504944826427259,4.297354335149008,21,19
anne_frank,"Margot stuffed her schoolbag with schoolbooks, went to get her bicycle and, with Miep leading the way, rode off into the great unknown.",60.79660415649414,6.205690460820352,5.925918497183088,5.841027055097663,5.590044493404929,31,23
anne_frank,"At any rate, that’s how I thought of it, since I still didn’t know where our hiding place was.",43.106292724609375,5.46831222264855,5.429767867942167,5.731362063241632,4.974657613044427,27,19
anne_frank,"At seven-thirty we too closed the door behind us; Moortje, my cat, was the only living creature I said good-bye to.",58.30487823486328,5.2181514828435835,5.8655441596578655,5.492303588087596,6.443460574047291,31,21
anne_frank,According to a note we left for Mr.,56.00325012207031,6.443057626485825,5.807438777863531,6.443057626485825,5.807438777863531,8,8
anne_frank,"Goldschmidt, she was to be taken to the neighbors, who would give her a good home.",57.85009765625,7.316560154869443,5.854245029646326,7.208282621204853,5.39351981095134,21,16
anne_frank,"The stripped beds, the breakfast things on the table, the pound of meat for the cat in the kitchen—all of these created the impression that we’d left in a hurry.",94.19990539550781,6.539447520230268,6.557626885406002,6.721035889784495,6.367717351472916,37,30
anne_frank,But we weren’t interested in impressions.,617.2742919921875,5.799999176317619,9.269566357497325,6.231321163048658,8.041811789106552,9,6
anne_frank,"We just wanted to get out of there, to get away and reach our destination in safety.",26.403217315673828,5.287165741125743,4.722641673077842,5.281459492795608,4.762609222387627,18,17
anne_frank,"Yours, Anne Dearest Kitty, So there we were, Father, Mother and I, walking in the pouring rain, each of us with a schoolbag and a shopping bag filled to the brim with the most varied assortment of items.",57.380611419677734,6.34771144643743,5.8424911958611405,5.909593764104341,5.342911654842959,47,38
anne_frank,The people on their way to work at that early hour gave us sympathetic looks; you could tell by their faces that they were sorry they couldn’t offer us some kind of transportation; the conspicuous yellow star spoke for itself.,76.99650573730469,5.883264512827413,6.266638579170733,6.0498184173397025,5.782145922049638,45,40
anne_frank,"Only when we were walking down the street did Father and Mother reveal, little by little, what the plan was.",44.44261169433594,5.620883589017797,5.473871408728294,5.779291715752334,5.434127339598602,22,20
anne_frank,For months we’d been moving as much of our furniture and apparel out of the apartment as we could.,66.57086181640625,5.657506016167727,6.056271296915142,5.6206738039066915,5.0801472642732035,22,19
anne_frank,It was agreed that we’d go into hiding on July 16.,255.17041015625,6.182995813233512,7.994994147584601,6.269992291927338,6.6776254489551174,14,11
anne_frank,"Because of Margot’s call-up notice, the plan had to be moved up ten days, which meant we’d have to make do with less orderly rooms.",109.55642700195312,6.094923363791572,6.7755256776354145,6.383250262578328,6.591010965762382,36,25
anne_frank,The hiding place was located in Father’s office building.,297.2997131347656,6.303122520446777,8.215754724765032,5.870087464650472,7.477859660334949,12,9
anne_frank,"That’s a little hard for outsiders to understand, so I’ll explain.",47.105804443359375,6.074446664916144,5.557831750717323,5.703544692559675,4.739604883748303,18,11
anne_frank,"Father didn’t have a lot of people working in his office, just Mr.",101.54460906982422,5.973667567924542,6.6659545900210295,6.237071079345276,5.727409926786508,17,13
anne_frank,"Kleiman, Miep and a twenty-three-year-old typist named Bep Voskuijl, all of whom were informed of our coming.",69.43428802490234,6.788627331384591,6.117575771086562,7.319954821146002,6.4899916842829395,35,17
anne_frank,"Voskuijl, Bep’s father, works in the warehouse, along with two assistants, none of whom were told anything.",114.51878356933594,7.121067644707088,6.8394404905268935,5.930275988403488,5.198540698975662,29,17
anne_frank,Here’s a description of the building.,264.0107116699219,8.163070360819498,8.044450736029855,8.103719472885132,6.450621208866326,9,6
anne_frank,"The large warehouse on the ground floor is used as a workroom and storeroom and is divided into several different sections, such as the stockroom and the milling room, where cinnamon, cloves and a pepper substitute are ground.",34.56198501586914,5.767525507675277,5.111111296073549,5.983059902332331,5.386087459049756,45,38
anne_frank,"Next to the warehouse doors is another outside’ door, a separate entrance to the office.",179.4516143798828,7.16396525171068,7.4873215028683795,7.211791859732734,6.820962904718462,18,15
anne_frank,"Just inside the office door is a second door, and beyond that a stairway.",38.59500503540039,6.373589903116226,5.270342783772323,6.606853527682168,5.670424184447122,16,14
anne_frank,"At the top of the stairs is another door, with a frosted window on which the word “Office” is written in black letters.",40.5560188293457,6.180618442338089,5.34184395585325,6.179231834411621,5.062513380728909,29,23
anne_frank,"This is the big front office—very large, very light and very full.",78.96631622314453,7.3516356468200685,6.303165855569751,7.343831678231557,6.333706138717766,15,12
anne_frank,"Bep, Miep and Mr.",241.16555786132812,9.028543531894684,7.913880807559281,9.378043055534363,7.3677132865604404,8,4
anne_frank,Kleiman work there during the day.,171.0416717529297,7.712409675121307,7.418200228025247,6.981241994433933,6.1386661402388265,8,6
anne_frank,"After passing through an alcove containing a safe, a wardrobe and a big supply cupboard, you come to the small, dark, stuffy back office.",53.3248405456543,6.412697296123952,5.736735491320509,6.724613676468532,6.263482297761107,32,24
anne_frank,This used to be shared by Mr.,56.69818115234375,6.722643136978149,5.825230061209346,6.722643136978149,5.825230061209346,7,7
anne_frank,"van Daan, but now Mr.",209.6048126220703,9.307406834193639,7.711527975775541,9.139930725097656,8.204445956875656,7,5
anne_frank,Kugler is its only occupant.,242.16810607910156,8.795248712812151,7.919865113025145,8.567691485087078,8.00552931005625,7,5
anne_frank,"Kugler’s office can also be reached from the hallway, but only through a glass door that can be opened from the inside but not easily from the outside.",43.074947357177734,6.036873543963713,5.428776744594327,5.5361656943957005,4.692833023215207,34,28
anne_frank,If you leave Mr.,118.64212036132812,6.802767515182495,6.890472263464239,6.802767515182495,6.890472263464239,4,4
anne_frank,"Kugler’s office and proceed through the long, narrow hallway past the coal bin and go up four steps, you find yourself in the private office, the showpiece of the entire building.",87.81883239746094,7.00722091794014,6.456458309402268,6.829816369600193,6.164121715284617,40,31
anne_frank,"Elegant mahogany furniture, a linoleum floor covered with throw rugs, a radio, a fancy lamp, everything first class.",75.35971069335938,5.751401777525738,6.235718902164248,6.277234977931517,7.570697631209833,29,18
anne_frank,"Next door is a spacious kitchen with a hot-water heater and two gas burners, and beside that a bathroom.",37.03648376464844,6.411426680081564,5.210874322254091,6.82147694934617,5.59567099871308,23,19
anne_frank,That’s the second floor.,510.2773132324219,8.415308134896415,8.995134038713624,8.40510556101799,7.887991692458549,7,4
anne_frank,A wooden staircase leads from the downstairs hallway to the third floor.,33.34496307373047,6.1274696588516235,5.059396094868662,6.1274696588516235,5.059396094868662,12,12
anne_frank,"At the top of the stairs is a landing, with doors on either side.",14.96742057800293,5.642626126607259,3.9037534178781716,5.598235743386405,3.922453436725932,15,14
anne_frank,"The door on the left takes you up to the spice storage area, attic and loft in the front part of the house.",45.18714904785156,5.399662231405576,5.497832100160086,5.439899615619494,5.254243257005002,24,23
anne_frank,"A typically Dutch, very steep, ankle-twisting flight of stairs also runs from the front part of the house to another door opening onto the street.",70.90294647216797,6.463062053918838,6.147773113963693,6.478992080688476,6.170373228462538,30,25
anne_frank,The door to the right of the landing leads to the “Secret Annex” at the back ofthe house.,98.61404418945312,6.344528711360434,6.6237177571408985,6.364752131479758,5.953371079128261,23,18
anne_frank,No one would ever suspect there were so many rooms behind that plain gray door.,92.09081268310547,6.622957682609558,6.52498450070695,6.622957682609558,6.52498450070695,15,15
anne_frank,"There’s just one small step in front of the door, and then you’re inside.",73.7508544921875,6.735329003561111,6.204587326689229,6.8081571246896475,5.257442453301233,21,14
anne_frank,Straight ahead of you is a steep flight of stairs.,32.7449836730957,6.8746538812463935,5.033202529050455,6.437383151054382,4.592776597402549,11,10
anne_frank,To the left is a narrow hallway opening onto a room that serves as the Frank family’s living [INSERT MAP HERE] room and bedroom.,145.94998168945312,6.141218900680542,7.189320704292429,6.1514668464660645,6.6569193411094965,30,24
anne_frank,"Next door is a smaller room, the )edroom and study of the two young ladies of the family.",135.60873413085938,8.220293680826822,7.083292140332069,8.263461576567757,7.07206770846637,21,18
anne_frank,ro the right of the stairs is a windowless washroom.,93.6462631225586,8.291724642117819,6.549148440103871,8.869858074188233,6.665089397479845,12,10
anne_frank,The door in the corner leads to the toilet and another one to Margot’s and my room.,114.07063293457031,6.511599654243106,6.8337811931896795,6.690218818888944,6.307127343727158,21,17
anne_frank,"If you go up the itairs and open the door at the top, you’re surprised to see such a large, light and spacious room in an old canalside house like this.",61.6409797668457,6.407549295669947,5.9456909810151295,6.371104839668479,5.285503686615384,39,31
anne_frank,It contains a stove (thanks to the fact hat it used to be Mr.,192.00393676757812,6.9387351989746096,7.5849891038319175,6.905925103596279,7.68706625982139,15,14
anne_frank,Kugler’s laboratory) and a sink.,748.3739013671875,8.778864513744008,9.547612661981198,9.057981570561726,8.796894406853,11,5
anne_frank,This will be the kitchen and bedroom of Mr.,51.470401763916016,7.277222845289442,5.685670353272295,7.277222845289442,5.685670353272295,9,9
anne_frank,"van Daan, as well as the general living room, dining room and study for us all.",52.46565628051758,7.030979106300755,5.713301636414455,6.695977210998535,5.811453094744046,19,16
anne_frank,A tiny side room is to be Peter van Daan’s bedroom.,347.0016174316406,7.091972494125367,8.43878796760646,7.414659400419755,8.609971347941215,15,11
anne_frank,"Then, just as in the front part of the building, there’s an attic and a loft.",71.0980224609375,6.723838522320702,6.151397371191637,6.925154585391283,5.378356901053172,21,16
anne_frank,So there you are.,31.461633682250977,4.498132020235062,4.975521667989885,4.498132020235062,4.975521667989885,4,4
anne_frank,Now I’ve introduced you to the whole of our lovely Annex!,438.00323486328125,8.314610345023018,8.774710847339668,8.989960968494415,7.270178579390485,14,11
anne_frank,"Yours, Anne Dearest Kitty, I’ve probably bored you with my long description of our house, but I still think you should know where I’ve ended up; how I ended up here is something you’ll figure out from my next letters.",66.95728302001953,6.1147722878239374,6.065168734224985,6.119964005798101,5.359603039678879,55,40
anne_frank,"But first, let me continue my story, because, as you know, I wasn’t finished.",47.422691345214844,5.296854774245904,5.5674788466434535,5.496538800885901,5.1851711215441325,21,14
anne_frank,"After we arrived at 263 Prinsengracht, Miep quickly led us through the long hallway and up the wooden staircase to the next floor and into the Annex.",62.59962463378906,6.226997403537526,5.9680748551361384,5.980037836380946,5.68283018159233,34,27
anne_frank,"She shut the door behind us, leaving us alone.",17.955835342407227,5.311292958259583,4.1663804854383475,5.254978431595696,4.142070444673,10,9
anne_frank,Margot had arrived much earlier on her bike and was waiting for us.,50.79368591308594,6.191089289528983,5.66657699626592,5.815295256101168,5.43211249706493,14,13
anne_frank,Our living room and all the other rooms were so full of stuff that I can’t find the words to describe it.,36.08390426635742,5.967411193847656,5.172885779982057,6.1899183744733985,4.256635846675977,25,22
anne_frank,All the cardboard boxes that had been sent to the office in the last few months were piled on the floors and beds.,28.57633399963379,6.954390909360803,4.836748232771522,6.954390909360803,4.836748232771522,23,23
anne_frank,The small room was filled from floor to cethng with linens.,406.7796630859375,5.857141552226884,8.668056095146664,5.985610966429567,8.121458195539505,14,11
anne_frank,"If we wanted to sleep in properly made beds that night, we had to get going and straighten up the mess.",43.754459381103516,5.612558279348456,5.4513576082388,5.863541777644839,5.847703626009251,23,21
anne_frank,Mother and Margot were unable to move a muscle.,78.79735565185547,7.215406310558319,6.300074558505676,7.260388970375061,6.381714282176912,10,9
anne_frank,"They lay down on their bare mattresses, tired, miserable and I don’t know what else.",74.85359191894531,5.185270178530898,6.225989667138903,5.416212335404836,5.910077414271205,21,15
anne_frank,"But Father and I, the two cleaner-uppers in the family, started in right away.",99.08927154541016,7.154608538276271,6.6306394991360404,7.443512405667986,7.142569859800722,19,14
anne_frank,"All day long we unpacked boxes, filled cupboards, hammered nails and straightened up the mess, until we fell exhausted into our clean beds at night.",79.69426727294922,6.195717263606287,6.316403562696318,6.436727906068167,6.779244882836484,31,25
anne_frank,"We hadn’t eaten a hot meal all day, but we didn’t care; Mother and Margot were too tired and keyed up to eat, and Father and I were too busy.",54.75724411010742,5.543739108936634,5.77495223893752,6.0397528904723,5.8170696478006905,41,30
becoming_michelle,"Preface Becoming Me Chapter 1 Chapter 2 Chapter 3 Chapter 4 Chapter 5 Chapter 6 Chapter 7 Chapter 8 Becoming Us Chapter 9 Chapter 10 Chapter 11 Chapter 12 Chapter 13 Chapter 14 Chapter 15 Chapter 16 Chapter 17 Chapter 18 Becoming More Chapter 19 Chapter 20 Chapter 21 Chapter 22 Chapter 23 Chapter 24 Epilogue Preface March 2017 hen I was a kid, my aspirations were simple.",9.317636489868164,2.548618582205994,3.219953512264015,2.3665033066337107,2.851277077029966,76,68
becoming_michelle,I wanted a dog.,131.0098876953125,7.523837685585022,7.0335314307750725,7.523837685585022,7.0335314307750725,4,4
becoming_michelle,I wanted a house that had stairs in it—two floors for one family.,73.06681060791016,6.0814490954081215,6.191144177715899,6.082732212849152,5.980297075360418,15,13
becoming_michelle,"I wanted, for some reason, a four-door station wagon instead of the two-door Buick that was my father’s pride and joy.",42.0986213684082,5.051914409283669,5.3956936111973866,5.2532159977015995,4.600614256075658,31,21
becoming_michelle,"I used to tell people that when I grew up, I was going to be a pediatrician.",9.758610725402832,5.640724939735312,3.28667574901966,5.828777921550414,3.5282053127161954,19,17
becoming_michelle,Because I loved being around little kids and I quickly learned that it was a pleasing answer for adults to hear.,68.77987670898438,6.193177018846784,6.103913894838731,6.193177018846784,6.103913894838731,21,21
becoming_michelle,What a good choice!,71.68804931640625,8.492807269096375,6.1636604782500655,8.492807269096375,6.1636604782500655,4,4
becoming_michelle,"In those days, I wore pigtails and bossed my older brother around and managed, always and no matter what, to get As at school.",72.28018188476562,5.977925399254108,6.175526904778217,6.229791934291522,6.7383328685433135,29,24
becoming_michelle,"I was ambitious, though I didn’t know exactly what I was shooting for.",87.60477447509766,4.701697580982,6.452692507279968,4.824494588842544,5.55697017516122,17,13
becoming_michelle,Now I think it’s one of the most useless questions an adult can ask a child—What do you want to be when you grow up?,26.01589584350586,4.852433693408966,4.701249828475581,4.692997722625733,3.6725800666296435,30,25
becoming_michelle,As if growing up is finite.,370.91650390625,6.635208447774251,8.53494673324601,6.635208447774251,8.53494673324601,6,6
becoming_michelle,As if at some point you become something and that’s the end.,167.57498168945312,6.339979712168375,7.3885237491642135,6.243767519791921,6.457155936247105,15,12
becoming_michelle,"So far in my life, I’ve been a lawyer.",81.54896545410156,5.714988305018498,6.348414341341985,6.403063933054606,5.485108191780715,13,9
becoming_michelle,I’ve been a vice president at a hospital and the director of a nonprofit that helps young people build meaningful careers.,59.41898727416992,6.753744674225648,5.892851390764747,6.622521159194765,5.152657554411138,24,21
becoming_michelle,I’ve been a working-class black student at a fancy mostly white college.,131.41468811035156,6.667999241281958,7.037982361609638,6.640632302396828,6.5604043996613735,17,12
becoming_michelle,"I’ve been the only woman, the only African American, in all sorts of rooms.",96.71622467041016,6.166023715546257,6.5956858635776,5.85436286670821,5.935430112165077,19,14
becoming_michelle,"I’ve been a bride, a stressed-out new mother, a daughter torn up by grief.",132.64541625976562,6.263924207006182,7.051428769277903,6.342479246003287,7.183273788666118,21,14
becoming_michelle,"And until recently, I was the First Lady of the United States of America—a job that’s not officially a job, but that nonetheless has given me a platform like nothing I could have imagined.",31.04134178161621,5.496905271236489,4.956041050593403,5.331211275475867,4.485527184617224,41,34
becoming_michelle,"It challenged me and humbled me, lifted me up and shrank me down, sometimes all at once.",29.887075424194336,4.20168461686089,4.901448546135746,4.430054491933654,5.117184059196971,21,17
becoming_michelle,"I’m just beginning to process what took place over these last years—from the moment in 2006 when my husband first started talking about running for president to the cold morning this winter when I climbed into a limo with Melania Trump, accompanying her to her husband’s inauguration.",55.358497619628906,5.441866994949809,5.790732372325718,5.402306496357242,5.5133792685967,57,47
becoming_michelle,It’s been quite a ride.,159.46432495117188,7.358587145805359,7.317087873091361,6.8094398975372314,5.269754470274303,8,5
becoming_michelle,"When you’re First Lady, America shows itself to you in its extremes.",377.9882507324219,6.65862225741148,8.561950161689364,6.522685716549556,7.188627795781838,16,12
becoming_michelle,"I’ve been to fund-raisers in private homes that look more like art museums, houses where people own bathtubs made from gemstones.",92.55437469482422,6.012589197861211,6.532227285172268,6.461833442908725,6.797459973245383,31,21
becoming_michelle,I’ve visited families who lost everything in Hurricane Katrina and were tearful and grateful just to have a working refrigerator and stove.,158.3296356201172,6.0496684679618244,7.306786599422774,5.939964966340498,6.750406923492099,26,22
becoming_michelle,I’ve encountered people I find to be shallow and hypocritical and others—teachers and military spouses and so many more—whose spirits are so deep and strong it’s astonishing.,114.60050201416016,5.994968492733805,6.840469465213296,6.06870765965662,6.174194055147883,38,27
becoming_michelle,"And I’ve met kids—lots of them, all over the world—who crack me up and fill me with hope and who blessedly manage to forget about my title once we start rooting around in the dirt of a garden.",85.15846252441406,5.426481171200673,6.412052202303944,5.536047825426386,6.016070553170848,48,38
becoming_michelle,"Since stepping reluctantly into public life, I’ve been held up as the most powerful woman in the world and taken down as an “angry black woman.” I’ve wanted to ask my detractors which part of that phrase matters to them the most—is it “angry” or “black” or “woman”?",29.16813087463379,4.902971729734226,4.866293906040958,5.206878090655017,5.135959793004424,76,48
becoming_michelle,"I’ve smiled for photos with people who call my husband horrible names on national television, but still want a framed keepsake for their mantel.",196.75242614746094,5.6317531108856205,7.620236102157983,5.6622126922011375,7.573222336093284,30,24
becoming_michelle,"I’ve heard about the swampy parts of the internet that question everything about me, right down to whether I’m a woman or a man.",56.42292404174805,6.422191882506013,5.818208886656226,6.279414687305689,5.1664073018169105,32,24
becoming_michelle,congressman has made fun of my butt.,113.11759185791016,7.475845133264859,6.821679728469999,7.112296660031591,6.675611616134176,9,7
becoming_michelle,"But mostly, I’ve tried to laugh this stuff off.",198.5617218017578,5.8116942919217625,7.63320191605079,5.7854571210013495,6.64345174879619,13,9
becoming_michelle,"There’s a lot I still don’t know about America, about life, about what the future might bring.",42.641090393066406,5.423107182979583,5.414171760436843,5.610029724590919,5.43112306234605,25,17
becoming_michelle,But I do know myself.,57.06736373901367,6.092325115203858,5.834593937875789,6.092325115203858,5.834593937875789,5,5
becoming_michelle,"My father, Fraser, taught me to work hard, laugh often, and keep my word.",36.70321273803711,6.139618847105238,5.197834008890441,6.238520307200296,5.142791486769043,18,14
becoming_michelle,"My mother, Marian, showed me how to think for myself and to use my voice.",33.13617706298828,5.977094236542197,5.050335199641931,5.962029385566711,4.693824753093557,17,15
becoming_michelle,"Together, in our cramped apartment on the South Side of Chicago, they helped me see the value in our story, in my story, in the larger story of our country.",21.44050407409668,6.371399925035589,4.422266860381882,6.491440558433533,4.550914830139937,34,30
becoming_michelle,Even when it’s not pretty or perfect.,367.0476989746094,7.350322890281677,8.519598045071843,7.706612867968423,7.555667085994821,10,7
becoming_michelle,Even when it’s more real than you want it to be.,74.48735046386719,5.46240959422929,6.218762562572381,5.1742541356520215,4.605426254299421,14,11
becoming_michelle,"Your story is what you have, what you will always have.",19.359928131103516,5.902171969413757,4.275001601588504,5.8683672384782275,4.17468181424207,12,11
becoming_michelle,It is something to own.,91.70331573486328,6.440284347534179,6.518901407920448,6.440284347534179,6.518901407920448,5,5
becoming_michelle,"For eight years, I lived in the White House, a place with more stairs than I can count—plus elevators, a bowling alley, and an in-house florist.",18.725248336791992,5.550924469893043,4.226912997727442,5.845799977771747,4.545479886642715,37,26
becoming_michelle,I slept in a bed that was made up with Italian linens.,51.27751159667969,6.252086689838996,5.680254021824278,6.589252141614755,6.065023196475244,13,12
becoming_michelle,Our meals were cooked by a team of world-class chefs and delivered by professionals more highly trained than those at any five-star restaurant or hotel.,29.271562576293945,5.154636500724431,4.871427432024556,5.552811699906985,5.514657066228853,29,25
becoming_michelle,"Secret Service agents, with their earpieces and guns and deliberately flat expressions, stood outside our doors, doing their best to stay out of our family’s private life.",103.67658996582031,6.414165370604572,6.695939524979805,6.435043374697368,6.4194203898656745,34,27
becoming_michelle,"We got used to it, eventually, sort of—the strange grandeur of our new home and also the constant, quiet presence of others.",63.63520050048828,6.427572251696672,5.991752810745516,6.312505900746945,5.730491684174477,28,22
becoming_michelle,The White House is where our two girls played ball in the hallways and climbed trees on the South Lawn.,73.44941711425781,6.5739105599267145,6.19867987365902,6.673558908700943,6.370364241699825,21,20
becoming_michelle,"It’s where Barack sat up late at night, poring over briefings and drafts of speeches in the Treaty Room, and where Sunny, one of our dogs, sometimes pooped on the rug.",118.36095428466797,6.221351485699415,6.8870416623102475,6.080678069303112,7.013919383267652,40,31
becoming_michelle,"I could stand on the Truman Balcony and watch the tourists posing with their selfie sticks and peering through the iron fence, trying to guess at what went on inside.",43.419456481933594,5.9746799661832695,5.440267962549042,6.250956554545296,5.822412896889454,34,30
becoming_michelle,"There were days when I felt suffocated by the fact that our windows had to be kept shut for security, that I couldn’t get some fresh air without causing a fuss.",46.264312744140625,5.493111480428423,5.53174202536253,5.793569229058771,5.224379945611536,36,31
becoming_michelle,"There were other times when I’d be awestruck by the white magnolias blooming outside, the everyday bustle of government business, the majesty of a military welcome.",91.44938659667969,6.319016017469679,6.514856850419269,7.168214185042486,7.0552713514383445,37,26
becoming_michelle,"There were days, weeks, and months when I hated politics.",29.400978088378906,5.174553821484248,4.877792494801532,5.448311704397201,5.143533339854196,12,10
becoming_michelle,And there were moments when the beauty of this country and its people so overwhelmed me that I couldn’t speak.,61.42485427856445,5.857547208241632,5.9406385014156005,6.187752059911145,5.144356430443208,23,20
becoming_michelle,Then it was over.,24.57408905029297,7.3324679136276245,4.619065914041578,7.3324679136276245,4.619065914041578,4,4
becoming_michelle,"Even if you see it coming, even as your final weeks are filled with emotional good-byes, the day itself is still a blur.",42.823692321777344,6.2662177336003095,5.420337776279365,6.792733604882074,5.912283960078184,28,23
becoming_michelle,A hand goes on a Bible; an oath gets repeated.,378.4602355957031,6.830568942156705,8.563997913699133,6.852055478096008,8.673532932861361,11,10
becoming_michelle,One president’s furniture gets carried out while another’s comes in.,239.44322204589844,6.537535878829658,7.903532017915503,6.805588711425662,7.411697694088652,16,10
becoming_michelle,Closets are emptied and refilled in the span of a few hours.,36.323570251464844,6.085380876064301,5.182833175549886,6.081202622089122,5.217188935365207,15,12
becoming_michelle,"Just like that, there are new heads on new pillows—new temperaments, new dreams.",70.93132019042969,6.588114148692081,6.148348495324961,6.89089375275832,6.618374603771665,19,13
becoming_michelle,"And when it ends, when you walk out the door that last time from the world’s most famous address, you’re left in many ways to find yourself again.",66.30607604980469,5.981554842657513,6.051059303569504,6.118306913546154,5.547960309299401,36,28
becoming_michelle,"So let me start here, with a small thing that happened not long ago.",28.91392707824707,5.033890175819397,4.853693271715546,5.015749113900321,4.903349239122069,15,14
becoming_michelle,I was at home in the redbrick house that my family recently moved into.,31.735187530517578,6.206509117037058,4.988011394632462,6.338327466022401,5.051698648786631,16,14
becoming_michelle,"Our new house sits about two miles from our old house, on a quiet neighborhood street.",24.266155242919922,6.3487158663132615,4.6008730575159005,6.454196684062481,4.685625585675388,17,16
becoming_michelle,We’re still settling in.,1391.862548828125,7.601772376469204,10.4427987955503,7.035522252321243,8.24238254235363,7,4
becoming_michelle,"In the family room, our furniture is arranged the same way it was in the White House.",32.05637741088867,5.808213273684184,5.002539550512577,5.770103237208198,4.991122781150799,18,17
becoming_michelle,"We’ve got mementos around the house that remind us it was all real—photos of our family time at Camp David, handmade pots given to me by Native American students, a book signed by Nelson Mandela.",88.37775421142578,6.12888473814184,6.4656106889866045,6.0201611428033734,6.033268409198572,44,35
becoming_michelle,What was strange about this night was that everyone was gone.,27.59264373779297,6.122512232173573,4.78621186251457,6.122512232173573,4.78621186251457,11,11
becoming_michelle,Sasha was out with friends.,150.46047973632812,8.039085626602173,7.233240120803321,7.6448592185974125,6.642475901863423,6,5
becoming_michelle,"Malia’s been living and working in New York, finishing out her gap year before college.",142.4783935546875,6.303298282623291,7.154597663186512,5.512910356521606,5.8096557164177485,20,15
becoming_michelle,"It was just me, our two dogs, and a silent, empty house like I haven’t known in eight years.",91.99105072021484,6.461094084242359,6.523258746740324,6.621320368578094,6.0172920081533015,25,19
becoming_michelle,And I was hungry.,60.121578216552734,7.390899062156677,5.909810862597484,7.390899062156677,5.909810862597484,4,4
becoming_michelle,I walked down the stairs from our bedroom with the dogs following on my heels.,47.10444641113281,5.5444836457570394,5.55779128328924,5.5444836457570394,5.55779128328924,15,15
becoming_michelle,"In the kitchen, I opened the fridge.",21.612194061279297,7.0967230796813965,4.433773795905432,7.19642310483115,4.7619787949095045,8,7
becoming_michelle,"I found a loaf of bread, took out two pieces, and laid them in the toaster oven.",20.343036651611328,5.240391600131988,4.34646276998733,5.3514377720215744,4.541793157509341,20,17
becoming_michelle,I opened a cabinet and got out a plate.,97.4353256225586,6.7308610280354815,6.606372810931905,6.7308610280354815,6.606372810931905,9,9
becoming_michelle,"I know it’s a weird thing to say, but to take a plate from a shelf in the kitchen without anyone first insisting that they get it for me, to stand by myself watching bread turn brown in the toaster, feels as close to a return to my old life as I’ve come.",60.391517639160156,5.505775596414294,5.916263591089195,5.766258026443937,5.783391263547639,63,53
becoming_michelle,Or maybe it’s my new life just beginning to announce itself.,461.72357177734375,7.014485239982605,8.85079652774439,7.270822671326724,8.13213488623605,14,11
becoming_michelle,"In the end, I didn’t just make toast; I made cheese toast, moving my slices of bread to the microwave and melting a fat mess of gooey cheddar between them.",74.00823211669922,5.658996407945569,6.209546737646583,6.15071984900472,5.995944391474675,39,30
becoming_michelle,I then carried my plate outside to the backyard.,104.36475372314453,7.246656656265259,6.705490904542298,7.246656656265259,6.705490904542298,9,9
becoming_michelle,I didn’t have to tell anyone I was going.,100.20578002929688,5.582521695954104,6.646767381055123,6.026580409560767,5.380416862050923,12,9
becoming_michelle,"I was in bare feet, wearing a pair of shorts.",35.54336929321289,6.746548385952007,5.151504522642411,6.724641268141568,5.231310222598141,11,10
becoming_michelle,The chill of winter had finally lifted.,82.51609802246094,7.765761034829276,6.366601494216538,7.765761034829276,6.366601494216538,7,7
becoming_michelle,The crocuses were just starting to push up through the beds along our back wall.,119.5265884399414,6.630948929225697,6.90118645895528,6.62722229692671,6.981718363569597,17,15
becoming_michelle,The air smelled like spring.,268.1130676269531,7.759727954864502,8.066697171771189,7.759727954864502,8.066697171771189,5,5
becoming_michelle,"I sat on the steps of our veranda, feeling the warmth of the day’s sun still caught in the slate beneath my feet.",77.37511444091797,6.160707405635288,6.273792883285263,6.093535437100175,5.819178852891973,28,23
becoming_michelle,"A dog started barking somewhere in the distance, and my own dogs paused to listen, seeming momentarily confused.",70.15751647949219,6.134982657432556,6.132525826522807,6.233944627973768,6.329441056799958,20,18
becoming_michelle,"It occurred to me that it was a jarring sound for them, given that we didn’t have neighbors, let alone neighbor dogs, at the White House.",73.38678741455078,5.371923089580378,6.19737498252051,5.545891596031232,5.87653555895921,32,26
becoming_michelle,"For them, all this was new.",53.76579666137695,7.8775410652160645,5.74861677479747,8.1343781153361,5.92230271823735,7,6
becoming_michelle,"As the dogs loped off to explore the perimeter of the yard, I ate my toast in the dark, feeling alone in the best possible way.",43.08096694946289,6.20412487819277,5.428979026816602,6.303852214263036,5.586107133655258,29,26
becoming_michelle,"My mind wasn’t on the group of guards with guns sitting less than a hundred yards away at the custom-built command post inside our garage, or the fact that I still can’t walk down a street without a security detail.",65.352783203125,5.800809019435273,6.030135146552603,6.106816684503185,5.89488217740208,49,40
becoming_michelle,"I wasn’t thinking about the new president or for that matter the old president, either.",77.6834716796875,6.123255895058575,6.279504929342746,6.448591735431304,5.443366959518286,19,15
becoming_michelle,"I was thinking instead about how in a few minutes I would go back inside my house, wash my plate in the sink, and head up to bed, maybe opening a window so I could feel the spring air—how glorious that would be.",31.39211654663086,5.4227274134755135,4.97232966677751,5.372613980788593,4.791105046083513,48,43
becoming_michelle,"I was thinking, too, that the stillness was affording me a first real opportunity to reflect.",45.52693176269531,6.1280965328216555,5.5086478978184354,6.5089955776929855,6.0685007798411625,20,16
becoming_michelle,"As First Lady, I’d get to the end of a busy week and need to be reminded how it had started.",104.21571350097656,6.13122368812561,6.70341570827149,6.107714951038361,5.966632596769626,25,21
becoming_michelle,But time is beginning to feel different.,61.592708587646484,5.259473085403442,5.944686878472706,5.259473085403442,5.944686878472706,7,7
becoming_michelle,"My girls, who arrived at the White House with their Polly Pockets, a blanket named Blankie, and a stuffed tiger named Tiger, are now teenagers, young women with plans and voices of their own.",66.89087677001953,6.587858120842678,6.063735121135742,6.55303417029334,6.455364851900007,41,34
becoming_michelle,"My husband is making his own adjustments to life after the White House, catching his own breath.",63.07661056518555,6.615701741642422,5.979032409352076,6.624167288050932,5.7689119671626115,18,17
becoming_michelle,"And here I am, in this new place, with a lot I want to say.",21.76844596862793,6.118539210628061,4.4441666802981725,6.0540701429049175,4.6806480480649615,17,15
becoming_michelle,Becoming Me spent much of my childhood listening to the sound of striving.,107.9317398071289,6.231503441929817,6.753971796239528,5.946554062458185,6.3839115356201415,14,13
becoming_michelle,"It came in the form of bad music, or at least amateur music, coming up through the floorboards of my bedroom—the plink plink plink of students sitting downstairs at my great-aunt Robbie’s piano, slowly and imperfectly learning their scales.",77.98722076416016,6.014919904509076,6.28516493960281,6.238552596133489,6.216179474339484,54,39
becoming_michelle,"My family lived in the South Shore neighborhood of Chicago, in a tidy brick bungalow that belonged to Robbie and her husband, Terry.",30.59068489074707,5.974511707615521,4.935020270168996,6.3480459772644275,5.304219137283516,27,23
becoming_michelle,"My parents rented an apartment on the second floor, while Robbie and Terry lived on the first.",31.767072677612305,5.09189469118913,4.989459987232859,5.1392897700562195,4.966645351497682,18,17
becoming_michelle,"Robbie was my mother’s aunt and had been generous to her over many years, but to me she was kind of a terror.",75.7669677734375,5.900769787175315,6.243496643306599,5.760491218255914,5.628488622216221,28,23
becoming_michelle,"Prim and serious, she directed the choir at a local church and was also our community’s resident piano teacher.",209.2301483154297,8.115962536438651,7.708817340661461,8.223512875406366,7.01044168159291,23,19
becoming_michelle,She wore sensible heels and kept a pair of reading glasses on a chain around her neck.,52.659263610839844,4.868147292557885,5.718614267118686,4.868147292557885,5.718614267118686,17,17
becoming_michelle,She had a sly smile but didn’t appreciate sarcasm the way my mother did.,116.9773178100586,5.345299674754238,6.870051928401953,5.776746036809137,5.787089695237136,18,14
becoming_michelle,I’d sometimes hear her chewing out her students for not having practiced enough or chewing out their parents for delivering them late to lessons.,272.12286376953125,6.7470514509412975,8.088113133085953,6.569187641143799,7.441708740823219,27,24
becoming_michelle,"“Good night!” she’d exclaim in the middle of the day, with the same blast of exasperation someone else might say, “Oh, for God’s sake!” Few, it seemed, could live up to Robbie’s standards.",83.4953842163086,5.76946549580015,6.3836220838755375,5.740324424523296,5.946720714874989,58,33
becoming_michelle,"The sound of people trying, however, became the soundtrack to our life.",56.1793212890625,6.6496655983584265,5.811967304250558,7.001804940402508,5.603471912921861,14,12
becoming_michelle,"There was plinking in the afternoons, plinking in the evenings.",29.134136199951172,5.548733225526909,4.864637378388436,5.984718313463963,5.452969994988904,15,10
becoming_michelle,"Ladies from church sometimes came over to practice hymns, belting their piety through our walls.",182.03271484375,6.082477095071226,7.508052838219614,6.669949711145212,8.116733195512449,20,15
becoming_michelle,"Under Robbie’s rules, kids who took piano lessons were allowed to work on only one song at a time.",109.59477996826172,5.877030425097631,6.776027609776158,5.5210596236743426,5.815689630883082,23,19
becoming_michelle,"From my room, I’d listen to them attempting, note by uncertain note, to win her approval, graduating from “Hot Cross Buns” to “Brahms’s Lullaby,” but only after many tries.",177.95233154296875,6.28350552860296,7.475261496760878,6.278082576805148,7.551383260873983,53,29
becoming_michelle,The music was never annoying; it was just persistent.,95.69488525390625,6.942232322692871,6.580368788908648,7.207593374782139,6.8783125201155135,10,9
becoming_michelle,It crept up the stairwell that separated our space from Robbie’s.,271.929443359375,5.589287757873535,8.08707982365533,5.745842332189733,8.0704030497419,15,11
becoming_michelle,"It drifted through open windows in summertime, accompanying my thoughts as I played with my Barbies or built little kingdoms made out of blocks.",158.33990478515625,6.336962995153886,7.3068794276762405,6.3807617866744595,7.417370998252373,27,24
becoming_michelle,"The only respite came when my father got home from an early shift at the city’s water treatment plant and put the Cubs game on TV, boosting the volume just enough to blot it all out.",94.15953826904297,5.57641786482276,6.557002113206515,5.547872055735853,6.0403237429389804,41,36
becoming_michelle,This was the tail end of the 1960s on the South Side of Chicago.,15.199636459350586,5.861020179589589,3.9259647696362348,6.0468457000596185,3.89682492729943,15,14
becoming_michelle,"The Cubs weren’t bad, but they weren’t great, either.",48.46780014038086,4.910401591647635,5.598847417450799,5.672090004793265,5.625011191316975,17,9
becoming_michelle,"I’d sit on my dad’s lap in his recliner and listen to him narrate how the Cubs were in the middle of a late-season swoon or why Billy Williams, who lived just around the corner from us on Constance Avenue, had such a sweet swing from the left side of the plate.",36.287750244140625,5.502644050753478,5.181410838132464,5.602677269050708,5.112422043544281,66,52
becoming_michelle,"Outside the ballparks, America was in the midst of a massive and uncertain shift.",31.942838668823242,6.829096704831018,4.997420241948394,7.154881136325587,4.964334563400321,17,14
becoming_michelle,The Kennedys were dead.,68.68218231201172,6.461877486125256,6.101857309627992,7.98862599383574,8.420102956657004,6,4
becoming_michelle,Martin Luther King Jr.,20.735090255737305,4.163994878530502,4.37400131288868,4.163994878530502,4.37400131288868,4,4
becoming_michelle,"had been killed standing on a balcony in Memphis, setting off riots across the country, including in Chicago.",31.74407196044922,5.106749486923218,4.988414695952895,5.184291667408413,4.9369183057659125,20,18
becoming_michelle,"The 1968 Democratic National Convention turned bloody as police went after Vietnam War protesters with batons and tear gas in Grant Park, about nine miles north of where we lived.",45.52910232543945,4.681030695326626,5.508716168976866,4.74973028699557,5.671556026009051,32,30
becoming_michelle,"White families, meanwhile, were moving out of the city in droves, lured by the suburbs—the promise of better schools, more space, and probably more whiteness, too.",30.517168045043945,5.504823330305145,4.931547521466164,5.79239424887932,5.095281171195253,36,26
becoming_michelle,None of this really registered with me.,36.377891540527344,5.982319695608957,5.184989268652226,5.982319695608957,5.184989268652226,7,7
becoming_michelle,"I was just a kid, a girl with Barbies and blocks, with two parents and an older brother who slept each night with his head about three feet from mine.",45.99370574951172,5.828435923113967,5.523363921151741,5.870418417453766,5.715662317482118,33,30
becoming_michelle,"My family was my world, the center of everything.",50.08608627319336,6.283981561660767,5.646337880186924,6.471031957202488,5.778266682927484,10,9
becoming_michelle,"My mother taught me how to read early, walking me to the public library, sitting with me as I sounded out words on a page.",41.22214126586914,5.47038514525802,5.3653449986550195,5.466683187484741,5.192369851663172,27,25
becoming_michelle,"My father went to work every day dressed in the blue uniform of a city laborer, but at night he showed us what it meant to love jazz and art.",34.98255157470703,5.113935757428408,5.128563119474087,5.192334326108297,5.328622220346771,32,30
becoming_michelle,"As a boy, he’d taken classes at the Art Institute of Chicago, and in high school he’d painted and sculpted.",31.77454948425293,5.999006550887535,4.989656052228897,6.170420160889625,4.25973174635965,29,20
becoming_michelle,"He’d been a competitive swimmer and boxer in school, too, and as an adult was a fan of every televised sport, from professional golf to the NHL.",62.94579315185547,6.344374249415362,5.976036804727713,6.416292576533225,5.703387895768004,34,27
becoming_michelle,He appreciated seeing strong people excel.,1716.890869140625,7.384266217549642,10.74557838146162,7.384266217549642,10.74557838146162,6,6
becoming_michelle,"When my brother, Craig, got interested in basketball, my father propped coins above the doorframe in our kitchen, encouraging him to leap for them.",87.75353240966797,5.4871900598208105,6.455380703674385,5.5853284895420074,6.367113200196852,30,24
becoming_michelle,"Everything that mattered was within a five-block radius—my grandparents and cousins, the church on the corner where we were not quite regulars at Sunday school, the gas station where my mother sometimes sent me to pick up a pack of Newports, and the liquor store, which also sold Wonder bread, penny candy, and gallons of milk.",50.51776885986328,5.865328919086883,5.658718307323107,6.028608253491776,5.7876206052771915,67,56
becoming_michelle,"On hot summer nights, Craig and I dozed off to the sound of cheers from the adult-league softball games going on at the nearby public park, where by day we climbed on the playground jungle gym and played tag with other kids.",58.40098571777344,6.748608755568664,5.867919098215549,6.839274996566395,5.860563735466988,48,42
becoming_michelle,Craig and I are not quite two years apart in age.,22.106369018554688,6.912727355957031,4.466390591520819,6.912727355957031,4.466390591520819,11,11
becoming_michelle,"He’s got my father’s soft eyes and optimistic spirit, my mother’s implacability.",111.88350677490234,5.930010969362532,6.8058514857085095,6.5289171461869655,7.232635495476973,24,12
becoming_michelle,"The two of us have always been tight, in part thanks to an unwavering and somewhat inexplicable allegiance he seemed to feel for his baby sister right from the start.",51.583744049072266,5.525676099583507,5.68884461318377,5.608587991694609,5.754780533428604,32,30
becoming_michelle,"There’s an early family photograph, a black and white of the four of us sitting on a couch, my mother smiling as she holds me on her lap, my father appearing serious and proud with Craig perched on his.",71.35277557373047,6.34960089524587,6.1568953380995035,6.1808445025713015,5.934531675384522,45,39
becoming_michelle,We’re dressed for church or maybe a wedding.,572.446533203125,7.656054583462802,9.160994310905364,7.393285349011421,7.151713402923713,11,8
becoming_michelle,"I’m about eight months old, a pudge-faced, no-nonsense bruiser in diapers and an ironed white dress, looking ready to slide out of my mother’s clutches, staring down the camera as if I might eat it.",57.734962463378906,5.987433307976635,5.85137328191193,6.007609648165248,5.715117474353434,54,35
becoming_michelle,"Next to me is Craig, gentlemanly in a little bow tie and suit jacket, bearing an earnest expression.",90.19449615478516,6.508905683244977,6.494965288509699,6.551974190606011,6.2521333974407005,21,18
becoming_michelle,"He’s two years old and already the portrait of brotherly vigilance and responsibility—his arm extended toward mine, his fingers wrapped protectively around my fat wrist.",191.42198181152344,6.745616928420284,7.580607811614222,6.718451872617006,7.426483932777598,33,25
becoming_michelle,"At the time the photo was taken, we were living across the hall from my father’s parents in Parkway Gardens, an affordable housing project on the South Side made up of modernist apartment buildings.",45.554054260253906,5.311700874567032,5.5095028866368505,5.267263593042598,4.990152326258631,40,34
becoming_michelle,"It had been built in the 1950s and was designed as a co-op, meant to ease a post–World War II housing shortage for black working-class families.",20.079174041748047,5.156817606705077,4.3276278632501555,5.681685471572937,4.762766361558066,34,26
becoming_michelle,"Later, it would deteriorate under the grind of poverty and gang violence, becoming one of the city’s more dangerous places to live.",47.99055099487305,5.393435708546479,5.584539110521776,5.3945773551452225,4.91649053112767,28,22
becoming_michelle,"Long before this, though, when I was still a toddler, my parents—who had met as teenagers and married in their mid-twenties—accepted an offer to move a few miles south to Robbie and Terry’s place in a nicer neighborhood.",31.28466796875,5.742453322956725,4.967374861442958,6.276628196781722,5.115077193123687,53,38
becoming_michelle,"On Euclid Avenue, we were two households living under one not very big roof.",115.85305786132812,5.7266297172755,6.856136834203403,5.782928992594991,7.358471923394867,16,14
becoming_michelle,"Judging from the layout, the second-floor space had probably been designed as an in-law apartment meant for one or two people, but four of us found a way to fit inside.",29.783668518066406,5.944889896794369,4.896449450602932,5.945294581433778,5.091994227449866,38,31
becoming_michelle,"My parents slept in the lone bedroom, while Craig and I shared a bigger area that I assume was intended to be the living room.",66.49332427978516,5.938046404948602,6.055136261639097,5.923395447731018,6.1340482777633305,26,25
becoming_michelle,"Later, as we grew, my grandfather—Purnell Shields, my mother’s father, who was an enthusiastic if not deeply skilled carpenter—brought over some cheap wooden paneling and built a makeshift partition to divide the room into two semiprivate spaces.",73.6337661743164,6.30090447728123,6.202294933607304,6.969686526060105,6.35709909181293,56,37
becoming_michelle,He added a plastic accordion door to each space and created a little common play area in front where we could keep our toys and books.,104.23042297363281,6.11273377250742,6.703633225717278,6.179599250738438,6.6945715349146875,27,26
becoming_michelle,I loved my room.,175.6829071044922,8.223608493804932,7.456829493244813,8.223608493804932,7.456829493244813,4,4
becoming_michelle,It was just big enough for a twin bed and a narrow desk.,67.51011657714844,7.3679877611307,6.07703123161851,7.3679877611307,6.07703123161851,13,13
becoming_michelle,"I kept all my stuffed animals on the bed, painstakingly tucking them around my head each night as a form of ritual comfort.",50.05356979370117,5.202579400287225,5.645398075458384,5.290543515721093,5.690746711778719,26,23
becoming_michelle,"On his side of the wall, Craig lived a sort of mirror existence with his own bed pushed up against the paneling, parallel to mine.",82.07005310058594,5.798606421266284,6.358783766833162,5.746254644393921,6.27904603797807,28,25
becoming_michelle,"The partition between us was so flimsy that we could talk as we lay in bed at night, often tossing a balled sock back and forth through the ten-inch gap between the partition and the ceiling as we did.",39.223358154296875,5.546420149166476,5.293640559872226,5.5954894401833535,5.354997994986526,44,39
becoming_michelle,"Aunt Robbie, meanwhile, kept her part of the house like a mausoleum, the furniture swathed in protective plastic that felt cold and sticky on my bare legs when I dared sit on it.",60.65714645385742,5.911019129247019,5.922605206389741,6.048303658193485,6.14358687295298,41,33
becoming_michelle,Her shelves were loaded with porcelain figurines we weren’t allowed to touch.,109.59477996826172,5.026564656032456,6.775898942475043,5.629280008530865,6.362720079082492,18,12
becoming_michelle,"I’d let my hand hover over a set of sweet-faced glass poodles—a delicate-looking mother and three tiny puppies—and then pull it back, fearing Robbie’s wrath.",142.3529052734375,6.662034756193559,7.15331645226391,6.513598572194576,7.1634445455872005,42,25
becoming_michelle,"When lessons weren’t happening, the first floor was deadly silent.",489.6331481933594,6.773375111499003,8.935229930769625,7.268621030636131,8.516218066823608,14,10
becoming_michelle,"The television was never on, the radio never played.",52.667510986328125,7.347603821754456,5.718841516019381,7.497861332363552,5.933101202452622,10,9
becoming_michelle,I’m not even sure the two of them talked much down there.,140.0284881591797,6.88561327457428,7.129575788954693,6.5769423842430115,6.187207846049813,15,12
becoming_michelle,"Robbie’s husband’s full name was William Victor Terry, but for some reason we called him only by his last name.",74.14224243164062,6.533240830259664,6.21222273008288,6.20656790047884,5.541720861595142,28,20
becoming_michelle,"Terry was like a shadow, a distinguished-looking man who wore three- piece suits every day of the week and pretty much never said a word.",45.45982360839844,5.879967245562323,5.5065186960144725,5.726061019897461,5.39335745191316,29,25
becoming_michelle,"I came to think of upstairs and downstairs as two different universes, ruled over by competing sensibilities.",138.72547912597656,6.328444004058838,7.116081050994688,6.386595165028291,7.036761388523703,18,17
becoming_michelle,"Upstairs, we were noisy and unapologetically so.",138.40377807617188,6.91868381337686,7.112736452677388,6.7922937884217225,6.732991796789489,11,7
becoming_michelle,Craig and I threw balls and chased each other around the apartment.,42.95586013793945,6.479023441672325,5.424783053503898,6.479023441672325,5.424783053503898,12,12
becoming_michelle,"We sprayed Pledge furniture polish on the wood floor of the hallway so we could slide farther and faster in our socks, often crashing into the walls.",163.33631896972656,6.26564541884831,7.351688348145266,6.28448184772774,7.318535450168179,28,27
becoming_michelle,"We held brother-sister boxing matches in the kitchen, using the two sets of gloves my dad had given us for Christmas, along with personalized instructions on how to land a proper jab.",46.857059478759766,5.84763706294266,5.5501928516848595,5.9926720154471695,5.573822651914819,37,32
becoming_michelle,"At night, as a family, we played board games, told stories and jokes, and cranked Jackson 5 records on the stereo.",54.043846130371094,6.179394501906175,5.756055927752289,6.348415817533221,5.980111407007763,26,21
becoming_michelle,"When it got to be too much for Robbie down below, she’d emphatically flick the light switch in our shared stairwell, which also controlled the lightbulb in our upstairs hallway, off and on, again and again— her polite-ish way of telling us to pipe down.",91.47045135498047,5.980033251232114,6.515184363012853,5.948779685188222,6.152628996260495,58,45
becoming_michelle,Robbie and Terry were older.,376.0533142089844,9.030988653500875,8.55479238298019,8.589951658248902,8.317305218306364,6,5
becoming_michelle,"They grew up in a different era, with different concerns.",26.64606285095215,6.474756262519143,4.735849921702279,6.601480710506439,4.835841928193307,11,10
becoming_michelle,"They’d seen things our parents hadn’t—things that Craig and I, in our raucous childishness, couldn’t begin to guess.",86.30027770996094,5.497971612631398,6.431292312774415,5.905701828361662,6.791487616068326,34,18
becoming_michelle,This was some version of what my mother would say if we got too wound up about the grouchiness downstairs.,77.16837310791016,5.993732212619348,6.269934773231099,6.076799303789934,6.130432852605903,22,20
becoming_michelle,"Even if we didn’t know the context, we were instructed to remember that context existed.",154.2823028564453,6.106601279253434,7.269238630569464,6.440690609882585,6.8624675234932795,19,15
becoming_michelle,"Everyone on earth, they’d tell us, was carrying around an unseen history, and that alone deserved some tolerance.",272.41705322265625,6.9258672793706255,8.08962389661348,7.000440812773174,7.773467402900803,24,18
becoming_michelle,"Robbie, I’d learn many years later, had sued Northwestern University for discrimination, having registered for a choral music workshop there in 1943 and been denied a room in the women’s dorm.",135.6728973388672,6.263338746414298,7.083984934950583,6.098218093275704,6.704316200576749,42,31
becoming_michelle,"She was instructed to stay instead in a rooming house in town —a place “for coloreds,” she was told.",179.50518798828125,5.884577486250135,7.487880114418516,5.922307174247608,6.874349007078413,27,19
becoming_michelle,"Terry, meanwhile, had once been a Pullman porter on one of the overnight passenger rail lines running in and out of Chicago.",37.88641357421875,5.647904286017785,5.243607767427263,5.618706491860476,5.273740160387606,26,22
becoming_michelle,"It was a respectable if not well- paying profession, made up entirely of black men who kept their uniforms immaculate while also hauling luggage, serving meals, and generally tending to the needs of train passengers, including shining their shoes.",70.87519836425781,6.037819802126986,6.147204500861375,6.378827306959364,6.330600030837147,47,39
becoming_michelle,"Years after his retirement, Terry still lived in a state of numbed formality—impeccably dressed, remotely servile, never asserting himself in any way, at least that I would see.",73.77375030517578,5.999753807485104,6.205034813269357,6.374246864598624,6.034239567882629,40,28
becoming_michelle,It was as if he’d surrendered a part of himself as a way of coping.,86.17494201660156,5.995971182982127,6.429086158800526,5.913062393665314,4.948233790643419,18,15
becoming_michelle,"I’d watch him mow our lawn in the high heat of summer in a pair of wing tips, suspenders, and a thin-brimmed fedora, the sleeves of his dress shirt carefully rolled up.",72.09355163574219,6.283990114016666,6.171797774152353,6.596828659259094,6.137855920126109,45,32
becoming_michelle,"He’d indulge himself by having exactly one cigarette a day and exactly one cocktail a month, and even then he wouldn’t loosen up the way my father and mother would after having a highball or a Schlitz, which they did a few times a month.",63.65058517456055,5.853422637961128,5.992099272682444,5.918657977437532,5.617623958933201,55,45
becoming_michelle,"Some part of me wanted Terry to talk, to spill whatever secrets he carried.",86.15690612792969,5.2748158057530725,6.428893594688193,5.366324995245252,6.539600935653221,15,14
becoming_michelle,I imagined that he had all sorts of interesting stories about cities he’d visited and how rich people on trains behaved or maybe didn’t.,113.54937744140625,5.893885579208533,6.826661495994671,6.25580361050864,6.851094880010893,30,24
becoming_michelle,But we wouldn’t hear any of it.,200.75454711914062,5.16109321936965,7.64921629414803,5.796066236017006,5.740740152549678,10,7
becoming_michelle,"For some reason, he’d never tell.",187.63453674316406,7.095662522315979,7.551676347035391,7.365103880564372,6.131900758564174,10,6
becoming_michelle,was about four when I decided I wanted to learn piano.,38.44951629638672,5.212929454716769,5.264893226698681,5.212929454716769,5.264893226698681,11,11
becoming_michelle,"Craig, who was in the first grade, was already making trips downstairs for weekly lessons on Robbie’s upright and returning relatively unscathed.",228.45184326171875,7.222972597660763,7.835655651861917,7.358324958688834,7.844907597316825,28,22
becoming_michelle,I figured I was ready.,82.41339111328125,5.5026225566864015,6.36480582041336,5.5026225566864015,6.36480582041336,5,5
becoming_michelle,"I was pretty convinced I already had learned piano, in fact, through straight-up osmosis—all those hours spent listening to other kids fumbling through their songs.",56.95011901855469,5.854637220721035,5.831626616445278,6.171497748355071,6.187751554785827,34,25
becoming_michelle,The music was already in my head.,33.73059844970703,7.576712676456997,5.075985550679394,7.576712676456997,5.075985550679394,7,7
becoming_michelle,"I just wanted to go downstairs and demonstrate to my exacting great-aunt what a gifted girl I was, how it would take no effort at all for me to become her star student.",37.5791130065918,5.034136087507815,5.231858634620752,5.035631987181577,5.301730998666161,37,33
becoming_michelle,"Robbie’s piano sat in a small square room at the rear of the house, close to a window that overlooked the backyard.",51.223052978515625,6.547051747639974,5.67872080817383,6.121707334301688,4.480717193875659,27,22
becoming_michelle,She kept a potted plant in one corner and a folding table where students could fill out music work sheets in the other.,66.61201477050781,5.996282438437144,6.057710095120011,6.064058049865391,6.209876024825147,24,23
becoming_michelle,"During lessons, she sat straight spined in an upholstered high-back armchair, tapping out the beat with one finger, her head cocked as she listened keenly for each mistake.",82.94403839111328,5.144064054451883,6.374064061798819,5.603213468899152,7.113864184047209,40,28
becoming_michelle,Was I afraid of Robbie?,174.76356506347656,7.746082401275634,7.449258477069437,7.746082401275634,7.449258477069437,5,5
becoming_michelle,"Not exactly, but there was a scariness to her; she represented a rigid kind of authority I hadn’t yet encountered elsewhere.",150.57237243652344,5.9620711336222785,7.234257025679158,6.193200074729421,6.962479933784207,27,21
becoming_michelle,She demanded excellence from every kid who sat on her piano bench.,161.03160095214844,5.864812950293223,7.3311980361401,5.864812950293223,7.3311980361401,12,12
becoming_michelle,"I saw her as someone to win over, or maybe to somehow conquer.",77.43132781982422,6.805737682751247,6.274845342897664,6.93604590342595,6.424566568510564,14,13
becoming_michelle,"With her, it always felt like there was something to prove.",21.543128967285156,5.968729645013809,4.429155941553482,5.610676277767528,4.476118960446694,12,11
becoming_michelle,"At my first lesson, my legs dangled from the piano bench, too short to reach the floor.",36.332862854003906,6.101633512973786,5.183203605802586,6.3268433388541725,5.457445876842492,20,17
becoming_michelle,"Robbie gave me my own elementary music workbook, which I was thrilled about, and showed me how to position my hands properly over the keys.",68.38822174072266,6.040049104854979,6.09567410020129,5.950529646873474,6.143712077634956,29,25
becoming_michelle,"“All right, pay attention,” she said, scolding me before we’d even begun.",252.0237579345703,6.432440651499706,7.977393971256487,6.170997379968564,6.640112802486471,23,12
becoming_michelle,"“Find middle C.” When you’re little, a piano can look like it has a thousand keys.",298.8184509277344,7.722493009567261,8.223124292841481,7.399946633726358,6.860754809479645,25,16
becoming_michelle,You’re staring at an expanse of black and white that stretches farther than two small arms can reach.,98.09005737304688,6.26314699920741,6.616034025954632,6.224768150183889,5.7973234609476005,22,18
becoming_michelle,"Middle C, I soon learned, was the anchoring point.",103.73865509033203,7.549551109472911,6.696809122110257,7.7133933835559425,7.473281494886085,12,9
becoming_michelle,"It was the territorial line between where the right hand and the left hand traveled, between the treble and the bass clefs.",54.37787628173828,6.126335182189941,5.764946436756231,6.34190451556986,6.060317445868913,25,22
becoming_michelle,"If you could lay your thumb on middle C, everything else automatically fell into place.",110.78221893310547,5.195250503718853,6.791581911987446,5.140862822532654,6.794948797343033,16,15
becoming_michelle,"The keys on Robbie’s piano had a subtle unevenness of color and shape, places where bits of the ivory had broken off over time, leaving them looking like a set of bad teeth.",121.15734100341797,6.726491350394029,6.920718518203521,6.799254368651997,6.584549669593496,39,33
becoming_michelle,"Helpfully, the middle C key had a full corner missing, a wedge about the size of my fingernail, which got me centered every time.",113.82645416259766,6.431654017372057,6.830691513533171,6.632458471445716,7.566898654523404,30,24
becoming_michelle,It turned out I liked the piano.,79.83473205566406,6.163091438157218,6.318944536461759,6.163091438157218,6.318944536461759,7,7
becoming_michelle,"Sitting at it felt natural, like something I was meant to do.",49.59686279296875,5.6918419652751515,5.632176368330969,5.5041624667743845,5.594470834710633,14,12
becoming_michelle,"My family was loaded with musicians and music lovers, especially on my mother’s side.",148.14320373535156,6.363349792030123,7.210824749484702,6.892595332648073,6.767678687281973,18,14
becoming_michelle,I had an uncle who played in a professional band.,49.338279724121094,6.947910165786743,5.624635441692203,6.947910165786743,5.624635441692203,10,10
becoming_michelle,Several of my aunts sang in church choirs.,69.76253509521484,5.69957565125078,6.124381340040867,6.305170648149215,6.6055201212538694,10,8
becoming_michelle,"I had Robbie, who in addition to her choir and lessons directed something called the Operetta Workshop, a shoestring musical theater program for kids, which Craig and I attended every Saturday morning in the basement of her church.",71.03939819335938,6.2581531245909305,6.150539744810008,6.343838886308827,6.597510758452086,46,38
becoming_michelle,"The musical center of my family, though, was my grandfather Shields, the carpenter, who was also Robbie’s younger brother.",127.56999969482422,6.146195115866484,6.995077564695098,6.433304526303944,7.5281709701992,27,19
becoming_michelle,"He was a carefree, round-bellied man with an infectious laugh and a scraggly salt-and-pepper beard.",16.529897689819336,4.88357173803228,4.047005089825533,6.033978720712994,4.7070516321153235,27,15
becoming_michelle,"When I was younger, he’d lived on the West Side of the city and Craig and I had referred to him as Westside.",63.2116813659668,5.796486249991825,5.982020416892397,5.675167405087015,5.282533012220157,28,23
becoming_michelle,"But he moved into our neighborhood the same year I started taking piano lessons, and we’d duly rechristened him Southside.",123.49895477294922,5.991346281987649,6.946494699548676,6.072579826911291,6.504499795296783,27,20
becoming_michelle,"Southside had separated from my grandmother decades earlier, when my mother was in her teens.",58.14989471435547,5.9878306949839875,5.861704685158804,5.718732380867005,5.709132792940221,17,15
becoming_michelle,"He lived with my aunt Carolyn, my mom’s oldest sister, and my uncle Steve, her youngest brother, just two blocks from us in a cozy one-story house that he’d wired top to bottom for music, putting speakers in every room, including the bathroom.",57.130611419677734,5.329366342017525,5.836154125034882,5.3626826316580285,5.496413880167149,57,43
becoming_michelle,"In the dining room, he built an elaborate cabinet system to hold his stereo equipment, much of it scavenged at yard sales.",55.62314987182617,5.953364382386208,5.7976131135459745,6.164692532271147,5.989011472195326,25,22
becoming_michelle,He had two mismatched turntables plus a rickety old reel-to-reel tape player and shelves packed with records he’d collected over many years.,56.21495819091797,5.078742173846279,5.809568382184363,5.783735430178543,6.1624367452102256,35,22
becoming_michelle,There was a lot about the world that Southside didn’t trust.,207.96661376953125,6.31132198618725,7.699988905276394,6.830891323519278,6.336447845272295,15,11
becoming_michelle,He was kind of a classic old-guy conspiracy theorist.,67.0320053100586,6.989216360178861,6.066778829219885,7.237906725318344,5.573338119908055,11,9
becoming_michelle,"He didn’t trust dentists, which led to his having virtually no teeth.",131.6167449951172,5.524208992390948,7.040171391707814,5.898616733740912,6.625602169676043,17,12
becoming_michelle,"He didn’t trust the police, and he didn’t always trust white people, either, being the grandson of a Georgia slave and having spent his early childhood in Alabama during the time of Jim Crow before coming north to Chicago in the 1920s.",32.655426025390625,4.7916122123670695,5.029242249875143,5.156749851791011,4.835026360860049,52,42
becoming_michelle,"When he had kids of his own, Southside had taken pains to keep them safe—scaring them with real and imagined stories about what might happen to black kids who crossed into the wrong neighborhood, lecturing them about avoiding the police.",43.09906768798828,5.445113191737773,5.4295847554601275,5.507233124412596,5.283098945343376,47,40
becoming_michelle,"Music seemed to be an antidote to his worries, a way to relax and crowd them out.",47.712066650390625,6.2916500435935125,5.576280347648174,6.373105939696817,5.614000676463752,18,17
becoming_michelle,"When Southside had a payday for his carpentry work, he’d sometimes splurge and buy himself a new album.",150.1934051513672,6.732831675272721,7.230281942541589,7.299146205186844,7.305618722477336,26,18
becoming_michelle,"He threw regular parties for the family, forcing everyone to talk loudly over whatever he put on the stereo, because the music always dominated.",110.57032775878906,6.043657137797429,6.788820617730076,6.057346269488335,6.850395056477107,26,24
becoming_michelle,"We celebrated most major life events at Southside’s house, which meant that over the years we unwrapped Christmas presents to Ella Fitzgerald and blew out birthday candles to Coltrane.",124.62452697753906,6.049432403790072,6.961441190041835,6.098616188501232,7.054220967201443,39,29
becoming_michelle,"According to my mother, as a younger man Southside had made a point of pumping jazz into his seven children, often waking everyone at sunrise by playing one of his records at full blast.",91.91765594482422,5.88717894457482,6.522267920549146,5.8782267307533935,6.623075625518548,37,34
becoming_michelle,His love for music was infectious.,36.040321350097656,7.4153004089991255,5.171539852630107,7.4153004089991255,5.171539852630107,6,6
becoming_michelle,"Once Southside moved to our neighborhood, I’d pass whole afternoons at his house, pulling albums from the shelf at random and putting them on his stereo, each one its own immersing adventure.",122.67807006835938,6.321552424036443,6.938671334678073,6.388600998468368,6.662086090202918,43,32
becoming_michelle,"Even though I was small, he put no restrictions on what I could touch.",38.3360481262207,4.955606929461161,5.260629497460808,5.012504134859357,5.354165561192189,15,14
becoming_michelle,"He’d later buy me my first album, Stevie Wonder’s Talking Book, which I’d keep at his house on a special shelf he designated for my favorite records.",125.03178405761719,6.505141282692934,6.966149786422659,6.564370591331412,6.715669932679254,39,27
becoming_michelle,"If I was hungry, he’d make me a milk shake or fry us a whole chicken while we listened to Aretha or Miles or Billie.",152.59796142578125,6.420568335440851,7.253580517466169,6.761032471656799,7.024189427320547,31,25
becoming_michelle,"To me, Southside was as big as heaven.",108.9124755859375,6.27769672870636,6.767024743391221,6.414489194750786,6.555205884848502,10,8
becoming_michelle,"And heaven, as I envisioned it, had to be a place full of jazz.",54.3266487121582,6.772373971529305,5.763587151700045,6.932296664587089,5.921774445258814,16,14
becoming_michelle,"t home, I continued to work on my own progress as a musician.",39.57171630859375,7.546114870480129,5.306397441830295,7.404217408253596,5.3322241311068845,14,13
becoming_michelle,"Sitting at Robbie’s upright piano, I was quick to pick up the scales—that osmosis thing was real—and I threw myself into filling out the sight-reading work sheets she gave me.",127.97308349609375,6.228132128715515,6.999650358481948,6.029053072134654,6.689004949405099,43,30
becoming_michelle,"Because we didn’t have a piano of our own, I had to do my practicing downstairs on hers, waiting until nobody else was having a lesson, often dragging my mom with me to sit in the upholstered chair and listen to me play.",59.02009582519531,5.159699544677726,5.8830719961774784,5.378516771876643,5.8898408249756375,52,43
becoming_michelle,I learned one song in the piano book and then another.,153.694580078125,6.83490328355269,7.263922306284614,6.83490328355269,7.263922306284614,11,11
becoming_michelle,"I was probably no better than her other students, no less fumbling, but I was driven.",68.1801986694336,6.460618194780852,6.09128118023444,6.660058746735255,6.263394284085754,19,16
becoming_michelle,"To me, there was magic in the learning.",75.00143432617188,6.034089883168538,6.22884577337659,6.2506159991025925,6.626338629781879,9,8
becoming_michelle,I got a buzzy sort of satisfaction from it.,75.2452392578125,7.075588756799698,6.233528456926697,6.899555053975847,5.8371904262554075,10,9
becoming_michelle,"For one thing, I’d picked up on the simple, encouraging correlation between how long I practiced and how much I achieved.",89.03872680664062,6.633779865044814,6.476076419381494,6.76101568483171,5.291635443816832,26,21
becoming_michelle,"And I sensed something in Robbie as well—too deeply buried to be outright pleasure, but still, a pulse of something lighter and happier coming from her when I made it through a song without messing up, when my right hand picked out a melody while my left touched down on a chord.",83.07426452636719,6.027220074544873,6.376329252870559,6.0264071604380245,6.360644040102406,57,52
becoming_michelle,I’d notice it out of the corner of my eye: Robbie’s lips would unpurse themselves just slightly; her tapping finger would pick up a little bounce.,190.4488067626953,6.533610165970666,7.573250935527877,6.1570519976891,6.775064560333631,35,26
becoming_michelle,"This, it turns out, was our honeymoon phase.",23.548011779785156,4.986375576393171,4.557532742251039,5.014296685345471,4.881283319778266,11,8
becoming_michelle,"It’s possible that we might have continued this way, Robbie and I, had I been less curious and more reverent when it came to her piano method.",113.60813903808594,6.555248993815797,6.827900615823641,6.499968453689858,6.219530178859895,33,27
becoming_michelle,"But the lesson book was thick enough and my progress on the opening few songs slow enough that I got impatient and started peeking ahead—and not just a few pages ahead but deep into the book, checking out the titles of the more advanced songs and beginning, during my practice sessions, to fiddle around with playing them.",61.75978469848633,5.902473380789161,5.948595252123125,6.063940082377161,5.991390651930178,64,57
becoming_michelle,"When I proudly debuted one of my late-in-the-book songs for Robbie, she exploded, slapping down my achievement with a vicious “Good night!” I got chewed out the way I’d heard her chewing out plenty of students before me.",169.357421875,5.843294894153422,7.40392276308096,6.1730743674631405,7.657487920379019,55,38
becoming_michelle,"All I’d done was try to learn more and faster, but Robbie viewed it as a crime approaching treason.",377.1224670410156,6.673090240229731,8.55884331757767,6.786683440208435,8.02750284247328,23,19
becoming_michelle,"She wasn’t impressed, not even a little bit.",109.38693237304688,5.571131909576555,6.7732647077443495,5.770666481810622,4.909333092309643,12,8
becoming_michelle,Nor was I chastened.,81.24451446533203,6.297359561920166,6.344198509719055,7.210124492645264,7.417900872541016,5,4
becoming_michelle,"I was the kind of kid who liked concrete answers to my questions, who liked to reason things out to some logical if exhausting end.",81.15162658691406,5.666642707127791,6.34254748929171,5.69978768825531,6.4330475815721515,26,25
becoming_michelle,"I was lawyerly and also veered toward dictatorial, as my brother, who often got ordered out of our shared play area, would attest.",134.2554168701172,6.812649106157237,7.068831674681286,6.887169119240582,7.860898681548411,29,23
becoming_michelle,"When I thought I had a good idea about something, I didn’t like being told no.",46.86094665527344,5.50466266842559,5.550259983104327,6.0115714295825455,4.850794967501638,20,16
becoming_michelle,"Which is how my great-aunt and I ended up in each other’s faces, both of us hot and unyielding.",52.78321075439453,6.35340721629284,5.722004119024775,6.657440196526678,5.223956736702,27,19
becoming_michelle,“How could you be mad at me for wanting to learn a new song?” “You’re not ready for it.,56.019378662109375,6.035686593631218,5.8078540230546,5.852840684746441,4.7446056164335575,29,19
becoming_michelle,That’s not how you learn piano.” “But I am ready.,180.3308563232422,6.492076681719886,7.494502434563115,6.442323115468025,7.481362147101727,18,10
becoming_michelle,"I just played it.” “That’s not how it’s done.” “But why?” Piano lessons became epic and trying, largely due to my refusal to follow the prescribed method and Robbie’s refusal to see anything good in my freewheeling approach to her songbook.",95.87940979003906,5.649447085828903,6.583126821304077,6.100557855292548,6.903813513330487,68,41
becoming_michelle,"We went back and forth, week after week, as I remember it.",19.850936889648438,4.967598886827806,4.311135308567744,4.902709838546191,3.985571135931877,14,12
becoming_michelle,I was stubborn and so was she.,57.543941497802734,7.080940825598581,5.846591043774815,7.080940825598581,5.846591043774815,7,7
becoming_michelle,"I had a point of view and she did, too.",28.724876403808594,5.972375295378945,4.844229112963114,6.015252006053925,4.842054833656965,11,10
becoming_michelle,"In between disputes, I continued to play the piano and she continued to listen, offering a stream of corrections.",72.29886627197266,6.622580065613701,6.175901189482062,6.67599987669995,6.24903924629281,21,19
becoming_michelle,I gave her little credit for my improvement as a player.,83.7740249633789,6.966126376932317,6.388430148684896,6.966126376932317,6.388430148684896,11,11
becoming_michelle,She gave me little credit for improving.,179.57333374023438,6.401395899908883,7.488429785579034,6.401395899908883,7.488429785579034,7,7
becoming_michelle,"But still, the lessons went on.",57.23258590698242,7.190861701965332,5.838764782197457,7.3910475969314575,6.49326550653732,7,6
becoming_michelle,"Upstairs, my parents and Craig found it all so very funny.",128.83633422851562,7.188263801427988,7.009393597959326,6.838061946811099,6.499405805618284,13,11
becoming_michelle,"They cracked up at the dinner table as I recounted my battles with Robbie, still seething as I ate my spaghetti and meatballs.",57.15447998046875,6.079206919228589,5.836793794100893,6.562341034412384,6.312087004879579,27,23
becoming_michelle,"Craig, for his part, had no issues with Robbie, being a cheerful kid and a by-the-book, marginally invested piano student.",66.88577270507812,6.383320546110293,6.063625979325472,6.770328898122534,6.627815020744504,28,20
becoming_michelle,"My parents expressed no sympathy for my woes and none for Robbie’s, either.",255.4069366455078,5.975593819337733,7.9966493656121145,6.0353594193091755,7.6742772369835155,17,13
becoming_michelle,"In general, they weren’t ones to intervene in matters outside schooling, expecting early on that my brother and I should handle our own business.",205.61685180664062,5.9526453101044075,7.683755595398649,5.993027945378951,7.12165530577816,29,24
becoming_michelle,They seemed to view their job as mostly to listen and bolster us as needed inside the four walls of our home.,105.37531280517578,6.446759256449613,6.719392918897441,6.446759256449613,6.719392918897441,22,22
becoming_michelle,"And where another parent might have scolded a kid for being sassy with an elder as I had been, they also let that be.",77.46208953857422,6.539137796119407,6.275418348309045,6.725534424185753,6.598665736994029,27,24
becoming_michelle,"My mother had lived with Robbie on and off since she was about sixteen, following every arcane rule the woman laid down, and it’s possible she was secretly happy to see Robbie’s authority challenged.",100.82527160644531,5.889518026262522,6.655554472166289,5.890988599947271,6.305890447980244,42,34
becoming_michelle,"Looking back on it now, I think my parents appreciated my feistiness and I’m glad for it.",56.725059509277344,5.688611688821212,5.825764319412014,5.969214357581793,5.5542339274328825,23,17
becoming_michelle,It was a flame inside me they wanted to keep lit.,81.11793518066406,6.500276695598256,6.3419472097937835,6.500276695598256,6.3419472097937835,11,11
becoming_michelle,"nce a year, Robbie held a fancy recital so that her students could perform for a live audience.",115.9535903930664,6.519335472583771,6.857400663346543,6.734394749005635,6.6650813753058085,20,18
becoming_michelle,"To this day, I’m not sure how she managed it, but she somehow got access to a practice hall at Roosevelt University in downtown Chicago, holding her recitals in a grand stone building on Michigan Avenue, right near where the Chicago Symphony Orchestra played.",54.92617416381836,5.9682106868578835,5.779364453918719,6.057962952689691,5.595493348654282,52,44
becoming_michelle,Just thinking about going there made me nervous.,68.0424575805664,4.799132212996483,6.088363603775262,4.799132212996483,6.088363603775262,8,8
becoming_michelle,"Our apartment on Euclid Avenue was about nine miles south of the Chicago Loop, which with its glittering skyscrapers and crowded sidewalks felt otherworldly to me.",38.601806640625,5.490594562026672,5.270596151061652,6.075852310189451,6.095317779563644,32,26
becoming_michelle,"My family made trips into the heart of the city only a handful of times a year, to visit the Art Institute or see a play, the four of us traveling like astronauts in the capsule of my dad’s Buick.",59.65518569946289,6.103545223889143,5.898568546261439,6.219229650497437,5.634039467306464,46,40
becoming_michelle,My father loved any excuse to drive.,210.94749450683594,7.637026480266026,7.720740421029163,7.637026480266026,7.720740421029163,7,7
becoming_michelle,"He was devoted to his car, a bronze-colored two-door Buick Electra 225, which he referred to with pride as “the Deuce and a Quarter.” He kept it buffed and waxed and was religious about the maintenance schedule, taking it to Sears for tire rotations and oil changes the same way my mom carted us kids to the pediatrician for checkups.",81.63595581054688,5.799267088442489,6.351128564406189,5.972897746005199,6.968412329028283,81,60
becoming_michelle,"We loved the Deuce and a Quarter, too.",194.0451202392578,7.566753625869751,7.600248057731406,7.661411881446838,8.08149222053176,10,8
becoming_michelle,It had smooth lines and narrow taillights that made it look cool and futuristic.,49.72702407836914,5.825614362955093,5.635957940523733,6.354484694344657,6.24223481313759,16,14
becoming_michelle,It was roomy enough to feel like a house.,40.14814376831055,6.814251518249511,5.3272600888057084,7.057408544752333,5.612335275629511,10,9
becoming_michelle,"I could practically stand up inside it, running my hands over the cloth-covered ceiling.",49.46446990966797,6.014376233605778,5.628320623310893,5.867527723312378,5.601458924086381,17,14
becoming_michelle,"This was back when wearing a seat belt was optional, so most of the time Craig and I just flopped around in the rear, draping our bodies over the front seat when we wanted to talk to our parents.",28.62830352783203,5.709731154990467,4.839368572348824,5.925850732522642,4.972908126514915,44,39
becoming_michelle,Half the time I’d pull myself up on the headrest and jut my chin forward so that my face could be next to my dad’s and we’d have the exact same view.,41.628360748291016,5.940447168641312,5.3794107392698,6.006308768410236,4.949652185059353,43,32
becoming_michelle,"The car provided another form of closeness for my family, a chance to talk and travel at once.",78.86479187011719,6.147781535983086,6.301309546272968,6.428558091322581,6.657980297005222,20,18
becoming_michelle,"In the evenings after dinner, Craig and I would sometimes beg my dad to take us out for an aimless drive.",36.50822448730469,5.8086673176806904,5.190148668561098,5.889019239516485,5.255878729645578,23,21
becoming_michelle,"As a treat on summer nights, we’d head to a drive-in theater southwest of our neighborhood to watch Planet of the Apes movies, parking the Buick at dusk and settling in for the show, my mother handing out a dinner of fried chicken and potato chips she’d brought from home, Craig and I eating it on our laps in the backseat, careful to wipe our hands on our napkins and not the seat.",56.8199462890625,5.856055610958073,5.828287378748817,6.013146149666477,5.633497450857583,90,73
becoming_michelle,It would be years before I fully understood what driving the car meant to my father.,32.28639221191406,5.807536005973816,5.012854792228319,5.807536005973816,5.012854792228319,16,16
becoming_michelle,"As a kid, I could only sense it—the liberation he felt behind the wheel, the pleasure he took in having a smooth-running engine and perfectly balanced tires humming beneath him.",61.53746032714844,6.30054055319892,5.9433916819314705,6.263723811838362,5.9837909014769055,36,30
becoming_michelle,"He’d been in his thirties when a doctor informed him that the odd weakness he’d started to feel in one leg was just the beginning of a long and probably painful slide toward immobility, that odds were that someday, due to a mysterious unsheathing of neurons in his brain and spinal cord, he’d find himself unable to walk at all.",37.735225677490234,5.134858771466101,5.23783960250667,5.46926741534844,5.239615675784098,78,60
becoming_michelle,"I don’t have the precise dates, but it seems that the Buick came into my father’s life at roughly the same time that multiple sclerosis did.",64.52278137207031,5.560182670460028,6.011722122422192,5.94141354612433,6.036525548716327,34,26
becoming_michelle,"And though he never said it, the car had to provide some sort of sideways relief.",59.30621337890625,7.1693199149826,5.890110675237496,7.225578134413809,6.104701576171596,17,16
becoming_michelle,The diagnosis was not something he or my mother dwelled upon.,117.99370574951172,5.468490168452263,6.882562118789391,5.889140359380028,7.3844699339579085,12,11
becoming_michelle,"We were decades, still, from a time when a simple Google search would bring up a head-spinning array of charts, statistics, and medical explainers that either gave or took away hope.",47.82939910888672,6.140170983206003,5.5798225358882165,6.530093095115116,6.087871022375512,39,31
becoming_michelle,I doubt he would have wanted to see them anyway.,30.20708656311035,6.7018040180206295,4.916814362513638,6.7018040180206295,4.916814362513638,10,10
becoming_michelle,"Although my father was raised in the church, he wouldn’t have prayed for God to spare him.",54.27002716064453,6.086300024274914,5.762045970980834,6.522629507420146,5.324014325044159,21,17
becoming_michelle,He wouldn’t have looked for alternative treatments or a guru or some faulty gene to blame.,571.8735961914062,6.581657246441433,9.15953346730532,7.054232515365584,9.028725482978139,19,16
becoming_michelle,"In my family, we have a long-standing habit of blocking out bad news, of trying to forget about it almost the moment it arrives.",29.34024429321289,5.7166333336915285,4.8748091557709845,5.850693717184993,4.991045288993193,28,24
becoming_michelle,"Nobody knew how long my father had been feeling poorly before he first took himself to the doctor, but my guess is it had already been months if not years.",30.4113712310791,4.8428701623793575,4.926539181939895,4.864767011006673,5.004144198805149,31,30
becoming_michelle,He didn’t like medical appointments.,849.43359375,5.715042674448341,9.730299524186119,6.41402350421995,9.444594712205525,8,5
becoming_michelle,He wasn’t interested in complaining.,472.3728942871094,5.838618569425307,8.883702198897309,6.251594469090923,7.322572998330242,8,5
becoming_michelle,He was the sort of person who accepted what came and just kept moving forward.,33.988014221191406,5.846417033672333,5.086953497260539,5.846417033672333,5.086953497260539,15,15
becoming_michelle,"I do know that on the day of my big piano recital, he was already walking with a slight limp, his left foot unable to catch up to his right.",28.94317054748535,5.92856449995077,4.8551508332165865,6.092823610951503,5.023290104541148,33,30
becoming_michelle,"All my memories of my father include some manifestation of his disability, even if none of us were quite willing to call it that yet.",51.254764556884766,5.618362404979193,5.679613381789006,5.613507534265518,5.703511934392222,26,25
becoming_michelle,What I knew at the time was that my dad moved a bit more slowly than other dads.,32.27752685546875,5.0412325792842445,5.012458585780115,5.0412325792842445,5.012458585780115,18,18
becoming_michelle,"I sometimes saw him pausing before walking up a flight of stairs, as if needing to think through the maneuver before actually attempting it.",46.135887145996094,5.525554295915824,5.5278169229444405,5.628223966186245,5.690818034798063,26,24
becoming_michelle,"When we went shopping at the mall, he’d park himself on a bench, content to watch the bags or sneak in a nap while the rest of the family roamed freely.",73.28866577148438,5.9879899975415825,6.1954786744320725,6.0265149858690075,5.531048916327073,37,31
becoming_michelle,"Riding downtown for the piano recital, I sat in the backseat of the Buick wearing a nice dress and patent leather shoes, my hair in pigtails, experiencing the first cold sweat of my life.",44.266780853271484,6.210037046954746,5.468150983240373,6.413065938826869,5.412847751738654,42,34
becoming_michelle,"I was anxious about performing, even though back at home in Robbie’s apartment I’d practiced my song practically to death.",157.5008087158203,5.935693445029082,7.2991934750129435,5.983506366610527,7.054639752929191,27,20
becoming_michelle,"Craig, too, was in a suit and prepared to play his own song.",59.84716033935547,7.073407117525736,5.903210189429477,6.92451130426847,6.0042843126777905,15,13
becoming_michelle,But the prospect of it wasn’t bothering him.,286.050537109375,6.286596162075346,8.159380674364241,6.7601272442843765,6.228662700318411,11,8
becoming_michelle,"He was sound asleep, in fact, knocked out cold in the backseat, his mouth agape, his expression blissful and unworried.",39.88909149169922,5.167640686613218,5.317921617488477,5.965560467323909,6.102660089904081,29,20
becoming_michelle,I’d spend a lifetime admiring him for his ease.,271.6321716308594,6.510399778301899,8.085509142565495,6.2414242799083395,6.977384935708109,13,9
becoming_michelle,He was playing by then in a Biddy Basketball league that had games every weekend and apparently had already tamed his nerves around performing.,199.16690063476562,7.194193124771118,7.637833417388877,7.196433126926422,7.583748625430974,26,24
becoming_michelle,"My father would often pick a lot as close to our destination as possible, shelling out more money for parking to minimize how far he’d have to walk on his unsteady legs.",79.35401153564453,4.895376075941481,6.31010299173369,4.927668514001804,6.034718112904059,38,32
becoming_michelle,"That day, we found Roosevelt University with no trouble and made our way up to what seemed like an enormous, echoing hall where the recital would take place.",58.62497329711914,6.34180522541846,5.873441561385077,6.245070753352983,5.952042832739809,31,28
becoming_michelle,I felt tiny inside it.,408.2278747558594,6.183012771606445,8.673230152947127,6.183012771606445,8.673230152947127,5,5
becoming_michelle,"The room had elegant floor-to- ceiling windows through which you could see the wide lawns of Grant Park and, beyond that, the white-capped swells of Lake Michigan.",36.30674743652344,5.556508430405645,5.182160796797326,5.976934430379145,5.338823122126916,37,27
becoming_michelle,"There were steel-gray chairs arranged in orderly rows, slowly filling with nervous kids and expectant parents.",85.97062683105469,6.317387904971838,6.425771508460156,6.2245619161985815,6.618759863804382,20,16
becoming_michelle,"And at the front, on a raised stage, were the first two baby grand pianos I’d ever laid eyes on, their giant hardwood tops propped open like black bird wings.",93.89576721191406,6.358988473812739,6.552210374930839,6.609015958011151,6.462084100058051,39,30
becoming_michelle,"Robbie was there, too, bustling about in a floral-print dress like the belle of the ball— albeit a matronly belle—making sure all her students had arrived with sheet music in hand.",72.5667495727539,6.149280942629936,6.181235207204517,6.3509919813043005,6.380784744105654,43,31
becoming_michelle,She shushed the room to silence when it was time for the show to begin.,34.936798095703125,5.861266113817692,5.126675576283747,5.9836625496546425,5.104614211716113,16,15
becoming_michelle,I don’t recall who played in what order that day.,222.02481079101562,6.129068846742694,7.794540887331802,6.72986578787677,6.662790815279306,13,10
becoming_michelle,"I only know that when it was my turn, I got up from my seat and walked with my very best posture to the front of the room, mounting the stairs and finding my seat at one of the gleaming baby grands.",35.92020034790039,5.601994929754215,5.166721739825025,5.725779259843486,5.032863702441638,46,42
becoming_michelle,The truth is I was ready.,88.47785949707031,5.85480793317159,6.4672442672548,5.85480793317159,6.4672442672548,6,6
becoming_michelle,"As much as I found Robbie to be snippy and inflexible, I’d also internalized her devotion to rigor.",110.76203918457031,4.766864291616474,6.791136145387742,5.450911873686386,7.620699430097101,27,18
becoming_michelle,I knew my song so well I hardly had to think about it.,39.996299743652344,5.182866124006418,5.321794029790538,5.182866124006418,5.321794029790538,13,13
becoming_michelle,I just had to start moving my hands.,37.72333526611328,7.259639799594879,5.2373852366070714,7.259639799594879,5.2373852366070714,8,8
becoming_michelle,"And yet there was a problem, one I discovered in the split second it took to lift my little fingers to the keys.",42.030696868896484,6.540915181239446,5.39337125390129,6.603783239489016,5.442586199724491,24,23
becoming_michelle,"I was sitting at a perfect piano, it turned out, with its surfaces carefully dusted, its internal wires precisely tuned, its eighty-eight keys laid out in a flawless ribbon of black and white.",63.3843879699707,6.9095370948314665,5.986054460791696,7.214875222456576,6.460627183366256,40,33
becoming_michelle,The issue was that I wasn’t used to flawless.,431.67633056640625,6.792800260746541,8.753623324241547,7.486039444196245,7.781119751595597,12,9
becoming_michelle,"In fact, I’d never once in my life encountered it.",116.85672760009766,6.124396566833768,6.868441833671619,6.079223790764809,5.817281047178493,14,10
becoming_michelle,My experience of the piano came entirely from Robbie’s squat little music room with its scraggly potted plant and view of our modest backyard.,262.49072265625,7.140054385860761,8.036111453184988,7.422754239290953,7.882322795943682,30,24
becoming_michelle,"The only instrument I’d ever played was her less-than- perfect upright, with its honky-tonk patchwork of yellowed keys and its conveniently chipped middle C.",159.6114501953125,6.932066269611058,7.3182026270041565,7.662927080690861,8.150863726675704,38,24
becoming_michelle,"To me, that’s what a piano was—the same way my neighborhood was my neighborhood, my dad was my dad, my life was my life.",46.878135681152344,6.065601531416178,5.550821462310849,6.0852936771180905,5.260422193116507,32,24
becoming_michelle,It was all I knew.,32.55329132080078,6.888692855834961,5.0247312507506905,6.888692855834961,5.0247312507506905,5,5
becoming_michelle,"Now, suddenly, I was aware of people watching me from their chairs as I stared hard at the high gloss of the piano keys, finding nothing there but sameness.",69.8344955444336,5.942755540211995,6.125867458455051,5.947394864312534,6.3180066785231705,33,29
becoming_michelle,I had no clue where to place my hands.,35.73279571533203,6.233884890874227,5.159176368082169,6.233884890874227,5.159176368082169,9,9
becoming_michelle,"With a tight throat and chugging heart, I looked out to the audience, trying not to telegraph my panic, searching for the safe harbor of my mother’s face.",71.61585998535156,6.219749008078833,6.162206461611109,6.397510764676901,5.9168295386408625,37,28
becoming_michelle,"Instead, I spotted a figure rising from the front row and slowly levitating in my direction.",38.9599609375,5.911017417907715,5.2839197692037505,5.900413505733013,5.542751704999693,18,16
becoming_michelle,"We had brawled plenty by then, to the point where I viewed her a little bit like an enemy.",57.03996658325195,5.920921603838603,5.833900510524638,5.931970113202145,5.587932682024208,21,19
becoming_michelle,"But here in my moment of comeuppance, she arrived at my shoulder almost like an angel.",65.30760955810547,5.697991614646622,6.029179366299057,6.196219434605155,6.642899728952386,19,16
becoming_michelle,Maybe she understood my shock.,186.81454467773438,7.094941234588623,7.5454627088450135,7.094941234588623,7.5454627088450135,5,5
becoming_michelle,Maybe she knew that the disparities of the world had just quietly shown themselves to me for the first time.,62.494937896728516,5.588546457886696,5.965664511608636,5.588546457886696,5.965664511608636,20,20
becoming_michelle,It’s possible she needed simply to hurry things up.,330.9774169921875,6.250400165716807,8.370587372901182,5.575922701093885,7.356231401467274,12,9
becoming_michelle,"Either way, without a word, Robbie gently laid one finger on middle C so that I would know where to start.",99.00520324707031,6.031543856081755,6.6294305212588815,6.039232049669538,6.55682155330313,23,21
becoming_michelle,"Then, turning back with the smallest smile of encouragement, she left me to play my song.",79.54248809814453,6.584655536545648,6.3136526304305045,6.54680871963501,6.45189972304683,18,16
becoming_michelle,"started kindergarten at Bryn Mawr Elementary School in the fall of 1969, showing up with the twin advantages of knowing in advance how to read basic words and having a well-liked second- grade brother ahead of me.",50.55204772949219,5.165198747248558,5.659696920685389,5.487645558314398,5.916131041567386,44,37
becoming_michelle,"The school, a four-story brick building with a yard in front, sat just a couple of blocks from our house on Euclid.",24.135910034179688,5.213569286244887,4.593109855134109,5.5061940423241165,4.7884525928250525,27,22
becoming_michelle,"Getting there involved a two-minute walk or, if you did it like Craig, a one-minute run.",43.88896560668945,5.69667758453976,5.455785682884412,5.944110446919997,6.2010551597415535,22,16
becoming_michelle,I liked school right away.,430.7461242675781,6.24013934135437,8.750692789733998,6.24013934135437,8.750692789733998,5,5
becoming_michelle,"I liked my teacher, a diminutive white lady named Mrs.",89.36300659179688,6.620882485682766,6.481605774635948,6.91229743026197,6.929243864058208,12,10
becoming_michelle,"Burroughs, who seemed ancient to me but was probably in her fifties.",49.193336486816406,5.730667519629659,5.62039029010519,5.914106113409313,6.41208947620709,17,12
becoming_michelle,"Her classroom had big sunny windows, a collection of baby dolls to play with, and a giant cardboard playhouse in the back.",40.94761657714844,6.3227750992774965,5.355707333135879,6.509096652269363,5.673640631675513,25,22
becoming_michelle,"I made friends in my class, drawn to the kids who, like me, seemed eager to be there.",41.1801872253418,6.197951674461365,5.363878134724773,6.355178664127986,5.200088946613283,21,18
becoming_michelle,I was confident in my ability to read.,25.29891014099121,6.899379551410675,4.661003203980042,6.899379551410675,4.661003203980042,8,8
becoming_michelle,"At home, I’d plowed through the Dick and Jane books, courtesy of my mom’s library card, and thus was thrilled to hear that our first job as kindergartners would be learning to read new sets of words by sight.",85.88200378417969,6.540975479810846,6.424232149918393,6.761547132052927,6.439248845546637,51,39
becoming_michelle,"We were assigned a list of colors to study, not the hues, but the words themselves —“red,” “blue,” “green,” “black,” “orange,” “purple,” “white.” In class, Mrs.",15.797277450561523,3.7862531037361764,3.981602731792292,5.367081605628024,5.434401255359944,67,26
becoming_michelle,"Burroughs quizzed us one student at a time, holding up a series of large manila cards and asking us to read whatever word was printed in black letters on the front.",50.309600830078125,5.205769594862229,5.652759099791077,5.16271746491072,5.238895197260887,36,31
becoming_michelle,"I watched one day as the girls and boys I was just getting to know stood up and worked through the color cards, succeeding and failing in varying degrees, and were told to sit back down at whatever point they got stumped.",54.872039794921875,6.02731235689587,5.77799823341875,6.102376800207865,5.800647359314764,45,42
becoming_michelle,"It was meant to be something of a game, I think, the way a spelling bee is a game, but you could see a subtle sorting going on and a knowing slump of humiliation in the kids who didn’t make it past “red.” This, of course, was 1969, in a public school on the South Side of Chicago.",57.72392272949219,5.655791738840183,5.8510609691227575,5.789183235816235,5.681167796104634,72,58
becoming_michelle,Nobody was talking about self- esteem or growth mind-sets.,109.59117126464844,5.634969939788182,6.775985762745108,6.24958493091442,7.40666127203613,12,9
becoming_michelle,"If you’d had a head start at home, you were rewarded for it at school, deemed “bright” or “gifted,” which in turn only compounded your confidence.",101.6632080078125,6.188378807975025,6.6674364143656355,6.620755730880486,6.2966875953304395,41,26
becoming_michelle,The advantages aggregated quickly.,2376.923828125,5.90144157409668,11.21479166658763,6.490482747554779,12.101232625398056,5,4
becoming_michelle,"The two smartest kids in my kindergarten class were Teddy, a Korean American boy, and Chiaka, an African American girl, who both would remain at the top of the class for years to come.",21.890872955322266,4.980517003016594,4.452257950526335,5.243041488177636,4.599602693821021,39,34
becoming_michelle,I was driven to keep up with them.,42.792503356933594,6.959441006183624,5.41928560373587,6.959441006183624,5.41928560373587,8,8
becoming_michelle,"When it came my turn to read the words off the teacher’s manila cards, I stood up and gave it everything I had, rattling off “red,” “green,” and “blue” without effort.",46.89463424682617,4.940741365345625,5.5513424742071455,5.033805080735555,5.466228150328192,52,31
becoming_michelle,"“Purple” took a second, though, and “orange” was hard.",150.7818145751953,6.712750101089478,7.236271501944559,6.868030429769446,6.8595661610614,20,9
becoming_michelle,"But it wasn’t until the letters W-H-I-T-E came up that I froze altogether, my throat instantly dry, my mouth awkward and unable to shape the sound as my brain glitched madly, trying to dig up a color that resembled “wuh-haaa.” It was a straight-up choke.",80.56642150878906,6.0263597500484645,6.332078611090579,6.13964098539008,6.768619498122299,72,45
becoming_michelle,"I felt a weird airiness in my knees, as if they might buckle.",71.31393432617188,5.64324631690979,6.156112052828962,5.626960791074312,6.385591705580007,15,13
becoming_michelle,"But before they did, Mrs.",50.08158493041992,6.725391705830892,5.646208365128945,6.884328365325928,5.614507051566692,6,5
becoming_michelle,Burroughs instructed me to sit back down.,85.54396057128906,5.686706834369236,6.418593294596689,5.206231401080176,5.245334548091564,9,7
becoming_michelle,And that’s exactly when the word hit me in its full and easy perfection.,273.6069030761719,6.748341784757726,8.095885996610539,6.743940532207489,7.286607190689871,17,14
becoming_michelle,"The word was “white.” Lying in bed that night with my stuffed animals packed around my head, I thought only of “white.” I spelled it in my head, forward and backward, chastising myself for my own stupidity.",43.637725830078125,5.631556944205211,5.447498871187131,5.743484431021923,5.473093259742477,52,37
becoming_michelle,"The embarrassment felt like a weight, like something I’d never shake off, even though I knew my parents wouldn’t care whether I’d read every card correctly.",62.500244140625,5.485820425523294,5.965516080023151,5.744674722735699,6.050344231663624,37,26
becoming_michelle,I just wanted to achieve.,116.92027282714844,6.225596404075622,6.869379825099349,6.225596404075622,6.869379825099349,5,5
becoming_michelle,Or maybe I didn’t want to be dismissed as incapable of achieving.,191.3374786376953,6.007286473705123,7.579737084888402,6.361719212368674,6.751572573272116,15,12
becoming_michelle,"I was sure my teacher had now pegged me as someone who couldn’t read or, worse, didn’t try.",69.89642333984375,5.18358647189318,6.127124841468022,5.932728395887858,5.958274419193755,26,18
becoming_michelle,I obsessed over the dime-sized gold-foil stars that Mrs.,170.52227783203125,7.467489280870983,7.413811349120261,7.288749031446599,7.971897361959424,14,9
becoming_michelle,"Burroughs had given to Teddy and Chiaka that day to wear on their chests as an emblem of their accomplishment, or maybe a sign that they were marked for greatness when the rest of us weren’t.",84.44786071777344,6.161996617144363,6.399884008903,6.2857764747664255,5.891265892883822,43,36
becoming_michelle,"The two of them, after all, had read every last color card without a hitch.",62.6370964050293,6.89231057026807,5.96894564792602,6.975813009341558,6.237789652167171,17,15
becoming_michelle,"The next morning in class, I asked for a do-over.",34.46184158325195,6.591922851709219,5.106927756362195,7.269030992190044,6.251113007908866,13,10
becoming_michelle,"Burroughs said no, cheerily adding that we kindergartners had other things to get to, I demanded it.",158.70355224609375,5.1135040906568365,7.2939996552863136,5.110314686508739,7.840003979556607,24,17
becoming_michelle,"Pity the kids who then had to watch me face the color cards a second time, going slower now, pausing deliberately to breathe after I’d pronounced each word, refusing to let my nerves short- circuit my brain.",162.70899963378906,6.537996963800295,7.346119891583839,6.572844940564923,6.823819827316026,46,37
becoming_michelle,"And it worked, through “black,” “orange,” “purple,” and especially “white.” I was practically shouting the word “white” before I’d even seen the letters on the card.",35.814701080322266,5.31434404132041,5.162471472282765,6.206922367239718,6.072009477511698,55,26
becoming_michelle,I like to imagine now that Mrs.,55.027076721191406,6.460119213376727,5.78206950421225,6.460119213376727,5.78206950421225,7,7
becoming_michelle,Burroughs was impressed with this little black girl who’d found the courage to advocate for herself.,167.9383087158203,6.9695785613287065,7.39166002769509,6.80577780554692,6.267190440678471,21,16
becoming_michelle,I didn’t know whether Teddy and Chiaka had even noticed.,481.84490966796875,5.903558142749326,8.912378179342072,6.514012130815535,8.637880102726644,14,10
becoming_michelle,"I was quick to claim my trophy, though, heading home that afternoon with my head up and one of those gold-foil stars stuck on my shirt.",56.63649368286133,6.056287707821015,5.823660055174366,6.06707903284293,5.691986213671739,31,26
becoming_michelle,"t home, I lived in a world of high drama and intrigue, immersing myself in an ever-evolving soap opera of dolls.",33.238128662109375,5.841336136284683,5.054767393468343,6.450226336909783,5.416626771866695,28,21
becoming_michelle,"There were births, feuds, and betrayals.",78.01544952392578,5.608817581087351,6.285668701648841,6.593350908615522,7.947194767928974,10,6
becoming_michelle,"There was hope, hatred, and sometimes sex.",105.54402923583984,6.126671764585707,6.721700091171241,6.45968987260546,7.109563356193853,9,7
becoming_michelle,"My preferred way to pass the time between school and dinner was to park myself in the common area outside my room and Craig’s and spread my Barbies across the floor, spinning out scenarios that felt as real to me as life itself, sometimes inserting Craig’s G.I.",79.38648223876953,5.579774558544159,6.310789325936475,5.614824584506928,6.39380685019524,58,47
becoming_michelle,Joe action figures into the plotlines.,157.80429077148438,7.609495639801025,7.301992187014661,8.131261189778646,7.600071043412432,7,6
becoming_michelle,I kept my dolls’ outfits in a child-sized vinyl suitcase covered in a floral print.,337.8333435058594,7.236805282141033,8.400120414885185,7.558898525767856,7.536588974955905,19,15
becoming_michelle,I assigned every Barbie and every G.I.,187.3802490234375,7.105131831434038,7.549818411463548,8.326047099771953,9.302510490562602,9,7
becoming_michelle,I also recruited into service the worn-out alphabet blocks my mother had used years earlier to teach us our letters.,178.08984375,6.487459819425236,7.476459206869601,6.570014837384224,7.618218007773121,22,20
becoming_michelle,"They, too, were given names and inner lives.",61.77598190307617,7.109971982240677,5.948969540514272,7.315417964011431,6.575675393370305,10,8
becoming_michelle,"I rarely chose to join the neighborhood kids who played outside after school, nor did I invite school friends home with me, in part because I was a fastidious kid and didn’t want anyone meddling with my dolls.",63.42599105834961,5.432739474805368,5.986835155595139,5.595812865457877,5.751494516960172,44,38
becoming_michelle,I’d been to other girls’ houses and seen the horror-show scenarios—Barbies whose hair had been hacked off or whose faces had been crosshatched with Magic Marker.,212.14443969726562,6.831049245328475,7.728892406394735,7.0684948938970384,7.061827213765188,39,26
becoming_michelle,And one thing I was learning at school was that kid dynamics could be messy.,59.388675689697266,6.026966460545858,5.892114995737801,6.026966460545858,5.892114995737801,15,15
becoming_michelle,"Whatever sweet scenes you might witness on a playground, beneath them lay a tyranny of shifting hierarchies and alliances.",207.76788330078125,7.146437410619997,7.698827538344812,7.38320565449172,7.999862775568247,21,19
becoming_michelle,"There were queen bees, bullies, and followers.",291.3310852050781,7.379316012064616,8.186481115923803,7.540348580905369,8.734062402358349,9,7
becoming_michelle,"I wasn’t shy, but I also wasn’t sure I needed any of that messiness in my life outside school.",67.6733627319336,4.4935894111102375,6.0804952375898305,4.7704517546992165,5.8120422710660575,27,19
becoming_michelle,"Instead, I sank my energy into being the sole animating force in my little common-area universe.",106.06190490722656,6.822198861837387,6.728760354338213,6.900089044123888,7.097681891022977,20,16
becoming_michelle,"If Craig showed up and had the audacity to move a single block, I’d start shrieking.",139.6171875,6.47275061769919,7.1252932138728795,7.142567893490195,7.161231166091824,22,16
becoming_michelle,I was also not above hitting him when necessary—usually a direct fist blow to the middle of his back.,68.34339904785156,6.0089815230596635,6.0947300689291275,5.998431716048927,5.974182668188402,21,19
becoming_michelle,"The point was that the dolls and blocks needed me to give them life, and I dutifully gave it to them, imposing one personal crisis after another.",61.62657928466797,5.79893120414307,5.945478988366932,5.959090148823129,6.184705005661374,31,27
becoming_michelle,"Like any good deity, I was there to see them suffer and grow.",66.27825927734375,7.0671414988381525,6.050463255754477,7.194787667347835,6.313394180868756,14,13
becoming_michelle,"Meanwhile, from my bedroom window, I could observe most of the real-world happenings on our block of Euclid Avenue.",36.71803665161133,5.530493444874883,5.1984165896971355,5.650441318930111,5.701548053743362,25,19
becoming_michelle,"In the late afternoons, I’d see Mr.",125.35755157470703,6.37100599886169,6.969791623743423,6.722470426437212,7.153060100669481,13,7
becoming_michelle,"Thompson, the tall African American man who owned the three-unit building across the street, loading his big bass guitar into the back of his Cadillac, setting off for a gig in one jazz club or another.",42.20532989501953,5.806096187451991,5.399350567800748,5.725055053830147,5.269519997876665,41,36
becoming_michelle,"I’d watch the Mendozas, the Mexican family next door, arriving home in their pickup loaded with ladders after a long day of painting houses, greeted at the fence by their yapping dogs.",189.53416442871094,6.976374665896098,7.566305310342185,6.815320551395416,7.061408400782993,42,32
becoming_michelle,Our neighborhood was middle-class and racially mixed.,59.631465911865234,6.105111757914226,5.898001526007401,7.02663364864531,7.11239171039622,9,7
becoming_michelle,Kids found one another based not on the color of their skin but on who was outside and ready to play.,44.54654312133789,5.433879193805513,5.47724117512245,5.433879193805513,5.47724117512245,21,21
becoming_michelle,"My friends included a girl named Rachel, whose mother was white and had a British accent; Susie, a curly-haired redhead; and the Mendozas’ granddaughter whenever she was visiting.",86.29027557373047,5.841841072589159,6.431120644503821,6.475183507445313,6.550088929646312,40,28
becoming_michelle,"We were a motley mix of last names— Kansopant, Abuasef, Yacker, Robinson—and were too young to register that things around us were changing fast.",222.9335479736328,6.075140996559246,7.800468183176701,5.81181984750761,7.145744671676514,37,24
becoming_michelle,"In 1950, fifteen years before my parents moved to South Shore, the neighborhood had been 96 percent white.",45.61616516113281,5.847842389345169,5.5114708154392735,5.901903377638923,5.6028129365113735,20,18
becoming_michelle,"By the time I’d leave for college in 1981, it would be about 96 percent black.",93.05180358886719,6.267196905612946,6.5397419467511515,6.253415193408728,5.523518873385624,20,16
becoming_michelle,Craig and I were raised squarely in the crosscurrents of that flux.,81.2728042602539,6.36816326209477,6.3446999081216315,7.105028371016185,6.663560525934521,14,12
becoming_michelle,"The blocks surrounding us were home to Jewish families, immigrant families, white and black families, folks who were thriving and some who were not.",43.412872314453125,5.855618958119993,5.4400502802545745,5.98221339782079,5.40005446125635,27,24
becoming_michelle,"In general, people tended to their lawns and kept track of their children.",87.84120178222656,5.873512997229894,6.456825443759842,5.953811056338823,7.064828124669605,15,13
becoming_michelle,They wrote checks to Robbie so their kids could learn piano.,355.3315124511719,6.243438915772871,8.473019565397502,6.243438915772871,8.473019565397502,11,11
becoming_michelle,"My family, in fact, was probably on the poor side of the neighborhood spectrum.",47.45692825317383,6.138653252273798,5.568542797938808,6.268722574625697,5.872635957753985,16,14
becoming_michelle,"We were among the few people we knew who didn’t own their own home, stuffed as we were into Robbie and Terry’s second floor.",74.24031066894531,5.670455008805279,6.214090867645232,5.959547141896716,5.669613914059455,31,24
becoming_michelle,"South Shore hadn’t yet tilted the way other neighborhoods had—with the better-off people long departed for the suburbs, the neighborhood businesses closing one by one, the blight setting in—but the tilt was clearly beginning.",115.70350646972656,6.897135765146878,6.854281039084928,7.185701374580865,7.2658988071797594,45,34
becoming_michelle,"We were starting to feel the effects of this transition, especially at school.",25.853776931762695,6.504822901317051,4.69230282620895,6.620924069331243,4.72069169913103,14,13
becoming_michelle,"My second-grade classroom turned out to be a mayhem of unruly kids and flying erasers, which had not been the norm in either my experience or Craig’s.",74.77874755859375,6.120057884284428,6.224553746244929,6.360122435990676,6.448879140336489,35,27
becoming_michelle,"All this seemed due to a teacher who couldn’t figure out how to assert control—who didn’t seem to like children, even.",66.6600570678711,5.03292378988117,6.058731622155453,5.491812360923856,6.056615009324532,30,21
becoming_michelle,"Beyond that, it wasn’t clear that anyone was particularly bothered by the fact that the teacher was incompetent.",56.08975601196289,6.71681393657557,5.809575366278735,6.967951341971962,5.061674726839861,22,18
becoming_michelle,"The students used it as an excuse to act out, and she seemed to think only the worst of us.",34.72504806518555,6.121040429387774,5.11790493098619,6.08972596526146,5.192926372358667,21,20
becoming_michelle,"In her eyes, we were a class of “bad kids,” though we had no guidance and no structure and had been sentenced to a grim, underlit room in the basement of the school.",93.1071548461914,6.916229527171065,6.540816166505716,6.96874452058715,6.239019772110872,41,33
becoming_michelle,Every hour there felt hellish and long.,239.36456298828125,5.6021526753902435,7.903065571193855,5.895617553165981,8.717970854258867,8,7
becoming_michelle,"I sat miserably at my desk, in my puke-green chair—puke green being the official color of the 1970s—learning nothing and waiting for the midday lunch break, when I could go home and have a sandwich and complain to my mom.",42.338600158691406,5.991209089326171,5.403900787123494,6.1021406193263825,5.219321926785749,52,40
becoming_michelle,"When I got angry as a kid, I almost always funneled it through my mother.",30.470884323120117,5.470364030669717,4.929354906633536,5.751828523476918,5.4449472241293035,17,15
becoming_michelle,"As I fumed about my new teacher, she listened placidly, saying things like “Oh, dear” and “Oh, really?” She never indulged my outrage, but she took my frustration seriously.",42.9483528137207,5.507976712956232,5.424530165920083,6.042402326929565,6.1789353839939585,47,29
becoming_michelle,"If my mother were somebody different, she might have done the polite thing and said, “Just go and do your best.” But she knew the difference.",67.0301513671875,5.143053658080824,6.066731479026365,5.377581383173283,5.808828538717707,33,26
becoming_michelle,She knew the difference between whining and actual distress.,101.50142669677734,7.304092367490132,6.665355737004809,7.304092367490132,6.665355737004809,9,9
becoming_michelle,"Without telling me, she went over to the school and began a weeks-long process of behind-the-scenes lobbying, which led to me and a couple of other high-performing kids getting quietly pulled out of class, given a battery of tests, and about a week later reinstalled permanently into a bright and orderly third-grade class upstairs, governed by a smiling, no-nonsense teacher who knew her stuff.",32.04417419433594,5.355204899083166,5.001988694384915,5.827238899308335,5.657207059245364,85,64
becoming_michelle,It was a small but life-changing move.,36.17095184326172,6.484135389328003,5.176759773576913,7.529458488736834,5.713937322617406,9,7
becoming_michelle,I didn’t stop to ask myself then what would happen to all the kids who’d been left in the basement with the teacher who couldn’t teach.,45.261837005615234,5.430993712427361,5.500204756512289,5.949693136078377,5.275860252642691,35,26
becoming_michelle,"Now that I’m an adult, I realize that kids know at a very young age when they’re being devalued, when adults aren’t invested enough to help them learn.",41.401039123535156,4.854895947501063,5.371488777843757,4.9862401598088795,5.128404058869328,40,28
becoming_michelle,Their anger over it can manifest itself as unruliness.,71.40145111083984,5.6145971814791364,6.157881568832779,6.3944562209977045,7.01748953155002,12,9
becoming_michelle,It’s hardly their fault.,496.6488952636719,7.454932280949184,8.956079631403188,6.840757071971893,6.5376531614800495,7,4
becoming_michelle,They aren’t “bad kids.” They’re just trying to survive bad circumstances.,185.04017639160156,5.396671553565697,7.531663941650683,5.571118101308292,7.168094566177442,22,11
becoming_michelle,"At the time, though, I was just happy to have escaped.",16.901378631591797,6.444972052023961,4.079069339139682,6.62594489346851,4.163235383100476,13,11
becoming_michelle,"But I’d learn many years later that my mother, who is by nature wry and quiet but generally also the most forthright person in any room, made a point of seeking out the second-grade teacher and telling her, as kindly as possible, that she had no business teaching and should be working as a drugstore cashier instead.",42.84865188598633,5.694219238896455,5.4211488654958515,5.900389873787587,5.358516068050137,70,57
becoming_michelle,"s time went by, my mother started nudging me to go outside and engage with kids in the neighborhood.",40.64155578613281,5.7444661767000245,5.344882450549485,5.92362376086806,5.633794542021067,21,19
becoming_michelle,She was hoping that I’d learn to glide socially the way my brother had.,237.610107421875,5.830989164464614,7.892341561193615,6.000470846891403,6.898531326905291,17,14
becoming_michelle,"Craig, as I’ve mentioned, had a way of making hard things look easy.",83.97127532958984,7.327504105038113,6.391748531615666,7.396234581103692,5.343693225083062,18,13
becoming_michelle,"He was by then a growing sensation on the basketball court, high-spirited and agile and quickly growing tall.",56.49900817871094,6.199762533588165,5.820153281866353,6.754723691148683,6.20399543011848,22,18
becoming_michelle,"My father pushed him to seek out the toughest competition he could find, which meant that he would later send Craig across town on his own to play with the best kids in the city.",38.02216339111328,6.2051783170964985,5.248768457782994,6.235622770445687,5.29058448342814,36,35
becoming_michelle,"But for now, he left him to wrangle the neighborhood talent.",101.04714965820312,6.8466037053328295,6.658883142796983,7.2558758367191665,7.454628192580517,13,11
becoming_michelle,"Craig would take his ball and carry it across the street to Rosenblum Park, passing the monkey bars and swing set where I liked to play, and then cross an invisible line, disappearing through a veil of trees to the far side of the park, where the basketball courts were.",43.28700637817383,6.228704925094332,5.435862227794439,6.348334844112396,5.498612069933668,56,50
becoming_michelle,"I thought of it as an abyss over there, a mythic dark forest of drunks and thugs and criminal goings-on, but Craig, once he started visiting that side of the park, would set me straight, saying that really nobody over there was all that bad.",57.1732063293457,5.944045547412878,5.837265564300291,6.239256068190766,6.289083614173266,55,45
becoming_michelle,"Basketball, for my brother, seemed to unlock every frontier.",333.02197265625,7.05588165918986,8.379471762186977,6.413975750958478,8.134501270577505,12,9
becoming_michelle,It taught him how to approach strangers when he wanted to snag a spot in a pickup game.,48.815547943115234,5.64562185605367,5.609268906541987,5.64562185605367,5.609268906541987,18,18
becoming_michelle,"He learned how to talk a friendly form of smack, trash-talking his bigger, faster opponents on the court.",87.7998275756836,6.142441782084378,6.456145056937873,6.360627792499683,6.712991433470118,22,18
becoming_michelle,"It helped, too, to debunk various myths about who was who and what was what around the neighborhood, reinforcing the possibility —something that had long been a credo of my dad’s—that most people were good people if you just treated them well.",54.91996765136719,5.702997991671929,5.779256432358425,5.915764958612503,5.552123601443882,52,42
becoming_michelle,"Even the sketchy guys who hung out in front of the corner liquor store lit up when they spotted Craig, calling his name and high-fiving him as we passed by.",41.53861618041992,5.723576927185059,5.376381194051928,5.915395598113537,5.759331434964229,35,30
becoming_michelle,"“How do you even know them?” I’d ask, incredulous.",132.6178436279297,5.887913697644284,7.051131075961528,5.682754576206207,6.320010772242419,19,9
becoming_michelle,"They just know me,” he’d say with a shrug.",306.0977783203125,5.985794536272684,8.257820690991862,6.161978559361564,6.824292589552638,15,9
becoming_michelle,"I was ten when I finally mellowed enough to start venturing out myself, a decision driven in large part by boredom.",53.253299713134766,4.502007467361788,5.7347979750931755,4.721969740376586,6.0789327915807005,24,21
becoming_michelle,It was summer and school was out.,65.51634216308594,6.857097659792219,6.033782690368495,6.857097659792219,6.033782690368495,7,7
becoming_michelle,"Craig and I rode a bus to Lake Michigan every day to go to a rec camp run by the city at a beachfront park, but we’d be back home by four, with many daylight hours still to fill.",93.48751831054688,6.539724598990547,6.5464418503024655,6.647672093831575,6.277138581111062,45,39
becoming_michelle,"My dolls were becoming less interesting, and without air- conditioning our apartment got unbearably hot in the late afternoons.",111.09691619873047,5.03193281588261,6.795671943622491,5.84207187800948,8.306704986728167,25,19
becoming_michelle,"And so I started tailing Craig around the neighborhood, meeting the kids I didn’t already know from school.",137.1269989013672,5.505196349897786,7.09929088988236,5.799284049659036,6.27401660325182,23,18
becoming_michelle,"Across the alley behind our house, there was a mini housing community called Euclid Parkway, where about fifteen homes had been built around a common green space.",58.418670654296875,5.926519648234049,5.868356760229544,6.0337979263729515,6.0371100561007545,30,27
becoming_michelle,"It was a kind of paradise, free from cars and full of kids playing softball and jumping double Dutch or sitting on stoops, just hanging out.",85.33463287353516,5.872269147137801,6.415058416089088,6.096879963977979,6.829207610404446,30,26
becoming_michelle,"But before I could find my way into the fold of girls my age who hung out at the Parkway, I faced a test.",61.67917251586914,6.394984493255615,5.94670959976293,6.392457902431488,6.124922135860213,25,24
becoming_michelle,"It came in the form of DeeDee, a girl who went to a nearby Catholic school.",32.299320220947266,6.612192015506719,5.013430196346484,6.538946426939219,5.301075994061925,19,16
becoming_michelle,"DeeDee was athletic and pretty, but she wore her face in a pout and was always ready with an eye roll.",46.12815475463867,6.4651971734487095,5.527575135269158,6.565310021241506,5.5120911669501105,26,21
becoming_michelle,"She often sat on her family’s stoop next to another, more popular girl named Deneen.",159.22848510742188,6.419828781350092,7.314916873737865,6.7246408485704,6.761422189312654,22,15
becoming_michelle,"Deneen was always friendly, but DeeDee didn’t seem to like me.",118.01081848144531,6.668502665615003,6.88272931526653,6.726796840268159,6.501182991128198,19,11
becoming_michelle,I don’t know why.,241.17291259765625,5.392770417832902,7.91385584607949,6.342538948985748,6.412667086247582,7,4
becoming_michelle,"Every time I went over to Euclid Parkway, she’d make quiet, cutting remarks, as if just by showing up I’d managed to ruin everyone’s day.",99.27731323242188,5.616436138749123,6.633343961982622,5.70877298951149,6.681099148703737,38,25
becoming_michelle,"As the summer went on, DeeDee’s comments only grew louder.",98.97881317138672,6.490451626479626,6.629043863004332,6.239659472306569,5.362705527574021,16,10
becoming_michelle,My morale began to sink.,151.38790893554688,6.266727566719055,7.24210186011985,6.266727566719055,7.24210186011985,5,5
becoming_michelle,I understood that I had choices.,78.52725219726562,6.607652982076009,6.295120345925874,6.607652982076009,6.295120345925874,6,6
becoming_michelle,"I could continue on as the picked-on new girl, I could give up on the Parkway and just go back to my toys at home, or I could attempt to earn DeeDee’s respect.",87.38362121582031,6.422012455406643,6.44926338532767,6.50236999326282,6.403182556848338,42,33
becoming_michelle,"And inside that last choice lay another one: I could try to reason with DeeDee, to win her over with words or some other form of kid diplomacy, or I could just shut her up.",51.73601150512695,6.165569219738245,5.69309636737449,6.293924482379641,5.911123257963656,40,35
becoming_michelle,"The next time DeeDee made one of her remarks, I lunged for her, summoning everything my dad had taught me about how to throw a punch.",53.40544128417969,6.078187958848092,5.738911738862431,6.1097810587439785,5.81213939706645,31,26
becoming_michelle,"The two of us fell to the ground, fists flailing and legs thrashing, every kid in Euclid Parkway instantly clustered in a tight knot around us, their hollers fueled by excitement and grade school bloodlust.",97.91995239257812,5.8680550852282485,6.613525398902682,6.14749575306972,6.948988234946214,44,35
becoming_michelle,"I can’t remember who finally pulled us apart, whether it was Deneen or my brother or maybe a parent who’d been called to the scene, but when it was done, some sort of silent baptism had taken place.",60.158626556396484,6.19374118684506,5.91069051176773,6.3974680049639,5.653189504039839,49,38
