condition,text,perplexity,mean_entropy,mean_surprisal,mean_word_entropy,mean_word_surprisal,n_tokens,n_words
anne_frank,"Why is it, I often ask myself, that everyone still thinks I’m so pushy and such a know-it-all?",46.79082489013672,5.546152840501496,5.547991611413296,6.418218356909024,6.048403584019814,28,18
anne_frank,"In addition, it mentions Eva’s menstruation.",533.3262329101562,6.367359638214111,9.058866677459065,6.513016472260158,9.682493615960816,11,6
anne_frank,Maybe this time they’ll be unpredictable in the right direction for a change.,205.98641967773438,6.684489205479622,7.686237060394524,6.652004906764398,6.710879746784144,16,13
anne_frank,It must be one of the reasons none of them like to go up there.,29.708452224731445,5.680755217870076,4.892801521276327,5.680755217870076,4.892801521276327,15,15
anne_frank,We thought it was anything but that.,35.037330627441406,5.70923924446106,5.1308202638844564,5.70923924446106,5.1308202638844564,7,7
anne_frank,"To put on my shoes I must off my toes, Dh dear, I’m plagued with so many woes!” Margot had trouble getting the part about food to rhyme, so I’m leaving it out.",160.99290466308594,6.51230473879804,7.330794415608041,6.872564391882131,7.300783560258531,47,33
anne_frank,"I was upstairs by eight, and Peter and I looked at his presents.",94.12429809570312,5.918355226516724,6.556495496673057,5.987008213996887,6.847941593944176,14,13
anne_frank,"Not only were we not allowed to run water during the day, but the bathroom was also off-limits.",18.026288986206055,6.020118652355103,4.17203099594116,6.604704736007585,4.697778869309093,21,18
anne_frank,"My lighter, more superficial side will always steal a march on the deeper side and therefore always win.",142.43580627441406,7.837499794207122,7.154167387032445,7.773480786217584,7.337289430566339,19,18
anne_frank,"Oh, Anne, how terribly shocking!",208.09646606445312,7.1442157200404575,7.701106239457914,6.942179584503174,8.035219747183877,7,5
anne_frank,"I said that he often pats me on the cheek, which I don’t like.",67.0458755493164,5.020610135146661,6.066973214458541,5.269795273663476,5.483140460575663,19,14
anne_frank,"I’ve copied it out on nice notepaper, decorated it with red ink and sewn the pages together.",159.9090118408203,6.281967724363009,7.321104849574513,6.450601654894212,6.299758425946124,24,17
anne_frank,"The first half of 1943 brought crying spells, loneliness and the gradual realization of my faults and short-comings, which were numerous and seemed even more so.",95.46818542480469,6.280628116925557,6.5769464262603785,6.582913788465353,7.018619045210623,30,26
anne_frank,"He was waiting for me again this morning, and I expect he will be from now on.",27.777494430541992,5.640074749787648,4.795844240550502,5.668705673778758,4.946878289059342,18,17
anne_frank,The only mode of transportation left to us is the ferry.,29.85141944885254,7.475897268815474,4.899727089079121,7.475897268815474,4.899727089079121,11,11
anne_frank,At least she’s learned not to respond to your interminable sermons.,195.51687622070312,6.040218700380886,7.610953196715279,6.418178110411673,6.951580257232212,17,11
anne_frank,"Unfortunately, a couple of Allied airmen had to jump out of their burning plane.",30.585250854492188,6.732040882110596,4.9347621277901945,6.624760201999119,5.0728644620333005,16,14
anne_frank,“You have no business talking about your rights to the room.,90.70938873291016,7.9510345092186565,6.503180361225168,7.664367256742534,5.991715509519679,13,11
anne_frank,"I hope so, oh, I hope so very much, because writing allows me to record everything, all my thoughts, ideals and fantasies.",46.780250549316406,5.236154838844582,5.54782758956681,5.134960673072121,5.564484138666014,27,22
anne_frank,"Oh, there’s still so much to find out and learn.",95.80679321289062,5.901453103337969,6.582040248866795,5.620681345462799,5.124847081776105,14,10
anne_frank,I began thinking about the subject while chewing the tip of my fountain pen.,74.68428039550781,5.666784831455776,6.222730748273319,5.666784831455776,6.222730748273319,14,14
anne_frank,For the first time in his life he’s given himself and his friendship to another person.,53.45359420776367,6.432262922588148,5.73994209955472,6.219227224588394,4.524916101629056,19,16
anne_frank,The three of us waited while Father and Peter went downstairs.,168.7271728515625,6.743132840503346,7.398548618072028,6.743132840503346,7.398548618072028,11,11
anne_frank,"Starting Monday, Miep’s taking a week of vacation.",311.1490478515625,7.377027205058506,8.281459722743673,7.019483144084613,6.865432913731249,14,8
anne_frank,Neither Peter nor I has any such plans.,110.10895538330078,8.089295566082,6.782787581224998,8.089295566082,6.782787581224998,8,8
anne_frank,"I look back at that Anne Frank as a pleasant, amusing, but superficial girl, who has nothing to do with me.",54.80758285522461,6.7306312421957655,5.776300450977171,6.610817080452328,5.932144274946715,24,21
anne_frank,"This was followed by a loud boom, which sounded as if a firebomb had landed beside my bed.",33.500972747802734,5.470504194498062,5.066131362667665,5.593724429607391,5.062676948069321,20,18
anne_frank,"Even though it’s Saturday, I’m not bored!",201.83956909179688,6.40354187147958,7.656670434897282,6.663664051464626,7.232406025829903,14,7
anne_frank,"We, who’d had nothing but two spoonfuls of hot cereal for breakfast and were absolutely famished; we, who get nothing but half-cooked spinach (for the vitamins!)",106.33769226074219,6.391969520402582,6.732481413714537,6.745904284983109,6.909102409873873,38,26
anne_frank,An elephant’s tread is heard on the stairway.,379.3183898925781,7.603512565294902,8.56726272081889,7.8815164268016815,7.85671958408929,12,8
anne_frank,"From Daddy and Mama I got a blue blouse, a game, a bottle of grape juice, which to my mind tastes a bit like wine (after all, wine is made from grapes), a puzzle, a jar of cold cream, 2.50 guilders and a gift certificate for two books.",47.39837646484375,5.935823040207227,5.56676457253236,6.176974035385581,5.752229681661987,60,48
anne_frank,"If Mr. Dussel’s just read me the riot act, Mother lectures me all over again, this time throwing the whole book at me.",176.64344787597656,6.589776135260059,7.464646242690358,6.564979595550591,6.741659016347832,31,23
anne_frank,They had no right to swing me back and forth like a pendulum on a clock.,34.19062423706055,5.584872032351353,5.0955280844178725,5.784091361099854,5.240968162674067,17,16
anne_frank,Moments later I felt his mouth and his wonderful cheek!,238.6031036376953,7.180610331622037,7.898468163786469,7.004794812202453,7.936369538938514,11,10
anne_frank,Margot and I exchange another glance.,174.78790283203125,9.058235611234393,7.449461289514091,8.721872925758362,7.452958678762601,7,6
anne_frank,"Yours, Anne FRIDAY, NOVEMBER 20, 1942 Dearest Kitty, We don’t really know how to react.",91.48126983642578,6.152989139913449,6.515382455382846,6.165530660769178,6.521826276189938,28,15
anne_frank,"I do my best to clean it, but since the dishcloth was also purchased before we went into hiding and consists of more holes than cloth, it’s a thankless task.",103.6859359741211,5.348874266083176,6.696033346886727,5.522324458758036,6.7884204459852695,37,30
anne_frank,"He’d pick me up on the way home, or I’d pick him up.",36.085960388183594,5.62844647243619,5.173364602988204,5.105379536747932,3.9822712795781543,20,13
anne_frank,"The plumber was at work downstairs on Wednesday, moving the water pipes and drains from the office bathroom to the hallway so the pipes won’t freeze during a cold winter.",87.01551055908203,6.099093602757368,6.443152529468555,6.226012912004565,5.999917293171664,35,30
anne_frank,"“No, thank you, ma’am,” I reply.",282.12847900390625,6.398049026727676,8.14020800139168,5.751627907866523,6.919403430613286,16,6
anne_frank,"“Sure,” he said, “go ahead.",157.3387451171875,6.584795007338891,7.297729567186584,5.986504487196604,5.109524977249072,13,5
anne_frank,It won’t take long before I explode with pent-up rage.,125.21781921386719,5.462711375951767,6.968270128188442,6.166469432413578,6.969984755272604,15,10
anne_frank,Is he really the way he seemed yesterday?,58.118431091308594,6.529358863830566,5.860923971125972,6.529358863830566,5.860923971125972,8,8
anne_frank,"Every morning when I heard footsteps on the stairs, I hoped it would be Mother coming to say good morning.",35.71095657348633,5.175726862180801,5.158295021945916,5.252182990312576,5.376696983297655,21,20
anne_frank,"During her first vacation she goes to Lake Como, where she runs into Hans.",51.94248962402344,6.586873777210712,5.698842631586973,6.878008686360858,6.252342644784693,16,14
anne_frank,"Pants that come up to his chest, a red jacket, black patent-leather slippers and horn-rimmed glasses— that’s how he looks when he’s at work at the little table, always studying and never progressing.",77.22715759277344,6.358117974271961,6.271031811126389,6.855792400060278,6.623328022983921,51,33
anne_frank,"The doorbell’s ringing, Hello’s here, time to stop.",195.70892333984375,6.6517042903339165,7.612286675430594,6.780321794003248,7.010406622332773,17,8
anne_frank,"I’d want to have the feeling that he understood me through and through, even if I didn’t say much.",51.55002975463867,5.438369967903082,5.687900833809182,5.375444004900362,4.994429948444586,26,19
anne_frank,"Yours, Anne M. Frank SATURDAY, APRIL 15, 1944 Dearest Kitty, “There’s just one bad thing after another.",152.80081176757812,6.6716299472609535,7.25550518578287,6.80797549863072,7.464729918584503,32,17
anne_frank,"We did have fuses, but the fuse box was at the rear of the dark warehouse, which made this a particularly unpleasant job at night.",50.292510986328125,6.167720326355526,5.652271940480825,6.1673185125986745,5.869057649230404,28,25
anne_frank,You should have seen Peter’s face.,297.2895202636719,7.7712357838948565,8.215717332284356,7.573350429534912,7.0444530520455695,9,6
anne_frank,"Mrs. van Daan wanted to save a piece of bread for her darling son, but Mr. van D. was adamant.",43.86308670043945,6.219240061119199,5.454935316732246,6.0579185136128215,5.643521323022102,25,20
anne_frank,"He offered us 400 guilders for our chest; in our opinion, the other estimates are also too low.",113.13447570800781,6.922421398616972,6.821894602894144,7.065857940249973,7.112712767079903,21,18
anne_frank,"The atmosphere is stifling, sluggish, leaden.",131.75218200683594,5.835122728347779,7.04168129691961,6.710053026676178,7.710263457699969,10,6
anne_frank,Dussel is beginning to long for female companionship.,102.45225524902344,6.757317488843745,6.6788063836164895,6.551987913747628,7.2330668045256825,11,8
anne_frank,"In any case, they can get married only after the war, since Bertus is in hiding, or at any rate has gone underground.",57.80583953857422,5.982985677542509,5.853141419052565,6.092286441637122,6.040772645882226,27,23
anne_frank,Going underground or into hiding has become as routine as the proverbial pipe and slippers that used to await the man of the house after a long day at work.,60.490806579589844,6.372537932629066,5.918643350522093,6.3953281845276555,5.958420750316633,31,30
anne_frank,"Since we’ve been here, from July 1942 until a few weeks ago, I haven’t had an easy time.",46.64633560180664,5.315786503828489,5.543556269808665,5.5077467444870205,5.217272918695951,26,18
anne_frank,"You haven’t met Boche yet, despite the fact that she was here before we went into hiding.",118.96730041503906,6.305096478794109,6.894398803946104,6.338816314552198,5.90729949118727,22,17
anne_frank,Mr. Voskuijl did the carpentry work.,130.00318908691406,6.981416329741478,7.022401767298937,6.2334244420131055,6.992419115496382,12,6
anne_frank,“Don’t open the door!” exclaimed Margot to stop me.,341.7160339355469,6.380085084173414,8.416648011803671,6.530777196089427,6.781133351150182,18,9
anne_frank,"Mr. van Daan hadn’t gotten the jars hot enough when he was sterthzing them, so Father ended up making jam every evening.",358.7720031738281,6.101900947280228,8.486861813250968,6.09693676171909,8.417111915355207,30,22
anne_frank,"They first had to carefully weigh all the difficulties and risks, though Miep was ready to set off immediately with me in tow.",81.18177795410156,6.422579283897694,6.343083520106611,6.261778339095738,6.236384238851842,26,23
anne_frank,"Meanwhile, the hundred guilders have been stolen.",205.2169189453125,7.913333151075575,7.681002852658531,7.975216218403408,8.633428057216618,9,7
anne_frank,"Yours, Anne MONDAY, SEPTEMBER 21, 1942 Dearest Kitty, Today I’ll tell you the general news here in the Annex.",128.45736694335938,6.460301734041423,7.005120625730767,6.517226011868108,6.726568350252235,32,19
anne_frank,Maybe I should ask Mr. van Daan to build me a cubbyhole in the attic.,45.46417236328125,6.611985181507311,5.506658640676356,6.805922158559164,5.9117835707998365,19,15
anne_frank,"When it’s time for his bath, he goes around to each of us in turn and announces that we shouldn’t walk past the kitchen for the next half hour.",45.390316009521484,5.981111453639136,5.504275058849728,6.18421746122426,5.3150326240743,36,29
anne_frank,"When you’re ready to come back down, just knock and I’ll open it for you.” I thanked him, went upstairs and spent at least ten minutes searching around in the barrel for the smallest potatoes.",84.20137786865234,5.44527664910192,6.395685908921124,5.347424922670637,6.163859325520589,46,35
anne_frank,"“One less page for his sweetheart tomorrow,” I hear her say.",360.9324951171875,7.885054553256316,8.495586148881026,7.8183182956594415,7.9527358547306655,17,11
anne_frank,"I didn’t understand why he didn’t flirt with me, but now I’m glad.",28.78884506225586,4.453636210330802,4.847409481057401,4.998074769723014,4.154456248538921,23,13
anne_frank,"Just imagine, so much courage for such an old man he must be at least seventy!",84.06742858886719,6.2709824758417465,6.393474724050268,6.266998708248138,6.340109370074978,17,16
anne_frank,"This tricky question elicited a variety of responses: “It’ll be impossible to walk or ride a bike, so we’ll have to wade through the water.” “Don’t be silly.",37.85566711425781,5.5379694591586786,5.24243721084596,5.887575859647422,5.42225274229768,48,28
anne_frank,"Today we heard that Mr. van Daan’ s ashtray, Mr. Dussel’s picture frame and Father’s bookends were made by none other than Mr. Voskuijl.",94.71499633789062,6.664530334913212,6.565519351842485,6.537030893491789,6.778750496435589,46,24
anne_frank,I don’t think anyone knows what’s going on in Russia.,49.725196838378906,5.232894513756037,5.635875818252623,5.4456276297569275,4.916039604388431,16,10
anne_frank,Peter felt called upon to defend himself against my accusation.,65.0807113647461,6.418986296653747,6.02415798087628,6.418986296653747,6.02415798087628,10,10
anne_frank,"I seem to be indifferent to Mother’s tears and Father’s glances, and I am, because both of them are now feeling what I’ve always felt.",70.57939147949219,5.817004448837704,6.141173292961835,6.190476830005646,5.780579333547617,36,25
anne_frank,"I forced Peter, more than he realizes, to get close to me, and now he’s holding on for dear life.",61.60677719116211,5.251295484029329,5.9449889472721145,5.159532424807549,5.466347028740698,26,20
anne_frank,"I still have hopes that they’ll come up with a substitute, made of tin or copper or some such thing, to remind the neighborhood of the clock.",90.06702423095703,6.18666260689497,6.492527051408931,6.319065133730571,5.965211846772276,32,27
anne_frank,"* [Acts like a schoolgirl, looks like a frump.]",133.478759765625,7.721505003316062,7.060465772116493,8.001598514892436,6.453057083945868,14,9
anne_frank,"He’s an obnoxious boy who lies around on his bed all day, only rousing himself to do a little carpentry work before returning to his nap.",77.33277130126953,6.186296133324504,6.2730073515496265,6.110386815208655,5.899859616371762,32,26
anne_frank,"), headache, stomachache and anything else you can imagine.",30.877248764038086,4.810392574830488,4.948466638084019,4.964701877699958,5.153697710693091,11,9
anne_frank,They’re clearly intending to cut off the peninsula where Cherbourg is located.,230.29434204101562,6.816345438361168,7.847333562095821,6.485213880737622,6.970770978960769,16,12
anne_frank,"She complains all day long, constantly demands that the bandages be changed and is generally dissatisfied with everything.",84.24378967285156,6.269246113300324,6.3964982551885985,6.294460038344066,6.430459350440103,20,18
anne_frank,I now know that courage and happiness are needed first!,166.0939483642578,6.646449875831604,7.375854963517552,6.646449875831604,7.375854963517552,10,10
anne_frank,It all boiled down to this: Mr. Dussel had recommended the book to Margot and me as an example of excellent writing.,45.583030700683594,6.264401766988966,5.5104246878308905,6.1707504084616005,5.443442593298447,27,22
anne_frank,"I had watching him put the meat through the grinder: once, twice, three times.",55.29054260253906,6.20517400238249,5.788960189951339,6.5812897597040445,5.9598415448975635,18,14
anne_frank,"Not that I’m thinking of marrying him, mind you.",110.19824981689453,6.085605337069585,6.783825399972276,6.003853095902337,5.289288146066624,13,9
anne_frank,"At twelve-thirty he came to look at the presents and hung around chatting longer than was strictly necessary, something he’d never have done otherwise.",100.47280883789062,5.417424075065121,6.650579661590821,5.5852865142126875,6.479299340905786,31,24
anne_frank,This you can take from me.,41.59074401855469,7.118116617202759,5.37819037039209,7.118116617202759,5.37819037039209,6,6
anne_frank,"Mrs. van Daan and Dussel, my two chief accusers, are known to be totally unintelligent and, not to put too fine a point on it, just plain “stupid”!",54.60466003417969,5.793820469705171,5.7709477804191565,5.7983883657448345,5.875912470348055,43,28
anne_frank,It took me five days to read fifty pages.,45.52384948730469,5.305813021130032,5.50855103304645,5.305813021130032,5.50855103304645,9,9
anne_frank,One small act of carelessness and we’re done for!,404.2246398925781,7.409028310042161,8.658981873832435,7.52459258503384,7.779446952234151,13,9
anne_frank,"Because she loved me, she was tender and affectionate, but because of the difficult situations I put her in, and the sad circumstances in which she found herself, she was nervous and irritable, so I can understand why she was often short with me.",19.034467697143555,4.887444630082624,4.250542445442316,5.177729820931387,4.60371720860962,51,44
anne_frank,All the cardboard boxes that had been sent to the office in the last few months were piled on the floors and beds.,28.57633399963379,6.954390909360803,4.836748232771522,6.954390909360803,4.836748232771522,23,23
anne_frank,We’re like a bunch of little kids with a present.,172.40716552734375,8.077679189351889,7.429673968535766,7.9939511835575106,5.793947528994223,13,10
anne_frank,"I was with friends all day Thursday, we had company on Friday, and that’s how it went until today.",82.22242736816406,5.746661712725957,6.360973449290472,5.834728240966797,5.880941781145227,24,19
anne_frank,"We’re stuck in this house like lepers, especially during winter and the Christmas and New Year’s holidays.",117.94364166259766,6.192205259799957,6.881952568349631,5.960981421610889,5.978005758954624,25,17
anne_frank,"Was it one of our own warehouse employees, and will he turn us in, now that he’s heard Mr. van Daan and maybe even seen him?",153.95703125,6.219342881982977,7.266306785449486,6.351459209735577,6.90094609725244,33,26
anne_frank,I pricked my right thumb with the blunt end of a big needle.,33.608150482177734,6.195071339607239,5.0707389641627945,6.235407774264996,5.273466061327773,14,13
anne_frank,"Much to our amusement, Mrs. van Daan was carrying a hatbox with a large chamber pot inside.",94.52265930175781,7.086402450289045,6.562587980951489,7.277568473535426,6.824415424927728,21,17
anne_frank,He told us that the County Clerk’s Office took an extra beating because the firemen flooded the entire building instead of just putting out the fire.,100.29890441894531,6.327534851431847,6.648146848340767,6.483990461780475,6.025722232422887,30,26
anne_frank,"Outside, where you’re free, things are quite different.",163.36973571777344,6.83230499120859,7.35184065663708,6.501330867409706,5.417565124608988,13,8
anne_frank,"For a whole month I’ve saved up the sugar I put on my hot cereal, and Mr. Kleiman has used it to have fondant made.",115.50428771972656,6.669432878494263,6.851694428050612,6.7603904914855955,6.498222651926247,32,25
anne_frank,"Yours, Anne SATURDAY, MAY 1, 1943 Dearest Kitty, Yesterday was Dussel’s birthday.",238.39715576171875,7.060511224269867,7.89717220392443,6.770691209783156,8.399125113962286,25,12
anne_frank,"It’s hard enough standing on your own two feet, but when you also have to remain true to your character and soul, it’s harder still.",33.17958450317383,5.460680682550777,5.052223542744117,5.395747585594654,4.842042611026484,33,25
anne_frank,I’m always the one who has to go upstairs; he never comes to me.,98.58273315429688,6.728671762678358,6.623262180733629,6.505634648459298,5.4181432007918175,18,14
anne_frank,"Like you, I long for freedom and fresh air, but I think we’ve been amply compensated for their loss.",84.91602325439453,6.165676870346069,6.407851444438044,6.225948026305751,6.034603305220673,25,19
anne_frank,"We often discuss the future, the past and the present, but as I’ve already told you, I miss the real thing, and yet I know it exists!",43.07999038696289,5.644065520342658,5.42880752826603,5.749435486616911,5.039774260137789,34,27
anne_frank,The situation is this: I’m not jealous of either you or Peter.,166.83213806152344,6.551506623625755,7.382181577331776,6.576523035764694,6.838793835299831,16,12
anne_frank,The radio has just announced that Algiers has fallen.,99.59219360351562,7.121574466878718,6.637960722962572,7.391895567929303,7.35517186649156,11,9
anne_frank,"From seven-fifteen to seven-thirty, from twelve-thirty to one, from two to two-fifteen, from four to four-fifteen, from six to six-fifteen, from eleven-thirty to twelve.",6.9996490478515625,3.092150583267212,2.807282763950959,3.550441475460927,3.594647661388098,50,24
anne_frank,And not telling a girl my age about grown-up subjects is fine.,145.88450622558594,6.341021810259138,7.1886828963980545,6.680092904302808,7.464035378220934,14,12
anne_frank,"He’s never had a friend before, boy or girl.",133.45718383789062,6.55342159821437,7.0602324953701805,6.011685676044888,5.408607734209735,13,9
anne_frank,"Thanks to rubber cement and oil paint, our toilet ; could quickly be repaired.",346.5042724609375,8.259015432993571,8.436714364087036,8.346211876188006,8.743609843198493,15,14
anne_frank,"“Too little exercise and fresh air,” in ours.",747.3768310546875,7.304326570951021,9.545687174170519,6.925809055566788,9.154657118494239,13,8
anne_frank,"It’s time you made a beginning, in-stead of looking down at others and always giving them the blame!",253.1753692626953,6.925512591997783,7.983992075630037,6.642362652001557,7.462091247106155,24,18
anne_frank,I’ve been more wrapped up in myself.,283.9385681152344,6.5327642381191255,8.1494321212306,6.04438932452883,6.895952770015906,10,7
anne_frank,"I used my tears to show off, to make myself seem important so he’d respect me.",178.94696044921875,5.889728045463562,7.483156041825209,6.123574823141098,6.461765626698767,20,16
anne_frank,"I’m boring you with all my break-ins, but what can I do when burglars take such pleasure in honoring Gies & Go.",247.1003875732422,6.116077008843422,7.948948213371691,5.87026554278352,7.762129807640614,30,22
anne_frank,"The best example of this is our own helpers, who have managed to pull us through so far and will hopefully bring us safely to shore, because otherwise they’ll find themselves sharing the fate of those they’re trying to protect.",55.07721710205078,6.0705672179659205,5.7831483622735105,6.0695214428007604,5.397380647072607,48,40
anne_frank,"After parachuting out of a flaming plane, how can anyone have such presence of mind?",65.79117584228516,5.770721477620742,6.039816633807518,5.8985854109128315,6.197315008109768,17,15
anne_frank,They aren’t consistent in their treatment of me.,231.08778381347656,6.772872159934857,7.8522369557513825,7.165292491845321,6.279277298984212,11,8
anne_frank,We seated ourselves on a packing crate.,190.37962341308594,6.684523173740932,7.572725051480342,6.684523173740932,7.572725051480342,7,7
anne_frank,"Every day the newspapers are filled with reward notices for the return of stolen typewriters, Persian rugs, electric clocks, fabrics, etc.",63.781776428222656,6.376901762792841,5.9950622208174105,6.988656520714154,6.281039962105256,28,21
anne_frank,I don’t get along with Margot very well either.,265.38232421875,4.83899150430583,8.051889608407649,5.023581311054942,7.023573672263739,13,9
anne_frank,Margot and I started packing our most important belongings into a schoolbag.,67.12898254394531,7.448926142283848,6.06886413658622,7.388099193572998,6.160692904469685,14,12
anne_frank,I hope Mother will never read this or anything else I’ve written.,288.0303649902344,6.183632167180379,8.170006942180782,6.393011386195819,7.131593148939548,15,12
anne_frank,He asks everything twice and still can’t remember what you’ve told him.,159.899169921875,5.211172873775165,7.32095968769271,5.678434548899531,6.856934679675237,18,12
anne_frank,"Anyone who’s ever had a cat that’s not housebroken can imagine the smells, other than pepper and thyme, that permeate this house.",64.75215911865234,6.107042201653575,6.016790501772472,6.629496153613383,6.330568447123611,33,22
anne_frank,"In bed at night, as I ponder my many sins and exaggerated shortcomings, I get so confused by the sheer amount of things I have to consider that I either laugh or cry, depending on my mood.",27.964942932128906,5.733963569626212,4.805546947962405,5.821031882553487,4.928106097431924,40,37
anne_frank,"They were deported on September 3, 1944, in the last transport to leave Westerbork, and arrived three days later in Auschwitz (Poland).",59.977577209472656,5.589775591061033,5.906351171469406,5.761864723581256,6.503463938003777,29,22
anne_frank,"This left me on my own to face the difficult task of improving myself so I wouldn’t have to hear their reproaches, because they made me so despondent.",51.23179626464844,5.270457142325384,5.678925063886523,5.796805286475101,5.717808896822061,35,28
anne_frank,"She laughed, cried, scolded and kicked, but nothing helped.",95.05310821533203,6.393878386570857,6.570661263630778,6.751696242226495,6.854377457329832,13,9
anne_frank,"They’re always saying how nice it is with the four of us, and that we get along so well, without giving a moment’s thought to the fact that I don’t feel that way.",32.95890426635742,5.323494050990451,5.042596048231679,5.344582828608426,4.369605509755704,44,33
anne_frank,"When I help him with French, he thanks me a thousand times.",49.645484924316406,5.4203453705861016,5.63359118491076,5.333460579315822,5.939063378008796,13,12
anne_frank,"Convinced, he let go of my arm.",34.777767181396484,6.66806900203228,5.120093488607583,6.6020191471491545,5.049214921527408,10,7
anne_frank,"I didn’t catch Peter’s reply, but it must have been insolent, because she cuffed him on the arm.",86.89791870117188,5.283040504969124,6.441223207418185,5.684288803030977,6.485663358847692,28,18
anne_frank,He had to think about that one; he said he’d tell me tonight.,122.8341293334961,6.214259428136489,6.940170727395602,6.349440106978784,5.800600379541341,17,13
anne_frank,"“Now we’re done for!” I’d whispered at that moment, but once again we were spared.",168.82704162597656,6.58474764559004,7.399391800507795,6.315010784069697,6.335306373686137,27,15
anne_frank,Bedtime always begins in the Annex with an enormous hustle and bustle.,98.37517547607422,6.451372011005878,6.620219861357876,6.788160375940303,6.972201102817022,15,12
anne_frank,"He claims that Mr. van Daan bawled him out, but he has only himself to blame.",43.93801498413086,5.5494148313466996,5.457397036755579,5.500396472518332,5.312478839272709,21,16
anne_frank,"Ilse Wagner is a nice girl with a cheerful disposition, but she’s extremely fInicky and can spend hours moaning and groaning about something.",153.50079345703125,6.443968922861161,7.2620498380819525,6.589189258174619,6.418423204234238,31,23
anne_frank,Miep Santrouschitz Gies is still living in Amsterdam; her husband Jan died in 1993.,386.3269958496094,7.315562214170184,8.593627584742954,6.90432915517262,7.117126477526853,21,14
anne_frank,Perhaps that’s the quickest way to die.,237.71583557128906,6.840790343284607,7.892866594502141,6.698333603995187,6.299203663935048,10,7
anne_frank,The bodies of both girls were probably dumped in Bergen-Belsen’s mass graves.,79.65167999267578,5.529086043568034,6.315627200407493,6.188090129367386,6.329493747648704,19,12
anne_frank,What must they be thinking?,53.173370361328125,6.564044761657715,5.732631830251606,6.564044761657715,5.732631830251606,5,5
anne_frank,Isn’t that a funny expression?,620.2182006835938,8.187021106481552,9.276630893279991,8.56117969751358,8.530030695422631,8,5
anne_frank,If only I had someone who took my feelings seriously.,44.28618621826172,6.415758156776429,5.468784530121209,6.415758156776429,5.468784530121209,10,10
anne_frank,"This morning I imagined I was in the front attic with Petel, sitting on the floor by the windows, and after talking for a while, we both began to cry.",39.06098556518555,5.8077550635618325,5.287655386221501,5.73240368101332,5.379149869520565,34,30
anne_frank,"Oh, I long to get my period—then I’ll really be grown up.",194.72239685058594,6.407300750414531,7.605241126154492,6.4209532207912865,7.004650371896655,18,12
anne_frank,"I wander from room to room, climb up and down the stairs and feel like a songbird whose wings have been ripped off and who keeps hurling itself against the bars of its dark cage.",37.537296295166016,5.870377590291594,5.230251923880779,5.880763342870133,5.105844724784425,38,35
anne_frank,You wouldn’t believe how much kale can stink when it’s a few years old!,169.52305603027344,5.943451982922852,7.405297894976383,6.308754659191306,7.035544125410534,20,14
anne_frank,"No light for fourteen days; that’s a pleasant thought, isn’t it?",152.59898376464844,5.923077171570377,7.253510604709274,6.837454512376677,7.60154149178305,19,11
anne_frank,"I said that my noise and exuberance and his silence were two sides of the same coin, and that I also liked peace and quiet but don’t have anything for myself alone, except my diary, and that everyone would rather see the back of me, starting with Mr. Dussel, and that I don’t always want to sit with my parents.",48.13753890991211,5.86286206813039,5.589084335103062,6.095165645025877,5.668811274533843,76,60
anne_frank,The task of compthng the expanded edition was given to the writer and translator Mirjam Pressler.,232.01878356933594,7.8646159887313845,7.858095916460266,8.159606277942657,7.826695503955916,20,16
anne_frank,I won’t say much about Father and me.,420.2940368652344,5.988475756211714,8.715238771824021,6.391055554151535,7.746157155712561,11,8
anne_frank,"Our weekly lunch menu consists of brown beans, split-pea soup, potatoes with dumplings, potato kugel and, by the grace of God, turnip greens or rotten carrots, and then it’s back to brown beans.",62.728858947753906,5.453613861203194,5.970883937391178,5.694973638262411,6.144739863550055,50,33
anne_frank,"I’d rather choose the golden mean, which isn’t so golden, and keep my thoughts to myself.",94.2771987915039,7.1921019703149796,6.558836268003302,7.493428492918611,6.497900242196861,24,16
anne_frank,I’m crazy about reading and books.,975.3442993164062,7.386611885494656,9.929765776843768,7.019768873850505,8.608453842628592,9,6
anne_frank,"Just the kind of thing the department stores wouldn’t dare sell in the olden days, now costing 24.00 guilders (Margot’s) and 7.75 guilders (mine).",112.18443298339844,5.941738174141695,6.809656784525676,6.347262179301147,7.0610933225701835,42,24
anne_frank,"Friday the drains were clogged, Saturday they were fixed.",126.21802520751953,5.916861333630302,6.979687588114289,6.389821165137821,7.22205589920157,11,9
anne_frank,And to think it might all happen soon!,76.96063995361328,5.803475260734558,6.2660493951131295,5.803475260734558,6.2660493951131295,8,8
anne_frank,"All those Dutch people who still look down on the British, scoff at England and its government of old fogies, call the English cowards, yet hate the Germans, should be given a good shaking, the way you’d plump up a pillow.",127.25662231445312,6.981860954027909,6.991579201901991,7.134800361423958,6.779186639265966,52,41
anne_frank,"FRIDAY, MAY 19, 1944 Dearest Kitty, I felt rotten yesterday.",110.17686462402344,6.6162984520196915,6.783676385033212,6.17169156074524,7.492751422492835,16,10
anne_frank,A minute or two later Mrs. van Daan came up from where she’d been listening to the radio and told us that Pim had asked her to turn it off and tiptoe upstairs.,58.54948806762695,5.60271017144366,5.871521853092095,5.431677250549047,5.469516996112914,41,33
anne_frank,"I walk from one room to another, breathe through the crack in the window frame, feel my heart beating as if to say, “Fulfill my longing at last... ” I think spring is inside me.",62.68313980102539,5.294036995280873,5.9700028342606855,5.39488901581083,5.715956693725544,44,35
anne_frank,"When that was done, Father opened the big cabinet.",101.6075210571289,6.610322308540344,6.666863222074443,6.801319532924229,6.520206191068939,10,9
anne_frank,He’s going to see a specialist soon.,175.95327758789062,7.180925011634827,7.459047193682329,6.683031763349261,5.981070041695354,10,7
anne_frank,Jan also said we should never go downstairs.,179.53472900390625,6.821099638938904,7.488118079800356,6.821099638938904,7.488118079800356,8,8
anne_frank,"She began rewriting and editing her diary, improving on the text, omitting passages she didn’t think were interesting enough and adding others from memory.",97.5783920288086,5.7532724293259285,6.608357254835995,6.018450333183864,6.027807179240118,30,24
anne_frank,"She didn’t come up again until eight, this time with her husband.",110.14340209960938,5.581959716160782,6.783221750922791,5.91175663692411,5.671763662545601,16,12
anne_frank,"It’s true, she didn’t understand me, but I didn’t understand her either.",28.502283096313477,5.089939516847548,4.8330049666169925,5.248523948248476,4.682687153747902,23,12
anne_frank,Mother’s against me and I’m against her.,114.29963684082031,6.887925624847412,6.8366759467325515,6.581668598311288,5.124247209680534,13,7
anne_frank,"My mother, Edith Hollander Frank, went with him to Holland in September, while Margot and I were sent to Aachen to stay with our grandmother.",45.73830032348633,5.984628439852686,5.515330563761815,6.076999386548996,5.5837588023913645,33,25
anne_frank,"Anne Frank WEDNESDAY, OCTOBER 7, 1942 I imagine that... I’ve gone to Switzerland.",103.47750091552734,6.012439525996645,6.6931625809847155,6.720515363033002,7.105624990551752,24,13
anne_frank,"In order for the many people in hiding to get their rations (you have to show this card to obtain your ration book or else pay 60 guilders a book), the registrar asked all those hiding in that district to pick up their cards at a specified hour, when the documents could be collected at a separate table.",69.31754302978516,5.940265964716673,6.115148227276325,6.000064739893222,6.206732905822709,64,58
anne_frank,"She was as devout as I am, maybe even more so, and she too wanted to do what was right.",18.455486297607422,5.4729930487546055,4.205977895777032,5.5430705606937405,4.1767976416970125,22,20
anne_frank,"No wonder the papers write every evening in big, fat letters: “Keep Prices Down!” MONDAY, JULY 26, 1943 Dear Kitty, Yesterday was a very tumultuous day, and we’re still all wound up.",128.0542755126953,6.176576728053505,7.000606622805,6.417993600020054,6.893495173536506,49,32
anne_frank,"I don’t think I’ll ever feel at home in this house, but that doesn’t mean I hate it.",21.63294792175293,4.578226615275655,4.4351414683769885,5.201121720174949,4.310804994175012,28,18
anne_frank,"Before long the smell of fire was everywhere, and outside it looked as if the city were enveloped in a thick fog.",21.383159637451172,5.845481683810552,4.418403560096917,6.090494559569792,4.713826363594863,24,22
anne_frank,"You see other boys and girls, you can go outdoors, take part in sports and all kinds of activities.",33.24886703491211,5.423559819658597,5.055233085035509,5.294188280638895,5.119517128463669,21,19
anne_frank,Today Mr. Dreher phoned the office and asked Mr. Kugler to come and see him.,27.01646614074707,5.851989093103579,4.755766290184947,5.933557320841485,4.723948040620693,21,15
anne_frank,"It all looks so intimate, cozy and peaceful, and for once it really is.",46.226524353027344,6.152342990040779,5.530648714749558,6.27683026450021,5.5879480770061365,16,14
anne_frank,"Yours, Anne FRIDAY, AUGUST 21, 1942 Dear Kitty, Now our Secret Annex has truly become secret.",167.15472412109375,6.693539423942566,7.38503895617497,6.7787161357700825,8.591999424978402,25,16
anne_frank,That night I really thought I was going to die.,12.75585651397705,5.249395626783371,3.673087441124557,5.249395626783371,3.673087441124557,10,10
anne_frank,It was pouring outside and she was glad she didn’t have to bicycle to work.,142.33375549316406,5.620565286371857,7.152991091162103,5.876826092926786,6.362686509615093,18,15
anne_frank,"I read a few prayers in German, just to be polite.",69.33668518066406,6.201066056887309,6.115546673291882,6.264230489730835,6.146017785314512,12,11
anne_frank,"Finally Peter and I leaned over the banister, straining our ears like a couple of burglars to hear the sounds from downstairs.",40.3004150390625,5.921896572009875,5.332722924756075,6.292325464895728,5.660971247714031,26,22
anne_frank,What’s even funnier is that I thought urine came out of the clitoris.,106.49560546875,6.2012339317136345,6.7346395320555565,6.190924269648699,6.234976091500911,18,13
anne_frank,Mr. Kugler is supplying us with more and more newspapers.,44.71036148071289,7.010269187963926,5.482536874693559,6.780206408103306,5.599915741016983,13,10
anne_frank,"Peter was romping around the room with Mouschi, the cat, while Mother, Margot and I were peeling boiled potatoes.",104.9527816772461,6.803828120783523,6.713592575949736,7.408386036230807,7.015382449867767,27,19
anne_frank,"Number nine is not part of our Annex family, although she does share our house and table.",149.2750701904297,6.502901395989789,7.221823767883399,6.615715700913878,7.384323487260523,18,17
anne_frank,"My face rumpled with sleep, I happened to run into Peter in the bathroom, just after he’d come downstairs.",114.65314483642578,6.2115715217590335,6.840847820994117,6.328910896652623,6.516683568269788,25,19
anne_frank,"Your predictions hardly ever come true, you know!” Mr. van D.: “So far they have.” Mrs. van D.: “No they haven’t.",70.34953308105469,5.096272689409745,6.136467897586866,5.192890826775322,5.7059500577049995,39,21
anne_frank,I didn’t trust anyone but myself.,194.20758056640625,5.4375404636893006,7.601383061007086,6.031137917966892,5.712943568254318,9,6
anne_frank,"Breakfast consists of plain, unbuttered brea and ersatz coffee.",119.32374572753906,6.103482979349792,6.8987347263122665,6.3370536794817,6.499204768909887,16,9
anne_frank,"Luckily, Mr. Kleiman is feeling better.",38.860679626464844,7.047682894600762,5.280239354852047,6.859132786591847,5.3539656777602005,9,6
anne_frank,"Number one: the Westertoren bells stopped chiming, and I’d always found them so comforting.",394.90936279296875,6.840114730240947,8.625362232989216,7.066089369667073,8.239127493069342,22,14
anne_frank,"With every cough, I had to duck under the blanket—once, twice, three times—and try to keep from coughing anymore.",28.45552635192871,5.835216263165841,4.830636359470307,5.8811132688271375,4.919602965342077,26,19
anne_frank,"In the distance a clock was tolling’ ‘Be pure in heart, be pure in mind!” I’m sentimental, I know.",210.94456481933594,6.681370683014393,7.720551416150416,6.979175282152076,6.540031930651794,32,19
anne_frank,"Yet I cling to them because I still believe, in spite of everything, that people are truly good at heart.",28.11056900024414,5.15354631265456,4.8130392662808426,5.290078584477305,4.992087929129121,22,20
anne_frank,"This incident may not have been very important, but these days everything gets on my nerves.",39.38093948364258,5.693901637021233,5.299425631436183,5.8361364006996155,5.52360317061807,17,16
anne_frank,"The political situation is improving, I’m extremely optimistic.” Mr. Dussel: “I must complete the task I’ve set for myself, everything must be finished on time.",71.37220764160156,5.529332674684978,6.157202331611322,5.5313304173946385,5.3639081399983715,42,25
anne_frank,Was anyone going to come back and turn it off?,33.30160903930664,5.783967506885529,5.057520080054396,5.783967506885529,5.057520080054396,10,10
anne_frank,"He was standing on the left side of the open window, so I went over to the right side.",14.89261245727539,5.6040699005126955,3.896524979949561,5.566497790186029,3.8560662458192128,20,19
anne_frank,"After all, I did give him an apple last night.",34.89134216308594,6.382271744988182,5.124797343870484,6.415357637405395,5.330136192427558,11,10
anne_frank,Anyone can put on a charming exterior when they want to.,63.31747817993164,6.702411044727672,5.984531606852843,6.702411044727672,5.984531606852843,11,11
anne_frank,"He can’t work anymore, and he’s just sitting at home, surrounded by his eight children, brooding about his approaching death.",45.83131790161133,5.590109394987424,5.518213898096317,5.75416172221303,5.196628039685555,30,20
anne_frank,Moortje is my weak spot.,409.79925537109375,7.707221916743687,8.678772145151225,6.8716139793396,7.866488290707629,7,5
anne_frank,I told myself I’d forgotten Peter and no longer liked him in the least.,331.4886779785156,5.7279034923104675,8.37232199261852,5.900151891367776,6.940228678472118,17,14
anne_frank,"In the summer of 1940 we didn’t do much for my birthday either, since the fighting had just ended in Holland.",112.41769409179688,5.586082515269518,6.812652971050953,5.855387522927707,6.393702860972392,25,21
anne_frank,"The cousin’s parents are rich, and the groom’s are even richer.",98.20167541503906,6.193831023242739,6.6176721586752185,6.874251388690689,6.893419469816309,18,11
anne_frank,"I’ll have to talk to your father about that.” He’s also not allowed to sit in Mr. Kugler’s office anymore on Saturday afternoons or Sundays, because the manager of Keg’s might hear him if he happens to be next door.",40.58648681640625,5.295948458339779,5.342927237800009,5.46264543212795,5.201453611373667,62,40
anne_frank,What do you think the learned gentleman’s reply was?,235.5394287109375,6.381529092788696,7.879817281474877,6.41744061311086,6.568153343858844,12,9
anne_frank,"Miep made our mouths water telling us about the food that was served: vegetable soup with meatballs, cheese, rolls with sliced meat, hors d’oeuvres made with eggs and roast beef, rolls with cheese, genoise, wine and cigarettes, and you could eat as much as you wanted.",66.71783447265625,5.916084393017715,6.059571169273382,5.831764222130828,5.393744732048797,62,46
anne_frank,"Suddenly, right above our heads, we heard Mrs. van D. leap up, as if she’d been bitten by Mouschi.",152.58384704589844,6.277772613934109,7.252916363741541,6.099143687047456,6.642155315273953,28,19
anne_frank,"I didn’t arrive home until five, since I went to gym with the rest of the class.",96.96224975585938,5.2644908634857055,6.599319764907601,5.420732434428133,5.472420161073918,21,17
anne_frank,"Mama always treats me like a baby, which I can’t stand.",143.2769317626953,6.011059030890465,7.1622554750545016,6.081933259963989,5.643740534993939,16,11
anne_frank,"Conclusion reached by the Annex while breakfasting at nine: this is a trial landing, like the one two years ago in Dieppe.",204.8688507080078,7.1206045013207655,7.67855089993188,7.346541020003232,8.107138689970487,26,22
anne_frank,It looks much more cheerful.,208.30662536621094,5.398529958724976,7.702564065857598,5.398529958724976,7.702564065857598,5,5
anne_frank,We long for Saturdays because that means books.,490.9950256347656,6.06817427277565,8.939558436460587,6.06817427277565,8.939558436460587,8,8
anne_frank,"He was afraid the house was going to be searched, so we w=nt through all the rooms, straightening up here and there and clearing the breakfast things off the table.",70.16310119628906,5.732566784960883,6.13264021251022,5.731704006261295,5.66747683986917,35,30
anne_frank,"“As long as you’re headed that way, I’ll go with you,” I said.",88.56527709960938,5.784378932714462,6.468650805637971,5.055868151096197,5.024497751736347,25,13
anne_frank,"I asked her whether, as proof of our friendiship, we could touch each other’s breasts.",263.39935302734375,6.0905155878175385,8.040918966949427,6.075040644407272,6.8317698945711856,22,15
anne_frank,Mr. van Daan and I are always at loggerheads with each other.,26.641279220581055,6.103825479870041,4.735591024750435,6.04621088760905,4.912707286068034,15,12
anne_frank,"Mr. van Daan slammed an ax against the floor, and all was quiet again.",66.69175720214844,6.458460457184735,6.059436066347317,6.184323668479919,6.068856480091922,17,14
anne_frank,"At the moment \ they’re all labeled “No Coupons Needed!” Like everything else you can purchase without ration stamps, they’re i totally worthless.",321.3525085449219,6.61518391402992,8.328006475281821,6.767638977368673,8.588395541906817,37,23
anne_frank,"MONDAY, AUGUST 23, 1943 Wenn Die Uhr Halb Neune Schlaat... * [* When the clock strikes half past eight.]",263.8721618652344,6.636024607345462,8.043691070513841,6.955107527866698,8.28708184450542,32,19
anne_frank,I wanted a friend who would help me find my way again.,26.603303909301758,6.1378737688064575,4.733533463317062,6.1378737688064575,4.733533463317062,12,12
anne_frank,"Dussel sits to the left of the radio, Mr. van D. in front of it and Peter to the side.",64.85112762451172,6.307430777549744,6.019059448190817,5.757389849424362,5.332229571493828,25,20
anne_frank,"I washed Mother’s hair this evening, which is no easy task these days.",143.69004821777344,5.30976371817729,7.166809280992754,5.04075799882412,6.874662217632799,17,13
anne_frank,"Mother and I are getting along better lately, but we’re never close.",130.43927001953125,6.260511875152588,7.026986447911215,6.575438141822815,5.828823924249711,16,12
anne_frank,"We gave him a bottle of good wine from 1919, the van Daans (who can now give their gift after all) presented him with a jar of piccalilli and a package of razor blades, and Mr. Kugler gave him a jar of lemon syrup (to make lemonade), Miep a book, Little Martin, and Bep a plant.",102.18455505371094,6.541968443909207,6.675032914909291,6.482399330252692,6.744611795296341,74,56
anne_frank,After our talk on Sunday he thought I’d stop going upstairs every evening.,501.72222900390625,6.309853866696358,8.97050333043625,6.379520122821514,8.042723362733403,16,13
anne_frank,Do we take any notice of this parental chitchat?,93.91735076904297,6.051528396254236,6.553316213243241,6.617352780092646,7.361623201807524,11,9
anne_frank,Mr. van Daan was with Father.,189.51907348632812,8.506919264793396,7.566198491291267,8.519186973571777,8.383525619834062,8,6
anne_frank,Have my parents forgotten that they were young once?,93.82881164550781,7.439020421769884,6.551959161178087,7.439020421769884,6.551959161178087,9,9
anne_frank,"“But in the matter of the cigarettes, Mother’s absolutely right.” I also told him about my mother.",162.49623107910156,7.21719788817259,7.344260999719212,7.257519425422537,6.449148259595954,26,17
anne_frank,Mrs. van D. was too scared to sleep.,81.05571746826172,7.241176867485047,6.340842282310824,6.937511220574379,6.053636224118871,10,8
anne_frank,It’s so funny to see how quickly Mrs. van Daan flushes.,240.4210662841797,7.356053268208223,7.9094190101171975,7.267336390235207,7.479814492297692,17,11
anne_frank,Somehow we landed on the subject of Pim’s extreme diffidence.,278.75970458984375,7.773655191063881,8.122867596389193,7.687182922363282,7.25160881532423,16,10
anne_frank,"At least that’s what they were supposed to be doing, but more was going into their mouths than into the buckets.",87.54280853271484,6.013383987545967,6.451816936685557,5.9875750236568,5.92633992375313,25,21
anne_frank,"I have to talk, help around the house, sit with the others and, above all, act cheerful!",74.08354187011719,5.665875843593052,6.211081624773832,5.615375666057362,6.038132350511997,21,17
anne_frank,"Yesterday, when Margot, Peter and I were peeling potatoes, the conversation somehow turned to Boche.",79.45097351074219,6.952787558237712,6.3119932073246225,7.102167071236504,6.66886729875652,21,15
anne_frank,From time to time I was quiet.,39.043827056884766,5.044914926801409,5.287022257552569,5.044914926801409,5.287022257552569,7,7
anne_frank,"All he said was, “Oh, it’s fine with me!” I can’t tell how much of his reply was due to shyness.",58.96718215942383,5.223430517741612,5.881840468599096,5.528567372333436,5.403237053870294,35,21
anne_frank,"As the airmen made their descent, the Germans sprayed them with bullets.",38.02438735961914,7.050471646445138,5.248853060096588,7.061104953289032,5.265957067206498,14,12
anne_frank,"Next door is a smaller room, the )edroom and study of the two young ladies of the family.",135.60873413085938,8.220293680826822,7.083292140332069,8.263461576567757,7.07206770846637,21,18
anne_frank,"It’s less work for the Russians and the British, and it allows them to start rebuilding their own cities all that much sooner.",85.97333526611328,6.716660938881062,6.425816710219039,6.495112364706785,5.8393214763507615,27,23
anne_frank,"He has “artistic leanings,” says Mother.",525.5159301757812,6.605074687645986,9.037552718276757,7.902959782878558,10.367038005294406,13,6
anne_frank,"In the book Soldiers on the Home Front I was greatly struck by the fact that in childbirth alone, women commonly suffer more pain, illness and misery than any war hero ever does.",63.45206832885742,5.182449066638947,5.987592086072145,5.137681392106143,6.095820756697218,35,33
anne_frank,"People who flush easily become even more agitated when they feel themselves getting hot under the collar, and they quickly lose to their opponents.",61.099430084228516,6.501178007125855,5.933084925458775,6.564912433425586,6.072400671054851,25,24
anne_frank,"We’ve forbidden Margot to cough at night, even though she has a bad cold, and are giving her large doses of codeine.",100.07413482666016,6.700510522928731,6.644922332204969,6.770104996521365,6.274892273736087,29,22
anne_frank,That she should think about all the other people in the world who are suffering!,23.73465919494629,6.38192933400472,4.568923786004002,6.38192933400472,4.568923786004002,15,15
anne_frank,"My eyes were clear and deep, my cheeks were rosy, which they hadn’t been in weeks, my mouth was much softer.",71.07243347167969,5.680496663370702,6.151142096548455,6.2470062756411995,5.9253010635513945,28,21
anne_frank,"Daddy says that if Mother isn’t feeling well or has a headache, I should volunteer to help her, but I’m not going to because I don’t love her and don’t enjoy doing it.",23.941238403320312,4.838786263870907,4.581329810079445,5.452065406134352,4.546752700758655,47,33
anne_frank,"TUESDAY, AUGUST 3, 1943 Dearest Kitty, Things are going well on the political front.",46.189422607421875,5.573429890654304,5.529488885147462,5.670502174645662,5.40757625805576,22,14
anne_frank,"No wonder he was so shaken, since petting a rat isn’t much fun, especially when it takes a chunk out of your arm.",63.96393966674805,5.749448902632014,5.999105169299371,5.891745564401271,5.408493425769717,29,23
anne_frank,"Stop being such a ninny, and let me get back to sleep!” Impossible.",137.1026153564453,5.993483338091108,7.099110121656872,6.170027072613056,6.563268409407759,18,13
anne_frank,When will it all end?” You can sure say that again.,116.47493743896484,6.014567783900669,6.863875159075097,6.377933935685591,6.077778290991594,14,11
anne_frank,"As she put it, “Where the ingredients go in is where the finished product comes out!” Jacque and I found out about the hymen, and quite a few other details, from a book on sex education.",73.8630142211914,6.152629037266192,6.206778996695931,6.387397794811815,5.836257842104342,46,36
anne_frank,It is not even the beginning of the end.,13.65696907043457,6.87966087129381,3.7715654661372295,6.87966087129381,3.7715654661372295,9,9
anne_frank,Will it do any good?,21.59882164001465,5.971523571014404,4.432880821054036,5.971523571014404,4.432880821054036,5,5
anne_frank,I’m sure now that Peter loves me too; I just don’t know in what way.,79.96282196044922,5.454411079260436,6.321256734717173,5.475098115454117,6.060681444916218,22,15
anne_frank,"Mrs. van Daan, the one who always said “Let them fall” and “Better to end with a bang than not to end at all,” is the most cowardly one among us.",62.49317932128906,6.733782521167467,5.965625769915835,6.809014977466676,6.080382017628785,43,31
anne_frank,Last week there was a brief interruption in our monotonous routine.,36.654075622558594,5.968138039112091,5.195901500663931,6.257195922461423,5.394036868078583,13,11
anne_frank,"Oh, it’s so terribly hard not to talk to Peter about these things, but I know I have to let him begin; it’s so hard to act during the daytime as if everything I’ve said and done in my dreams had never taken place!",38.97053146362305,5.14336445448654,5.284307335138415,5.212232405997136,5.342345163532984,56,44
anne_frank,"Oh, if only we were never disturbed again, not even by Mouschi.",153.78013610839844,6.259951400756836,7.264719445186527,6.206145683924357,7.261058322830014,15,12
anne_frank,"This time, however, instead of addressing me directly, she turned to my parents and said, “You must have a strange outlook on life to be able to say that to Anne.",36.0485725402832,5.510312377198322,5.17186900169427,5.72997269571148,5.024812828742636,37,31
anne_frank,For months we’d been moving as much of our furniture and apparel out of the apartment as we could.,66.57086181640625,5.657506016167727,6.056271296915142,5.6206738039066915,5.0801472642732035,22,19
anne_frank,"Yours, Anne M. Frank FRIDAY, JUNE 30, 1944 Dearest Kitty, Bad weather from one at a stretch to the thirty June* [Anne’s English.]",340.3417663574219,6.900218896175685,8.410837410566367,6.696770082478938,8.616263517182631,38,23
anne_frank,The British aren’t advancing beyond Cassino.,1845.5552978515625,6.995055248215794,10.849760852567687,7.864196539701273,11.010305357218778,10,6
anne_frank,"He’s an obnoxious, two-faced, lying, sniveling little goof who has an awfully high opinion of himself.",58.112361907958984,6.9416066476931935,5.860773010874667,6.804628674561779,5.6005202780567185,26,16
anne_frank,If Anne were my daughter... ” This is always how her tirades begin and end: “If Anne were my daughter... ” Thank goodness I’m not.,92.10569763183594,5.3658442662821875,6.525214933280565,5.3481971597671505,6.248125853959224,36,25
anne_frank,It won’t be easy to wangle new ones.,234.6981201171875,6.6404979377985,7.874631084850587,7.447152426466346,7.046337495889867,12,8
anne_frank,"Mrs. van D. lashed out wildly in all directions, cried (as much as you can with an instrument like that in your mouth), tried to remove it, but only managed to push it in even farther.",44.380096435546875,5.348250042824518,5.471840515428452,5.151314867867364,5.2560522282570705,42,36
anne_frank,But I wanted so much to help him!,58.333492279052734,5.555350065231323,5.866252649926587,5.555350065231323,5.866252649926587,8,8
anne_frank,Margot and I are sitting in the last row and Pim at the table.,50.75611114501953,7.557804629206657,5.665509867275694,7.2097402811050415,5.30816372600195,16,14
anne_frank,"It’s much easier now to tell Peter things I’d nor-mally keep to myself; for example, I told him I want to write later on, and if I can’t be a writer, to write in addition to my work.",71.53926849365234,6.115763212795611,6.1606625316453725,6.106847448960731,5.6826073125008385,54,38
anne_frank,In Dussel’s view the oranges that Kleiman so badly needs for his sick stomach will benefit his own stomach even more.,395.7818298339844,7.013092195546186,8.6284690330529,7.077425967133236,7.99772451952421,27,21
anne_frank,Why didn’t the burglar go to the warehouse?,245.07119750976562,6.439934205574294,7.936975975067732,7.364087263704278,7.332094047453232,12,8
anne_frank,"Up to now our bedroom, with its blank walls, was very bare.",71.334716796875,7.8079871620450705,6.156532076404896,7.946492224931717,6.44602216294112,14,12
anne_frank,Dussel had an eye infection and was sitting next to the stove dabbing his eye with camomile tea.,68.98868560791016,5.974972252936467,6.10827286590967,5.9896796402279975,6.309388033771328,23,18
anne_frank,"But it couldn’t have been all that bad, since Peter had another dental appointment today.",131.78466796875,5.837699782838555,7.041972987144515,6.359186365005249,6.703786879613938,19,15
anne_frank,"Out of respect for the dead, Otto Frank also omitted a number of unflattering passages about his wife and the other residents of the Secret Annex.",62.29583740234375,7.054415302617209,5.96106367383067,7.1831146742288885,5.953756114804969,28,26
anne_frank,"Though the rest of us prefer to sleep in, Dussel gets up at eight.",47.28754425048828,6.787459783694324,5.563388246519663,6.588850320804687,5.087616323867031,17,14
anne_frank,Hep has a healthy appetite.,238.97726440429688,8.521267255147299,7.900729714400014,8.323511171340943,7.060549274588622,6,5
anne_frank,"I must apolo-gize, Kitty, since my style is not up to my usual standard today.",140.98025512695312,7.40735235668364,7.139344293864284,6.859022241168552,6.693722990541575,21,15
anne_frank,He’s not one who can be put off with a flimsy excuse.,92.43744659423828,7.480431467294693,6.530405314028326,7.290162771940231,5.808826007985196,16,12
anne_frank,But what affected me even more was the realization that I was never going to be able to confide in Father.,19.030193328857422,4.7139415661381046,4.250217953256063,4.8624449118617035,4.4218282437740655,22,21
anne_frank,"You can’t call a person that, silly boy!",644.6973266601562,6.910229504108429,9.332275478909223,7.085612013936043,7.840991543970496,12,8
anne_frank,"And it certainly was, but it’s so much work... ugh!",179.59800720214844,6.291945323348045,7.488501409769308,6.443679857254028,6.582350405253893,16,10
anne_frank,"First, Mother has virtually forbidden me to go up to Peter’s, since, according to her, Mrs. van Daan is jealous.",144.1656494140625,6.135165032962787,7.171579397088655,5.986989461947233,6.814819161380089,29,20
anne_frank,"We’re so fortunate here, away from the turmoil.",468.0632629394531,6.82798891266187,8.870557936696384,6.314429759979248,7.26549150464292,12,8
anne_frank,(Putti is Mrs. van D.’s pet name for her husband.),436.5355529785156,8.398010955137366,8.769951991731238,8.434285289446512,7.531337395225559,17,10
anne_frank,"Easy to say, but is it true?",17.69481086730957,7.282466560602188,4.145254340064332,7.33474942616054,4.37582378584166,8,7
anne_frank,"But that’s not surprising, because one day Kerli announces, “When this is allover, I’m going to have myself baptized”; and the next, “As long as I can remember, I’ve wanted to go to Jerusalem.",56.670692443847656,5.555683009195746,5.824495704174745,5.785989215268808,5.393904917920209,57,34
anne_frank,"No, in all of Holland.",191.9679718017578,6.408852259318034,7.584721625871758,5.859794187545776,7.831842024955554,6,5
anne_frank,"I don’t need a mother anymore, and I’ve emerged from the struggle a stronger person.",93.25155639648438,5.699509490620006,6.5430315051813475,6.394443702697754,5.762277373375722,22,15
anne_frank,"I slipped my arm under his and across his back, and he put his arm around my shoulder, so that I was nearly engulfed by him.",22.681575775146484,5.003371477127075,4.503448799561095,5.017117454455449,4.615849741647789,28,26
anne_frank,"You see, it’s the silence that makes me so nervous during the evenings and nights, and I’d give anything to have one of our helpers sleep here.",91.15351867675781,6.287843319347926,6.510193121002511,6.526294468729584,6.448397441332914,35,27
anne_frank,There hasn’t been such peace and quiet in this house for at least six months.,76.17639923095703,4.435143381900464,6.2510176368714205,4.669031922682189,5.521136935375056,18,15
anne_frank,"Until Wednesday, I didn’t have a chance to think about the enormous change in my life.",46.95647048950195,5.966868875082582,5.553169808787238,6.295258243771968,4.850961699209128,20,16
anne_frank,"We just wanted to get out of there, to get away and reach our destination in safety.",26.403217315673828,5.287165741125743,4.722641673077842,5.281459492795608,4.762609222387627,18,17
anne_frank,"Any-one who deliberately causes such pain to someone they say they love is despicable, the lowest of the low!",65.43132781982422,6.4891194105148315,6.031909055218702,6.150214067676612,6.134044990768032,22,19
anne_frank,"The lower part looks as if it were just skin, and yet that’s where the vagina is.",119.01490020751953,6.689652880032857,6.89494342432723,6.701829405391917,6.30444976325834,21,17
anne_frank,And now it’s really over.,454.02667236328125,6.775987893342972,8.825855889452825,7.141937243938446,6.699374009356157,8,5
anne_frank,Who has inflicted this on us?,67.7088623046875,7.649869600931804,6.081272004691478,7.649869600931804,6.081272004691478,6,6
anne_frank,"It’s taken a while, but I’ve finally realized that Father, no matter how kind he may be, can’t take the place of my former world.",37.507362365722656,5.589412952597077,5.229101511860326,5.527414654195309,5.043870844461031,37,25
anne_frank,"We hadn’t eaten a hot meal all day, but we didn’t care; Mother and Margot were too tired and keyed up to eat, and Father and I were too busy.",54.75724411010742,5.543739108936634,5.77495223893752,6.0397528904723,5.8170696478006905,41,30
anne_frank,"I loathe algebra, geometry and arithmetic.",126.93021392822266,6.103288635611534,6.987889817215954,6.2409889698028564,6.758616843208865,8,6
anne_frank,"The male members of the van Daan contingent have built a very handy wood-stained food safe, with real screens.",389.86956787109375,7.981183798416801,8.60684350913703,7.915804105892516,8.743484109089538,23,19
anne_frank,"Of course, that doesn’t mean anything to you, so let me explain.",43.23040771484375,5.434950107023777,5.433882807424628,5.795726942781282,4.722375159896102,17,12
anne_frank,I think this officer has kept his word and is somehow planning to help them cross over to Belgium and then to Switzerland.,86.38648986816406,6.387532918349557,6.432734072923527,6.387532918349557,6.432734072923527,23,23
anne_frank,"The potatoes proved that all too well, as did the wood shavings, which Father collected in a bucket and brought downstairs to burn.",95.66619110107422,6.333864636154397,6.579928303378853,6.819612925544472,7.463995744752967,27,23
anne_frank,"Goldschmidt,’ I said, ‘I bet I know what this address refers to.",136.82191467285156,6.151408330315635,7.096152455081587,5.216441341217548,6.047947436286328,21,12
anne_frank,Can you please tell me exactly what “a bundle of contradictions” is?,127.79691314697266,6.039831906557083,6.997697106380549,6.081614255905151,6.701959838149307,16,12
anne_frank,Anyone who’s so petty and pedantic at the age of fifty-four was born that way and is never going to change.,74.06047821044922,6.085046237817517,6.2105523332089385,6.250109897837753,5.7022372705373545,27,21
anne_frank,"But Father came between us, pushing me roughly aside.",373.20709228515625,5.708504557609558,8.543830602620938,5.819542010625203,8.582188029433663,10,9
anne_frank,"“Parts of it,” I said, and asked about hers.",322.2801208496094,7.046581125259399,8.332157644977489,6.712422439345607,7.723291048530906,15,9
anne_frank,"Oh no, I won’t let you even think that about me!” Just then somebody called us.",124.74414825439453,5.583369637313097,6.962796020469629,5.777962997090071,6.393025595918704,23,16
anne_frank,"You’ll say, ‘Oh, I read that twenty years ago in some book.’ You’d better hurry if you want to catch a husband or fall in love, since everything is bound to be a disappointment to you.",57.0072021484375,5.576397238075733,5.833071860570843,5.336671902487676,5.577249481040828,50,36
anne_frank,"I’ve never complained or dropped my mask, nothing of the kind, and now... now the battle is over.",107.64315032958984,6.241207679112752,6.750111553091042,5.9969976676834955,6.104680897994885,24,18
anne_frank,"The cethng was dripping, and since the attic floor has also got its share of cracks, little yellow drops were leaking through the ceiling and onto the dining table, between a pile of stockings and books.",100.89375305175781,6.34499391061919,6.6566928170108595,6.409311818303886,6.671133180379812,42,36
anne_frank,"My parents are pleased, but they’re not like other parents when it comes to grades.",101.93567657470703,5.672778113892204,6.671401768193917,5.768933892250061,5.799891404108932,19,15
anne_frank,"It’s a heavy blow for us, not only because those poor Jews are once again balancing on the edge of an abyss, but also because it’s terrible for Mr. van Hoeven.",43.4863395690918,5.331395539144675,5.4424881269312495,5.431234446624594,5.314032724814592,42,31
anne_frank,"I’m working hard at French, cramming five irregular verbs into my head every day.",251.02589416503906,6.068018279577556,7.971688717786914,5.592143539871488,6.831646182995,19,14
anne_frank,"As the class comedian, the eternal ringleader, never in a bad mood, never a crybaby.",138.28932189941406,7.379612374305725,7.111540692320635,7.798716002040439,8.100061107743366,20,15
anne_frank,Everyone is welcome to this prescription; it costs nothing and is definitely useful.,106.35021209716797,6.369482040405273,6.73267230120908,6.338073803828313,6.755917183258543,14,13
anne_frank,"I’ve certainly had my share of unhappiness, and everything I said about Mother is true.",98.39619445800781,6.100649893283844,6.6205295532287725,6.124497596422831,5.801125699211072,20,15
anne_frank,"Oh, it’s so hard, the eternal struggle between heart and mind.",132.8639373779297,6.882123701274395,7.053791472099657,6.948461917313662,6.350794800955662,16,11
anne_frank,Only Bep or Kugler have key to second door; lock may be broken.,415.6760559082031,8.80769962422988,8.699315152455068,8.780351479848227,8.703222690968408,17,13
anne_frank,"I sometimes wonder if anyone will ever understand what I mean, if anyone will ever overlook my ingratitude and not worry about whether or not I’m Jewish and merely see me as a teenager badly in need of some good plain fun.",59.660675048828125,5.645929857428807,5.898637370488068,5.818903062123037,5.68758959195987,48,42
anne_frank,"Mrs. van D. may think she doesn’t always get enough, but that’s not the case.",72.72148132324219,6.049023005723332,6.184201567602437,6.06753578716889,5.4344230796991315,24,15
anne_frank,“All Jews must be out of the German-occupied territories before July 1.,74.23949432373047,6.980657905340195,6.214114304928299,6.51814877986908,5.554883806603797,16,12
anne_frank,"But putting all that aside, I made one mistake: I used intimacy to get closer to him, and in doing so, I ruled out other forms of friendship.",25.37112808227539,5.40032197162509,4.665112791960275,5.496507474354336,5.055620239183058,32,28
anne_frank,On top of all the work she has to do!,38.93866729736328,4.577306836843491,5.2831317449818185,4.577306836843491,5.2831317449818185,10,10
anne_frank,"Margot and Mr. van Daan wish, above all else, to have a hot bath, filled to the brim, which they can lie in for more than half an hour.",31.34577751159668,5.3172539251132145,4.970199018487094,5.17118820059916,4.684920894235309,36,29
anne_frank,"She can be characterized as follows: cheerful, good-humored, kind and willing.",39.31526184082031,5.114858865737915,5.297015754375316,5.6534024043516675,6.279336805721585,17,11
anne_frank,"On the inside, I mean.",39.71300506591797,7.073580821355184,5.311539988506527,7.277842855453491,5.798854386869216,6,5
anne_frank,"I can understand the mood chanaes and the comments about Margot, Mother and Father as if I’d written them only yesterday, but I can’t imagine writina so openly about other matters.",186.33963012695312,6.634073204772417,7.541776606444508,7.004875191757756,7.495445082127124,43,31
anne_frank,"Fortunately, education, work and progress have opened women’s eyes.",410.2019958496094,5.9865104641233176,8.679749193689123,5.822337667147319,8.004455505155802,14,9
anne_frank,"I lay in bed with the flu, while the February winds howled around the apartment house.",85.45459747314453,6.513254635449913,6.41708429480422,6.735771272098646,6.701666970654177,18,16
anne_frank,I don’t dare tell Peter.,1038.3546142578125,5.708423547213897,10.020023169964144,6.65763024976477,9.017984810360037,8,5
anne_frank,Where would that get us?,64.05416107177734,6.450693893432617,6.001220339243666,6.450693893432617,6.001220339243666,5,5
anne_frank,"Oh well, to each his own.",26.092924118041992,5.364589384623936,4.705586571275207,5.3152031898498535,4.669477894073041,7,6
anne_frank,"Jacqueline van Maarsen is supposedly my best friend, but I’ve never had a real friend.",76.85659790039062,6.023320317268372,6.2638927411097365,6.050412109163073,5.803174460230943,23,15
anne_frank,"I could simply wait and see what happens, but I’d like to start again, provided I get a new book.",56.90248107910156,6.016120138168335,5.830360547302735,6.240281319618225,5.013624461529609,25,20
anne_frank,"That gap, that enormous gap, is always there.",46.63764190673828,6.85559048652649,5.543422855980331,7.186179518699646,5.9170679895555285,10,8
anne_frank,"The gentle Anne makes infrequent appearances, and she’s not about to let herself be shoved out the door so soon after she’s arrived.",70.23644256591797,6.017970181280567,6.134134578842609,6.039378197296806,6.114769193985086,31,23
anne_frank,It was a joy to behold.,36.06670379638672,7.019669055938721,5.172595224441604,7.019669055938721,5.172595224441604,6,6
anne_frank,"Aches and pains in his heart, kidneys and lungs are also par for the course.",62.34174728393555,6.768010267987847,5.962120944423087,6.514466844623287,5.385414095526261,17,15
anne_frank,"Here are the latest news bulletins about life in the Secret Annex over the last few weeks: A week ago Saturday, Boche suddenly got sick.",66.10179901123047,5.979844262887692,6.046617190437663,6.0883105307817456,6.003723822835226,29,25
anne_frank,"We found bread, cheese, jam and eggs in his cupboard.",50.525718688964844,6.259322138933035,5.658944992059436,6.5035301625728605,6.285415031965143,13,10
anne_frank,"It’ll all work out, because I’m determined to write!",172.85488891601562,6.317402318120003,7.433416899487436,6.228898485501607,6.223090558153407,16,9
anne_frank,We lit the stove a few days ago and the entire room is still filled with smoke.,29.697269439697266,6.019364111563739,4.892258000202586,6.019364111563739,4.892258000202586,17,17
anne_frank,"SATURDAY, JANUARY 22, 1944 Dearest Kitty, Can you tell me why people go to such lengths to hide their real selves?",25.425086975097656,5.243386906361857,4.668180611699354,5.304443170192514,4.76166805651253,31,21
anne_frank,"Of course, you don’t need to mention the part about Maastricht.’ And after that I left.",61.13003158569336,5.6950653388093295,5.933755989811364,6.512593470008661,6.317183960469947,26,16
anne_frank,But now the suspense about Italy and the hope that the war will be over by the end of the year are keeping us awake.,36.0624885559082,5.704288122653961,5.172426354609303,5.704288122653961,5.172426354609303,25,25
anne_frank,"What reason would they have to round up all the civilians and take them along?” Annex: “Don’t you remember Goebbels saying that if the Germans have to go, they’ll slam the doors to all the occupied territories behind them?” Jan: “They’ve said a lot of things.” Annex: “Do you think the Germans are too noble or humane to do it?",32.87867736816406,5.427239185534315,5.039077819598466,5.66134785431366,4.8720108910521605,91,60
anne_frank,"A person with any brains must have noticed by now that Miep sometimes says she’s going to the lab, Bep to the file room and Mr. Kleiman to the Opekta supplies, while Mr. Kugler claims the Annex doesn’t belong to this building at all, but to the one next door.",104.57198333740234,6.3809490727526805,6.708334250301472,6.361896818776924,6.392000679407008,70,50
anne_frank,"I’m terribly ungrateful, Kitty, I know, but when I’ve been scolded for the umpteenth time and have all these other woes to think about as well, my head begins to reel!",58.73538589477539,5.316266688963641,5.876153568857499,5.58197819209227,5.893529861484517,46,31
anne_frank,"The political situation is looking ‘gut,’ it’s ‘eempossible’ for us to get caught.",139.04257202148438,6.509749229465212,7.11935154772141,7.041975251265934,7.258173430494583,28,13
anne_frank,"I was too happy for words, and I think he was too.",36.74716567993164,6.91670980820289,5.199560866452108,7.051280379295349,5.418417396647198,13,12
anne_frank,"Our darkest fears were confirmed the next day when Father went to empty the stove and discovered the clip, used to fasten it to a pocket, among the ashes.",79.08120727539062,6.235099855810404,6.3052616278184335,6.303369949603903,6.268983451339581,32,29
anne_frank,"“It’s Rassenschande,”* Mr. van Daan joked.",929.5380249023438,7.7134592306046255,9.860367654155231,6.944588363170624,9.107200450978594,21,6
anne_frank,"To be honest, I can’t imagine how anyone could say “I’m weak” and then stay that way.",58.066768646240234,5.697000052247729,5.859517040827693,6.0527706566978905,5.287355121913994,28,17
anne_frank,"Just think-the police were right at the bookcase, the light was on, and still no one had discovered our hiding place!",80.3480453491211,6.415399115819198,6.328191122902696,6.504721325541301,6.252468190169687,26,21
anne_frank,"People who saw us together used to say, “There goes Anne, Hanne and Sanne.” I only met Jacqueline van Maarsen when I started at the Jewish Lyceum, and now she’s my best friend.",119.7462158203125,5.322318701767454,6.903831791344678,5.82075149349191,7.240737000205678,51,33
anne_frank,"I can hardly bear to have him tutor me, and his affection seems forced.",119.07223510742188,6.551562166213989,6.895691639505873,6.599495479038784,7.176310417935604,15,14
anne_frank,"How can you celebrate your birthday when you’ve got the sulks, how can you accept gifts from people you won’t even talk to?",66.43640899658203,5.78681476846818,6.053527841764654,5.700290972771852,5.6906884736971515,31,23
anne_frank,We look at the fighting down below and the peace and beauty up above.,81.56133270263672,6.548988785062518,6.349812720196582,6.548988785062518,6.349812720196582,14,14
anne_frank,"Every string I pulled made me more certain that I never, ever, want to be just a housewife!",71.41156005859375,5.948992434002104,6.158085718628456,6.1677964727083845,6.405858225690445,21,18
anne_frank,At eight o’clock the doorbell suddenly rang.,212.52098083496094,5.612623377279802,7.731433626421117,6.403756656817028,6.497418828964433,11,7
anne_frank,"As far as I’m concerned, they can go jump in a lake.",92.77937316894531,5.563763368874788,6.534075240696487,6.01928994556268,5.659765534269218,16,12
anne_frank,Her boyfriend is being sent to Germany.,108.57864379882812,7.334073918206351,6.762596203843778,7.334073918206351,6.762596203843778,7,7
anne_frank,"Mr. van Daan wants me to sit next to him at the table, since Margot doesn’t eat enough to suit him.",77.9720458984375,5.540967830955716,6.2848481033355394,5.407800006403011,5.7038723760834475,28,21
anne_frank,"“Putti, look out, du spritzt schon!”.",646.954345703125,8.161452328457552,9.337512802715747,7.587233743402693,9.022055232989997,17,6
anne_frank,"The Dutch broadcast from England began at eight-fifteen with the news: “Listeners, an hour and fifteen minutes ago, just as I finished writing my daily report, we received the wonderful news of Italy’s capitulation.",97.84709167480469,5.9193339158470435,6.612455911917951,6.097507561436471,6.329853916583022,48,34
anne_frank,"She and Simon are happy together, but Hans is always in the back of her mind until one night she dreams of him and says farewell.",37.39475631713867,5.8396760975873026,5.224764115151873,5.87006924702571,5.355226022372132,27,26
anne_frank,I’ve got ants in my pants again from having to sit still so long.,173.535400390625,6.515368209165685,7.439083648283124,6.267452265535082,6.572698491468586,17,14
anne_frank,She seems a lot different than she used to be.,14.532763481140137,4.53180122487247,3.8612374731707697,4.53180122487247,3.8612374731707697,10,10
anne_frank,"Well then, I guess I’m the first!",240.61569213867188,6.686403101140803,7.910415107027558,7.0685579265866965,7.0712162600494946,11,7
anne_frank,"The French coast was bombarded with 5,500 tons of bombs during the night, and then, at six in the morning, the first landing craft came ashore.",23.496427536010742,5.572875938378274,4.55436952767794,5.717030944063877,5.00714833993016,32,26
anne_frank,"Help yourself, keep your eyes on the food, eat and don’t talk.",121.55164337158203,6.02323540957535,6.925386277488968,6.2755198841914535,5.975139757674903,17,12
anne_frank,I haven’t worked on “Cady’s Life” for ages.,250.30467224121094,5.9642750232627515,7.967512918597817,6.177343670910757,7.775096834111103,19,8
anne_frank,"Nevertheless, to give you a closer look into our lives, from time to time I’ll describe part of an ordinary day.",68.25224304199219,5.4164454368784885,6.092719545625664,5.125963716889688,5.218411654224441,26,21
anne_frank,"Because of Margot’s call-up notice, the plan had to be moved up ten days, which meant we’d have to make do with less orderly rooms.",109.55642700195312,6.094923363791572,6.7755256776354145,6.383250262578328,6.591010965762382,36,25
anne_frank,"If Father weren’t so patient, I’d have long ago given up hope of ever meeting my parents’ quite moderate expectations.",96.34329986572266,5.837105258143153,6.590079027160609,6.384823711231972,6.776039706549055,29,20
anne_frank,"Today there were 20,000 airplanes in action.",43.88820266723633,6.332902338769701,5.455760779526889,6.225157788821629,5.5140652337797125,9,7
anne_frank,"Mouschi takes the bait, follows him out, and the door closes.",95.46868896484375,6.679790226618449,6.576954126771043,6.577483502301303,5.715058588574451,15,11
anne_frank,"At three o’clock (Hello had left but was supposed to come back later), the doorbell rang.",95.14035034179688,6.175874810327183,6.571974802583361,6.463610145961866,5.645628664867425,22,16
anne_frank,"In writing her second version (b), Anne invented pseudonyms for the people who would appear in her book.",99.07845306396484,6.965191341581798,6.630498165175017,6.982385125425127,6.495544345970772,21,18
anne_frank,We were looking at a book of drawings by Mary Bos.,146.4577178955078,7.771605556661433,7.194340460197458,7.771605556661433,7.194340460197458,11,11
anne_frank,"Deep down I know I could never be that innocent again, however much I’d like to be.",77.3055648803711,6.459387642996652,6.272398711445768,6.601969291182125,5.4556449293548335,21,17
anne_frank,"Peter gave me a lovely bouquet of peonies; the poor boy had put a lot of effort into finding a present, but nothing quite worked out.",36.03327560424805,5.773588570331534,5.171258090003514,6.14692093568066,5.381750730570394,30,26
anne_frank,"One, she’s hardworking; two, cheerful; three, coquettish—and sometimes a cute face.",73.0068359375,5.566192579567432,6.189926651645352,5.98068067894289,6.171322165770487,25,11
anne_frank,I’m constantly being chased from one corner to another.,174.5400390625,6.182861780126889,7.447413051789847,5.537049737241533,5.609868693214001,12,9
anne_frank,Bep is beside herself with rage.,138.9499053955078,7.07131062235151,7.118419930949895,6.512972633043925,6.469529006465137,7,6
anne_frank,"Third, the police have arrested a man (whose name I won’t put in writing).",96.61200714111328,6.308745286280387,6.594025893018404,6.580101405702798,5.7466779410781985,19,14
anne_frank,"I was about to kiss the other cheek when my mouth met his, and we pressed our lips together.",23.75696563720703,5.8921280086040495,4.570278492591277,5.92964117777975,4.695594347781519,20,19
anne_frank,"is a very nervous girl who’s always forgetting things, so the teachers keep assigning her extra homework as punishment.",162.64639282226562,7.075285310330599,7.345538619675937,7.174091194805346,7.019609315375307,23,19
anne_frank,"Whenever I quote Mother or Mrs. van Daan, I’ll write proper Dutch instead of trying to duplicate their speech.",380.07012939453125,6.972984795570373,8.570062389875618,7.0400172911192245,8.666546947926992,25,19
anne_frank,"Runnina water in the bathroom (sorry, no bath) and on various inside and outside walls.",140.29127502441406,7.9585386455059055,7.132280207520415,7.745767617225647,6.915249257040838,20,15
anne_frank,Why should we stay apart when we love each other?,25.992219924926758,5.423254667967558,4.7000078670802585,5.423254667967558,4.7000078670802585,10,10
anne_frank,"You see, my grandparents made me sign up for a wood-carving class, but actually I go to a club organized by the Zionists.",47.16372299194336,6.053066093346168,5.559604802110441,6.349274907423102,6.102936089825018,29,23
anne_frank,"Everyone would have to hoof it.” (Or, as Dussel always says, per pedes apostolorum.)",189.6664276123047,6.521849127916189,7.567315796493596,6.791152033067886,7.805751725506537,26,14
anne_frank,"“I’ve received many letters in my lifetime, but none as hurtful as this.",82.7799072265625,6.126701803505421,6.371209316728884,6.0125981290371,5.050987507484584,20,13
anne_frank,"Yours, Anne M. Frank TUESDAY, APRIL 25, 1944 Dearest Kitty, For the last ten days Dussel hasn’t been on speaking terms with Mr. van Daan, and all because of the new security measures since the break-in.",94.06444549560547,6.522245815156826,6.555576363181706,6.652951326911097,6.706655766803281,56,36
anne_frank,"Mr. Dussel was speechless in the face of such ingenuity, and could do nothing but gaze around in surprise as he explored the rest of our lovely and ultrapractical Annex.",76.66593933105469,6.1239370987624735,6.260510829291643,6.098478453730545,6.162482629935629,37,30
anne_frank,"I think he has, but that doesn’t necessarily mean we have to become the best of friends, although as far as I’m concerned, it would make our time here more bearable.",32.86391830444336,4.645755892256048,5.038390233779708,5.0933216530228815,4.767184461551868,41,31
anne_frank,We had to abandon most of our nice things too.,75.71514129638672,6.830446934700012,6.242509551155532,6.830446934700012,6.242509551155532,10,10
anne_frank,Father has been home a lot lately.,33.978702545166016,6.780255011149815,5.086558732557542,6.780255011149815,5.086558732557542,7,7
anne_frank,"Oh, Hanneli, I hope that if you live to the end of the war and return to us, I’ll be able to take you in and make up for the wrong I’ve done you.",37.65171813964844,4.964559871951739,5.234519078483042,4.932905498672934,4.696144069649468,45,34
anne_frank,"Since large portions of Amsterdam were shaded in, our first question was what we should do if the water in the streets rose to above our waists.",55.39425277709961,6.362320975462596,5.791664148269802,6.508151588616548,5.935892823655672,30,27
anne_frank,"They never worry about report cards, good or bad.",73.11821746826172,6.113700053095817,6.19215850859147,6.084053910440868,6.056273375910398,10,9
anne_frank,Most of the time you just come across them by accident.” “Why wait?,93.73360443115234,6.141570276684231,6.550490229700412,6.378651719826919,5.337152479877412,18,13
anne_frank,"Everyone is mad at everyone else: Mother and I, Mr. van Daan and Father, Mother and Mrs. van D. Terrific atmosphere, don’t you think?",80.92742919921875,6.084890709155136,6.338551323146941,5.981577362554769,5.939174143358968,36,24
anne_frank,"After Auschwitz was liberated by Russian troops, he was repatriated to Amsterdam by way of Odessa and Marseille.",33.74752426147461,4.962608172685247,5.076706073787746,5.45288456712539,5.763160569084408,22,18
anne_frank,We just had a third air raid.,132.0218505859375,7.62080362864903,7.0446319698345805,7.62080362864903,7.0446319698345805,7,7
anne_frank,"As a result, I’ve never shared my outlook on life or my long-pondered theories with anyone but my diary and, once in a while, Margot.",78.30970001220703,5.844222157365746,6.2910427593991844,5.993824947237969,5.5981948990522445,36,25
anne_frank,"For the duration of the plumber’s visit, canning jars were put into service during the daytime to hold our calls of nature.",159.53817749023438,6.49497304218156,7.317755128475035,6.6536130200732835,6.75617418620765,28,22
anne_frank,"When we first went into hiding, Father often told me about things I’d rather have heard from Mother, and I learned the rest from books or things I picked up in conversations.",92.75897979736328,5.562201125396265,6.535130726488044,5.589104219339788,6.118420815943157,37,32
anne_frank,"Tears rushed to my eyes; those from the left fell on his overalls, while those from the right trickled down my nose and into the air and landed beside the first.",43.33177185058594,5.360776982270181,5.4373525352261645,5.428694322645184,5.465101784256645,36,31
anne_frank,I feel more miserable than I have in months.,39.139060974121094,5.6529308160146075,5.2905371990991235,5.6529308160146075,5.2905371990991235,9,9
anne_frank,"In the evenings when it’s dark, I often see long lines of good, innocent people, accompanied by crying children, walking on and on, ordered about by a handful of men who bully and beat them until they nearly drop.",65.69456481933594,6.411779174779324,6.037546238208276,6.320420560928492,5.624808734302991,47,39
anne_frank,"Naturally, we were glad the cash register and the typewriters had been safely tucked away in our clothes closet.",39.49099349975586,6.143100340935317,5.303451655349419,6.461999068396134,5.60318039729787,22,19
anne_frank,"We also had presents for everyone downstairs, a few things .left over from the Good Old Days; plus Miep and Bep are always grateful for money.",216.73129272460938,7.214527286589146,7.75975861137683,7.190046771978721,7.58197466373535,32,26
anne_frank,"I can’t let them see my doubts, or the wounds they’ve inflicted on me.",59.585052490234375,5.943290290378389,5.896857579312306,6.250650116375515,5.427249291351546,21,14
anne_frank,"It seems crazy to talk about his being happy, and yet I have the overwhelming feeling he thinks the same way I do.",34.545310974121094,5.439776236812274,5.110417870453264,5.45531808293384,5.170287354633531,24,23
anne_frank,"If you ask me, there are so many dummies that about a quarter of the class should be kept back, but teachers are the most unpredictable creatures on earth.",41.97806930541992,5.945035831071436,5.391564165471088,5.955098864333383,5.575363717932592,32,29
anne_frank,"Next to them, I stick out like a sore thumb, and I’m always being told, “Margot and Peter don’t act that way.",72.491455078125,5.387591170914033,6.179538569417846,5.396861731667411,5.34114141142999,34,22
anne_frank,"I wanted to say, “Tell me about yourself.",94.82534790039062,5.534017649563876,6.567199188373351,5.762134065230688,5.610910128749675,11,8
anne_frank,"And he likes to be left alone, so I don’t know how much he likes me.",36.55922317504883,5.601576614240185,5.1920765869386,5.896964937404846,4.308281500161376,20,16
anne_frank,"He longs to be loved, and I can see he’s beginning to like me more with each passing day.",50.23411560058594,5.453922142585118,5.650575954132916,5.335119523500142,4.933382349035407,24,19
anne_frank,"Mother thinks that Mrs. van D. is too stupid for words, Margot that she’s too unimportant, Pim that she’s too ugly (literally and figuratively!",85.56134033203125,5.776099108804304,6.418864131339361,6.034712501238876,6.440333298884677,39,24
anne_frank,Since I have the singular pleasure (!),386.0947570800781,7.690701603889465,8.592810662026649,7.690701603889465,8.592810662026649,7,7
anne_frank,"To end this hodgepodge of news, a particularly amusing joke told by Mr. van Daan: What goes click ninety-nine times and clack once?",110.92996215820312,6.581091836693249,6.793501330236069,7.169129918179629,8.108080012826164,33,23
anne_frank,"He talked about his life at home, the black market and how he felt like a worthless bum.",35.6719856262207,6.8731278996718554,5.156719624567617,6.958927750587463,5.26740298097224,19,18
anne_frank,It’s all right for me to have boys as friends.,131.33938598632812,7.019877250377949,7.037155046530017,6.643690657615662,5.8555991530278115,13,10
anne_frank,Thank goodness he came right out and said what was on his mind.,22.530052185058594,5.105024154369648,4.4937784373950445,5.105024154369648,4.4937784373950445,13,13
anne_frank,"Men you’re living with old folks, all you can do Is put up with their nagging—it’s hard but it’s true.",63.84984588623047,5.908243556817372,5.996570723198237,6.102795047312975,5.850776473770097,33,20
anne_frank,"Pim bounded up the stairs, while Peter went to warn Dussel, who finally pre sented himself upstairs, though not without kicking up a fuss and making a lot of noise.",104.39461517333984,6.434236994466266,6.705883622112256,6.373860689997673,6.707332991606419,37,30
anne_frank,"It’s just that when you’re standing beside an open window at twthght, you can say more to each other than in bright sunshine.",134.9818572998047,6.711042559508122,7.07662091884528,6.319420386915621,6.730867618491522,33,23
anne_frank,You’ll be amazed when I tell you that even my attitude toward the van Daans has changed.,177.23252868652344,7.237746999377296,7.469497323040171,7.046307802200317,6.779704106524685,21,17
anne_frank,I can say without exaggeration that Dussel has definitely got a screw loose.,100.80070495605469,6.135930156707763,6.655361447237701,6.0180870569669285,6.6436940999547796,15,13
anne_frank,"I was petrified at first, and then glad.",39.79356002807617,5.346710500121117,5.314462716487012,5.851107811555266,6.036605574663875,10,8
anne_frank,"The more difficult question, much harder to bear, Is “What on earth do I have to wear?",103.23590850830078,4.8809632289977305,6.689799370639768,4.827690360592861,6.332947724174651,21,17
anne_frank,These are the most innocent types.,104.0149917602539,7.862543702125549,6.700647416295691,7.862543702125549,6.700647416295691,6,6
anne_frank,So he ran down to the kitchen while I nervously kept watch from above.,81.96473693847656,6.199490410940988,6.356930170906868,6.199490410940988,6.356930170906868,14,14
anne_frank,VVe’ve eaten so many brown beans and navy beans that I can’t stand to look at them.,126.70894622802734,6.216556593775749,6.985369472790562,5.87787967709934,5.225481129936174,24,17
anne_frank,"Peter Schiff and Peter van Daan have melted into one Peter, who’s good and kind and whom I long for desperately.",312.6951599121094,7.03452377135937,8.288553386344823,7.029186907268706,8.028488778476694,26,21
anne_frank,I find it difficult to confess the second one because it’s about myself.,151.64048767089844,6.215517662465572,7.244491090156056,6.252642810344696,6.441495430813625,16,13
anne_frank,Margot and Mother are nervous.,451.02752685546875,9.552613735198975,8.817070393673148,9.247854137420655,9.094789081603173,6,5
anne_frank,It swings out on its hinges and opens like a door.,68.24254608154297,6.442338206551292,6.092597729372352,6.442338206551292,6.092597729372352,11,11
anne_frank,"No running water, no flushing toilet, no walking around, no noise whatsoever.",32.26630783081055,6.737293764948845,5.011956539212594,7.254676053921382,5.940915452501126,16,12
anne_frank,"From you, who are aware of all the injustices?” And yet they are coming from me.",54.684051513671875,6.574596905105171,5.773048060172944,6.8804942847695205,5.205572881696359,21,16
anne_frank,Sometimes I think my terrible longing for him was overexaggerated.,73.51424407958984,6.006646488721554,6.199950131892645,7.256323099881411,7.396335564429521,13,10
anne_frank,"The two of us went to the front attic together, and in order to be able to sit comfortably, I took along the only cushion I could find in my room.",28.45030975341797,5.718007819670619,4.830368852034611,5.776873402537838,5.017316575755993,33,31
anne_frank,"He was surprised, but he went on through and was even more astonished to see that the alcove doors were open as well and that there was a terrible mess in the front office.",26.293729782104492,5.7191608886461,4.716646295854161,5.787856837113698,4.717901770207151,37,34
anne_frank,"After the arrest, Kugler and Kleiman were taken to a prison in Amsterdam.",29.39434051513672,7.159320263301625,4.877466270506596,7.204294788531768,5.002587710619374,17,13
anne_frank,"On the few occasions when I have gone to Peter’s room during the day, I’ve always thought it was nice and cozy.",35.66795349121094,5.810231389670537,5.156553033048144,5.979236990213394,4.673054693853607,29,22
anne_frank,"I had to laugh too, though I’d ) nearly exhausted my ingenuity on the topic of chatterboxes.",438.8114013671875,6.971621231599287,8.777337469261484,7.372102085281821,8.03539190974857,22,17
anne_frank,Bep is also very subdued.,411.1684265136719,8.682221094767252,8.68358456577433,8.3343976020813,8.217948383357509,6,5
anne_frank,(Exactly what she accuses Anne Frank of doing.),145.21075439453125,6.375259664323595,7.182002667983271,6.037328362464905,6.869681176887447,9,8
anne_frank,It’s impossible for me to be all smiles one day and venomous the next.,112.28167724609375,6.3666537801424665,6.810967964872088,5.895549867834363,5.981312358436058,18,14
anne_frank,Everything here is more or less back to normal.,25.07007598876953,6.204112893022183,4.647894530022947,6.204112893022183,4.647894530022947,9,9
anne_frank,Hep’s easy to please and that pleases us.,341.9585876464844,7.968653989525942,8.417675526488349,8.046424370072781,7.263135237429093,13,8
anne_frank,Mother is also full of praise: “A good-looking boy.,114.67730712890625,7.068432756832668,6.841435212052462,7.35609037787826,6.630690151788146,14,9
anne_frank,“ and other remarks along those lines.,140.3843536376953,7.459150709211826,7.133237966020168,6.985416863645826,6.578590036530872,8,7
anne_frank,Mrs. van D. came back to the room and collapsed into a chair with a loud sigh.,35.674007415771484,6.529517575314171,5.156801443492326,6.302891499855939,4.7383008558154875,19,17
anne_frank,Lunch today consists of mashed potatoes and pickled kale.,77.67558288574219,5.646712872115049,6.279389310876247,5.364285707473755,5.793950916430439,11,9
anne_frank,It’s enough to tell you that we’ve divided many things like meat and fats and oils and are frying our own potatoes.,134.8002166748047,6.795032015868595,7.07467877109567,6.811616859652779,6.443465813877061,28,22
anne_frank,I’m always the black sheep; I get blamed for everything.,169.08299255371094,6.66603468145643,7.401588181763332,6.332862663269043,6.159477878658703,14,10
anne_frank,I’m not convinced that they won’t.” Mr. van D.: “I won’t even answer that.” Mrs. van D.: “You always wind up answering.,49.36051559448242,5.234880652692583,5.625285016855375,5.504354770726715,5.768945473198187,45,22
anne_frank,"Four frightened women need to talk, so that’s what we did until we heard a bang downstairs.",244.58297729492188,6.477751470747448,7.934148817449078,6.520135409691754,7.357142311386074,21,17
anne_frank,"Jokes like “Oh, don’t worry, they can’t all fall on him” or “One bomb is all it takes” are hardly appropriate in this situation.",91.88574981689453,5.781378925210092,6.521767998685332,5.924539827379502,6.109918265441055,41,24
anne_frank,"I began with “Eva’s Dream,” which she liked a lot, and then I read a few passages from “The Secret Annex,” which had her in stitches.",66.46381378173828,6.373079711198807,6.054493933770891,6.4995457759270305,5.931861887962953,40,26
anne_frank,Talking about it was bad enough—why does he have to make me feel bad too!,48.459930419921875,6.255480051040649,5.598720406121539,6.327554972966512,5.358125847712376,17,15
anne_frank,"Oh, do you think Peter’s still safe and sound in his bed?” “I’m sure they haven’t stolen Peter.",63.48281478881836,5.373193582802108,5.988289139811906,5.389637287430189,5.768702631921367,33,18
anne_frank,"This is alternated with little smacking sounds, followed by a long period of tossing and turning and rearranging the pillows.",52.28017044067383,5.8225670754909515,5.708181958354185,6.2788451693952085,6.35075129765201,25,20
anne_frank,A little while later Margot appeared in the kitchen doorway looking very agitated.,71.6232681274414,6.365333437919617,6.162355861052311,6.360720304342417,6.21932526608229,14,13
anne_frank,"Still, I can’t help complaining: it’s impossible to cook without oil, and all those disgusting smells make me sick to my stomach.",56.90150451660156,5.800891226337802,5.830371901138864,5.8197748986157505,5.582743132796441,31,22
anne_frank,"He selected material from versions a and b, editing them into a shorter version later referred to as version c. Readers all over the world know this as The Diary of a fauna Girl.",107.39940643310547,6.03280375857611,6.746840446534701,5.993033059379634,6.53268729023712,37,34
anne_frank,"We’d tell them we were in hiding; if they were good people, we’d be safe, and if they were Nazi sympathizers, we could try to bribe them!",41.21371841430664,5.137896535427947,5.365052005675631,5.198743110913553,5.274083827674595,38,27
anne_frank,But now his nose is swollen and he meows whenever you pick him up-he was probably trying to steal food and somebody smacked him.,62.27070999145508,5.645329130547387,5.960481145425784,5.819336019456387,5.983647856478684,28,24
anne_frank,"“Deep down, the young are lonelier than the old.” I read this in a book somewhere and it’s stuck in my mind.",69.5886459350586,6.238064581697637,6.120779169513695,6.216852857307955,5.270909341091596,33,22
anne_frank,Dussel is terribly lax when it comes to obeying the rules of the house.,34.295108795166016,6.038629761513541,5.099930796292366,5.716244852303395,5.068509031316069,17,14
anne_frank,"Anne Frank THURSDAY, FEBRUARY 3, 1944 Dearest Kitty, Invasion fever is mounting daily throughout the country.",95.63672637939453,5.576491469064002,6.579481252722409,6.441972525873917,8.142627400162903,26,16
anne_frank,"Day and night, during every waking hour, I do nothing but ask myself, “Have you given him enough chance to be alone?",65.9849624633789,6.044379455071908,6.044063931945386,6.155605202371424,5.868996233924573,27,22
anne_frank,Then Peter cushioned it by nailing a towel stuffed with wood shavings to the doorframe.,59.49207305908203,5.392348843277432,5.894616179021092,6.227333907710595,7.196741371869497,20,15
anne_frank,"In some passages I had the strong feeling that the writer was directing her disapproval at me, which is why I finally want to bare my soul to you and defend myself against this attack.",43.74567794799805,6.088104559315576,5.451067604924557,6.115017366409302,5.512780125373414,36,35
anne_frank,"Unconsciously, I had these feelings even before I came here.",28.09170150756836,6.700640495006855,4.812071748871551,6.013185834884643,4.767567048809832,13,10
anne_frank,"But the question won’t let itself be pushed to the back of my mind today; on the contrary, all the fear I’ve ever felt is looming before me in all its horror.",55.080474853515625,5.283599891513586,5.783452460415258,5.557704239850864,5.0806389881707155,40,32
anne_frank,"For Christmas, we’re getting extra cooking oil, candy and molasses.",354.45574951171875,7.05100724613294,8.46941901406763,7.437694756314158,8.683916537125787,16,10
anne_frank,The festivities were briefly interrupted when Father’s lamp caused a short circuit and we were suddenly plunged into darkness.,166.388671875,6.689154240218076,7.378385138819252,6.441835883416627,6.389886724733048,22,19
anne_frank,"When I was ten, I was allowed to take the pen to school, and to my surprise, the teacher even let me write with it.",24.103965759277344,6.164465308189392,4.591198318810917,6.355974640846252,4.887996192059305,28,25
anne_frank,I have various books on this subject too.,44.10456085205078,6.875083565711975,5.462855888778206,6.875083565711975,5.462855888778206,8,8
anne_frank,"Does Hanneli really and truly believe in God, or has religion merely been foisted upon her?",58.307212829589844,5.956217527389526,5.865601749367888,6.181864527364572,5.910492110380811,20,16
anne_frank,Peter was really rather surprised to hear that don’t like his parents.,155.9617919921875,7.0742116610209145,7.285041894637417,7.369941016038259,6.64829763708471,15,12
becoming_michelle,It was something to do when there was nothing else to do.,19.60785484313965,4.820148291687171,4.293359385948901,4.820148291687171,4.293359385948901,12,12
becoming_michelle,I was proud of him.,22.725858688354492,6.451735210418701,4.5062627960449415,6.451735210418701,4.5062627960449415,5,5
becoming_michelle,It turns out that Buckingham Palace is big—so big that it almost defies description.,34.99220275878906,5.3533196133725784,5.128959983389206,5.592956791321436,5.224560712942934,17,14
becoming_michelle,"Barack’s maturity, I realized, came in part from the years he’d logged as a community organizer and even, prior to that, a decidedly unfulfilling year he’d spent as a researcher at a Manhattan business consulting firm immediately after college.",74.85855102539062,5.559862158311132,6.226085192497097,5.694824860320212,5.749932482937459,56,39
becoming_michelle,"That night at Barack’s victory speech, as the four of us—Barack, me, Malia, Sasha—stood onstage at Hy-Vee Hall, I felt great, even a little chastened.",63.257938385009766,5.1805506920949975,5.983166392836193,5.56051962618033,6.415621405554235,44,25
becoming_michelle,"Most of my new high school friends were black, but that didn’t necessarily translate, it turned out, to any sort of uniformity in our experience.",50.85024642944336,5.344826373970136,5.668100557140305,5.809102662727237,5.311575821934013,32,25
becoming_michelle,"It’s from sophomore year of college and involves Kevin, my football-player boyfriend.",346.72210693359375,7.383933676613702,8.437633484504934,7.211400634712643,8.018438797691477,18,12
becoming_michelle,"It was me who’d alter everything, putting my passions and career dreams on hold, to fulfill this piece of our dream.",221.56802368164062,6.504371647651379,7.7914722645860985,6.3609391167050315,6.837610204482373,26,21
becoming_michelle,"Of every continuum we belonged to, this was perhaps the most important.",72.54277038574219,6.354172248106736,6.18073780840388,6.40677543481191,6.463095281385588,13,12
becoming_michelle,arack and I came back from our honeymoon in Northern California to both good and news.,90.7746353149414,6.776073940926128,6.504216502911405,6.796853885985911,6.664796316549082,18,16
becoming_michelle,"Yes, you can throw balls in the hallway, I told them.",55.81125259399414,5.668672690024743,5.802483491651174,5.4555792158300225,6.100838514989973,13,11
becoming_michelle,"I panicked, grabbing Sasha by the arm, sprinting with her back up the lawn toward the house, trusting that Barack and Malia were doing the same.",63.46038818359375,4.872321253822696,5.987783067269398,4.973407714412763,6.043068815669725,31,26
becoming_michelle,I won’t try to speculate about who was responsible or what was unfair.,145.28424072265625,6.00273198261857,7.182722370283388,6.253755836532666,6.160102916296892,16,13
becoming_michelle,"I was learning how to write efficiently, how to think critically.",28.157577514648438,6.088979482650757,4.815451338539899,6.13604025407271,4.927362935552155,12,11
becoming_michelle,"The mood was not exactly desultory, but it wasn’t festive, either.",135.71722412109375,5.6623023057149515,7.084357093193493,6.493808490478179,6.9509033378673,18,11
becoming_michelle,“He’s dealing with a whole lot of problems of his own.” This was how we talked about bullies.,80.77814483642578,6.576475258056934,6.335893131177692,6.308642355380235,4.918243344991037,26,18
becoming_michelle,"Her even temper was like shelter to me, a place to seek refuge.",157.72018432617188,7.045647348676409,7.3012184839157115,7.14876835162823,7.5176669200485255,14,13
becoming_michelle,"After all, he was the lone person who had waved me forward when I wanted to leave my law career, who’d had his concerns about my going to city hall but supported me nonetheless, and who right now was working multiple jobs, partly to compensate for the pay cut I’d taken to become a full-time do-gooder at Public Allies.",74.65953063964844,5.7640864939705745,6.222214031706668,6.0833831885987415,6.18410105354268,74,59
becoming_michelle,We were in the process of building a massive grassroots campaign network— ultimately two hundred staffers in thirty-seven offices—the largest in the history of the Iowa caucuses.,47.51174545288086,6.093911366246175,5.570209762121454,6.200612767634016,5.418452978484332,32,27
becoming_michelle,Which of course it was.,26.2144718170166,6.883744907379151,4.712291287688693,6.883744907379151,4.712291287688693,5,5
becoming_michelle,"Contents Endpaper Photographs Becoming Me Becoming Us Photograph Insert Becoming More Photograph Credits March 2017 hen I was a kid, my aspirations were simple.",573.8521118164062,6.5648292278250056,9.164524369600757,6.868451211291055,9.55121265295057,30,24
becoming_michelle,My father’s feet had started to swell for no obvious reason.,173.1564178466797,5.930045364158494,7.43592659659955,5.704538851976395,6.088027469378127,14,11
becoming_michelle,Her track runner’s legs lay hidden beneath the blankets.,765.265625,6.983318189779918,9.579812334107585,6.5779969626002845,8.932844147698184,12,9
becoming_michelle,I looked at my watch.,23.547574996948242,6.833260774612427,4.5575068432141705,6.833260774612427,4.5575068432141705,5,5
becoming_michelle,All I cared was that we eventually got there.,59.232025146484375,5.644712739520603,5.888305514860925,5.644712739520603,5.888305514860925,9,9
becoming_michelle,There was no ducking the seriousness of his job.,65.75401306152344,7.378888273239136,6.039006687599403,7.437018977271186,6.109692018866848,10,9
becoming_michelle,He chatted with Maya and Konrad and kept an arm hooked around my shoulder as we walked from place to place.,59.33336639404297,5.298056997966183,5.890771953192052,5.266307049164815,6.1468518919177155,23,21
becoming_michelle,"I’d communicated best, I realized now, in smaller venues like the ones I’d done in Iowa.",281.3267517089844,6.563329507907231,8.136093655398298,6.52110006660223,7.434911606499837,24,16
becoming_michelle,His motorcade was too big.,92.02294921875,7.237030665079753,6.523921525385674,7.282016086578369,7.332697740971518,6,5
becoming_michelle,"He was fifty-five years old, but he looked like an old man, with yellowed eyes and arms too heavy to move.",20.36880874633789,5.00837216927455,4.348289016632831,5.20333566930559,4.566577421491648,26,21
becoming_michelle,"On my better days, I gave myself credit for making it happen.",37.35614776611328,5.987265971990732,5.223272876358836,6.15678408741951,5.586947355539496,13,12
becoming_michelle,Barack and I were over the moon.,53.16671371459961,7.214723438024521,5.732450941692644,7.164488877568926,5.176243826183482,8,7
becoming_michelle,A girl named Sasha would brook no fools.,246.82730102539062,7.244389798906115,7.9473568259805445,7.852040112018585,8.782184853809222,9,8
becoming_michelle,Barack and I were surprised by how much furniture we had to pick out in order to make each room feel homey.,30.352800369262695,5.8395243647197885,4.9237576159301195,5.8974075276743285,4.862328503357426,24,22
becoming_michelle,He was three years older than I was—about to turn twenty-eight.,22.381988525390625,5.246618032455444,4.484266451404008,5.572055693828698,4.279377871636086,15,11
becoming_michelle,It wasn’t long before I became less concerned with making sure Malia and Sasha looked like the daughters of a future president than making sure they looked like they at least had a mother.,56.032737731933594,6.149260649825202,5.808161485363479,6.1871632487335075,5.369440124606587,38,34
becoming_michelle,"Though we’d argued over the drain of his political career on our family for years now, I did love and trust Barack.",278.5577392578125,6.635964196461898,8.121633881162396,6.728260676969182,7.351396462700624,26,22
becoming_michelle,"Often, we steadied one another just by listening.",98.39544677734375,6.418393206596375,6.620392057582383,6.236200883984566,7.074499726569461,10,8
becoming_michelle,"I walked to the elevator, hoping to do only one thing, which was to block it all out and go to sleep.",25.463905334472656,5.240432088573773,4.670381606529492,5.239908987825567,4.634699370389061,24,22
becoming_michelle,"I’d spent the last two days trying to act completely normal, pretending I didn’t know that something dangerous and important was about to take place.",46.6671028137207,4.720993184950203,5.54433309702978,4.418754907250404,4.813931226026795,32,25
becoming_michelle,"Several times over the course of that first year in the White House, I found myself picking up books either by or about previous First Ladies, but each time I’d lay them down again.",52.34727096557617,5.515131702455572,5.709692409312777,5.399351519313367,5.184945197398011,39,34
becoming_michelle,"It was a heady experience, being around her—as close-up as I’d ever been to an independent woman with a job that thrilled her.",71.502197265625,5.774319980293512,6.159856411936342,6.099803292233011,5.784478761970664,32,23
becoming_michelle,"After about a week, the girls felt comfortable enough to start traveling to school without me, swapping my mother in as their regular escort, which automatically made drop-offs and pickups a bit less of a production, involving fewer agents, vehicles, and guns.",74.35147857666016,5.875248658657074,6.216287252286459,6.1051408634299325,6.487696785711788,50,42
becoming_michelle,"According to my mother, I was the only person in the family to talk back to Dandy when he yelled.",33.557708740234375,5.666816256263039,5.0685719109005145,5.632560873031617,5.160004556772029,22,20
becoming_michelle,I put my head down and billed my hours.,142.17543029785156,6.728637801276313,7.151327169687286,6.728637801276313,7.151327169687286,9,9
becoming_michelle,"If they looked at all bored, if either one sneezed or started fidgeting, it would do nothing for Barack’s cause.",101.88970184326172,4.96923309744432,6.670781753899069,5.339905223653962,7.399108212882686,29,20
becoming_michelle,"For me, the ceremony itself would become another one of those strange, slowed-down experiences where the scope was so enormous I couldn’t fully process what was going on.",62.11232376098633,5.600234825104209,5.956689955482792,5.624911909516196,5.576382348975066,35,28
becoming_michelle,I saw a lot of things at once.,26.924243927001953,7.005281038582325,4.750833984759696,7.005281038582325,4.750833984759696,8,8
becoming_michelle,I’d seen how just a handful of votes in every precinct could mean the difference not just between one candidate and another but between one value system and the next.,51.466732025146484,5.615483264128367,5.685567781433219,5.360035397609075,4.936743995852397,33,30
becoming_michelle,"My parents loved him for how he could pepper an otherwise folksy speech with Shakespeare quotes and for the famous, mouth-stuffing vigor with which he ate fried chicken at community events on the South Side.",110.75760650634766,5.905408121463729,6.791259794841262,6.075381182347026,6.780522993119192,41,35
becoming_michelle,I watched my brother in the flow of a sweaty game with a group of boys on the adjacent street corner.,86.84957885742188,7.242740063440232,6.440446231642669,7.242740063440232,6.440446231642669,21,21
becoming_michelle,"Barack and the girls I were back in Chicago, at home on Greenwood Avenue, caught in the purgatory of waiting for an entire nation to accept or reject us.",98.86673736572266,6.150808284826138,6.62740715718238,6.339944611849456,6.990711167954144,34,29
becoming_michelle,But occasionally it left me—a detail person—feeling as if I’d lost control of the details.,141.90283203125,5.776078493698783,7.1487248228052,5.4963151752948765,6.579824584242067,23,15
becoming_michelle,I cared too much what the other lawyers thought of me—what they’d think if they spotted our empty seats.,155.6533966064453,5.900734290480614,7.28210645901187,6.022460459617147,6.818905069816445,24,19
becoming_michelle,"Barack and I walked across the marble floors leading to the East Room to find the party in full swing, drinks flowing and elegantly dressed people swirling beneath the sparkling chandeliers.",48.00680923461914,6.040603028403388,5.585167237424376,6.395676713797354,5.874314121825943,36,31
becoming_michelle,"I urged him to let himself sleep late the next morning, to give his body a rest.",32.78638458251953,5.548636343744066,5.035024426477161,5.593948855119593,5.10507197331162,18,17
becoming_michelle,He’d spent the first twenty years of his life going by the nickname Barry.,97.35591125488281,5.829774134299335,6.605194800465209,5.343132036072867,5.038453118204915,17,14
becoming_michelle,He’d been a young man in the 1940s when he first joined the African National Congress and began boldly challenging the all-white South African government and its entrenched racist policies.,37.876976013183594,6.193746675633722,5.243248513733072,6.2496083579129635,4.794526994845778,36,30
becoming_michelle,"It was something deeper than what I normally felt at school, the slow shift of generational gears.",127.75530242919922,6.400127980444166,6.997238191367939,6.5063645769568055,7.152978697126134,18,17
becoming_michelle,What I’ve learned is this: All of them have had doubters.,140.1869659423828,6.123240269720554,7.130963798582842,6.487049655480818,6.428992802471108,16,11
becoming_michelle,"At my first lesson, my legs dangled from the piano bench, too short to reach the floor.",36.332862854003906,6.101633512973786,5.183203605802586,6.3268433388541725,5.457445876842492,20,17
becoming_michelle,"The embarrassment felt like a weight, like something I’d never shake off, even though I knew my parents wouldn’t care whether I’d read every card correctly.",62.500244140625,5.485820425523294,5.965516080023151,5.744674722735699,6.050344231663624,37,26
becoming_michelle,"He read late into the night, often long after I’d fallen asleep, plowing through history and biographies and Toni Morrison, too.",96.94056701660156,5.658000551660856,6.598995566100695,5.72127980987231,6.337708967968948,30,21
becoming_michelle,"Traveling the state and interacting with potential constituents, he was the same man I knew at home—funny and charming, smart and prepared.",49.522422790527344,6.437030089753015,5.630009999617551,6.541839556260542,5.802852361927609,28,22
becoming_michelle,Many young parents had trouble finding affordable child care.,73.32281494140625,6.369603898790148,6.1961901225626965,6.369603898790148,6.1961901225626965,9,9
becoming_michelle,"I admired their resilience, and I wished desperately that they didn’t need it so much.",147.35203552246094,5.284210933862548,7.203004383410313,5.435300342552364,6.526960427773996,19,15
becoming_michelle,"While the rest of us slept, he took down the fences and let everything inside.",65.3155517578125,6.737462345510721,6.0293538734841325,6.763049431641897,6.15339612329338,16,15
becoming_michelle,"As soon as there was time, he took the car over to the body shop at Sears and had it erased.",35.87165832519531,5.861201966350729,5.164772237016705,5.891075744515374,5.285053132826939,22,21
becoming_michelle,e live by the paradigms we know.,74.24929809570312,6.3157498182521925,6.214303718446536,7.467367405337947,7.298759293874774,9,7
becoming_michelle,Fertility is not something you conquer.,168.28372192382812,7.503699915749686,7.394749835360096,6.952983140945435,6.904086579291449,7,6
becoming_michelle,"In 2015, I’d gone back to the South Side of Chicago to speak at the graduation at King College Prep, the high school from which Hadiya Pendleton would have graduated had she lived long enough.",61.6314582824707,5.495986200695814,5.945581446003729,5.260579999997502,5.419991929407443,43,35
becoming_michelle,Did I breathe the air as we stepped outside?,85.7206039428711,6.622758150100708,6.421569515069518,6.622758150100708,6.421569515069518,9,9
becoming_michelle,"So much of the last decade had been about trying to strike a balance between my family my work, figuring out how to be loving and present for Malia and Sasha while also trying to be decent at my job.",35.1836051940918,5.514345496892929,5.136830382797632,5.536757658421993,5.110401089232849,42,40
becoming_michelle,We plow through the dry grass and leap over the flowers.,46.23978805541992,7.261851668357849,5.531062953546598,7.457712802019986,5.774424603236949,12,11
becoming_michelle,"And we had a new and entertaining baby in the house to talk about as well—a seven-month-old, completely rambunctious Portuguese water dog we’d named Bo, a gift to our family from Senator Ted Kennedy and a fulfillment of the promise we’d made to the girls during the campaign.",49.02704620361328,5.934605364974302,5.615371413057666,6.423414848985785,5.730368180957126,65,48
becoming_michelle,"Beginning to feel more confident that Sasha and Malia were comfortable in their routines school, I’d left my mother in charge for the few days I’d be abroad, knowing that she’d immediately relax all my regular rules about getting to bed early and eating every vegetable served at dinner.",93.23701477050781,5.944478888003553,6.542798616589129,6.126309671268171,6.576328273279954,61,49
becoming_michelle,My husband is a writer finishing a book.,87.3320083618164,6.874424010515213,6.44843312500628,6.874424010515213,6.44843312500628,8,8
becoming_michelle,"He knew, of course, how I felt.",18.31494140625,4.845989846520954,4.194949561715923,5.075934861387525,4.211236772268461,9,7
becoming_michelle,"He was teaching a class on racism and the law at the University of Chicago Law School and working by day at his law firm, mostly on cases involving voting rights and employment discrimination.",23.16973304748535,5.6902950661523,4.53416964077334,5.658476138816161,4.430821822725934,35,34
becoming_michelle,"It wasn’t homey, but now that I viewed everything through the lens of our fast-moving romance, it felt like home.",79.4502182006836,6.091840150466721,6.311929036289426,6.137226123242483,5.740066976361179,28,20
becoming_michelle,"Some continue to have roaring, stadium-sized collections of critics and naysayers who will shout I told you so at every little misstep or mistake.",80.22439575195312,5.990168938040734,6.325961585907509,6.260693105972475,6.867065835875425,30,24
becoming_michelle,"I’d later see a media photo of Sasha taken during the morning trip to school, one that brought me to tears.",171.19964599609375,6.783060045242309,7.419535445855773,6.611722230911255,6.653752168171337,25,21
becoming_michelle,"I conceived of it as a kind of outdoor classroom, a place kids could visit to learn about growing food.",46.82279968261719,6.142962335121064,5.549138659648479,6.159610418975353,5.667259658471514,21,20
becoming_michelle,"We got used to it, eventually, sort of—the strange grandeur of our new home and also the constant, quiet presence of others.",63.63520050048828,6.427572251696672,5.991752810745516,6.312505900746945,5.730491684174477,28,22
becoming_michelle,"Two months later, just weeks before the election, a tape would surface of Donald Trump in an unguarded moment, bragging to a TV host in 2005 about sexually assaulting women, using language so lewd and vulgar that it put media outlets in a quandary about how to quote it without violating the established standards of decency.",23.76466941833496,4.961109206589754,4.570746024754186,5.0834624861489015,4.6967684696097285,64,56
becoming_michelle,"Aides took phone calls, attended meetings, and drafted statements on my behalf.",50.378692626953125,5.797093137105306,5.654741584247815,5.61288399497668,5.461341970247144,15,12
becoming_michelle,"These were happy, well-adjusted teens with lives that were accordingly rich with activities and social intrigue having nothing to do with their parents.",84.30853271484375,6.484530821442604,6.397606667856762,6.464909169552982,6.5249531171849835,26,23
becoming_michelle,"She wore a navy-blue swim cap and a one-piece bathing suit and diligently motored through her laps, stopping once in a while to take advice from the coaches, chatting merrily with her teammates during the prescribed breaks.",46.483890533447266,5.370685771687163,5.538657207579968,5.523092209101394,5.984405959206323,45,37
becoming_michelle,The Queen immediately picked up on my hesitation.,170.71533203125,6.59842911362648,7.415448236519613,6.59842911362648,7.415448236519613,8,8
becoming_michelle,"Diane was in my grade, and Pam a grade behind.",392.8136291503906,7.225041111310323,8.617698990857876,7.0356954574584964,8.972594983780905,12,10
becoming_michelle,"The important parts of my story, I was realizing, lay less in the surface value of accomplishments and more in what undergirded them—the many small ways I’d been buttressed over the years, and the people who’d helped build my confidence over time.",55.64280700683594,5.247769496942821,5.798068425930635,5.228277162072205,5.894357510256392,57,42
becoming_michelle,"A single day can feel endless, and then suddenly six months have blown right past.",116.889892578125,5.868980258703232,6.869006576168295,5.945721618334452,7.184789452127254,16,15
becoming_michelle,Did he know I’d never read it?,197.13548278808594,6.539643239974976,7.622994825883547,6.770056315830776,5.825847522957716,10,7
becoming_michelle,"Some were seduced by weeknight keg parties, some were crushed by the stress of trying to live up to some scholarly ideal, and others were just plain lazy or so out of their element they needed to flee.",45.38798904418945,6.221019682322824,5.504236043802645,6.3053785293902225,5.7225709623604795,43,38
becoming_michelle,"This visit was a long way from my first trip to Kenya in 1991, when I’d ridden around with Barack matatus pushed Auma’s broken-down VW along the side of a dusty road.",109.18229675292969,6.4631962083106815,6.770474020142428,6.226074737682938,6.1207658650311805,43,32
becoming_michelle,It was a critical moment for such a gathering.,54.8518180847168,7.1153603129916725,5.777466800843389,7.1153603129916725,5.777466800843389,9,9
becoming_michelle,"I was focused completely on Sasha, making sure she was smiling and not about to trip over her own booted feet.",64.62902069091797,6.040538915178993,6.014102922155899,6.042247565019698,6.017838916411226,22,21
becoming_michelle,I was eating a meal.,76.36380767822266,8.313011837005615,6.254816630201186,8.313011837005615,6.254816630201186,5,5
becoming_michelle,"Meanwhile, from my bedroom window, I could observe most of the real-world happenings our block of Euclid Avenue.",61.16539764404297,5.779385853015508,5.934643217682667,5.961067697429961,6.436984626956391,24,18
becoming_michelle,"I was nervous about heading off to college but found many close friends there, including Suzanne Alele, who taught me a lot about living joyfully.",57.60675811767578,5.846661921205191,5.848164923529917,6.012018278439839,6.237012233261478,29,25
becoming_michelle,"Barack had spent a lot of time in churches during his time as a community organizer, which had left him with an appreciation for organized religion, but at the same time he remained less traditional.",21.62411117553711,5.090494278818369,4.43456844040478,5.048682475728648,4.324358860308003,38,35
becoming_michelle,"Because people often ask, I’ll say it here directly: I have no intention of running for office, ever.",70.82121276855469,5.306288038690885,6.146047334512661,5.373288323481877,5.385680065444345,24,18
becoming_michelle,"“Tell Mrs. Obama,” she said.",436.9968566894531,6.981010577895424,8.771473449450596,6.648080903291702,6.795103233795641,11,5
becoming_michelle,"Getting off the bus, I’d noticed that along with their book bags a lot of the girls carried actual purses.",113.85282897949219,6.802165854927153,6.830879731587163,6.9948370715952475,6.322301040444468,25,20
becoming_michelle,"Not because he wasn’t fully devoted to our marriage—this is and has always been a meaningful certainty in my life—but because having been brought up in a family where everyone always showed up, I could be extra let down when someone didn’t show.",49.70338821411133,4.988376930166312,5.635175404687775,5.229537365162138,5.6926987487160225,54,43
becoming_michelle,They didn’t own a house.,370.7082214355469,6.0612833723425865,8.534067928461452,7.029931673407555,6.573007024029545,8,5
becoming_michelle,"I was focused on not wasting any of the opportunities I now had, but sometimes I to remind myself just to breathe.",55.09481430053711,5.31397159980691,5.783844852310197,5.332134363326159,5.918259348542375,23,22
becoming_michelle,"Look how I’m managing, I wanted to say in those moments, to my audience of no one.",139.1147918701172,6.573634039271962,7.12011014200887,6.649402492186603,6.4048613502238165,22,17
becoming_michelle,"By the time Barack and I climbed back in, the two girls were breathless and laughing, having released themselves from all ceremonial dignity.",91.7248306274414,5.909885837481572,6.519239426494634,6.0621039012204045,6.898868850054355,26,23
becoming_michelle,"These interactions felt natural, genuine.",319.7198181152344,6.589032769203186,8.320663718839297,6.767945146560669,8.604527526364723,6,5
becoming_michelle,Malia and Sasha’s bond has always been tight.,255.37576293945312,7.6058839956919355,7.996476652324923,7.096417337656021,6.392452689894377,12,8
becoming_michelle,"And yet a pernicious seed had been planted—a perception of me as disgruntled and vaguely hostile, lacking some expected level of grace.",127.9295883178711,6.63686872439252,6.999204843013134,6.734730438865495,7.088716469565907,27,22
becoming_michelle,I didn’t exactly want a life like my parents had.,190.80841064453125,5.717262881593062,7.5759313938189985,6.157338079530746,6.156229057009248,13,10
becoming_michelle,"The bad news was that nearly a decade into two conflicts characterized by surprise attacks and hidden explosive devices, those injuries were plentiful and grave.",136.69482421875,5.989974035666539,7.094813484656454,6.000262203216553,7.1936481990100285,26,25
becoming_michelle,I talked about the fears I’d had early on about raising our daughters in the White House and how proud I was of the intelligent young women they’d become.,59.2759895324707,5.3022665739059445,5.888894342482358,5.439751633282365,5.447172923842793,35,29
becoming_michelle,"More than anything, I wanted them to be strong, to have a certain steeliness, the kind that would keep them upright and forward moving, no matter what.",23.476285934448242,5.831956457346678,4.55313207876473,5.964232659634248,4.721876287644997,32,27
becoming_michelle,"I would go on to spend the summer of 2008 moving faster and working harder, convinced that I could make a positive difference for Barack.",57.92705535888672,5.291215479373932,5.856164230412744,5.274892449378967,5.729285038050103,26,25
becoming_michelle,I didn’t command troops or engage in formal diplomacy.,527.7254638671875,6.103401650053759,9.04358843218073,6.721087015026973,7.750274835729439,12,9
becoming_michelle,"Sitting in the dark next to Barack, I was riveted, a little emotional, and for a short while able to get lost in the performance and the sense of quiet contentment that came with just being off duty and out in the world.",35.91257095336914,5.389733494696569,5.166416483325379,5.494129758299321,5.351296227395943,49,43
becoming_michelle,I wanted Americans to understand that words matter—that the hateful language they heard coming from their TVs did not reflect the true spirit of our country and that we could vote against it.,40.232975006103516,5.12839389187949,5.330306100571514,5.113791269485396,5.3901384709614835,35,33
becoming_michelle,"In the end, it boiled down to this: I said yes because I believed that Barack could be a great president.",16.924951553344727,5.098654130230779,4.08107983513188,5.117187698682149,4.237965091560764,23,21
becoming_michelle,"At work, I was still attending all the meetings I always had while also grappling with most of the same responsibilities.",64.60923767089844,6.213247501037338,6.013668148127789,6.164266479866845,6.1849641694236315,22,21
becoming_michelle,It was hard to know what to say or not say to our girls about the shooting.,26.00632095336914,5.831624423756319,4.700790264691013,5.831624423756319,4.700790264691013,17,17
becoming_michelle,"Most of my staff was there, including Sam Kass, who’d left the White House in 2014 but had returned for the occasion.",113.9312515258789,6.4665185455922725,6.831968643296424,6.541917112740603,6.154434598412208,27,22
becoming_michelle,"Even as I was still rather fanatically devoted to neatness, I was losing the battle.",70.43482208251953,7.107238918542862,6.138216367234885,7.319344730509652,6.719864484958795,18,15
becoming_michelle,I took heart in what I thought I understood about the qualities Americans would and wouldn’t tolerate in a leader.,145.0215606689453,5.766821821736496,7.1797854624730135,6.007119846899878,6.546223973627875,23,20
becoming_michelle,"Their trust in the world seemed infinite, their forward progress in it entirely assured.",170.330078125,7.343858464558919,7.412188731597758,7.531157493591309,7.593285012322999,15,14
becoming_michelle,"Not only had Barack signed a memorandum earlier that day to create a first-of-its-kind federal task force on childhood obesity, but the three major corporate suppliers of school lunches had announced that they would cut the amount of salt, sugar, and fat in the meals they served.",21.690176010131836,5.096134482486696,4.438969846951832,5.46058876378466,5.021293532384843,57,47
becoming_michelle,"Before Barack’s presidency was over, our girls would enjoy a baseball game in Havana, walk along the Great Wall of China, and visit the Christ the Redeemer statue in Rio one evening in magical, misty darkness.",67.97850799560547,5.618814073462525,6.08698136984367,5.749158824880229,6.116166775385215,46,36
becoming_michelle,"Then, somewhat oddly, both the Democratic front-runner in the primary and the ensuing Republican nominee became embroiled in scandals involving their ex-wives.",29.62557601928711,5.632228048784392,4.888770630252962,6.128145317236582,5.370829013914806,28,22
becoming_michelle,"I can’t remember the circumstances exactly, whether I couldn’t find a babysitter that day or whether I’d even bothered to try.",41.5468864440918,4.781806722981855,5.376654320111645,5.345313893631101,5.451395518110145,32,21
becoming_michelle,"He wasn’t a preacher, but he was definitely preaching something—a vision.",134.48004150390625,6.0994092185488515,7.07121012879977,6.180192144771079,6.615619428102898,17,11
becoming_michelle,The news could never be ignored: An earthquake devastates Haiti.,202.25375366210938,6.188315726816654,7.660022151169201,6.353877387940884,8.137917115535727,12,10
becoming_michelle,"The bulk of our time, of course, was still spent at work, in the plush stillness of the Sidley & Austin offices, where every morning I shook off any dreaminess and zipped myself back into my junior-associate existence, returning dutifully to my stack of documents and the demands of corporate clients I’d never once meet.",77.06930541992188,5.837308462398748,6.267953014223392,6.050089069613905,6.334725545335785,72,55
becoming_michelle,Cleopatra stood up and spoke about her daughter.,40.50734329223633,6.966618156433105,5.3401111783810595,6.52889887491862,4.73019965550815,10,8
becoming_michelle,"For me, it revived an old internal call-and-response, one that tracked all the way back to high school, when I’d shown up at Whitney Young and found myself suddenly gripped by doubt.",78.0831069946289,5.7189689848039835,6.286836387879712,5.9039673175429925,6.330321494421779,42,32
becoming_michelle,"A year or so earlier, I’d sat with my parents in their living room, bursting with pride as we watched Santita and her siblings introduce their father at the 1988 Democratic National Convention.",60.67818069458008,5.990524996931736,5.9230645478381705,5.819801226258278,5.325470220383359,39,33
becoming_michelle,"We also wanted to fight the stigma surrounding the mental health issues that followed some of our troops home, and planned to lobby writers and producers in Hollywood to include military stories in their movies and TV shows.",41.34503936767578,5.698595908971933,5.369640836212202,5.724997790236222,5.441858826529898,39,38
becoming_michelle,Some of this was spawned by the response people tended to have to my life story—the surprise that an urban black girl had vaulted through Ivy League schools and executive jobs and landed in the White House.,50.98387908935547,6.1940898347646,5.67196810063983,6.210559468850628,5.647409930681241,40,37
becoming_michelle,"Democratic voters knew the Clintons, and they were hungry for a win.",44.51205825805664,6.958566005413349,5.476123877340216,7.018948872884114,5.670314014413342,13,12
becoming_michelle,"And on came the voice of this senator’s wife, pleasant and warm.",291.122802734375,7.499396651983261,8.185472649900603,7.912986010313034,7.208259947829725,16,12
becoming_michelle,"Though the updates were generally positive, the political chatter was the last thing I wanted to hear.",36.02886962890625,6.861642857392629,5.171080940242271,6.956913555369658,5.383143435124794,18,17
becoming_michelle,"Having sat through scores of high school and college games, I recognized a good player when I saw one, and Barack quickly passed the test.",51.55550003051758,5.456363757451375,5.688049929893311,5.439050407409668,5.95944534781006,27,25
becoming_michelle,"So many of my friends judged potential mates from the outside in, focusing first on their looks and financial prospects.",73.87647247314453,6.250150129908607,6.207034941459888,6.27165190577507,6.137091471413361,21,20
becoming_michelle,"This was a heated election, sure, but Barack was being attacked for all the wrong things.",43.993804931640625,5.449121923910247,5.45922827779633,5.686690466478467,5.6663974059711215,18,16
becoming_michelle,"He’d held the post for years, in part because loyal service to the party machine was more or less expected of city employees.",132.86837768554688,5.932405002811855,7.0538519681127205,5.654700511317376,6.310577883755628,27,23
becoming_michelle,This was to be a true night off.,104.43743133544922,8.098114371299744,6.70649520753143,8.098114371299744,6.70649520753143,8,8
becoming_michelle,"“If you’re going to come, Miche,” she said, “you’d better get to it.” By then, Suzanne had been moved to a hospital.",71.8731918334961,5.834164168776535,6.167377416485103,5.9081209681250835,5.3823564876631105,41,22
becoming_michelle,Barack sat up in his seat.,103.46793365478516,5.243097373417446,6.693035799272438,4.8558860421180725,5.389933842876388,7,6
becoming_michelle,"For about a week, we stayed in a borrowed apartment belonging to family friends and made trips every day to the ocean, to swim and laze about in the sun.",40.930233001708984,5.892916097672599,5.3550948118857296,5.908631948505839,5.5598865204055965,33,30
becoming_michelle,"He clashed regularly and fearlessly with the mostly white old-guard members of the city council and was viewed as something of a walking legend, especially among the city’s black citizens, who saw his leadership as kindling a larger spirit of progressivism.",62.79790115356445,5.620380014765496,5.972579292782971,5.760130930237654,5.9675290718327325,51,41
becoming_michelle,"Either way, we were well past the point of any sort of stopgap treatment.",34.12769317626953,6.63255462422967,5.092871046561036,6.743562038455691,5.0526748364568865,16,14
becoming_michelle,"And then again, there was something painfully familiar in the menace and male jocularity of that tape.",89.43704986572266,6.096482717990876,6.482799035465311,6.496827681859334,7.346789419519977,20,17
becoming_michelle,"For me, it had always been important that people see Barack as human and not as some otherworldly savior.",41.71580123901367,5.357159398850941,5.382521902588517,5.2859008625934,5.377972025941667,21,19
becoming_michelle,"But between the small man and the grown man, the point had been made.",35.711204528808594,6.610208988189697,5.158304938225833,6.691956554140363,5.403993679886807,15,14
becoming_michelle,Plans were always being made.,64.87550354003906,6.879185795783997,6.019601435755933,6.600902700424195,5.778414189192114,6,5
becoming_michelle,"He’d first befriended Craig on the neighborhood basketball court in Rosenblum Park a few years earlier, joining pickup games when he came to visit relatives who lived on Euclid Parkway.",104.9507827758789,5.297592545026227,6.713565259978043,5.156617878708575,6.411725823945925,38,30
becoming_michelle,"You’re not my boss,” he said.",200.40191650390625,6.923582231005033,7.646749531439901,7.026429372529189,5.764742573855791,12,6
becoming_michelle,"t sounds a little like a bad joke, doesn’t it?",86.46293640136719,6.087111631474857,6.433898676210982,6.945478128199466,5.451862915764219,14,10
becoming_michelle,I tried to make sure that our interactions with staff were respectful and affirming.,32.85689926147461,6.115462032953898,5.038124422897895,6.4074750031743735,5.32822066207482,15,14
becoming_michelle,"I was seventeen years old, and my life was under way.",24.23800277709961,5.410033695399761,4.599198949182814,5.500041119076989,4.854191645770114,12,11
becoming_michelle,"But here, finally, speaking to those girls, I felt something completely different and pure—an alignment of my old self with this new role.",64.23998260498047,5.901889426367624,6.005399705646602,6.034301322439442,5.824614293243042,28,23
becoming_michelle,What struck me was how assured he seemed of his own direction in life.,48.661537170410156,5.8983056374958585,5.604708894966576,5.8983056374958585,5.604708894966576,14,14
becoming_michelle,"When Craig and I got our report cards at school, our parents celebrated by ordering in a pizza from Italian Fiesta, our favorite place.",110.45576477050781,7.144733337255625,6.787323411805853,7.289576172828674,7.038795618552046,26,24
becoming_michelle,"No matter how hard we tried, we couldn’t seem to come up with a pregnancy.",47.85593032836914,4.191467719691756,5.580548326886582,4.2803555828984825,4.506875708092113,19,15
becoming_michelle,"Barack was elected to the Illinois senate in November 1996 and sworn in two months later, at the start of the following year.",24.247533798217773,4.373065222203731,4.599765312439432,4.203786350786686,4.362325461670472,25,23
becoming_michelle,I would need to hustle and learn.,77.18265533447266,6.243636980652809,6.270203336771596,6.691202700138092,6.891285692148144,8,7
becoming_michelle,"It was the earliest presidential candidate had been given a protective detail ever, a full year and a half before he could even become president-elect, which said something about the nature and the seriousness of the threats against him.",34.802799224853516,5.600440277609715,5.1211313859054695,5.79699116696914,5.21788475830475,43,39
becoming_michelle,"Here was an invitation to undo some of that, to knock down barriers where I could— mostly by encouraging people to get to know one another.",52.314517974853516,5.952179443091154,5.709137353749695,5.851989950698155,5.43536946658717,28,26
becoming_michelle,"Seeing women and their children walking happily along a street, I’d feel a pang of longing followed by a bruising wallop of inadequacy.",108.74615478515625,5.90592095653216,6.764796032240628,6.283859858046407,6.9467568383602405,30,23
becoming_michelle,It was a thing we’d always have to navigate.,285.9689636230469,6.761577268441518,8.157123537345571,6.947988159126705,6.617410294073938,12,9
becoming_michelle,I would later be awarded the honor of looking after the legal concerns of Barney the Dinosaur.,127.80380249023438,7.563997619292316,6.997786219550261,7.563997619292316,6.997786219550261,17,17
becoming_michelle,I went to the evening show.,82.2558364868164,7.850079854329427,6.362045618418151,7.850079854329427,6.362045618418151,6,6
becoming_michelle,"He read all the IVF literature and would talk to me all night about it, but his only actual duty was to show up at the doctor’s office and provide some sperm.",59.020294189453125,5.788930209907326,5.883123856296335,5.954485381953418,5.662262920477406,37,32
becoming_michelle,"Within a matter of months, his agent had resold it to a new publisher, paying off his debt and securing a plan for publication.",31.978256225585938,6.4471223823450226,4.999019608737382,6.524565367028117,4.961825948165321,27,24
becoming_michelle,"I found myself caught between looking back and looking forward, mulling over one question in particular: What lasts?",45.98125076293945,4.895625725033737,5.522973014808443,5.099177332594991,5.805954007473314,21,18
becoming_michelle,"I loved any time I could glimpse my daughters in the context of their own worlds—free from the White House, free from their parents, in the spaces and relationships they’d forged for themselves.",77.453857421875,6.5826877996325495,6.274069549065549,6.666686050217562,5.6887386449856105,40,33
becoming_michelle,"The amount of attention was disorienting, especially because I felt as if we hadn’t really done much to deserve it.",50.02128601074219,5.188399747622987,5.64441519123553,5.459196046565194,5.30111037198429,26,20
becoming_michelle,"Every so often, he’d hand me the latest copy of magazine, smiling proudly and saying, “I got you covered, Mrs. Obama.” Life was better, always, when we could measure the warmth.",112.54046630859375,6.410672739796016,6.814285473083058,6.491036324090856,6.365569992261509,46,31
becoming_michelle,"Terry was like a shadow, a distinguished-looking man who wore three- piece suits every day of the week and pretty much never said a word.",45.45982360839844,5.879967245562323,5.5065186960144725,5.726061019897461,5.39335745191316,29,25
becoming_michelle,How could Malia have guessed that she’d have men with guns following her to prom someday?,287.64703369140625,6.393396949768066,8.16810070911843,6.554447464644909,7.79446536604376,20,16
becoming_michelle,"I was appalled that many girls—more than 98 million worldwide, in fact, according to UNESCO statistics—didn’t have access to it.",65.66778564453125,4.513244902297598,6.037094822818288,4.867694828139308,5.834641591919494,29,20
becoming_michelle,"I, meanwhile, reached out to the country’s most powerful CEOs, generating commitments to hire a significant number of veterans and military spouses.",88.24085998535156,6.550171451909201,6.463369790513257,6.483334236524322,5.741328073190799,28,22
becoming_michelle,"But the axis had shifted: I was now trying to balance parenting with something altogether different and more confusing—politics, America, Barack’s quest to do something important.",172.97164916992188,6.167726204675787,7.4343856153005135,6.372677978414756,6.84508884861024,34,26
becoming_michelle,"As tiring as it was, he’d loved his job for what taught him about Chicago’s complex political system and for proving that his organizing instincts could work on a larger scale.",75.02933502197266,5.7123869978464565,6.229350088746484,5.587109520550697,5.716267904256589,39,31
becoming_michelle,"It aggravated me sometimes no end, but it was also what I could never disavow in Barack.",136.3275604248047,5.511454795095089,7.09092628050082,5.732745556023849,7.6029518441209305,19,17
becoming_michelle,"I could stand on the Truman Balcony and watch the tourists posing with their selfie sticks and peering through the iron fence, trying to guess at what went on inside.",43.419456481933594,5.9746799661832695,5.440267962549042,6.250956554545296,5.822412896889454,34,30
becoming_michelle,I was a traditionalist and Barack was not.,69.76663208007812,7.227696471744114,6.124464653503212,7.199029922485352,6.569143800132847,9,8
becoming_michelle,"spent a good chunk of that August toiling in a rented conference room at a hotel in Washington, D.C., having been dispatched to help prepare a case.",32.39213180541992,6.285714932957269,5.017571472280154,6.694652043433894,5.250893731291457,33,27
becoming_michelle,"When one or both of us traveled somewhere in the wake of a tragedy, it was often to remind Americans not to look too quickly past the pain of others.",38.4402961730957,5.500049915765563,5.2645475715303265,5.523053838560979,5.370482681839232,31,30
becoming_michelle,"As the months went by, we cooked, worked, laughed, and planned.",37.926692962646484,6.150422342618307,5.245141568942638,6.482243586670268,5.756003484775425,15,11
becoming_michelle,Our girl was finding her way.,104.39924621582031,7.576596260070801,6.705966909694259,7.576596260070801,6.705966909694259,6,6
becoming_michelle,And I acknowledged the stark choice now being put before the country.,230.506591796875,5.573088119427363,7.8486642191646405,5.573088119427363,7.8486642191646405,12,12
becoming_michelle,"Thousands of others had come to D.C. to perform in the many other events being held in the days leading up to the inauguration, and tens of thousands more had come to watch.",13.371293067932129,5.540964225256765,3.7410674326547406,5.7552136521447785,3.964796102154594,37,33
becoming_michelle,"I wanted a family and Barack wanted a family, too, and now here I was alone in the bathroom of our apartment, trying, in the name of all that want, to screw up the courage to plunge a syringe into my thigh.",52.256492614746094,5.360398564953357,5.707536532914062,5.528696501982354,6.023860945862159,48,42
becoming_michelle,"I was recognized more often now, mostly by African American women who’d call out “Michelle!",323.95245361328125,6.223690418970017,8.339472572556149,6.118066083060371,7.376837555864801,21,15
becoming_michelle,"The animals were larger than I expected, languid and sinewy, their tails flicking as they monitored our approach.",50.805397033691406,5.59387148086292,5.666903798628024,6.203637029277161,6.288363486700539,24,18
becoming_michelle,"In my dressing room, I’d put on a new dress and then squat, lunge, and pinwheel my arms, just to be sure I could move.",64.78693389892578,6.2000084133709175,6.017510671367746,6.353035315672556,5.704049770476688,34,25
becoming_michelle,"Once he’d left, we got to explore the midway on our own, the air rushing past us as we rocketed down a giant yellow slide on burlap sacks.",159.95263671875,6.626802217960358,7.32147274525838,6.6870536389095445,7.216091069722744,35,28
becoming_michelle,I was still earning my grace.,276.8475341796875,8.258492231369019,8.112947507495724,8.258492231369019,8.112947507495724,6,6
becoming_michelle,"“You’re so much more of an asset than a liability, Michelle, you have to know that,” he said, looking stricken.",106.94127655029297,6.549410596970589,6.740673022134305,6.245469029744466,5.335431789144669,31,20
becoming_michelle,"We had nothing to do, and it thrilled us.",39.88058090209961,4.981280183792114,5.317612327420671,5.1162815358903675,5.426654238581492,10,9
becoming_michelle,This last bit was something I thought I could rectify.,29.467849731445312,5.915859969840809,4.881069771910256,6.245092612318695,5.254523603034945,11,10
becoming_michelle,I knew there were other senators with spouses who chose to live in their hometowns rather than in D.C.,30.2921085357666,5.42184817401523,4.9208704335217055,5.964762746830258,5.4980740434209165,22,19
becoming_michelle,And I didn’t need to be wowed.,182.27357482910156,5.282831910066307,7.509848053604362,6.133220282017386,6.340605403241718,11,7
becoming_michelle,"Though they’d left their home state of Kansas back in the 1940s, his grandparents seemed to me like the misplaced midwesterners Barack had always described them as.",124.4666748046875,6.13223635449129,6.959451711191671,6.281627738917315,6.401981415354279,34,27
becoming_michelle,"I didn’t listen to the call he made to his legislative aide that day, explaining that he’d miss the crime-bill vote.",111.81129455566406,5.595255929790437,6.804901381695931,6.043211422705402,5.929626567537396,30,21
becoming_michelle,"I’d visited plenty of those clubs over time, raising money for Public Allies, raising money for Barack’s campaigns.",227.9010772705078,5.9235024727307835,7.832261474889186,5.746373512678677,7.189056930659122,26,18
becoming_michelle,"He’d later buy me my first album, Stevie Wonder’s Talking Book, which I’d keep at his house on a special shelf he designated for my favorite records.",125.03178405761719,6.505141282692934,6.966149786422659,6.564370591331412,6.715669932679254,39,27
becoming_michelle,"I wanted to have a work life and a home life, but with some promise that one would never fully squelch the other.",48.78800964355469,5.796338237535495,5.608454768391657,6.1629040311428085,5.950161827057333,26,23
becoming_michelle,"She was thirty years old when she joined Washington’s staff in 1987, at the start of his second term.",62.0797233581543,4.831992169113263,5.956036069784234,4.588833453231736,4.890993237547877,23,19
becoming_michelle,"In the span of about five hours, the carpets had been steamed to help keep Malia’s allergies from being activated by traces of the former president’s dogs.",89.00425720214844,6.057215022074209,6.475788382989068,6.310624719107592,6.458016977284857,37,27
becoming_michelle,"Most amusing to me was the fact that he now had three personal military valets whose duties included standing watch over his closet, making sure his shoes were shined, his shirts pressed, his gym clothes always fresh and folded.",65.20433807373047,6.3713020912625575,6.0268958990626125,6.558088505879427,6.171947040554377,44,39
becoming_michelle,Nobody’s death would ever replace a life.,460.130126953125,7.018524122238159,8.84589646322517,6.6790914705821445,7.721995588990085,10,7
becoming_michelle,"I couldn’t have known it then, but these questions would come to dominate the next decade of our lives, pulsing like a drumbeat behind almost everything we did.",62.92292404174805,5.290371880148139,5.975506199393288,5.582774630282074,5.670811750851711,35,28
becoming_michelle,"At the time Barack took office, nearly a third of American children were overweight or obese.",14.21148681640625,4.029766683192814,3.8289858412272677,4.002481383271515,3.7837627627869823,17,16
becoming_michelle,"At meals, we often packed ten or more around a table, laid-back and laughing.",90.6567611694336,6.371242549684313,6.502341414394228,6.793020009994507,7.02574293859388,18,14
becoming_michelle,"In my life, I’d heard plenty of empty words coming from important people, lip service paid during times of crisis with no action to follow.",111.28185272216797,5.604023830095927,6.797535396858545,5.6908684349060055,6.135234900304572,30,25
becoming_michelle,"Among other things, we began hiring and training patient advocates—friendly, helpful local people, generally— who could sit with patients in the ER, helping them set up follow-up appointments at community health centers and educating them on where they could go to get decent and affordable regular care.",44.22175216674805,5.5378937268895765,5.4666837114390825,5.56640757799994,5.507625923105884,56,47
becoming_michelle,Optimism reigned in my family’s little apartment on Euclid Avenue.,259.22833251953125,6.349629766800824,8.018076063701015,6.4586353421211244,7.191014673177276,17,10
becoming_michelle,"They talked about things that were foreign to me, like summer internships and historically black colleges.",39.864837646484375,5.7033108323812485,5.317044589806943,5.977995879016817,5.742509718462895,18,16
becoming_michelle,"Inexperienced and unprepared, she’d quickly become a national punch line.",238.59730529785156,7.551484837251551,7.898421092156635,7.592752751708031,6.9745597215574495,17,10
becoming_michelle,"By coincidence, it turned out Barack and I had met Sam years earlier through a different set of friends.",67.87401580810547,5.048332203179598,6.08478701213321,5.032204898564439,6.265881587279086,20,19
becoming_michelle,"Southside had separated from my grandmother decades earlier, when my mother was in teens.",106.5492935180664,6.122960463166237,6.735375861096216,5.853945093495505,6.6967161445673655,16,14
becoming_michelle,"Looking out at the crowd in the garden, I was emotional.",49.557003021240234,7.422991514205933,5.631016170070321,7.478603016246449,5.937937014061789,12,11
becoming_michelle,"They’d also raised enough money to launch a new chapter in Chicago, becoming one of the first organizations to receive federal funding through the AmeriCorps service program created under President Clinton.",44.2338752746582,5.1541328251202545,5.467078852140727,5.134300169247698,5.045949575155372,38,31
becoming_michelle,"We’d trekked through auditoriums all over the country, eaten more fast food than we ever wanted to, and shown up for fancy fund-raisers at homes so opulent we’d had to actively keep ourselves from gawking.",77.74750518798828,5.482845535931679,6.280703373526981,5.837778256478764,6.5304637882914545,52,35
becoming_michelle,I’ll never forget the spirit of optimism and resilience that lived in the service members and military families I met during visits to Walter Reed Medical Center.,89.55078125,5.591862978537877,6.484633551991047,5.382785401962422,5.848836560956053,30,27
becoming_michelle,"That morning, Barack and I went to church with the girls, my mom, Craig and Kelly, Maya and Konrad, and Mama Kaye.",55.806461334228516,5.890249301647318,5.802359186001816,6.126821178378481,6.081254825094635,29,22
becoming_michelle,"In the dining room, he built an elaborate cabinet system to hold his stereo equipment, much of it scavenged at yard sales.",55.62314987182617,5.953364382386208,5.7976131135459745,6.164692532271147,5.989011472195326,25,22
becoming_michelle,"He was galled by the day’s headlines, by the state of the world as shown on TV, by the young black men—“boo-boos,” he called them—whom he perceived to be hanging uselessly around the neighborhood, giving black people everywhere a bad name.",53.57250213623047,6.041064851813847,5.743419778554622,6.410265982999064,5.450509810018149,63,41
becoming_michelle,I stood waiting at the private terminal as Barack’s plane touched down.,240.6349639892578,5.96422943683962,7.910675943757827,5.835412378267695,7.27935921533378,15,12
becoming_michelle,"t the end of 1999, when Malia was almost eighteen months old, we took her to Hawaii Christmastime to visit her great-grandmother Toot, who was now seventy-seven years old and living in the same small high-rise apartment she’d been in for decades.",31.732614517211914,5.078002557063759,4.98775313452639,5.383983675523528,5.206259539117787,59,42
becoming_michelle,"At school, she was one of those kids who signed up for every AP class available and seemed to ace them all.",38.23578643798828,5.841212577793909,5.2568515382516745,5.835963627831503,5.363629819694888,23,22
becoming_michelle,"This, to me, was progress.",25.17340660095215,5.631546190806797,4.653828360937643,5.558670878410339,4.970991876864865,7,5
becoming_michelle,"Barack and I belonged to the same gym, run by a jovial and motivating athletic trainer named Cornell McClellan.",74.82682800292969,6.603673640340567,6.225482989677198,7.198851449905256,6.828766122000775,25,19
becoming_michelle,"As a girl, I’d passed whole days playing “mommy” to my dolls, pretending that I knew how to dress and feed them, brushing their hair, and tenderly putting Band-Aids on their plastic knees.",87.68163299560547,5.655145092610726,6.454151102546669,5.880661108174756,6.545188258402995,49,33
becoming_michelle,"“That’s right!” bellowed, finally convinced.",471.8409423828125,6.870481681823731,8.88214318973799,6.7109151105086,8.175546171240747,15,5
becoming_michelle,Neither of us was invested in the outcome.,25.2166805267334,6.910943388938904,4.656306513848659,6.910943388938904,4.656306513848659,8,8
becoming_michelle,I was doubtful he’d earned the hype.,1522.6651611328125,6.637410759925842,10.572232757591186,7.1397464871406555,8.557349150488808,10,7
becoming_michelle,"On my way, I was learning, was the product of Barack’s eternal optimism, an indication of his eagerness to be home that did nothing to signify when he would actually arrive.",127.7046890258789,6.065751660027002,6.996651423974662,6.317045031055327,6.816460053179888,38,31
becoming_michelle,"It suited our father’s personality, he said.",301.8684997558594,6.367636658928611,8.23777053847886,6.4716066803251,7.551651181069209,11,7
becoming_michelle,"City hall, as I learned on the sweltering summer I showed up to meet Valerie for a job interview, was both alarmingly and upliftingly packed with people.",72.7907943725586,6.031686633387032,6.185682925993186,6.4121977188337,6.984987948018597,34,27
becoming_michelle,He and I were sounding boards for each other professionally and always had been.,99.56935119628906,6.503039746412209,6.637626644486413,6.503039746412209,6.637626644486413,14,14
becoming_michelle,Nothing in how he conducted himself suggested that he was serious about wanting to govern.,34.08549880981445,6.076650524139405,5.091085862184021,6.076650524139405,5.091085862184021,15,15
becoming_michelle,"Suzanne, meanwhile, was the same free spirit she’d been when we roomed together at Princeton—flitting in and out of my life with varying predictability, continuing to measure the value of her days purely by whether they were pleasurable or not.",70.21236419677734,5.8507983269837665,6.133111157952867,5.892540338759621,5.919033968421024,53,40
becoming_michelle,"A gunman opens fire in the parking lot of an Arizona supermarket, killing six people and maiming a U.S. congresswoman.",15.186288833618164,3.438596699455822,3.924696703089486,3.892181226735314,4.569806852408592,27,20
becoming_michelle,"I’d tried always to bring the most calm and open part of myself to these meetings, to lend my own strength by being caring and present, sitting quietly on the riverbed of other people’s pain.",101.68919372558594,6.181162509051236,6.668022406662889,6.131423459734235,6.286790601300947,44,35
becoming_michelle,"I would feel this way right through, even as first-trimester fatigue left me drained, as my job stayed busy and Barack continued making his weekly treks to the state capital.",112.5584945678711,6.050551428976986,6.8145292975302585,6.248489761725068,7.118828332870158,36,30
becoming_michelle,"Barack also spoke affectionately of another half sister in Nairobi, named Auma.",168.35337829589844,6.1261457094094816,7.395345194632425,6.492762671822372,8.618119175019363,18,12
becoming_michelle,"We’d learned much in four years, putting the right people into place around us, building systems that generally worked.",174.07318115234375,6.220959077278773,7.443549124912881,5.944299791988573,6.520451118121093,24,19
becoming_michelle,"Per my mother’s orders, Rex wasn’t allowed to live at our house, but I’d visit him all the time at Southside’s, lying on the floor with my face buried in his soft fur, listening to his tail thwap appreciatively anytime Southside walked past.",61.550750732421875,5.435997960586397,5.943702642577952,5.532307802822239,5.7155916690698625,63,43
becoming_michelle,"He’d been slowly growing restless in Springfield, frustrated by the meandering pace of state government, convinced he could accomplish more and better in Washington.",134.65611267089844,6.009430400530497,7.073134846556197,5.7178565710783005,6.422878970230244,30,24
becoming_michelle,I’m not even sure the two of them talked much down there.,140.0284881591797,6.88561327457428,7.129575788954693,6.5769423842430115,6.187207846049813,15,12
becoming_michelle,“This is your plan?” I screamed.,355.9995422363281,7.558046611872586,8.475729234446867,7.478928292791049,8.833418845760116,11,6
becoming_michelle,"I had little time to think much about it, but quietly I worried that as my visibility as Barack Obama’s wife rose, the other parts of me were dissolving from view.",92.11962127685547,5.539464093543388,6.525411132953219,5.551549616359895,6.370764670467148,37,31
becoming_michelle,"South Shore hadn’t yet tilted the way other neighborhoods had—with the better-off people long departed for the suburbs, the neighborhood businesses closing one by one, the blight setting in—but the tilt clearly beginning.",160.02549743652344,6.851824163162911,7.3221495360658375,7.134030317675999,7.902196735520818,44,33
becoming_michelle,His memory seemed not-quite-but-almost photographic.,177.89141845703125,6.4454684474251485,7.474853058671482,7.02822333063398,7.5685774332182145,11,5
becoming_michelle,"Barack was more content to spend an evening alone, reading up on urban housing policy.",125.96244049072266,6.153549594037673,6.976849227991514,6.03505646387736,6.872354742852036,17,15
becoming_michelle,"For me, the girls’ sense of comfort and home was key.",317.66119384765625,6.82914788382394,8.311321807842239,7.146233555042382,7.438658937865805,14,11
becoming_michelle,"As far as I could see, there were no big trees like the giant oak that sat outside my bedroom window at home.",28.935277938842773,5.659800214072068,4.8547571181604114,5.67644618127657,4.963608513653476,24,23
becoming_michelle,"We had girls from military families, girls from immigrant families, a teen mom, a girl who’d lived in a homeless shelter.",73.69752502441406,5.890819211800893,6.203314060561285,5.825450145062947,5.638540887061656,27,21
becoming_michelle,"On a building across from the hotel, someone had hung a massive banner that read, “Welcome Malia and Sasha.” I choked up a little at the sight.",70.07218933105469,5.701119790758406,6.130764613770657,5.877312602084361,5.60054000610743,35,27
becoming_michelle,"Robbie was there, too, bustling about in a floral-print dress like the belle of the ball— albeit a matronly belle—making sure all her students had arrived with sheet music in hand.",72.5667495727539,6.149280942629936,6.181235207204517,6.3509919813043005,6.380784744105654,43,31
becoming_michelle,"As often as I could, I visited military hospitals where American troops were recovering from the wounds of war.",29.595176696777344,6.132919490337372,4.887290003969916,6.164829743535895,5.056612066991891,20,19
becoming_michelle,"When I proudly debuted one of my late-in-the-book songs for Robbie, she exploded, slapping down my achievement with a vicious “Good night !” I got chewed out the way I’d heard her chewing out plenty of students before me.",190.36801147460938,5.890321353890679,7.572643234453722,6.189435567538526,7.783253119483027,55,39
becoming_michelle,There were new babies and new spouses.,134.83583068847656,8.16636678150722,7.0750597758255696,8.16636678150722,7.0750597758255696,7,7
becoming_michelle,"“It’s so clean there, Mom,” she’d reported to Cleopatra after returning.",370.7676086425781,6.384862935468554,8.53436875147976,6.27772814932872,8.384261037121654,25,11
becoming_michelle,"At night, as a family, we played board games, told stories and jokes, and cranked Jackson 5 records on the stereo.",54.043846130371094,6.179394501906175,5.756055927752289,6.348415817533221,5.980111407007763,26,21
becoming_michelle,By now we understood enough about politics and polling to take nothing for granted.,71.61616516113281,4.919304013252258,6.162213457429014,4.919304013252258,6.162213457429014,14,14
becoming_michelle,"Which is to say that on the early August evening when our father-daughter-boyfriend trio finally pulled off Route 1 and turned onto the wide leafy avenue leading to campus, I was fully ready to get on with things.",61.64806365966797,6.3153350949287415,5.945983324213248,6.411653611482236,5.853046217111516,45,38
becoming_michelle,He was quietly flirty with me and I was flirty back.,58.10091781616211,6.093213365628169,5.860488720489311,6.7347447438673536,5.912364487571503,13,11
becoming_michelle,"Through the window, I watched men and women in smart outfits—in suits and skirts and clicking heels—carrying their coffee to work with a bustle of self-importance.",60.37594223022461,6.68654236683829,5.915899146863548,6.993668298463887,6.713499255520452,36,26
becoming_michelle,"I couldn’t know one way or another, but I also couldn’t bring myself to stand in the way of his aspiration, that thing always tugging at him to try for more.",40.28340148925781,4.352786416932941,5.332107004584533,4.715843658533789,5.310406938903221,40,31
becoming_michelle,We were due at the first of ten inaugural balls in less than an hour.,74.41780853271484,6.393569830805063,6.217576001492958,6.393569830805063,6.217576001492958,15,15
becoming_michelle,"I don’t think my mother announced whatever her doubts and discontents were to my father directly, and I don’t think she let him in on whatever alternative life she might have been dreaming about during those times.",59.94815444946289,5.016166042577889,5.905631556621696,5.526260281120099,6.232696573699858,45,37
becoming_michelle,"Meeting Nelson Mandela gave me the perspective I needed a couple of years into our White House journey—that real change happens slowly, not just over months and years but over decades and lifetimes.",49.863502502441406,4.4971381699372275,5.639911557998485,4.418367602702493,5.423152634094459,38,33
becoming_michelle,"Inside the firm, his reputation was continuing to grow.",52.06764602661133,7.142734080553055,5.702314483766709,7.12254837486479,5.750313760148732,10,9
becoming_michelle,"Later that afternoon, Barack and I floated around at the palace reception, eating canapés with the other G20 leaders and their spouses.",61.99343490600586,6.36493654852664,5.954043877942438,6.654712939917138,6.317025630533914,27,22
becoming_michelle,"He was used to having to prove himself, pretty much anywhere he went.",32.501407623291016,6.2775951113019675,5.0224302122930755,6.261567207483145,4.780665590120383,14,13
becoming_michelle,I was used to it by now—his devotion to the never-finished task of governing.,79.79670715332031,6.673498564296299,6.318256793533418,6.909677204631623,5.764174538682359,18,14
becoming_michelle,"He was now smiling at me, bright-eyed, from his place at the altar, dressed in a rented tux and a buffed pair of new shoes.",50.749271392822266,5.805264252296183,5.665313558482961,6.170739538148045,5.817751796181891,32,25
becoming_michelle,"It’s hard to put into words what sometimes you pick up in the ether, the quiet, cruel nuances of not belonging—the subtle cues that tell you to not risk anything, to find your people and just stay put.",81.39275360107422,6.481261294821034,6.346828577905369,6.221403149136325,6.111562599738626,46,38
becoming_michelle,"She was called domineering, a nag, a bitch.",42.814720153808594,6.500286656503494,5.420029394209043,7.387350210687146,7.247205906814021,13,8
becoming_michelle,“Why didn’t you guys talk to me about this sooner?” I asked.,92.45221710205078,5.846980936825275,6.530630780526614,6.114531129391658,5.563778267611387,20,12
becoming_michelle,"Then, without warning, the cheetah shot out from the shade with blinding speed, rocketing right at us.",32.21318435668945,5.769096552677777,5.0095790442083725,5.862473355350541,5.328574396618532,23,17
becoming_michelle,Was she picturing herself on a tropical island somewhere?,46.5095329284668,5.885300748050213,5.539451927240652,6.193811849587494,5.997289416918618,10,9
becoming_michelle,"I understood that my trajectory was unusual, but there was no good reason why it had to be.",23.93783187866211,5.3183050030156185,4.581219917107857,5.381366577413347,4.724819092709752,19,18
becoming_michelle,And Barack’s pace had been even more grueling.,384.2531433105469,5.977498777210712,8.58589074604166,6.483947863802314,7.695255864374169,12,8
becoming_michelle,People were drawn to Suzanne.,380.22509765625,7.413839721679688,8.570705107941242,7.413839721679688,8.570705107941242,5,5
becoming_michelle,He was going to work.,32.474693298339844,7.0286983251571655,5.021244183566418,7.0286983251571655,5.021244183566418,5,5
becoming_michelle,So it was a blessing to have found some sisters to ride through these years with together.,74.37921142578125,6.594123125076294,6.216827517693638,6.594123125076294,6.216827517693638,17,17
becoming_michelle,They loved playing tag or card games with campaign staff during the quieter moments and made a point of finding an ice cream shop in every new place they went.,78.90078735351562,6.049859404563904,6.301965340727819,6.049859404563904,6.301965340727819,30,30
becoming_michelle,It turned out I liked the piano.,79.83473205566406,6.163091438157218,6.318944536461759,6.163091438157218,6.318944536461759,7,7
becoming_michelle,"To all of the service members, veterans, and military families, thank you for your service and sacrifice on behalf of the country we all love.",12.034183502197266,4.927950523261513,3.5890664624657527,4.797783237099647,3.4678942029693385,28,25
becoming_michelle,So I let him handle it.,42.56185531616211,6.145057678222656,5.411488797451153,6.145057678222656,5.411488797451153,6,6
becoming_michelle,"For every video that swiftly saturated the internet—I’d mom-danced with Jimmy Fallon, Nerf- dunked on LeBron James, and college-rapped with Jay Pharoah—we’d focused ourselves on doing more than trending for a few hours on Twitter.",107.9540786743164,5.966577804101439,6.754257583562228,6.199349385389082,6.450050232631323,58,35
becoming_michelle,He kept careful track of the registration tallies: They were averaging an impressive seven thousand a week in midsummer but were still falling short of the goal.,78.71357727050781,6.256960877776146,6.298539587275169,6.469248103138842,6.4418383375065495,30,27
becoming_michelle,Who was ready for something bigger than what he or she had?,28.511499404907227,5.818799773852031,4.83347198550502,5.818799773852031,4.83347198550502,12,12
becoming_michelle,But there was no hiding our arrival.,96.17755126953125,6.922862597874233,6.58762786777873,6.922862597874233,6.58762786777873,7,7
becoming_michelle,"I’d loved the job but came out of it more or less broke, more dependent on my parents financially than I wanted to be.",70.74928283691406,6.040267531560468,6.144642621230257,5.747770135834192,5.240235750504701,28,24
becoming_michelle,Craig and I had little concern about our mom in an emergency.,89.59639739990234,7.648554503917694,6.485368950334951,7.648554503917694,6.485368950334951,12,12
becoming_michelle,I felt as if overall we’d been doing a pretty excellent job.,156.4412384033203,5.441653832793236,7.288767074172506,5.301100622862577,6.239279681256847,15,12
becoming_michelle,"A few minutes later, the spectacle began with a thunderclap—the beating of a gavel and the call of the sergeant at arms.",38.04756546020508,5.915013863705099,5.249732142608836,6.311852081966671,5.470432846851308,28,22
becoming_michelle,"There were police officers stationed on practically every corner, Coast Guard boats patrolling the lake, helicopters overhead.",53.64287567138672,5.472465737869865,5.745306697716549,5.423552011742311,5.530583788109207,19,17
becoming_michelle,"And with that, I leaned in and everything felt clear.",53.924354553222656,6.511145656759089,5.752864382315377,6.503272676467896,6.126559639211978,11,10
becoming_michelle,"On New Year’s Eve, as a matter of tradition, she’d buy a special hors d’oeuvre basket, the kind that came filled with blocks of cheese, smoked oysters in a tin, and different kinds of salami.",89.301025390625,5.96190826050364,6.480592911438505,6.463716508831297,6.011827379077172,52,35
becoming_michelle,"Trump was now actively working to revive the argument, making increasingly outlandish claims on television, insisting that the 1961 Honolulu newspaper announcements of Barack’s birth were fraudulent and that none of his kindergarten classmates remembered him.",146.39089965820312,6.155363686201049,7.193369383845501,6.307303481631809,6.825185180497207,41,36
becoming_michelle,"“It’s just…” And with that, I unloaded my feelings.",233.6739044189453,7.398185756471422,7.868350909455761,7.2723300302470175,7.105281058191487,18,9
becoming_michelle,"And when it came to Washington, I felt I owed them the truth.",29.91551399230957,6.084047811371939,4.902822256451333,6.111247998017531,5.068682965674447,14,13
becoming_michelle,"Admittedly, these interactions could be awkward.",94.3383560180664,6.944187104701996,6.559772066987037,6.858310037189059,6.28759882104135,8,6
becoming_michelle,How many “angry black women” have been caught in the circular logic of that phrase?,153.21449279785156,6.896204829216003,7.259402574316401,7.2566955109437306,7.007560013024687,20,15
becoming_michelle,"We went immediately, of course.",89.9584732055664,4.929989556471507,6.49118743818141,4.815228772163391,6.394739465667278,6,5
becoming_michelle,"There were about nineteen hundred kids at Whitney Young, and from my point of view they appeared universally older and more confident than I’d ever be, in full command of every brain cell, powered by every multiple-choice question they’d nailed on the citywide standardized test.",155.72845458984375,5.785765487357582,7.28287738107447,5.763298690519123,6.933292595016374,57,45
becoming_michelle,"After months of high-level intelligence gathering and weeks of meticulous preparation, after security briefings and risk assessments and a final tense decision, seven thousand miles from the White House and under cover of darkness, an elite team of U.S. Navy SEALs had stormed a mysterious compound in Abbottabad, Pakistan, looking for Osama bin Laden.",22.59017562866211,5.0810824105036305,4.497623348555226,5.43704035796547,4.739111105116816,66,54
becoming_michelle,The dogs were free to roam throughout much of the White House.,38.591609954833984,5.235234551752607,5.270215308165452,5.235234551752607,5.270215308165452,12,12
becoming_michelle,"When musicians were coming for an evening performance, we asked them to show up early to help with a youth workshop.",61.30640411376953,6.518909389322454,5.937964946837891,6.550741632779439,6.067911943934543,22,21
becoming_michelle,I just had to start moving my hands.,37.72333526611328,7.259639799594879,5.2373852366070714,7.259639799594879,5.2373852366070714,8,8
becoming_michelle,"That fall, with both the bar exam and the wedding behind me, I called my father from work one day and asked if he’d check to see if the mail had come in.",52.777198791503906,5.500670375008332,5.7193065949656265,5.6396667036143215,5.117611754288122,38,33
becoming_michelle,"Talking further with the doctor, I began to see the pattern we were in.",54.70387268066406,6.879530715942383,5.773570574354459,6.953269328389849,5.976898700926001,15,14
becoming_michelle,Somebody had conducted a preliminary poll that seemed to suggest maybe he could win.,75.853515625,6.446721251805624,6.245143415554376,6.186220765113831,5.936178127458824,15,14
becoming_michelle,"Though they’d been political rivals only months earlier, Barack and Joe had a natural rapport, both of them able to slide with ease between the seriousness of their work and the lightness of family.",77.4920883178711,5.849177563190461,6.275838681216319,5.901928452007911,5.921909670708233,40,34
becoming_michelle,"I couldn’t even begin to imagine him, really, the person who would become the “you” to my “I.” But now here we were.",70.72560119628906,6.0966660160873385,6.144153361314577,6.176737566556836,5.6767130514063115,37,23
becoming_michelle,There was no corner liquor store with ratty guys hanging out in front of it.,63.88322448730469,6.17813940346241,5.99736327331693,5.996043475468953,5.902753050489815,16,15
becoming_michelle,But I’d seen enough of the divisions to temper my own hopes.,345.8797912597656,6.713932768503825,8.43398766584676,6.989314725001653,7.082558167346299,15,12
becoming_michelle,"Even on the First Lady’s side, staffers were putting together contact lists, calendars, and sample correspondence to help me find my footing when it came to the social obligations that came with the title.",74.84927368164062,6.445046752691269,6.225916151777988,6.587209466625662,6.071911550978698,40,34
becoming_michelle,And yet I was suddenly considering a city hall job.,197.7500762939453,7.655464506149292,7.627533895503769,7.655464506149292,7.627533895503769,10,10
becoming_michelle,I’d sometimes hear her chewing out her students for not having practiced enough or chewing out their parents for delivering them late to lessons.,272.12286376953125,6.7470514509412975,8.088113133085953,6.569187641143799,7.441708740823219,27,24
becoming_michelle,"I’d found myself Democratic fund-raisers held in vast Manhattan penthouses, sipping wine with wealthy women who would claim to be passionate about education and children’s issues and then lean in conspiratorially to tell me that their Wall Street husbands would never vote for anyone who even thought about raising their taxes.",75.54143524169922,6.009393212025646,6.239177842982559,6.282772294643603,6.397440833404985,66,51
becoming_michelle,"As more time passed, my head started to throb.",20.589244842529297,5.980929350852966,4.3638187971289595,6.059823115666707,4.451958705239139,10,9
becoming_michelle,"I was the wife of Barack Obama, the political rock star, the only black person in the Senate —the man who’d spoken of hope and tolerance so poignantly and forcefully that he now had a hornet buzz of expectation following him.",95.05509948730469,5.8018422601372,6.570639295177504,5.947677100243849,6.296030895349116,50,41
becoming_michelle,"Every move she made, I realize now, was buttressed by the quiet confidence that she’d raised us to be adults.",135.2926483154297,6.632015668428862,7.079569930289951,6.733146941661834,6.595702550078632,26,20
becoming_michelle,"She’d ended the day as an exuberant surf kicker but was now, not even twelve hours later, a hot and listless heap of toddler-shaped misery, glassy-eyed and wailing in pain, but still too young to tell us anything specific about it.",91.62655639648438,6.66907278435272,6.517691211268891,6.652653612681036,6.342114876081387,57,41
becoming_michelle,“I don’t think we have anything in common.” My thoughts trailed off there.,119.94216918945312,5.481962960213423,6.906194663049779,5.243038672404603,6.233609882873827,21,13
becoming_michelle,I knew only a little about previous First Ladies and how they’d approached the position.,237.6854705810547,7.269766396946377,7.892838452478802,7.340804346402487,6.9386628807421245,18,15
becoming_michelle,"I said that I trusted Hillary because she understood the demands of the presidency and had the temperament to lead, because she was as qualified as any nominee in history.",22.017475128173828,5.375368718178041,4.460577346026872,5.403981232643128,4.433440304016988,31,30
becoming_michelle,He’d heard about blood pooled on the floors of classrooms and the bodies of twenty first graders and six educators torn apart by a semiautomatic rifle.,71.47444915771484,5.750392626886341,6.15935358881024,6.012998517289256,6.204453702930494,33,26
becoming_michelle,This turned out to be the big revelation for me about counseling: No validating went on.,105.38556671142578,5.843768265512255,6.719529743670407,5.6713405549526215,6.381997950492282,18,16
becoming_michelle,I watched as the slope of the South Lawn gradually turned a lush and vibrant green.,83.79995727539062,7.589107647538185,6.388876931177914,7.589107647538185,6.388876931177914,16,16
becoming_michelle,"As we wrestled my luggage out of the back of my dad’s car, I could tell he was feeling lonely already.",62.105186462402344,5.140637261363176,5.956619558036902,5.314184649004822,5.619209401963939,26,21
becoming_michelle,"It wasn’t going to happen, but still.",141.95669555664062,5.318033774806694,7.149179935914088,5.278154366117503,5.744353524506178,11,7
becoming_michelle,"By sophomore year, when Suzanne and I moved into a double room together, I’d figured how to better manage.",146.41546630859375,6.406151761611302,7.193725373004665,6.3895121812820435,6.654557496837263,24,19
becoming_michelle,"It required time, thought, and money—more money than I’d spent on clothing ever before.",99.27120971679688,5.956426529657273,6.633228126091408,6.157718289466131,6.062320021784429,21,14
becoming_michelle,"Similar to how I’d initially felt about Barack’s candidacy, plenty of black folks couldn’t bring themselves to believe that my husband had a real chance of winning.",41.333045959472656,5.631942438918191,5.369209321937606,5.8426884037477,4.9770410115646255,37,27
becoming_michelle,"She pointed out the view of the Rose Garden and the Oval Office through the window, adding that it gave her comfort to be able to look out and sometimes get a sense of what her husband was doing.",20.66747283935547,5.5913435481488705,4.369290031383139,5.5874871374704895,4.350775225894338,40,39
becoming_michelle,"I was coming from Chicago, after all, where winter stretched through April, where it was normal to keep a snow shovel stashed in the trunk of your car.",39.61146545410156,5.616667926311493,5.307845111143506,5.802220016717911,5.52618351738378,32,28
becoming_michelle,"Ultimately, though, like so many things, it was a matter of perception—how we decided look at what was in front of us.",23.2799015045166,5.519327749808629,4.541012512716042,5.344185287753741,4.439368587878772,27,22
becoming_michelle,"“The wife of the U.S. president!” “Oh, lovely,” murmured Nelson Mandela.",67.27068328857422,6.154862642288208,6.071905903965426,6.297883054072207,5.4868710277377675,26,11
becoming_michelle,"I saw it in my father, in the way he moved around as if nothing were wrong with his body, as if the disease that would someday take his life just didn’t exist.",49.72469711303711,5.43952275065117,5.635728999994123,5.615825356287656,5.222782386675086,38,33
becoming_michelle,"On the road two or three days a week together, Melissa, Katie, and I had become an efficient family, meeting up at the airport in the mornings and hustling through security, where the guards all knew my name.",46.336769104003906,6.075045478953556,5.534085683697497,6.131467651183668,5.574730409918181,44,38
becoming_michelle,I felt the protection of those millions of decent people who prayed for our safety.,72.36305236816406,6.76096789042155,6.177182091635617,6.76096789042155,6.177182091635617,15,15
becoming_michelle,Barack was flying back and forth to D.C. all the time now.,37.465660095214844,4.61678662057966,5.227496744292504,4.578606613290806,5.404430310021975,16,12
becoming_michelle,"This was me at the age of forty, a little bit June Cleaver, a little bit Mary Tyler Moore.",45.17013931274414,6.373237677595832,5.497285002059379,6.4906791605447465,5.945225526179386,22,19
becoming_michelle,Was he really thinking about leaving?,36.5295295715332,7.345951994260152,5.190991806229092,7.345951994260152,5.190991806229092,6,6
becoming_michelle,"No more campaigning, no more sweating out strategy sessions or polls or debates or approval ratings, ever again.",116.49581909179688,6.949892842769623,6.864133997328629,7.004335694842869,7.0506986109358145,20,18
becoming_michelle,It seemed that my clothes mattered more to people than anything I had to say.,36.2904167175293,5.366703065236409,5.181516458088575,5.366703065236409,5.181516458088575,15,15
becoming_michelle,"The two of them had given everything over to this effort, sacrificing their own personal lives so that I could try to preserve some semblance of mine.",37.341434478759766,5.958044395649007,5.222705661239602,5.98212497184674,5.141369136617688,28,27
becoming_michelle,"When he turned the key, the engine revved and the car spasmed violently before settling into a loud, sustained juddering that shook us in our seats.",39.24428176879883,5.836537193168294,5.294410257245407,6.3202788310173235,5.735045675302994,33,26
becoming_michelle,"He was awake but unable to speak, whether due to the swelling or due to emotion, I’ll never know.",84.6764907836914,5.566933773147563,6.403867280265779,5.565781467447155,5.4179815576845485,24,19
becoming_michelle,"About six weeks later, thanks to donations from local businesspeople, a group of Harper students would come to the White House, to visit with me and Barack personally, and also spend time at Howard University, learning what college was about.",46.777854919433594,5.554799420678097,5.547754117866217,5.644239955643814,5.706014280137934,46,40
becoming_michelle,"In those days, Fifty-Third Street was a hub of late-night activity, a thoroughfare for cruising lowriders with unmuffled tailpipes.",56.105430603027344,5.627711507724598,5.810065075732287,6.5391621334772365,6.568277997893581,32,19
becoming_michelle,"Parents all around the country, we knew, were grappling with the same thing.",28.798250198364258,5.812402172883352,4.8479095933877225,5.719887316226959,4.689581092302902,15,13
becoming_michelle,"After finishing high school, Dandy went to work at a lumber mill, knowing that if he stayed in Georgetown, his options would never widen.",44.67290496826172,5.326230438692229,5.481326569750613,5.202810841302077,5.489932000067033,28,24
becoming_michelle,"She was maddening, charming, and always important to me.",31.476917266845703,5.674459530757024,4.976222295748816,6.308164619737202,5.254002232175445,13,9
becoming_michelle,"At this point, too, I knew how to make a little noise for a cause.",27.798919677734375,6.4918915664448456,4.7969568685096355,6.672636119524638,4.871457682151568,17,15
becoming_michelle,I walked out of the interview feeling pleased and fairly certain I’d be offered the job.,106.9878921508789,5.846535331324527,6.740701414471427,5.949626795947552,5.91450370295248,19,16
becoming_michelle,He hung his suit jackets on the backs of the kitchen chairs and kept very little in the fridge.,76.99059295654297,5.244273894711545,6.266609483464893,5.244273894711545,6.266609483464893,19,19
becoming_michelle,"Before I traveled, staffers drove the routes I’d take to venues, timing my transit down to the minute, scheduling my bathroom breaks in advance.",227.52310180664062,6.88328640460968,7.8297949381863825,6.976029286781947,7.215051654093917,30,24
becoming_michelle,"If you did—well, then, you could really get hurt.",50.55055236816406,6.199072599411011,5.659655340819645,6.540148357550303,5.616971942666586,13,9
becoming_michelle,I’d worn a $148 black-and-white dress that women were suddenly scrambling to buy.,208.46820068359375,6.788379706619751,7.703677085635491,6.9589148752391345,7.499564981875586,21,13
becoming_michelle,"As the sun began to set on Inauguration Day, the air temperature dropped further.",21.42108917236328,5.64977293680696,4.420959884581542,6.046115369314238,5.057154599687965,17,14
becoming_michelle,"They’d dropped any masquerade and were just wonderfully, powerfully, and instructively themselves.",633.219482421875,7.986582768590827,9.306551545659408,8.14032449821631,9.16024520256524,19,12
becoming_michelle,"And within months of her starting the job, tragedy struck: Harold Washington abruptly had a heart attack and died at his desk, thirty minutes after holding a press conference about low-income housing.",41.64307403564453,5.403629433061625,5.380004405735698,5.362165073708942,5.291147105939056,37,32
becoming_michelle,"Once Southside moved to our neighborhood, I’d pass whole afternoons at his house, pulling albums from the shelf at random and putting them on his stereo, each one its own immersing adventure.",122.67807006835938,6.321552424036443,6.938671334678073,6.388600998468368,6.662086090202918,43,32
becoming_michelle,"Politics was a mess, I said.",40.2338752746582,7.2180562019348145,5.330338513178445,7.537292202313741,5.516671964600762,7,6
becoming_michelle,"It hurts to put on a pair of socks, to brush your teeth.",35.40936279296875,5.810743170125144,5.146058475205227,5.844301434663626,5.17216608049066,14,13
becoming_michelle,"Now I was doing it for real, finding the whole undertaking a lot messier but no less gratifying than what I’d imagined.",110.04586029052734,5.901255335126605,6.7815887058288835,6.238450096412138,6.332770693017874,28,22
becoming_michelle,None of this had been my choice in the first place.,20.66265869140625,6.017740433866328,4.368953985709675,6.017740433866328,4.368953985709675,11,11
becoming_michelle,"I’d been pleasantly startled by the voice on the other end of the line—a rich, even sexy, baritone that didn’t seem to match his photo one bit.",56.94455337524414,5.906010892830397,5.831485747599059,5.736758564541368,5.350509193608265,38,27
becoming_michelle,"In a way, we’d both won.",459.54620361328125,7.167265844345093,8.843415546233894,7.71285895506541,7.2429675536276,10,6
becoming_michelle,"In cities across the country, people had taken to the streets, clearly drawn by an impulse to be close to others, linked not just by patriotism but by the communal grief that had been born on 9/11 and the years of worries that we’d be attacked again.",59.37865447998047,5.266083848544143,5.891848004989569,5.3675504373584655,5.713585775223431,55,47
becoming_michelle,I’d scored myself two Ivy League degrees.,1908.94775390625,6.364239180088044,10.89850454428792,5.590360454150608,9.198306440452487,10,7
becoming_michelle,I had never been one to hold city hall in high regard.,33.265968322753906,5.693177382151286,5.055974938796865,5.693177382151286,5.055974938796865,12,12
becoming_michelle,"Suzanne’s choices sometimes seemed like an affront to my way of doing things, a vote in favor of easing up and striving less.",121.54347229003906,5.979945815842727,6.925326530688959,5.789702378407768,6.263865470785924,29,23
becoming_michelle,"It had prompted me, for the first and only time during the presidency, to sub for Barack during his weekly address to the nation, speaking emotionally about how we needed to work harder at protecting and encouraging girls worldwide.",56.49712371826172,5.01446282792659,5.820104856920598,5.128553496721463,5.936400199295599,42,39
becoming_michelle,Both of us had grown up with family members who viewed race through a lens of cranky mistrust.,54.745887756347656,6.1524735249971085,5.774672997876604,6.205297085973951,5.66723943804295,19,18
becoming_michelle,"She confessed that hers hurt, too.",261.62799072265625,5.246503421238491,8.03136995639017,5.20508348941803,8.619200454988992,7,6
becoming_michelle,"It was an ambitious, government-wide effort focused on helping adolescent girls around the world obtain better access to education.",34.03939437866211,5.606119224970991,5.089133534547631,5.597748388846715,5.12747060434982,22,19
becoming_michelle,"If I’d come to Hawaii to sample something of Barack’s past, we were now sitting at the edge of a giant ocean, trying on a version of the future, discussing what kind of house we’d want to live in someday, what kind of parents we wanted to be.",43.67253112792969,5.40354993072201,5.44863463451897,5.480789703782648,5.270851062594306,61,48
becoming_michelle,Note my brother Craig’s protective expression and careful hold on my wrist.,563.2617797851562,7.678679688771566,9.137660210246455,7.7883142332235975,8.272754326158037,15,12
becoming_michelle,"occurred to me that it was a jarring sound for them, given that we didn’t have neighbors, let alone neighbor dogs, at the White House.",89.04508972167969,5.624329835904064,6.476399869401206,5.742003211090341,6.074647255349401,32,25
becoming_michelle,It’s freezing outside.” I grabbed the hat and fitted it back on her head.,126.02593994140625,6.057226598262787,6.977575523710584,5.616845256515911,5.972573715137621,20,14
becoming_michelle,She refilled our glasses with impossibly sweet tea and urged us to go for seconds and then thirds.,97.40169525146484,6.378981590270996,6.6058712507210515,6.560313979784648,6.7827375824401495,20,18
becoming_michelle,"“Quit shouting at everyone, Dandy,” I’d say.",369.42938232421875,7.5795645581351385,8.52915434713812,7.540551100458417,7.534652241283164,18,7
becoming_michelle,"I halted the car in front of his building, my mind still in blurry overdrive.",79.07804107666016,6.598983438575969,6.305203358034054,6.7478235522905985,6.619239173870084,17,15
becoming_michelle,The critics would always be there.,158.45909118652344,7.490651845932007,7.307966057407732,7.490651845932007,7.307966057407732,6,6
becoming_michelle,"And so I gave my approval to his first run for office, larding it with a bit of wifely caution.",60.26028823852539,6.466490385325058,5.913135013248321,6.66082771718502,5.7655892202594154,23,20
becoming_michelle,"A few weeks after the election, I’d gone with Barack to Washington for a daylong orientation offered to newly elected senators and their spouses.",85.1369857788086,6.166218765850725,6.4116724457117815,6.0788929015398026,5.758840056549818,29,24
becoming_michelle,Iowa had changed us all.,197.52474975585938,6.776051044464111,7.625889302523275,6.776051044464111,7.625889302523275,5,5
becoming_michelle,"As we talked, their baby—a tiny newborn with a pink face—lay swaddled in a blanket on his chest.",55.7666130065918,6.271909247040749,5.801328754401482,6.654217559154386,5.5753736505299605,25,18
becoming_michelle,"As we followed the southward curve of Lake Shore Drive, passing bicyclists and runners on the pedestrian pathways, I was arguing silently with myself.",73.61631774902344,6.203749271375792,6.201951872249299,6.369670141488314,6.5841975405878586,28,24
becoming_michelle,"As the network pundits would later acknowledge, choosing Barack Obama to speak to an audience of millions had been a mighty gamble.",87.47041320800781,6.507021362366884,6.450721905357719,6.571361143480647,6.399152114829934,23,22
becoming_michelle,"It’s a huge place, the White House, with 132 rooms, bathrooms, and 28 fireplaces spread out over six floors, all of it stuffed with more history than any single tour could begin to cover.",79.70335388183594,6.121691468150117,6.31656804125584,6.017089380937464,6.263667671594742,43,34
becoming_michelle,"All we could do then was put our faith into the effort, trusting that with sun and rain and time, something half-decent would push up through the dirt.",75.06945037841797,5.773774154258497,6.230153648275555,5.890218468649047,6.579030891737046,33,28
becoming_michelle,"My colleagues at the hospital would stand in my doorway and casually drop the question, probing for some bit of early news.",107.2446517944336,6.489674881748531,6.744761558377216,6.587446080012755,6.649200492249499,23,22
becoming_michelle,No single approach could be deemed right or wrong.,57.209556579589844,6.711398733986749,5.838184279397678,6.711398733986749,5.838184279397678,9,9
becoming_michelle,"Boot Camp weekends became a way for us to take shelter, connect, and recharge.",87.8740463256836,6.20871739089489,6.457358028909997,6.465920167309897,6.795000824921479,16,14
becoming_michelle,"It had been built in the 1950s and was designed as a co-op, meant to ease a post–World War II housing shortage for black working-class families.",20.079174041748047,5.156817606705077,4.3276278632501555,5.681685471572937,4.762766361558066,34,26
becoming_michelle,"I passed the rest of that day trying to say less to my cousin, feeling put off by her hostility, but also wanting her to see me as genuine—not trying to flaunt some advantage.",62.83803939819336,5.626689748886304,5.973566797679738,5.699590532218709,6.020118148473201,39,34
becoming_michelle,I read those lines today and see exactly what I was trying to tell myself—what a no-nonsense female mentor might have said to me directly.,47.3386344909668,5.08909913773338,5.5649461016926445,5.233869505946834,5.613311617865476,30,25
becoming_michelle,"He’d changed out of his work clothes, I noticed, and was wearing a white linen blazer that looked as if it’d come straight out of the Miami Vice costume closet.",70.41924285888672,6.029128040258701,6.137896198132555,6.041433256367842,5.509644707432811,39,30
becoming_michelle,"More than anything, it seemed they just wanted Barack to fail.",68.0455093383789,5.3193297783533735,6.088426248525434,5.370217648419467,6.4560034496816705,12,11
becoming_michelle,"quite ready to have a boyfriend sleeping under the same roof as my parents, I began spending nights at Barack’s apartment, a cramped, second-floor walk-up above a storefront on a noisy section of Fifty-Third Street.",85.84552764892578,5.82914806870704,6.423660820001264,6.161737382695788,6.713612664684137,47,35
becoming_michelle,"I didn’t know it then, but none of this made him happy.",71.25003051757812,4.891905029420741,6.154777871993801,5.075532892447275,5.545487663955238,16,12
becoming_michelle,We were ushered to a private room in the Capitol ahead of the ceremony so that the girls could have a snack and Barack could take a few minutes with me to practice putting his hand on the small red Bible that had belonged 150 years earlier to Abraham Lincoln.,47.87274169921875,5.282683927118779,5.5811142703218835,5.282683927118779,5.5811142703218835,50,50
becoming_michelle,"We sat down for about fifteen minutes with Maria Menounos of Access Hollywood, the four of us speaking to her while sitting together on a park bench that had been draped with some sort of cloth to make it look more festive.",37.861480712890625,5.389192408406072,5.24265835099746,5.390518251244748,5.293638453963398,45,42
becoming_michelle,We’d chosen everything about this day carefully.,1651.7493896484375,7.256922006607056,10.689770601803524,6.822215063231332,8.95819386749175,10,7
becoming_michelle,"Late that evening, we joined a group of friends and family at dinner, thanking them for their support during what had been a nutty eleven months since the announcement in Springfield.",29.556365966796875,5.292630162309198,4.885395629535543,5.276244784555128,4.787378913399203,34,31
becoming_michelle,Many said they’d never gotten involved with politics before but something about our campaign made them feel it would be worth it.,79.2042007446289,6.382316675186157,6.3073091642835735,6.3242293704639785,5.503936656076251,25,22
becoming_michelle,"The University of Chicago offered him an unpaid fellowship that came with a small office for the year, the idea being that he’d write his book there and maybe eventually sign on to teach as an adjunct professor at the law school.",52.22263717651367,5.1850916665533315,5.705615287948986,5.192915070624578,5.1974986511880035,46,42
becoming_michelle,"We hauled little Malia in her baby carrier with us to Zinfandel for our Friday night dates, figuring out how to streamline our order so we could be in and out quickly, before she got too restless.",65.45813751220703,5.979097740594731,6.032499534860284,6.018943504170255,6.130470998809725,43,37
becoming_michelle,"About thirty yards away, lounging in the shade of the cedar trees, were four big, beautiful cats.",26.550729751586914,6.030385072788467,4.730678976319118,6.41389336466205,5.164504348765359,23,17
becoming_michelle,"“I don’t want to spend the next year or the next four years refighting the same fights that we had in the 1990s,” he said.",55.363380432128906,5.44122169177447,5.7908589859267225,5.520942509276171,4.979115960457193,35,25
becoming_michelle,Finding a career as opposed to a job wouldn’t just come from perusing the contact pages of an alumni directory; it required deeper thought and effort.,152.07415771484375,5.922095595949119,7.248560307673183,6.141981535340444,6.988028931719456,31,26
becoming_michelle,It seemed clear that neither one of us could be swayed.,39.860836029052734,6.034777489575473,5.316899812475435,6.034777489575473,5.316899812475435,11,11
becoming_michelle,More than 90 percent of the school’s nine hundred students were black or from an ethnic minority; a fifth of them were the children of immigrants or asylum seekers.,39.95918655395508,5.436164727716735,5.320386440563892,5.247808287883627,4.487141331965529,33,29
becoming_michelle,I knew that Thursdays made him happy.,165.6410675048828,6.326172351837158,7.371900212644782,6.564067346709115,7.565115610449422,8,7
becoming_michelle,"She’d piloted us expertly through a chaotic market, jabbering with street vendors.",293.8405456542969,6.365311067923903,8.198869835859067,6.82285970552928,8.23303848837864,20,12
becoming_michelle,"Saying good-bye at the end of a visit, Craig would give my dad a final, concerned look and pose the usual question about his health, only to be given the merry brush-off of “I’m fine.” We accepted this, I believe, because it was steadying, and steady was how we liked to be.",77.8709487915039,5.884676753646797,6.283009761308131,5.991128622721403,6.350203305506304,72,52
becoming_michelle,"As Barack described it to me, he’d been happy in Indonesia and got along well with his new stepfather, but his mother had concerns about the quality of his schooling.",57.14289855957031,5.788592067857583,5.836464911455713,5.794432467553351,5.524265083258062,36,30
becoming_michelle,"I might have been ignoring whatever was growing between us, but he wasn’t.",144.9399871826172,5.955359226257047,7.179219024899641,6.454639166181621,6.63092296394505,17,13
becoming_michelle,"There was a whole building dedicated to the arts, with special rooms for the choir to sing and bands to play, and other rooms that had been outfitted for photography and pottery.",32.51839828491211,6.146627609928449,5.023184398182469,6.423777808435261,5.364378515184269,36,32
becoming_michelle,"rom the Truman Balcony, I could see the fullness of the garden taking shape on the southwest corner of the lawn.",43.576759338378906,6.804392491579056,5.445485791242787,7.137645532332716,5.833924103937936,25,21
becoming_michelle,We get pizza and go out for brunch on weekends.,63.68771743774414,6.262082028388977,5.992943296116579,6.262082028388977,5.992943296116579,10,10
becoming_michelle,"For me, it was another reason why winter couldn’t end soon enough.",154.95846557617188,5.10584471229231,7.275629130127845,5.501658079039771,6.689390077694131,16,12
becoming_michelle,"When I attended, about 80 percent of the students were nonwhite.",21.497838973999023,5.928821068543654,4.426119953651827,6.121883392333984,4.34197768674478,13,11
becoming_michelle,"I wanted to make sure we had buy-in from everyone we’d need to make the initiative a success, to anticipate any objections that might be raised.",59.860774993896484,5.455115232616663,5.903015723356029,5.434973498185476,5.544785679374301,32,26
becoming_michelle,"Sam also had an educated perspective on food and health issues, namely how the food industry marketed processed foods to families in the name of convenience and how that was having severe public health consequences.",50.881900787353516,5.961733878383206,5.669081388929474,5.974786285736731,5.650329339966648,36,35
becoming_michelle,"Bin Laden was not invited to dinner, nor was the humanitarian crisis in Libya, nor were the Tea Party Republicans.",30.571792602539062,6.487755108138789,4.934129061201845,6.401308818161487,4.987203325028091,23,20
becoming_michelle,"The absence of diversity was glaring—honestly, it was embarrassing—for a modern, multicultural country.",60.64650344848633,6.048649736813137,5.922352029033556,6.580353692556039,6.4745636728993645,21,13
becoming_michelle,"Howard’s campus was urban—“Girl, you’re still in the hood !” I teased, after a giant rat charged past us outside her dorm—and its student population, twice the size of Princeton’s, was almost entirely black.",216.94686889648438,6.633622626824812,7.7611945252449015,6.671662580499462,7.693182569615671,55,34
becoming_michelle,"We just ate, helped clean the dishes, and then walked our full bellies back to campus, thankful for the exercise.",82.64104461669922,6.050436437129974,6.368786072221579,6.095951771736145,6.559721265465031,24,20
becoming_michelle,"For one thing, I was his mentor at the firm.",41.747859954833984,6.905605283650485,5.383629982338487,7.103092676401138,5.674566368669149,11,10
becoming_michelle,"Axe and Gibbs never fully consented, but at some point they stopped fighting us on it.",162.3858642578125,6.134723101791582,7.343274093665038,6.235054139047861,7.7368858924793615,19,16
becoming_michelle,"I was sitting one day in my parked car at the shopping plaza on Clybourn Avenue, having some Chipotle and a little me-time after a dash through BabyGap, when my secretary at work called on my cell phone to ask if she could patch through a call.",77.13629150390625,5.587643214634487,6.269331672167005,5.640402629548776,6.412093822012155,56,47
becoming_michelle,"ack in Chicago, separated again from Barack, I still sometimes went to my old happy-hour gatherings, though I rarely stayed out late.",133.29196166992188,6.4296729233529835,7.058445428974882,6.602004348780169,6.963210756738494,27,22
becoming_michelle,Even military leaders were reporting that obesity was one of the most common disqualifiers for service.,51.20136642456055,5.675308017169728,5.678108848948347,5.909476220607758,5.975103119662753,17,16
becoming_michelle,"There were clips suddenly circulating from both the Milwaukee and the Madison speeches, focused on the part where I talked about feeling encouraged.",201.07156372070312,6.740093057354291,7.651565021348426,6.7819985980572906,7.639172427182752,24,23
becoming_michelle,"Despite his pain, he was trying to stand up and salute the wife of his commander in chief.",27.301801681518555,6.364594318364796,4.7709240856788355,6.334712740447786,4.932009126749275,19,18
becoming_michelle,I had no idea what I needed in terms of support.,18.65811538696289,5.574761992151087,4.22173152275861,5.574761992151087,4.22173152275861,11,11
becoming_michelle,"Seeing an extreme version of his vitriol broadcast in the news, though, we were appalled.",69.681884765625,6.570801354116863,6.122710211006176,6.855601155757904,6.18042005605175,18,15
becoming_michelle,"I was a lawyer, and lawyers worked.",87.62437438964844,7.019806742668152,6.453260276974654,7.283348424094064,7.036644714480162,8,7
becoming_michelle,"She’d never be rich, but she was always crafty.",161.19923400878906,6.7069748640060425,7.332699270199925,6.885114471117656,6.672275848817694,14,9
becoming_michelle,"Instead, like a lot of parents, I clung to my children, my fear and love intertwined.",41.60212707519531,6.14906362220645,5.378584327694223,6.326629593037069,5.910744079038616,20,16
becoming_michelle,We run through that field.,182.04026794433594,7.930848789215088,7.508113618510899,7.930848789215088,7.508113618510899,5,5
becoming_michelle,Suzanne’s sudden death had awakened me to the idea that I wanted more joy and meaning in my life.,81.79949951171875,5.865376594273941,6.354019039843303,5.240824304756366,4.914594332013145,23,19
becoming_michelle,The paradigm was simple enough to make their behavior confounding: Good/Bad.,216.47958374023438,7.375989351953779,7.758085972031907,7.339224605849295,8.10248965785082,14,11
becoming_michelle,"Barack was more at home in Nairobi than I was, having been there once before.",35.192405700683594,5.839343052455469,5.137192455870155,5.9955470775150586,5.248982482256409,19,15
becoming_michelle,Suzanne was who she was.,87.4664535522461,8.079886277516684,6.450657391568498,7.498814296722412,5.646994976552811,6,5
becoming_michelle,"Fulfillment, I’m sure, struck her as a rich person’s conceit.",126.41619110107422,6.553623220459982,6.982033799762036,6.847457571625709,6.5935452018095,22,10
becoming_michelle,"The Cubs weren’t bad, but they weren’t great, either.",48.46780014038086,4.910401591647635,5.598847417450799,5.672090004793265,5.625011191316975,17,9
becoming_michelle,"“They think we’re insane,” Sam Kass told me at one point.",422.996826171875,6.398752112137644,8.72447116985057,5.9890913024093155,7.177139431435479,19,11
becoming_michelle,I hadn’t yet tracked the degrees they must have earned to gain access to the tall corporate castles lining Van Buren.,341.55377197265625,6.233757582232356,8.415944920989562,6.683546593656675,8.346740447308248,25,21
becoming_michelle,"It was then that I saw Barack as relaxed as I’d ever seen him, lounging under a blue sky with a cold beer and an old friend, no longer fixated on the day’s news or law school reading, or what should be done about income inequality.",58.17973709106445,5.885647542389302,5.8624332963163175,6.1298605001167115,5.926643297207173,58,46
becoming_michelle,"“Purple” took a second, though, and “orange” was hard.",150.7818145751953,6.712750101089478,7.236271501944559,6.868030429769446,6.8595661610614,20,9
becoming_michelle,"s time went by, my mother started nudging me to go outside and engage with kids in neighborhood.",67.63164520263672,5.863927015289664,6.079625063572111,6.066311225088106,6.466225894905739,20,18
becoming_michelle,Barack and I dropped into a downtown Des Moines food court over lunch and later made visits to various caucus sites to greet as many voters as we could.,68.23793029785156,5.5310924281676614,6.092502313523245,5.460910249373009,5.970660065785834,30,29
becoming_michelle,"It turned out that Barack was also the first African American in the publication’s 103-year history to be selected—a milestone so huge that it had been written up in the New York Times, accompanied by a photo of Barack, smiling in a scarf and winter coat.",38.9222297668457,5.711976549842141,5.282517721892191,5.646274726459945,4.811730474928721,55,46
becoming_michelle,"In the years to come, Barack and I would be lucky enough to return there a few times as invited guests.",33.52743911743164,4.41734838756648,5.06726975842756,4.38434237241745,4.9510476516575626,22,21
becoming_michelle,"I’ve repeated the same words to myself many times now, through many climbs.",229.86416625976562,6.3670912560294655,7.844634860105191,6.1594967016806965,6.460804528202337,17,13
becoming_michelle,A black man named Freddie Gray died after being neglected in police custody in Baltimore.,23.386043548583984,5.3658017744620645,4.54757537782451,5.3658017744620645,4.54757537782451,15,15
becoming_michelle,How Barack and I comported ourselves in the face of instability mattered.,277.53656005859375,5.851717195831812,8.116503179009477,5.870598692446947,8.592856018638942,13,12
becoming_michelle,"Even Malia, who was six and a half on the day she put on a pink velvet dress and stood next to Barack as he was sworn in to the Senate by Dick Cheney, wanted to know.",33.29713821411133,5.496777599491179,5.057326375883005,5.353802148756143,5.108878008467774,40,37
becoming_michelle,My mom was simply even- keeled.,649.6348266601562,6.349578227847815,9.343484616851068,7.250684477388859,9.783942019114148,8,6
becoming_michelle,"But this night felt different, as paradoxical as the country itself.",82.9728775024414,5.92252163703625,6.374565521136831,6.174672012979334,7.066619965420281,13,11
becoming_michelle,"Prim and serious, she directed the choir at a local church and was also our community’s resident piano teacher.",209.2301483154297,8.115962536438651,7.708817340661461,8.223512875406366,7.01044168159291,23,19
becoming_michelle,"There was little time to waste by having him come off the campaign trail to celebrate Malia’s birthday, and he couldn’t slip out of voters’ view on what was the country’s most symbolic holiday.",66.9604721069336,5.1390142673824695,6.065228637156071,5.745153367555901,6.271591686003389,47,34
becoming_michelle,"Angela drove down from New Jersey to visit sometimes, but she was juggling both a toddler and a job.",85.39788818359375,6.65586519241333,6.416126131364964,6.45523022350512,6.23790966473602,21,19
becoming_michelle,I indulged him (sometimes) by watching The Sopranos.,69.16661834716797,5.633895913909118,6.112002713089598,6.545438961931116,7.696133416593911,13,8
becoming_michelle,"Barack looked out at the audience and into the TV cameras, and as if kick-starting some internal engine, he just smiled and began to roll.",67.93770599365234,6.256171997388204,6.086131423035973,6.381034897168477,6.346391006270384,30,25
becoming_michelle,I was more grateful than ever for those few stolen days we’d had on the beach.,146.52484130859375,6.7763777155625196,7.1947452585443905,6.9506517723202705,6.4494423754310075,19,16
becoming_michelle,I had grandparents who’d lived through the horror of Jim Crow laws and the humiliation of housing discrimination and basically mistrusted authority of any sort.,114.90950775146484,5.6810872733592985,6.844158542121073,5.792733390331268,6.217412822282804,30,25
becoming_michelle,I lived on it as if it were oxygen.,95.7271957397461,5.13528127140469,6.58085505255669,5.13528127140469,6.58085505255669,9,9
becoming_michelle,Craig and I were raised squarely in the crosscurrents of that flux.,81.2728042602539,6.36816326209477,6.3446999081216315,7.105028371016185,6.663560525934521,14,12
becoming_michelle,His story was his story.,48.039180755615234,7.454291677474975,5.586139318090116,7.454291677474975,5.586139318090116,5,5
becoming_michelle,"Earlier in Malia’s junior year, the two of us had gone to spend a day visiting colleges in New York City, for instance, setting up tours at New York University and Columbia.",71.4516830444336,5.886467551573729,6.1588902632340226,5.903872741758823,5.463603895772069,39,32
becoming_michelle,"It was a joke between me Barack, one I repeated often and with irony following that night—July 27, 2004.",220.77125549316406,5.93485556996387,7.786370874475652,6.077391626542075,7.880000233123314,23,19
becoming_michelle,I don’t know if these thoughts were actually serious or not.,111.15340423583984,5.828974974873875,6.7963740961281465,6.293310229031539,5.945719524384358,14,11
becoming_michelle,"Was I being paranoid, or were people not looking me in the eye?",20.921098709106445,5.199290681098189,4.386886921615678,5.187708557798312,4.480972691175733,14,13
becoming_michelle,"During those long afternoons in the pool, he paddled and laughed and tossed our small bodies into the air, his diminished legs suddenly less of a liability.",90.8561782836914,6.739251224575128,6.50551121606271,7.097386141717261,7.091891493240671,32,27
becoming_michelle,"I’d sometimes go in, stepping over his piles of paper to sit on the ottoman in front of his chair while he worked, trying to lasso him with a joke and a smile, to tease him back from whatever far-off fields he’d been galloping through.",68.65719604492188,5.884002658724785,6.10133100979184,5.935247462325626,5.814732695123836,60,45
becoming_michelle,"He often reminded people that he was just a low-ranking member of the minority party, a backbench player if there ever was one.",24.13996696472168,5.631111797911149,4.59335172421524,5.6387141694625225,4.758392635771005,27,23
becoming_michelle,"Either way, inside our tight city grid, fire was almost a fact of life, a random but persistent snatcher of homes and hearts.",141.41702270507812,6.4192817100772155,7.1438123708198,6.6135264661001125,7.2392683000408695,27,23
becoming_michelle,I tried to tamp down any guilt.,119.48595428466797,6.502312796456473,6.900696181222182,6.502312796456473,6.900696181222182,7,7
becoming_michelle,"It hardly seemed possible, but the victory was sound.",90.42634582519531,6.971715259552002,6.498670022289323,7.214318686061436,6.898497089515371,10,9
becoming_michelle,"Lastly, if I was going to sit and lunch with the (mostly) wives of the House and the Senate, couldn’t I also invite them to join me out in the city for a community service project?",48.00322723388672,5.960900937185385,5.585019535032711,6.084939496320051,5.1774147491661004,43,36
becoming_michelle,It was a small but life-changing move.,36.17095184326172,6.484135389328003,5.176759773576913,7.529458488736834,5.713937322617406,9,7
becoming_michelle,"We went on real dates, going for what we considered upscale dinners at Red Lobster and to the movies.",69.8803939819336,6.339043013219323,6.126814932660846,6.579433251662474,6.428695278726733,21,19
becoming_michelle,I never did stop in on the college counselor to tell her she’d been wrong—that I was Princeton material after all.,275.2074279785156,6.43080512376932,8.103162312744818,6.674816065364415,7.744291556477462,26,21
becoming_michelle,The Republican Congress was devoted to Barack’s failure above all else.,544.6117553710938,5.42152867679085,9.08515676899512,5.563806203617291,7.935312101740931,14,11
