doc_id,dataset,group,n_tokens,n_sentences,tokens_per_sentence,ttr,mtld,n_turns_total,adult_turn_frac,adult_token_frac,canonical_sim,group_canonical_mean
474_A1,enni,LI,52,13,4.0,0.5576923076923077,14.823114869626497,,,,0.056199016208102026,0.07088047469325238
474_A2,enni,LI,71,15,4.733333333333333,0.5492957746478874,20.680125014321906,,,,0.06307054460817456,0.07088047469325238
474_A3,enni,LI,114,22,5.181818181818182,0.4298245614035088,19.534730538922155,,,,0.09916970320836375,0.07088047469325238
474_B1,enni,LI,82,13,6.3076923076923075,0.524390243902439,17.52490974729242,,,,0.10704561817923686,0.07088047469325238
474_B2,enni,LI,118,16,7.375,0.5084745762711864,37.10859728506787,,,,0.08242456665266719,0.07088047469325238
474_B3,enni,LI,128,16,8.0,0.40625,24.74214294320192,,,,0.10649466260582946,0.07088047469325238
475_A1,enni,LI,31,7,4.428571428571429,0.5483870967741935,13.355166051660516,,,,0.04983342839187167,0.07088047469325238
475_A2,enni,LI,35,8,4.375,0.5428571428571428,15.903284671532848,,,,0.059974085554289305,0.07088047469325238
475_A3,enni,LI,82,18,4.555555555555555,0.45121951219512196,19.79016620498615,,,,0.06234942497949977,0.07088047469325238
475_B1,enni,LI,23,6,3.8333333333333335,0.5217391304347826,8.556609454983438,,,,0.02253441793536773,0.07088047469325238
475_B2,enni,LI,40,9,4.444444444444445,0.525,13.333333333333334,,,,0.04719425278467388,0.07088047469325238
475_B3,enni,LI,91,19,4.7894736842105265,0.3626373626373626,13.587695541014863,,,,0.0581210294577039,0.07088047469325238
476_A1,enni,LI,37,8,4.625,0.5945945945945946,13.637820512820513,,,,0.055336151895349725,0.07088047469325238
476_A2,enni,LI,53,11,4.818181818181818,0.49056603773584906,17.743813682678315,,,,0.057787676949664316,0.07088047469325238
476_A3,enni,LI,109,21,5.190476190476191,0.3486238532110092,13.625,,,,0.08314422819738429,0.07088047469325238
476_B1,enni,LI,74,17,4.352941176470588,0.43243243243243246,17.03639240506329,,,,0.056966183583630266,0.07088047469325238
476_B2,enni,LI,77,17,4.529411764705882,0.35064935064935066,11.2900390625,,,,0.05360383762886889,0.07088047469325238
476_B3,enni,LI,115,22,5.2272727272727275,0.34782608695652173,15.227308853918295,,,,0.07918959470548627,0.07088047469325238
477_A1,enni,LI,39,8,4.875,0.5897435897435898,19.5,,,,0.04034181610802685,0.07088047469325238
477_A2,enni,LI,44,9,4.888888888888889,0.5454545454545454,13.197060788243153,,,,0.041259529850440985,0.07088047469325238
477_A3,enni,LI,58,16,3.625,0.5172413793103449,11.6,,,,0.028998119780433936,0.07088047469325238
477_B1,enni,LI,21,7,3.0,0.8571428571428571,41.15999999999999,,,,0.032472820672246425,0.07088047469325238
477_B2,enni,LI,42,10,4.2,0.5238095238095238,14.0,,,,0.04658051307892435,0.07088047469325238
477_B3,enni,LI,54,13,4.153846153846154,0.5,10.8,,,,0.04222449266530809,0.07088047469325238
478_A1,enni,LI,11,5,2.2,0.5454545454545454,5.65566037735849,,,,0.005647167358172511,0.07088047469325238
478_A2,enni,LI,25,7,3.5714285714285716,0.52,8.044391909640137,,,,0.030471346657475407,0.07088047469325238
478_A3,enni,LI,58,15,3.8666666666666667,0.3103448275862069,7.902116402116402,,,,0.02253692878580565,0.07088047469325238
478_B1,enni,LI,18,6,3.0,0.3888888888888889,9.0,,,,0.027936191910794706,0.07088047469325238
478_B2,enni,LI,34,9,3.7777777777777777,0.8235294117647058,53.94666666666666,,,,0.03206271452331091,0.07088047469325238
478_B3,enni,LI,86,14,6.142857142857143,0.32558139534883723,19.064155064155063,,,,0.06249357548582261,0.07088047469325238
482_A1,enni,LI,22,6,3.6666666666666665,0.8181818181818182,33.88000000000001,,,,0.04395431336478851,0.07088047469325238
482_A2,enni,LI,43,9,4.777777777777778,0.627906976744186,21.5,,,,0.05625581107909735,0.07088047469325238
482_A3,enni,LI,59,16,3.6875,0.4576271186440678,13.275,,,,0.06831256007944717,0.07088047469325238
482_B1,enni,LI,34,6,5.666666666666667,0.7941176470588235,46.239999999999995,,,,0.03331707563535051,0.07088047469325238
482_B2,enni,LI,40,9,4.444444444444445,0.625,15.335900727428326,,,,0.03996975045861795,0.07088047469325238
482_B3,enni,LI,73,16,4.5625,0.6301369863013698,29.504030667262825,,,,0.07172990470224765,0.07088047469325238
523_A1,enni,LI,39,9,4.333333333333333,0.7435897435897436,32.61353711790393,,,,0.05907049537852585,0.07088047469325238
523_A2,enni,LI,66,18,3.6666666666666665,0.6515151515151515,46.57449819866187,,,,0.056491096413420545,0.07088047469325238
523_A3,enni,LI,98,25,3.92,0.5102040816326531,18.284388335704122,,,,0.07553365742346066,0.07088047469325238
523_B1,enni,LI,57,10,5.7,0.631578947368421,26.778985507246375,,,,0.08120535737077281,0.07088047469325238
523_B2,enni,LI,64,15,4.266666666666667,0.609375,29.35099337748344,,,,0.053561253392631555,0.07088047469325238
523_B3,enni,LI,117,29,4.0344827586206895,0.5641025641025641,27.701482380817172,,,,0.08705253805950806,0.07088047469325238
575_A1,enni,LI,63,9,7.0,0.4444444444444444,15.75,,,,0.061273820270824446,0.07088047469325238
575_A2,enni,LI,64,12,5.333333333333333,0.484375,15.3993993993994,,,,0.072664415802255,0.07088047469325238
575_A3,enni,LI,170,26,6.538461538461538,0.3176470588235294,22.45971170387361,,,,0.1060315936321149,0.07088047469325238
575_B1,enni,LI,58,8,7.25,0.46551724137931033,16.105704697986578,,,,0.06512902606277533,0.07088047469325238
575_B2,enni,LI,79,15,5.266666666666667,0.46835443037974683,19.115359897172237,,,,0.07752257419110453,0.07088047469325238
575_B3,enni,LI,159,23,6.913043478260869,0.3584905660377358,18.946839975093397,,,,0.10124772595355735,0.07088047469325238
613_A1,enni,LI,31,6,5.166666666666667,0.6774193548387096,24.141592920353983,,,,0.08147986284036568,0.07088047469325238
613_A2,enni,LI,45,9,5.0,0.6888888888888889,39.48529411764706,,,,0.06447179345836451,0.07088047469325238
613_A3,enni,LI,85,15,5.666666666666667,0.5058823529411764,21.25,,,,0.07755927502714631,0.07088047469325238
613_B1,enni,LI,39,8,4.875,0.6153846153846154,19.538844621513945,,,,0.061259982046926065,0.07088047469325238
613_B2,enni,LI,43,9,4.777777777777778,0.6976744186046512,39.07664233576642,,,,0.04298300063039799,0.07088047469325238
613_B3,enni,LI,80,14,5.714285714285714,0.5625,24.102564102564102,,,,0.07907294704832539,0.07088047469325238
413_A1,enni,LI,33,12,2.75,0.696969696969697,19.34310379441879,,,,0.0418697193979776,0.07088047469325238
413_A2,enni,LI,31,9,3.4444444444444446,0.5806451612903226,10.333333333333334,,,,0.03394741297836385,0.07088047469325238
413_A3,enni,LI,53,21,2.5238095238095237,0.39622641509433965,8.833333333333334,,,,0.04096703294016524,0.07088047469325238
413_B1,enni,LI,22,8,2.75,0.7727272727272727,27.104,,,,0.034483497238747274,0.07088047469325238
413_B2,enni,LI,37,11,3.3636363636363638,0.6486486486486487,13.03631349115146,,,,0.03593501026252563,0.07088047469325238
413_B3,enni,LI,47,17,2.764705882352941,0.574468085106383,11.26844262295082,,,,0.04117031142020614,0.07088047469325238
444_A1,enni,LI,32,9,3.5555555555555554,0.28125,7.481865284974093,,,,0.041964173386733264,0.07088047469325238
444_A2,enni,LI,57,15,3.8,0.49122807017543857,14.25,,,,0.04046293038244539,0.07088047469325238
444_A3,enni,LI,72,20,3.6,0.25,8.0,,,,0.04546239228416032,0.07088047469325238
444_B1,enni,LI,33,10,3.3,0.6363636363636364,13.75,,,,0.04694390091500841,0.07088047469325238
444_B2,enni,LI,33,16,2.0625,0.696969696969697,16.791800643086816,,,,0.01764566763569288,0.07088047469325238
444_B3,enni,LI,73,23,3.1739130434782608,0.4383561643835616,10.645833333333332,,,,0.0533123848047877,0.07088047469325238
479_A1,enni,LI,53,9,5.888888888888889,0.5660377358490566,29.2288817377313,,,,0.08773772214722968,0.07088047469325238
479_A2,enni,LI,50,9,5.555555555555555,0.62,25.151215281638464,,,,0.07214766875579531,0.07088047469325238
479_A3,enni,LI,105,15,7.0,0.45714285714285713,18.464059804485338,,,,0.09028356531483023,0.07088047469325238
479_B1,enni,LI,38,9,4.222222222222222,0.5789473684210527,12.666666666666666,,,,0.05794140112176817,0.07088047469325238
479_B2,enni,LI,68,12,5.666666666666667,0.5,19.833333333333336,,,,0.07058855227527176,0.07088047469325238
479_B3,enni,LI,116,20,5.8,0.4482758620689655,21.75,,,,0.09376736643998865,0.07088047469325238
529_A1,enni,LI,137,13,10.538461538461538,0.35766423357664234,8.903852596314907,,,,0.05421819213191174,0.07088047469325238
529_A2,enni,LI,97,13,7.461538461538462,0.4639175257731959,13.169585346215781,,,,0.07091163756304111,0.07088047469325238
529_A3,enni,LI,118,18,6.555555555555555,0.4322033898305085,10.438461538461539,,,,0.04689121080454017,0.07088047469325238
529_B1,enni,LI,64,6,10.666666666666666,0.53125,12.57937265773397,,,,0.0513316793127219,0.07088047469325238
529_B2,enni,LI,128,12,10.666666666666666,0.4140625,7.561316051844466,,,,0.08035917287074573,0.07088047469325238
529_B3,enni,LI,232,24,9.666666666666666,0.3232758620689655,6.877070619006103,,,,0.08779618822289864,0.07088047469325238
568_A1,enni,LI,38,5,7.6,0.5263157894736842,17.266423357664234,,,,0.05870949772154075,0.07088047469325238
568_A2,enni,LI,35,12,2.9166666666666665,0.6857142857142857,26.923076923076923,,,,0.054629459806599195,0.07088047469325238
568_A3,enni,LI,70,13,5.384615384615385,0.5,21.9000819000819,,,,0.08795916773605283,0.07088047469325238
568_B1,enni,LI,26,7,3.7142857142857144,0.7692307692307693,28.77333333333334,,,,0.04884516697229354,0.07088047469325238
568_B2,enni,LI,47,10,4.7,0.574468085106383,15.666666666666666,,,,0.04400232058614884,0.07088047469325238
568_B3,enni,LI,72,15,4.8,0.5,24.0,,,,0.0907790178507158,0.07088047469325238
570_A1,enni,LI,39,6,6.5,0.5641025641025641,17.054347826086957,,,,0.09598474303910981,0.07088047469325238
570_A2,enni,LI,54,10,5.4,0.48148148148148145,9.0,,,,0.07169604612795254,0.07088047469325238
570_A3,enni,LI,121,17,7.117647058823529,0.4049586776859504,16.438936322405866,,,,0.08641560568427173,0.07088047469325238
570_B1,enni,LI,90,9,10.0,0.5222222222222223,22.592835708927232,,,,0.06416574263225676,0.07088047469325238
570_B2,enni,LI,101,10,10.1,0.40594059405940597,13.20583767361111,,,,0.06779760366270701,0.07088047469325238
570_B3,enni,LI,179,26,6.884615384615385,0.39664804469273746,25.135323910131056,,,,0.11328808764810876,0.07088047469325238
572_A1,enni,LI,104,16,6.5,0.5384615384615384,30.577444603682064,,,,0.06493039394275159,0.07088047469325238
572_A2,enni,LI,112,23,4.869565217391305,0.48214285714285715,35.43245078071962,,,,0.09097341521098654,0.07088047469325238
572_A3,enni,LI,262,44,5.954545454545454,0.37404580152671757,25.821387283236994,,,,0.07991863302035919,0.07088047469325238
572_B1,enni,LI,90,16,5.625,0.5222222222222223,28.329621380846326,,,,0.06182416205524861,0.07088047469325238
572_B2,enni,LI,95,19,5.0,0.37894736842105264,15.833333333333334,,,,0.05549217538402151,0.07088047469325238
572_B3,enni,LI,265,45,5.888888888888889,0.3660377358490566,20.086436170212764,,,,0.092172274205067,0.07088047469325238
574_A1,enni,LI,68,10,6.8,0.45588235294117646,14.198963730569949,,,,0.06939294462594531,0.07088047469325238
574_A2,enni,LI,63,8,7.875,0.5238095238095238,17.664259927797833,,,,0.06160574469138222,0.07088047469325238
574_A3,enni,LI,128,19,6.7368421052631575,0.390625,18.27642495239505,,,,0.08184733011099606,0.07088047469325238
574_B1,enni,LI,61,8,7.625,0.5737704918032787,21.03966494210397,,,,0.07981644834643195,0.07088047469325238
574_B2,enni,LI,72,10,7.2,0.5277777777777778,28.410021171489063,,,,0.07786842419269853,0.07088047469325238
574_B3,enni,LI,158,18,8.777777777777779,0.4177215189873418,25.681666550271203,,,,0.10462705069478753,0.07088047469325238
607_A1,enni,LI,51,8,6.375,0.37254901960784315,11.924222797927461,,,,0.09621564434448228,0.07088047469325238
607_A2,enni,LI,111,12,9.25,0.38738738738738737,16.644641713479118,,,,0.06731147460385208,0.07088047469325238
607_A3,enni,LI,175,21,8.333333333333334,0.2857142857142857,14.935972438897556,,,,0.11873180344784771,0.07088047469325238
607_B1,enni,LI,83,11,7.545454545454546,0.3253012048192771,14.114896755162242,,,,0.08738146838259139,0.07088047469325238
607_B2,enni,LI,101,13,7.769230769230769,0.43564356435643564,17.259082444557308,,,,0.07872451117324857,0.07088047469325238
607_B3,enni,LI,164,16,10.25,0.36585365853658536,15.709712259458122,,,,0.07888995606362954,0.07088047469325238
609_A1,enni,LI,50,7,7.142857142857143,0.58,14.605437665782492,,,,0.09593277035243686,0.07088047469325238
609_A2,enni,LI,158,25,6.32,0.4430379746835443,17.99644850329782,,,,0.09829213379236362,0.07088047469325238
609_A3,enni,LI,239,36,6.638888888888889,0.40585774058577406,32.62722696281549,,,,0.06028356341942395,0.07088047469325238
609_B1,enni,LI,108,18,6.0,0.5,24.3,,,,0.0491917752572324,0.07088047469325238
609_B2,enni,LI,115,17,6.764705882352941,0.5391304347826087,31.91553544494721,,,,0.05771594980183148,0.07088047469325238
609_B3,enni,LI,166,33,5.03030303030303,0.45180722891566266,20.35662039110315,,,,0.05399787944863572,0.07088047469325238
617_A1,enni,LI,62,8,7.75,0.5645161290322581,24.54552763404729,,,,0.07325581498707842,0.07088047469325238
617_A2,enni,LI,85,14,6.071428571428571,0.49411764705882355,19.125,,,,0.06160108358307294,0.07088047469325238
617_A3,enni,LI,125,18,6.944444444444445,0.424,26.27952755905512,,,,0.0686254442320972,0.07088047469325238
617_B1,enni,LI,88,10,8.8,0.5,34.37842128562488,,,,0.062113192083518565,0.07088047469325238
617_B2,enni,LI,93,12,7.75,0.5806451612903226,42.463541666666664,,,,0.06191947419428081,0.07088047469325238
617_B3,enni,LI,176,23,7.6521739130434785,0.3693181818181818,19.49655172413793,,,,0.08404968955530726,0.07088047469325238
625_A1,enni,LI,53,9,5.888888888888889,0.5660377358490566,15.785493827160494,,,,0.07962993423200342,0.07088047469325238
625_A2,enni,LI,50,14,3.5714285714285716,0.62,25.669306184012072,,,,0.0860951551476838,0.07088047469325238
625_A3,enni,LI,92,22,4.181818181818182,0.4673913043478261,22.20360110803324,,,,0.06814256023662885,0.07088047469325238
625_B1,enni,LI,55,10,5.5,0.6727272727272727,21.69614747790397,,,,0.06585753057249193,0.07088047469325238
625_B2,enni,LI,57,11,5.181818181818182,0.6842105263157895,33.62546059669559,,,,0.06130709108776762,0.07088047469325238
625_B3,enni,LI,83,16,5.1875,0.5542168674698795,28.299685957828622,,,,0.08772662430101384,0.07088047469325238
678_A1,enni,LI,44,5,8.8,0.6136363636363636,27.018292682926827,,,,0.07762474380964121,0.07088047469325238
678_A2,enni,LI,78,12,6.5,0.4230769230769231,14.3,,,,0.06540592385639583,0.07088047469325238
678_A3,enni,LI,122,15,8.133333333333333,0.3360655737704918,15.98478218822645,,,,0.10447781523888545,0.07088047469325238
678_B1,enni,LI,74,10,7.4,0.44594594594594594,16.161586382051798,,,,0.08866900289592784,0.07088047469325238
678_B2,enni,LI,89,12,7.416666666666667,0.42696629213483145,13.136638847979054,,,,0.09666090907769098,0.07088047469325238
678_B3,enni,LI,126,18,7.0,0.4126984126984127,20.475,,,,0.1017661042602385,0.07088047469325238
717_A1,enni,LI,48,8,6.0,0.5208333333333334,19.26095145513093,,,,0.08681694888090974,0.07088047469325238
717_A2,enni,LI,70,10,7.0,0.5571428571428572,18.666666666666664,,,,0.07341133732486932,0.07088047469325238
717_A3,enni,LI,121,19,6.368421052631579,0.4297520661157025,23.310294117647057,,,,0.10941328846800134,0.07088047469325238
717_B1,enni,LI,45,7,6.428571428571429,0.6444444444444445,25.7250656167979,,,,0.07325842164603427,0.07088047469325238
717_B2,enni,LI,74,15,4.933333333333334,0.4864864864864865,23.410726408689747,,,,0.06280112839778818,0.07088047469325238
717_B3,enni,LI,112,20,5.6,0.4642857142857143,28.16867469879518,,,,0.09424493445881633,0.07088047469325238
721_A1,enni,LI,48,7,6.857142857142857,0.5,12.0,,,,0.08213548933369741,0.07088047469325238
721_A2,enni,LI,92,15,6.133333333333334,0.532608695652174,31.355177993527512,,,,0.09073457475098932,0.07088047469325238
721_A3,enni,LI,131,17,7.705882352941177,0.5114503816793893,27.544296400187005,,,,0.09303857312687519,0.07088047469325238
721_B1,enni,LI,46,8,5.75,0.6086956521739131,24.323008849557525,,,,0.06696386281837204,0.07088047469325238
721_B2,enni,LI,78,14,5.571428571428571,0.5512820512820513,32.686080140833255,,,,0.08602195981936715,0.07088047469325238
721_B3,enni,LI,121,19,6.368421052631579,0.5537190082644629,35.70428388746803,,,,0.10739120224789307,0.07088047469325238
725_A1,enni,LI,162,21,7.714285714285714,0.4382716049382716,30.38418095801301,,,,0.07967656741458377,0.07088047469325238
725_A2,enni,LI,241,27,8.925925925925926,0.4024896265560166,42.71382113821138,,,,0.09831415703634323,0.07088047469325238
725_A3,enni,LI,396,46,8.608695652173912,0.3409090909090909,39.10746268656716,,,,0.10181842103950242,0.07088047469325238
725_B1,enni,LI,136,16,8.5,0.45588235294117646,28.024242424242424,,,,0.08606570264331298,0.07088047469325238
725_B2,enni,LI,251,29,8.655172413793103,0.4541832669322709,47.59686262247238,,,,0.09883063061356943,0.07088047469325238
725_B3,enni,LI,456,56,8.142857142857142,0.30043859649122806,27.860412926391383,,,,0.12965207121231648,0.07088047469325238
729_A1,enni,LI,75,19,3.9473684210526314,0.5466666666666666,18.75,,,,0.07585946483155492,0.07088047469325238
729_A2,enni,LI,81,14,5.785714285714286,0.5679012345679012,16.875,,,,0.053061186687508484,0.07088047469325238
729_A3,enni,LI,167,39,4.282051282051282,0.47305389221556887,33.241133715751594,,,,0.056318607927707945,0.07088047469325238
729_B1,enni,LI,72,20,3.6,0.6111111111111112,29.590328467153284,,,,0.06692058088720931,0.07088047469325238
729_B2,enni,LI,89,24,3.7083333333333335,0.6067415730337079,37.083333333333336,,,,0.05742663046348931,0.07088047469325238
729_B3,enni,LI,145,34,4.264705882352941,0.5103448275862069,21.373951182303585,,,,0.0714301341542813,0.07088047469325238
733_A1,enni,LI,40,5,8.0,0.5,13.171529860921735,,,,0.04262230767488991,0.07088047469325238
733_A2,enni,LI,56,8,7.0,0.5535714285714286,17.520065520065522,,,,0.08416182906756743,0.07088047469325238
733_A3,enni,LI,130,18,7.222222222222222,0.35384615384615387,17.521008403361346,,,,0.09758395062327091,0.07088047469325238
733_B1,enni,LI,44,6,7.333333333333333,0.5,22.0,,,,0.07126946131667913,0.07088047469325238
733_B2,enni,LI,73,9,8.11111111111111,0.5616438356164384,22.425243644986843,,,,0.05777479587104319,0.07088047469325238
733_B3,enni,LI,101,17,5.9411764705882355,0.5148514851485149,20.5222215753624,,,,0.08605020838182571,0.07088047469325238
777_A1,enni,LI,32,5,6.4,0.53125,14.03921568627451,,,,0.09234622292364661,0.07088047469325238
777_A2,enni,LI,47,8,5.875,0.6808510638297872,30.49494507630991,,,,0.077217343185894,0.07088047469325238
777_A3,enni,LI,104,14,7.428571428571429,0.40384615384615385,16.942839036755387,,,,0.09339699831302767,0.07088047469325238
777_B1,enni,LI,34,5,6.8,0.6176470588235294,25.05263157894737,,,,0.07242842312964767,0.07088047469325238
777_B2,enni,LI,49,7,7.0,0.5714285714285714,23.1968085106383,,,,0.07505500927180461,0.07088047469325238
777_B3,enni,LI,94,14,6.714285714285714,0.46808510638297873,21.473394495412844,,,,0.08350137572754643,0.07088047469325238
817_A1,enni,LI,33,6,5.5,0.7272727272727273,33.0,,,,0.0486414340649417,0.07088047469325238
817_A2,enni,LI,55,11,5.0,0.7090909090909091,44.73880597014926,,,,0.06090268315757966,0.07088047469325238
817_A3,enni,LI,89,15,5.933333333333334,0.5617977528089888,33.18001174862732,,,,0.08742939446067961,0.07088047469325238
817_B1,enni,LI,37,6,6.166666666666667,0.7837837837837838,47.915,,,,0.05457525353472755,0.07088047469325238
817_B2,enni,LI,76,13,5.846153846153846,0.6842105263157895,70.89247311827957,,,,0.07379994718401599,0.07088047469325238
817_B3,enni,LI,85,16,5.3125,0.49411764705882355,28.333333333333332,,,,0.07322229570028113,0.07088047469325238
821_A1,enni,LI,62,8,7.75,0.4838709677419355,18.595858383433537,,,,0.1177600294889447,0.07088047469325238
821_A2,enni,LI,66,10,6.6,0.5909090909090909,20.92578125,,,,0.09083260525356764,0.07088047469325238
821_A3,enni,LI,116,15,7.733333333333333,0.4224137931034483,19.333333333333332,,,,0.10593932876340106,0.07088047469325238
821_B1,enni,LI,47,7,6.714285714285714,0.5106382978723404,15.666666666666666,,,,0.06341913636620262,0.07088047469325238
821_B2,enni,LI,81,9,9.0,0.49382716049382713,15.984168379278579,,,,0.06749675196383244,0.07088047469325238
821_B3,enni,LI,135,17,7.9411764705882355,0.45925925925925926,31.66495057660626,,,,0.10912174494096981,0.07088047469325238
825_A1,enni,LI,34,8,4.25,0.7352941176470589,29.88222222222223,,,,0.063929370256086,0.07088047469325238
825_A2,enni,LI,57,11,5.181818181818182,0.6842105263157895,39.95953002610966,,,,0.06281921397967646,0.07088047469325238
825_A3,enni,LI,111,17,6.529411764705882,0.5495495495495496,46.12991738788355,,,,0.08127503170987535,0.07088047469325238
825_B1,enni,LI,47,9,5.222222222222222,0.6382978723404256,19.583333333333332,,,,0.06985930229366306,0.07088047469325238
825_B2,enni,LI,60,11,5.454545454545454,0.8,84.00000000000003,,,,0.05387233535842775,0.07088047469325238
825_B3,enni,LI,122,20,6.1,0.5655737704918032,52.934306569343065,,,,0.09202736166721073,0.07088047469325238
829_A1,enni,LI,47,6,7.833333333333333,0.5957446808510638,18.2864238410596,,,,0.040745402034777674,0.07088047469325238
829_A2,enni,LI,73,10,7.3,0.5616438356164384,21.291666666666664,,,,0.06743392423356812,0.07088047469325238
829_A3,enni,LI,111,16,6.9375,0.40540540540540543,16.703237410071942,,,,0.07154525478521552,0.07088047469325238
829_B1,enni,LI,30,5,6.0,0.8,42.000000000000014,,,,0.05508174061890283,0.07088047469325238
829_B2,enni,LI,47,9,5.222222222222222,0.6170212765957447,26.679659498207887,,,,0.04480324916502548,0.07088047469325238
829_B3,enni,LI,93,18,5.166666666666667,0.5698924731182796,24.04471383147854,,,,0.06624433111794115,0.07088047469325238
871_A1,enni,LI,57,7,8.142857142857142,0.6140350877192983,15.244186046511627,,,,0.05310632634051368,0.07088047469325238
871_A2,enni,LI,71,9,7.888888888888889,0.676056338028169,36.935661764705884,,,,0.05801768708752815,0.07088047469325238
871_A3,enni,LI,128,17,7.529411764705882,0.4609375,21.333333333333332,,,,0.0736592054924963,0.07088047469325238
871_B1,enni,LI,33,6,5.5,0.7272727272727273,30.575416666666666,,,,0.03218266177975214,0.07088047469325238
871_B2,enni,LI,80,13,6.153846153846154,0.65,27.586206896551722,,,,0.04905352757388166,0.07088047469325238
871_B3,enni,LI,107,15,7.133333333333334,0.5420560747663551,28.754722641582475,,,,0.06672365726055413,0.07088047469325238
878_A1,enni,LI,85,11,7.7272727272727275,0.47058823529411764,18.914769645161893,,,,0.06822009663365819,0.07088047469325238
878_A2,enni,LI,64,7,9.142857142857142,0.578125,27.341120704249192,,,,0.0758171704183849,0.07088047469325238
878_A3,enni,LI,108,16,6.75,0.4722222222222222,21.836496350364968,,,,0.11092179651902392,0.07088047469325238
878_B1,enni,LI,44,6,7.333333333333333,0.5,13.600775193798448,,,,0.07651584569914903,0.07088047469325238
878_B2,enni,LI,60,10,6.0,0.48333333333333334,18.22064056939502,,,,0.07683703198681821,0.07088047469325238
878_B3,enni,LI,113,19,5.947368421052632,0.4690265486725664,19.25293609671848,,,,0.09680733888238142,0.07088047469325238
880_A1,enni,LI,78,8,9.75,0.5641025641025641,40.10377358490566,,,,0.08628453395338462,0.07088047469325238
880_A2,enni,LI,112,14,8.0,0.5892857142857143,50.5614942891399,,,,0.07244169148994413,0.07088047469325238
880_A3,enni,LI,267,44,6.068181818181818,0.40074906367041196,30.01643502389771,,,,0.09173371431496996,0.07088047469325238
880_B1,enni,LI,75,13,5.769230769230769,0.6133333333333333,31.83139534883721,,,,0.06047264039889102,0.07088047469325238
880_B2,enni,LI,135,17,7.9411764705882355,0.5777777777777777,46.053625377643506,,,,0.07774486418299961,0.07088047469325238
880_B3,enni,LI,209,34,6.147058823529412,0.41148325358851673,30.08919319022946,,,,0.11103845422782868,0.07088047469325238
922_A1,enni,LI,141,24,5.875,0.5460992907801419,44.216564685314694,,,,0.07095626537606961,0.07088047469325238
922_A2,enni,LI,190,30,6.333333333333333,0.5105263157894737,54.63608184188043,,,,0.08342427360894272,0.07088047469325238
922_A3,enni,LI,365,54,6.7592592592592595,0.3561643835616438,33.12210979841697,,,,0.0696176921106129,0.07088047469325238
922_B1,enni,LI,111,16,6.9375,0.4954954954954955,25.379555808656036,,,,0.062430690262567284,0.07088047469325238
922_B2,enni,LI,229,42,5.4523809523809526,0.5152838427947598,30.899377418330843,,,,0.0686065949071977,0.07088047469325238
922_B3,enni,LI,271,48,5.645833333333333,0.44280442804428044,51.89034090909091,,,,0.09595049609084826,0.07088047469325238
926_A1,enni,LI,80,9,8.88888888888889,0.45,24.102564102564102,,,,0.08626787640607683,0.07088047469325238
926_A2,enni,LI,83,10,8.3,0.6024096385542169,41.5,,,,0.0727914389672469,0.07088047469325238
926_A3,enni,LI,137,15,9.133333333333333,0.43795620437956206,26.486666666666665,,,,0.10206206960411707,0.07088047469325238
926_B1,enni,LI,82,11,7.454545454545454,0.4878048780487805,19.470883534136547,,,,0.08757581606404002,0.07088047469325238
926_B2,enni,LI,163,18,9.055555555555555,0.4539877300613497,24.7032640831202,,,,0.07910981600133551,0.07088047469325238
926_B3,enni,LI,162,21,7.714285714285714,0.4506172839506173,28.2,,,,0.10144418522905312,0.07088047469325238
973_A1,enni,LI,44,5,8.8,0.5681818181818182,19.10526315789474,,,,0.06556386295727668,0.07088047469325238
973_A2,enni,LI,58,8,7.25,0.5689655172413793,19.333333333333332,,,,0.051414171777351435,0.07088047469325238
973_A3,enni,LI,109,15,7.266666666666667,0.42201834862385323,16.358747993579456,,,,0.04046752926313349,0.07088047469325238
973_B1,enni,LI,43,6,7.166666666666667,0.5581395348837209,18.67105263157895,,,,0.051600146671466236,0.07088047469325238
973_B2,enni,LI,61,8,7.625,0.5245901639344263,12.2,,,,0.06652140638731593,0.07088047469325238
973_B3,enni,LI,104,16,6.5,0.5480769230769231,19.793548387096777,,,,0.08395213089346258,0.07088047469325238
427_A1,enni,LI,20,7,2.857142857142857,0.8,24.000000000000004,,,,0.031146747690056424,0.07088047469325238
427_A2,enni,LI,39,13,3.0,0.6410256410256411,13.523489932885905,,,,0.058895483025480866,0.07088047469325238
427_A3,enni,LI,49,15,3.2666666666666666,0.6326530612244898,17.285276073619634,,,,0.054350780045383074,0.07088047469325238
427_B1,enni,LI,19,7,2.7142857142857144,0.7894736842105263,19.324349112426038,,,,0.05487111620393567,0.07088047469325238
427_B2,enni,LI,26,9,2.888888888888889,0.6923076923076923,16.73972602739726,,,,0.02414502543859017,0.07088047469325238
427_B3,enni,LI,69,17,4.0588235294117645,0.5652173913043478,17.33373786407767,,,,0.07422476860015989,0.07088047469325238
480_A1,enni,LI,109,23,4.739130434782608,0.45871559633027525,21.073333333333334,,,,0.0758088944881906,0.07088047469325238
480_A2,enni,LI,111,20,5.55,0.4954954954954955,17.51595744680851,,,,0.06503754669713119,0.07088047469325238
480_A3,enni,LI,157,31,5.064516129032258,0.39490445859872614,25.60166745857338,,,,0.07696164157735365,0.07088047469325238
480_B1,enni,LI,110,19,5.7894736842105265,0.4090909090909091,18.791666666666664,,,,0.07395010358440747,0.07088047469325238
480_B2,enni,LI,127,24,5.291666666666667,0.3543307086614173,15.875,,,,0.06782040450892525,0.07088047469325238
480_B3,enni,LI,200,40,5.0,0.34,17.424242424242426,,,,0.07251430920192563,0.07088047469325238
527_A1,enni,LI,93,21,4.428571428571429,0.5698924731182796,28.424612795831223,,,,0.04954282594954872,0.07088047469325238
527_A2,enni,LI,104,24,4.333333333333333,0.5,18.80340218712029,,,,0.05974457091407938,0.07088047469325238
527_A3,enni,LI,188,37,5.081081081081081,0.4787234042553192,41.631735132843616,,,,0.0849682817708453,0.07088047469325238
527_B1,enni,LI,62,15,4.133333333333334,0.5,16.044691747729175,,,,0.06167668597239691,0.07088047469325238
527_B2,enni,LI,89,11,8.090909090909092,0.4606741573033708,23.59300751222921,,,,0.06824882774385163,0.07088047469325238
527_B3,enni,LI,144,26,5.538461538461538,0.4027777777777778,29.36926409460804,,,,0.08637729587634406,0.07088047469325238
531_A1,enni,LI,21,6,3.5,0.7619047619047619,18.930089552238805,,,,0.028729678516847622,0.07088047469325238
531_A2,enni,LI,28,9,3.111111111111111,0.75,24.011983805668017,,,,0.04015520672261093,0.07088047469325238
531_A3,enni,LI,48,15,3.2,0.5416666666666666,16.0,,,,0.04070289312066138,0.07088047469325238
531_B1,enni,LI,26,7,3.7142857142857144,0.6923076923076923,26.0,,,,0.01879053175535776,0.07088047469325238
531_B2,enni,LI,30,9,3.3333333333333335,0.6333333333333333,13.47560975609756,,,,0.014820738996812001,0.07088047469325238
531_B3,enni,LI,45,15,3.0,0.4666666666666667,12.495805369127517,,,,0.058220189998744766,0.07088047469325238
535_A1,enni,LI,43,10,4.3,0.4418604651162791,13.496105919003114,,,,0.04826878088071915,0.07088047469325238
535_A2,enni,LI,63,17,3.7058823529411766,0.49206349206349204,12.928955696202532,,,,0.06330295185014384,0.07088047469325238
535_A3,enni,LI,90,16,5.625,0.3888888888888889,10.305043646944714,,,,0.041033841876963024,0.07088047469325238
535_B1,enni,LI,53,7,7.571428571428571,0.49056603773584906,13.886565836298933,,,,0.0244037266187659,0.07088047469325238
535_B2,enni,LI,69,10,6.9,0.391304347826087,12.65,,,,0.023687932811284066,0.07088047469325238
535_B3,enni,LI,115,19,6.052631578947368,0.40869565217391307,13.078639581409664,,,,0.0560982469874075,0.07088047469325238
567_A1,enni,LI,72,11,6.545454545454546,0.5416666666666666,21.26182794579855,,,,0.047563497173877436,0.07088047469325238
567_A2,enni,LI,67,11,6.090909090909091,0.5522388059701493,26.210268948655255,,,,0.0745507050241806,0.07088047469325238
567_A3,enni,LI,90,19,4.7368421052631575,0.5222222222222223,20.559633027522935,,,,0.07231057208192448,0.07088047469325238
567_B1,enni,LI,56,7,8.0,0.44642857142857145,12.6,,,,0.0654664261128298,0.07088047469325238
567_B2,enni,LI,55,10,5.5,0.43636363636363634,12.239694715636137,,,,0.048204422207088655,0.07088047469325238
567_B3,enni,LI,121,19,6.368421052631579,0.39669421487603307,18.726190476190474,,,,0.08855682199132124,0.07088047469325238
569_A1,enni,LI,32,8,4.0,0.71875,32.0,,,,0.03503650910104939,0.07088047469325238
569_A2,enni,LI,97,23,4.217391304347826,0.6082474226804123,28.712579320642032,,,,0.06756330457706712,0.07088047469325238
569_A3,enni,LI,127,30,4.233333333333333,0.5039370078740157,30.650623268698062,,,,0.07349826568561754,0.07088047469325238
569_B1,enni,LI,34,7,4.857142857142857,0.6470588235294118,23.94890510948905,,,,0.05538445962329719,0.07088047469325238
569_B2,enni,LI,47,10,4.7,0.6808510638297872,20.715863453815263,,,,0.051888408804482464,0.07088047469325238
569_B3,enni,LI,87,19,4.578947368421052,0.5172413793103449,25.927966101694913,,,,0.07824746247692421,0.07088047469325238
576_A1,enni,LI,43,11,3.909090909090909,0.6976744186046512,31.82389989922741,,,,0.036886020876414495,0.07088047469325238
576_A2,enni,LI,50,10,5.0,0.58,19.29297597042514,,,,0.06221979249241599,0.07088047469325238
576_A3,enni,LI,96,19,5.052631578947368,0.5520833333333334,32.0,,,,0.08237353851223349,0.07088047469325238
576_B1,enni,LI,57,12,4.75,0.5789473684210527,20.853658536585364,,,,0.03790384904047596,0.07088047469325238
576_B2,enni,LI,64,13,4.923076923076923,0.546875,17.579563166737515,,,,0.05183905141294796,0.07088047469325238
576_B3,enni,LI,84,19,4.421052631578948,0.4523809523809524,11.136078381147541,,,,0.07328465505392368,0.07088047469325238
611_A1,enni,LI,46,7,6.571428571428571,0.6521739130434783,30.15416820022083,,,,0.05393100341459123,0.07088047469325238
611_A2,enni,LI,54,11,4.909090909090909,0.5555555555555556,14.205010585744532,,,,0.03650225734779279,0.07088047469325238
611_A3,enni,LI,117,17,6.882352941176471,0.4700854700854701,25.17884012539185,,,,0.0571562725462512,0.07088047469325238
611_B1,enni,LI,57,10,5.7,0.6666666666666666,27.750298923874052,,,,0.059022014034572134,0.07088047469325238
611_B2,enni,LI,61,10,6.1,0.6229508196721312,24.19222503532737,,,,0.039363481198450415,0.07088047469325238
611_B3,enni,LI,143,22,6.5,0.5034965034965035,36.8810801552866,,,,0.0821927736075585,0.07088047469325238
667_A1,enni,LI,74,17,4.352941176470588,0.5540540540540541,32.56709265175719,,,,0.056522127803448625,0.07088047469325238
667_A2,enni,LI,87,20,4.35,0.6206896551724138,37.511563876651984,,,,0.07431380213419644,0.07088047469325238
667_A3,enni,LI,119,24,4.958333333333333,0.48739495798319327,32.15389209144391,,,,0.09762519512636117,0.07088047469325238
667_B1,enni,LI,57,16,3.5625,0.6491228070175439,28.293525608693656,,,,0.06516008486948416,0.07088047469325238
667_B2,enni,LI,64,13,4.923076923076923,0.671875,44.276123369631875,,,,0.0754195599849297,0.07088047469325238
667_B3,enni,LI,112,19,5.894736842105263,0.44642857142857145,15.629286376274328,,,,0.03550641632774119,0.07088047469325238
673_A1,enni,LI,102,13,7.846153846153846,0.3333333333333333,13.278520041109969,,,,0.08696758759058648,0.07088047469325238
673_A2,enni,LI,164,22,7.454545454545454,0.3780487804878049,20.90558414285188,,,,0.11431566787613748,0.07088047469325238
673_A3,enni,LI,388,47,8.25531914893617,0.2422680412371134,21.405460289809092,,,,0.11521179735385906,0.07088047469325238
673_B1,enni,LI,76,8,9.5,0.42105263157894735,19.032477947072973,,,,0.07751200538237005,0.07088047469325238
673_B2,enni,LI,161,18,8.944444444444445,0.33540372670807456,17.489939538110814,,,,0.0919032921052425,0.07088047469325238
673_B3,enni,LI,268,31,8.64516129032258,0.2835820895522388,17.70710962347745,,,,0.11126054854518798,0.07088047469325238
679_A1,enni,LI,60,7,8.571428571428571,0.45,16.18919844713405,,,,0.1062721475780668,0.07088047469325238
679_A2,enni,LI,65,8,8.125,0.6307692307692307,32.5,,,,0.09105571088604825,0.07088047469325238
679_A3,enni,LI,115,13,8.846153846153847,0.46956521739130436,23.0,,,,0.1116024053590348,0.07088047469325238
679_B1,enni,LI,40,5,8.0,0.675,26.16432524478502,,,,0.05403344399532017,0.07088047469325238
679_B2,enni,LI,71,10,7.1,0.5492957746478874,22.837713146822175,,,,0.07200660942352541,0.07088047469325238
679_B3,enni,LI,116,16,7.25,0.4051724137931034,18.20404984423676,,,,0.11619941541704058,0.07088047469325238
680_A1,enni,LI,35,6,5.833333333333333,0.6285714285714286,15.053131991051455,,,,0.052252542806227695,0.07088047469325238
680_A2,enni,LI,45,9,5.0,0.6,20.12323943661972,,,,0.061844666758491866,0.07088047469325238
680_A3,enni,LI,78,14,5.571428571428571,0.5,21.65939597315436,,,,0.05791708933410229,0.07088047469325238
680_B1,enni,LI,20,6,3.3333333333333335,0.85,37.333333333333336,,,,0.03937433857110466,0.07088047469325238
680_B2,enni,LI,34,10,3.4,0.6764705882352942,18.915092762828014,,,,0.045829514659452474,0.07088047469325238
680_B3,enni,LI,79,14,5.642857142857143,0.5316455696202531,18.263806852899243,,,,0.07041643644445089,0.07088047469325238
723_A1,enni,LI,45,7,6.428571428571429,0.6,26.38739702334896,,,,0.07487797733435017,0.07088047469325238
723_A2,enni,LI,63,9,7.0,0.5396825396825397,19.45609034492712,,,,0.08912513003470411,0.07088047469325238
723_A3,enni,LI,90,13,6.923076923076923,0.5,22.5,,,,0.09861186163552885,0.07088047469325238
723_B1,enni,LI,41,6,6.833333333333333,0.6585365853658537,27.521676715475166,,,,0.06364759204941216,0.07088047469325238
723_B2,enni,LI,67,9,7.444444444444445,0.47761194029850745,19.541666666666664,,,,0.060683261850578624,0.07088047469325238
723_B3,enni,LI,111,15,7.4,0.4594594594594595,20.672120194803043,,,,0.0925431032513275,0.07088047469325238
727_A1,enni,LI,37,6,6.166666666666667,0.6216216216216216,14.185708172871202,,,,0.032191746199441415,0.07088047469325238
727_A2,enni,LI,44,9,4.888888888888889,0.6363636363636364,27.582089552238813,,,,0.056989181952255816,0.07088047469325238
727_A3,enni,LI,96,14,6.857142857142857,0.3958333333333333,14.904109589041095,,,,0.07662062552082509,0.07088047469325238
727_B1,enni,LI,54,8,6.75,0.5740740740740741,27.0,,,,0.06548398252118148,0.07088047469325238
727_B2,enni,LI,98,14,7.0,0.45918367346938777,17.728969943837562,,,,0.061481516461813684,0.07088047469325238
727_B3,enni,LI,122,19,6.421052631578948,0.47540983606557374,29.64325842696629,,,,0.08548146424078196,0.07088047469325238
731_A1,enni,LI,32,5,6.4,0.59375,24.0,,,,0.043095076179420114,0.07088047469325238
731_A2,enni,LI,55,8,6.875,0.5636363636363636,23.790467625899282,,,,0.045149410332996825,0.07088047469325238
731_A3,enni,LI,80,13,6.153846153846154,0.4,11.428571428571429,,,,0.042615122883385544,0.07088047469325238
731_B1,enni,LI,36,7,5.142857142857143,0.5555555555555556,18.0,,,,0.07581501716037763,0.07088047469325238
731_B2,enni,LI,65,9,7.222222222222222,0.4461538461538462,16.25,,,,0.05378341365452831,0.07088047469325238
731_B3,enni,LI,75,14,5.357142857142857,0.44,23.871841155234655,,,,0.07470906073319876,0.07088047469325238
735_A1,enni,LI,99,24,4.125,0.5454545454545454,26.196869439501782,,,,0.08553569573457695,0.07088047469325238
735_A2,enni,LI,120,31,3.870967741935484,0.5916666666666667,44.63108404566056,,,,0.07316039999902162,0.07088047469325238
735_A3,enni,LI,243,50,4.86,0.448559670781893,42.470090386195565,,,,0.09811924464246091,0.07088047469325238
735_B1,enni,LI,80,13,6.153846153846154,0.5875,29.20178675470965,,,,0.06793351065192745,0.07088047469325238
735_B2,enni,LI,126,20,6.3,0.5079365079365079,19.111686390532544,,,,0.07016956621819535,0.07088047469325238
735_B3,enni,LI,228,47,4.851063829787234,0.4868421052631579,45.6,,,,0.08877521132374257,0.07088047469325238
739_A1,enni,LI,39,5,7.8,0.5384615384615384,17.26376146788991,,,,0.039552187502594004,0.07088047469325238
739_A2,enni,LI,60,6,10.0,0.6666666666666666,31.11111111111111,,,,0.07521583443421903,0.07088047469325238
739_A3,enni,LI,90,12,7.5,0.5222222222222223,23.645833333333336,,,,0.08450702401790776,0.07088047469325238
739_B1,enni,LI,55,8,6.875,0.6363636363636364,33.00672405888646,,,,0.06444596447701285,0.07088047469325238
739_B2,enni,LI,52,6,8.666666666666666,0.6730769230769231,37.18435754189944,,,,0.0667177846227318,0.07088047469325238
739_B3,enni,LI,90,9,10.0,0.6111111111111112,39.55996131528046,,,,0.08754030264735152,0.07088047469325238
774_A1,enni,LI,62,9,6.888888888888889,0.3548387096774194,12.432375979112273,,,,0.07323526734431215,0.07088047469325238
774_A2,enni,LI,81,16,5.0625,0.4567901234567901,21.911574113809976,,,,0.10059705188218974,0.07088047469325238
774_A3,enni,LI,159,22,7.2272727272727275,0.31446540880503143,21.824227496641292,,,,0.0993585400639472,0.07088047469325238
774_B1,enni,LI,83,12,6.916666666666667,0.4578313253012048,22.416450777202073,,,,0.08094620544917479,0.07088047469325238
774_B2,enni,LI,101,10,10.1,0.48514851485148514,23.9824297188755,,,,0.07322397650432566,0.07088047469325238
774_B3,enni,LI,203,25,8.12,0.33004926108374383,19.860243065117217,,,,0.124223874519395,0.07088047469325238
778_A1,enni,LI,33,5,6.6,0.6363636363636364,33.0,,,,0.061888902968374716,0.07088047469325238
778_A2,enni,LI,44,9,4.888888888888889,0.6136363636363636,28.780757769263516,,,,0.06621124260305648,0.07088047469325238
778_A3,enni,LI,86,14,6.142857142857143,0.5116279069767442,21.18719581650616,,,,0.06673346998544236,0.07088047469325238
778_B1,enni,LI,40,5,8.0,0.575,12.739094536947846,,,,0.0590971257120342,0.07088047469325238
778_B2,enni,LI,53,8,6.625,0.5094339622641509,20.91162504887995,,,,0.07223436783956877,0.07088047469325238
778_B3,enni,LI,90,12,7.5,0.4111111111111111,20.795454545454547,,,,0.08994836377109523,0.07088047469325238
819_A1,enni,LI,86,10,8.6,0.5581395348837209,33.21005572399777,,,,0.08107506962339915,0.07088047469325238
819_A2,enni,LI,173,27,6.407407407407407,0.4161849710982659,24.993085880640464,,,,0.09792343505522753,0.07088047469325238
819_A3,enni,LI,201,28,7.178571428571429,0.42786069651741293,26.222694174757283,,,,0.0890603125732203,0.07088047469325238
819_B1,enni,LI,106,14,7.571428571428571,0.44339622641509435,15.175213675213676,,,,0.0738508270637995,0.07088047469325238
819_B2,enni,LI,140,20,7.0,0.4928571428571429,31.806569343065696,,,,0.0898595269467385,0.07088047469325238
819_B3,enni,LI,262,30,8.733333333333333,0.36259541984732824,30.025615115747144,,,,0.11406793934865339,0.07088047469325238
823_A1,enni,LI,77,13,5.923076923076923,0.5584415584415584,26.989023758022128,,,,0.08350944359139453,0.07088047469325238
823_A2,enni,LI,102,16,6.375,0.39215686274509803,17.0,,,,0.08815306794296747,0.07088047469325238
823_A3,enni,LI,134,23,5.826086956521739,0.4253731343283582,19.4019166449334,,,,0.1042483422637203,0.07088047469325238
823_B1,enni,LI,63,9,7.0,0.6507936507936508,44.32891414141414,,,,0.06362762019010453,0.07088047469325238
823_B2,enni,LI,103,17,6.0588235294117645,0.5533980582524272,38.14685270094728,,,,0.08701964168559555,0.07088047469325238
823_B3,enni,LI,146,24,6.083333333333333,0.4520547945205479,21.69931271477663,,,,0.09240633807875763,0.07088047469325238
827_A1,enni,LI,59,10,5.9,0.6101694915254238,21.62741965795903,,,,0.07583050726041078,0.07088047469325238
827_A2,enni,LI,91,15,6.066666666666666,0.5714285714285714,37.916666666666664,,,,0.08740102727988637,0.07088047469325238
827_A3,enni,LI,159,24,6.625,0.4779874213836478,33.37094282089063,,,,0.10407366561292451,0.07088047469325238
827_B1,enni,LI,67,12,5.583333333333333,0.5223880597014925,19.926724137931032,,,,0.08657932132353242,0.07088047469325238
827_B2,enni,LI,137,19,7.2105263157894735,0.45985401459854014,26.78666666666667,,,,0.09056627761733758,0.07088047469325238
827_B3,enni,LI,215,29,7.413793103448276,0.4511627906976744,29.890404659717966,,,,0.1254969120437223,0.07088047469325238
831_A1,enni,LI,96,14,6.857142857142857,0.59375,48.0,,,,0.0761128051130493,0.07088047469325238
831_A2,enni,LI,81,12,6.75,0.6049382716049383,44.54396227638061,,,,0.08263021650394387,0.07088047469325238
831_A3,enni,LI,145,19,7.631578947368421,0.46206896551724136,27.657407407407405,,,,0.09605080260013367,0.07088047469325238
831_B1,enni,LI,83,11,7.545454545454546,0.6024096385542169,22.674685912857527,,,,0.07357313056316053,0.07088047469325238
831_B2,enni,LI,111,16,6.9375,0.5225225225225225,26.858290488431876,,,,0.06511898069120801,0.07088047469325238
831_B3,enni,LI,169,24,7.041666666666667,0.46745562130177515,33.22994262727512,,,,0.10507379594339974,0.07088047469325238
870_A1,enni,LI,40,6,6.666666666666667,0.575,14.08284023668639,,,,0.06977154817156349,0.07088047469325238
870_A2,enni,LI,37,9,4.111111111111111,0.7297297297297297,30.301350318471336,,,,0.07886590812203295,0.07088047469325238
870_A3,enni,LI,74,14,5.285714285714286,0.5,14.962043795620438,,,,0.08377590004035257,0.07088047469325238
870_B1,enni,LI,49,8,6.125,0.5102040816326531,16.35631644777986,,,,0.0693068831171961,0.07088047469325238
870_B2,enni,LI,44,9,4.888888888888889,0.6136363636363636,14.852320675105485,,,,0.05220192528955624,0.07088047469325238
870_B3,enni,LI,101,14,7.214285714285714,0.5148514851485149,19.747004135821776,,,,0.09301795646827477,0.07088047469325238
872_A1,enni,LI,54,6,9.0,0.6111111111111112,33.88235294117647,,,,0.07370722001008398,0.07088047469325238
872_A2,enni,LI,73,13,5.615384615384615,0.547945205479452,19.466666666666665,,,,0.0572285362575973,0.07088047469325238
872_A3,enni,LI,83,13,6.384615384615385,0.4819277108433735,24.208333333333336,,,,0.07928232599266345,0.07088047469325238
872_B1,enni,LI,50,7,7.142857142857143,0.64,35.86394948335247,,,,0.04904869334432764,0.07088047469325238
872_B2,enni,LI,52,9,5.777777777777778,0.6346153846153846,32.627450980392155,,,,0.05048575977754198,0.07088047469325238
872_B3,enni,LI,113,14,8.071428571428571,0.5398230088495575,28.83725382932166,,,,0.07117642940845956,0.07088047469325238
874_A1,enni,LI,59,8,7.375,0.4745762711864407,13.477981651376147,,,,0.08838713037564241,0.07088047469325238
874_A2,enni,LI,89,15,5.933333333333334,0.5168539325842697,18.583937823834198,,,,0.08904839468342285,0.07088047469325238
874_A3,enni,LI,147,21,7.0,0.40816326530612246,16.968218336483933,,,,0.12479360924665732,0.07088047469325238
874_B1,enni,LI,64,8,8.0,0.421875,12.121212121212121,,,,0.06868800264993336,0.07088047469325238
874_B2,enni,LI,111,13,8.538461538461538,0.46846846846846846,17.81985294117647,,,,0.07884826991757339,0.07088047469325238
874_B3,enni,LI,139,17,8.176470588235293,0.45323741007194246,20.03523952185957,,,,0.10554253544984145,0.07088047469325238
875_A1,enni,LI,64,9,7.111111111111111,0.75,67.84,,,,0.045663784307864344,0.07088047469325238
875_A2,enni,LI,83,11,7.545454545454546,0.6265060240963856,46.67990664147604,,,,0.06513021753504096,0.07088047469325238
875_A3,enni,LI,169,20,8.45,0.4970414201183432,54.8874058863792,,,,0.07436213943445696,0.07088047469325238
875_B1,enni,LI,53,9,5.888888888888889,0.6792452830188679,45.47159090909091,,,,0.05212549530099304,0.07088047469325238
875_B2,enni,LI,93,14,6.642857142857143,0.5698924731182796,27.688454935622318,,,,0.03858392363054318,0.07088047469325238
875_B3,enni,LI,112,22,5.090909090909091,0.5982142857142857,49.13725490196079,,,,0.08112343231235125,0.07088047469325238
877_A1,enni,LI,48,10,4.8,0.5208333333333334,22.18181818181818,,,,0.06787805308702279,0.07088047469325238
877_A2,enni,LI,48,8,6.0,0.625,25.595375722543352,,,,0.0679075964827816,0.07088047469325238
877_A3,enni,LI,74,13,5.6923076923076925,0.5135135135135135,24.95409604519774,,,,0.09181967478283752,0.07088047469325238
877_B1,enni,LI,34,6,5.666666666666667,0.8529411764705882,64.736,,,,0.06634210025880627,0.07088047469325238
877_B2,enni,LI,56,9,6.222222222222222,0.625,32.47637795275591,,,,0.04442355902505544,0.07088047469325238
877_B3,enni,LI,81,12,6.75,0.5308641975308642,38.55312929692124,,,,0.0898303681648036,0.07088047469325238
879_A1,enni,LI,55,7,7.857142857142857,0.4909090909090909,16.667004349353,,,,0.08162883637351404,0.07088047469325238
879_A2,enni,LI,87,12,7.25,0.40229885057471265,12.977272727272727,,,,0.06505291547289696,0.07088047469325238
879_A3,enni,LI,151,16,9.4375,0.3708609271523179,16.77777777777778,,,,0.08771907039145632,0.07088047469325238
879_B1,enni,LI,64,6,10.666666666666666,0.484375,14.556050557966072,,,,0.05780753602484201,0.07088047469325238
879_B2,enni,LI,132,21,6.285714285714286,0.4090909090909091,24.451660516605166,,,,0.0772206159737937,0.07088047469325238
879_B3,enni,LI,167,28,5.964285714285714,0.3712574850299401,15.181818181818182,,,,0.09810403086125308,0.07088047469325238
903_A1,enni,LI,36,7,5.142857142857143,0.6666666666666666,23.95405982905983,,,,0.04755182461240863,0.07088047469325238
903_A2,enni,LI,55,6,9.166666666666666,0.7090909090909091,44.73880597014926,,,,0.06356525001149449,0.07088047469325238
903_A3,enni,LI,66,12,5.5,0.6060606060606061,33.0,,,,0.059898745298459566,0.07088047469325238
903_B1,enni,LI,26,5,5.2,0.9230769230769231,94.64000000000007,,,,0.04372254414214733,0.07088047469325238
903_B2,enni,LI,68,9,7.555555555555555,0.5882352941176471,31.797927461139892,,,,0.06577017615260708,0.07088047469325238
903_B3,enni,LI,82,14,5.857142857142857,0.6341463414634146,44.72454729235667,,,,0.06506283836221628,0.07088047469325238
920_A1,enni,LI,64,8,8.0,0.5625,24.9228998849252,,,,0.09284979165688013,0.07088047469325238
920_A2,enni,LI,92,11,8.363636363636363,0.4782608695652174,14.792705167173253,,,,0.0858772243425109,0.07088047469325238
920_A3,enni,LI,174,22,7.909090909090909,0.4367816091954023,24.859479285270503,,,,0.11172495038801902,0.07088047469325238
920_B1,enni,LI,74,11,6.7272727272727275,0.5405405405405406,23.462239583333336,,,,0.07288161781509182,0.07088047469325238
920_B2,enni,LI,98,14,7.0,0.5408163265306123,24.010812892522814,,,,0.05818445152550025,0.07088047469325238
920_B3,enni,LI,174,21,8.285714285714286,0.46551724137931033,36.79864864864865,,,,0.09467201783936517,0.07088047469325238
924_A1,enni,LI,154,18,8.555555555555555,0.4025974025974026,24.55072463768116,,,,0.10795546966423351,0.07088047469325238
924_A2,enni,LI,182,24,7.583333333333333,0.41208791208791207,22.674236786119693,,,,0.09400615151334721,0.07088047469325238
924_A3,enni,LI,256,36,7.111111111111111,0.34765625,32.0,,,,0.10228278428966571,0.07088047469325238
924_B1,enni,LI,94,10,9.4,0.46808510638297873,21.226797385620916,,,,0.058562327236503495,0.07088047469325238
924_B2,enni,LI,201,16,12.5625,0.4577114427860697,21.74252077562327,,,,0.07211879818145793,0.07088047469325238
924_B3,enni,LI,214,25,8.56,0.4439252336448598,29.59781619654231,,,,0.08232503331538987,0.07088047469325238
928_A1,enni,LI,65,7,9.285714285714286,0.49230769230769234,12.126344086021504,,,,0.06133895773649026,0.07088047469325238
928_A2,enni,LI,65,7,9.285714285714286,0.5846153846153846,27.083333333333336,,,,0.06746752873947548,0.07088047469325238
928_A3,enni,LI,157,21,7.476190476190476,0.3885350318471338,16.04888888888889,,,,0.07991572736445603,0.07088047469325238
928_B1,enni,LI,65,8,8.125,0.6,33.125,,,,0.06727927647552923,0.07088047469325238
928_B2,enni,LI,83,10,8.3,0.5301204819277109,27.074140292148506,,,,0.05544664581140529,0.07088047469325238
928_B3,enni,LI,102,15,6.8,0.5784313725490197,31.7979274611399,,,,0.07987155504487434,0.07088047469325238
932_A1,enni,LI,81,11,7.363636363636363,0.5432098765432098,15.729638009049774,,,,0.051790021025655,0.07088047469325238
932_A2,enni,LI,77,11,7.0,0.5454545454545454,22.458333333333336,,,,0.08055406180672939,0.07088047469325238
932_A3,enni,LI,191,31,6.161290322580645,0.4293193717277487,29.55952380952381,,,,0.07599644715600967,0.07088047469325238
932_B1,enni,LI,76,8,9.5,0.5526315789473685,19.643715846994535,,,,0.07826962933954282,0.07088047469325238
932_B2,enni,LI,175,21,8.333333333333334,0.5371428571428571,39.03932225063939,,,,0.07179729195876827,0.07088047469325238
932_B3,enni,LI,206,29,7.103448275862069,0.45145631067961167,44.10272727272728,,,,0.07094675714237626,0.07088047469325238
934_A1,enni,LI,58,7,8.285714285714286,0.5689655172413793,21.607843137254903,,,,0.08317646506962005,0.07088047469325238
934_A2,enni,LI,63,9,7.0,0.5714285714285714,19.691876571076797,,,,0.08175673651525113,0.07088047469325238
934_A3,enni,LI,98,12,8.166666666666666,0.5306122448979592,31.192539109506615,,,,0.07984802143961783,0.07088047469325238
934_B1,enni,LI,63,7,9.0,0.6349206349206349,30.929864253393667,,,,0.07001329454554027,0.07088047469325238
934_B2,enni,LI,91,11,8.272727272727273,0.5604395604395604,28.16670096239078,,,,0.06815147288104681,0.07088047469325238
934_B3,enni,LI,117,17,6.882352941176471,0.4700854700854701,23.120868455649216,,,,0.0972478690820383,0.07088047469325238
935_A1,enni,LI,41,5,8.2,0.5853658536585366,19.137034376036258,,,,0.044354612918613756,0.07088047469325238
935_A2,enni,LI,70,9,7.777777777777778,0.5,23.628691983122362,,,,0.06619196498619473,0.07088047469325238
935_A3,enni,LI,122,15,8.133333333333333,0.4426229508196721,23.586666666666666,,,,0.09242936828663265,0.07088047469325238
935_B1,enni,LI,34,5,6.8,0.7058823529411765,30.336206896551722,,,,0.05007152658489207,0.07088047469325238
935_B2,enni,LI,64,8,8.0,0.546875,26.38019637076735,,,,0.059416205408059204,0.07088047469325238
935_B3,enni,LI,116,16,7.25,0.47413793103448276,24.898191305367455,,,,0.09620076326087544,0.07088047469325238
401_A1,enni,TD,86,10,8.6,0.47674418604651164,19.75260078023407,,,,0.059234694801265135,0.07435000996663721
401_A2,enni,TD,126,16,7.875,0.4523809523809524,35.58767441860465,,,,0.08999479922927703,0.07435000996663721
401_A3,enni,TD,225,30,7.5,0.38222222222222224,29.126326152043738,,,,0.10740634817974504,0.07435000996663721
401_B1,enni,TD,107,13,8.23076923076923,0.4672897196261682,26.75,,,,0.07590485396473094,0.07435000996663721
401_B2,enni,TD,200,28,7.142857142857143,0.45,30.34539651044924,,,,0.07035116977689178,0.07435000996663721
401_B3,enni,TD,228,30,7.6,0.42105263157894735,28.296133004189606,,,,0.09885598359689399,0.07435000996663721
402_A1,enni,TD,47,9,5.222222222222222,0.5319148936170213,14.251685934489402,,,,0.048081829615353934,0.07435000996663721
402_A2,enni,TD,61,12,5.083333333333333,0.6065573770491803,26.58304794520548,,,,0.05791350362414,0.07435000996663721
402_A3,enni,TD,108,27,4.0,0.39814814814814814,16.0,,,,0.06670445711094093,0.07435000996663721
402_B1,enni,TD,52,8,6.5,0.5769230769230769,23.94303797468354,,,,0.04731618589446567,0.07435000996663721
402_B2,enni,TD,82,18,4.555555555555555,0.43902439024390244,18.45,,,,0.052160902345438825,0.07435000996663721
402_B3,enni,TD,146,29,5.0344827586206895,0.3561643835616438,14.766963151207115,,,,0.05477363439806979,0.07435000996663721
405_A1,enni,TD,49,7,7.0,0.4897959183673469,16.333333333333332,,,,0.06484318838588807,0.07435000996663721
405_A2,enni,TD,120,20,6.0,0.55,37.42946937805023,,,,0.07844762457902726,0.07435000996663721
405_A3,enni,TD,137,22,6.2272727272727275,0.4233576642335766,27.64585396039604,,,,0.07080304214942187,0.07435000996663721
405_B1,enni,TD,85,12,7.083333333333333,0.6588235294117647,47.259046701130295,,,,0.05643009106017666,0.07435000996663721
405_B2,enni,TD,86,15,5.733333333333333,0.6627906976744186,38.30977312390925,,,,0.053994366232381984,0.07435000996663721
405_B3,enni,TD,136,27,5.037037037037037,0.45588235294117646,31.7979274611399,,,,0.09331132696647434,0.07435000996663721
406_A1,enni,TD,124,16,7.75,0.43548387096774194,19.19047619047619,,,,0.057677157116427874,0.07435000996663721
406_A2,enni,TD,122,14,8.714285714285714,0.39344262295081966,11.038939907418296,,,,0.02322449063710092,0.07435000996663721
406_A3,enni,TD,182,24,7.583333333333333,0.38461538461538464,22.818113772455092,,,,0.061289681373642414,0.07435000996663721
406_B1,enni,TD,63,10,6.3,0.5238095238095238,17.230377906976745,,,,0.025838079747445706,0.07435000996663721
406_B2,enni,TD,66,9,7.333333333333333,0.4696969696969697,16.5,,,,0.03208413111307424,0.07435000996663721
406_B3,enni,TD,114,19,6.0,0.4649122807017544,19.409803921568628,,,,0.05800216314317454,0.07435000996663721
409_A1,enni,TD,44,6,7.333333333333333,0.5909090909090909,23.574342017240394,,,,0.06784534746797784,0.07435000996663721
409_A2,enni,TD,52,9,5.777777777777778,0.6346153846153846,21.987654320987655,,,,0.06441113803258765,0.07435000996663721
409_A3,enni,TD,78,13,6.0,0.5256410256410257,22.75,,,,0.07549314170905949,0.07435000996663721
409_B1,enni,TD,35,7,5.0,0.6571428571428571,26.25,,,,0.059495310336973306,0.07435000996663721
409_B2,enni,TD,68,9,7.555555555555555,0.5588235294117647,20.746085011185684,,,,0.06384400919811825,0.07435000996663721
409_B3,enni,TD,100,15,6.666666666666667,0.5,17.48106060606061,,,,0.0626326562478466,0.07435000996663721
410_A1,enni,TD,64,11,5.818181818181818,0.421875,13.43030303030303,,,,0.0389399284171134,0.07435000996663721
410_A2,enni,TD,51,8,6.375,0.49019607843137253,12.345815984300208,,,,0.05200964661608128,0.07435000996663721
410_A3,enni,TD,93,14,6.642857142857143,0.44086021505376344,14.892633228840126,,,,0.06050171026590805,0.07435000996663721
410_B1,enni,TD,48,6,8.0,0.5416666666666666,17.560975609756095,,,,0.048045691575969086,0.07435000996663721
410_B2,enni,TD,45,8,5.625,0.5777777777777777,17.633139404788544,,,,0.046169708363560255,0.07435000996663721
410_B3,enni,TD,119,17,7.0,0.42016806722689076,15.9375,,,,0.07924697115336604,0.07435000996663721
414_A1,enni,TD,48,8,6.0,0.7083333333333334,43.83333333333333,,,,0.04650422927838505,0.07435000996663721
414_A2,enni,TD,68,16,4.25,0.6029411764705882,21.643802647412755,,,,0.0547842967843505,0.07435000996663721
414_A3,enni,TD,102,19,5.368421052631579,0.5686274509803921,42.41210107123628,,,,0.05950298895614127,0.07435000996663721
414_B1,enni,TD,31,9,3.4444444444444446,0.7741935483870968,38.440000000000005,,,,0.03272029691653812,0.07435000996663721
414_B2,enni,TD,95,19,5.0,0.6105263157894737,41.62128712871287,,,,0.060197265724370966,0.07435000996663721
414_B3,enni,TD,105,19,5.526315789473684,0.6095238095238096,45.64972161528466,,,,0.0721975690980406,0.07435000996663721
417_A1,enni,TD,134,13,10.307692307692308,0.4626865671641791,22.002437029541014,,,,0.0960881815518356,0.07435000996663721
417_A2,enni,TD,173,25,6.92,0.4277456647398844,34.156826716738195,,,,0.08379567566190524,0.07435000996663721
417_A3,enni,TD,308,40,7.7,0.3409090909090909,29.715492957746477,,,,0.1237711406360532,0.07435000996663721
417_B1,enni,TD,72,11,6.545454545454546,0.5555555555555556,30.383722249536703,,,,0.06736993218698874,0.07435000996663721
417_B2,enni,TD,96,17,5.647058823529412,0.5104166666666666,21.6,,,,0.06654051100266484,0.07435000996663721
417_B3,enni,TD,169,23,7.3478260869565215,0.4437869822485207,26.013736044657097,,,,0.09780441568000126,0.07435000996663721
418_A1,enni,TD,59,9,6.555555555555555,0.4915254237288136,17.52898550724638,,,,0.09628670650420543,0.07435000996663721
418_A2,enni,TD,69,8,8.625,0.6086956521739131,28.75,,,,0.08858462323415794,0.07435000996663721
418_A3,enni,TD,147,22,6.681818181818182,0.3741496598639456,22.75,,,,0.0922793396837335,0.07435000996663721
418_B1,enni,TD,84,11,7.636363636363637,0.5476190476190477,26.186528497409327,,,,0.10095615043602223,0.07435000996663721
418_B2,enni,TD,91,12,7.583333333333333,0.5384615384615384,31.164757719829034,,,,0.06905125563587027,0.07435000996663721
418_B3,enni,TD,146,20,7.3,0.4589041095890411,26.129688747007187,,,,0.10025725500469355,0.07435000996663721
421_A1,enni,TD,127,15,8.466666666666667,0.5433070866141733,45.73954868278149,,,,0.07513166064995475,0.07435000996663721
421_A2,enni,TD,160,18,8.88888888888889,0.525,37.277676950998185,,,,0.07397373579665545,0.07435000996663721
421_A3,enni,TD,234,32,7.3125,0.39316239316239315,30.985624214585954,,,,0.10859998432904033,0.07435000996663721
421_B1,enni,TD,141,18,7.833333333333333,0.5035460992907801,40.4520839004325,,,,0.0712095224709855,0.07435000996663721
421_B2,enni,TD,232,33,7.03030303030303,0.4525862068965517,27.67216117216117,,,,0.07678964014931094,0.07435000996663721
421_B3,enni,TD,378,47,8.042553191489361,0.373015873015873,34.65,,,,0.08409843846890827,0.07435000996663721
425_A1,enni,TD,61,10,6.1,0.5081967213114754,26.762254901960787,,,,0.03288025993080601,0.07435000996663721
425_A2,enni,TD,77,11,7.0,0.5324675324675324,17.874003526910812,,,,0.05642417494933112,0.07435000996663721
425_A3,enni,TD,148,23,6.434782608695652,0.42567567567567566,20.743634009495036,,,,0.07670086287708466,0.07435000996663721
425_B1,enni,TD,56,8,7.0,0.6071428571428571,34.38347227256253,,,,0.07993563159485224,0.07435000996663721
425_B2,enni,TD,173,26,6.653846153846154,0.4161849710982659,22.84975940178535,,,,0.08055061233240293,0.07435000996663721
425_B3,enni,TD,180,29,6.206896551724138,0.37777777777777777,23.668634948973438,,,,0.09635212067819401,0.07435000996663721
429_A1,enni,TD,36,5,7.2,0.6666666666666666,28.913385826771655,,,,0.06712120523964564,0.07435000996663721
429_A2,enni,TD,70,12,5.833333333333333,0.6142857142857143,23.333333333333332,,,,0.06351280267191926,0.07435000996663721
429_A3,enni,TD,84,13,6.461538461538462,0.5833333333333334,29.18819188191882,,,,0.08469990757167555,0.07435000996663721
429_B1,enni,TD,47,6,7.833333333333333,0.7021276595744681,35.01254889178618,,,,0.06597753001420335,0.07435000996663721
429_B2,enni,TD,54,9,6.0,0.6296296296296297,27.017966064101145,,,,0.0507914624645417,0.07435000996663721
429_B3,enni,TD,98,14,7.0,0.5102040816326531,25.13485082610246,,,,0.06967611638233932,0.07435000996663721
441_A1,enni,TD,37,6,6.166666666666667,0.5405405405405406,15.645061728395062,,,,0.04162849341876259,0.07435000996663721
441_A2,enni,TD,59,9,6.555555555555555,0.5084745762711864,13.794689119170986,,,,0.052143269643812544,0.07435000996663721
441_A3,enni,TD,110,13,8.461538461538462,0.41818181818181815,17.023809523809522,,,,0.06885910644358534,0.07435000996663721
441_B1,enni,TD,42,7,6.0,0.5714285714285714,14.736842105263158,,,,0.06503211652453622,0.07435000996663721
441_B2,enni,TD,70,9,7.777777777777778,0.4714285714285714,16.71028880866426,,,,0.04849552233652371,0.07435000996663721
441_B3,enni,TD,127,16,7.9375,0.4251968503937008,18.418391188251,,,,0.08652774789748438,0.07435000996663721
448_A1,enni,TD,51,8,6.375,0.6666666666666666,32.87020976200081,,,,0.05580909430639776,0.07435000996663721
448_A2,enni,TD,62,10,6.2,0.6129032258064516,31.307299976460126,,,,0.06602132580707439,0.07435000996663721
448_A3,enni,TD,120,20,6.0,0.4583333333333333,16.997159444563902,,,,0.08352212134731002,0.07435000996663721
448_B1,enni,TD,43,8,5.375,0.7674418604651163,51.77200000000001,,,,0.04770924066216177,0.07435000996663721
448_B2,enni,TD,95,16,5.9375,0.5263157894736842,20.30324909747292,,,,0.06300071075149798,0.07435000996663721
448_B3,enni,TD,131,19,6.894736842105263,0.4961832061068702,31.105923694779115,,,,0.08176016780585993,0.07435000996663721
452_A1,enni,TD,25,6,4.166666666666667,0.48,10.416666666666668,,,,0.0897949142699577,0.07435000996663721
452_A2,enni,TD,47,10,4.7,0.23404255319148937,9.4,,,,0.045018493090249155,0.07435000996663721
452_A3,enni,TD,74,13,5.6923076923076925,0.20270270270270271,9.25,,,,0.04886325803966744,0.07435000996663721
452_B1,enni,TD,35,6,5.833333333333333,0.5714285714285714,14.799382716049383,,,,0.060885377568771784,0.07435000996663721
452_B2,enni,TD,24,10,2.4,0.4583333333333333,4.5,,,,0.019376171592723677,0.07435000996663721
452_B3,enni,TD,54,16,3.375,0.35185185185185186,7.412001791312136,,,,0.03976857285226108,0.07435000996663721
456_A1,enni,TD,43,6,7.166666666666667,0.627906976744186,22.97019867549669,,,,0.03393667168506031,0.07435000996663721
456_A2,enni,TD,47,9,5.222222222222222,0.48936170212765956,15.666666666666666,,,,0.038243577206692615,0.07435000996663721
456_A3,enni,TD,97,14,6.928571428571429,0.4536082474226804,19.37299797548082,,,,0.05530397203315869,0.07435000996663721
456_B1,enni,TD,31,6,5.166666666666667,0.7419354838709677,26.28167445482866,,,,0.05209765538186552,0.07435000996663721
456_B2,enni,TD,54,8,6.75,0.6296296296296297,22.22895686870606,,,,0.03841383092996969,0.07435000996663721
456_B3,enni,TD,87,14,6.214285714285714,0.4827586206896552,19.086235955056182,,,,0.078187596422813,0.07435000996663721
457_A1,enni,TD,47,7,6.714285714285714,0.5319148936170213,21.554635761589402,,,,0.08066084043125937,0.07435000996663721
457_A2,enni,TD,63,11,5.7272727272727275,0.6031746031746031,23.677067665104804,,,,0.079354972235986,0.07435000996663721
457_A3,enni,TD,101,15,6.733333333333333,0.45544554455445546,18.516666666666666,,,,0.07589928324160353,0.07435000996663721
457_B1,enni,TD,75,13,5.769230769230769,0.56,27.48173307455189,,,,0.06980607501879894,0.07435000996663721
457_B2,enni,TD,68,11,6.181818181818182,0.5735294117647058,28.97041420118343,,,,0.05232404422752203,0.07435000996663721
457_B3,enni,TD,154,21,7.333333333333333,0.4935064935064935,24.066662469754867,,,,0.07843995621361112,0.07435000996663721
460_A1,enni,TD,44,7,6.285714285714286,0.5909090909090909,17.6171875,,,,0.033945041846652306,0.07435000996663721
460_A2,enni,TD,62,12,5.166666666666667,0.5161290322580645,17.752136752136753,,,,0.06583042151783464,0.07435000996663721
460_A3,enni,TD,73,17,4.294117647058823,0.5068493150684932,21.291666666666664,,,,0.0888418382381836,0.07435000996663721
460_B1,enni,TD,36,7,5.142857142857143,0.6666666666666666,27.867469879518076,,,,0.03637761878276106,0.07435000996663721
460_B2,enni,TD,72,14,5.142857142857143,0.5833333333333334,21.444444444444443,,,,0.04772705748666884,0.07435000996663721
460_B3,enni,TD,119,18,6.611111111111111,0.5042016806722689,23.887326290414066,,,,0.06906101037968151,0.07435000996663721
464_A1,enni,TD,36,7,5.142857142857143,0.6944444444444444,31.263157894736842,,,,0.04376398579593746,0.07435000996663721
464_A2,enni,TD,38,9,4.222222222222222,0.5526315789473685,13.082833769416752,,,,0.02787651833745858,0.07435000996663721
464_A3,enni,TD,87,15,5.8,0.3793103448275862,15.081818181818182,,,,0.047059799560720886,0.07435000996663721
464_B1,enni,TD,32,5,6.4,0.625,13.832535885167466,,,,0.045914963615744056,0.07435000996663721
464_B2,enni,TD,59,9,6.555555555555555,0.4406779661016949,12.534538152610443,,,,0.05666956037711974,0.07435000996663721
464_B3,enni,TD,88,14,6.285714285714286,0.4659090909090909,19.8,,,,0.07129218334270117,0.07435000996663721
468_A1,enni,TD,26,5,5.2,0.5384615384615384,12.015151515151516,,,,0.017937873533414816,0.07435000996663721
468_A2,enni,TD,47,9,5.222222222222222,0.6170212765957447,18.75,,,,0.05412606400907896,0.07435000996663721
468_A3,enni,TD,96,20,4.8,0.40625,16.0,,,,0.07872983576206333,0.07435000996663721
468_B1,enni,TD,30,6,5.0,0.7,25.562130177514792,,,,0.05524170650321768,0.07435000996663721
468_B2,enni,TD,51,12,4.25,0.5490196078431373,23.84844559585492,,,,0.03950402532530506,0.07435000996663721
468_B3,enni,TD,72,14,5.142857142857143,0.4861111111111111,19.342861007168295,,,,0.07488578968005861,0.07435000996663721
471_A1,enni,TD,63,8,7.875,0.5238095238095238,13.484903481273715,,,,0.09319602238175384,0.07435000996663721
471_A2,enni,TD,76,13,5.846153846153846,0.6447368421052632,33.2970297029703,,,,0.06841984099592978,0.07435000996663721
471_A3,enni,TD,159,25,6.36,0.42138364779874216,29.23548387096774,,,,0.10965508939191614,0.07435000996663721
471_B1,enni,TD,70,9,7.777777777777778,0.5285714285714286,21.92333186036235,,,,0.07025130709963029,0.07435000996663721
471_B2,enni,TD,87,13,6.6923076923076925,0.5632183908045977,22.17270318021201,,,,0.043449499676609236,0.07435000996663721
471_B3,enni,TD,190,29,6.551724137931035,0.41578947368421054,33.33031400966183,,,,0.09977256509968312,0.07435000996663721
501_A1,enni,TD,76,11,6.909090909090909,0.4605263157894737,14.577049180327869,,,,0.08350984001835797,0.07435000996663721
501_A2,enni,TD,102,12,8.5,0.5490196078431373,30.80451127819549,,,,0.08025333360311677,0.07435000996663721
501_A3,enni,TD,163,17,9.588235294117647,0.4233128834355828,25.226190476190474,,,,0.11916515140623563,0.07435000996663721
501_B1,enni,TD,63,9,7.0,0.5396825396825397,27.639705882352942,,,,0.07460109445746156,0.07435000996663721
501_B2,enni,TD,103,14,7.357142857142857,0.5922330097087378,32.963684089073496,,,,0.07234155647028344,0.07435000996663721
501_B3,enni,TD,194,21,9.238095238095237,0.4020618556701031,28.512203043801037,,,,0.11304486734608463,0.07435000996663721
502_A1,enni,TD,48,8,6.0,0.5625,24.923076923076923,,,,0.06677882155556568,0.07435000996663721
502_A2,enni,TD,54,10,5.4,0.6851851851851852,39.26856240126382,,,,0.06977920135144314,0.07435000996663721
502_A3,enni,TD,111,18,6.166666666666667,0.32432432432432434,15.184089255396557,,,,0.07064421267338351,0.07435000996663721
502_B1,enni,TD,53,10,5.3,0.6037735849056604,17.966732172936553,,,,0.05078038271503066,0.07435000996663721
502_B2,enni,TD,64,9,7.111111111111111,0.515625,22.45614035087719,,,,0.05090926961267754,0.07435000996663721
502_B3,enni,TD,110,22,5.0,0.4090909090909091,20.584308046489177,,,,0.08005914120344583,0.07435000996663721
505_A1,enni,TD,36,6,6.0,0.6388888888888888,18.0,,,,0.06681607198624573,0.07435000996663721
505_A2,enni,TD,76,11,6.909090909090909,0.47368421052631576,19.261467889908257,,,,0.07238837385340953,0.07435000996663721
505_A3,enni,TD,114,16,7.125,0.32456140350877194,16.53304405874499,,,,0.07669754795277059,0.07435000996663721
505_B1,enni,TD,45,7,6.428571428571429,0.6,19.38653136531365,,,,0.053622130719026176,0.07435000996663721
505_B2,enni,TD,49,9,5.444444444444445,0.5510204081632653,17.19298245614035,,,,0.05682059018445814,0.07435000996663721
505_B3,enni,TD,118,16,7.375,0.4067796610169492,20.113685761650395,,,,0.10236740386005999,0.07435000996663721
506_A1,enni,TD,40,5,8.0,0.675,32.217432950191565,,,,0.07123598798886122,0.07435000996663721
506_A2,enni,TD,82,12,6.833333333333333,0.5487804878048781,20.78211009174312,,,,0.06182425930065434,0.07435000996663721
506_A3,enni,TD,142,20,7.1,0.4154929577464789,26.336046511627906,,,,0.057425734665574255,0.07435000996663721
506_B1,enni,TD,57,7,8.142857142857142,0.5263157894736842,24.61989459815547,,,,0.06070569411089324,0.07435000996663721
506_B2,enni,TD,78,10,7.8,0.5512820512820513,29.916534181240063,,,,0.05945369292050698,0.07435000996663721
506_B3,enni,TD,143,21,6.809523809523809,0.44755244755244755,30.79035472299721,,,,0.0709973140722046,0.07435000996663721
509_A1,enni,TD,63,9,7.0,0.5873015873015873,31.5,,,,0.04690131113238162,0.07435000996663721
509_A2,enni,TD,53,9,5.888888888888889,0.6981132075471698,29.727564102564106,,,,0.07205913654357357,0.07435000996663721
509_A3,enni,TD,108,16,6.75,0.49074074074074076,32.62921348314607,,,,0.04617924860570884,0.07435000996663721
509_B1,enni,TD,51,8,6.375,0.6078431372549019,26.564663951120163,,,,0.0757980250616854,0.07435000996663721
509_B2,enni,TD,87,11,7.909090909090909,0.5172413793103449,26.089631813335004,,,,0.06157479466968925,0.07435000996663721
509_B3,enni,TD,165,27,6.111111111111111,0.46060606060606063,35.916678430265385,,,,0.09029644015529152,0.07435000996663721
510_A1,enni,TD,57,6,9.5,0.7368421052631579,53.34323076923077,,,,0.048167070074952745,0.07435000996663721
510_A2,enni,TD,80,9,8.88888888888889,0.575,30.42649727767695,,,,0.033090615978390664,0.07435000996663721
510_A3,enni,TD,119,14,8.5,0.5294117647058824,27.765608324439704,,,,0.0336536030943735,0.07435000996663721
510_B1,enni,TD,61,7,8.714285714285714,0.6557377049180327,46.46554252199414,,,,0.034822937880519086,0.07435000996663721
510_B2,enni,TD,59,8,7.375,0.6440677966101694,29.524542429284523,,,,0.03295520484751093,0.07435000996663721
510_B3,enni,TD,114,14,8.142857142857142,0.5789473684210527,41.93836268443598,,,,0.06354107027030864,0.07435000996663721
513_A1,enni,TD,53,6,8.833333333333334,0.660377358490566,25.399441340782122,,,,0.06057735540511097,0.07435000996663721
513_A2,enni,TD,69,8,8.625,0.6521739130434783,30.543577981651378,,,,0.06646302244326596,0.07435000996663721
513_A3,enni,TD,174,16,10.875,0.41954022988505746,36.766438356164386,,,,0.05410029068488089,0.07435000996663721
513_B1,enni,TD,56,6,9.333333333333334,0.5357142857142857,28.0,,,,0.060030890331339425,0.07435000996663721
513_B2,enni,TD,116,11,10.545454545454545,0.4224137931034483,22.19298245614035,,,,0.0725505805725464,0.07435000996663721
513_B3,enni,TD,183,16,11.4375,0.3989071038251366,30.5,,,,0.10330950335422259,0.07435000996663721
514_A1,enni,TD,77,9,8.555555555555555,0.4805194805194805,15.4,,,,0.05616836722917435,0.07435000996663721
514_A2,enni,TD,113,11,10.272727272727273,0.5132743362831859,20.490837104072398,,,,0.06395189318390371,0.07435000996663721
514_A3,enni,TD,144,19,7.578947368421052,0.4375,26.48421052631579,,,,0.07215630584473408,0.07435000996663721
514_B1,enni,TD,62,8,7.75,0.5967741935483871,27.849593495934958,,,,0.07507352804106435,0.07435000996663721
514_B2,enni,TD,67,11,6.090909090909091,0.5970149253731343,19.541666666666664,,,,0.05643230293848224,0.07435000996663721
514_B3,enni,TD,115,14,8.214285714285714,0.46956521739130436,24.012953367875646,,,,0.0893668328182622,0.07435000996663721
517_A1,enni,TD,70,11,6.363636363636363,0.4142857142857143,17.5,,,,0.08845384868126877,0.07435000996663721
517_A2,enni,TD,128,21,6.095238095238095,0.28125,16.0,,,,0.08508580153423118,0.07435000996663721
517_A3,enni,TD,250,32,7.8125,0.248,17.857142857142858,,,,0.10430656503960577,0.07435000996663721
517_B1,enni,TD,91,18,5.055555555555555,0.38461538461538464,15.166666666666666,,,,0.08042454830082393,0.07435000996663721
517_B2,enni,TD,127,18,7.055555555555555,0.49606299212598426,33.91159731861144,,,,0.06391118205670915,0.07435000996663721
517_B3,enni,TD,263,40,6.575,0.27756653992395436,16.985416666666666,,,,0.10962991776183564,0.07435000996663721
518_A1,enni,TD,56,9,6.222222222222222,0.6071428571428571,28.570743405275778,,,,0.06436204468594575,0.07435000996663721
518_A2,enni,TD,111,15,7.4,0.42342342342342343,19.403977272727275,,,,0.04204150603776497,0.07435000996663721
518_A3,enni,TD,119,18,6.611111111111111,0.36134453781512604,18.004045307443366,,,,0.05768817391704637,0.07435000996663721
518_B1,enni,TD,44,6,7.333333333333333,0.6590909090909091,20.463687150837988,,,,0.041152294212543766,0.07435000996663721
518_B2,enni,TD,96,15,6.4,0.5416666666666666,25.674418604651162,,,,0.04923278897705358,0.07435000996663721
518_B3,enni,TD,101,12,8.416666666666666,0.46534653465346537,17.13310502283105,,,,0.06490170096320572,0.07435000996663721
522_A1,enni,TD,40,5,8.0,0.5,13.748378728923477,,,,0.06050944158166028,0.07435000996663721
522_A2,enni,TD,72,10,7.2,0.5138888888888888,16.981900452488688,,,,0.05406275352247379,0.07435000996663721
522_A3,enni,TD,114,16,7.125,0.41228070175438597,16.625,,,,0.06717386053932484,0.07435000996663721
522_B1,enni,TD,35,4,8.75,0.6571428571428571,20.33783783783784,,,,0.04495562495481313,0.07435000996663721
522_B2,enni,TD,52,8,6.5,0.5192307692307693,14.342892025489846,,,,0.04138389970985243,0.07435000996663721
522_B3,enni,TD,126,16,7.875,0.4523809523809524,26.58575696834462,,,,0.08692301420675709,0.07435000996663721
526_A1,enni,TD,50,8,6.25,0.54,21.710526315789473,,,,0.08696126249162421,0.07435000996663721
526_A2,enni,TD,120,15,8.0,0.475,28.610169491525426,,,,0.10378929729127391,0.07435000996663721
526_A3,enni,TD,136,20,6.8,0.45588235294117646,34.051829268292686,,,,0.09785488029291317,0.07435000996663721
526_B1,enni,TD,57,7,8.142857142857142,0.6491228070175439,32.38636363636363,,,,0.06407569436914319,0.07435000996663721
526_B2,enni,TD,125,18,6.944444444444445,0.464,30.569071949740554,,,,0.057493887062699374,0.07435000996663721
526_B3,enni,TD,124,15,8.266666666666667,0.45161290322580644,26.05985534957187,,,,0.09628114131329914,0.07435000996663721
530_A1,enni,TD,58,11,5.2727272727272725,0.5862068965517241,22.637130801687764,,,,0.06639690553489543,0.07435000996663721
530_A2,enni,TD,57,10,5.7,0.5614035087719298,25.42887931034483,,,,0.05968401319704975,0.07435000996663721
530_A3,enni,TD,88,19,4.631578947368421,0.5113636363636364,30.877192982456144,,,,0.08474739172838629,0.07435000996663721
530_B1,enni,TD,41,6,6.833333333333333,0.6341463414634146,15.65376569037657,,,,0.04903720292934998,0.07435000996663721
530_B2,enni,TD,62,13,4.769230769230769,0.5967741935483871,24.83101560533602,,,,0.06008741199974398,0.07435000996663721
530_B3,enni,TD,138,18,7.666666666666667,0.5072463768115942,37.481459192430876,,,,0.0871143760600672,0.07435000996663721
538_A1,enni,TD,40,7,5.714285714285714,0.625,17.223657766293428,,,,0.06387948605282984,0.07435000996663721
538_A2,enni,TD,57,7,8.142857142857142,0.6491228070175439,29.069202305557532,,,,0.09358025706678044,0.07435000996663721
538_A3,enni,TD,99,16,6.1875,0.5555555555555556,32.468451831332715,,,,0.08508785775232823,0.07435000996663721
538_B1,enni,TD,30,5,6.0,0.7333333333333333,30.75,,,,0.06135716713347461,0.07435000996663721
538_B2,enni,TD,66,7,9.428571428571429,0.6363636363636364,31.202174184680743,,,,0.07774105993788384,0.07435000996663721
538_B3,enni,TD,102,16,6.375,0.5392156862745098,30.37962962962963,,,,0.08698061506688316,0.07435000996663721
541_A1,enni,TD,44,7,6.285714285714286,0.5909090909090909,18.95571955719557,,,,0.07594434613902322,0.07435000996663721
541_A2,enni,TD,77,11,7.0,0.5454545454545454,22.458333333333336,,,,0.08543543175267575,0.07435000996663721
541_A3,enni,TD,120,16,7.5,0.4166666666666667,20.956521739130437,,,,0.11229321929624736,0.07435000996663721
541_B1,enni,TD,65,9,7.222222222222222,0.7230769230769231,43.99335290759319,,,,0.06359864082059566,0.07435000996663721
541_B2,enni,TD,55,8,6.875,0.5636363636363636,21.511561601269378,,,,0.04208255218730118,0.07435000996663721
541_B3,enni,TD,125,16,7.8125,0.456,17.283835823010282,,,,0.07586199887161414,0.07435000996663721
544_A1,enni,TD,30,6,5.0,0.4,7.0142487046632125,,,,0.05010160432575541,0.07435000996663721
544_A2,enni,TD,51,9,5.666666666666667,0.47058823529411764,12.75,,,,0.06895144351956896,0.07435000996663721
544_A3,enni,TD,73,14,5.214285714285714,0.4383561643835616,11.3786701208981,,,,0.04495561359160753,0.07435000996663721
544_B1,enni,TD,37,7,5.285714285714286,0.5405405405405406,15.328019257846208,,,,0.05852886663763913,0.07435000996663721
544_B2,enni,TD,59,9,6.555555555555555,0.5932203389830508,18.392918825561313,,,,0.05104519306489258,0.07435000996663721
544_B3,enni,TD,97,16,6.0625,0.5567010309278351,24.570254130274648,,,,0.07819316906636534,0.07435000996663721
545_A1,enni,TD,36,5,7.2,0.6388888888888888,24.36898395721925,,,,0.06660306017761038,0.07435000996663721
545_A2,enni,TD,52,8,6.5,0.5769230769230769,23.847682119205295,,,,0.06442778176309352,0.07435000996663721
545_A3,enni,TD,108,14,7.714285714285714,0.49074074074074076,21.6,,,,0.08116033021616868,0.07435000996663721
545_B1,enni,TD,26,5,5.2,0.6923076923076923,15.476032636409993,,,,0.04013520256672779,0.07435000996663721
545_B2,enni,TD,52,8,6.5,0.5961538461538461,18.405797101449274,,,,0.039312092324807445,0.07435000996663721
545_B3,enni,TD,105,15,7.0,0.49523809523809526,26.25,,,,0.07102860719333207,0.07435000996663721
548_A1,enni,TD,57,11,5.181818181818182,0.543859649122807,19.147539857064324,,,,0.06276286247048966,0.07435000996663721
548_A2,enni,TD,50,6,8.333333333333334,0.58,21.584699453551913,,,,0.0807394645582519,0.07435000996663721
548_A3,enni,TD,73,14,5.214285714285714,0.5068493150684932,18.203972257250946,,,,0.08412786898195374,0.07435000996663721
548_B1,enni,TD,39,7,5.571428571428571,0.6923076923076923,29.25,,,,0.059923076286300093,0.07435000996663721
548_B2,enni,TD,75,11,6.818181818181818,0.52,16.17117117117117,,,,0.061257990305343846,0.07435000996663721
548_B3,enni,TD,96,17,5.647058823529412,0.46875,23.06902232573993,,,,0.07582821260145757,0.07435000996663721
549_A1,enni,TD,86,12,7.166666666666667,0.5,31.846195242708,,,,0.06779849212617794,0.07435000996663721
549_A2,enni,TD,97,14,6.928571428571429,0.5154639175257731,23.52308153477218,,,,0.08901985487545076,0.07435000996663721
549_A3,enni,TD,168,23,7.304347826086956,0.3630952380952381,22.003780718336483,,,,0.10354159507171637,0.07435000996663721
549_B1,enni,TD,85,11,7.7272727272727275,0.5058823529411764,24.485366453516967,,,,0.06657208435989184,0.07435000996663721
549_B2,enni,TD,125,14,8.928571428571429,0.472,21.022727272727273,,,,0.07919153140478716,0.07435000996663721
549_B3,enni,TD,141,18,7.833333333333333,0.41843971631205673,21.137228260869563,,,,0.11577586030122813,0.07435000996663721
553_A1,enni,TD,59,9,6.555555555555555,0.5423728813559322,20.8835005574136,,,,0.07464938314335737,0.07435000996663721
553_A2,enni,TD,63,8,7.875,0.6031746031746031,26.099059817413814,,,,0.06862909144208831,0.07435000996663721
553_A3,enni,TD,119,18,6.611111111111111,0.44537815126050423,18.60236676597153,,,,0.09990949020756434,0.07435000996663721
553_B1,enni,TD,56,6,9.333333333333334,0.625,29.07692307692308,,,,0.05661116868886309,0.07435000996663721
553_B2,enni,TD,77,12,6.416666666666667,0.5844155844155844,26.267623363544814,,,,0.06255886136445243,0.07435000996663721
553_B3,enni,TD,193,22,8.772727272727273,0.44559585492227977,30.715102286401923,,,,0.0993193420428745,0.07435000996663721
555_A1,enni,TD,41,7,5.857142857142857,0.7317073170731707,41.89454545454545,,,,0.07336085738688934,0.07435000996663721
555_A2,enni,TD,75,11,6.818181818181818,0.6266666666666667,31.25,,,,0.07788250408928084,0.07435000996663721
555_A3,enni,TD,111,18,6.166666666666667,0.6486486486486487,57.07075471698113,,,,0.06931007030394153,0.07435000996663721
555_B1,enni,TD,46,10,4.6,0.6739130434782609,36.41666666666667,,,,0.06632785926346037,0.07435000996663721
555_B2,enni,TD,52,10,5.2,0.7692307692307693,63.093333333333355,,,,0.048553891481401386,0.07435000996663721
555_B3,enni,TD,90,16,5.625,0.5777777777777777,41.32490455375422,,,,0.06751831453289053,0.07435000996663721
559_A1,enni,TD,34,6,5.666666666666667,0.6470588235294118,18.45900818166639,,,,0.0566352645769508,0.07435000996663721
559_A2,enni,TD,58,10,5.8,0.5172413793103449,20.554906161857232,,,,0.06843330560556354,0.07435000996663721
559_A3,enni,TD,93,17,5.470588235294118,0.5053763440860215,23.25,,,,0.08926365561758083,0.07435000996663721
559_B1,enni,TD,39,8,4.875,0.6666666666666666,28.16548643643099,,,,0.0472643892011076,0.07435000996663721
559_B2,enni,TD,52,10,5.2,0.5384615384615384,20.017957351290683,,,,0.03848978695378837,0.07435000996663721
559_B3,enni,TD,104,15,6.933333333333334,0.49038461538461536,22.16425855513308,,,,0.08246625114392962,0.07435000996663721
561_A1,enni,TD,69,8,8.625,0.463768115942029,15.67706893146356,,,,0.11761378987357625,0.07435000996663721
561_A2,enni,TD,69,11,6.2727272727272725,0.6086956521739131,29.960526315789473,,,,0.0958205654239335,0.07435000996663721
561_A3,enni,TD,117,17,6.882352941176471,0.4188034188034188,19.5,,,,0.08967419330662718,0.07435000996663721
561_B1,enni,TD,58,8,7.25,0.6551724137931034,39.69454400637197,,,,0.06573772097353388,0.07435000996663721
561_B2,enni,TD,82,12,6.833333333333333,0.573170731707317,35.17613636363637,,,,0.0576844047657519,0.07435000996663721
561_B3,enni,TD,140,16,8.75,0.44285714285714284,19.400479616306953,,,,0.09587436540631543,0.07435000996663721
562_A1,enni,TD,55,10,5.5,0.6545454545454545,33.67489483292324,,,,0.07712781701359489,0.07435000996663721
562_A2,enni,TD,113,18,6.277777777777778,0.5221238938053098,33.83875338753387,,,,0.07304724877934098,0.07435000996663721
562_A3,enni,TD,134,22,6.090909090909091,0.4925373134328358,29.90735852169609,,,,0.07346340063753418,0.07435000996663721
562_B1,enni,TD,79,12,6.583333333333333,0.6075949367088608,46.28787809558622,,,,0.07182574757982181,0.07435000996663721
562_B2,enni,TD,99,14,7.071428571428571,0.48484848484848486,20.34398907103825,,,,0.03900303347706621,0.07435000996663721
562_B3,enni,TD,241,41,5.878048780487805,0.3775933609958506,22.837749641681498,,,,0.09980146848793797,0.07435000996663721
564_A1,enni,TD,60,5,12.0,0.7166666666666667,52.10526315789474,,,,0.06378530585934616,0.07435000996663721
564_A2,enni,TD,91,9,10.11111111111111,0.6043956043956044,32.4653887113951,,,,0.05660713223950572,0.07435000996663721
564_A3,enni,TD,208,21,9.904761904761905,0.4519230769230769,31.519819630872483,,,,0.11452780904938599,0.07435000996663721
564_B1,enni,TD,75,11,6.818181818181818,0.7066666666666667,66.39908256880733,,,,0.06235322177485263,0.07435000996663721
564_B2,enni,TD,112,12,9.333333333333334,0.5892857142857143,34.523339782021566,,,,0.06444536297573267,0.07435000996663721
564_B3,enni,TD,224,27,8.296296296296296,0.45089285714285715,42.96393442622951,,,,0.0978745011151159,0.07435000996663721
601_A1,enni,TD,55,9,6.111111111111111,0.5818181818181818,22.262996941896027,,,,0.08939358926892792,0.07435000996663721
601_A2,enni,TD,96,17,5.647058823529412,0.4166666666666667,18.066141732283462,,,,0.08953985066579591,0.07435000996663721
601_A3,enni,TD,230,28,8.214285714285714,0.34347826086956523,25.319111738814463,,,,0.09986782453419688,0.07435000996663721
601_B1,enni,TD,85,11,7.7272727272727275,0.49411764705882355,28.333333333333332,,,,0.090218629008565,0.07435000996663721
601_B2,enni,TD,147,19,7.7368421052631575,0.4013605442176871,22.07865894620013,,,,0.08217808701457954,0.07435000996663721
601_B3,enni,TD,252,35,7.2,0.3373015873015873,18.981154155493208,,,,0.10870045002533041,0.07435000996663721
602_A1,enni,TD,41,5,8.2,0.5121951219512195,16.445512820512818,,,,0.07982191620253805,0.07435000996663721
602_A2,enni,TD,73,10,7.3,0.4383561643835616,12.65485893416928,,,,0.05831085004327107,0.07435000996663721
602_A3,enni,TD,118,16,7.375,0.4322033898305085,22.125,,,,0.09000475291954321,0.07435000996663721
602_B1,enni,TD,44,7,6.285714285714286,0.6590909090909091,31.82618825722274,,,,0.05691201783491086,0.07435000996663721
602_B2,enni,TD,94,11,8.545454545454545,0.5106382978723404,22.308529945553538,,,,0.04227794415674027,0.07435000996663721
602_B3,enni,TD,111,14,7.928571428571429,0.4954954954954955,25.45281456953642,,,,0.08481625173381528,0.07435000996663721
605_A1,enni,TD,54,6,9.0,0.5555555555555556,27.941782522343598,,,,0.07919231425026817,0.07435000996663721
605_A2,enni,TD,92,9,10.222222222222221,0.4891304347826087,24.201129146083275,,,,0.08705140850566499,0.07435000996663721
605_A3,enni,TD,157,17,9.235294117647058,0.43312101910828027,23.491577392950813,,,,0.10114815930302569,0.07435000996663721
605_B1,enni,TD,82,7,11.714285714285714,0.4878048780487805,23.690893604940026,,,,0.08453032440189148,0.07435000996663721
605_B2,enni,TD,103,11,9.363636363636363,0.3883495145631068,19.805745465057456,,,,0.06384523505439499,0.07435000996663721
605_B3,enni,TD,269,28,9.607142857142858,0.3159851301115242,20.412698335013655,,,,0.10441510664843201,0.07435000996663721
606_A1,enni,TD,42,6,7.0,0.7142857142857143,42.0,,,,0.05806551663111281,0.07435000996663721
606_A2,enni,TD,64,9,7.111111111111111,0.609375,36.39654463183875,,,,0.07991396356216095,0.07435000996663721
606_A3,enni,TD,81,13,6.230769230769231,0.5555555555555556,24.045951859956237,,,,0.0646229638002963,0.07435000996663721
606_B1,enni,TD,56,9,6.222222222222222,0.48214285714285715,17.495986886248396,,,,0.04718311513737953,0.07435000996663721
606_B2,enni,TD,87,12,7.25,0.5172413793103449,29.0,,,,0.055166360207332565,0.07435000996663721
606_B3,enni,TD,87,14,6.214285714285714,0.5287356321839081,27.583984375,,,,0.06263454274852391,0.07435000996663721
610_A1,enni,TD,56,7,8.0,0.6428571428571429,47.71597633136095,,,,0.060945529516581734,0.07435000996663721
610_A2,enni,TD,68,9,7.555555555555555,0.6176470588235294,31.625698324022345,,,,0.04544956489940796,0.07435000996663721
610_A3,enni,TD,125,18,6.944444444444445,0.44,30.470309381237524,,,,0.07195083843183823,0.07435000996663721
610_B1,enni,TD,39,5,7.8,0.6923076923076923,34.220588235294116,,,,0.054565764907325454,0.07435000996663721
610_B2,enni,TD,63,9,7.0,0.6984126984126984,49.480686695278976,,,,0.06802589391879175,0.07435000996663721
610_B3,enni,TD,134,16,8.375,0.48507462686567165,30.15,,,,0.09733780392575642,0.07435000996663721
614_A1,enni,TD,37,6,6.166666666666667,0.6756756756756757,20.847014925373138,,,,0.04342966245555792,0.07435000996663721
614_A2,enni,TD,68,10,6.8,0.5735294117647058,26.410256410256412,,,,0.0659575027617901,0.07435000996663721
614_A3,enni,TD,103,14,7.357142857142857,0.5631067961165048,31.640945211208702,,,,0.10713756648294757,0.07435000996663721
614_B1,enni,TD,49,8,6.125,0.5510204081632653,24.5,,,,0.06775935167181577,0.07435000996663721
614_B2,enni,TD,61,12,5.083333333333333,0.6065573770491803,30.5,,,,0.07086126861695223,0.07435000996663721
614_B3,enni,TD,88,14,6.285714285714286,0.6704545454545454,44.14850009010928,,,,0.07732877037742701,0.07435000996663721
618_A1,enni,TD,46,5,9.2,0.5652173913043478,19.166666666666668,,,,0.07667180412981495,0.07435000996663721
618_A2,enni,TD,126,16,7.875,0.49206349206349204,21.19090909090909,,,,0.07684330034957133,0.07435000996663721
618_A3,enni,TD,140,16,8.75,0.38571428571428573,18.132773626464825,,,,0.09466255664763856,0.07435000996663721
618_B1,enni,TD,57,7,8.142857142857142,0.5964912280701754,28.5,,,,0.05456194000574254,0.07435000996663721
618_B2,enni,TD,121,13,9.307692307692308,0.4628099173553719,18.42229254571027,,,,0.05364296391115562,0.07435000996663721
618_B3,enni,TD,107,15,7.133333333333334,0.5420560747663551,27.951804092839836,,,,0.10025865404111586,0.07435000996663721
622_A1,enni,TD,53,7,7.571428571428571,0.6226415094339622,24.306291390728475,,,,0.06520339549114569,0.07435000996663721
622_A2,enni,TD,69,10,6.9,0.6086956521739131,29.517083398043177,,,,0.07682984967741968,0.07435000996663721
622_A3,enni,TD,107,16,6.6875,0.45794392523364486,19.60926310326933,,,,0.09394637002997855,0.07435000996663721
622_B1,enni,TD,50,7,7.142857142857143,0.62,22.191295546558706,,,,0.051267246097532485,0.07435000996663721
622_B2,enni,TD,48,9,5.333333333333333,0.5833333333333334,12.0,,,,0.054024486113797836,0.07435000996663721
622_B3,enni,TD,121,16,7.5625,0.512396694214876,28.88492779783393,,,,0.08920538967787192,0.07435000996663721
626_A1,enni,TD,57,7,8.142857142857142,0.5964912280701754,22.473118279569892,,,,0.0596391501146976,0.07435000996663721
626_A2,enni,TD,101,13,7.769230769230769,0.5445544554455446,32.431192660550465,,,,0.07777283314841574,0.07435000996663721
626_A3,enni,TD,111,16,6.9375,0.46846846846846846,26.392261925322096,,,,0.10465575303769802,0.07435000996663721
626_B1,enni,TD,50,7,7.142857142857143,0.68,42.897727272727266,,,,0.06777094333484496,0.07435000996663721
626_B2,enni,TD,83,13,6.384615384615385,0.5903614457831325,38.21677215189874,,,,0.06919007025599049,0.07435000996663721
626_B3,enni,TD,132,19,6.947368421052632,0.5606060606060606,38.5,,,,0.09158646387650354,0.07435000996663721
630_A1,enni,TD,47,6,7.833333333333333,0.5531914893617021,21.355839416058394,,,,0.062227858438432586,0.07435000996663721
630_A2,enni,TD,60,9,6.666666666666667,0.6333333333333333,26.559633027522935,,,,0.06472569139653937,0.07435000996663721
630_A3,enni,TD,101,15,6.733333333333333,0.46534653465346537,22.505061333883106,,,,0.07246026783343304,0.07435000996663721
630_B1,enni,TD,34,6,5.666666666666667,0.5294117647058824,14.763157894736842,,,,0.05630974203385884,0.07435000996663721
630_B2,enni,TD,48,9,5.333333333333333,0.5833333333333334,14.721311475409838,,,,0.04906551125531404,0.07435000996663721
630_B3,enni,TD,85,14,6.071428571428571,0.4588235294117647,16.40376795435168,,,,0.07232005008744195,0.07435000996663721
634_A1,enni,TD,40,6,6.666666666666667,0.6,25.215053763440864,,,,0.08175561043985438,0.07435000996663721
634_A2,enni,TD,53,7,7.571428571428571,0.6226415094339622,22.8330258302583,,,,0.07182308436161142,0.07435000996663721
634_A3,enni,TD,95,13,7.3076923076923075,0.5368421052631579,31.666666666666668,,,,0.09268829726581493,0.07435000996663721
634_B1,enni,TD,40,7,5.714285714285714,0.675,33.24324324324324,,,,0.071449296509675,0.07435000996663721
634_B2,enni,TD,60,7,8.571428571428571,0.65,31.16884449613464,,,,0.057464052710563165,0.07435000996663721
634_B3,enni,TD,126,19,6.631578947368421,0.46825396825396826,31.93348623853211,,,,0.11513064615571099,0.07435000996663721
637_A1,enni,TD,37,5,7.4,0.6756756756756757,37.0,,,,0.05079371430350374,0.07435000996663721
637_A2,enni,TD,39,9,4.333333333333333,0.7435897435897436,33.879106382978726,,,,0.05507316761298368,0.07435000996663721
637_A3,enni,TD,90,13,6.923076923076923,0.4666666666666667,20.25,,,,0.07587115012494426,0.07435000996663721
637_B1,enni,TD,43,5,8.6,0.6046511627906976,25.08333333333334,,,,0.0675125170374265,0.07435000996663721
637_B2,enni,TD,45,7,6.428571428571429,0.6222222222222222,22.5,,,,0.04205503318793618,0.07435000996663721
637_B3,enni,TD,103,16,6.4375,0.5048543689320388,24.159184514003293,,,,0.09503101249895336,0.07435000996663721
641_A1,enni,TD,49,9,5.444444444444445,0.6122448979591837,16.333333333333332,,,,0.08484210502651625,0.07435000996663721
641_A2,enni,TD,50,10,5.0,0.58,18.074585964494222,,,,0.060117802895763274,0.07435000996663721
641_A3,enni,TD,113,19,5.947368421052632,0.45132743362831856,23.284848484848485,,,,0.08716976843383842,0.07435000996663721
641_B1,enni,TD,51,9,5.666666666666667,0.47058823529411764,12.925458715596331,,,,0.08137228436785594,0.07435000996663721
641_B2,enni,TD,75,13,5.769230769230769,0.5466666666666666,23.400188981453447,,,,0.0719834893466737,0.07435000996663721
641_B3,enni,TD,111,17,6.529411764705882,0.5045045045045045,21.552814569536423,,,,0.09618757667361806,0.07435000996663721
645_A1,enni,TD,49,7,7.0,0.5102040816326531,23.020531400966185,,,,0.09416311225804215,0.07435000996663721
645_A2,enni,TD,134,17,7.882352941176471,0.417910447761194,25.299999999999997,,,,0.10330875550843435,0.07435000996663721
645_A3,enni,TD,253,36,7.027777777777778,0.3241106719367589,22.041666666666664,,,,0.1055132926195056,0.07435000996663721
645_B1,enni,TD,73,12,6.083333333333333,0.5205479452054794,20.648205612520236,,,,0.06761936088453242,0.07435000996663721
645_B2,enni,TD,172,23,7.478260869565218,0.37209302325581395,20.692755156002114,,,,0.08483921479169486,0.07435000996663721
645_B3,enni,TD,279,34,8.205882352941176,0.3333333333333333,25.50718085106383,,,,0.10075541972610612,0.07435000996663721
649_A1,enni,TD,47,6,7.833333333333333,0.574468085106383,13.925925925925927,,,,0.059927199655340074,0.07435000996663721
649_A2,enni,TD,54,7,7.714285714285714,0.5925925925925926,32.660826032540676,,,,0.055325176883048104,0.07435000996663721
649_A3,enni,TD,85,10,8.5,0.611764705882353,46.6157548073982,,,,0.067205616730979,0.07435000996663721
649_B1,enni,TD,36,5,7.2,0.7222222222222222,36.0,,,,0.06065646903543503,0.07435000996663721
649_B2,enni,TD,51,9,5.666666666666667,0.6470588235294118,14.299638989169676,,,,0.0660599937404188,0.07435000996663721
649_B3,enni,TD,92,18,5.111111111111111,0.5217391304347826,28.68048359240069,,,,0.08224280192054954,0.07435000996663721
650_A1,enni,TD,72,12,6.0,0.5694444444444444,23.73595197631709,,,,0.058047020047233354,0.07435000996663721
650_A2,enni,TD,77,15,5.133333333333334,0.5844155844155844,22.271884819800597,,,,0.06622861206762398,0.07435000996663721
650_A3,enni,TD,94,11,8.545454545454545,0.6382978723404256,43.67690234735125,,,,0.07208704516457501,0.07435000996663721
650_B1,enni,TD,66,8,8.25,0.6212121212121212,35.19223816886992,,,,0.06210548039354002,0.07435000996663721
650_B2,enni,TD,76,13,5.846153846153846,0.618421052631579,28.52097130242825,,,,0.05147978304323668,0.07435000996663721
650_B3,enni,TD,113,18,6.277777777777778,0.5486725663716814,42.509460527777236,,,,0.08947333750937773,0.07435000996663721
653_A1,enni,TD,73,10,7.3,0.5616438356164384,20.37550200803213,,,,0.07888417292316158,0.07435000996663721
653_A2,enni,TD,108,15,7.2,0.5370370370370371,34.08510638297872,,,,0.09546047455329788,0.07435000996663721
653_A3,enni,TD,138,18,7.666666666666667,0.463768115942029,21.682401466544455,,,,0.10772072239232425,0.07435000996663721
653_B1,enni,TD,53,6,8.833333333333334,0.660377358490566,37.20012667988544,,,,0.05933753777241672,0.07435000996663721
653_B2,enni,TD,82,14,5.857142857142857,0.6097560975609756,30.004170261719878,,,,0.062335658790278387,0.07435000996663721
653_B3,enni,TD,164,19,8.631578947368421,0.4817073170731707,30.809651987956297,,,,0.07869057482952498,0.07435000996663721
654_A1,enni,TD,54,7,7.714285714285714,0.5185185185185185,18.0,,,,0.08864207991435803,0.07435000996663721
654_A2,enni,TD,84,11,7.636363636363637,0.6071428571428571,31.47006423127697,,,,0.07421535142509922,0.07435000996663721
654_A3,enni,TD,185,28,6.607142857142857,0.43243243243243246,27.149719995607775,,,,0.09338838203276045,0.07435000996663721
654_B1,enni,TD,96,11,8.727272727272727,0.4479166666666667,21.732997481108313,,,,0.07518812545924557,0.07435000996663721
654_B2,enni,TD,117,14,8.357142857142858,0.4188034188034188,15.94047619047619,,,,0.06202282697664715,0.07435000996663721
654_B3,enni,TD,232,32,7.25,0.36637931034482757,24.72167300380228,,,,0.10924245673153399,0.07435000996663721
657_A1,enni,TD,41,7,5.857142857142857,0.5365853658536586,14.385964912280702,,,,0.07581322449302735,0.07435000996663721
657_A2,enni,TD,44,8,5.5,0.5681818181818182,14.666666666666666,,,,0.0501530519282397,0.07435000996663721
657_A3,enni,TD,98,17,5.764705882352941,0.5204081632653061,22.05,,,,0.07273933193241143,0.07435000996663721
657_B1,enni,TD,37,8,4.625,0.6756756756756757,23.287654456386633,,,,0.041865229401393214,0.07435000996663721
657_B2,enni,TD,54,8,6.75,0.5740740740740741,20.454545454545453,,,,0.05640745314794299,0.07435000996663721
657_B3,enni,TD,79,13,6.076923076923077,0.46835443037974683,23.313455657492355,,,,0.08785305428223208,0.07435000996663721
660_A1,enni,TD,116,13,8.923076923076923,0.4827586206896552,36.77864583333333,,,,0.08630131412462151,0.07435000996663721
660_A2,enni,TD,117,18,6.5,0.5128205128205128,40.48262067395903,,,,0.09611338010677478,0.07435000996663721
660_A3,enni,TD,207,24,8.625,0.3864734299516908,33.9197852236937,,,,0.09179114953689003,0.07435000996663721
660_B1,enni,TD,63,10,6.3,0.5714285714285714,24.565461029037184,,,,0.09099576735766388,0.07435000996663721
660_B2,enni,TD,137,22,6.2272727272727275,0.5036496350364964,27.910339460104908,,,,0.08729518261030356,0.07435000996663721
660_B3,enni,TD,185,23,8.043478260869565,0.4594594594594595,33.916666666666664,,,,0.10255521017660259,0.07435000996663721
661_A1,enni,TD,38,5,7.6,0.5526315789473685,12.901234567901234,,,,0.08479477213015224,0.07435000996663721
661_A2,enni,TD,57,8,7.125,0.5789473684210527,28.485056709992552,,,,0.07318144816734169,0.07435000996663721
661_A3,enni,TD,114,18,6.333333333333333,0.5087719298245614,29.388211382113823,,,,0.0833358894951023,0.07435000996663721
661_B1,enni,TD,52,7,7.428571428571429,0.6153846153846154,25.529411764705884,,,,0.07187982636091916,0.07435000996663721
661_B2,enni,TD,50,10,5.0,0.74,47.784004075394805,,,,0.0551798225703259,0.07435000996663721
661_B3,enni,TD,93,13,7.153846153846154,0.5913978494623656,37.24652340800403,,,,0.0977539923993604,0.07435000996663721
665_A1,enni,TD,49,6,8.166666666666666,0.5510204081632653,17.60703363914373,,,,0.08129940277812145,0.07435000996663721
665_A2,enni,TD,45,8,5.625,0.5777777777777777,21.042746113989637,,,,0.069848954615858,0.07435000996663721
665_A3,enni,TD,110,15,7.333333333333333,0.4636363636363636,30.05078855920877,,,,0.08385090103688632,0.07435000996663721
665_B1,enni,TD,35,6,5.833333333333333,0.6285714285714286,17.5,,,,0.050946226107691825,0.07435000996663721
665_B2,enni,TD,66,9,7.333333333333333,0.6060606060606061,26.090306980656013,,,,0.05711042122861402,0.07435000996663721
665_B3,enni,TD,110,14,7.857142857142857,0.4818181818181818,26.80721789578216,,,,0.0925363716219282,0.07435000996663721
670_A1,enni,TD,54,7,7.714285714285714,0.6111111111111112,32.12238302104051,,,,0.0886471671410964,0.07435000996663721
670_A2,enni,TD,77,15,5.133333333333334,0.6883116883116883,50.020833333333336,,,,0.08424517124585056,0.07435000996663721
670_A3,enni,TD,168,26,6.461538461538462,0.44047619047619047,36.20289855072464,,,,0.09371076459337141,0.07435000996663721
670_B1,enni,TD,54,11,4.909090909090909,0.6481481481481481,24.536496350364963,,,,0.07386931418331649,0.07435000996663721
670_B2,enni,TD,154,25,6.16,0.4805194805194805,31.60411392405063,,,,0.07758853557200364,0.07435000996663721
670_B3,enni,TD,230,37,6.216216216216216,0.4652173913043478,46.73994638069705,,,,0.08963638267693859,0.07435000996663721
671_A1,enni,TD,49,8,6.125,0.673469387755102,28.220658207771613,,,,0.04888012213276854,0.07435000996663721
671_A2,enni,TD,71,11,6.454545454545454,0.5633802816901409,19.209110169491524,,,,0.05978262087227182,0.07435000996663721
671_A3,enni,TD,83,16,5.1875,0.46987951807228917,20.099178617560362,,,,0.07032366134314799,0.07435000996663721
671_B1,enni,TD,26,4,6.5,0.7307692307692307,21.987654320987655,,,,0.04095368090869997,0.07435000996663721
671_B2,enni,TD,67,10,6.7,0.582089552238806,30.96212121212121,,,,0.04919846161199836,0.07435000996663721
671_B3,enni,TD,143,23,6.217391304347826,0.45454545454545453,27.64666666666667,,,,0.10276034711210995,0.07435000996663721
677_A1,enni,TD,59,7,8.428571428571429,0.576271186440678,26.22222222222222,,,,0.07535278355678361,0.07435000996663721
677_A2,enni,TD,92,11,8.363636363636363,0.5217391304347826,24.459752321981426,,,,0.0771630831445538,0.07435000996663721
677_A3,enni,TD,154,22,7.0,0.4025974025974026,22.500323153982873,,,,0.10058656398653927,0.07435000996663721
677_B1,enni,TD,68,8,8.5,0.5588235294117647,31.185430463576157,,,,0.07407355254810408,0.07435000996663721
677_B2,enni,TD,113,14,8.071428571428571,0.5132743362831859,30.51878238341969,,,,0.0642890881992414,0.07435000996663721
677_B3,enni,TD,161,17,9.470588235294118,0.4658385093167702,32.2,,,,0.09989737446499479,0.07435000996663721
701_A1,enni,TD,52,6,8.666666666666666,0.46153846153846156,13.0,,,,0.035149726898018666,0.07435000996663721
701_A2,enni,TD,128,20,6.4,0.421875,24.939115500214683,,,,0.07480950539038042,0.07435000996663721
701_A3,enni,TD,165,19,8.68421052631579,0.34545454545454546,23.571428571428573,,,,0.09646969165217617,0.07435000996663721
701_B1,enni,TD,45,6,7.5,0.5333333333333333,20.447080291970806,,,,0.07262862005877957,0.07435000996663721
701_B2,enni,TD,88,9,9.777777777777779,0.5227272727272727,22.0,,,,0.07094139740637072,0.07435000996663721
701_B3,enni,TD,151,17,8.882352941176471,0.40397350993377484,25.395454545454548,,,,0.10884691855795393,0.07435000996663721
702_A1,enni,TD,34,6,5.666666666666667,0.6470588235294118,34.0,,,,0.0944811721595773,0.07435000996663721
702_A2,enni,TD,55,8,6.875,0.5636363636363636,19.95330459770115,,,,0.0708797728821184,0.07435000996663721
702_A3,enni,TD,101,14,7.214285714285714,0.4158415841584158,18.879738562091504,,,,0.08161282476189863,0.07435000996663721
702_B1,enni,TD,38,6,6.333333333333333,0.6052631578947368,16.95258620689655,,,,0.06845803861832746,0.07435000996663721
702_B2,enni,TD,46,8,5.75,0.6956521739130435,37.843971631205676,,,,0.058735967835198244,0.07435000996663721
702_B3,enni,TD,101,14,7.214285714285714,0.504950495049505,17.68879781420765,,,,0.08478509438456683,0.07435000996663721
705_A1,enni,TD,54,6,9.0,0.48148148148148145,17.12109375,,,,0.05843000789845603,0.07435000996663721
705_A2,enni,TD,55,10,5.5,0.6363636363636364,28.278301886792455,,,,0.06873801076837592,0.07435000996663721
705_A3,enni,TD,107,16,6.6875,0.5327102803738317,25.70180250783699,,,,0.07942652100646741,0.07435000996663721
705_B1,enni,TD,74,12,6.166666666666667,0.5135135135135135,28.43696027633851,,,,0.0883322770652693,0.07435000996663721
705_B2,enni,TD,79,13,6.076923076923077,0.5063291139240507,26.602728047740833,,,,0.08171822018771334,0.07435000996663721
705_B3,enni,TD,163,23,7.086956521739131,0.4539877300613497,30.469281045751636,,,,0.0932413636943016,0.07435000996663721
706_A1,enni,TD,68,9,7.555555555555555,0.5294117647058824,32.29317269076305,,,,0.07230654563252754,0.07435000996663721
706_A2,enni,TD,107,14,7.642857142857143,0.48598130841121495,23.288235294117648,,,,0.09213904656604924,0.07435000996663721
706_A3,enni,TD,129,16,8.0625,0.4883720930232558,34.08186178705131,,,,0.10050238505213438,0.07435000996663721
706_B1,enni,TD,62,9,6.888888888888889,0.5645161290322581,27.200980392156865,,,,0.08581440448263308,0.07435000996663721
706_B2,enni,TD,77,9,8.555555555555555,0.5844155844155844,36.45212765957447,,,,0.08185704623196376,0.07435000996663721
706_B3,enni,TD,115,17,6.764705882352941,0.5565217391304348,40.93480718133909,,,,0.09316150285477004,0.07435000996663721
709_A1,enni,TD,38,5,7.6,0.631578947368421,17.06910569105691,,,,0.06359290742127362,0.07435000996663721
709_A2,enni,TD,40,7,5.714285714285714,0.625,20.384615384615383,,,,0.05856026830521222,0.07435000996663721
709_A3,enni,TD,64,12,5.333333333333333,0.4375,14.895680174980255,,,,0.050198913360342934,0.07435000996663721
709_B1,enni,TD,31,5,6.2,0.5806451612903226,12.930371352785146,,,,0.05207067423381189,0.07435000996663721
709_B2,enni,TD,45,8,5.625,0.5333333333333333,21.042746113989637,,,,0.05430426035513583,0.07435000996663721
709_B3,enni,TD,96,13,7.384615384615385,0.5104166666666666,21.285067873303166,,,,0.08837849351766526,0.07435000996663721
713_A1,enni,TD,71,7,10.142857142857142,0.4507042253521127,18.035963649206693,,,,0.07558211041943708,0.07435000996663721
713_A2,enni,TD,109,13,8.384615384615385,0.43119266055045874,18.490182648401827,,,,0.08057153664997271,0.07435000996663721
713_A3,enni,TD,200,22,9.090909090909092,0.3,17.62749445676275,,,,0.08665061837353469,0.07435000996663721
713_B1,enni,TD,62,5,12.4,0.5161290322580645,22.18698579981909,,,,0.07046237335836068,0.07435000996663721
713_B2,enni,TD,114,12,9.5,0.42105263157894735,24.250298923874055,,,,0.08297683233934598,0.07435000996663721
713_B3,enni,TD,162,18,9.0,0.3765432098765432,17.762058008799087,,,,0.10346162680041723,0.07435000996663721
714_A1,enni,TD,73,9,8.11111111111111,0.6164383561643836,32.12699680511182,,,,0.08058624487456968,0.07435000996663721
714_A2,enni,TD,102,15,6.8,0.5980392156862745,55.771929824561404,,,,0.07275633079988021,0.07435000996663721
714_A3,enni,TD,180,25,7.2,0.5277777777777778,43.93667296786389,,,,0.08819675203831141,0.07435000996663721
714_B1,enni,TD,63,8,7.875,0.746031746031746,66.22875,,,,0.057311370245046324,0.07435000996663721
714_B2,enni,TD,134,17,7.882352941176471,0.5597014925373134,41.49791903140371,,,,0.07265727862064804,0.07435000996663721
714_B3,enni,TD,167,23,7.260869565217392,0.5089820359281437,37.70664763105524,,,,0.08464776667357282,0.07435000996663721
718_A1,enni,TD,128,15,8.533333333333333,0.4453125,20.02293202293202,,,,0.0843348234234745,0.07435000996663721
718_A2,enni,TD,147,20,7.35,0.3673469387755102,19.6875,,,,0.07733112329501,0.07435000996663721
718_A3,enni,TD,159,22,7.2272727272727275,0.44025157232704404,25.50863220323153,,,,0.08054348223646557,0.07435000996663721
718_B1,enni,TD,93,12,7.75,0.5913978494623656,38.31817737903016,,,,0.07232494182376784,0.07435000996663721
718_B2,enni,TD,118,13,9.076923076923077,0.5,23.713461538461537,,,,0.07773735876237345,0.07435000996663721
718_B3,enni,TD,155,21,7.380952380952381,0.45161290322580644,30.129213483146067,,,,0.08944721616164447,0.07435000996663721
722_A1,enni,TD,65,10,6.5,0.5846153846153846,18.96423174363305,,,,0.05604206030123582,0.07435000996663721
722_A2,enni,TD,71,10,7.1,0.5633802816901409,23.666666666666668,,,,0.08623540095371987,0.07435000996663721
722_A3,enni,TD,154,18,8.555555555555555,0.44155844155844154,30.8,,,,0.11999474262720075,0.07435000996663721
722_B1,enni,TD,59,6,9.833333333333334,0.6101694915254238,28.424283898719324,,,,0.049917020140591434,0.07435000996663721
722_B2,enni,TD,96,9,10.666666666666666,0.5729166666666666,32.0,,,,0.06732282001296873,0.07435000996663721
722_B3,enni,TD,191,26,7.346153846153846,0.39790575916230364,35.044647284201034,,,,0.10115597840669298,0.07435000996663721
726_A1,enni,TD,75,7,10.714285714285714,0.5466666666666666,30.535190615835777,,,,0.09564145488415347,0.07435000996663721
726_A2,enni,TD,123,15,8.2,0.4634146341463415,23.430798479087454,,,,0.09079722975593223,0.07435000996663721
726_A3,enni,TD,217,24,9.041666666666666,0.3870967741935484,33.83931623931623,,,,0.11713281047228784,0.07435000996663721
726_B1,enni,TD,122,12,10.166666666666666,0.4672131147540984,27.717153284671532,,,,0.09409289497580975,0.07435000996663721
726_B2,enni,TD,171,16,10.6875,0.49122807017543857,32.90905551966817,,,,0.07802273631083971,0.07435000996663721
726_B3,enni,TD,298,32,9.3125,0.38926174496644295,31.376148844575063,,,,0.12109375590754569,0.07435000996663721
730_A1,enni,TD,36,5,7.2,0.6666666666666666,31.081967213114755,,,,0.0800127735207614,0.07435000996663721
730_A2,enni,TD,46,9,5.111111111111111,0.6086956521739131,21.90684410646388,,,,0.034022941465269484,0.07435000996663721
730_A3,enni,TD,84,13,6.461538461538462,0.5119047619047619,31.708204022648125,,,,0.05887573860243758,0.07435000996663721
730_B1,enni,TD,25,5,5.0,0.8,35.00000000000001,,,,0.060949214505166195,0.07435000996663721
730_B2,enni,TD,55,11,5.0,0.5818181818181818,16.141653681340088,,,,0.048716777059303114,0.07435000996663721
730_B3,enni,TD,68,13,5.230769230769231,0.6323529411764706,29.73163400125777,,,,0.08214454449305993,0.07435000996663721
737_A1,enni,TD,53,6,8.833333333333334,0.5660377358490566,19.026994515728475,,,,0.03980866313104901,0.07435000996663721
737_A2,enni,TD,76,8,9.5,0.6578947368421053,48.28440366972477,,,,0.07215611643414513,0.07435000996663721
737_A3,enni,TD,103,15,6.866666666666666,0.5242718446601942,23.175,,,,0.06205827256394884,0.07435000996663721
737_B1,enni,TD,35,5,7.0,0.6857142857142857,18.66329479768786,,,,0.03867222216310091,0.07435000996663721
737_B2,enni,TD,92,10,9.2,0.4673913043478261,19.215687263919726,,,,0.04096318596380681,0.07435000996663721
737_B3,enni,TD,134,15,8.933333333333334,0.5074626865671642,26.8,,,,0.07534475708474732,0.07435000996663721
738_A1,enni,TD,89,10,8.9,0.5280898876404494,32.13073749750794,,,,0.08455274226239419,0.07435000996663721
738_A2,enni,TD,103,9,11.444444444444445,0.5145631067961165,34.333333333333336,,,,0.08131577333649898,0.07435000996663721
738_A3,enni,TD,188,28,6.714285714285714,0.3723404255319149,31.333333333333332,,,,0.12489047178943408,0.07435000996663721
738_B1,enni,TD,81,12,6.75,0.4691358024691358,19.599293059125962,,,,0.0856351428558231,0.07435000996663721
738_B2,enni,TD,127,13,9.76923076923077,0.47244094488188976,24.511888111888112,,,,0.08680859308030531,0.07435000996663721
738_B3,enni,TD,202,24,8.416666666666666,0.4158415841584158,32.07173884155974,,,,0.11248487026172266,0.07435000996663721
746_A1,enni,TD,66,8,8.25,0.6363636363636364,31.208605759336365,,,,0.0253904927780673,0.07435000996663721
746_A2,enni,TD,67,10,6.7,0.6268656716417911,25.70144282016141,,,,0.0606178554091777,0.07435000996663721
746_A3,enni,TD,135,18,7.5,0.4962962962962963,34.92835968379447,,,,0.03278368947885531,0.07435000996663721
746_B1,enni,TD,60,8,7.5,0.6666666666666666,46.730437284234746,,,,0.06113773726257923,0.07435000996663721
746_B2,enni,TD,84,10,8.4,0.6309523809523809,45.89776709147458,,,,0.0471788013364683,0.07435000996663721
746_B3,enni,TD,149,18,8.277777777777779,0.4966442953020134,31.557907328128934,,,,0.08501531498357122,0.07435000996663721
752_A1,enni,TD,50,6,8.333333333333334,0.52,12.5,,,,0.061852478500392355,0.07435000996663721
752_A2,enni,TD,79,8,9.875,0.5189873417721519,28.034880168222788,,,,0.06401248010212165,0.07435000996663721
752_A3,enni,TD,143,18,7.944444444444445,0.42657342657342656,22.913539445629,,,,0.08528831340096481,0.07435000996663721
752_B1,enni,TD,93,12,7.75,0.4838709677419355,22.7282315978456,,,,0.03527412572772909,0.07435000996663721
752_B2,enni,TD,79,10,7.9,0.5949367088607594,35.89598540145985,,,,0.038136571832688496,0.07435000996663721
752_B3,enni,TD,162,18,9.0,0.3950617283950617,32.85957446808511,,,,0.04869288441525998,0.07435000996663721
756_A1,enni,TD,74,7,10.571428571428571,0.5675675675675675,25.577651515151516,,,,0.07827882099202846,0.07435000996663721
756_A2,enni,TD,97,12,8.083333333333334,0.6082474226804123,28.95118549511855,,,,0.09117088661260303,0.07435000996663721
756_A3,enni,TD,145,15,9.666666666666666,0.47586206896551725,32.94251824817518,,,,0.10258155867925177,0.07435000996663721
756_B1,enni,TD,61,6,10.166666666666666,0.5737704918032787,24.219446862653186,,,,0.0760356416812851,0.07435000996663721
756_B2,enni,TD,96,10,9.6,0.53125,32.899408284023664,,,,0.0795202676062027,0.07435000996663721
756_B3,enni,TD,175,18,9.722222222222221,0.4685714285714286,28.261993382961123,,,,0.09282121439991221,0.07435000996663721
757_A1,enni,TD,49,7,7.0,0.6938775510204082,28.902112278627293,,,,0.08942890007848156,0.07435000996663721
757_A2,enni,TD,67,12,5.583333333333333,0.5671641791044776,29.39460784313726,,,,0.08081031777157549,0.07435000996663721
757_A3,enni,TD,105,15,7.0,0.4857142857142857,26.5234375,,,,0.1075816399124459,0.07435000996663721
757_B1,enni,TD,61,7,8.714285714285714,0.4918032786885246,25.87878787878788,,,,0.07367581704847743,0.07435000996663721
757_B2,enni,TD,84,10,8.4,0.5476190476190477,25.21922103931696,,,,0.08072817794434071,0.07435000996663721
757_B3,enni,TD,176,25,7.04,0.4147727272727273,26.316867490240483,,,,0.09967870603617876,0.07435000996663721
761_A1,enni,TD,36,7,5.142857142857143,0.7222222222222222,36.0,,,,0.06085560679853037,0.07435000996663721
761_A2,enni,TD,60,10,6.0,0.6666666666666666,48.3177570093458,,,,0.059789395522414183,0.07435000996663721
761_A3,enni,TD,108,17,6.352941176470588,0.4537037037037037,22.31131221719457,,,,0.056967132221888324,0.07435000996663721
761_B1,enni,TD,40,8,5.0,0.775,49.77777777777779,,,,0.06471531778030998,0.07435000996663721
761_B2,enni,TD,65,9,7.222222222222222,0.5692307692307692,32.5,,,,0.06692373204653963,0.07435000996663721
761_B3,enni,TD,129,26,4.961538461538462,0.4728682170542636,30.631024096385545,,,,0.09822398819796052,0.07435000996663721
762_A1,enni,TD,109,12,9.083333333333334,0.4954128440366973,31.98982275029217,,,,0.09891634442052992,0.07435000996663721
762_A2,enni,TD,94,13,7.230769230769231,0.5212765957446809,26.183906225249483,,,,0.08566063801216649,0.07435000996663721
762_A3,enni,TD,195,24,8.125,0.38461538461538464,17.963636363636365,,,,0.10864140230822454,0.07435000996663721
762_B1,enni,TD,81,10,8.1,0.48148148148148145,16.2,,,,0.07129797525420555,0.07435000996663721
762_B2,enni,TD,114,15,7.6,0.5,31.576404699025588,,,,0.07178082343165507,0.07435000996663721
762_B3,enni,TD,186,20,9.3,0.40860215053763443,27.216334303747573,,,,0.11901491079510657,0.07435000996663721
765_A1,enni,TD,57,7,8.142857142857142,0.7017543859649122,46.992977528089895,,,,0.04881228611349428,0.07435000996663721
765_A2,enni,TD,68,9,7.555555555555555,0.6029411764705882,40.26918504821028,,,,0.06773733815855235,0.07435000996663721
765_A3,enni,TD,124,14,8.857142857142858,0.4838709677419355,21.183333333333334,,,,0.08069175320530456,0.07435000996663721
765_B1,enni,TD,52,6,8.666666666666666,0.6730769230769231,35.08783415166394,,,,0.05311338952687437,0.07435000996663721
765_B2,enni,TD,81,12,6.75,0.5432098765432098,24.34251968503937,,,,0.06308946803452463,0.07435000996663721
765_B3,enni,TD,143,18,7.944444444444445,0.43356643356643354,27.548529411764704,,,,0.09806616495940947,0.07435000996663721
766_A1,enni,TD,68,9,7.555555555555555,0.4264705882352941,13.748905109489051,,,,0.054890389578828254,0.07435000996663721
766_A2,enni,TD,129,18,7.166666666666667,0.4418604651162791,19.338315217391305,,,,0.09288670462814741,0.07435000996663721
766_A3,enni,TD,187,23,8.130434782608695,0.43315508021390375,27.7192118226601,,,,0.08491145696634318,0.07435000996663721
766_B1,enni,TD,62,10,6.2,0.6290322580645161,36.9320987654321,,,,0.08324572167153048,0.07435000996663721
766_B2,enni,TD,122,20,6.1,0.5163934426229508,26.159122975535784,,,,0.08476225460224682,0.07435000996663721
766_B3,enni,TD,139,22,6.318181818181818,0.4460431654676259,25.733989071038252,,,,0.11038742523350327,0.07435000996663721
767_A1,enni,TD,53,6,8.833333333333334,0.6226415094339622,26.5,,,,0.057798834185224884,0.07435000996663721
767_A2,enni,TD,60,9,6.666666666666667,0.65,32.76276139165373,,,,0.062371075401391564,0.07435000996663721
767_A3,enni,TD,165,23,7.173913043478261,0.3878787878787879,22.34375,,,,0.0917193976637365,0.07435000996663721
767_B1,enni,TD,66,9,7.333333333333333,0.5909090909090909,20.407894736842106,,,,0.05933667627015988,0.07435000996663721
767_B2,enni,TD,134,18,7.444444444444445,0.48507462686567165,25.21732283464567,,,,0.07126796652547976,0.07435000996663721
767_B3,enni,TD,155,23,6.739130434782608,0.4838709677419355,32.804590187747394,,,,0.07034250133106529,0.07435000996663721
769_A1,enni,TD,40,6,6.666666666666667,0.675,29.495684273383638,,,,0.0835497505737225,0.07435000996663721
769_A2,enni,TD,82,11,7.454545454545454,0.5975609756097561,32.143929100790515,,,,0.09599387443475704,0.07435000996663721
769_A3,enni,TD,119,17,7.0,0.47058823529411764,27.899678395124198,,,,0.08385650348127098,0.07435000996663721
769_B1,enni,TD,57,5,11.4,0.5964912280701754,27.384150544552185,,,,0.07996534757111144,0.07435000996663721
769_B2,enni,TD,79,11,7.181818181818182,0.5063291139240507,24.99253224711473,,,,0.0812274682103592,0.07435000996663721
769_B3,enni,TD,109,14,7.785714285714286,0.48623853211009177,38.87964480874317,,,,0.1060233194666571,0.07435000996663721
771_A1,enni,TD,44,7,6.285714285714286,0.6136363636363636,22.0,,,,0.0706615012293626,0.07435000996663721
771_A2,enni,TD,63,8,7.875,0.6349206349206349,29.36266328011611,,,,0.060141502827699256,0.07435000996663721
771_A3,enni,TD,93,13,7.153846153846154,0.5698924731182796,35.42282834230596,,,,0.08902024534214137,0.07435000996663721
771_B1,enni,TD,42,5,8.4,0.6904761904761905,37.73170731707317,,,,0.05670195558810187,0.07435000996663721
771_B2,enni,TD,71,9,7.888888888888889,0.6619718309859155,29.583333333333336,,,,0.07003159293228702,0.07435000996663721
771_B3,enni,TD,86,14,6.142857142857143,0.5813953488372093,41.31504702194357,,,,0.0781218960992772,0.07435000996663721
773_A1,enni,TD,50,6,8.333333333333334,0.52,12.153564110859485,,,,0.09575936422311207,0.07435000996663721
773_A2,enni,TD,67,8,8.375,0.6119402985074627,30.443430656934307,,,,0.08235796536376719,0.07435000996663721
773_A3,enni,TD,103,14,7.357142857142857,0.4563106796116505,19.50425531914894,,,,0.10650034884704232,0.07435000996663721
773_B1,enni,TD,37,5,7.4,0.6486486486486487,24.239087479791632,,,,0.07283532531364204,0.07435000996663721
773_B2,enni,TD,75,8,9.375,0.4666666666666667,17.26661392405063,,,,0.0673637352510884,0.07435000996663721
773_B3,enni,TD,157,16,9.8125,0.4267515923566879,29.574648064353944,,,,0.09400750208919122,0.07435000996663721
801_A1,enni,TD,46,5,9.2,0.7391304347826086,49.37333333333333,,,,0.057465490448645684,0.07435000996663721
801_A2,enni,TD,70,8,8.75,0.6,35.0,,,,0.08385004190504768,0.07435000996663721
801_A3,enni,TD,121,14,8.642857142857142,0.5289256198347108,44.81640625,,,,0.0852235498459016,0.07435000996663721
801_B1,enni,TD,52,5,10.4,0.6730769230769231,46.396551724137936,,,,0.04162149933777933,0.07435000996663721
801_B2,enni,TD,87,10,8.7,0.5287356321839081,27.6913357400722,,,,0.055864285241278254,0.07435000996663721
801_B3,enni,TD,121,16,7.5625,0.5702479338842975,43.502293693761914,,,,0.07923005420663934,0.07435000996663721
802_A1,enni,TD,105,15,7.0,0.45714285714285713,24.93222891566265,,,,0.08446325395217306,0.07435000996663721
802_A2,enni,TD,126,14,9.0,0.3412698412698413,16.900651465798045,,,,0.07391595525301724,0.07435000996663721
802_A3,enni,TD,180,21,8.571428571428571,0.37222222222222223,23.70362779258045,,,,0.10244152336009188,0.07435000996663721
802_B1,enni,TD,101,12,8.416666666666666,0.46534653465346537,22.87710843373494,,,,0.08553772751703231,0.07435000996663721
802_B2,enni,TD,110,13,8.461538461538462,0.4818181818181818,20.98148148148148,,,,0.08940136487304479,0.07435000996663721
802_B3,enni,TD,165,21,7.857142857142857,0.41818181818181815,25.679290254237287,,,,0.10648365352450043,0.07435000996663721
805_A1,enni,TD,133,14,9.5,0.5112781954887218,34.32258064516129,,,,0.10281711313610198,0.07435000996663721
805_A2,enni,TD,171,16,10.6875,0.4502923976608187,39.51136363636364,,,,0.09318748155016891,0.07435000996663721
805_A3,enni,TD,297,31,9.580645161290322,0.3367003367003367,28.79451219512195,,,,0.11494949263400832,0.07435000996663721
805_B1,enni,TD,128,11,11.636363636363637,0.453125,28.8,,,,0.07341367560319281,0.07435000996663721
805_B2,enni,TD,159,16,9.9375,0.559748427672956,38.52960244346614,,,,0.06932662825164727,0.07435000996663721
805_B3,enni,TD,271,35,7.742857142857143,0.3800738007380074,32.77057250912885,,,,0.11535375097570592,0.07435000996663721
806_A1,enni,TD,57,6,9.5,0.6491228070175439,30.673728813559322,,,,0.09345433567605502,0.07435000996663721
806_A2,enni,TD,84,12,7.0,0.5238095238095238,19.639896373056995,,,,0.10202956141928686,0.07435000996663721
806_A3,enni,TD,154,20,7.7,0.44155844155844154,24.196303085853955,,,,0.11680554314427631,0.07435000996663721
806_B1,enni,TD,95,13,7.3076923076923075,0.6,42.05275229357798,,,,0.07587571012603853,0.07435000996663721
806_B2,enni,TD,72,9,8.0,0.6805555555555556,57.483870967741936,,,,0.08496787666128444,0.07435000996663721
806_B3,enni,TD,106,15,7.066666666666666,0.6037735849056604,54.5,,,,0.09849157213080645,0.07435000996663721
809_A1,enni,TD,65,7,9.285714285714286,0.6153846153846154,37.04521691096687,,,,0.053874184965846554,0.07435000996663721
809_A2,enni,TD,90,13,6.923076923076923,0.5888888888888889,38.28758949880668,,,,0.05043230546589576,0.07435000996663721
809_A3,enni,TD,111,15,7.4,0.5045045045045045,37.0,,,,0.033472293621584555,0.07435000996663721
809_B1,enni,TD,58,7,8.285714285714286,0.6896551724137931,58.0,,,,0.06689786682090858,0.07435000996663721
809_B2,enni,TD,106,11,9.636363636363637,0.5660377358490566,37.13982823403113,,,,0.06293750941824479,0.07435000996663721
809_B3,enni,TD,122,16,7.625,0.5081967213114754,39.33595113438045,,,,0.09594520025174558,0.07435000996663721
810_A1,enni,TD,48,5,9.6,0.6458333333333334,37.0020366598778,,,,0.05620080988626618,0.07435000996663721
810_A2,enni,TD,88,10,8.8,0.5340909090909091,29.876543209876544,,,,0.08217281446733979,0.07435000996663721
810_A3,enni,TD,115,13,8.846153846153847,0.4434782608695652,26.689776598190214,,,,0.09151933195032504,0.07435000996663721
810_B1,enni,TD,64,6,10.666666666666666,0.5625,24.432029795158286,,,,0.05605577420138978,0.07435000996663721
810_B2,enni,TD,85,9,9.444444444444445,0.4588235294117647,23.02498933219543,,,,0.06766726478671128,0.07435000996663721
810_B3,enni,TD,150,16,9.375,0.4666666666666667,27.5,,,,0.1016684493577385,0.07435000996663721
813_A1,enni,TD,33,5,6.6,0.6060606060606061,14.245901639344263,,,,0.09047207946202593,0.07435000996663721
813_A2,enni,TD,67,11,6.090909090909091,0.6865671641791045,44.17199537750385,,,,0.07056598824105936,0.07435000996663721
813_A3,enni,TD,118,18,6.555555555555555,0.4830508474576271,22.38339416058394,,,,0.10013482669923798,0.07435000996663721
813_B1,enni,TD,33,6,5.5,0.6363636363636364,21.032407407407412,,,,0.06601385977109142,0.07435000996663721
813_B2,enni,TD,87,10,8.7,0.5862068965517241,31.644117647058827,,,,0.082860295632376,0.07435000996663721
813_B3,enni,TD,116,18,6.444444444444445,0.5344827586206896,34.596696212731665,,,,0.10379591665222265,0.07435000996663721
818_A1,enni,TD,92,9,10.222222222222221,0.5652173913043478,40.1919191919192,,,,0.06629377248539367,0.07435000996663721
818_A2,enni,TD,108,12,9.0,0.5648148148148148,45.39165966443498,,,,0.08755041215955757,0.07435000996663721
818_A3,enni,TD,220,29,7.586206896551724,0.39545454545454545,25.76320468418271,,,,0.08094993861199924,0.07435000996663721
818_B1,enni,TD,82,10,8.2,0.6585365853658537,52.82860669958628,,,,0.05530318138750604,0.07435000996663721
818_B2,enni,TD,199,19,10.473684210526315,0.5728643216080402,74.27135126102272,,,,0.07643640537244155,0.07435000996663721
818_B3,enni,TD,332,45,7.377777777777778,0.42168674698795183,59.71472121941436,,,,0.09231233550523323,0.07435000996663721
830_A1,enni,TD,43,6,7.166666666666667,0.6046511627906976,12.541666666666668,,,,0.046946375133317016,0.07435000996663721
830_A2,enni,TD,109,17,6.411764705882353,0.46788990825688076,21.829689168980988,,,,0.0789338696981008,0.07435000996663721
830_A3,enni,TD,104,15,6.933333333333334,0.5576923076923077,31.503649635036496,,,,0.04399995719106016,0.07435000996663721
830_B1,enni,TD,52,6,8.666666666666666,0.6923076923076923,52.0,,,,0.033570293461908235,0.07435000996663721
830_B2,enni,TD,71,9,7.888888888888889,0.5492957746478874,33.812737642585546,,,,0.05139024875260484,0.07435000996663721
830_B3,enni,TD,129,17,7.588235294117647,0.5348837209302325,29.660331905781582,,,,0.08743794864049544,0.07435000996663721
836_A1,enni,TD,100,15,6.666666666666667,0.58,32.02716823406479,,,,0.0775160162973156,0.07435000996663721
836_A2,enni,TD,125,19,6.578947368421052,0.512,40.303228621291446,,,,0.09205146655843979,0.07435000996663721
836_A3,enni,TD,167,24,6.958333333333333,0.4431137724550898,22.84500876667772,,,,0.11156869958136535,0.07435000996663721
836_B1,enni,TD,78,9,8.666666666666666,0.48717948717948717,16.605576109936578,,,,0.0725184904646444,0.07435000996663721
836_B2,enni,TD,136,23,5.913043478260869,0.5073529411764706,33.1014799154334,,,,0.08069169678776912,0.07435000996663721
836_B3,enni,TD,182,30,6.066666666666666,0.46153846153846156,28.576444860980942,,,,0.11620128073865668,0.07435000996663721
837_A1,enni,TD,55,7,7.857142857142857,0.6545454545454545,27.886069114470843,,,,0.05812186286994543,0.07435000996663721
837_A2,enni,TD,57,9,6.333333333333333,0.6491228070175439,31.778761061946906,,,,0.08528973643753134,0.07435000996663721
837_A3,enni,TD,140,17,8.235294117647058,0.45714285714285713,29.55892197599261,,,,0.0906728346031807,0.07435000996663721
837_B1,enni,TD,59,7,8.428571428571429,0.6779661016949152,45.67168674698796,,,,0.05728255599534352,0.07435000996663721
837_B2,enni,TD,88,12,7.333333333333333,0.5227272727272727,26.51282051282051,,,,0.05023972881488027,0.07435000996663721
837_B3,enni,TD,149,18,8.277777777777779,0.4697986577181208,25.829780564263324,,,,0.09567725366943916,0.07435000996663721
840_A1,enni,TD,63,7,9.0,0.6507936507936508,40.92613636363636,,,,0.051950268488517824,0.07435000996663721
840_A2,enni,TD,82,13,6.3076923076923075,0.5,20.5,,,,0.058336939053844114,0.07435000996663721
840_A3,enni,TD,141,22,6.409090909090909,0.4326241134751773,19.545824847250508,,,,0.06794205829083887,0.07435000996663721
840_B1,enni,TD,58,7,8.285714285714286,0.603448275862069,29.0,,,,0.06512395332048948,0.07435000996663721
840_B2,enni,TD,86,13,6.615384615384615,0.47674418604651164,13.79258089976322,,,,0.08004403423358146,0.07435000996663721
840_B3,enni,TD,114,20,5.7,0.45614035087719296,22.8,,,,0.07132361147162994,0.07435000996663721
844_A1,enni,TD,75,12,6.25,0.49333333333333335,25.255754475703327,,,,0.08669828640265546,0.07435000996663721
844_A2,enni,TD,155,23,6.739130434782608,0.47096774193548385,34.20045954027627,,,,0.0982522000557256,0.07435000996663721
844_A3,enni,TD,250,33,7.575757575757576,0.372,28.56906903989274,,,,0.09007037554808742,0.07435000996663721
844_B1,enni,TD,76,12,6.333333333333333,0.618421052631579,36.092369477911646,,,,0.04635212934799883,0.07435000996663721
844_B2,enni,TD,250,29,8.620689655172415,0.44,51.023023460859704,,,,0.08068205557404132,0.07435000996663721
844_B3,enni,TD,400,49,8.16326530612245,0.37,32.57575757575758,,,,0.06423300142238181,0.07435000996663721
845_A1,enni,TD,57,7,8.142857142857142,0.6491228070175439,38.961548625792815,,,,0.08928484951240244,0.07435000996663721
845_A2,enni,TD,58,9,6.444444444444445,0.5689655172413793,26.354014598540147,,,,0.07263588212129667,0.07435000996663721
845_A3,enni,TD,118,14,8.428571428571429,0.4576271186440678,23.6,,,,0.09869157753590575,0.07435000996663721
845_B1,enni,TD,78,9,8.666666666666666,0.5769230769230769,34.015337423312886,,,,0.07770764557103729,0.07435000996663721
845_B2,enni,TD,81,9,9.0,0.49382716049382713,14.343243243243244,,,,0.05368877985951688,0.07435000996663721
845_B3,enni,TD,143,19,7.526315789473684,0.46853146853146854,31.221666666666668,,,,0.10938015548100065,0.07435000996663721
848_A1,enni,TD,104,15,6.933333333333334,0.5288461538461539,29.013636363636365,,,,0.04506632897312164,0.07435000996663721
848_A2,enni,TD,142,21,6.761904761904762,0.5070422535211268,27.87577720207254,,,,0.07590989813517289,0.07435000996663721
848_A3,enni,TD,308,38,8.105263157894736,0.37662337662337664,33.00174354097321,,,,0.058281617236963554,0.07435000996663721
848_B1,enni,TD,193,22,8.772727272727273,0.43005181347150256,33.222885572139305,,,,0.06792154523564396,0.07435000996663721
848_B2,enni,TD,201,25,8.04,0.44776119402985076,29.04838249487485,,,,0.05372420419934138,0.07435000996663721
848_B3,enni,TD,335,37,9.054054054054054,0.37910447761194027,34.100003910603604,,,,0.07964980433411122,0.07435000996663721
849_A1,enni,TD,57,5,11.4,0.6491228070175439,29.306603773584904,,,,0.07846776386706103,0.07435000996663721
849_A2,enni,TD,101,13,7.769230769230769,0.5841584158415841,32.93550102249489,,,,0.08495222690282064,0.07435000996663721
849_A3,enni,TD,118,16,7.375,0.4406779661016949,23.46473163050151,,,,0.11366672602346035,0.07435000996663721
849_B1,enni,TD,82,7,11.714285714285714,0.4878048780487805,26.176770839448672,,,,0.08264517814855675,0.07435000996663721
849_B2,enni,TD,102,7,14.571428571428571,0.5784313725490197,42.17701040038067,,,,0.07918208580893844,0.07435000996663721
849_B3,enni,TD,179,23,7.782608695652174,0.40782122905027934,19.88888888888889,,,,0.10426930506927229,0.07435000996663721
852_A1,enni,TD,103,9,11.444444444444445,0.46601941747572817,25.75,,,,0.10804660262356296,0.07435000996663721
852_A2,enni,TD,140,11,12.727272727272727,0.44285714285714284,24.73124689518132,,,,0.09886312572612292,0.07435000996663721
852_A3,enni,TD,193,19,10.157894736842104,0.35751295336787564,27.366910509908294,,,,0.09878802716713973,0.07435000996663721
852_B1,enni,TD,109,13,8.384615384615385,0.48623853211009177,24.994205298013245,,,,0.08891228157227156,0.07435000996663721
852_B2,enni,TD,123,13,9.461538461538462,0.43902439024390244,23.695588235294117,,,,0.09157692982875475,0.07435000996663721
852_B3,enni,TD,265,22,12.045454545454545,0.3169811320754717,23.08712121212121,,,,0.10634135903344374,0.07435000996663721
853_A1,enni,TD,62,7,8.857142857142858,0.4838709677419355,20.666666666666668,,,,0.09577653575940417,0.07435000996663721
853_A2,enni,TD,103,11,9.363636363636363,0.42718446601941745,22.012996389891697,,,,0.08700769305625974,0.07435000996663721
853_A3,enni,TD,130,17,7.647058823529412,0.3769230769230769,21.666666666666668,,,,0.10402568231521143,0.07435000996663721
853_B1,enni,TD,70,8,8.75,0.5714285714285714,31.961805555555554,,,,0.07045621243046617,0.07435000996663721
853_B2,enni,TD,108,13,8.307692307692308,0.46296296296296297,27.0,,,,0.08106681167200244,0.07435000996663721
853_B3,enni,TD,165,20,8.25,0.3939393939393939,26.104779411764707,,,,0.10608195933790314,0.07435000996663721
856_A1,enni,TD,29,4,7.25,0.7241379310344828,29.0,,,,0.05832997567298471,0.07435000996663721
856_A2,enni,TD,48,6,8.0,0.6458333333333334,25.168453916112394,,,,0.06373212797409035,0.07435000996663721
856_A3,enni,TD,76,12,6.333333333333333,0.5394736842105263,17.831521555081444,,,,0.06056060680275109,0.07435000996663721
856_B1,enni,TD,46,6,7.666666666666667,0.5652173913043478,16.6882183908046,,,,0.05908371448313967,0.07435000996663721
856_B2,enni,TD,40,7,5.714285714285714,0.6,13.333333333333334,,,,0.07854175661706893,0.07435000996663721
856_B3,enni,TD,99,14,7.071428571428571,0.6161616161616161,50.90094339622642,,,,0.09167922652064746,0.07435000996663721
865_A1,enni,TD,44,7,6.285714285714286,0.6590909090909091,23.833333333333336,,,,0.05532043209094437,0.07435000996663721
865_A2,enni,TD,66,8,8.25,0.6818181818181818,50.51229651671626,,,,0.05884643607211154,0.07435000996663721
865_A3,enni,TD,97,11,8.818181818181818,0.4948453608247423,37.37614678899083,,,,0.08361377465362135,0.07435000996663721
865_B1,enni,TD,36,6,6.0,0.75,38.16,,,,0.03717154684577704,0.07435000996663721
865_B2,enni,TD,59,6,9.833333333333334,0.5932203389830508,27.930851063829785,,,,0.062021631693146256,0.07435000996663721
865_B3,enni,TD,107,13,8.23076923076923,0.5327102803738317,35.666666666666664,,,,0.09504997114530217,0.07435000996663721
869_A1,enni,TD,110,12,9.166666666666666,0.5272727272727272,31.50293112760418,,,,0.09342349909322616,0.07435000996663721
869_A2,enni,TD,80,12,6.666666666666667,0.625,27.38498686774549,,,,0.07900809717767453,0.07435000996663721
869_A3,enni,TD,186,21,8.857142857142858,0.46236559139784944,34.65205479452055,,,,0.10646410720363014,0.07435000996663721
869_B1,enni,TD,71,11,6.454545454545454,0.6619718309859155,35.93292682926829,,,,0.07467483664540922,0.07435000996663721
869_B2,enni,TD,128,18,7.111111111111111,0.5546875,28.378098239498907,,,,0.07827345893239826,0.07435000996663721
869_B3,enni,TD,214,26,8.23076923076923,0.4953271028037383,41.75523212969786,,,,0.0984807599814653,0.07435000996663721
902_A1,enni,TD,92,15,6.133333333333334,0.45652173913043476,24.062863924637465,,,,0.06985624739421012,0.07435000996663721
902_A2,enni,TD,76,10,7.6,0.4868421052631579,23.079478054567023,,,,0.0691057478418065,0.07435000996663721
902_A3,enni,TD,248,34,7.294117647058823,0.3629032258064516,31.0,,,,0.10559691026862678,0.07435000996663721
902_B1,enni,TD,114,12,9.5,0.5,33.93582887700535,,,,0.07723088698919435,0.07435000996663721
902_B2,enni,TD,118,14,8.428571428571429,0.5338983050847458,33.44399800613265,,,,0.0759200613925226,0.07435000996663721
902_B3,enni,TD,210,24,8.75,0.44285714285714284,46.55200655200655,,,,0.11061271398731583,0.07435000996663721
905_A1,enni,TD,107,11,9.727272727272727,0.5514018691588785,28.979166666666668,,,,0.03993713730885486,0.07435000996663721
905_A2,enni,TD,189,17,11.117647058823529,0.43386243386243384,29.660046728971963,,,,0.053396199536030066,0.07435000996663721
905_A3,enni,TD,366,36,10.166666666666666,0.366120218579235,41.344941348973606,,,,0.05133590537157676,0.07435000996663721
905_B1,enni,TD,145,18,8.055555555555555,0.5241379310344828,33.65081261950287,,,,0.043183353373074634,0.07435000996663721
905_B2,enni,TD,306,32,9.5625,0.4411764705882353,38.922086497193796,,,,0.0406795394877023,0.07435000996663721
905_B3,enni,TD,517,50,10.34,0.3191489361702128,45.61056365786362,,,,0.07370979934743138,0.07435000996663721
906_A1,enni,TD,58,8,7.25,0.7413793103448276,49.76163651181744,,,,0.08141014174959608,0.07435000996663721
906_A2,enni,TD,83,10,8.3,0.5301204819277109,26.19503546099291,,,,0.0895518041628499,0.07435000996663721
906_A3,enni,TD,147,16,9.1875,0.47619047619047616,34.174690330530275,,,,0.11063006633151946,0.07435000996663721
906_B1,enni,TD,53,6,8.833333333333334,0.6981132075471698,47.111111111111114,,,,0.0571112187744964,0.07435000996663721
906_B2,enni,TD,86,9,9.555555555555555,0.6395348837209303,33.68440779610195,,,,0.05931969770070332,0.07435000996663721
906_B3,enni,TD,176,20,8.8,0.4431818181818182,39.6,,,,0.10616684095233093,0.07435000996663721
909_A1,enni,TD,47,5,9.4,0.6170212765957447,23.86434108527132,,,,0.09514776103845152,0.07435000996663721
909_A2,enni,TD,76,9,8.444444444444445,0.5263157894736842,36.285198555956676,,,,0.08852639722138628,0.07435000996663721
909_A3,enni,TD,157,21,7.476190476190476,0.40764331210191085,19.634744289970207,,,,0.09034406959047733,0.07435000996663721
909_B1,enni,TD,80,10,8.0,0.55,27.160493827160494,,,,0.04879759297164794,0.07435000996663721
909_B2,enni,TD,97,12,8.083333333333334,0.5051546391752577,22.03740875912409,,,,0.0561676476477095,0.07435000996663721
909_B3,enni,TD,181,16,11.3125,0.3867403314917127,28.606465453155202,,,,0.0713355887837213,0.07435000996663721
910_A1,enni,TD,88,8,11.0,0.5454545454545454,24.106382978723403,,,,0.06178937319666967,0.07435000996663721
910_A2,enni,TD,134,12,11.166666666666666,0.48507462686567165,45.158362302047124,,,,0.07495232688854314,0.07435000996663721
910_A3,enni,TD,276,31,8.903225806451612,0.40942028985507245,35.82692307692308,,,,0.08500446327445622,0.07435000996663721
910_B1,enni,TD,82,8,10.25,0.5121951219512195,25.3468992248062,,,,0.058881500519648855,0.07435000996663721
910_B2,enni,TD,136,11,12.363636363636363,0.5808823529411765,46.17283950617284,,,,0.053823130351852766,0.07435000996663721
910_B3,enni,TD,244,23,10.608695652173912,0.4180327868852459,37.748942724132434,,,,0.09403881260175515,0.07435000996663721
913_A1,enni,TD,58,7,8.285714285714286,0.6551724137931034,32.689738674200385,,,,0.024621446246741233,0.07435000996663721
913_A2,enni,TD,74,11,6.7272727272727275,0.6216216216216216,31.045934635312868,,,,0.025422750180819787,0.07435000996663721
913_A3,enni,TD,159,23,6.913043478260869,0.5345911949685535,59.20177481289752,,,,0.03325618459835634,0.07435000996663721
913_B1,enni,TD,68,9,7.555555555555555,0.6911764705882353,38.313432835820905,,,,0.022092175830169463,0.07435000996663721
913_B2,enni,TD,143,18,7.944444444444445,0.5524475524475524,49.9186950026417,,,,0.023009067065415115,0.07435000996663721
913_B3,enni,TD,181,23,7.869565217391305,0.47513812154696133,51.61218283662733,,,,0.03306850924089968,0.07435000996663721
914_A1,enni,TD,44,5,8.8,0.5454545454545454,13.886524822695035,,,,0.10256771610741904,0.07435000996663721
914_A2,enni,TD,81,11,7.363636363636363,0.5061728395061729,20.25,,,,0.08484992942166915,0.07435000996663721
914_A3,enni,TD,135,15,9.0,0.4148148148148148,22.514900662251655,,,,0.11172674986445348,0.07435000996663721
914_B1,enni,TD,61,7,8.714285714285714,0.5409836065573771,26.674749163879596,,,,0.057820362727715804,0.07435000996663721
914_B2,enni,TD,70,9,7.777777777777778,0.6714285714285714,31.700005162089617,,,,0.04188884658661737,0.07435000996663721
914_B3,enni,TD,142,18,7.888888888888889,0.4788732394366197,29.65077720207254,,,,0.07385394533564507,0.07435000996663721
917_A1,enni,TD,46,6,7.666666666666667,0.6304347826086957,29.127863463085372,,,,0.0780309976397575,0.07435000996663721
917_A2,enni,TD,91,11,8.272727272727273,0.5274725274725275,26.74493406346309,,,,0.07052755508394819,0.07435000996663721
917_A3,enni,TD,115,14,8.214285714285714,0.5043478260869565,27.670795795795797,,,,0.11598312710420437,0.07435000996663721
917_B1,enni,TD,63,8,7.875,0.5873015873015873,28.298780487804876,,,,0.08052958283604605,0.07435000996663721
917_B2,enni,TD,91,12,7.583333333333333,0.5274725274725275,23.222921225382933,,,,0.07590214784550317,0.07435000996663721
917_B3,enni,TD,120,16,7.5,0.48333333333333334,25.686768530559167,,,,0.09557110481016835,0.07435000996663721
918_A1,enni,TD,83,10,8.3,0.5662650602409639,44.166987698638536,,,,0.07685792859735964,0.07435000996663721
918_A2,enni,TD,103,11,9.363636363636363,0.5436893203883495,24.040929203539825,,,,0.07117383265768606,0.07435000996663721
918_A3,enni,TD,148,19,7.7894736842105265,0.46621621621621623,29.6,,,,0.09258664581585277,0.07435000996663721
918_B1,enni,TD,92,12,7.666666666666667,0.5978260869565217,35.563583815028906,,,,0.07089577937764233,0.07435000996663721
918_B2,enni,TD,113,17,6.647058823529412,0.5929203539823009,33.57246376811594,,,,0.07118929267249324,0.07435000996663721
918_B3,enni,TD,226,35,6.457142857142857,0.4336283185840708,39.67483771067835,,,,0.10797100103061145,0.07435000996663721
921_A1,enni,TD,64,7,9.142857142857142,0.5625,21.333333333333332,,,,0.08508815232258103,0.07435000996663721
921_A2,enni,TD,101,10,10.1,0.5346534653465347,31.5321343263776,,,,0.06546459447043283,0.07435000996663721
921_A3,enni,TD,198,19,10.421052631578947,0.4090909090909091,30.9375,,,,0.09258820503397931,0.07435000996663721
921_B1,enni,TD,78,7,11.142857142857142,0.46153846153846156,28.724027762476588,,,,0.07207901304134813,0.07435000996663721
921_B2,enni,TD,127,14,9.071428571428571,0.5433070866141733,32.51403743315508,,,,0.07537859268364483,0.07435000996663721
921_B3,enni,TD,214,24,8.916666666666666,0.42990654205607476,34.19439955640051,,,,0.11266796964809568,0.07435000996663721
925_A1,enni,TD,39,6,6.5,0.6153846153846154,20.43975903614458,,,,0.07033976655100521,0.07435000996663721
925_A2,enni,TD,64,8,8.0,0.609375,28.923076923076923,,,,0.08063379930797084,0.07435000996663721
925_A3,enni,TD,117,15,7.8,0.47863247863247865,29.953877005347593,,,,0.1067858503516504,0.07435000996663721
925_B1,enni,TD,38,5,7.6,0.7105263157894737,24.405172413793103,,,,0.053668147644602725,0.07435000996663721
925_B2,enni,TD,68,9,7.555555555555555,0.6176470588235294,31.424242424242422,,,,0.05239622746892196,0.07435000996663721
925_B3,enni,TD,118,16,7.375,0.5084745762711864,31.85590277777778,,,,0.0804088816949138,0.07435000996663721
929_A1,enni,TD,70,8,8.75,0.5285714285714286,29.693042773017385,,,,0.10387186778803303,0.07435000996663721
929_A2,enni,TD,111,11,10.090909090909092,0.5315315315315315,32.375,,,,0.08192587401234891,0.07435000996663721
929_A3,enni,TD,210,24,8.75,0.36666666666666664,30.0,,,,0.11465795492366838,0.07435000996663721
929_B1,enni,TD,103,13,7.923076923076923,0.49514563106796117,29.790847472843165,,,,0.0876486374687313,0.07435000996663721
929_B2,enni,TD,132,15,8.8,0.4393939393939394,28.40169608342573,,,,0.09144079668971929,0.07435000996663721
929_B3,enni,TD,208,22,9.454545454545455,0.4182692307692308,32.8686030428769,,,,0.11909236494863462,0.07435000996663721
933_A1,enni,TD,52,6,8.666666666666666,0.6538461538461539,39.55444646098004,,,,0.0751521384969444,0.07435000996663721
933_A2,enni,TD,75,11,6.818181818181818,0.6133333333333333,37.83153241650295,,,,0.10845539023348781,0.07435000996663721
933_A3,enni,TD,108,17,6.352941176470588,0.5555555555555556,36.0,,,,0.09451305570762003,0.07435000996663721
933_B1,enni,TD,30,5,6.0,0.7,24.40298507462687,,,,0.06566591121730685,0.07435000996663721
933_B2,enni,TD,61,9,6.777777777777778,0.7213114754098361,39.06075240195706,,,,0.0646811281810353,0.07435000996663721
933_B3,enni,TD,117,21,5.571428571428571,0.5811965811965812,50.59070796460177,,,,0.11058371088830976,0.07435000996663721
937_A1,enni,TD,71,9,7.888888888888889,0.49295774647887325,21.946705426356587,,,,0.08659793638787827,0.07435000996663721
937_A2,enni,TD,95,13,7.3076923076923075,0.5578947368421052,28.035168195718654,,,,0.08156458975495436,0.07435000996663721
937_A3,enni,TD,141,19,7.421052631578948,0.48936170212765956,26.656011078064886,,,,0.09611786176607097,0.07435000996663721
937_B1,enni,TD,94,10,9.4,0.5531914893617021,35.069392266458976,,,,0.06652667274556082,0.07435000996663721
937_B2,enni,TD,116,12,9.666666666666666,0.5689655172413793,34.62203626220362,,,,0.06289278136480343,0.07435000996663721
937_B3,enni,TD,139,19,7.315789473684211,0.5179856115107914,38.29101899827289,,,,0.08429133465780216,0.07435000996663721
941_A1,enni,TD,53,6,8.833333333333334,0.6037735849056604,26.5,,,,0.08515401731927598,0.07435000996663721
941_A2,enni,TD,100,12,8.333333333333334,0.49,29.40987051725307,,,,0.08900688197147318,0.07435000996663721
941_A3,enni,TD,186,23,8.08695652173913,0.3978494623655914,31.0,,,,0.09438423448305158,0.07435000996663721
941_B1,enni,TD,89,9,9.88888888888889,0.6067415730337079,36.26307893099789,,,,0.0809594079944218,0.07435000996663721
941_B2,enni,TD,126,14,9.0,0.5634920634920635,42.77777777777778,,,,0.0768539669428894,0.07435000996663721
941_B3,enni,TD,176,20,8.8,0.42045454545454547,31.308431785078493,,,,0.09596177564098055,0.07435000996663721
945_A1,enni,TD,98,10,9.8,0.5816326530612245,38.41577842377261,,,,0.09311508816152834,0.07435000996663721
945_A2,enni,TD,89,10,8.9,0.5393258426966292,34.365890688259114,,,,0.08428872740583458,0.07435000996663721
945_A3,enni,TD,208,23,9.043478260869565,0.4375,30.002687535607684,,,,0.08587340784579245,0.07435000996663721
945_B1,enni,TD,87,9,9.666666666666666,0.6206896551724138,31.471967963386728,,,,0.09345049620863069,0.07435000996663721
945_B2,enni,TD,142,17,8.352941176470589,0.4788732394366197,26.804220341062447,,,,0.10057875398251193,0.07435000996663721
945_B3,enni,TD,232,26,8.923076923076923,0.38362068965517243,25.9330655957162,,,,0.12083083128714486,0.07435000996663721
953_A1,enni,TD,77,8,9.625,0.4805194805194805,19.25,,,,0.0953926202045893,0.07435000996663721
953_A2,enni,TD,100,13,7.6923076923076925,0.43,14.579796836687954,,,,0.09193636799047707,0.07435000996663721
953_A3,enni,TD,197,18,10.944444444444445,0.38071065989847713,28.142857142857142,,,,0.10605730825383576,0.07435000996663721
953_B1,enni,TD,134,16,8.375,0.4701492537313433,36.841474578443396,,,,0.0827253254011301,0.07435000996663721
953_B2,enni,TD,106,11,9.636363636363637,0.49056603773584906,24.306291390728475,,,,0.06856754958372666,0.07435000996663721
953_B3,enni,TD,196,18,10.88888888888889,0.3979591836734694,26.512474920177844,,,,0.12442427033596576,0.07435000996663721
957_A1,enni,TD,88,17,5.176470588235294,0.5568181818181818,24.84084084084084,,,,0.0763214439872595,0.07435000996663721
957_A2,enni,TD,96,15,6.4,0.59375,34.99844599094621,,,,0.07298675385885948,0.07435000996663721
957_A3,enni,TD,191,31,6.161290322580645,0.42408376963350786,31.833333333333332,,,,0.0823553814024492,0.07435000996663721
957_B1,enni,TD,86,16,5.375,0.6046511627906976,47.36871208140257,,,,0.0604256369175824,0.07435000996663721
957_B2,enni,TD,115,12,9.583333333333334,0.5304347826086957,29.196891191709845,,,,0.06289013769175764,0.07435000996663721
957_B3,enni,TD,165,21,7.857142857142857,0.45454545454545453,25.33372244437858,,,,0.10182924831850937,0.07435000996663721
958_A1,enni,TD,42,5,8.4,0.5952380952380952,28.58522464103752,,,,0.07333355641696461,0.07435000996663721
958_A2,enni,TD,77,9,8.555555555555555,0.5844155844155844,22.458333333333336,,,,0.08091133667574513,0.07435000996663721
958_A3,enni,TD,131,17,7.705882352941177,0.5190839694656488,31.6159972299169,,,,0.10074272040465396,0.07435000996663721
958_B1,enni,TD,45,6,7.5,0.6222222222222222,27.828947368421055,,,,0.05181691535014479,0.07435000996663721
958_B2,enni,TD,94,9,10.444444444444445,0.574468085106383,32.935319377348364,,,,0.0753693978584624,0.07435000996663721
958_B3,enni,TD,111,13,8.538461538461538,0.4774774774774775,24.06516393442623,,,,0.09868886529039676,0.07435000996663721
961_A1,enni,TD,35,5,7.0,0.6857142857142857,17.5,,,,0.09130485704463864,0.07435000996663721
961_A2,enni,TD,92,13,7.076923076923077,0.6195652173913043,33.43554798409995,,,,0.07947210689497351,0.07435000996663721
961_A3,enni,TD,137,15,9.133333333333333,0.41605839416058393,26.21512370037402,,,,0.10390226197071609,0.07435000996663721
961_B1,enni,TD,63,10,6.3,0.6190476190476191,31.5,,,,0.06216510696178179,0.07435000996663721
961_B2,enni,TD,76,9,8.444444444444445,0.5657894736842105,26.665546594982075,,,,0.0699328003476322,0.07435000996663721
961_B3,enni,TD,100,13,7.6923076923076925,0.57,37.326388888888886,,,,0.10092352934974305,0.07435000996663721
962_A1,enni,TD,56,6,9.333333333333334,0.6428571428571429,26.186528497409327,,,,0.04245529866450408,0.07435000996663721
962_A2,enni,TD,74,11,6.7272727272727275,0.6081081081081081,37.0,,,,0.050764829129129545,0.07435000996663721
962_A3,enni,TD,108,16,6.75,0.5,31.541158536585368,,,,0.034165375198372844,0.07435000996663721
962_B1,enni,TD,34,5,6.8,0.7058823529411765,34.0,,,,0.05957175444447892,0.07435000996663721
962_B2,enni,TD,66,9,7.333333333333333,0.6666666666666666,41.984439504604644,,,,0.07343284088746228,0.07435000996663721
962_B3,enni,TD,108,16,6.75,0.5370370370370371,21.933239831697055,,,,0.09751180052333194,0.07435000996663721
966_A1,enni,TD,56,7,8.0,0.6607142857142857,29.13235294117647,,,,0.05543072195390008,0.07435000996663721
966_A2,enni,TD,63,9,7.0,0.6984126984126984,63.0,,,,0.06606680098610303,0.07435000996663721
966_A3,enni,TD,154,22,7.0,0.474025974025974,31.387681269110836,,,,0.10005603636735698,0.07435000996663721
966_B1,enni,TD,26,4,6.5,0.7692307692307693,31.546666666666678,,,,0.05551277867098976,0.07435000996663721
966_B2,enni,TD,87,11,7.909090909090909,0.5517241379310345,35.35802633738103,,,,0.053373443112602406,0.07435000996663721
966_B3,enni,TD,135,18,7.5,0.5111111111111111,32.56158379930482,,,,0.10365518386627637,0.07435000996663721
968_A1,enni,TD,44,5,8.8,0.7727272727272727,54.208,,,,0.059397922944635306,0.07435000996663721
968_A2,enni,TD,57,9,6.333333333333333,0.6491228070175439,34.49067164179105,,,,0.07469399365982692,0.07435000996663721
968_A3,enni,TD,103,14,7.357142857142857,0.49514563106796117,20.97612359550562,,,,0.10313853308070114,0.07435000996663721
968_B1,enni,TD,39,5,7.8,0.7435897435897436,40.794000000000004,,,,0.06415253359358512,0.07435000996663721
968_B2,enni,TD,65,10,6.5,0.676923076923077,56.12021857923497,,,,0.055030964358346486,0.07435000996663721
968_B3,enni,TD,101,15,6.733333333333333,0.5148514851485149,31.219961240310077,,,,0.07371330006409789,0.07435000996663721
970_A1,enni,TD,66,8,8.25,0.5909090909090909,27.90740740740741,,,,0.08227660597505,0.07435000996663721
970_A2,enni,TD,113,12,9.416666666666666,0.5132743362831859,27.06976207492109,,,,0.09316070318795837,0.07435000996663721
970_A3,enni,TD,186,17,10.941176470588236,0.43010752688172044,27.586729175555888,,,,0.10643037532123673,0.07435000996663721
970_B1,enni,TD,45,5,9.0,0.6888888888888889,45.0,,,,0.05305375475469361,0.07435000996663721
970_B2,enni,TD,106,10,10.6,0.6132075471698113,48.61258278145695,,,,0.06833171452311776,0.07435000996663721
970_B3,enni,TD,190,17,11.176470588235293,0.4789473684210526,35.73809523809524,,,,0.09067761852513123,0.07435000996663721
972_A1,enni,TD,54,7,7.714285714285714,0.5555555555555556,25.47285067873303,,,,0.07354651019015442,0.07435000996663721
972_A2,enni,TD,69,7,9.857142857142858,0.5362318840579711,19.250684315488993,,,,0.06579065722357805,0.07435000996663721
972_A3,enni,TD,117,13,9.0,0.47863247863247865,27.592465753424662,,,,0.0907145040482379,0.07435000996663721
972_B1,enni,TD,57,7,8.142857142857142,0.5964912280701754,46.36567164179105,,,,0.07654445312483858,0.07435000996663721
972_B2,enni,TD,97,11,8.818181818181818,0.5670103092783505,33.70541205412054,,,,0.08145195266848414,0.07435000996663721
972_B3,enni,TD,191,22,8.681818181818182,0.43455497382198954,28.005161830357146,,,,0.09589644744035504,0.07435000996663721
403_A1,enni,TD,52,8,6.5,0.5576923076923077,18.24561403508772,,,,0.0668299798592799,0.07435000996663721
403_A2,enni,TD,119,17,7.0,0.47058823529411764,25.85251937984496,,,,0.0757787066505385,0.07435000996663721
403_A3,enni,TD,115,18,6.388888888888889,0.5130434782608696,32.362720127172345,,,,0.07826920107668237,0.07435000996663721
403_B1,enni,TD,31,6,5.166666666666667,0.7096774193548387,23.25,,,,0.04224009370060354,0.07435000996663721
403_B2,enni,TD,47,10,4.7,0.6808510638297872,41.61009174311927,,,,0.0456678861128881,0.07435000996663721
403_B3,enni,TD,88,16,5.5,0.5568181818181818,24.241796200345423,,,,0.07866770977465641,0.07435000996663721
404_A1,enni,TD,94,19,4.947368421052632,0.32978723404255317,12.589285714285715,,,,0.04172698835011289,0.07435000996663721
404_A2,enni,TD,62,12,5.166666666666667,0.6129032258064516,31.257942511346446,,,,0.03656111842110186,0.07435000996663721
404_A3,enni,TD,37,6,6.166666666666667,0.5945945945945946,18.5,,,,0.056763100473414096,0.07435000996663721
404_B1,enni,TD,51,15,3.4,0.7058823529411765,45.15137614678899,,,,0.049715313897794676,0.07435000996663721
404_B2,enni,TD,58,15,3.8666666666666667,0.6724137931034483,30.182839253390306,,,,0.029388177244766105,0.07435000996663721
404_B3,enni,TD,80,20,4.0,0.5625,27.450980392156865,,,,0.048434417224469985,0.07435000996663721
407_A1,enni,TD,36,8,4.5,0.7222222222222222,36.0,,,,0.04267483992828947,0.07435000996663721
407_A2,enni,TD,55,9,6.111111111111111,0.6545454545454545,43.970588235294116,,,,0.06703338470567471,0.07435000996663721
407_A3,enni,TD,97,14,6.928571428571429,0.5154639175257731,24.25,,,,0.07434389953793744,0.07435000996663721
407_B1,enni,TD,34,5,6.8,0.6176470588235294,26.916666666666668,,,,0.04447416691195024,0.07435000996663721
407_B2,enni,TD,49,8,6.125,0.5306122448979592,12.25,,,,0.051228725544209215,0.07435000996663721
407_B3,enni,TD,90,16,5.625,0.5444444444444444,23.766556291390728,,,,0.07968506980208263,0.07435000996663721
408_A1,enni,TD,59,7,8.428571428571429,0.4576271186440678,15.77906976744186,,,,0.06450427953746418,0.07435000996663721
408_A2,enni,TD,97,12,8.083333333333334,0.5876288659793815,29.916249113050533,,,,0.07165961138708342,0.07435000996663721
408_A3,enni,TD,134,22,6.090909090909091,0.4626865671641791,27.288382687927108,,,,0.07378368633284636,0.07435000996663721
408_B1,enni,TD,41,6,6.833333333333333,0.6585365853658537,20.5,,,,0.05576787905774839,0.07435000996663721
408_B2,enni,TD,57,10,5.7,0.49122807017543857,17.350694444444443,,,,0.04674718090993288,0.07435000996663721
408_B3,enni,TD,110,17,6.470588235294118,0.4727272727272727,18.86745406824147,,,,0.08771908198332838,0.07435000996663721
411_A1,enni,TD,90,14,6.428571428571429,0.5888888888888889,26.454545454545453,,,,0.04827183670239978,0.07435000996663721
411_A2,enni,TD,92,11,8.363636363636363,0.5543478260869565,27.418079096045197,,,,0.04824600340908438,0.07435000996663721
411_A3,enni,TD,192,24,8.0,0.4114583333333333,36.525,,,,0.06536816481405218,0.07435000996663721
411_B1,enni,TD,70,10,7.0,0.4714285714285714,21.466666666666665,,,,0.06154068226224939,0.07435000996663721
411_B2,enni,TD,80,10,8.0,0.6,30.399903999039985,,,,0.053608083096624924,0.07435000996663721
411_B3,enni,TD,190,25,7.6,0.47368421052631576,34.101129671914435,,,,0.07686272493690499,0.07435000996663721
412_A1,enni,TD,84,11,7.636363636363637,0.5595238095238095,30.661876092445134,,,,0.08970209903219407,0.07435000996663721
412_A2,enni,TD,103,17,6.0588235294117645,0.6116504854368932,48.754886480027324,,,,0.06052757512848932,0.07435000996663721
412_A3,enni,TD,219,30,7.3,0.4885844748858447,32.433052592609734,,,,0.07952492122323403,0.07435000996663721
412_B1,enni,TD,46,9,5.111111111111111,0.6956521739130435,38.40924092409241,,,,0.05676041629575671,0.07435000996663721
412_B2,enni,TD,109,10,10.9,0.6330275229357798,52.36442006269593,,,,0.06280337685243532,0.07435000996663721
412_B3,enni,TD,209,29,7.206896551724138,0.4449760765550239,42.90370394650583,,,,0.0807607893362318,0.07435000996663721
415_A1,enni,TD,46,8,5.75,0.5652173913043478,16.411075612353567,,,,0.0719582187874578,0.07435000996663721
415_A2,enni,TD,74,11,6.7272727272727275,0.4594594594594595,18.5,,,,0.08175664242172781,0.07435000996663721
415_A3,enni,TD,123,23,5.3478260869565215,0.35772357723577236,11.847794117647059,,,,0.08097237810939562,0.07435000996663721
415_B1,enni,TD,55,7,7.857142857142857,0.6,22.14765100671141,,,,0.05385980017327941,0.07435000996663721
415_B2,enni,TD,54,10,5.4,0.5925925925925926,19.19117647058824,,,,0.05789359375004901,0.07435000996663721
415_B3,enni,TD,90,15,6.0,0.4111111111111111,19.212620918002987,,,,0.04252356382548836,0.07435000996663721
416_A1,enni,TD,52,5,10.4,0.7115384615384616,42.625,,,,0.05431239214137208,0.07435000996663721
416_A2,enni,TD,93,12,7.75,0.5376344086021505,28.118550989291542,,,,0.07123786612909885,0.07435000996663721
416_A3,enni,TD,141,18,7.833333333333333,0.41843971631205673,29.221046686746988,,,,0.10707008887909905,0.07435000996663721
416_B1,enni,TD,71,9,7.888888888888889,0.5070422535211268,25.577468078480226,,,,0.042068483455132415,0.07435000996663721
416_B2,enni,TD,108,16,6.75,0.4722222222222222,24.846685400562016,,,,0.07547466861259712,0.07435000996663721
416_B3,enni,TD,157,23,6.826086956521739,0.45222929936305734,37.07818457327207,,,,0.10599061590522116,0.07435000996663721
419_A1,enni,TD,44,7,6.285714285714286,0.6590909090909091,23.350877192982455,,,,0.0679818864007366,0.07435000996663721
419_A2,enni,TD,83,13,6.384615384615385,0.5662650602409639,20.936936936936938,,,,0.05658237703293069,0.07435000996663721
419_A3,enni,TD,173,21,8.238095238095237,0.3699421965317919,17.722173683814116,,,,0.03835226234675557,0.07435000996663721
419_B1,enni,TD,59,7,8.428571428571429,0.5932203389830508,25.536691857712853,,,,0.07929073818172719,0.07435000996663721
419_B2,enni,TD,66,11,6.0,0.5,11.166037735849056,,,,0.0596687335179583,0.07435000996663721
419_B3,enni,TD,182,26,7.0,0.44505494505494503,21.12182061579652,,,,0.10619645984976224,0.07435000996663721
423_A1,enni,TD,67,14,4.785714285714286,0.6268656716417911,38.035340118547545,,,,0.05086369021150296,0.07435000996663721
423_A2,enni,TD,85,13,6.538461538461538,0.5294117647058824,22.27090747330961,,,,0.05769711166574004,0.07435000996663721
423_A3,enni,TD,145,20,7.25,0.41379310344827586,28.972450688732778,,,,0.0907275033538587,0.07435000996663721
423_B1,enni,TD,54,10,5.4,0.6666666666666666,34.02873563218391,,,,0.04668766220585585,0.07435000996663721
423_B2,enni,TD,93,17,5.470588235294118,0.5698924731182796,34.05600458219309,,,,0.056238008443117805,0.07435000996663721
423_B3,enni,TD,182,27,6.7407407407407405,0.3626373626373626,27.167502181463547,,,,0.07867676371027117,0.07435000996663721
439_A1,enni,TD,38,7,5.428571428571429,0.7368421052631579,39.216,,,,0.04500042931162983,0.07435000996663721
439_A2,enni,TD,66,11,6.0,0.7424242424242424,71.74588235294118,,,,0.0452828063149565,0.07435000996663721
439_A3,enni,TD,111,21,5.285714285714286,0.6036036036036037,41.38930544960649,,,,0.04192328976976527,0.07435000996663721
439_B1,enni,TD,64,10,6.4,0.65625,40.59280139900295,,,,0.06355234284806742,0.07435000996663721
439_B2,enni,TD,100,16,6.25,0.62,44.11487758945386,,,,0.08100028838786098,0.07435000996663721
439_B3,enni,TD,125,21,5.9523809523809526,0.552,48.03540587219344,,,,0.06080703223193058,0.07435000996663721
443_A1,enni,TD,44,8,5.5,0.5454545454545454,18.512141280353198,,,,0.08464627896153427,0.07435000996663721
443_A2,enni,TD,51,8,6.375,0.5882352941176471,18.65853658536585,,,,0.08299608777908547,0.07435000996663721
443_A3,enni,TD,106,16,6.625,0.49056603773584906,24.696460980036296,,,,0.09554004525256385,0.07435000996663721
443_B1,enni,TD,38,6,6.333333333333333,0.631578947368421,19.0,,,,0.07083920737593045,0.07435000996663721
443_B2,enni,TD,73,10,7.3,0.6027397260273972,29.281035021888677,,,,0.07961495722125449,0.07435000996663721
443_B3,enni,TD,102,13,7.846153846153846,0.45098039215686275,24.311062358728893,,,,0.09718654239571752,0.07435000996663721
446_A1,enni,TD,35,6,5.833333333333333,0.6857142857142857,35.0,,,,0.0677317859957069,0.07435000996663721
446_A2,enni,TD,64,11,5.818181818181818,0.609375,28.02385685884692,,,,0.08372928516456475,0.07435000996663721
446_A3,enni,TD,97,15,6.466666666666667,0.4639175257731959,24.25,,,,0.0898796140294549,0.07435000996663721
446_B1,enni,TD,39,5,7.8,0.6666666666666666,26.1841078697422,,,,0.05807679345201519,0.07435000996663721
446_B2,enni,TD,58,11,5.2727272727272725,0.7586206896551724,54.56200557103064,,,,0.056584330130950954,0.07435000996663721
446_B3,enni,TD,83,14,5.928571428571429,0.5421686746987951,38.81217616580311,,,,0.08510502729784969,0.07435000996663721
450_A1,enni,TD,27,6,4.5,0.7037037037037037,17.651955146636,,,,0.06506444230925175,0.07435000996663721
450_A2,enni,TD,62,10,6.2,0.5645161290322581,19.22346368715084,,,,0.04028956746558996,0.07435000996663721
450_A3,enni,TD,77,14,5.5,0.44155844155844154,15.568613138686132,,,,0.05343400634805688,0.07435000996663721
450_B1,enni,TD,29,6,4.833333333333333,0.5517241379310345,14.5,,,,0.03464003138093106,0.07435000996663721
450_B2,enni,TD,28,8,3.5,0.8214285714285714,43.903999999999996,,,,0.02425099395217597,0.07435000996663721
450_B3,enni,TD,77,15,5.133333333333334,0.5194805194805194,18.161199095022624,,,,0.06174159418646441,0.07435000996663721
454_A1,enni,TD,35,7,5.0,0.7428571428571429,33.190170940170944,,,,0.05199721680605474,0.07435000996663721
454_A2,enni,TD,66,10,6.6,0.6212121212121212,27.193809721645202,,,,0.07239816882800225,0.07435000996663721
454_A3,enni,TD,125,15,8.333333333333334,0.336,14.215912588488766,,,,0.05685483055577968,0.07435000996663721
454_B1,enni,TD,19,6,3.1666666666666665,0.7894736842105263,22.135000000000005,,,,0.028813193473411963,0.07435000996663721
454_B2,enni,TD,55,10,5.5,0.5636363636363636,17.89138123603872,,,,0.036349912465892975,0.07435000996663721
454_B3,enni,TD,106,16,6.625,0.3584905660377358,13.25,,,,0.05836071740465506,0.07435000996663721
455_A1,enni,TD,67,10,6.7,0.5223880597014925,28.219253444307828,,,,0.07994645744298967,0.07435000996663721
455_A2,enni,TD,85,14,6.071428571428571,0.47058823529411764,25.774325626204238,,,,0.07027883332144576,0.07435000996663721
455_A3,enni,TD,145,24,6.041666666666667,0.45517241379310347,21.236587982832617,,,,0.07453354444526816,0.07435000996663721
455_B1,enni,TD,64,8,8.0,0.609375,35.20525111197478,,,,0.07693133184082449,0.07435000996663721
455_B2,enni,TD,83,12,6.916666666666667,0.5783132530120482,32.92722672754532,,,,0.0692287333260522,0.07435000996663721
455_B3,enni,TD,150,22,6.818181818181818,0.4866666666666667,28.4505734130189,,,,0.10141281382602274,0.07435000996663721
458_A1,enni,TD,50,10,5.0,0.68,27.92145593869732,,,,0.05236036455876609,0.07435000996663721
458_A2,enni,TD,36,12,3.0,0.75,40.32,,,,0.0391823704508019,0.07435000996663721
458_A3,enni,TD,62,19,3.263157894736842,0.6774193548387096,43.55949890015559,,,,0.05547631831449449,0.07435000996663721
458_B1,enni,TD,38,7,5.428571428571429,0.5263157894736842,12.666666666666666,,,,0.0456555096904866,0.07435000996663721
458_B2,enni,TD,93,21,4.428571428571429,0.5376344086021505,25.220823095823093,,,,0.03767475525445531,0.07435000996663721
458_B3,enni,TD,90,26,3.4615384615384617,0.5777777777777777,40.0,,,,0.06795221091687591,0.07435000996663721
459_A1,enni,TD,69,8,8.625,0.6086956521739131,31.338825099053935,,,,0.06640726322276479,0.07435000996663721
459_A2,enni,TD,105,15,7.0,0.5428571428571428,37.6854787571338,,,,0.06893955639832192,0.07435000996663721
459_A3,enni,TD,147,18,8.166666666666666,0.38095238095238093,24.606521739130436,,,,0.07530978989570768,0.07435000996663721
459_B1,enni,TD,48,7,6.857142857142857,0.6666666666666666,30.983517898532064,,,,0.05297817061690469,0.07435000996663721
459_B2,enni,TD,65,10,6.5,0.6615384615384615,51.8421052631579,,,,0.04979103208507276,0.07435000996663721
459_B3,enni,TD,109,16,6.8125,0.4954128440366973,25.573076923076925,,,,0.08029124627406493,0.07435000996663721
461_A1,enni,TD,67,8,8.375,0.5970149253731343,22.860822699532378,,,,0.07966640608546759,0.07435000996663721
461_A2,enni,TD,91,12,7.583333333333333,0.5054945054945055,18.76284990760386,,,,0.07711665443150179,0.07435000996663721
461_A3,enni,TD,103,21,4.904761904761905,0.5145631067961165,30.302342646438333,,,,0.06444107885947029,0.07435000996663721
461_B1,enni,TD,52,6,8.666666666666666,0.6730769230769231,34.789408866995075,,,,0.06685701144547929,0.07435000996663721
461_B2,enni,TD,102,11,9.272727272727273,0.5490196078431373,29.915771622385527,,,,0.03793301110564377,0.07435000996663721
461_B3,enni,TD,148,20,7.4,0.4594594594594595,22.21187800963082,,,,0.0739732270498727,0.07435000996663721
463_A1,enni,TD,50,7,7.142857142857143,0.5,16.666666666666668,,,,0.0945850940109826,0.07435000996663721
463_A2,enni,TD,75,9,8.333333333333334,0.52,16.269025092554504,,,,0.05688898556524929,0.07435000996663721
463_A3,enni,TD,162,24,6.75,0.3950617283950617,16.363636363636363,,,,0.07842089033036316,0.07435000996663721
463_B1,enni,TD,48,7,6.857142857142857,0.625,22.04628627723316,,,,0.04927951831818131,0.07435000996663721
463_B2,enni,TD,98,11,8.909090909090908,0.5408163265306123,16.679068921622115,,,,0.06505170267806672,0.07435000996663721
463_B3,enni,TD,141,19,7.421052631578948,0.5035460992907801,30.21059384164223,,,,0.0991505407267696,0.07435000996663721
465_A1,enni,TD,77,15,5.133333333333334,0.5974025974025974,24.712873601143833,,,,0.0650371596944518,0.07435000996663721
465_A2,enni,TD,113,26,4.346153846153846,0.5752212389380531,29.727915951972555,,,,0.07288499838033544,0.07435000996663721
465_A3,enni,TD,162,37,4.378378378378378,0.4567901234567901,24.210722415239008,,,,0.06839884363543877,0.07435000996663721
465_B1,enni,TD,52,11,4.7272727272727275,0.6923076923076923,44.30769230769231,,,,0.057801584940250235,0.07435000996663721
465_B2,enni,TD,69,14,4.928571428571429,0.6521739130434783,30.36661341853035,,,,0.0439417739184456,0.07435000996663721
465_B3,enni,TD,159,36,4.416666666666667,0.5094339622641509,23.425852667593286,,,,0.0883156859708708,0.07435000996663721
466_A1,enni,TD,54,8,6.75,0.5740740740740741,20.735646466031397,,,,0.04094941693003777,0.07435000996663721
466_A2,enni,TD,49,11,4.454545454545454,0.5102040816326531,5.704087677725118,,,,0.015103314857790949,0.07435000996663721
466_A3,enni,TD,101,21,4.809523809523809,0.5346534653465347,11.92361111111111,,,,0.02856901393717814,0.07435000996663721
466_B1,enni,TD,32,7,4.571428571428571,0.46875,13.161862527716185,,,,0.06722367056970795,0.07435000996663721
466_B2,enni,TD,81,16,5.0625,0.5802469135802469,14.619987981954154,,,,0.05117029798406051,0.07435000996663721
466_B3,enni,TD,109,19,5.7368421052631575,0.5688073394495413,29.06666666666667,,,,0.05401300966577827,0.07435000996663721
469_A1,enni,TD,43,7,6.142857142857143,0.6511627906976745,30.25624298540965,,,,0.05175183221649383,0.07435000996663721
469_A2,enni,TD,53,8,6.625,0.6226415094339622,26.89904592217944,,,,0.06064245083151183,0.07435000996663721
469_A3,enni,TD,102,14,7.285714285714286,0.46078431372549017,21.661075766338925,,,,0.07459672946884856,0.07435000996663721
469_B1,enni,TD,45,6,7.5,0.6222222222222222,29.145220588235293,,,,0.06126416030338079,0.07435000996663721
469_B2,enni,TD,64,10,6.4,0.703125,48.246153846153845,,,,0.07146260061769004,0.07435000996663721
469_B3,enni,TD,106,18,5.888888888888889,0.46226415094339623,29.99155978121801,,,,0.08377982469745722,0.07435000996663721
472_A1,enni,TD,29,5,5.8,0.7586206896551724,33.64,,,,0.07539192746010696,0.07435000996663721
472_A2,enni,TD,53,7,7.571428571428571,0.5471698113207547,20.695102473392744,,,,0.08643530333292677,0.07435000996663721
472_A3,enni,TD,90,13,6.923076923076923,0.45555555555555555,21.407379231647013,,,,0.0758189934978402,0.07435000996663721
472_B1,enni,TD,31,5,6.2,0.8064516129032258,44.84666666666666,,,,0.07013360897901463,0.07435000996663721
472_B2,enni,TD,46,7,6.571428571428571,0.5,14.06401766004415,,,,0.06214095495613558,0.07435000996663721
472_B3,enni,TD,88,13,6.769230769230769,0.5227272727272727,29.369514682859716,,,,0.09197383806611464,0.07435000996663721
503_A1,enni,TD,80,9,8.88888888888889,0.4625,14.10738255033557,,,,0.07658602485307936,0.07435000996663721
503_A2,enni,TD,111,14,7.928571428571429,0.45045045045045046,18.847376226328997,,,,0.07100004989584388,0.07435000996663721
503_A3,enni,TD,153,19,8.052631578947368,0.42483660130718953,19.02687010532001,,,,0.07073192059430955,0.07435000996663721
503_B1,enni,TD,55,7,7.857142857142857,0.6727272727272727,35.72916666666667,,,,0.0556487830813619,0.07435000996663721
503_B2,enni,TD,113,17,6.647058823529412,0.48672566371681414,14.975537861092663,,,,0.04622586124564177,0.07435000996663721
503_B3,enni,TD,185,25,7.4,0.42162162162162165,22.43180455635492,,,,0.07507748190634207,0.07435000996663721
504_A1,enni,TD,81,13,6.230769230769231,0.5802469135802469,21.82203947368421,,,,0.08348547258253501,0.07435000996663721
504_A2,enni,TD,136,19,7.157894736842105,0.47058823529411764,26.30743384145446,,,,0.07549606586634168,0.07435000996663721
504_A3,enni,TD,225,33,6.818181818181818,0.4,18.868572708670957,,,,0.10584584628458477,0.07435000996663721
504_B1,enni,TD,114,14,8.142857142857142,0.6052631578947368,38.58517805582291,,,,0.08773995060188682,0.07435000996663721
504_B2,enni,TD,171,20,8.55,0.47368421052631576,34.97849927312036,,,,0.0687202633625423,0.07435000996663721
504_B3,enni,TD,233,32,7.28125,0.4291845493562232,27.962022569444443,,,,0.11250821944206597,0.07435000996663721
507_A1,enni,TD,58,9,6.444444444444445,0.6379310344827587,26.892441860465116,,,,0.04748250378188282,0.07435000996663721
507_A2,enni,TD,104,18,5.777777777777778,0.4807692307692308,30.460631921162246,,,,0.06305118253936237,0.07435000996663721
507_A3,enni,TD,161,21,7.666666666666667,0.38509316770186336,21.81748753729,,,,0.07481454624950533,0.07435000996663721
507_B1,enni,TD,95,16,5.9375,0.5052631578947369,27.19556538961441,,,,0.06336548279683386,0.07435000996663721
507_B2,enni,TD,110,16,6.875,0.4818181818181818,25.944570135746606,,,,0.07088165713185612,0.07435000996663721
507_B3,enni,TD,208,33,6.303030303030303,0.41346153846153844,30.346504559270517,,,,0.0926776559455884,0.07435000996663721
508_A1,enni,TD,37,6,6.166666666666667,0.6756756756756757,21.370599831033516,,,,0.06943063695245526,0.07435000996663721
508_A2,enni,TD,56,10,5.6,0.625,26.309178743961354,,,,0.07239595835640639,0.07435000996663721
508_A3,enni,TD,110,18,6.111111111111111,0.509090909090909,28.557692307692307,,,,0.07360243387923411,0.07435000996663721
508_B1,enni,TD,44,7,6.285714285714286,0.5454545454545454,16.79702048417132,,,,0.06220593398711297,0.07435000996663721
508_B2,enni,TD,44,9,4.888888888888889,0.6590909090909091,37.98907103825137,,,,0.06051358019062586,0.07435000996663721
508_B3,enni,TD,110,19,5.7894736842105265,0.5363636363636364,36.666666666666664,,,,0.07311832162341515,0.07435000996663721
511_A1,enni,TD,37,6,6.166666666666667,0.7297297297297297,33.42288073394495,,,,0.04900451103296043,0.07435000996663721
511_A2,enni,TD,74,14,5.285714285714286,0.6486486486486487,53.90837191358024,,,,0.062451640663831916,0.07435000996663721
511_A3,enni,TD,86,14,6.142857142857143,0.6046511627906976,47.01177798204904,,,,0.07089325585803903,0.07435000996663721
511_B1,enni,TD,43,6,7.166666666666667,0.8372093023255814,73.96000000000002,,,,0.06118218309954285,0.07435000996663721
511_B2,enni,TD,68,12,5.666666666666667,0.6764705882352942,50.3932021282091,,,,0.04226288998814578,0.07435000996663721
511_B3,enni,TD,95,14,6.785714285714286,0.631578947368421,49.253493692802365,,,,0.07455462053149768,0.07435000996663721
512_A1,enni,TD,121,15,8.066666666666666,0.47107438016528924,25.45419426048565,,,,0.04520625125304843,0.07435000996663721
512_A2,enni,TD,118,18,6.555555555555555,0.5423728813559322,31.957280768203294,,,,0.09734029968302817,0.07435000996663721
512_A3,enni,TD,147,19,7.7368421052631575,0.46258503401360546,25.916977611940297,,,,0.0887057039720177,0.07435000996663721
512_B1,enni,TD,116,19,6.105263157894737,0.4051724137931034,17.282944202611795,,,,0.07078770904123632,0.07435000996663721
512_B2,enni,TD,122,15,8.133333333333333,0.5163934426229508,31.402960526315788,,,,0.07630214436046448,0.07435000996663721
512_B3,enni,TD,217,30,7.233333333333333,0.35944700460829493,23.505304299274147,,,,0.10924064374291313,0.07435000996663721
515_A1,enni,TD,26,4,6.5,0.7692307692307693,26.401070559610712,,,,0.04244433245810048,0.07435000996663721
515_A2,enni,TD,49,9,5.444444444444445,0.673469387755102,29.60932217538295,,,,0.04329916673406786,0.07435000996663721
515_A3,enni,TD,96,16,6.0,0.4375,28.0,,,,0.05472834902444406,0.07435000996663721
515_B1,enni,TD,22,5,4.4,0.7727272727272727,27.104,,,,0.02769518810848709,0.07435000996663721
515_B2,enni,TD,37,7,5.285714285714286,0.7567567567567568,42.59111111111112,,,,0.03748911600346109,0.07435000996663721
515_B3,enni,TD,73,13,5.615384615384615,0.684931506849315,50.13499163004813,,,,0.06992112449105668,0.07435000996663721
516_A1,enni,TD,51,7,7.285714285714286,0.5882352941176471,18.923357664233578,,,,0.06255377494708772,0.07435000996663721
516_A2,enni,TD,68,10,6.8,0.6176470588235294,26.074592074592076,,,,0.06722549410782594,0.07435000996663721
516_A3,enni,TD,105,13,8.076923076923077,0.47619047619047616,21.0,,,,0.09788129151210725,0.07435000996663721
516_B1,enni,TD,56,6,9.333333333333334,0.5714285714285714,28.0,,,,0.06287585863424197,0.07435000996663721
516_B2,enni,TD,69,8,8.625,0.5797101449275363,27.10456605088881,,,,0.08063152002208476,0.07435000996663721
516_B3,enni,TD,109,15,7.266666666666667,0.44954128440366975,22.57112810707457,,,,0.10035524845797379,0.07435000996663721
520_A1,enni,TD,65,8,8.125,0.5230769230769231,19.837800875273523,,,,0.07348509566592128,0.07435000996663721
520_A2,enni,TD,94,10,9.4,0.5,27.973167348130836,,,,0.060713830092071916,0.07435000996663721
520_A3,enni,TD,136,16,8.5,0.40441176470588236,19.428571428571427,,,,0.09015588892505522,0.07435000996663721
520_B1,enni,TD,45,8,5.625,0.6222222222222222,26.148648648648646,,,,0.06985915111578218,0.07435000996663721
520_B2,enni,TD,81,11,7.363636363636363,0.48148148148148145,20.011724618694487,,,,0.07327246407594361,0.07435000996663721
520_B3,enni,TD,144,16,9.0,0.4236111111111111,20.15194593334887,,,,0.09416661323411198,0.07435000996663721
523_A1,enni,UNK,44,12,3.6666666666666665,0.6363636363636364,21.98393312200882,,,,0.0739594969154026,0.0757957866083214
523_A2,enni,UNK,69,18,3.8333333333333335,0.5652173913043478,29.59943181818182,,,,0.07534172908470425,0.0757957866083214
523_A3,enni,UNK,95,26,3.6538461538461537,0.5263157894736842,20.855278355278354,,,,0.06976094147915057,0.0757957866083214
523_B1,enni,UNK,60,15,4.0,0.6833333333333333,43.056994818652846,,,,0.055781893136345885,0.0757957866083214
523_B2,enni,UNK,71,18,3.9444444444444446,0.5070422535211268,17.08370870870871,,,,0.07932116839977961,0.0757957866083214
523_B3,enni,UNK,92,22,4.181818181818182,0.5434782608695652,20.086666666666666,,,,0.10060949063454538,0.0757957866083214
524_A1,enni,TD,45,4,11.25,0.7333333333333333,46.125,,,,0.04376848647686665,0.07435000996663721
524_A2,enni,TD,45,6,7.5,0.6444444444444445,30.91059899569584,,,,0.06056179800424067,0.07435000996663721
524_A3,enni,TD,98,11,8.909090909090908,0.5204081632653061,25.33744038155803,,,,0.07357337492089897,0.07435000996663721
524_B1,enni,TD,60,8,7.5,0.55,20.040551500405517,,,,0.05738096679174686,0.07435000996663721
524_B2,enni,TD,96,10,9.6,0.5625,38.13084112149532,,,,0.07132867427413485,0.07435000996663721
524_B3,enni,TD,153,16,9.5625,0.43790849673202614,28.371379346350633,,,,0.06741705386887047,0.07435000996663721
528_A1,enni,TD,88,13,6.769230769230769,0.5227272727272727,27.056030389363723,,,,0.07069884594889568,0.07435000996663721
528_A2,enni,TD,102,19,5.368421052631579,0.6078431372549019,31.609850097947366,,,,0.0681923530858891,0.07435000996663721
528_A3,enni,TD,154,29,5.310344827586207,0.37662337662337664,17.391621129326047,,,,0.08836961372062169,0.07435000996663721
528_B1,enni,TD,150,28,5.357142857142857,0.48,34.65909090909091,,,,0.07761512873317374,0.07435000996663721
528_B2,enni,TD,139,22,6.318181818181818,0.5539568345323741,38.47124245312997,,,,0.07507411905708154,0.07435000996663721
528_B3,enni,TD,182,29,6.275862068965517,0.4725274725274725,28.99823943661972,,,,0.0957207991564255,0.07435000996663721
532_A1,enni,TD,43,7,6.142857142857143,0.6046511627906976,17.96712630675613,,,,0.07736304660745759,0.07435000996663721
532_A2,enni,TD,88,12,7.333333333333333,0.5340909090909091,20.135593220338983,,,,0.07584228970957513,0.07435000996663721
532_A3,enni,TD,101,13,7.769230769230769,0.4158415841584158,20.2,,,,0.08973728222692005,0.07435000996663721
532_B1,enni,TD,34,6,5.666666666666667,0.6470588235294118,34.0,,,,0.0434999482112014,0.07435000996663721
532_B2,enni,TD,67,11,6.090909090909091,0.5522388059701493,18.69179394969274,,,,0.0510885054082314,0.07435000996663721
532_B3,enni,TD,117,16,7.3125,0.4700854700854701,34.64263823970367,,,,0.06918515447024265,0.07435000996663721
533_A1,enni,TD,61,10,6.1,0.5245901639344263,23.26501111934767,,,,0.06882699573639005,0.07435000996663721
533_A2,enni,TD,56,9,6.222222222222222,0.5535714285714286,19.01234567901235,,,,0.06382554319679401,0.07435000996663721
533_A3,enni,TD,114,18,6.333333333333333,0.4473684210526316,16.801735953468054,,,,0.07127424404686057,0.07435000996663721
533_B1,enni,TD,50,8,6.25,0.68,40.67164179104478,,,,0.045893440533893014,0.07435000996663721
533_B2,enni,TD,80,16,5.0,0.3625,17.734097734097734,,,,0.052172018851971376,0.07435000996663721
533_B3,enni,TD,163,24,6.791666666666667,0.43558282208588955,38.778225806451616,,,,0.08705912284302278,0.07435000996663721
536_A1,enni,TD,117,13,9.0,0.42735042735042733,24.313861386138612,,,,0.0998747236753062,0.07435000996663721
536_A2,enni,TD,117,15,7.8,0.5641025641025641,43.78356777493606,,,,0.10860768036728968,0.07435000996663721
536_A3,enni,TD,217,31,7.0,0.3317972350230415,24.20757620360211,,,,0.10217466600299867,0.07435000996663721
536_B1,enni,TD,126,16,7.875,0.47619047619047616,25.879799247176912,,,,0.07145784255945933,0.07435000996663721
536_B2,enni,TD,154,16,9.625,0.461038961038961,35.87976406533575,,,,0.07724861715194596,0.07435000996663721
536_B3,enni,TD,253,34,7.4411764705882355,0.32806324110671936,27.845342148513375,,,,0.09504959292501228,0.07435000996663721
539_A1,enni,TD,107,20,5.35,0.5700934579439252,34.75119780971937,,,,0.08095913305109051,0.07435000996663721
539_A2,enni,TD,176,31,5.67741935483871,0.4715909090909091,27.8368177613321,,,,0.09745871667896597,0.07435000996663721
539_A3,enni,TD,229,37,6.1891891891891895,0.3930131004366812,26.914358703312192,,,,0.09613397754057068,0.07435000996663721
539_B1,enni,TD,64,14,4.571428571428571,0.671875,45.56215874475545,,,,0.054044681890504445,0.07435000996663721
539_B2,enni,TD,120,18,6.666666666666667,0.6333333333333333,55.96774193548387,,,,0.056032785157001504,0.07435000996663721
539_B3,enni,TD,189,31,6.096774193548387,0.48148148148148145,30.832409918636188,,,,0.08852536429343696,0.07435000996663721
543_A1,enni,TD,31,5,6.2,0.6129032258064516,16.305555555555557,,,,0.04271346067588525,0.07435000996663721
543_A2,enni,TD,41,9,4.555555555555555,0.7804878048780488,35.23938662644546,,,,0.05968855139191938,0.07435000996663721
543_A3,enni,TD,67,14,4.785714285714286,0.5522388059701493,13.35939393939394,,,,0.05040048952876702,0.07435000996663721
543_B1,enni,TD,33,5,6.6,0.6060606060606061,16.806347150259068,,,,0.03720939189255307,0.07435000996663721
543_B2,enni,TD,35,7,5.0,0.7428571428571429,38.11111111111112,,,,0.03670665391126716,0.07435000996663721
543_B3,enni,TD,77,16,4.8125,0.5974025974025974,38.54476744186047,,,,0.05651648535589132,0.07435000996663721
547_A1,enni,TD,58,7,8.285714285714286,0.5172413793103449,20.48646362098139,,,,0.051973812579409494,0.07435000996663721
547_A2,enni,TD,58,9,6.444444444444445,0.5172413793103449,13.955705705705705,,,,0.05247031805086546,0.07435000996663721
547_A3,enni,TD,92,16,5.75,0.5108695652173914,27.458856345885636,,,,0.0608670983021983,0.07435000996663721
547_B1,enni,TD,52,7,7.428571428571429,0.7307692307692307,53.04,,,,0.06081007351672334,0.07435000996663721
547_B2,enni,TD,65,8,8.125,0.5076923076923077,15.687326869806094,,,,0.06701061206911958,0.07435000996663721
547_B3,enni,TD,113,13,8.692307692307692,0.415929203539823,18.318841798130656,,,,0.09759538555770295,0.07435000996663721
551_A1,enni,TD,160,24,6.666666666666667,0.56875,69.82405625440603,,,,0.05845811507838035,0.07435000996663721
551_A2,enni,TD,130,21,6.190476190476191,0.5846153846153846,68.76097689011883,,,,0.05013773407457357,0.07435000996663721
551_A3,enni,TD,156,25,6.24,0.5769230769230769,48.601522842639596,,,,0.06496379904739454,0.07435000996663721
551_B1,enni,TD,61,11,5.545454545454546,0.7704918032786885,74.42,,,,0.06236348653730216,0.07435000996663721
551_B2,enni,TD,153,24,6.375,0.5228758169934641,34.425,,,,0.06722523471734139,0.07435000996663721
551_B3,enni,TD,219,39,5.615384615384615,0.5068493150684932,50.02924377625777,,,,0.06966235393183,0.07435000996663721
557_A1,enni,TD,60,8,7.5,0.5833333333333334,30.0,,,,0.057353568765287244,0.07435000996663721
557_A2,enni,TD,100,11,9.090909090909092,0.58,30.753353973168217,,,,0.06708655695495737,0.07435000996663721
557_A3,enni,TD,180,23,7.826086956521739,0.4222222222222222,28.031352844548778,,,,0.07720532935060924,0.07435000996663721
557_B1,enni,TD,87,12,7.25,0.5517241379310345,23.898421588594704,,,,0.052076584763564214,0.07435000996663721
557_B2,enni,TD,113,18,6.277777777777778,0.5486725663716814,23.3139904892328,,,,0.04411075704087187,0.07435000996663721
557_B3,enni,TD,195,19,10.263157894736842,0.4256410256410256,30.601635514018692,,,,0.06018855870287414,0.07435000996663721
565_A1,enni,TD,51,7,7.285714285714286,0.5098039215686274,15.44890510948905,,,,0.018681720176611977,0.07435000996663721
565_A2,enni,TD,71,9,7.888888888888889,0.29577464788732394,11.940909090909091,,,,0.011241570218167622,0.07435000996663721
565_A3,enni,TD,118,16,7.375,0.2711864406779661,11.8,,,,0.025168455801476725,0.07435000996663721
565_B1,enni,TD,32,6,5.333333333333333,0.3125,6.4,,,,0.01717329538404281,0.07435000996663721
565_B2,enni,TD,37,8,4.625,0.40540540540540543,11.079945799457995,,,,0.0066612034388539385,0.07435000996663721
565_B3,enni,TD,124,17,7.294117647058823,0.3467741935483871,17.8519615099926,,,,0.017297598161199218,0.07435000996663721
571_A1,enni,TD,123,14,8.785714285714286,0.4959349593495935,29.01074660633484,,,,0.060267925641651204,0.07435000996663721
571_A2,enni,TD,82,9,9.11111111111111,0.6097560975609756,37.35568985849057,,,,0.08251610082241256,0.07435000996663721
571_A3,enni,TD,215,27,7.962962962962963,0.40930232558139534,31.656781846312533,,,,0.10717390221749463,0.07435000996663721
571_B1,enni,TD,78,9,8.666666666666666,0.5512820512820513,32.65555540524087,,,,0.06527769081390622,0.07435000996663721
571_B2,enni,TD,100,13,7.6923076923076925,0.54,31.628230876524174,,,,0.06474988869216285,0.07435000996663721
571_B3,enni,TD,196,29,6.758620689655173,0.45918367346938777,39.2,,,,0.0980419765133902,0.07435000996663721
603_A1,enni,TD,114,15,7.6,0.4649122807017544,27.862174391586155,,,,0.10315379347462446,0.07435000996663721
603_A2,enni,TD,199,21,9.476190476190476,0.3768844221105528,24.742830485385014,,,,0.09430665088065435,0.07435000996663721
603_A3,enni,TD,249,29,8.586206896551724,0.3333333333333333,24.9,,,,0.09862686048271074,0.07435000996663721
603_B1,enni,TD,78,8,9.75,0.47435897435897434,24.82671480144404,,,,0.07810450700745694,0.07435000996663721
603_B2,enni,TD,118,16,7.375,0.4152542372881356,21.771865317083247,,,,0.07930545555782638,0.07435000996663721
603_B3,enni,TD,240,26,9.23076923076923,0.3875,35.97826086956522,,,,0.12186308654465303,0.07435000996663721
604_A1,enni,TD,45,7,6.428571428571429,0.7777777777777778,56.70000000000001,,,,0.029099024951710413,0.07435000996663721
604_A2,enni,TD,69,9,7.666666666666667,0.6086956521739131,21.454301075268816,,,,0.06139736739669589,0.07435000996663721
604_A3,enni,TD,131,18,7.277777777777778,0.45038167938931295,28.657884231536926,,,,0.07121661107670034,0.07435000996663721
604_B1,enni,TD,56,8,7.0,0.6428571428571429,31.552238805970152,,,,0.07522746431886057,0.07435000996663721
604_B2,enni,TD,50,9,5.555555555555555,0.56,25.0,,,,0.06324231686309618,0.07435000996663721
604_B3,enni,TD,140,19,7.368421052631579,0.4857142857142857,30.31789116047665,,,,0.08670685051686931,0.07435000996663721
608_A1,enni,TD,71,9,7.888888888888889,0.5774647887323944,31.007773960535587,,,,0.03741602181331144,0.07435000996663721
608_A2,enni,TD,108,16,6.75,0.4722222222222222,20.83222748815166,,,,0.03994350344696581,0.07435000996663721
608_A3,enni,TD,159,22,7.2272727272727275,0.4025157232704403,28.7258642765685,,,,0.03707458538790215,0.07435000996663721
608_B1,enni,TD,72,10,7.2,0.625,30.966442953020135,,,,0.05296610205272834,0.07435000996663721
608_B2,enni,TD,125,15,8.333333333333334,0.408,24.83845811051693,,,,0.07560200616704886,0.07435000996663721
608_B3,enni,TD,267,32,8.34375,0.30337078651685395,18.682533209042184,,,,0.11392744830030258,0.07435000996663721
612_A1,enni,TD,66,8,8.25,0.5454545454545454,25.195530726256983,,,,0.0809771173898079,0.07435000996663721
612_A2,enni,TD,89,11,8.090909090909092,0.5280898876404494,27.844389844389845,,,,0.07861613539389811,0.07435000996663721
612_A3,enni,TD,138,21,6.571428571428571,0.4420289855072464,19.542782795040566,,,,0.09881625666962164,0.07435000996663721
612_B1,enni,TD,43,7,6.142857142857143,0.627906976744186,34.24592833876221,,,,0.05040778010999676,0.07435000996663721
612_B2,enni,TD,106,12,8.833333333333334,0.5,25.304151624548737,,,,0.06852568499466428,0.07435000996663721
612_B3,enni,TD,151,19,7.947368421052632,0.47019867549668876,32.901218250523854,,,,0.09489106448711061,0.07435000996663721
615_A1,enni,TD,36,5,7.2,0.5277777777777778,19.21186881832379,,,,0.06877390582020691,0.07435000996663721
615_A2,enni,TD,42,9,4.666666666666667,0.6190476190476191,15.377516683365787,,,,0.050844948724714706,0.07435000996663721
615_A3,enni,TD,83,15,5.533333333333333,0.5421686746987951,20.483659980252824,,,,0.08729757513223194,0.07435000996663721
615_B1,enni,TD,25,5,5.0,0.64,16.30356283100626,,,,0.05391040503111432,0.07435000996663721
615_B2,enni,TD,42,8,5.25,0.7142857142857143,27.333290020790017,,,,0.04700715498594593,0.07435000996663721
615_B3,enni,TD,71,12,5.916666666666667,0.5211267605633803,24.35663345756881,,,,0.08401890211892124,0.07435000996663721
616_A1,enni,TD,93,10,9.3,0.4946236559139785,26.03439402948353,,,,0.07703396967788731,0.07435000996663721
616_A2,enni,TD,114,14,8.142857142857142,0.43859649122807015,22.065909090909088,,,,0.08279326760326326,0.07435000996663721
616_A3,enni,TD,164,23,7.130434782608695,0.3902439024390244,21.964285714285715,,,,0.1029147897704462,0.07435000996663721
616_B1,enni,TD,48,6,8.0,0.6458333333333334,28.317025207079435,,,,0.06689498102233976,0.07435000996663721
616_B2,enni,TD,121,16,7.5625,0.45454545454545453,25.05602294455067,,,,0.07077761886060899,0.07435000996663721
616_B3,enni,TD,145,21,6.904761904761905,0.41379310344827586,20.25434574620097,,,,0.09785950145656266,0.07435000996663721
620_A1,enni,TD,28,5,5.6,0.8928571428571429,73.17333333333337,,,,0.07099081498237937,0.07435000996663721
620_A2,enni,TD,71,10,7.1,0.6619718309859155,42.213106216220154,,,,0.08029524555236195,0.07435000996663721
620_A3,enni,TD,129,22,5.863636363636363,0.5193798449612403,48.2395227761408,,,,0.08551141267781372,0.07435000996663721
620_B1,enni,TD,48,7,6.857142857142857,0.6458333333333334,23.89189189189189,,,,0.08143784716182334,0.07435000996663721
620_B2,enni,TD,81,14,5.785714285714286,0.5679012345679012,28.42105263157895,,,,0.07686152749373361,0.07435000996663721
620_B3,enni,TD,133,23,5.782608695652174,0.48120300751879697,40.18227215980025,,,,0.10034870783795304,0.07435000996663721
624_A1,enni,TD,56,8,7.0,0.625,30.63235294117647,,,,0.08563742895164284,0.07435000996663721
624_A2,enni,TD,60,9,6.666666666666667,0.6,27.26277372262774,,,,0.07604402514898587,0.07435000996663721
624_A3,enni,TD,117,18,6.5,0.452991452991453,29.25,,,,0.08236112368706788,0.07435000996663721
624_B1,enni,TD,58,11,5.2727272727272725,0.6206896551724138,29.0,,,,0.062209344299671857,0.07435000996663721
624_B2,enni,TD,118,16,7.375,0.576271186440678,35.38820958501362,,,,0.053869070790889345,0.07435000996663721
624_B3,enni,TD,110,14,7.857142857142857,0.5545454545454546,34.87470817120622,,,,0.08828174028791559,0.07435000996663721
628_A1,enni,TD,34,5,6.8,0.47058823529411764,9.272727272727273,,,,0.06360194088752273,0.07435000996663721
628_A2,enni,TD,63,10,6.3,0.5873015873015873,19.18197980565659,,,,0.07746764380097265,0.07435000996663721
628_A3,enni,TD,100,15,6.666666666666667,0.37,13.624338624338623,,,,0.11395964905883066,0.07435000996663721
628_B1,enni,TD,30,5,6.0,0.5666666666666667,10.973048752574961,,,,0.04373166286075479,0.07435000996663721
628_B2,enni,TD,55,9,6.111111111111111,0.45454545454545453,12.684658139690619,,,,0.07496247488418842,0.07435000996663721
628_B3,enni,TD,83,14,5.928571428571429,0.4578313253012048,13.888666666666666,,,,0.09165417379419748,0.07435000996663721
632_A1,enni,TD,58,7,8.285714285714286,0.41379310344827586,13.560880829015545,,,,0.08064246795557281,0.07435000996663721
632_A2,enni,TD,128,20,6.4,0.4453125,26.31552795031056,,,,0.08138583886437792,0.07435000996663721
632_A3,enni,TD,157,22,7.136363636363637,0.36942675159235666,16.203885135135135,,,,0.10287975047627067,0.07435000996663721
632_B1,enni,TD,102,13,7.846153846153846,0.4411764705882353,17.302739726027397,,,,0.07832026288331455,0.07435000996663721
632_B2,enni,TD,117,14,8.357142857142858,0.5042735042735043,21.45,,,,0.08769961722947002,0.07435000996663721
632_B3,enni,TD,192,24,8.0,0.3958333333333333,20.671629445822994,,,,0.10377894216617133,0.07435000996663721
636_A1,enni,TD,63,7,9.0,0.5396825396825397,19.974609375,,,,0.0941221427681378,0.07435000996663721
636_A2,enni,TD,70,8,8.75,0.6,29.463451421844535,,,,0.07829161693797264,0.07435000996663721
636_A3,enni,TD,142,23,6.173913043478261,0.45774647887323944,29.152460933383644,,,,0.11528340369578839,0.07435000996663721
636_B1,enni,TD,76,7,10.857142857142858,0.4868421052631579,19.42930907914546,,,,0.07584680067096483,0.07435000996663721
636_B2,enni,TD,118,13,9.076923076923077,0.5254237288135594,26.230927740635593,,,,0.08972402357772463,0.07435000996663721
636_B3,enni,TD,126,24,5.25,0.4523809523809524,23.37708333333333,,,,0.11058337158385155,0.07435000996663721
639_A1,enni,TD,41,7,5.857142857142857,0.5853658536585366,21.565412186379927,,,,0.07988725495112237,0.07435000996663721
639_A2,enni,TD,100,13,7.6923076923076925,0.48,27.532588904464962,,,,0.06824319538821023,0.07435000996663721
639_A3,enni,TD,108,17,6.352941176470588,0.4537037037037037,20.451063829787238,,,,0.10732196706938599,0.07435000996663721
639_B1,enni,TD,78,11,7.090909090909091,0.6282051282051282,27.751074978057147,,,,0.06230417540512664,0.07435000996663721
639_B2,enni,TD,55,11,5.0,0.4909090909090909,16.57051282051282,,,,0.07959723220788918,0.07435000996663721
639_B3,enni,TD,123,20,6.15,0.42276422764227645,20.050507556959168,,,,0.10607229675829272,0.07435000996663721
647_A1,enni,TD,31,6,5.166666666666667,0.6451612903225806,20.527027027027025,,,,0.049873769391954495,0.07435000996663721
647_A2,enni,TD,59,6,9.833333333333334,0.5932203389830508,33.24253731343284,,,,0.044659209916978436,0.07435000996663721
647_A3,enni,TD,118,15,7.866666666666666,0.4576271186440678,22.732352941176472,,,,0.06213155549218051,0.07435000996663721
647_B1,enni,TD,38,6,6.333333333333333,0.7368421052631579,40.432,,,,0.05120385157813977,0.07435000996663721
647_B2,enni,TD,57,9,6.333333333333333,0.5614035087719298,20.053556397306398,,,,0.07077041330062521,0.07435000996663721
647_B3,enni,TD,116,15,7.733333333333333,0.5862068965517241,45.974481658692184,,,,0.08695154973729756,0.07435000996663721
648_A1,enni,TD,50,10,5.0,0.7,34.54419081065262,,,,0.049200323739823734,0.07435000996663721
648_A2,enni,TD,81,17,4.764705882352941,0.6172839506172839,35.36040609137056,,,,0.03975082741117808,0.07435000996663721
648_A3,enni,TD,112,24,4.666666666666667,0.5982142857142857,59.64278194499276,,,,0.036829645407589894,0.07435000996663721
648_B1,enni,TD,63,11,5.7272727272727275,0.6507936507936508,36.608108108108105,,,,0.06476686710692767,0.07435000996663721
648_B2,enni,TD,133,20,6.65,0.5864661654135338,54.62159253945481,,,,0.07026758745191376,0.07435000996663721
648_B3,enni,TD,136,30,4.533333333333333,0.6176470588235294,63.43010752688171,,,,0.06448675804060965,0.07435000996663721
651_A1,enni,TD,39,5,7.8,0.7435897435897436,42.58800000000001,,,,0.07981677656402002,0.07435000996663721
651_A2,enni,TD,66,9,7.333333333333333,0.6363636363636364,34.89823008849558,,,,0.08252822510714443,0.07435000996663721
651_A3,enni,TD,92,13,7.076923076923077,0.5543478260869565,32.049180327868854,,,,0.06621574753004354,0.07435000996663721
651_B1,enni,TD,40,5,8.0,0.725,23.548387096774192,,,,0.04733382051868931,0.07435000996663721
651_B2,enni,TD,63,8,7.875,0.5714285714285714,25.964173967459324,,,,0.05785584512069003,0.07435000996663721
651_B3,enni,TD,108,13,8.307692307692308,0.5,26.9879904346256,,,,0.10080350492131782,0.07435000996663721
652_A1,enni,TD,46,6,7.666666666666667,0.5,19.159035611590358,,,,0.09720522350132635,0.07435000996663721
652_A2,enni,TD,73,9,8.11111111111111,0.5068493150684932,17.618074792243767,,,,0.06146142579469024,0.07435000996663721
652_A3,enni,TD,90,14,6.428571428571429,0.4777777777777778,21.37048192771084,,,,0.10230428933608109,0.07435000996663721
652_B1,enni,TD,40,6,6.666666666666667,0.55,20.566037735849058,,,,0.0698967970794035,0.07435000996663721
652_B2,enni,TD,64,9,7.111111111111111,0.484375,14.88268156424581,,,,0.06589468959527162,0.07435000996663721
652_B3,enni,TD,103,13,7.923076923076923,0.42718446601941745,23.131548426090788,,,,0.1024516225745003,0.07435000996663721
655_A1,enni,TD,53,7,7.571428571428571,0.6037735849056604,24.306291390728475,,,,0.059829862936159973,0.07435000996663721
655_A2,enni,TD,106,13,8.153846153846153,0.5471698113207547,23.85,,,,0.07245934413553862,0.07435000996663721
655_A3,enni,TD,158,18,8.777777777777779,0.43670886075949367,21.160714285714285,,,,0.08826113967983866,0.07435000996663721
655_B1,enni,TD,73,7,10.428571428571429,0.5205479452054794,31.697368421052634,,,,0.05185286907866042,0.07435000996663721
655_B2,enni,TD,95,12,7.916666666666667,0.45263157894736844,21.035451375435876,,,,0.0634898442619783,0.07435000996663721
655_B3,enni,TD,204,23,8.869565217391305,0.4068627450980392,28.24884597018093,,,,0.09044523413914352,0.07435000996663721
656_A1,enni,TD,48,7,6.857142857142857,0.625,26.2834008097166,,,,0.04755714471939663,0.07435000996663721
656_A2,enni,TD,77,12,6.416666666666667,0.5714285714285714,31.849131821403265,,,,0.04965183858630201,0.07435000996663721
656_A3,enni,TD,122,22,5.545454545454546,0.5409836065573771,48.82928292829283,,,,0.061562770680761186,0.07435000996663721
656_B1,enni,TD,32,6,5.333333333333333,0.6875,27.454545454545453,,,,0.0598768968371877,0.07435000996663721
656_B2,enni,TD,88,14,6.285714285714286,0.6590909090909091,49.23241604698527,,,,0.08474905726081261,0.07435000996663721
656_B3,enni,TD,139,20,6.95,0.5611510791366906,52.133307172561864,,,,0.09212378571357503,0.07435000996663721
658_A1,enni,TD,88,12,7.333333333333333,0.38636363636363635,17.6,,,,0.09319489763969699,0.07435000996663721
658_A2,enni,TD,92,14,6.571428571428571,0.391304347826087,19.399095022624433,,,,0.09944454210630431,0.07435000996663721
658_A3,enni,TD,230,33,6.96969696969697,0.24782608695652175,14.691737288135593,,,,0.08709962213200773,0.07435000996663721
658_B1,enni,TD,48,6,8.0,0.6458333333333334,28.135423700972787,,,,0.07277142215793385,0.07435000996663721
658_B2,enni,TD,106,13,8.153846153846153,0.5188679245283019,25.140182081522866,,,,0.06958941131396353,0.07435000996663721
658_B3,enni,TD,233,28,8.321428571428571,0.351931330472103,20.03428259439307,,,,0.10362130598650422,0.07435000996663721
659_A1,enni,TD,53,7,7.571428571428571,0.6226415094339622,36.07183109464258,,,,0.05260892092711696,0.07435000996663721
659_A2,enni,TD,90,13,6.923076923076923,0.5222222222222223,27.330960854092528,,,,0.10562892639145549,0.07435000996663721
659_A3,enni,TD,101,12,8.416666666666666,0.48514851485148514,27.16208199751948,,,,0.09906041025786012,0.07435000996663721
659_B1,enni,TD,64,7,9.142857142857142,0.53125,35.22883581848305,,,,0.08339781150277353,0.07435000996663721
659_B2,enni,TD,100,11,9.090909090909092,0.49,24.405598258809267,,,,0.07944508032256974,0.07435000996663721
659_B3,enni,TD,121,14,8.642857142857142,0.4793388429752066,28.359375,,,,0.10037470930514486,0.07435000996663721
663_A1,enni,TD,35,6,5.833333333333333,0.7142857142857143,35.0,,,,0.10525431409245505,0.07435000996663721
663_A2,enni,TD,53,8,6.625,0.6792452830188679,36.61684225929178,,,,0.07206473418384904,0.07435000996663721
663_A3,enni,TD,63,11,5.7272727272727275,0.5714285714285714,21.61764705882353,,,,0.11130408255919139,0.07435000996663721
663_B1,enni,TD,38,6,6.333333333333333,0.631578947368421,23.173538318192406,,,,0.08326462241142477,0.07435000996663721
663_B2,enni,TD,51,8,6.375,0.6274509803921569,29.635135135135133,,,,0.06270150042248392,0.07435000996663721
663_B3,enni,TD,81,16,5.0625,0.5679012345679012,24.764900662251655,,,,0.08880912545303583,0.07435000996663721
664_A1,enni,TD,103,12,8.583333333333334,0.5339805825242718,26.25044169611307,,,,0.05610178163849068,0.07435000996663721
664_A2,enni,TD,139,18,7.722222222222222,0.5323741007194245,35.228211009174316,,,,0.10867508226517598,0.07435000996663721
664_A3,enni,TD,179,31,5.774193548387097,0.4245810055865922,27.307272352698803,,,,0.0940751174951317,0.07435000996663721
664_B1,enni,TD,68,10,6.8,0.5735294117647058,25.61717921527041,,,,0.08304597797258863,0.07435000996663721
664_B2,enni,TD,146,22,6.636363636363637,0.5136986301369864,27.320171673819743,,,,0.08272408505160844,0.07435000996663721
664_B3,enni,TD,231,36,6.416666666666667,0.45021645021645024,41.53613193403298,,,,0.1265414687494082,0.07435000996663721
669_A1,enni,TD,26,6,4.333333333333333,0.7307692307692307,20.583333333333336,,,,0.07827387251597859,0.07435000996663721
669_A2,enni,TD,36,9,4.0,0.6944444444444444,22.081967213114755,,,,0.051789940408576776,0.07435000996663721
669_A3,enni,TD,76,20,3.8,0.5526315789473685,23.98581560283688,,,,0.071058419066812,0.07435000996663721
669_B1,enni,TD,27,7,3.857142857142857,0.7407407407407407,28.08,,,,0.03851727703087799,0.07435000996663721
669_B2,enni,TD,44,9,4.888888888888889,0.6363636363636364,17.119205298013245,,,,0.04676343974729349,0.07435000996663721
669_B3,enni,TD,96,21,4.571428571428571,0.4895833333333333,30.130841121495326,,,,0.07427545863257451,0.07435000996663721
676_A1,enni,TD,67,7,9.571428571428571,0.5970149253731343,35.2410394265233,,,,0.0755048010164293,0.07435000996663721
676_A2,enni,TD,85,11,7.7272727272727275,0.611764705882353,31.157140107775213,,,,0.07433496528340033,0.07435000996663721
676_A3,enni,TD,126,20,6.3,0.5476190476190477,38.81818181818182,,,,0.08734075283959675,0.07435000996663721
676_B1,enni,TD,61,9,6.777777777777778,0.6721311475409836,43.83171319375208,,,,0.08488048165971666,0.07435000996663721
676_B2,enni,TD,78,10,7.8,0.6794871794871795,68.75829383886256,,,,0.0765260681412371,0.07435000996663721
676_B3,enni,TD,144,20,7.2,0.5555555555555556,40.84318766066838,,,,0.09600202658829737,0.07435000996663721
704_A1,enni,TD,41,5,8.2,0.7073170731707317,41.0,,,,0.09731696023054397,0.07435000996663721
704_A2,enni,TD,53,8,6.625,0.660377358490566,37.12414347509857,,,,0.054668638615416,0.07435000996663721
704_A3,enni,TD,83,12,6.916666666666667,0.4578313253012048,15.831481481481482,,,,0.04789327159878556,0.07435000996663721
704_B1,enni,TD,42,4,10.5,0.6190476190476191,29.280825791855204,,,,0.06617955399471342,0.07435000996663721
704_B2,enni,TD,56,9,6.222222222222222,0.6428571428571429,41.904778951136564,,,,0.06278700798521905,0.07435000996663721
704_B3,enni,TD,86,14,6.142857142857143,0.6046511627906976,49.604478980732154,,,,0.09006063533612348,0.07435000996663721
707_A1,enni,TD,73,9,8.11111111111111,0.5205479452054794,24.333333333333332,,,,0.10637845963565763,0.07435000996663721
707_A2,enni,TD,61,9,6.777777777777778,0.5245901639344263,19.62927054478301,,,,0.08188841870709825,0.07435000996663721
707_A3,enni,TD,106,12,8.833333333333334,0.49056603773584906,28.547661094105642,,,,0.08271531334098181,0.07435000996663721
707_B1,enni,TD,30,5,6.0,0.6,16.483957219251337,,,,0.0867474145485998,0.07435000996663721
707_B2,enni,TD,68,11,6.181818181818182,0.4852941176470588,17.0,,,,0.0801904340322946,0.07435000996663721
707_B3,enni,TD,114,13,8.76923076923077,0.45614035087719296,21.18679245283019,,,,0.10237633077506612,0.07435000996663721
708_A1,enni,TD,51,6,8.5,0.5882352941176471,30.822492163009407,,,,0.07480417950625672,0.07435000996663721
708_A2,enni,TD,71,9,7.888888888888889,0.7605633802816901,83.02823529411765,,,,0.07703006663546823,0.07435000996663721
708_A3,enni,TD,88,13,6.769230769230769,0.5681818181818182,36.666666666666664,,,,0.08805196773504871,0.07435000996663721
708_B1,enni,TD,74,7,10.571428571428571,0.5945945945945946,30.191005427759112,,,,0.05494830849657963,0.07435000996663721
708_B2,enni,TD,79,10,7.9,0.5949367088607594,33.18769251150929,,,,0.05347402574314406,0.07435000996663721
708_B3,enni,TD,104,19,5.473684210526316,0.47115384615384615,37.45356951154053,,,,0.08002762674845273,0.07435000996663721
711_A1,enni,TD,68,8,8.5,0.6029411764705882,37.15635179153095,,,,0.023360334489574763,0.07435000996663721
711_A2,enni,TD,111,14,7.928571428571429,0.5675675675675675,33.71986951877833,,,,0.034897618899046266,0.07435000996663721
711_A3,enni,TD,219,23,9.521739130434783,0.4200913242009132,41.47021276595744,,,,0.03636868675813279,0.07435000996663721
711_B1,enni,TD,76,7,10.857142857142858,0.5657894736842105,20.525906735751295,,,,0.028257903486625074,0.07435000996663721
711_B2,enni,TD,84,10,8.4,0.6190476190476191,40.190302652613326,,,,0.01841943804556821,0.07435000996663721
711_B3,enni,TD,175,17,10.294117647058824,0.46285714285714286,38.72016563663982,,,,0.030870205203710088,0.07435000996663721
712_A1,enni,TD,69,6,11.5,0.5507246376811594,21.577930442249894,,,,0.0984949004809513,0.07435000996663721
712_A2,enni,TD,91,10,9.1,0.5384615384615384,49.10144505284448,,,,0.08856087822335548,0.07435000996663721
712_A3,enni,TD,175,23,7.608695652173913,0.37142857142857144,24.684512589912856,,,,0.08513146503181858,0.07435000996663721
712_B1,enni,TD,80,9,8.88888888888889,0.55,23.212435233160623,,,,0.077549290399868,0.07435000996663721
712_B2,enni,TD,119,14,8.5,0.5798319327731093,51.564981949458485,,,,0.07908418008721564,0.07435000996663721
712_B3,enni,TD,133,16,8.3125,0.48120300751879697,26.6,,,,0.09110973325118292,0.07435000996663721
716_A1,enni,TD,72,9,8.0,0.5555555555555556,31.65217391304348,,,,0.08612160824026734,0.07435000996663721
716_A2,enni,TD,93,11,8.454545454545455,0.5053763440860215,27.78555456171735,,,,0.09940902487532524,0.07435000996663721
716_A3,enni,TD,149,17,8.764705882352942,0.4228187919463087,26.600812418395474,,,,0.1114556811282546,0.07435000996663721
716_B1,enni,TD,83,11,7.545454545454546,0.5180722891566265,22.922147409381992,,,,0.045606210288253166,0.07435000996663721
716_B2,enni,TD,111,12,9.25,0.5135135135135135,28.131880733944953,,,,0.047700705937616814,0.07435000996663721
716_B3,enni,TD,197,20,9.85,0.4517766497461929,39.4,,,,0.0712185238038919,0.07435000996663721
720_A1,enni,TD,92,12,7.666666666666667,0.4891304347826087,19.31111111111111,,,,0.10922627478391349,0.07435000996663721
720_A2,enni,TD,61,7,8.714285714285714,0.6885245901639344,44.11092955700799,,,,0.08320579194180006,0.07435000996663721
720_A3,enni,TD,147,18,8.166666666666666,0.5102040816326531,28.467545925577017,,,,0.1067120908917569,0.07435000996663721
720_B1,enni,TD,69,9,7.666666666666667,0.6376811594202898,31.997523273263305,,,,0.05682628699643232,0.07435000996663721
720_B2,enni,TD,117,11,10.636363636363637,0.5128205128205128,27.97152317880795,,,,0.05312335542707282,0.07435000996663721
720_B3,enni,TD,160,18,8.88888888888889,0.46875,33.99196787148594,,,,0.06494320582205687,0.07435000996663721
724_A1,enni,TD,65,11,5.909090909090909,0.47692307692307695,26.974703927531213,,,,0.07010916122573763,0.07435000996663721
724_A2,enni,TD,94,18,5.222222222222222,0.574468085106383,31.333333333333332,,,,0.06962833006569194,0.07435000996663721
724_A3,enni,TD,154,27,5.703703703703703,0.4155844155844156,27.294308943089433,,,,0.10227302504029569,0.07435000996663721
724_B1,enni,TD,70,10,7.0,0.6571428571428571,47.072925849740436,,,,0.05168371813759525,0.07435000996663721
724_B2,enni,TD,124,20,6.2,0.532258064516129,29.171482281169226,,,,0.07197201673194142,0.07435000996663721
724_B3,enni,TD,152,24,6.333333333333333,0.4605263157894737,29.57837837837838,,,,0.09874290642067343,0.07435000996663721
728_A1,enni,TD,76,7,10.857142857142858,0.5526315789473685,29.08948617991031,,,,0.06270268040281342,0.07435000996663721
728_A2,enni,TD,67,10,6.7,0.582089552238806,19.21967587220546,,,,0.0788526944133742,0.07435000996663721
728_A3,enni,TD,161,17,9.470588235294118,0.4720496894409938,36.44804785894206,,,,0.08829434931427232,0.07435000996663721
728_B1,enni,TD,125,14,8.928571428571429,0.448,20.01698014629049,,,,0.0718121431972606,0.07435000996663721
728_B2,enni,TD,153,18,8.5,0.43790849673202614,25.993548387096773,,,,0.06672748943250655,0.07435000996663721
728_B3,enni,TD,189,24,7.875,0.48677248677248675,40.82195024153667,,,,0.09002132977288879,0.07435000996663721
732_A1,enni,TD,73,11,6.636363636363637,0.5342465753424658,21.755649717514125,,,,0.043173337370514195,0.07435000996663721
732_A2,enni,TD,131,18,7.277777777777778,0.4580152671755725,22.379166666666666,,,,0.045724505952533696,0.07435000996663721
732_A3,enni,TD,216,25,8.64,0.37962962962962965,20.618181818181817,,,,0.03243747722038846,0.07435000996663721
732_B1,enni,TD,51,5,10.2,0.45098039215686275,14.875,,,,0.06800875450631809,0.07435000996663721
732_B2,enni,TD,84,11,7.636363636363637,0.39285714285714285,14.7,,,,0.06837342314112829,0.07435000996663721
732_B3,enni,TD,225,28,8.035714285714286,0.32,19.853506859853827,,,,0.09539528336675525,0.07435000996663721
736_A1,enni,TD,35,5,7.0,0.4857142857142857,12.894736842105265,,,,0.06840244736974208,0.07435000996663721
736_A2,enni,TD,39,6,6.5,0.6666666666666666,25.136042759177087,,,,0.05991411892122933,0.07435000996663721
736_A3,enni,TD,93,11,8.454545454545455,0.46236559139784944,23.452014218009477,,,,0.08188796974518031,0.07435000996663721
736_B1,enni,TD,31,4,7.75,0.7419354838709677,32.3175,,,,0.05459216393881672,0.07435000996663721
736_B2,enni,TD,52,7,7.428571428571429,0.5,15.166666666666666,,,,0.05849427413192993,0.07435000996663721
736_B3,enni,TD,83,12,6.916666666666667,0.5542168674698795,19.813628158844764,,,,0.07640733864402044,0.07435000996663721
743_A1,enni,TD,80,14,5.714285714285714,0.575,26.666666666666668,,,,0.07601013371024236,0.07435000996663721
743_A2,enni,TD,151,25,6.04,0.4768211920529801,38.78505623126421,,,,0.08684117798259883,0.07435000996663721
743_A3,enni,TD,218,40,5.45,0.43119266055045874,39.07357709062343,,,,0.10264896765616055,0.07435000996663721
743_B1,enni,TD,79,10,7.9,0.5316455696202531,23.313455657492355,,,,0.08577223478788497,0.07435000996663721
743_B2,enni,TD,189,27,7.0,0.4708994708994709,32.38756544255231,,,,0.07870639676484512,0.07435000996663721
743_B3,enni,TD,251,34,7.382352941176471,0.47808764940239046,57.996212121212125,,,,0.10602835191709316,0.07435000996663721
744_A1,enni,TD,38,5,7.6,0.7105263157894737,31.58108108108108,,,,0.06437384809733279,0.07435000996663721
744_A2,enni,TD,77,12,6.416666666666667,0.6363636363636364,35.89837072649572,,,,0.0924400249346326,0.07435000996663721
744_A3,enni,TD,110,16,6.875,0.5909090909090909,50.44701986754967,,,,0.0830562052264913,0.07435000996663721
744_B1,enni,TD,43,7,6.142857142857143,0.813953488372093,64.715,,,,0.06893585396643445,0.07435000996663721
744_B2,enni,TD,79,14,5.642857142857143,0.6582278481012658,33.18985353640085,,,,0.06198660093935501,0.07435000996663721
744_B3,enni,TD,103,18,5.722222222222222,0.6504854368932039,69.02207310306562,,,,0.10249747414579538,0.07435000996663721
748_A1,enni,TD,74,8,9.25,0.581081081081081,32.35953177257525,,,,0.054429029367530204,0.07435000996663721
748_A2,enni,TD,72,9,8.0,0.6666666666666666,43.82378484381566,,,,0.07118399353044746,0.07435000996663721
748_A3,enni,TD,183,16,11.4375,0.4262295081967213,38.78609541999944,,,,0.07809201998818201,0.07435000996663721
748_B1,enni,TD,40,5,8.0,0.725,33.54838709677419,,,,0.06077017972927809,0.07435000996663721
748_B2,enni,TD,81,8,10.125,0.6049382716049383,40.5,,,,0.06913842496610444,0.07435000996663721
748_B3,enni,TD,176,20,8.8,0.44886363636363635,36.50260366441658,,,,0.09126636714368311,0.07435000996663721
750_A1,enni,TD,45,6,7.5,0.7555555555555555,48.27272727272727,,,,0.055710363147966714,0.07435000996663721
750_A2,enni,TD,72,6,12.0,0.5972222222222222,31.018450184501845,,,,0.05511153668125929,0.07435000996663721
750_A3,enni,TD,104,13,8.0,0.5961538461538461,44.30769230769231,,,,0.07886370805267777,0.07435000996663721
750_B1,enni,TD,56,8,7.0,0.7678571428571429,55.20980769230769,,,,0.040589877229033254,0.07435000996663721
750_B2,enni,TD,75,9,8.333333333333334,0.5333333333333333,23.236953455571225,,,,0.054492674998271366,0.07435000996663721
750_B3,enni,TD,114,14,8.142857142857142,0.5175438596491229,34.26075899297905,,,,0.07790739157942414,0.07435000996663721
754_A1,enni,TD,38,4,9.5,0.6052631578947368,19.0,,,,0.06141048388114807,0.07435000996663721
754_A2,enni,TD,70,7,10.0,0.5571428571428572,29.166666666666664,,,,0.0694007339178642,0.07435000996663721
754_A3,enni,TD,121,16,7.5625,0.47107438016528924,38.18794326241135,,,,0.10598217334015973,0.07435000996663721
754_B1,enni,TD,56,5,11.2,0.6071428571428571,28.05577689243028,,,,0.06276360800808158,0.07435000996663721
754_B2,enni,TD,62,9,6.888888888888889,0.5161290322580645,24.431786439817166,,,,0.08043514836408135,0.07435000996663721
754_B3,enni,TD,114,14,8.142857142857142,0.5877192982456141,47.16604877613007,,,,0.11356941603994655,0.07435000996663721
755_A1,enni,TD,92,10,9.2,0.45652173913043476,14.837519939551676,,,,0.09019025681120324,0.07435000996663721
755_A2,enni,TD,86,10,8.6,0.5116279069767442,21.5,,,,0.08233083264734013,0.07435000996663721
755_A3,enni,TD,151,24,6.291666666666667,0.4105960264900662,24.38014251841708,,,,0.09380780880104392,0.07435000996663721
755_B1,enni,TD,85,8,10.625,0.6235294117647059,36.29863813229572,,,,0.06424230124337678,0.07435000996663721
755_B2,enni,TD,104,17,6.117647058823529,0.5096153846153846,20.215730337078654,,,,0.05190212134092365,0.07435000996663721
755_B3,enni,TD,216,29,7.448275862068965,0.3888888888888889,22.625355237414354,,,,0.10971864785849812,0.07435000996663721
758_A1,enni,TD,78,10,7.8,0.47435897435897434,17.07439024390244,,,,0.08168794656701463,0.07435000996663721
758_A2,enni,TD,144,14,10.285714285714286,0.4166666666666667,33.78604084120695,,,,0.08308168582090869,0.07435000996663721
758_A3,enni,TD,164,18,9.11111111111111,0.3597560975609756,22.726276121959575,,,,0.08867414383114008,0.07435000996663721
758_B1,enni,TD,73,6,12.166666666666666,0.5753424657534246,25.6140350877193,,,,0.07636304475213591,0.07435000996663721
758_B2,enni,TD,139,12,11.583333333333334,0.4172661870503597,20.33325360997339,,,,0.06629809613034583,0.07435000996663721
758_B3,enni,TD,177,19,9.31578947368421,0.4350282485875706,44.25,,,,0.09717650739874079,0.07435000996663721
759_A1,enni,TD,61,6,10.166666666666666,0.5573770491803278,20.333333333333332,,,,0.09651821632717736,0.07435000996663721
759_A2,enni,TD,76,11,6.909090909090909,0.5526315789473685,25.333333333333332,,,,0.07932025253002935,0.07435000996663721
759_A3,enni,TD,105,15,7.0,0.45714285714285713,17.5,,,,0.09667707409554517,0.07435000996663721
759_B1,enni,TD,38,6,6.333333333333333,0.7105263157894737,32.135802469135804,,,,0.05207150228973813,0.07435000996663721
759_B2,enni,TD,72,11,6.545454545454546,0.5972222222222222,29.168975069252078,,,,0.0552408677237017,0.07435000996663721
759_B3,enni,TD,122,14,8.714285714285714,0.5081967213114754,31.82486136783734,,,,0.08241255800479144,0.07435000996663721
760_A1,enni,TD,79,10,7.9,0.5189873417721519,26.820987654320987,,,,0.08960861867728599,0.07435000996663721
760_A2,enni,TD,108,14,7.714285714285714,0.5185185185185185,33.27272727272727,,,,0.07570360794060114,0.07435000996663721
760_A3,enni,TD,183,20,9.15,0.4426229508196721,33.56601751530195,,,,0.10642023561779007,0.07435000996663721
760_B1,enni,TD,77,8,9.625,0.5974025974025974,33.88738019169329,,,,0.06405230370880342,0.07435000996663721
760_B2,enni,TD,142,17,8.352941176470589,0.4647887323943662,34.045081967213115,,,,0.06682119727908066,0.07435000996663721
760_B3,enni,TD,217,21,10.333333333333334,0.4423963133640553,42.26485287972935,,,,0.10843520154113372,0.07435000996663721
763_A1,enni,TD,68,7,9.714285714285714,0.5735294117647058,26.62499853734452,,,,0.07676266579340342,0.07435000996663721
763_A2,enni,TD,96,11,8.727272727272727,0.53125,24.18320610687023,,,,0.08549561641599307,0.07435000996663721
763_A3,enni,TD,148,21,7.0476190476190474,0.3918918918918919,20.424689440993788,,,,0.10124179313481689,0.07435000996663721
763_B1,enni,TD,89,9,9.88888888888889,0.4044943820224719,16.316666666666666,,,,0.059170916407550116,0.07435000996663721
763_B2,enni,TD,123,14,8.785714285714286,0.37398373983739835,19.57490974729242,,,,0.04600476051349043,0.07435000996663721
763_B3,enni,TD,214,23,9.304347826086957,0.3925233644859813,32.52508673771095,,,,0.08869471902345168,0.07435000996663721
764_A1,enni,TD,58,9,6.444444444444445,0.5344827586206896,19.916640510567063,,,,0.050503494387103005,0.07435000996663721
764_A2,enni,TD,77,11,7.0,0.5064935064935064,19.365963855421686,,,,0.061979367351398994,0.07435000996663721
764_A3,enni,TD,112,15,7.466666666666667,0.39285714285714285,22.4,,,,0.0790859139665475,0.07435000996663721
764_B1,enni,TD,54,8,6.75,0.6296296296296297,20.63964651393892,,,,0.05996649244074825,0.07435000996663721
764_B2,enni,TD,57,11,5.181818181818182,0.6140350877192983,26.528409090909093,,,,0.06350790681477317,0.07435000996663721
764_B3,enni,TD,116,16,7.25,0.5431034482758621,43.603932584269664,,,,0.09683646591719991,0.07435000996663721
768_A1,enni,TD,130,16,8.125,0.38461538461538464,22.825581395348838,,,,0.09812815331465266,0.07435000996663721
768_A2,enni,TD,155,20,7.75,0.4064516129032258,32.11937922522371,,,,0.10371371208825085,0.07435000996663721
768_A3,enni,TD,264,28,9.428571428571429,0.3143939393939394,24.945762711864408,,,,0.12076017812180255,0.07435000996663721
768_B1,enni,TD,59,7,8.428571428571429,0.6610169491525424,36.76269035532995,,,,0.05955219781953256,0.07435000996663721
768_B2,enni,TD,146,17,8.588235294117647,0.4246575342465753,27.617733990147784,,,,0.07198297385367007,0.07435000996663721
768_B3,enni,TD,234,25,9.36,0.3547008547008547,24.142140300979825,,,,0.09658076443099768,0.07435000996663721
770_A1,enni,TD,65,8,8.125,0.5538461538461539,25.508720930232556,,,,0.09487264099844805,0.07435000996663721
770_A2,enni,TD,113,14,8.071428571428571,0.5132743362831859,25.002415142286672,,,,0.08101741388821028,0.07435000996663721
770_A3,enni,TD,216,29,7.448275862068965,0.36574074074074076,21.775234842015372,,,,0.12017658386099547,0.07435000996663721
770_B1,enni,TD,66,9,7.333333333333333,0.5454545454545454,28.3125,,,,0.03688651924428169,0.07435000996663721
770_B2,enni,TD,133,16,8.3125,0.48872180451127817,27.978577162351996,,,,0.05736160103423018,0.07435000996663721
770_B3,enni,TD,232,26,8.923076923076923,0.375,33.58492298364395,,,,0.09654344369037687,0.07435000996663721
772_A1,enni,TD,103,10,10.3,0.5145631067961165,28.748995983935743,,,,0.10617660471236141,0.07435000996663721
772_A2,enni,TD,166,18,9.222222222222221,0.5,33.03305226174792,,,,0.09735580683510509,0.07435000996663721
772_A3,enni,TD,201,34,5.911764705882353,0.3681592039800995,25.486222044728436,,,,0.115539127340135,0.07435000996663721
772_B1,enni,TD,49,7,7.0,0.673469387755102,40.72297297297297,,,,0.06796949518086745,0.07435000996663721
772_B2,enni,TD,103,10,10.3,0.5145631067961165,21.826093126270646,,,,0.07580782189362475,0.07435000996663721
772_B3,enni,TD,225,26,8.653846153846153,0.37333333333333335,31.3689756159674,,,,0.10722978933542077,0.07435000996663721
803_A1,enni,TD,98,13,7.538461538461538,0.46938775510204084,23.972050049238256,,,,0.11131575518059471,0.07435000996663721
803_A2,enni,TD,178,19,9.368421052631579,0.37640449438202245,21.481612526460395,,,,0.1084596122335202,0.07435000996663721
803_A3,enni,TD,242,26,9.307692307692308,0.34297520661157027,26.51831434521622,,,,0.11259895672320924,0.07435000996663721
803_B1,enni,TD,105,9,11.666666666666666,0.5619047619047619,41.072138977559675,,,,0.0766360012849784,0.07435000996663721
803_B2,enni,TD,174,20,8.7,0.4540229885057471,27.65357142857143,,,,0.08838359935828073,0.07435000996663721
803_B3,enni,TD,292,32,9.125,0.3732876712328767,35.99001690984748,,,,0.11605035954818599,0.07435000996663721
804_A1,enni,TD,99,13,7.615384615384615,0.6363636363636364,34.30175879396985,,,,0.05384349492663062,0.07435000996663721
804_A2,enni,TD,94,14,6.714285714285714,0.5638297872340425,26.71223021582734,,,,0.08354478620518477,0.07435000996663721
804_A3,enni,TD,162,22,7.363636363636363,0.4567901234567901,34.05885608856089,,,,0.09572602772168326,0.07435000996663721
804_B1,enni,TD,91,14,6.5,0.6483516483516484,35.89718849223377,,,,0.07570124505245619,0.07435000996663721
804_B2,enni,TD,193,31,6.225806451612903,0.5233160621761658,33.738446969696966,,,,0.08813857336230377,0.07435000996663721
804_B3,enni,TD,243,34,7.147058823529412,0.4074074074074074,25.0216542970011,,,,0.10593250135687027,0.07435000996663721
808_A1,enni,TD,74,8,9.25,0.5135135135135135,24.666666666666668,,,,0.08768546625745159,0.07435000996663721
808_A2,enni,TD,150,17,8.823529411764707,0.46,30.0,,,,0.0952479229783614,0.07435000996663721
808_A3,enni,TD,250,22,11.363636363636363,0.348,25.802364864864863,,,,0.10436128125772298,0.07435000996663721
808_B1,enni,TD,80,9,8.88888888888889,0.55,31.986332932462656,,,,0.08032148866572264,0.07435000996663721
808_B2,enni,TD,165,14,11.785714285714286,0.45454545454545453,32.85310731429676,,,,0.09175124167948531,0.07435000996663721
808_B3,enni,TD,204,22,9.272727272727273,0.4068627450980392,28.85036084300009,,,,0.10987836179838578,0.07435000996663721
811_A1,enni,TD,46,8,5.75,0.782608695652174,59.24800000000001,,,,0.02932483062755904,0.07435000996663721
811_A2,enni,TD,153,15,10.2,0.5555555555555556,39.17045454545455,,,,0.04165825351322515,0.07435000996663721
811_A3,enni,TD,202,28,7.214285714285714,0.4306930693069307,37.279213483146066,,,,0.051126725155674776,0.07435000996663721
811_B1,enni,TD,104,13,8.0,0.5096153846153846,29.86841121495327,,,,0.04450753851038225,0.07435000996663721
811_B2,enni,TD,171,18,9.5,0.4619883040935672,32.54516129032258,,,,0.0465563621914211,0.07435000996663721
811_B3,enni,TD,235,22,10.681818181818182,0.43829787234042555,40.51009900290562,,,,0.06985105932808111,0.07435000996663721
812_A1,enni,TD,84,8,10.5,0.42857142857142855,15.4,,,,0.10030115807074841,0.07435000996663721
812_A2,enni,TD,100,11,9.090909090909092,0.48,22.62135922330097,,,,0.07397252168594529,0.07435000996663721
812_A3,enni,TD,169,18,9.38888888888889,0.40828402366863903,26.154761904761905,,,,0.09905463568934714,0.07435000996663721
812_B1,enni,TD,62,11,5.636363636363637,0.5483870967741935,17.662790697674417,,,,0.08413892814497284,0.07435000996663721
812_B2,enni,TD,99,11,9.0,0.42424242424242425,13.566538595878448,,,,0.07943965757741546,0.07435000996663721
812_B3,enni,TD,217,23,9.434782608695652,0.37327188940092165,18.494363602873456,,,,0.11645241831567557,0.07435000996663721
815_A1,enni,TD,72,9,8.0,0.5694444444444444,19.91696750902527,,,,0.06784032718576193,0.07435000996663721
815_A2,enni,TD,89,11,8.090909090909092,0.550561797752809,24.124679055083973,,,,0.07808119500907063,0.07435000996663721
815_A3,enni,TD,159,21,7.571428571428571,0.4088050314465409,18.770833333333336,,,,0.05850796377368538,0.07435000996663721
815_B1,enni,TD,66,9,7.333333333333333,0.5303030303030303,23.157894736842106,,,,0.08913050039212743,0.07435000996663721
815_B2,enni,TD,112,15,7.466666666666667,0.42857142857142855,18.703842213114754,,,,0.0795571263163225,0.07435000996663721
815_B3,enni,TD,167,23,7.260869565217392,0.41317365269461076,26.57731648616125,,,,0.11134894457919196,0.07435000996663721
816_A1,enni,TD,88,11,8.0,0.6136363636363636,53.043542639160776,,,,0.11076411708808295,0.07435000996663721
816_A2,enni,TD,86,10,8.6,0.5813953488372093,39.07664233576642,,,,0.08734358575071131,0.07435000996663721
816_A3,enni,TD,142,18,7.888888888888889,0.5492957746478874,52.65033884498786,,,,0.09932580552987023,0.07435000996663721
816_B1,enni,TD,78,8,9.75,0.6025641025641025,44.43113772455091,,,,0.07027947494130556,0.07435000996663721
816_B2,enni,TD,107,18,5.944444444444445,0.5981308411214953,46.46052631578948,,,,0.069587350130605,0.07435000996663721
816_B3,enni,TD,142,18,7.888888888888889,0.5915492957746479,55.64031133401863,,,,0.1145621478804312,0.07435000996663721
820_A1,enni,TD,58,7,8.285714285714286,0.5862068965517241,24.166666666666664,,,,0.07781852599901133,0.07435000996663721
820_A2,enni,TD,80,10,8.0,0.625,33.58059914407988,,,,0.07153444064300037,0.07435000996663721
820_A3,enni,TD,165,16,10.3125,0.46060606060606063,25.983009708737864,,,,0.09021999997521774,0.07435000996663721
820_B1,enni,TD,69,7,9.857142857142858,0.4927536231884058,21.424657534246577,,,,0.06832337939101069,0.07435000996663721
820_B2,enni,TD,142,12,11.833333333333334,0.4647887323943662,34.108934169278996,,,,0.08386446717781415,0.07435000996663721
820_B3,enni,TD,198,22,9.0,0.4292929292929293,26.845504800698283,,,,0.09534163812160454,0.07435000996663721
822_A1,enni,TD,123,18,6.833333333333333,0.5528455284552846,46.32547512512397,,,,0.07962136841936931,0.07435000996663721
822_A2,enni,TD,150,29,5.172413793103448,0.52,43.70670460168233,,,,0.0820474810221079,0.07435000996663721
822_A3,enni,TD,264,48,5.5,0.4166666666666667,41.429906542056074,,,,0.11774927121392127,0.07435000996663721
822_B1,enni,TD,123,16,7.6875,0.5528455284552846,47.23836961160905,,,,0.07860876308227419,0.07435000996663721
822_B2,enni,TD,204,31,6.580645161290323,0.4852941176470588,34.46527465467395,,,,0.09787190548549796,0.07435000996663721
822_B3,enni,TD,321,47,6.829787234042553,0.3956386292834891,44.98966856661839,,,,0.12040794014761194,0.07435000996663721
824_A1,enni,TD,47,7,6.714285714285714,0.5957446808510638,16.246913580246915,,,,0.07250015634467866,0.07435000996663721
824_A2,enni,TD,75,15,5.0,0.5333333333333333,18.75,,,,0.07227975663439831,0.07435000996663721
824_A3,enni,TD,163,27,6.037037037037037,0.4723926380368098,29.364885496183206,,,,0.08683100057552255,0.07435000996663721
824_B1,enni,TD,34,5,6.8,0.6176470588235294,21.553967090257412,,,,0.07569694185723407,0.07435000996663721
824_B2,enni,TD,69,9,7.666666666666667,0.7536231884057971,62.92698529411766,,,,0.05769681312018619,0.07435000996663721
824_B3,enni,TD,130,20,6.5,0.5846153846153846,37.220818943783236,,,,0.08499480431176007,0.07435000996663721
826_A1,enni,TD,58,9,6.444444444444445,0.5172413793103449,18.082578837152006,,,,0.06957462989876438,0.07435000996663721
826_A2,enni,TD,104,16,6.5,0.4230769230769231,19.604597701149427,,,,0.07273308806818736,0.07435000996663721
826_A3,enni,TD,122,15,8.133333333333333,0.45081967213114754,21.638513513513512,,,,0.06035547721152997,0.07435000996663721
826_B1,enni,TD,51,7,7.285714285714286,0.5882352941176471,15.89896373056995,,,,0.06546968654056837,0.07435000996663721
826_B2,enni,TD,70,11,6.363636363636363,0.5428571428571428,21.970404984423674,,,,0.0780343786132944,0.07435000996663721
826_B3,enni,TD,111,16,6.9375,0.5675675675675675,35.79867934012704,,,,0.09628467547336497,0.07435000996663721
828_A1,enni,TD,49,8,6.125,0.5510204081632653,18.829879101899827,,,,0.061001449638501085,0.07435000996663721
828_A2,enni,TD,65,8,8.125,0.5384615384615384,20.493288831467126,,,,0.10814988189814825,0.07435000996663721
828_A3,enni,TD,98,16,6.125,0.5306122448979592,23.020531400966185,,,,0.09650623680156882,0.07435000996663721
828_B1,enni,TD,56,9,6.222222222222222,0.6964285714285714,39.074001022718974,,,,0.0779559806290271,0.07435000996663721
828_B2,enni,TD,115,16,7.1875,0.4434782608695652,26.062970609667232,,,,0.07233106894696636,0.07435000996663721
828_B3,enni,TD,112,15,7.466666666666667,0.5178571428571429,33.944421140939596,,,,0.09967939033154923,0.07435000996663721
834_A1,enni,TD,65,11,5.909090909090909,0.5230769230769231,17.555051813471504,,,,0.08942629744739478,0.07435000996663721
834_A2,enni,TD,97,14,6.928571428571429,0.4742268041237113,25.415035587188612,,,,0.08844123452703977,0.07435000996663721
834_A3,enni,TD,136,19,7.157894736842105,0.4852941176470588,26.085245901639347,,,,0.08954946614066003,0.07435000996663721
834_B1,enni,TD,79,12,6.583333333333333,0.5189873417721519,23.376746506986027,,,,0.07861830291980418,0.07435000996663721
834_B2,enni,TD,129,14,9.214285714285714,0.49612403100775193,21.5,,,,0.08498322107363496,0.07435000996663721
834_B3,enni,TD,155,25,6.2,0.47096774193548385,32.30859711023955,,,,0.10308406258604162,0.07435000996663721
838_A1,enni,TD,37,6,6.166666666666667,0.6486486486486487,32.131578947368425,,,,0.089681769268979,0.07435000996663721
838_A2,enni,TD,95,17,5.588235294117647,0.5789473684210527,39.18439480565528,,,,0.09141199699246357,0.07435000996663721
838_A3,enni,TD,104,12,8.666666666666666,0.5384615384615384,36.51556357055706,,,,0.11461793096304093,0.07435000996663721
838_B1,enni,TD,72,9,8.0,0.6666666666666666,36.84457478005865,,,,0.07748771523219344,0.07435000996663721
838_B2,enni,TD,78,9,8.666666666666666,0.6794871794871795,61.39783281733746,,,,0.07214578792346854,0.07435000996663721
838_B3,enni,TD,129,17,7.588235294117647,0.5581395348837209,51.06365234542492,,,,0.09674336928101462,0.07435000996663721
842_A1,enni,TD,59,7,8.428571428571429,0.6949152542372882,34.042387543252595,,,,0.06768588454588557,0.07435000996663721
842_A2,enni,TD,104,14,7.428571428571429,0.5480769230769231,17.129411764705882,,,,0.09292670945966314,0.07435000996663721
842_A3,enni,TD,143,20,7.15,0.44755244755244755,26.95632183908046,,,,0.10428209878833869,0.07435000996663721
842_B1,enni,TD,87,13,6.6923076923076925,0.45977011494252873,16.82,,,,0.08617578418146422,0.07435000996663721
842_B2,enni,TD,123,15,8.2,0.4796747967479675,25.919897563093766,,,,0.07891735320332287,0.07435000996663721
842_B3,enni,TD,191,24,7.958333333333333,0.4083769633507853,25.974419327586105,,,,0.11504316179793808,0.07435000996663721
843_A1,enni,TD,50,5,10.0,0.58,22.596153846153847,,,,0.06843656188118409,0.07435000996663721
843_A2,enni,TD,68,10,6.8,0.6029411764705882,23.85964912280702,,,,0.07972895947923755,0.07435000996663721
843_A3,enni,TD,124,15,8.266666666666667,0.4838709677419355,24.8,,,,0.09252443336657958,0.07435000996663721
843_B1,enni,TD,43,6,7.166666666666667,0.627906976744186,21.91346153846154,,,,0.05235063648105665,0.07435000996663721
843_B2,enni,TD,67,10,6.7,0.5223880597014925,19.582356786596293,,,,0.061412036079889105,0.07435000996663721
843_B3,enni,TD,124,14,8.857142857142858,0.5403225806451613,37.911699779249446,,,,0.08989013363024899,0.07435000996663721
847_A1,enni,TD,53,7,7.571428571428571,0.5849056603773585,31.489133280963607,,,,0.049514177426762125,0.07435000996663721
847_A2,enni,TD,80,12,6.666666666666667,0.5625,34.31818181818182,,,,0.04810142160912131,0.07435000996663721
847_A3,enni,TD,116,16,7.25,0.49137931034482757,43.744725738396625,,,,0.051455453771286595,0.07435000996663721
847_B1,enni,TD,57,5,11.4,0.631578947368421,37.269230769230774,,,,0.05588791518600761,0.07435000996663721
847_B2,enni,TD,113,15,7.533333333333333,0.5486725663716814,30.53805972675068,,,,0.0813838046840011,0.07435000996663721
847_B3,enni,TD,152,20,7.6,0.5131578947368421,44.97869548919155,,,,0.10203034061319724,0.07435000996663721
850_A1,enni,TD,102,13,7.846153846153846,0.39215686274509803,17.154545454545456,,,,0.09648427364393433,0.07435000996663721
850_A2,enni,TD,122,13,9.384615384615385,0.4344262295081967,23.30148164288049,,,,0.09983865598097465,0.07435000996663721
850_A3,enni,TD,203,22,9.227272727272727,0.4039408866995074,24.953768260292165,,,,0.10762813143554609,0.07435000996663721
850_B1,enni,TD,80,9,8.88888888888889,0.475,21.64182475158085,,,,0.08227021018817762,0.07435000996663721
850_B2,enni,TD,128,14,9.142857142857142,0.46875,23.118175660419958,,,,0.05973324767704426,0.07435000996663721
850_B3,enni,TD,185,18,10.277777777777779,0.5135135135135135,41.36620286348054,,,,0.10131008282475312,0.07435000996663721
851_A1,enni,TD,32,6,5.333333333333333,0.5,13.333333333333332,,,,0.09332791804375054,0.07435000996663721
851_A2,enni,TD,51,9,5.666666666666667,0.7058823529411765,38.97169811320755,,,,0.07379874790559461,0.07435000996663721
851_A3,enni,TD,79,16,4.9375,0.5949367088607594,26.820987654320987,,,,0.08043536049047861,0.07435000996663721
851_B1,enni,TD,43,7,6.142857142857143,0.6976744186046512,38.06880733944954,,,,0.06743180965961841,0.07435000996663721
851_B2,enni,TD,61,10,6.1,0.5901639344262295,20.452473958333336,,,,0.08242241763011092,0.07435000996663721
851_B3,enni,TD,99,15,6.6,0.5454545454545454,31.914280726256983,,,,0.09537814935145507,0.07435000996663721
854_A1,enni,TD,68,6,11.333333333333334,0.6764705882352942,46.98009950248757,,,,0.08295167111390198,0.07435000996663721
854_A2,enni,TD,116,14,8.285714285714286,0.5258620689655172,29.0,,,,0.07434624968318038,0.07435000996663721
854_A3,enni,TD,199,20,9.95,0.4221105527638191,32.33218683510914,,,,0.09402436964495814,0.07435000996663721
854_B1,enni,TD,76,6,12.666666666666666,0.5789473684210527,29.575489608313347,,,,0.05174534049000744,0.07435000996663721
854_B2,enni,TD,140,14,10.0,0.5285714285714286,41.31498470948012,,,,0.054204297494032654,0.07435000996663721
854_B3,enni,TD,192,20,9.6,0.5052083333333334,38.4,,,,0.07599348972078393,0.07435000996663721
863_A1,enni,TD,44,5,8.8,0.6136363636363636,23.26548672566372,,,,0.0928192616854629,0.07435000996663721
863_A2,enni,TD,73,10,7.3,0.5616438356164384,32.41713293723117,,,,0.08749202790382836,0.07435000996663721
863_A3,enni,TD,141,16,8.8125,0.425531914893617,26.356276505513144,,,,0.1108225164295657,0.07435000996663721
863_B1,enni,TD,45,5,9.0,0.7777777777777778,56.70000000000001,,,,0.04195806970337117,0.07435000996663721
863_B2,enni,TD,60,7,8.571428571428571,0.6333333333333333,28.18840579710145,,,,0.03325075146222797,0.07435000996663721
863_B3,enni,TD,113,14,8.071428571428571,0.5132743362831859,32.95833333333333,,,,0.06607073376784751,0.07435000996663721
866_A1,enni,TD,71,10,7.1,0.4225352112676056,15.197272177308474,,,,0.09967811351667136,0.07435000996663721
866_A2,enni,TD,105,12,8.75,0.5238095238095238,28.626061383922654,,,,0.08660122552256741,0.07435000996663721
866_A3,enni,TD,140,20,7.0,0.4357142857142857,29.7429718875502,,,,0.11360161226894067,0.07435000996663721
866_B1,enni,TD,62,8,7.75,0.5967741935483871,31.0,,,,0.06564795989298554,0.07435000996663721
866_B2,enni,TD,116,14,8.285714285714286,0.4827586206896552,23.31153846153846,,,,0.07882296188310661,0.07435000996663721
866_B3,enni,TD,226,21,10.761904761904763,0.35398230088495575,28.481352368304563,,,,0.1176059108051657,0.07435000996663721
867_A1,enni,TD,82,10,8.2,0.573170731707317,24.927230046948356,,,,0.05620346521605732,0.07435000996663721
867_A2,enni,TD,116,13,8.923076923076923,0.5172413793103449,50.19324398645323,,,,0.08186564722180699,0.07435000996663721
867_A3,enni,TD,221,24,9.208333333333334,0.39819004524886875,26.378384476534293,,,,0.08316590958460844,0.07435000996663721
867_B1,enni,TD,114,11,10.363636363636363,0.5350877192982456,50.97222458166992,,,,0.08614845475312752,0.07435000996663721
867_B2,enni,TD,182,18,10.11111111111111,0.489010989010989,39.8421936509975,,,,0.0877658367526752,0.07435000996663721
867_B3,enni,TD,240,28,8.571428571428571,0.4375,37.19379333113238,,,,0.1145934009170947,0.07435000996663721
868_A1,enni,TD,61,8,7.625,0.4918032786885246,16.694982170147732,,,,0.09387346152748476,0.07435000996663721
868_A2,enni,TD,91,11,8.272727272727273,0.5274725274725275,23.625,,,,0.08736735581079547,0.07435000996663721
868_A3,enni,TD,125,19,6.578947368421052,0.448,27.12082262210797,,,,0.09229353998080843,0.07435000996663721
868_B1,enni,TD,89,12,7.416666666666667,0.5056179775280899,22.25,,,,0.0737776279438535,0.07435000996663721
868_B2,enni,TD,116,13,8.923076923076923,0.5086206896551724,28.068123393316196,,,,0.08227456337443012,0.07435000996663721
868_B3,enni,TD,171,26,6.576923076923077,0.40350877192982454,25.788572754533774,,,,0.10366852078862515,0.07435000996663721
904_A1,enni,TD,51,6,8.5,0.6666666666666666,43.12962962962963,,,,0.08079476825439438,0.07435000996663721
904_A2,enni,TD,64,6,10.666666666666666,0.625,41.06666666666668,,,,0.0674839491285795,0.07435000996663721
904_A3,enni,TD,97,13,7.461538461538462,0.6804123711340206,67.0841121495327,,,,0.10033145022437609,0.07435000996663721
904_B1,enni,TD,62,9,6.888888888888889,0.6451612903225806,32.876953125,,,,0.06489735457032707,0.07435000996663721
904_B2,enni,TD,70,9,7.777777777777778,0.5857142857142857,36.34615384615385,,,,0.07436565905214083,0.07435000996663721
904_B3,enni,TD,126,14,9.0,0.4523809523809524,39.12996272754501,,,,0.09966070348495937,0.07435000996663721
907_A1,enni,TD,55,7,7.857142857142857,0.6181818181818182,24.092038598031415,,,,0.06947159671436497,0.07435000996663721
907_A2,enni,TD,93,9,10.333333333333334,0.5591397849462365,27.38876159606572,,,,0.07112095454175417,0.07435000996663721
907_A3,enni,TD,111,14,7.928571428571429,0.5495495495495496,34.42814293166406,,,,0.07324339507342671,0.07435000996663721
907_B1,enni,TD,63,5,12.6,0.5714285714285714,27.887614678899084,,,,0.05731975752764556,0.07435000996663721
907_B2,enni,TD,91,9,10.11111111111111,0.6593406593406593,43.74311830655957,,,,0.05923150815890476,0.07435000996663721
907_B3,enni,TD,128,16,8.0,0.5703125,37.473547549496914,,,,0.09297850221037059,0.07435000996663721
908_A1,enni,TD,93,10,9.3,0.44086021505376344,18.6,,,,0.0992739499648242,0.07435000996663721
908_A2,enni,TD,163,17,9.588235294117647,0.44171779141104295,25.226190476190474,,,,0.09101693734575156,0.07435000996663721
908_A3,enni,TD,297,28,10.607142857142858,0.3569023569023569,30.955284730621095,,,,0.12122324335282049,0.07435000996663721
908_B1,enni,TD,104,10,10.4,0.4230769230769231,25.269662921348313,,,,0.09771997593618703,0.07435000996663721
908_B2,enni,TD,142,17,8.352941176470589,0.4154929577464789,22.394412015781096,,,,0.08268481765244272,0.07435000996663721
908_B3,enni,TD,295,31,9.516129032258064,0.3254237288135593,20.48567722122207,,,,0.11182406951948361,0.07435000996663721
911_A1,enni,TD,62,8,7.75,0.5483870967741935,19.328151986183073,,,,0.08230662668729104,0.07435000996663721
911_A2,enni,TD,79,10,7.9,0.5949367088607594,25.623952673538817,,,,0.09075229551037148,0.07435000996663721
911_A3,enni,TD,150,20,7.5,0.4066666666666667,20.700698757763973,,,,0.08709120088865632,0.07435000996663721
911_B1,enni,TD,79,9,8.777777777777779,0.6329113924050633,36.60992513744298,,,,0.08855220059637753,0.07435000996663721
911_B2,enni,TD,124,11,11.272727272727273,0.5967741935483871,33.04601722408736,,,,0.06437966435912267,0.07435000996663721
911_B3,enni,TD,145,21,6.904761904761905,0.47586206896551725,27.287401574803148,,,,0.09446342017231353,0.07435000996663721
912_A1,enni,TD,135,14,9.642857142857142,0.45185185185185184,25.38323353293413,,,,0.10320070952803206,0.07435000996663721
912_A2,enni,TD,218,28,7.785714285714286,0.4036697247706422,29.099236657726234,,,,0.10587565125476342,0.07435000996663721
912_A3,enni,TD,358,47,7.617021276595745,0.3547486033519553,41.47800160141599,,,,0.11823133067919243,0.07435000996663721
912_B1,enni,TD,95,12,7.916666666666667,0.5368421052631579,28.354253835425382,,,,0.09208195817571774,0.07435000996663721
912_B2,enni,TD,167,19,8.789473684210526,0.47305389221556887,42.70977011494253,,,,0.07460077912795123,0.07435000996663721
912_B3,enni,TD,302,33,9.151515151515152,0.32781456953642385,23.428972481065102,,,,0.12496815012657468,0.07435000996663721
915_A1,enni,TD,49,7,7.0,0.7142857142857143,39.85820895522389,,,,0.07803749695989615,0.07435000996663721
915_A2,enni,TD,54,8,6.75,0.6666666666666666,24.94142893208786,,,,0.0776225842672047,0.07435000996663721
915_A3,enni,TD,118,16,7.375,0.5508474576271186,37.989156920077974,,,,0.060195251674487,0.07435000996663721
915_B1,enni,TD,40,6,6.666666666666667,0.8,56.000000000000014,,,,0.06819713064307177,0.07435000996663721
915_B2,enni,TD,62,10,6.2,0.6774193548387096,38.26274061764299,,,,0.062060589418650954,0.07435000996663721
915_B3,enni,TD,120,18,6.666666666666667,0.4666666666666667,28.983694915156427,,,,0.07948109983353886,0.07435000996663721
916_A1,enni,TD,89,10,8.9,0.48314606741573035,19.504532163742688,,,,0.05465029068973417,0.07435000996663721
916_A2,enni,TD,164,21,7.809523809523809,0.4451219512195122,27.29846282547318,,,,0.0690064394559857,0.07435000996663721
916_A3,enni,TD,220,35,6.285714285714286,0.36818181818181817,22.995884773662553,,,,0.05395430827034877,0.07435000996663721
916_B1,enni,TD,112,12,9.333333333333334,0.5,26.59437751004016,,,,0.08325884667592935,0.07435000996663721
916_B2,enni,TD,131,21,6.238095238095238,0.4732824427480916,23.65981159774896,,,,0.08237056141858591,0.07435000996663721
916_B3,enni,TD,230,36,6.388888888888889,0.3869565217391304,28.836077844311376,,,,0.11674819155688412,0.07435000996663721
919_A1,enni,TD,62,6,10.333333333333334,0.6290322580645161,32.00994326490027,,,,0.03040245060412873,0.07435000996663721
919_A2,enni,TD,72,10,7.2,0.5833333333333334,31.721791938039082,,,,0.051595158347344884,0.07435000996663721
919_A3,enni,TD,138,18,7.666666666666667,0.5072463768115942,38.8490297243185,,,,0.033296169970440666,0.07435000996663721
919_B1,enni,TD,73,6,12.166666666666666,0.6301369863013698,38.599557522123895,,,,0.047093298670341455,0.07435000996663721
919_B2,enni,TD,91,10,9.1,0.5714285714285714,30.333333333333332,,,,0.027160880436587556,0.07435000996663721
919_B3,enni,TD,159,20,7.95,0.41509433962264153,22.78975227856976,,,,0.02519908012108659,0.07435000996663721
923_A1,enni,TD,50,5,10.0,0.6,20.840178609039974,,,,0.06730763293232013,0.07435000996663721
923_A2,enni,TD,83,7,11.857142857142858,0.5421686746987951,34.583333333333336,,,,0.07255359444462084,0.07435000996663721
923_A3,enni,TD,139,15,9.266666666666667,0.48201438848920863,33.63335475578406,,,,0.08321586889131696,0.07435000996663721
923_B1,enni,TD,62,6,10.333333333333334,0.6774193548387096,53.19318181818181,,,,0.0684998106887942,0.07435000996663721
923_B2,enni,TD,104,11,9.454545454545455,0.49038461538461536,24.393739703459637,,,,0.06409910453320847,0.07435000996663721
923_B3,enni,TD,153,14,10.928571428571429,0.43137254901960786,28.05,,,,0.09664583379668312,0.07435000996663721
927_A1,enni,TD,66,8,8.25,0.6060606060606061,23.670299890065877,,,,0.06972662780616606,0.07435000996663721
927_A2,enni,TD,67,10,6.7,0.6865671641791045,55.682432432432435,,,,0.09066338763214803,0.07435000996663721
927_A3,enni,TD,139,19,7.315789473684211,0.5467625899280576,44.57126497113137,,,,0.08592590162312443,0.07435000996663721
927_B1,enni,TD,71,8,8.875,0.647887323943662,49.7445568647541,,,,0.04810059026162719,0.07435000996663721
927_B2,enni,TD,89,7,12.714285714285714,0.651685393258427,59.75310058337457,,,,0.05005406049209648,0.07435000996663721
927_B3,enni,TD,161,16,10.0625,0.4968944099378882,43.644144327380715,,,,0.09827418479666147,0.07435000996663721
931_A1,enni,TD,62,8,7.75,0.46774193548387094,17.57385678877595,,,,0.08378606045696813,0.07435000996663721
931_A2,enni,TD,88,12,7.333333333333333,0.5227272727272727,20.531286272778416,,,,0.08501547702224216,0.07435000996663721
931_A3,enni,TD,123,19,6.473684210526316,0.3902439024390244,15.375,,,,0.09482552635776664,0.07435000996663721
931_B1,enni,TD,77,10,7.7,0.5974025974025974,24.167445482866043,,,,0.029467313550320607,0.07435000996663721
931_B2,enni,TD,158,16,9.875,0.43037974683544306,42.61490486257928,,,,0.06984354980976318,0.07435000996663721
931_B3,enni,TD,172,19,9.052631578947368,0.4418604651162791,30.72808988764045,,,,0.0881501061096597,0.07435000996663721
939_A1,enni,TD,54,7,7.714285714285714,0.6296296296296297,36.09219858156028,,,,0.08462966747214033,0.07435000996663721
939_A2,enni,TD,86,10,8.6,0.5930232558139535,27.852940495216917,,,,0.08089297211184897,0.07435000996663721
939_A3,enni,TD,129,18,7.166666666666667,0.46511627906976744,27.406024096385543,,,,0.11489912416171699,0.07435000996663721
939_B1,enni,TD,72,7,10.285714285714286,0.5972222222222222,32.875169774046185,,,,0.06656690426276596,0.07435000996663721
939_B2,enni,TD,90,9,10.0,0.5888888888888889,41.274834437086085,,,,0.07019422147481712,0.07435000996663721
939_B3,enni,TD,178,21,8.476190476190476,0.4606741573033708,38.90504306751876,,,,0.10252241486794982,0.07435000996663721
947_A1,enni,TD,41,7,5.857142857142857,0.6829268292682927,26.33189655172414,,,,0.05030571415543234,0.07435000996663721
947_A2,enni,TD,58,8,7.25,0.7586206896551724,52.70802919708029,,,,0.06470154210649709,0.07435000996663721
947_A3,enni,TD,98,19,5.157894736842105,0.6122448979591837,46.70889894419306,,,,0.07613893876533954,0.07435000996663721
947_B1,enni,TD,34,5,6.8,0.6764705882352942,30.73076923076923,,,,0.04311452975458993,0.07435000996663721
947_B2,enni,TD,70,9,7.777777777777778,0.5857142857142857,18.905440414507773,,,,0.05470181073681208,0.07435000996663721
947_B3,enni,TD,83,15,5.533333333333333,0.5903614457831325,41.5,,,,0.0848927871070852,0.07435000996663721
949_A1,enni,TD,69,7,9.857142857142858,0.5652173913043478,21.328488372093023,,,,0.06323027434815495,0.07435000996663721
949_A2,enni,TD,149,20,7.45,0.4697986577181208,28.504347826086956,,,,0.08443221637940573,0.07435000996663721
949_A3,enni,TD,179,20,8.95,0.45251396648044695,27.702380952380953,,,,0.09349330058714822,0.07435000996663721
949_B1,enni,TD,60,6,10.0,0.6333333333333333,45.84905660377358,,,,0.03708879185453085,0.07435000996663721
949_B2,enni,TD,92,10,9.2,0.5869565217391305,48.82282394181537,,,,0.052831572876627896,0.07435000996663721
949_B3,enni,TD,180,20,9.0,0.4777777777777778,34.604651162790695,,,,0.08306670653614279,0.07435000996663721
951_A1,enni,TD,40,5,8.0,0.675,30.825688073394495,,,,0.07536695845517748,0.07435000996663721
951_A2,enni,TD,63,7,9.0,0.5238095238095238,21.0,,,,0.07305246564619644,0.07435000996663721
951_A3,enni,TD,100,12,8.333333333333334,0.47,23.744979919678716,,,,0.08947009519164675,0.07435000996663721
951_B1,enni,TD,42,6,7.0,0.7619047619047619,49.391999999999996,,,,0.04680596252260871,0.07435000996663721
951_B2,enni,TD,62,8,7.75,0.5806451612903226,27.798411122144987,,,,0.05735715429342588,0.07435000996663721
951_B3,enni,TD,109,13,8.384615384615385,0.48623853211009177,30.938082191780822,,,,0.07956313890088852,0.07435000996663721
955_A1,enni,TD,150,16,9.375,0.44,28.275862068965516,,,,0.07961777698417694,0.07435000996663721
955_A2,enni,TD,203,24,8.458333333333334,0.39901477832512317,33.03386893509767,,,,0.09242171922650878,0.07435000996663721
955_A3,enni,TD,389,46,8.456521739130435,0.3161953727506427,28.081998061241947,,,,0.10195977516230845,0.07435000996663721
955_B1,enni,TD,173,20,8.65,0.4046242774566474,29.985414259969502,,,,0.09003069718328131,0.07435000996663721
955_B2,enni,TD,440,47,9.361702127659575,0.34545454545454546,43.20289855072464,,,,0.08975113527479041,0.07435000996663721
955_B3,enni,TD,339,41,8.268292682926829,0.3333333333333333,33.36447260161264,,,,0.10813216598125726,0.07435000996663721
956_A1,enni,TD,55,9,6.111111111111111,0.6363636363636364,23.69496855345912,,,,0.06302813916400789,0.07435000996663721
956_A2,enni,TD,83,12,6.916666666666667,0.6385542168674698,60.46019014971726,,,,0.10588730654417361,0.07435000996663721
956_A3,enni,TD,168,22,7.636363636363637,0.4642857142857143,23.717786372300846,,,,0.10530925331441303,0.07435000996663721
956_B1,enni,TD,67,9,7.444444444444445,0.6268656716417911,33.5,,,,0.021639098252399184,0.07435000996663721
956_B2,enni,TD,111,14,7.928571428571429,0.5585585585585585,39.76168296250673,,,,0.09470743630785967,0.07435000996663721
956_B3,enni,TD,199,25,7.96,0.457286432160804,37.90819089681711,,,,0.10596112881091417,0.07435000996663721
959_A1,enni,TD,79,10,7.9,0.5443037974683544,30.89969284052988,,,,0.10197714798575575,0.07435000996663721
959_A2,enni,TD,92,12,7.666666666666667,0.5869565217391305,33.1902206320811,,,,0.07623835099297796,0.07435000996663721
959_A3,enni,TD,137,19,7.2105263157894735,0.46715328467153283,39.70301692905606,,,,0.09473885746382024,0.07435000996663721
959_B1,enni,TD,76,8,9.5,0.618421052631579,29.645390070921984,,,,0.06663665567980424,0.07435000996663721
959_B2,enni,TD,66,10,6.6,0.6363636363636364,32.36407005209968,,,,0.05841667275967854,0.07435000996663721
959_B3,enni,TD,168,20,8.4,0.5119047619047619,36.89729340562917,,,,0.10260437720501801,0.07435000996663721
960_A1,enni,TD,89,10,8.9,0.5730337078651685,25.10136271960559,,,,0.09433989667134131,0.07435000996663721
960_A2,enni,TD,144,16,9.0,0.4513888888888889,28.145454545454548,,,,0.09993537637061566,0.07435000996663721
960_A3,enni,TD,192,23,8.347826086956522,0.4947916666666667,36.98823529411764,,,,0.105182912188012,0.07435000996663721
960_B1,enni,TD,87,8,10.875,0.47126436781609193,24.5663357400722,,,,0.05501020902240093,0.07435000996663721
960_B2,enni,TD,150,17,8.823529411764707,0.44666666666666666,24.377519032691445,,,,0.0547598510051424,0.07435000996663721
960_B3,enni,TD,262,31,8.451612903225806,0.3816793893129771,24.36505165522962,,,,0.08075517619668753,0.07435000996663721
963_A1,enni,TD,48,7,6.857142857142857,0.6041666666666666,22.18181818181818,,,,0.08269009266409373,0.07435000996663721
963_A2,enni,TD,84,10,8.4,0.5595238095238095,37.35533438100227,,,,0.10107086624435431,0.07435000996663721
963_A3,enni,TD,158,17,9.294117647058824,0.44936708860759494,37.622623574144484,,,,0.09544830738006904,0.07435000996663721
963_B1,enni,TD,65,7,9.285714285714286,0.6307692307692307,38.534201954397396,,,,0.04757771489291993,0.07435000996663721
963_B2,enni,TD,105,13,8.076923076923077,0.5523809523809524,30.625,,,,0.05738649400835073,0.07435000996663721
963_B3,enni,TD,154,20,7.7,0.461038961038961,30.033705768863825,,,,0.08641605784434733,0.07435000996663721
964_A1,enni,TD,97,7,13.857142857142858,0.5670103092783505,40.41666666666667,,,,0.08211954818422726,0.07435000996663721
964_A2,enni,TD,96,13,7.384615384615385,0.625,55.47141560798548,,,,0.08901402085089859,0.07435000996663721
964_A3,enni,TD,155,19,8.157894736842104,0.4967741935483871,40.931291390728475,,,,0.08251478660280459,0.07435000996663721
964_B1,enni,TD,87,8,10.875,0.6666666666666666,53.634526157058346,,,,0.0639992276176941,0.07435000996663721
964_B2,enni,TD,147,12,12.25,0.5034013605442177,40.45129636122799,,,,0.06683315192907226,0.07435000996663721
964_B3,enni,TD,204,18,11.333333333333334,0.46078431372549017,40.8,,,,0.08918010158496574,0.07435000996663721
967_A1,enni,TD,42,5,8.4,0.6190476190476191,27.231707317073173,,,,0.0699918100268664,0.07435000996663721
967_A2,enni,TD,50,8,6.25,0.74,50.0,,,,0.058196538046500774,0.07435000996663721
967_A3,enni,TD,98,14,7.0,0.5,32.666666666666664,,,,0.09482411459690361,0.07435000996663721
967_B1,enni,TD,45,7,6.428571428571429,0.7333333333333333,45.0,,,,0.05651934178472498,0.07435000996663721
967_B2,enni,TD,48,7,6.857142857142857,0.7916666666666666,64.512,,,,0.0441540679438473,0.07435000996663721
967_B3,enni,TD,101,16,6.3125,0.5346534653465347,33.666666666666664,,,,0.07733101998608045,0.07435000996663721
969_A1,enni,TD,76,7,10.857142857142858,0.5394736842105263,26.045364891518737,,,,0.11594566054832003,0.07435000996663721
969_A2,enni,TD,80,10,8.0,0.6125,34.41340782122905,,,,0.06773791529083548,0.07435000996663721
969_A3,enni,TD,157,18,8.722222222222221,0.3630573248407643,21.652170468948036,,,,0.0975891813499767,0.07435000996663721
969_B1,enni,TD,73,7,10.428571428571429,0.5342465753424658,22.911993769470403,,,,0.08711484748788736,0.07435000996663721
969_B2,enni,TD,124,12,10.333333333333334,0.532258064516129,26.14660633484163,,,,0.07658945826236903,0.07435000996663721
969_B3,enni,TD,142,15,9.466666666666667,0.43661971830985913,27.638902453203116,,,,0.09584304187261321,0.07435000996663721
971_A1,enni,TD,55,7,7.857142857142857,0.7090909090909091,46.12903225806452,,,,0.07946873326843412,0.07435000996663721
971_A2,enni,TD,57,6,9.5,0.7192982456140351,57.0,,,,0.0880250432524954,0.07435000996663721
971_A3,enni,TD,101,12,8.416666666666666,0.5445544554455446,35.23680404916847,,,,0.09043120128001862,0.07435000996663721
971_B1,enni,TD,52,8,6.5,0.6923076923076923,52.0,,,,0.05691462325072538,0.07435000996663721
971_B2,enni,TD,62,8,7.75,0.6612903225806451,40.219058388157904,,,,0.07991353102597334,0.07435000996663721
971_B3,enni,TD,134,15,8.933333333333334,0.582089552238806,58.78921568627452,,,,0.1046768849263606,0.07435000996663721
974_A1,enni,TD,66,10,6.6,0.5909090909090909,33.0,,,,0.07117571252021161,0.07435000996663721
974_A2,enni,TD,76,12,6.333333333333333,0.5394736842105263,23.598173515981735,,,,0.04744009698247087,0.07435000996663721
974_A3,enni,TD,144,20,7.2,0.4166666666666667,27.0,,,,0.02486870487959036,0.07435000996663721
974_B1,enni,TD,66,8,8.25,0.45454545454545453,14.41,,,,0.06370779662047811,0.07435000996663721
974_B2,enni,TD,88,14,6.285714285714286,0.5454545454545454,32.231031543052005,,,,0.08118556867960862,0.07435000996663721
974_B3,enni,TD,144,21,6.857142857142857,0.5069444444444444,23.432892249527413,,,,0.09870609123087264,0.07435000996663721
