doc_id,gain128,baseline_nll,token_count,age_group,task,L50,L80,L90,tail_33_128,tail_65_128,mean_lag,p_0,p_1,p_2,p_3,p_4,p_5,p_6,p_7,p_8,p_9,p_10
ECSC_4051_1_120M_4051_YR1,1.9350561140045044,2.8783019959926603,764,10+yr,,10.86157912420415,34.19448348982128,98.88221523680414,0.20491165057130223,0.11698443811216874,25.60432046717436,0.12316551147605032,0.12884451132531882,0.15856758934090612,0.1441073119510083,0.03357533308722642,0.09522039625433106,0.11160769599385674,0.06167917698096834,0.026248035478165146,0.010520295142119532,0.1064641429700492
ECSC_4040_1_122F_4040_YR1,1.5212306461026592,2.6367275953292846,659,10+yr,,9.17884091699667,29.144078504696562,71.14592388704224,0.17244180863607028,0.11326141214378657,20.780239159715187,0.11479931619546554,0.1837559602995309,0.19203615874303798,0.1578257076730486,0.054171071236369765,0.05742353384793616,0.06754644336854077,0.04833457971290449,0.010845816779379224,0.06689047635687932,0.04637093578690726
ECSC_4041_1_122F_4041_YR1,2.0605395929467294,2.140789595246315,592,10+yr,,13.301788840749778,35.00269172579067,56.43134017262026,0.20869440729177213,0.055620824308412274,22.296740758568287,0.10173284901649671,0.14218348125216457,0.11508583062579035,0.1328992223265143,0.08050612566303068,0.14196322310789064,0.07693486071634062,0.06512041154266604,0.08795317144069381,0.01972820148906375,0.035892622819348526
ECSC_4058_1_122M_4058_YR1,1.7248711095702265,2.1790322601795196,292,10+yr,,9.359311108001952,23.31602610677077,39.79100012619824,0.12833256165978416,0.027305907854540706,15.759837044965433,0.09510438626371355,0.17722189698121915,0.2129893604569673,0.12260424994726357,0.082074333943941,0.12191849650886963,0.05975471423824169,0.0625811245765171,0.03844552922872632,0.02643470619055084,0.0008712016639898662
ECSC_4061_1_122M_4061_YR1,2.07643784013006,2.173400043696165,533,10+yr,,10.217260168301769,29.34298943333165,42.846775560311926,0.15895828964255831,0.047840982579526584,17.854162164948487,0.1582493606050378,0.14713612068316867,0.1470659080270299,0.11718598518942636,0.11032903338784694,0.052949284410613716,0.10812601805431832,0.08981359829129167,0.02130370877174005,0.03358166220942606,0.014259320370100524
ECSC_4077_1_123F_4077_YR1,1.9097362850942925,2.011741405725479,312,10+yr,,10.2063626262451,29.958237914311574,55.636742457331,0.18739832244932222,0.059224070868997294,19.44533307690893,0.10291327825616224,0.16173068996741877,0.18926726646635775,0.11461420713981106,0.10135419531635982,0.099518307965288,0.04320373243928012,0.05504019659702548,0.07313405498329947,0.0460549444923085,0.013169126376688791
ECSC_4052_1_124M_4052_YR1,2.2367303704061814,3.026408702135086,369,10+yr,,10.788658943996978,29.721329509361922,51.78958059236827,0.18151212080678664,0.03839511223953864,18.993526249444347,0.09090359989728858,0.14409552995971228,0.21597736379884366,0.08222390273229922,0.08022811891996727,0.14826521357499814,0.05679415031010419,0.0674379278118925,0.07567908075535552,0.033196859409827785,0.005198252829710853
ECSC_4065_1_125F_4065_YR1,1.6391233259631743,2.0037419319152834,395,10+yr,,7.688035626485271,22.40517507946076,41.79662593222576,0.14679573453183212,0.03208804078606353,15.736988232771191,0.09328373035974538,0.15487438533512216,0.28106980631922607,0.12534872598123303,0.08737706574584511,0.07517314385537509,0.03607740787162104,0.0797960517345615,0.03491164201120708,0.023077767478921894,0.009010273307141638
ECSC_4043_1_126F_4043_YR1,1.8474533325241456,2.010348790884018,482,10+yr,,7.778274008164824,27.293120598916396,50.801437562228635,0.1637156061676636,0.04900751870290111,17.874479377508834,0.13925306732217088,0.13004434587063585,0.24911429124254936,0.11330562975730461,0.052570622737934544,0.09803483406826205,0.05396160283347912,0.05675577462290716,0.05795231284185532,0.031083176571013695,0.017924342131887417
ECSC_4067_1_128F_4067_YR1,1.8147703276526543,2.52172891497612,377,10+yr,,7.309755164833877,35.60975386964215,65.45863974329662,0.20949773140745584,0.1008922449259077,20.74048370027264,0.1309025231541857,0.1958181153189831,0.22506198600399246,0.09590402675389678,0.06631390080874171,0.054534676939659514,0.021967039613084875,0.05458981123433347,0.05401567524721466,0.060307884581324696,0.04058436034458301
ECSC_4073_1_129F_4073_YR1,1.8084436389707752,2.412418282032013,496,10+yr,,11.0482098978365,34.185101497604656,53.43624181400945,0.20735416651607824,0.06601630912284041,20.842404665374335,0.07326708516311876,0.13731570883048444,0.17554444377907497,0.16678871000614284,0.041634800788190165,0.1510712333865974,0.04702385153031321,0.09308274267152594,0.04825511472171188,0.05013643073957893,0.015879878383261485
ECSC_4053_1_129M_4053_YR1,1.798230017385175,2.490585136413574,578,10+yr,,9.392448884152891,33.85134256240256,70.35011757843893,0.20185381922445522,0.11387203877290758,22.1913019613354,0.134525350426375,0.17737429828459123,0.1732251523878002,0.1137105964768519,0.06146170128102558,0.05724734752627602,0.08060173439262486,0.032662866388770424,0.055318914062777225,0.08037827125391973,0.033493767518987846
ECSC_1059_1_132F_1059_YR1,1.7051634261685034,2.3697845339775085,274,10+yr,one_frog_too_many,10.298869436760206,23.14641241292785,41.68041317354857,0.14270106847876315,0.033798014361946675,17.00411726551435,0.056709251398728976,0.09544321205444414,0.24314830649942695,0.2418239133608823,0.06488326010932204,0.11160077618573161,0.04369021191270082,0.07378865664289515,0.035114397473921324,0.024471494570227712,0.009326519791718965
ECSC_4046_1_132F_4046_YR1,1.926895406457685,2.127518376708031,654,10+yr,,15.84169296371512,46.70576602864307,81.58623214570048,0.28963347251738075,0.164083044797201,28.826313081794183,0.05113252718449229,0.11814532406323551,0.14377305625504422,0.10584725327539038,0.08561991769421207,0.12108075619092416,0.08476769281932063,0.09809755142112336,0.02745287629905638,0.1197724939131631,0.044310550884037916
ECSC_4063_1_132F_4063_YR1,1.949718542901739,1.658692928403616,481,10+yr,,10.952501671821473,27.814341057039293,56.93539961019161,0.17300608475216492,0.07610658094940395,20.734684774470097,0.06379770706815975,0.17237576215137054,0.19563690547710277,0.10477270204806438,0.10682484382298739,0.13844199004197247,0.04514400463817778,0.04616750680601793,0.050731996996743016,0.0408699245942893,0.03523665635511466
ECSC_4087_1_132M_4087_YR1,1.6239340777358702,2.600867065787315,384,10+yr,,7.447372110271257,19.32705786416168,31.586426571084722,0.09693406699579032,0.03717327218279031,14.614962921167427,0.13397182090038254,0.16453990390984957,0.24698525534080096,0.1643185888258435,0.06470100555215523,0.07665644290329594,0.05189291557188193,0.03678707236029929,0.022973722452700726,0.01409651374407053,0.023076758438719782
ECSC_4032_1_134M_4032_YR1,1.6399886585531696,2.6184587731957434,401,10+yr,,9.283981920902525,39.76686556608627,62.26419772099719,0.23246729913245778,0.09208306293560733,22.853083687039096,0.09231261825954833,0.17133180417870794,0.22963387916193648,0.0710083766436075,0.052985100371583216,0.09781686316131179,0.05244405909084694,0.07196972988906782,0.06841450630778263,0.04784307205384217,0.04423999088176517
ECSC_4072_1_135F_4072_YR1,1.9785301678603695,3.061508658528328,491,10+yr,,14.601032713517201,46.096788599917936,66.85987715498558,0.34801900134352415,0.10407796955467907,27.073477934589498,0.051224092010454775,0.13594568087364078,0.2120014518004023,0.0566713722229009,0.0827417254871594,0.060962862675652284,0.052433813586265456,0.16952896530427028,0.0744120664845748,0.06797064841415833,0.036107321140520746
ECSC_2025_1_135M_2025_YR1,1.9777227917025164,3.056775164604187,849,10+yr,,15.848631952512521,49.0654455186815,80.72499777177462,0.26923989913569946,0.13210926582621507,28.729647653155208,0.07054139609753995,0.07472854130265882,0.1409466850177459,0.12578598419316345,0.09267331988389343,0.14291100868919845,0.08317316568010052,0.06894239147872662,0.06818824183075778,0.06329967450929053,0.06880959131692455
ECSC_4038_1_135M_4038_YR1,1.3353981656412928,2.5639073133468626,184,10+yr,,7.134930241399801,28.446183859822877,38.50426683645564,0.13821156605626717,0.008620344964998371,14.515114825809825,0.09111519139189249,0.21643355209671647,0.2704321473078295,0.10751741934731726,0.03385491186493704,0.020729692981384593,0.1217055189536556,0.10413257712140349,0.025458643969865302,0.008620344964998371,0.0
ECSC_4028_1_136F_4028_YR1,1.4966452091932296,2.4844808131456375,733,10+yr,,7.733243731839016,23.137938384897083,44.271478670505665,0.15616056916247886,0.058793247623798006,18.201971098837276,0.09939188073415899,0.16023898518300014,0.2638284298792977,0.12706280387267713,0.1026358788385528,0.05342089312154033,0.03726055920829406,0.07473806783146579,0.022629253707215063,0.003811151068102305,0.0549820965556957
ECSC_4078_1_136F_4078_YR1,1.6604682831033586,2.3957349807024,337,10+yr,,6.989402616940922,20.094532105500495,31.424567826867246,0.0940179069849846,0.06981724038171896,15.80150086128123,0.13646243800572483,0.18800299955048547,0.264704430790947,0.08239947144880491,0.10211538611216002,0.059526581842765866,0.07277078526412732,0.024200666603265645,0.0,0.03926495285356105,0.030552287528157925
ECSC_4064_1_138F_4064_YR1,2.135559797671534,2.417106592655182,497,10+yr,,14.243769845405433,38.953697168687384,61.59161351120494,0.23585890298143664,0.09129449344451042,23.9973361197231,0.09006438505388323,0.11143224427716765,0.18577477501590203,0.07099400457816651,0.10066474411415523,0.12063489070903931,0.08457605327024939,0.09034445815458399,0.05421995138234222,0.056775821461406153,0.034518671983104265
ECSC_4088_1_138F_4088_YR1,1.5643313077188308,2.6086267948150637,352,10+yr,,11.706603812746955,29.92044052242267,43.35200047954716,0.17129885376057477,0.0321590704664166,18.832835030638826,0.12541877833815762,0.11235764965157927,0.1615732492019658,0.11156083021934293,0.05815069823041036,0.16302908342256567,0.09661085717540359,0.10331170371578238,0.03582807957837579,0.022973638622082834,0.009185431844333767
ECSC_4035_1_59F_4035_YR1,1.5934251980435463,3.183713659644127,219,5yr,,11.476073457654508,53.15931880118236,73.3221718341751,0.3390440358692352,0.12153479543305729,26.96910035311783,0.15422346809369739,0.1544829441396556,0.15113299603149208,0.048658400998971306,0.04866579254632606,0.0764894452501451,0.02730291707047728,0.10893875054551358,0.10857048989066434,0.08021687988745281,0.04131791554560447
ECSC_4004_1_61F_4004_YR1,1.717364983597109,2.8946686327457427,190,5yr,,11.654205944468005,47.53057821507275,63.74607986993322,0.31368970765898874,0.09834129434265233,25.65524509954713,0.07414572573802247,0.17074111117563154,0.16973622106841066,0.09649998207096204,0.034621123620234756,0.05833550629314622,0.08223062237460362,0.11736254329616706,0.09798587002016931,0.08013561903831888,0.018205675304333452
ECSC_3007_1_61M_3007_YR1,1.6007560668453091,2.571771812438965,135,5yr,,9.192900407200174,19.792344408305322,27.630843506308736,0.037945334985374814,0.0,11.887054208908767,0.13711342736272342,0.12742089192527034,0.22534208158287117,0.15744288894055633,0.11111437015690295,0.1042007495050779,0.09942025554122318,0.037945334985374814,0.0,0.0,0.0
ECSC_1013_1_62F_1013_YR1,1.4351792746974574,2.628616464138031,238,5yr,frog_on_his_own,7.7722872467914295,22.364945461464444,45.645614777746964,0.1335781265641878,0.06941110955302607,17.41122379721315,0.12334359205394935,0.0638024051875297,0.33855150088138464,0.15390912551316108,0.028856845533003734,0.11943377997395181,0.03852462429283186,0.0398297676558311,0.02433724935533062,0.04923153525107394,0.020179574301952136
ECSC_1013_2_62F_1013_YR2,1.6192477780003702,2.4619534492492674,347,5yr,one_frog_too_many,7.44740013204996,21.538695980487756,39.94012304244869,0.12408134305347886,0.03622652519139294,14.86834081580673,0.14415325097788328,0.1894949528351317,0.20391246287256679,0.14685759282651267,0.06009837186372485,0.08557162278305368,0.04583040278764818,0.052048089578931485,0.03580672828315445,0.0317775039823238,0.004449021209069139
ECSC_1013_3_62F_1013_YR3,1.5653386662083286,2.6239634275436403,178,5yr,boy_dog_frog,7.470510422018164,21.73300664130808,30.4443975664228,0.08152027906595864,0.014579926765846544,13.153227029422416,0.1789519517683006,0.12342281718000013,0.23998105325569688,0.12171331076747567,0.062182844057734846,0.10907150568731598,0.08315623821751726,0.05938079812886954,0.0075595541712425605,0.011403004945596582,0.0031769218202499627
ECSC_3004_1_62F_3004_YR1,1.4606497010877058,2.937181520462036,428,5yr,,7.163270540237854,21.972673001442956,50.321039461116854,0.17401176124672993,0.05982421463329149,16.773490505195735,0.10578156376439744,0.17496093832341988,0.3040639076350677,0.09595939254850117,0.06613542822234747,0.07474679843939126,0.004340209820145156,0.07013180284638815,0.0440557437670503,0.051756715232440076,0.008067499400851413
ECSC_1037_1_63M_1037_YR1,1.4514828630032075,2.6157855331897735,240,5yr,frog_where_are_you,7.582010189432738,25.114851765576045,52.53599436345233,0.14886750548532965,0.07801439981421364,18.006364345670296,0.12370152833440035,0.16156043057012137,0.24950099961765243,0.1268344982601594,0.09879157593585969,0.038758021626409636,0.05198544017006746,0.042086197031832466,0.02876690863928354,0.04728786935434994,0.030726530459863694
ECSC_1037_2_63M_1037_YR2,1.6024134582569525,2.649327827990055,345,5yr,frog_where_are_you,7.835137373898004,22.221296508756975,42.737230660087725,0.14935644591774308,0.05419977534221191,16.716224722140606,0.11853200729491627,0.17283071177283663,0.22076949376748473,0.10380482310202038,0.10624772911748463,0.10432402061503958,0.024134768412474694,0.07603257174555512,0.019124098829976045,0.037994187256918666,0.016205588085293245
ECSC_1037_3_63M_1037_YR3,1.3560656855183262,2.422038316726685,328,5yr,frog_where_are_you,7.624284676292376,29.06305019135693,44.273066220973554,0.1778642420055362,0.027246213861442138,17.147754673557635,0.07292138199619116,0.16212055860196467,0.3028917500400674,0.08864014711236011,0.0707421260928454,0.0720608721206852,0.05275892203034984,0.10360656162118821,0.047011466522905845,0.011019310086986424,0.016226903774455716
ECSC_2017_1_63M_2017_YR1,2.081492363252947,2.6159124612808227,280,5yr,,10.761584899555658,30.244661301788724,45.590827979597854,0.17504849836946038,0.026383807485373636,18.290962310961127,0.06395243190856768,0.12642513974937034,0.22861508885067738,0.1379564609888811,0.09416311204652544,0.07433681218341223,0.0995024559031055,0.08940853432085805,0.05925615656322868,0.026383807485373636,0.0
ECSC_4071_1_63M_4071_YR1,1.6227771828251505,3.25033700466156,249,5yr,,10.738818861613417,41.37825942605157,61.81030773592981,0.2369227513999132,0.0878949032137733,22.833443526683222,0.05508913766144111,0.16080235523074685,0.22592185211954247,0.10038996517603686,0.06314988975800843,0.08737909614157094,0.07034495251274013,0.06610457409286766,0.08292327409327223,0.07177931136965328,0.016115591844120022
ECSC_1017_1_64F_1017_YR1,1.6157398977587298,2.584545946121216,384,5yr,boy_dog_frog,9.22819609524908,31.11839964465019,49.517268800330825,0.1918843382376067,0.05630712154099923,19.57345279075177,0.03643306251814741,0.1554483490334619,0.30159040981818774,0.08582327348428885,0.10081255845297846,0.06356879629755097,0.06443921215777798,0.0903237926117925,0.04525342408481496,0.0324278519732041,0.02387926956779513
ECSC_1017_2_64F_1017_YR2,1.3993376439617526,2.5361335277557373,183,5yr,frog_where_are_you,7.897356773696643,25.15228824931642,38.06494458163297,0.11663166258064532,0.007393951736220692,14.550005664283974,0.14403606371068334,0.2036675106907593,0.1576917557904818,0.13574386818526643,0.07595475698160296,0.08105199198591652,0.08522239007464424,0.04925521586442423,0.0599824949800004,0.007393951736220692,0.0
ECSC_1017_3_64F_1017_YR3,2.0176150231592116,1.990817552804947,390,5yr,boy_dog_frog,7.344129651981909,29.081629662926133,46.664186935921094,0.17187979176471282,0.06836960196062222,17.748808711069113,0.13374153885827683,0.16814093834797245,0.253549358022385,0.11880394062030208,0.04277074536035524,0.04366458533166488,0.0674491016943307,0.07890677151351484,0.024603418290575763,0.05158768408413969,0.01678191787648254
ECSC_4050_1_64F_4050_YR1,1.6100513336158566,2.7239943891763687,340,5yr,,10.204694354740326,31.3269159378953,47.05018426807145,0.19365360161936698,0.060435583530392994,19.23241634581948,0.12402972547166351,0.19333311840320183,0.15148526524768674,0.07757625182238621,0.11385711610125643,0.08006307822806169,0.06600184310637663,0.09998474023453631,0.03323327785443767,0.041526192692597524,0.018909390837795467
ECSC_1032_1_64M_1032_YR1,1.656560805536086,2.876895713806152,214,5yr,boy_dog_frog,7.848876649391159,33.562590919761455,67.99899137951982,0.2021795936545526,0.10595799166047756,21.536574002189546,0.1214425283261136,0.17465237612582557,0.21472157693275729,0.12005619454951362,0.04878419182227748,0.05554976331772255,0.0626137752712373,0.05811310433547445,0.03810849765860058,0.06158661966690009,0.04437137199357746
ECSC_1032_2_64M_1032_YR2,1.9321117516486872,3.144519591331482,181,5yr,one_frog_too_many,9.653503681278917,20.78904053250908,29.05952967553213,0.06691761161228246,0.014102303276418062,13.472699249266075,0.0499624506735519,0.15803494278052693,0.2514221929859216,0.1862900610471674,0.0901821921143056,0.11843555616242464,0.07875499262381964,0.0528153083358644,0.0,0.014102303276418062,0.0
ECSC_1032_3_64M_1032_YR3,1.979105693870975,2.486517232656479,478,5yr,one_frog_too_many,11.720500326461682,43.58212678729664,77.26154552032975,0.2624675738342415,0.13632060903288318,25.36980956513838,0.09732146820064498,0.1589154237385032,0.1384090725571984,0.11617793368252671,0.10393929004934002,0.07076390883416181,0.052005329103383346,0.08854681354209955,0.03760015125925879,0.0918268319562611,0.044493777076622096
ECSC_1055_1_64M_1055_YR1,1.6941777244690923,2.28556170463562,306,5yr,one_frog_too_many,9.501132388279867,42.482371530562155,59.57220502515382,0.25711008090987986,0.07203631614095139,21.286091037345784,0.12217431226036328,0.12341694134518508,0.23941954718835448,0.08973197236890257,0.06049210056168678,0.08479533974811873,0.022859705617509177,0.0903414521237816,0.09473231264514691,0.06905543958598678,0.0029808765549646098
ECSC_1055_2_64M_1055_YR2,1.9810589136615877,3.0393567800521852,265,5yr,one_frog_too_many,10.708223608318951,47.978353138126025,75.4874194032136,0.24524219468296748,0.13792830337569123,24.70474773328474,0.09802392477673444,0.18758118764607684,0.16404772015571178,0.08842021707747491,0.054709241734140546,0.09634481458724996,0.06563069933964406,0.045307579143470604,0.06200631216380562,0.11211312902067501,0.02581517435501622
ECSC_1055_3_64M_1055_YR3,1.6127744674682618,2.7540782928466796,354,5yr,one_frog_too_many,7.708623925438896,26.033613108690506,44.542013650516594,0.13060797005363223,0.07058796611067515,17.442808944250213,0.1317611541392237,0.17464546427490568,0.21441889341042478,0.0916287572956234,0.05501158967986001,0.12051270962037741,0.08141346152595273,0.0397781153883772,0.02024188855457988,0.06269392143037353,0.007894044680301622
ECSC_2005_1_64M_2005_YR1,1.7059194214882387,2.8109102845191956,107,5yr,,11.029697210327726,49.54852764441819,56.774263822209065,0.3098399057998337,0.0,23.216676930590207,0.10548969021062862,0.1470530146972857,0.18063640178483678,0.09876482014249652,0.0,0.005818526000614301,0.15239764136430436,0.10224860117811017,0.20759130462172357,0.0,0.0
ECSC_4001_1_64M_4001_YR1,1.6427715670677925,2.9388824462890626,130,5yr,,9.53252236183084,28.011289433021794,36.240503977550944,0.11541885611850848,0.044046364870274496,17.03980620944902,0.13927554928601987,0.13448759304872376,0.21785747338142022,0.04720581641882899,0.0438876212524171,0.15343114929742882,0.14843594119665288,0.07137249124823399,0.0,0.044046364870274496,0.0
ECSC_4002_1_64M_4002_YR1,1.8618909951179257,2.592317748069763,333,5yr,,10.636504671272133,33.28504802944339,78.56665240037469,0.2009546912199235,0.13369680041598409,23.973436718413215,0.10200261095814005,0.15013728409501984,0.1918776256667018,0.102625700243104,0.09338410727546205,0.06114050837730402,0.09787747216434482,0.050238439910685787,0.017019450893253598,0.07699768388454026,0.05669911653144381
ECSC_4012_1_65F_4012_YR1,1.705946047075333,2.5505818843841555,341,5yr,,10.133661999671382,27.569151399261926,51.92323700696654,0.15763703606584162,0.048560244947506145,18.134036416987094,0.12803688462075877,0.14808747601405786,0.17383117987727265,0.1324322227500354,0.10176277641453568,0.09128602386329056,0.06692640039420746,0.04518580259496144,0.06389098852337405,0.039187051742969964,0.009373193204536178
ECSC_1020_1_65M_1020_YR1,1.5485750097420907,2.727734777331352,227,5yr,boy_dog_frog,10.060459175094365,27.090140574361442,47.58629466310335,0.1527541221810716,0.05710396672926496,18.329603093757072,0.09673214407667377,0.16037271829615662,0.18567142718793583,0.16188377200133533,0.06513369757765482,0.11009354156685729,0.06735857711231477,0.05425036659362965,0.041399788858176974,0.04265447994996682,0.014449486779298141
ECSC_1020_2_65M_1020_YR2,1.4718498402064848,2.9435335248708725,437,5yr,one_frog_too_many,9.248205668270899,29.68049323889348,46.09369223079072,0.18269376358308728,0.05797924656046231,17.99729161527964,0.09365151116073082,0.17167097501721457,0.22409528149762437,0.1279048024747007,0.06659567728821218,0.08115979247142699,0.05222819650700312,0.09473313041751458,0.029981386605110398,0.05358987030261343,0.004389376257848877
ECSC_1020_3_65M_1020_YR3,1.5974619882722056,2.73039990067482,337,5yr,frog_on_his_own,9.513524236025226,30.23417560314556,46.997283084681904,0.19019853884059085,0.07620604754451107,19.520277801317462,0.1058620416142199,0.19883911722936373,0.1753575540089876,0.11649666606844837,0.10523358181287688,0.06915799811028393,0.03885450231522876,0.0966600499842357,0.01733244131184406,0.03798955584229853,0.038216491702212536
ECSC_1053_1_65M_1053_YR1,1.545553967020204,2.6821139737963677,304,5yr,frog_where_are_you,7.751656764057881,18.04941200675247,38.0103588394914,0.11497916260438663,0.03207317346294717,14.271073405034194,0.13020851015235518,0.12693071598120467,0.26477950706499964,0.19138653538292524,0.07793506544398895,0.05843049386430943,0.0353500095058302,0.04484458025138205,0.03806140889005742,0.03154338264671521,0.0005297908162319624
ECSC_1053_2_65M_1053_YR2,1.879933180539839,2.6727236330509188,436,5yr,boy_dog_frog,9.510173079044947,31.903702853853225,51.055078817131815,0.19900355224409433,0.06852835173723909,19.952634339780726,0.1443869319260788,0.1362707946410535,0.20236321136572152,0.09984295191897115,0.0572569030249735,0.08844220725942943,0.07243344761967778,0.09400725162770888,0.03646794887914637,0.04341942753915874,0.025108924198080355
ECSC_1053_3_65M_1053_YR3,1.6379343398155704,2.521883237361908,307,5yr,frog_where_are_you,9.745674138260092,34.877578016545165,57.73297565400699,0.21314620792711259,0.0941721834693767,21.048392390928548,0.08312854254122365,0.17176241692883557,0.217999063848861,0.10906899659013043,0.09545180966585928,0.07286809998487434,0.036574862513103115,0.10502525975966143,0.013948764698074469,0.05612240621340231,0.038049777255974394
ECSC_1097_1_65M_1097_YR1,1.1985428071791124,2.5129450798034667,181,5yr,frog_where_are_you,13.58881389822762,43.08850015384845,80.50475857133439,0.2745153477185253,0.1637228415250757,26.647073978623364,0.17282437874143225,0.07093165861535562,0.2459695708281843,0.0038993073240875626,0.03248098173359866,0.06029288267083573,0.13908587236798056,0.11079250619344957,0.0,0.12740656864722294,0.03631627287785278
ECSC_1097_2_65M_1097_YR2,1.4955125378024197,3.214680480957031,233,5yr,frog_where_are_you,9.21934701401906,36.85028966777453,82.87894397921696,0.21196183748408487,0.13835172666727877,23.844155545134846,0.11615763312112579,0.1421582813243835,0.23150932275297897,0.13915980822005924,0.038616869967098705,0.07950094132083657,0.040935305809432325,0.04660105543824698,0.02700905537855912,0.06649741327382894,0.07185431339344983
ECSC_1097_3_65M_1097_YR3,1.574073862644934,2.5697245717048647,377,5yr,frog_on_his_own,7.489561553255079,21.57152916386528,38.90407368504546,0.13035540592626108,0.030626345148105603,14.85307057307688,0.11417401897308552,0.17857698146464734,0.24974156508557516,0.10106823175055611,0.07573673452156393,0.12357293526579095,0.026774127012519924,0.07712151188885544,0.02260754888930004,0.02713901603813367,0.0034873291099719347
ECSC_2003_1_65M_2003_YR1,1.8782326421430036,1.8819684982299805,156,5yr,,10.459983877645904,26.66442836685427,43.666627544857015,0.16435683411207092,0.0025005208623397218,16.57632487958548,0.08345874698693657,0.16285561779806323,0.19209597668701378,0.12655549038108663,0.0862392564372635,0.1376760475152507,0.04676203008231466,0.0905021299020143,0.07135418334771688,0.0025005208623397218,0.0
ECSC_2003_2_65M_2003_YR2,1.9610675877140415,2.4990806221961974,367,5yr,,10.109387736763743,33.07129538994458,47.71622742165739,0.2004868263628003,0.07772269593087534,19.227644090772955,0.12431046765935362,0.16814428036088408,0.1590973738086597,0.13101247624865295,0.09818906446408557,0.09828984785515715,0.020469663240406583,0.10242451086504295,0.020339619566882013,0.06313574150763797,0.014586954423237377
ECSC_4005_1_65M_4005_YR1,2.025211579568924,2.5536895513534548,389,5yr,,10.653956252162766,30.5210996211772,47.53955819165098,0.1682031103624589,0.07078128822113451,20.09368330468293,0.12658196867463573,0.14670878355781927,0.15732002136391607,0.1258604506247842,0.06049225859153403,0.06433089113818673,0.15050251568666506,0.07036298090710416,0.027058841234220227,0.055639004922996935,0.015142283298137573
ECSC_2008_1_66F_2008_YR1,1.986310702346025,1.8149653784930704,534,5yr,,10.964054792574451,26.803012102248903,42.3315028471756,0.16385513899666862,0.03884185794364565,18.06149558076543,0.030685583195367905,0.1747492218717269,0.19398630501628986,0.15362945620999324,0.09714591615701536,0.13726363423540588,0.04868474431753225,0.10264446152314355,0.022368819529879434,0.027214339260228947,0.0116275186834167
ECSC_2008_2_66F_2008_YR2,1.7824937266688194,2.7675106048583986,396,5yr,,9.090876532786849,30.65031501371399,47.6413326179631,0.1869955798888714,0.06006810381268029,18.543325456078577,0.10009807109808877,0.16760200939035652,0.22904204474436976,0.10754838462509257,0.07708791975650535,0.06417992589433878,0.06744606460237684,0.08912670262897163,0.03780077344721947,0.052192906452358606,0.007875197360321683
ECSC_4076_1_66F_4076_YR1,1.7778653456318765,2.9918804287910463,330,5yr,,10.669615271180003,52.982685080135475,79.26003587547555,0.28074818016004516,0.146464791700662,26.144162115839347,0.1280030069263816,0.08668498913678718,0.2123648817078752,0.13107293067114795,0.05092225741770672,0.10458792245676943,0.005615831523286775,0.06139556321966058,0.07288782523972254,0.10101016261801479,0.04545462908264723
ECSC_1036_1_66M_1036_YR1,1.7740820842885203,2.7304131403565406,402,5yr,one_frog_too_many,15.98977787702056,57.760139798793745,80.74255282723917,0.3329496996078405,0.15501500240221983,31.071308079544462,0.03332187009448976,0.11153959405503508,0.14556654859803245,0.1220778162020915,0.08779331574044077,0.06644210725144045,0.10030904845062949,0.06979526103103013,0.10813943617459054,0.10833472138761702,0.046680281014602816
ECSC_1036_2_66M_1036_YR2,1.6137758906810515,2.542992132902145,435,5yr,one_frog_too_many,7.5826656625988385,23.573077394535627,44.05134067667855,0.1598315262374466,0.06845125633408532,17.291537728399113,0.09112652185063823,0.10338097673302012,0.35485719949008265,0.07420603816625221,0.09299144763248147,0.08885711788183415,0.03474917200824459,0.08120941339321944,0.010170856510141837,0.0630443735215673,0.0054068828125180156
ECSC_1036_3_66M_1036_YR3,1.888744544213818,2.3454828023910523,438,5yr,boy_dog_frog,9.831627013447434,27.921319680024936,47.52678341715334,0.1572726498881606,0.06868406408285295,19.788877956575185,0.06183521537899289,0.1556147949613211,0.2536083834132359,0.10440355752685945,0.06666718697693627,0.12726776491603214,0.07333044693846169,0.05913833253051554,0.029450253274792074,0.03264995661246777,0.03603410747038518
ECSC_2001_1_66M_2001_YR1,1.6441435360139418,2.5420976877212524,321,5yr,,7.9782895957480715,15.799030543135567,22.94512461692309,0.06605967362508797,0.02930743229197581,12.418825975885422,0.14635463491830075,0.16970608563162742,0.18528011484780066,0.1879010006055103,0.11871056312878059,0.10838010093879781,0.017607826304094455,0.028289171760971354,0.0084630695721408,0.02930743229197581,0.0
ECSC_2001_2_66M_2001_YR2,1.7289834035500402,2.307063286006451,445,5yr,,7.727417808134802,26.141307103202376,47.86308092946152,0.17587895273841936,0.0530763255264048,17.15222615261063,0.1686510711323609,0.19387395216092018,0.1512144303267562,0.1395963811345938,0.0596064596990862,0.08235878668139897,0.028819966126464355,0.07657795153494557,0.046224675677069005,0.040192835860568106,0.0128834896658367
ECSC_2011_1_66M_2011_YR1,1.4959495934747882,3.2329505383968353,341,5yr,,9.097511215171608,23.121487787972043,42.72011450523732,0.1304084159768786,0.056138769170638134,17.4177401487252,0.13487111967530405,0.17720300728126412,0.18283955992787634,0.15648394207592065,0.07124154913696414,0.0884630946063014,0.0584893113194907,0.04692601505953481,0.027343631746705666,0.015962099919312602,0.04017666925132553
ECSC_2016_1_66M_2016_YR1,1.7412070735808345,3.299695587158203,232,5yr,,10.217197130576668,29.861127962371746,75.50817984063002,0.17050934106286297,0.11621617953357932,23.052941805078092,0.08939025396200831,0.12801294926197343,0.24222144767177356,0.0995122682020678,0.09838075673501878,0.07545733891041698,0.09651564419387816,0.030227058979523606,0.024066102549760035,0.04783907138677304,0.06837710814680628
ECSC_2022_1_66M_2022_YR1,1.804769048383159,3.088785934448242,298,5yr,,11.183266465666327,30.407730275172216,60.5696533342359,0.18465460455788898,0.09198644558132497,21.170244174321642,0.11266237779960407,0.1490359911794795,0.13095132533186912,0.14750875448858733,0.10341805158647523,0.10430685240097957,0.0674620426551162,0.057627001918065635,0.035041157058498355,0.06697235673668493,0.025014088844640046
ECSC_1057_1_67F_1057_YR1,1.6461667053161129,2.1401549100875856,528,5yr,frog_on_his_own,7.766340601003641,30.481604444211513,65.87271271307885,0.18104010109893748,0.10154952983687088,21.635060964228117,0.08898708044987323,0.17549653252921282,0.25540931612195544,0.09908644534427154,0.01978738983002842,0.0927855471881229,0.08740758743759815,0.0404733717081594,0.0390171995539072,0.055041509334192676,0.0465080205026782
ECSC_1057_2_67F_1057_YR2,1.6040984136442986,2.4739735066890716,336,5yr,boy_dog_frog,7.920299722249704,25.549348015390795,40.146870128883364,0.1278529626875172,0.06017932375690395,16.74713456147208,0.09919009963410397,0.18637414348515946,0.22028809773903063,0.16631983046553406,0.04396618851104447,0.07771748111601093,0.07829119636159927,0.058458378671843655,0.00921526025876958,0.04226901879514793,0.01791030496175602
ECSC_1057_3_67F_1057_YR3,1.832270016208772,2.058535861968994,538,5yr,one_frog_too_many,11.625187539587683,33.5995360533963,47.253760846283654,0.20439084651446918,0.06456390471396335,20.57708208321452,0.1316540276275598,0.10324051898228247,0.19199853132007114,0.08354479933449026,0.13292405926850423,0.0911953822087907,0.0610518347438322,0.1098561084757703,0.029970833324735536,0.032806151955227826,0.031757752758735526
ECSC_2013_1_67F_2013_YR1,1.8324050632936344,3.284470172971487,325,5yr,,10.339354599851898,31.368514479135385,55.05007312127839,0.19392305760664041,0.05998446026298761,20.112949792574035,0.1342945466728988,0.14918096573772988,0.1566324749576952,0.13415120828710705,0.058556922962775884,0.10589808092828559,0.06736274284686714,0.06687289902132998,0.06706569832232286,0.03821764187637634,0.021766818386611264
ECSC_1028_1_67M_1028_YR1,2.1387261682941068,3.1597504138946535,507,5yr,one_frog_too_many,11.84135825755704,51.88823734098167,82.76187907086148,0.2658857958984822,0.1478930576451971,27.253764145258934,0.12894312296214233,0.1116396860198386,0.17675403323828695,0.08727849530400694,0.05400300073323682,0.11934538790046637,0.05615047794353976,0.05346008868554711,0.064532649567738,0.08358827245011119,0.06430478519508592
ECSC_1028_2_67M_1028_YR2,1.686201489356257,3.078755569458008,261,5yr,frog_where_are_you,11.500616093355427,38.03756169101156,65.8494950204275,0.23410681650832843,0.10247188109847817,22.667929517786597,0.11806186501693941,0.06774028314404565,0.2060529123867224,0.1297419540804184,0.09333198243487308,0.06970956061370473,0.08125462581496795,0.10155751512438367,0.030077420285466575,0.09020454765498276,0.012267333443495412
ECSC_1028_3_67M_1028_YR3,1.680932729859506,2.9049506306648256,272,5yr,one_frog_too_many,7.54523425248259,26.989017666936654,43.59599704354207,0.13378373109600988,0.0480149449633915,16.677512910475965,0.17879393399547414,0.14239434069289894,0.21076063054378824,0.10462274861392751,0.0546679635963463,0.08247704728822036,0.09249960417333462,0.04782522723984629,0.03794355889277208,0.03623934035799291,0.011775604605398596
ECSC_4034_1_67M_4034_YR1,1.2830395699508732,2.8513429671525956,285,5yr,,7.567767115707072,27.029086842731033,66.52233848493393,0.17612405990699587,0.1047768769091482,19.10307658824096,0.06222006431679614,0.2435730056616227,0.22689783138853992,0.10791490427993419,0.11373456783535958,0.03591365945539642,0.033621907155355166,0.03125435639140861,0.04009282660643904,0.09727349446205384,0.007503382447094365
ECSC_2014_1_68F_2014_YR1,1.7398005212506942,2.4650428891181946,401,5yr,,7.747447056399355,25.83807884335934,45.76677054155285,0.1378175456535301,0.05926091535306236,17.991847056514384,0.110298851745195,0.1566594373849577,0.25446355043717284,0.10725423856551,0.09886656090199314,0.06399996625154815,0.07063984906009306,0.044432786111149265,0.03412384418931848,0.020477187049877617,0.038783728303184745
ECSC_2014_2_68F_2014_YR2,1.49052902633144,2.84978249669075,347,5yr,,9.162238303731609,19.073412232206913,28.393511456397498,0.06934104579304985,0.003545583528868676,12.889055537040887,0.14278232458446552,0.17912665651196907,0.1685498513146649,0.17642876009140876,0.10316743259728962,0.10109655043285888,0.05950737867429336,0.016275897994868442,0.049519564269312734,0.0006378752465797963,0.0029077082822888795
ECSC_2019_1_68F_2019_YR1,1.8663149618333383,2.700168418884277,685,5yr,,7.118440453482908,27.97647282266332,49.6054635027048,0.1570283610673041,0.06532840255962502,18.03295936730038,0.1509275262661484,0.15935838162436422,0.26866097434683084,0.034967533618418055,0.04366025827635381,0.1106363233854566,0.07476064141512397,0.05557000311082779,0.03612995539685129,0.0480566013325115,0.017271801227113515
ECSC_4055_1_68F_4055_YR1,1.5349584792890858,2.6482026040554048,355,5yr,,10.0755485559864,27.022901942056475,46.484189259167245,0.1569803162115058,0.05247366363356286,18.54466679383094,0.12386161031870555,0.136107039856499,0.19261026897671799,0.13227040448560679,0.07146431810235779,0.12620134975329655,0.060504692295310525,0.06338569763039352,0.04112095494754943,0.028118504274338155,0.024355159359224703
ECSC_1061_1_68M_1061_YR1,1.617606501425466,2.583423614501953,112,5yr,frog_where_are_you,17.985207775772267,40.232448313776366,44.116224156888165,0.38622208402175734,0.0,21.213530547459484,0.0,0.31457571425919395,0.11992500046410605,0.041047858614736296,0.016580188241409395,0.055925937958304715,0.06572321644049232,0.38622208402175734,0.0,0.0,0.0
ECSC_1061_2_68M_1061_YR2,1.8272251667514925,2.40842604637146,385,5yr,frog_where_are_you,11.119796156185776,30.456631872715544,67.18399107810026,0.19424406014715445,0.10583253915093604,21.66155445307788,0.08867328275003858,0.12491678843953312,0.21012978400963747,0.10795398120455647,0.09463855481156373,0.15333728257070536,0.02610626606681082,0.057494712250439436,0.030916808745778956,0.08278821076334025,0.023044328387595785
ECSC_1061_3_68M_1061_YR3,1.4850723143546811,2.600651168823242,199,5yr,frog_where_are_you,6.530830248121308,15.894543725087516,28.626161528126527,0.0834617698351475,0.0034372389275563503,11.5718279628861,0.14795933056849775,0.21325750500531132,0.2719762650297319,0.09117189903848186,0.07839059369091694,0.07946931326319835,0.03431332356871439,0.04146630907199754,0.03855822183559362,0.0034372389275563503,0.0
ECSC_2009_1_68M_2009_YR1,1.7672914105076944,2.8892670631408692,322,5yr,,10.843000177315549,38.01853588542989,56.330189055691186,0.24245281286846304,0.08371408325277141,23.0526666147304,0.03198656258988827,0.10965080640898338,0.24117928479313,0.19074878176954335,0.07418902383228844,0.08419493618815473,0.02559779154954879,0.12688804216299718,0.03185068745269444,0.026164269453885333,0.05754981379888608
ECSC_2009_2_68M_2009_YR2,1.648331690603687,2.9855237722396852,404,5yr,,7.973531830256375,30.274246486476237,57.098543309579235,0.16898834032976276,0.07835173725265511,20.7461335489694,0.10702238390803061,0.19691086732515056,0.1978119892026646,0.07573709524124726,0.029482046412910988,0.09825780881165268,0.12578946876858052,0.0435850955800165,0.04705150749709116,0.04529865910661696,0.033053078146038146
ECSC_2006_1_69F_2006_YR1,1.9644430460468416,2.3772480726242065,289,5yr,,7.363223045935821,22.61537254419725,36.87233849728114,0.1164325931319512,0.024285817874414955,14.55603900071477,0.1781866448406813,0.13360706427268895,0.2389189939692305,0.08952513709097738,0.09678632960373176,0.0785042858847124,0.06803895120602652,0.06365375783969554,0.0284930174178407,0.016990313390804524,0.007295504483610432
ECSC_2015_1_69F_2015_YR1,1.5555811076394974,2.9686108410358427,613,5yr,,9.501720956306784,28.74754327003655,54.772270717964574,0.17885543803488566,0.08864479698240257,20.152009212358557,0.10417459524258552,0.17046614332487336,0.20409426925969243,0.1271523059115303,0.11171230838813002,0.0580372064402731,0.04550773339802963,0.07175235732329285,0.01845828372919022,0.04033002852223979,0.048314768460162784
ECSC_3001_1_69M_3001_YR1,1.7548943727247177,2.2247007131576537,346,5yr,,10.262771209042217,34.042670839115274,60.352956110222976,0.20385830027895704,0.08446722584372489,22.07691939567764,0.08045972696440222,0.1888425585845912,0.17981564411028234,0.1208819221796719,0.07902624922649482,0.07476298013781472,0.07235261851778575,0.055506015909550205,0.06388505852568195,0.03885670975754869,0.0456105160861762
ECSC_2010_1_70F_2010_YR1,1.4942237067607145,2.7519268453121186,268,5yr,,9.712578112613912,27.435885304322927,44.94734902283113,0.16764442687900927,0.06901857049881385,17.972425389710295,0.06893318908320768,0.1861195272445494,0.2053611107569654,0.16666035153703582,0.07401621022889927,0.08164131919493144,0.049623865075401764,0.08492816282893562,0.013697693551259806,0.06270110494150954,0.006317465557304308
ECSC_2010_2_70F_2010_YR2,1.8909089042294411,2.1085492610931396,368,5yr,,9.680436486318326,27.91923672380849,58.705605209181435,0.16607097384853123,0.0909901438560544,19.806070187268475,0.11679905960279893,0.1384721311542514,0.2171434739488332,0.1216219405430786,0.07274854958717882,0.1089431948766936,0.058200676438634205,0.04955424055234616,0.025526589440130684,0.06796071217425788,0.02302943168179652
ECSC_1073_1_70M_1073_YR1,1.7367847442626954,2.661264705657959,973,5yr,one_frog_too_many,9.63542062690267,27.548473948782927,58.4723225055133,0.1671115233153674,0.07752085762200472,20.304030836744822,0.093857081587505,0.12543173379368142,0.2499915069155723,0.1450362629223236,0.06108803007622984,0.10576691440447981,0.05171694698484057,0.028590881243881563,0.06099978444948114,0.039907424195733815,0.0376134334262709
ECSC_1073_2_70M_1073_YR2,1.3783451672523253,2.8797012090682985,473,5yr,frog_on_his_own,10.910249116240115,42.27096196653585,83.80989083341056,0.251489386272106,0.13431289897236684,26.00106008976492,0.03648211187933127,0.15005067551899764,0.2555758960838025,0.09091691134789846,0.06578352918319151,0.12540206090345313,0.0242994288112195,0.08330751402814461,0.03386897327159455,0.056550028788789314,0.07776287018357753
ECSC_1073_3_70M_1073_YR3,1.7519657384964726,2.737634098529816,433,5yr,one_frog_too_many,11.261884022728273,39.435183839743594,57.18436248227681,0.24240567524436482,0.06372418405893993,21.4625050419517,0.10473308008873984,0.10408790947253896,0.17016583155387308,0.16050316152666644,0.0900029365475466,0.09770071736508112,0.030400688201189133,0.09884490396948936,0.07983658721593555,0.053360836163073924,0.010363347895865996
ECSC_1047_1_71F_1047_YR1,1.915094735353224,1.673855608701706,231,5yr,one_frog_too_many,7.71426557296995,23.744711318390934,38.92273705418316,0.12756934086945731,0.03206572484819894,16.339393877893993,0.06710628720251301,0.1643623151224719,0.2968000629885163,0.05214568552033803,0.12167320104908197,0.10161845399530844,0.06872465325231303,0.06982246708889032,0.02568114893236805,0.015798280632343793,0.016267444215855145
ECSC_1047_2_71F_1047_YR2,1.858513048964162,2.239328902959824,376,5yr,frog_where_are_you,10.766349834111391,33.994195174770745,67.22866999188861,0.2044363416878338,0.10581015050754644,21.708476849943466,0.10294603069272659,0.134738390643869,0.17784576904345173,0.14346502825548166,0.08652519908571192,0.11621127881675528,0.03383196177417003,0.06693366353628803,0.03169252764399933,0.08081710903340351,0.024993041474142927
ECSC_1047_3_71F_1047_YR3,1.8731956981843516,2.3052955865859985,599,5yr,one_frog_too_many,10.364995507619225,29.830315634419186,61.37524270647766,0.1924498074583009,0.09436256295404269,20.44158346583647,0.1402927864162175,0.2023956474077587,0.10331049374323162,0.11868406628014122,0.065873863803737,0.1526343319728084,0.02435900291780465,0.06587033976488976,0.03221690473936843,0.07116062529137018,0.023201937662672513
ECSC_2021_1_71F_2021_YR1,1.5584420111871533,3.154109573364258,183,5yr,,7.258683141353901,19.47696489195936,49.18302881091881,0.14212023422224437,0.030646186115910017,15.0184655786613,0.12266914921297271,0.19385462850129562,0.24369450357133962,0.12699312800333257,0.09518182638432324,0.049757407013410936,0.025729123091080896,0.04126353105896608,0.07021051704736828,0.030646186115910017,0.0
ECSC_2030_1_71F_2030_YR1,1.6079645649079353,2.4814725875854493,283,5yr,,7.937546018460109,26.41869884990681,50.112069921491354,0.16014908116922638,0.06982178938651809,18.830276665384062,0.10519803779748985,0.15211685950063097,0.24784473282474345,0.09801561524390089,0.07655237706131904,0.11014275883381829,0.049980537568871136,0.057732574165089166,0.03259471761761914,0.0414746116326962,0.02834717775382188
ECSC_4084_1_71F_4084_YR1,1.6890809376393594,2.370728093385696,544,5yr,,7.419472857893732,28.769955191808954,56.471286200211914,0.15864936296229445,0.07154541231577285,18.831579349825674,0.10768232504878379,0.2235625465489284,0.20924615192732088,0.0571908468772682,0.07986913954159483,0.07418648657949946,0.08961314051430995,0.03041182147096084,0.05669212917556076,0.05592374646299675,0.015621665852776113
ECSC_1011_1_71M_1011_YR1,1.7502753849952453,2.6274730920791627,208,5yr,boy_dog_frog,7.212957157714378,21.93730605437992,50.95193802276816,0.14880766702350265,0.05538997340118912,15.970800836514947,0.13308985146374652,0.22586916648652347,0.19120250235038652,0.13470151362212385,0.0654230633978134,0.07048323821188432,0.0304229974440193,0.042134184994764255,0.05128350862754928,0.05538997340118912,0.0
ECSC_1011_2_71M_1011_YR2,1.7753193100613935,2.573514696955681,268,5yr,boy_dog_frog,7.807788422467091,31.72500770691935,84.68723000564546,0.1982582338796563,0.11277284456893208,22.994455564997725,0.1376914861217996,0.1690432962374642,0.2064954924248753,0.11306520228907044,0.06291467564744374,0.06819450596360399,0.04433710743608641,0.04876673557620873,0.036718653734515494,0.020112437428898268,0.09266040714003382
ECSC_1011_3_71M_1011_YR3,1.9554424828098669,2.4604302048683167,418,5yr,frog_where_are_you,11.206661551195598,40.33034025999058,75.08472390815308,0.2484688280011242,0.13645956201460838,24.044628528883596,0.08902398913564184,0.10969832547959175,0.19979028844727953,0.13797412233312206,0.09938790764586782,0.05805920578808003,0.057597333169292775,0.09918126502053964,0.012828000965976156,0.1120750982125642,0.02438446380204417
ECSC_1083_1_71M_1083_YR1,1.570215599479214,3.1784874588251113,377,5yr,frog_where_are_you,9.391314091530734,33.955483233171954,49.405115973072625,0.20674639855579902,0.06989578751060242,19.41000583706976,0.06759704491397081,0.21453711750946694,0.20648683954193453,0.08723681268503856,0.07965143096258777,0.0556472995484843,0.08209705628271798,0.1059107840134891,0.030939827031707497,0.06989578751060242,0.0
ECSC_1083_2_71M_1083_YR2,1.5865203488257624,2.3339427947998046,257,5yr,boy_dog_frog,7.778410492007432,21.111974691266308,33.20779581362026,0.10071968508703759,0.01603548381517269,14.239984492944341,0.08112842803237358,0.19735664901702313,0.23918163668165035,0.1358080930516221,0.0806605091830127,0.11212442265743583,0.05302057628984478,0.05195136570599988,0.03273283556586501,0.009055123681235924,0.006980360133936765
ECSC_1083_3_71M_1083_YR3,1.54157208684952,2.6249304473400117,611,5yr,frog_where_are_you,10.86578088878036,39.282757854273356,58.518248170918184,0.2350665923859463,0.0704290443815978,22.421215566135608,0.03531264411778938,0.15685016223462492,0.22522279560438846,0.13283617364716505,0.09091656330979,0.07951996898039759,0.044275099719898334,0.0837210183791214,0.08091652962522707,0.03548435930633528,0.034944685075262535
ECSC_1045_1_72F_1045_YR1,1.774610112222933,2.2735862866044045,321,6yr,boy_dog_frog,7.99702253756883,31.764649658467864,56.25279028901598,0.1977045596916569,0.07483878061084791,20.78090521780962,0.14502775345555985,0.15481440876167446,0.20035668928782743,0.06928738153482142,0.07615911874713603,0.08837705329306038,0.06827303522826357,0.0741491049597791,0.048716674121029896,0.03265733766570113,0.04218144294514678
ECSC_1045_2_72F_1045_YR2,1.6036725517242183,2.522072446346283,440,6yr,one_frog_too_many,9.371895363386974,23.5462395408471,43.63021639496321,0.14413540694876292,0.05088512796876816,16.774740461634643,0.15208893286114855,0.14074523579535847,0.19023441782319028,0.13658207539429298,0.07535706683032256,0.11226993672991993,0.04858692761700432,0.062278234010844404,0.03097204496915035,0.04351066544380994,0.007374462524958222
ECSC_1045_3_72F_1045_YR3,1.7039161857097376,2.4037156760692597,514,6yr,frog_on_his_own,10.026529227703845,28.494770198333338,65.54607465837339,0.17595195446493184,0.10127706296893674,20.863115928733784,0.10136043814151585,0.1344615891195763,0.22442304567046448,0.11618254793592403,0.06406629337841528,0.13552979957048136,0.04802433171869086,0.05044431187949911,0.024230579616495985,0.07249732510012273,0.028779737868814
ECSC_2028_1_72F_2028_YR1,1.5719085677977531,3.0023921489715577,383,6yr,,7.110868570813636,25.811660297404497,54.74451537922979,0.16438016741059774,0.05837552824869613,18.07032893498859,0.15016345355948452,0.16572083802349072,0.26166817436585793,0.09778824111097346,0.03162433290545335,0.08836307624967782,0.04029171637446452,0.038545494465315716,0.0674591446965859,0.025645305611767626,0.032730222636928506
ECSC_4008_1_72F_4008_YR1,1.3128111639330462,2.904996728897095,337,6yr,,10.252401054390115,26.062007039408105,38.486443414117815,0.13636842866377916,0.006626951253295974,15.787106855249672,0.056803109099270735,0.19449273617647422,0.17766827942544228,0.17015925142303132,0.071311816376398,0.11818433313099867,0.07501204570460566,0.09943170625854372,0.030309771151939457,0.0,0.006626951253295974
ECSC_2007_1_72M_2007_YR1,1.7733355700969695,2.6462519824504853,520,6yr,,10.58613122962493,27.065547647434876,38.5228663946454,0.13190664042824216,0.02564248412588853,16.655302947076123,0.09412304915462133,0.12902679355031993,0.18979201592689673,0.1646612961313699,0.09488410315508737,0.09900905644042639,0.0965970452130362,0.08665782805965495,0.019606328242698656,0.017523972019566868,0.008118512106321663
ECSC_2007_2_72M_2007_YR2,1.794331290644984,2.26909499168396,729,6yr,,9.737762635974738,31.649718388400053,54.13660515484779,0.19853989843073222,0.06124169300300347,19.010373768591737,0.1376822767604656,0.13858894918910947,0.19028939484186547,0.13597617002267465,0.07636653222522677,0.09337822434263447,0.029178554187291372,0.07835555798411616,0.058942647443612585,0.04976090852522992,0.011480784477773552
ECSC_3002_1_73F_3002_YR1,1.4198123335838315,2.43949533700943,198,6yr,,7.396856604088162,22.176078990902695,35.702870008741826,0.11152224754700017,0.023097403811036348,14.793837262932353,0.13573540674974013,0.1860651516182804,0.22304143017321365,0.12766474271275047,0.06237558506816768,0.08806352966136512,0.06553190646948225,0.06394451551351318,0.02448032822245063,0.0,0.023097403811036348
ECSC_2004_1_73M_2004_YR1,1.278813820115981,3.5441073298454286,343,6yr,,9.01283487129943,33.32276635151073,53.87306914587069,0.20188261870466326,0.07009300433981387,19.438972605000057,0.06672388430635845,0.19030170482260567,0.24251664869410727,0.10699651743657994,0.07482550978732896,0.09616011580733697,0.020593000441019516,0.08749140186941447,0.04429821249543489,0.05005804332507926,0.020034961014734617
ECSC_2004_2_73M_2004_YR2,1.353308746314818,3.281132346391678,287,6yr,,9.137539951515185,23.430169840753535,42.590383256555455,0.13613692601544206,0.062061511551818015,17.234176597935058,0.08549389806843197,0.1912787763425424,0.21654382089816893,0.14577956333186884,0.04916548497778757,0.12164051868600952,0.053961011679748726,0.056520566043187205,0.017554848420436833,0.04715722266832667,0.014904288883491344
ECSC_4010_1_73M_4010_YR1,1.8550382902545313,2.6906049132347105,388,6yr,,9.853185472667258,42.89630719037062,76.65715400213345,0.2527752258776466,0.13963861592736826,24.21827233107305,0.14684381995344428,0.13947845143137222,0.18786730192157505,0.09075550693421464,0.043992689000509164,0.08647906958610031,0.0518079352951377,0.07999230146523413,0.03314430848504424,0.1054114146148807,0.034227201312487555
ECSC_1092_1_74F_1092_YR1,1.5742044748798492,2.665555834770202,555,6yr,boy_dog_frog,10.748591545890438,25.242209465906086,43.82469571362657,0.16059980986475025,0.061213493268949586,18.082569391970093,0.06116334717895484,0.1773665730108478,0.18538488947801673,0.130536814919979,0.11970111356713707,0.12443509925122392,0.04081235272909037,0.08397438339324034,0.015411933202560317,0.056674670402611586,0.004538822866338001
ECSC_1092_2_74F_1092_YR2,1.713060776264437,2.6230876088142394,675,6yr,frog_where_are_you,10.102167892969335,35.98697241249238,67.78611120157294,0.2186298117289627,0.10896856749642674,20.853596410460085,0.11242127854946908,0.12807782757611214,0.22404602551036376,0.09650490253858549,0.12768968045138385,0.06113018157993016,0.031500292065192816,0.09355532537418519,0.01610591885835076,0.0997898404888744,0.009178727007552337
ECSC_1092_3_74F_1092_YR3,1.9442955240126585,3.1621939897537232,568,6yr,one_frog_too_many,11.605792239942915,42.654446513982236,75.82536407858433,0.23709066144289098,0.13352945114630232,25.227801696436494,0.07698463188598777,0.08446624526844387,0.244662942708406,0.1080894079328653,0.08001194125275758,0.09440252153200725,0.07429164797664124,0.057627324449682105,0.04593388584690659,0.09601644600495406,0.03751300514134826
ECSC_2018_1_74F_2018_YR1,1.897740980213688,2.170302894711494,185,6yr,,7.123089711757498,22.093399712839872,33.52957282014281,0.10216194372721629,0.01533877506192419,13.53516702706487,0.165825064793492,0.18741635874024662,0.20737500019927133,0.09038376652682428,0.08563493959519028,0.08708409235911242,0.07411883405864679,0.061236443176029165,0.025586725489262937,0.014285946779551684,0.0010528282823725056
ECSC_2018_2_74F_2018_YR2,1.3767114001416387,3.1842857614159583,239,6yr,,6.471384341924283,15.340926757213817,30.538864772444047,0.09043749076011019,0.06154624285115645,14.355232299848335,0.1979218501529027,0.2063280127602084,0.19522459433338668,0.1346818238654365,0.08438160487314754,0.04521259749782122,0.04581202575698674,0.0287252664535622,0.0001659814553915433,0.028114229737185387,0.033432013113971065
ECSC_2029_1_74F_2029_YR1,1.44330535780999,3.238493466377258,451,6yr,,9.596669232577678,40.71281679569897,80.37780997558173,0.23684894097243053,0.1361192575405623,24.200313713367727,0.10882431112225138,0.19377647932605888,0.17543861864734597,0.1104159040150505,0.06447844897834139,0.06812528325133158,0.04209201368718974,0.07166436455416397,0.029065318877704256,0.07281251267478073,0.0633067448657816
ECSC_2029_2_74F_2029_YR2,1.693482239784733,2.7732439279556274,449,6yr,,10.152247877339502,28.724843478352035,52.70890456507635,0.16292227235856488,0.05591935075688915,18.06987880140281,0.1314813002488027,0.14147966048712043,0.16606762132215178,0.1587455767313855,0.11342905622409036,0.04662819515434432,0.07924631747353991,0.048442639080147454,0.058560282521528284,0.05591935075688915,0.0
ECSC_1072_1_74M_1072_YR1,1.8431769018211668,2.500042203068733,396,6yr,frog_where_are_you,11.036655294554336,43.314983118552576,78.13310429957122,0.2598711501626832,0.1370961521729785,25.300205202622685,0.10054878732208439,0.14557762558811047,0.14922909935730957,0.15414167730636036,0.06757521823877874,0.07507604115794189,0.047980400866731346,0.08706434534293819,0.03571065264676652,0.08756351058598298,0.04953264158699552
ECSC_1072_2_74M_1072_YR2,1.5597926059437377,2.3530778657644986,353,6yr,one_frog_too_many,7.6976000266058335,21.672827065144133,44.25996339372008,0.12442291060435015,0.05324311374439723,16.120237399080263,0.12911179901370856,0.12311687633932958,0.27554639924738333,0.14178593307458645,0.06422132665443182,0.0991955519072093,0.04259920315900081,0.03253506661216673,0.03864473024778619,0.04543394852109501,0.007809165223302222
ECSC_1072_3_74M_1072_YR3,1.8969206389880948,2.4164586633443834,272,6yr,one_frog_too_many,11.090353443543776,42.59147446166435,61.27514029830803,0.2683262006117537,0.08635440996399847,23.94046910328026,0.09582881266055421,0.11206671837506611,0.21522057293348915,0.11034099941569955,0.04640822050638562,0.061081836563226716,0.0907266389338249,0.1068545835442337,0.07511720710352156,0.06095099563433868,0.025403414329659788
ECSC_1025_1_75F_1025_YR1,1.684631956008173,3.1050512075424193,256,6yr,boy_dog_frog,10.177893191744404,28.762022543046672,60.10134853881601,0.15196957201398936,0.0943746177664117,21.90787586486345,0.1354460529632937,0.1135639065144932,0.18511794291458364,0.16777097805466273,0.05329669384820035,0.08900059283757543,0.10383426085320156,0.03595138483801296,0.021643569409564724,0.01594552157773952,0.07842909618867218
ECSC_1025_2_75F_1025_YR2,1.8168980767649991,2.61132435798645,541,6yr,frog_where_are_you,9.952250925366002,38.993770330737576,62.66539989129924,0.23074081735482904,0.09474487679355689,23.36616721775122,0.12758362241907847,0.15743642223403218,0.18740075111716484,0.0868863557757867,0.04649039927559216,0.11456953254125885,0.04889209928225776,0.07693192012342032,0.05906402043785185,0.03232865333601199,0.0624162234575449
ECSC_1025_3_75F_1025_YR3,1.5940302233542163,3.264412021636963,183,6yr,one_frog_too_many,7.278675198372573,21.210050472665646,30.928039294658344,0.08997448381160925,0.0,12.581666277737757,0.11913004977534851,0.24395847987572547,0.1802514071949007,0.1263785874027637,0.0630432000099761,0.11179626782264793,0.06546752410702839,0.06905159086883415,0.020922892942775086,0.0,0.0
ECSC_1042_1_75F_1042_YR1,1.68439833964071,2.2788107633590697,305,6yr,boy_dog_frog,10.057871391344312,27.096868090442413,46.52719386933897,0.16538717091731717,0.05809639029964032,18.47080687804152,0.11092399495323622,0.15125349582800743,0.16973388744736087,0.1930913974851048,0.0723112415881288,0.08788349764122491,0.049415314139619776,0.07250635817254482,0.03478442244513203,0.032869647883984526,0.02522674241565579
ECSC_1042_2_75F_1042_YR2,1.6571583132590018,2.1850666999816895,590,6yr,frog_on_his_own,10.166761518023165,26.593192211277877,46.73534466914809,0.15348714484272163,0.05495923341049108,18.43537202014878,0.10458181125330844,0.12136046541978086,0.2188106897087075,0.14205225171929056,0.06860639857544873,0.13088271420102082,0.06021852427972145,0.05841187039469996,0.04011604103753059,0.039667113830707305,0.015292119579783775
ECSC_1042_3_75F_1042_YR3,1.6801433811264652,2.249764972925186,396,6yr,boy_dog_frog,7.155062393556284,23.39619189365331,46.90847647782536,0.1606312108827054,0.06584352719700272,17.232650190647192,0.1759994173926897,0.20819083395200105,0.1612154000760033,0.09717943612860053,0.05699773061487415,0.10989668298543273,0.02988928796769315,0.06538948853891752,0.029398195146785166,0.04613012367489996,0.01971340352210276
ECSC_2020_1_75F_2020_YR1,1.492403216515818,3.6008183002471923,465,6yr,,14.866972748402185,44.94562475792007,72.5761720337464,0.2645264669005093,0.116241020062811,27.47861272666361,0.005818873834378564,0.10227815888911773,0.1427005647654823,0.17738550875597975,0.1154010852325042,0.10658045553104468,0.08530888609098349,0.08102523083741622,0.06726021600028209,0.06645461846754935,0.049786401595261646
ECSC_2020_2_75F_2020_YR2,1.987866227280709,2.7003001511096953,319,6yr,,11.373333634492942,33.443993394913456,56.210546785474556,0.20266139410805123,0.08622841232202086,21.391220997988622,0.1100116115752273,0.1302708194050746,0.17900622675735098,0.10202275114967994,0.09582487819101328,0.11816115305788369,0.062041165755718955,0.08991330068896923,0.026519681097061144,0.058906509059226696,0.027321903262794166
ECSC_2012_1_75M_2012_YR1,1.5815465650250835,2.6218003273010253,246,6yr,,7.885103359297098,23.878566313845134,44.13599854155039,0.1672654288762151,0.021684614129219338,16.390651789092434,0.06776750180426251,0.1715739653810585,0.27103902393103446,0.09589089273430233,0.08165009806065529,0.11405714371636805,0.03075594549610378,0.0906053848138114,0.05497542993318434,0.021684614129219338,0.0
ECSC_4003_1_75M_4003_YR1,1.709932042706397,2.627519941329956,765,6yr,,17.700721996331012,43.763045141286256,67.04248950458332,0.31262537150865904,0.10605369092790057,26.30363278675816,0.0,0.1734173761364284,0.15608828506407885,0.10208488458053529,0.055170185369490685,0.1322562762857638,0.06835762105504399,0.15696120851054823,0.04961047207021021,0.09188023651715285,0.014173454410747717
ECSC_1014_1_76F_1014_YR1,1.8074625482482296,2.4706675708293915,343,6yr,one_frog_too_many,7.798492770084444,22.942140077791606,39.382830894524716,0.12720827260134768,0.03868271555141307,15.943395497466422,0.1124498801341314,0.1753321316401458,0.22749887778268396,0.12754052962579782,0.06893787364764056,0.10394991402100354,0.05708252054724927,0.06394092147581457,0.024584635574120047,0.0232727818841817,0.015409933667231368
ECSC_1014_2_76F_1014_YR2,1.5255336834538364,2.658328282833099,734,6yr,frog_on_his_own,11.171270603943825,28.682426641126987,46.50557673567074,0.1851329459894318,0.05758615359150994,19.96127084737318,0.05573090270068576,0.16901902294775212,0.15398876011806886,0.16754426741637474,0.12556523617015736,0.11164973824600874,0.03136912641152059,0.0945531031243327,0.03299368927358917,0.020298621762852916,0.037287531828657024
ECSC_1014_3_76F_1014_YR3,1.6057052704595751,2.5504382133483885,705,6yr,boy_dog_frog,10.691865182244337,33.78199767741177,58.55054814202019,0.2030128298444143,0.07419686887182415,21.43035099489022,0.11725482317123155,0.12313719784377158,0.20663264846453377,0.0939353757198106,0.13126911539507752,0.10952396130946457,0.015234048251696124,0.057791025436021985,0.07102493553656813,0.024667249490578348,0.04952961938124581
ECSC_1023_1_76F_1023_YR1,2.115878243600169,1.885606288909912,128,6yr,frog_where_are_you,6.149495362518968,20.18136237270907,35.680355438250345,0.11218894609965199,0.0,11.865777084396665,0.2524836718984012,0.15335684313746398,0.24574127404341067,0.11919741618570022,0.009185418384092633,0.04408414321474768,0.06376228703653158,0.06821266645670258,0.04397627964294941,0.0,0.0
ECSC_1023_2_76F_1023_YR2,1.736831146478653,2.96096243262291,434,6yr,frog_on_his_own,10.773682609410185,33.542510377411304,60.28350629428707,0.20198585092510793,0.08449353911891172,21.55029887359984,0.11696209805246027,0.1912366576213115,0.1572459716821311,0.05844665634217518,0.06048904486927197,0.1506264125456358,0.06300730796190628,0.054907270195930225,0.06258504161026596,0.061132019130537826,0.023361519988373897
ECSC_1023_3_76F_1023_YR3,1.5517490838323869,2.464716927707195,298,6yr,one_frog_too_many,10.650806575294713,25.757729258515806,38.953456099870046,0.12176646504252783,0.023035540317761012,17.03607521015655,0.04974216839578843,0.1524658252104271,0.19957255132452173,0.17849357375813849,0.0710537998326996,0.13917556316171026,0.08773005327418655,0.0548415861578354,0.04388933856693141,0.013112136050595826,0.009923404267165186
ECSC_1065_1_76F_1065_YR1,1.7881119303164943,2.4197133243083955,491,6yr,boy_dog_frog,7.7703170500735155,33.36436785745975,71.10841375412542,0.2012751556347059,0.11107070609503004,21.883020577139,0.13390680408546005,0.14023044145964841,0.24458870631673396,0.1006629032056021,0.04659229427991084,0.1085548041918386,0.024188890826100113,0.05249457143102514,0.03770987810865071,0.05618347131678025,0.0548872347782498
ECSC_1065_2_76F_1065_YR2,1.7721906738896525,2.2320666790008543,501,6yr,boy_dog_frog,10.32308787694017,31.9555759808337,61.550418897257245,0.199531469583632,0.09197125807767055,20.928217534768937,0.11390660015086802,0.1489312288326408,0.17639126211215797,0.1377933619455593,0.09474498063739685,0.054873627361217925,0.07382746937652712,0.05839624273591052,0.04916396877005093,0.07655150712367005,0.015419750954000494
ECSC_1065_3_76F_1065_YR3,1.7810114762475415,2.414300709962845,442,6yr,one_frog_too_many,7.223497535172943,29.691003282596675,58.522603153715124,0.17034420473179152,0.08121090728114215,18.54365619353514,0.24643693490832988,0.11540252204419148,0.18640975426590495,0.09394529817683912,0.05340649521869512,0.04414969667433176,0.08990509397991618,0.03767885683000346,0.0514544406206459,0.06997349613436986,0.011237411146772293
ECSC_3005_1_77M_3005_YR1,1.922623747394931,2.859355425834656,588,6yr,,15.713854243950934,50.48437543995228,74.87487068438182,0.29650997603156154,0.12478140571600613,27.771096181532158,0.11548971554171791,0.1363148147263136,0.09862601025092821,0.08315340477897655,0.07341888922380567,0.11212521358090569,0.08436197586579085,0.08824897162981599,0.08347959868573938,0.07779581138325323,0.04698559433275291
ECSC_3006_1_77M_3006_YR1,1.7720989392649744,3.1953641295433046,415,6yr,,7.72642172861582,27.41329131671769,52.22655670480763,0.1609737190796565,0.06781021440343395,18.08428470532243,0.13006869991389752,0.19467951840117806,0.19283713137134206,0.09962564292606882,0.08559989574521844,0.07665548036718771,0.05955991219545085,0.05215198647868199,0.04101151819754058,0.05186737337272924,0.01594284103070471
ECSC_1004_1_78F_1004_YR1,1.9823470811690052,2.3698104500770567,629,6yr,one_frog_too_many,10.519069001397586,47.49412754949506,69.6767495409423,0.2466030641897382,0.10786566532879593,24.805169538782188,0.16209317414940655,0.10418471265785677,0.17540650934668336,0.11516712629722696,0.05733504334584225,0.060541675575819125,0.07866869443742677,0.048229599226233676,0.09050779963470859,0.052137841263045444,0.05572782406575049
ECSC_1004_2_78F_1004_YR2,1.8131245013206232,2.307630491256714,499,6yr,one_frog_too_many,9.807508989489154,35.546561872425364,54.2131241800588,0.2157669774240553,0.05701830951860727,19.81938948209795,0.1152164336115803,0.10580583541549941,0.24904376130275271,0.11120855641162875,0.09022616526038767,0.09137636468710246,0.021355905886993425,0.09287214417279399,0.065876523732654,0.03744604137314452,0.019572268145462746
ECSC_1004_3_78F_1004_YR3,1.6920663540401766,2.419735237956047,476,6yr,boy_dog_frog,7.220937836284915,27.12892117744977,50.576248421516446,0.15857034131769326,0.08597824646491216,17.763666601919308,0.17687645717692368,0.16050930838174923,0.21965617198004075,0.10093086613125699,0.07539743491014847,0.048522791494663445,0.059536628607524136,0.056923874102670954,0.015668220750110165,0.06871774760702715,0.017260498857885012
ECSC_4066_1_78F_4066_YR1,1.5703508151635048,2.568534104526043,457,6yr,,9.671928484407047,25.097774384911894,59.05810634145044,0.15650565046851667,0.08587631574163303,19.855492547816716,0.13228776691938401,0.12709011642326537,0.20491750250545818,0.15941256389837488,0.06430870923327674,0.11136721609043738,0.04411047446128679,0.027760086921641676,0.04286924780524196,0.04605263985630398,0.03982367588532905
ECSC_1068_1_78M_1068_YR1,1.5094303882891134,2.960952323675156,413,6yr,one_frog_too_many,9.184900010382098,35.134345011721535,65.32020245132837,0.21628509997843387,0.10064285296061408,21.023222420779014,0.03917182150076357,0.18707082532497568,0.2646724570663734,0.14740230823859812,0.04740396935308044,0.058983703626212615,0.039009814911562274,0.114450334100145,0.0011919129176747936,0.06223700567051221,0.038405847290101866
ECSC_1068_2_78M_1068_YR2,2.057006382557654,2.748873770236969,502,6yr,boy_dog_frog,11.765839696375792,39.605874573328315,61.29488532904716,0.23898926267648554,0.08889867256242007,23.07338700274547,0.11550506299155729,0.10198489981304443,0.17306360354865594,0.11871233946438127,0.08407465790205498,0.11746607019045081,0.05020410341336973,0.08853315842668324,0.06155743168738224,0.06096416013077779,0.027934512431642276
ECSC_1068_3_78M_1068_YR3,1.7124971178270154,3.069211113452911,581,6yr,frog_where_are_you,11.296616701663167,31.102453192248227,56.842198719776086,0.1863676792262791,0.06460149179565525,21.479136282089414,0.11091881454852998,0.14356341821384896,0.1450102350815031,0.1312899084335643,0.10834390539155621,0.06818707658165885,0.10631896252305952,0.04758452154221724,0.07418166588840659,0.027995052257462544,0.03660643953819271
ECSC_2026_1_78M_2026_YR1,1.8962527248167225,2.1104238629341125,272,6yr,,9.77101783575785,30.185319663333853,55.935083911005904,0.1924435623232311,0.07252034608970696,19.5583389626086,0.09675253928491866,0.10835955456865218,0.25822917316788185,0.1426376846750158,0.07517161345880491,0.09725745300725552,0.029148419514239972,0.06881359474385863,0.05110962148966552,0.059059777385300556,0.013460568704406404
ECSC_4017_1_78M_4017_YR1,1.814846103566308,2.1393126055598257,296,6yr,,9.494891996566365,27.32068888476639,43.082299402899125,0.16305329126596627,0.04454239033437484,17.20402826977326,0.12132808934889237,0.12554582989646831,0.23170361006540882,0.12986149000910924,0.11318842725253431,0.06004895532173741,0.05527030683988325,0.09380790345479376,0.024702997476797686,0.02938722698681069,0.015155163347564152
ECSC_1035_1_79M_1035_YR1,1.588488058553588,2.6691230192780493,377,6yr,frog_where_are_you,7.366136214310703,21.226932124523586,41.22553651293661,0.12671545374755488,0.06047708327921203,16.373978276678365,0.10492612245126236,0.19747194653846079,0.2505374751654028,0.11769539084387827,0.08023261251488005,0.08137229491035956,0.041048703828201284,0.04871801439128858,0.017520356077054256,0.03459070214571734,0.02588638113349469
ECSC_1035_2_79M_1035_YR2,1.665166821186581,2.354444771260023,363,6yr,one_frog_too_many,15.689796198744181,50.091859799055214,72.92837669697349,0.26792426089254684,0.12423776323585631,26.9539872985368,0.05671513648132173,0.1461634467122208,0.14141972162268238,0.021614559608783685,0.14955088675966613,0.15019316895579363,0.06641881896698477,0.06197653967216029,0.08170995798453028,0.09476979828649681,0.02946796494935949
ECSC_1035_3_79M_1035_YR3,1.677889459940695,2.46532284617424,329,6yr,frog_on_his_own,7.543262113278908,28.100442920035764,46.80217898362104,0.1668384433566255,0.0596912633498238,17.914732650846272,0.1390891237786778,0.20064160639055825,0.18905161484610267,0.10703982951645091,0.07044799242734215,0.0673638864977135,0.05952750318652918,0.07263901240080435,0.034508167605997356,0.032960886457918025,0.02673037689190578
ECSC_4057_1_79M_4057_YR1,1.7768205196626723,2.6294628143310548,184,6yr,,9.89479034878128,29.261146959560257,62.14935809186068,0.18326613454216142,0.09827131534928854,21.301431400622615,0.07710841876611094,0.1471617742626061,0.2476220480986052,0.09423802651971185,0.11438227097811687,0.09345267277373645,0.04276865405895116,0.07098331883365148,0.01401150035922138,0.04511145469130732,0.05315986065798123
ECSC_1064_1_80F_1064_YR1,1.535223336758152,2.845829689502716,315,6yr,boy_dog_frog,9.558649046884756,28.17044923861331,73.61302344324436,0.13673337872190133,0.12259164383398584,20.963031832090472,0.05251620453524013,0.1519926624314069,0.26234796882077854,0.1779820321759786,0.06450587606821567,0.03827741225802405,0.11564446498845479,0.014141734887915496,0.0,0.08131186028558482,0.04127978354840102
ECSC_1064_2_80F_1064_YR2,1.7866875015920212,2.380575603246689,309,6yr,frog_on_his_own,9.701533341545378,41.09636961795776,76.66979783188026,0.21990881694865846,0.12500552557508277,23.9261313999306,0.07751003558016491,0.12792390342317658,0.2592760303194141,0.15091241679050582,0.06714838636936846,0.045551721417060445,0.051768689151651226,0.03688471108921477,0.058018580284360896,0.06642542604379086,0.058580099531291924
ECSC_1064_3_80F_1064_YR3,1.7730122750805268,2.7934258460998533,381,6yr,boy_dog_frog,9.64939192850716,27.83758033785087,47.66278030929537,0.16538357037544837,0.04886336122865596,18.469451588377957,0.08872682327232462,0.17424125681012534,0.21564877742334093,0.09878383864439914,0.08772017705526565,0.11128061726354889,0.05821493915554703,0.06688728433106025,0.04963292481573216,0.02922108741380236,0.019642273814853606
ECSC_2024_1_80F_2024_YR1,1.532015445155482,2.6129217624664305,189,6yr,,10.142139049106246,27.87849467792811,46.269759953373644,0.16416839845120895,0.07222796248260333,18.857692945647003,0.05878295687080192,0.16164850910687698,0.21560809670568915,0.16800170881124044,0.08994816302118955,0.08098546754062116,0.06085669949237182,0.07253529680643636,0.019405139162169283,0.05688449653678007,0.015343465945823257
ECSC_1041_1_80M_1041_YR1,1.461037674642378,2.5982289910316467,351,6yr,frog_on_his_own,7.437325441837949,22.103460061527965,31.275364475102652,0.09066693700560219,0.01873651230961456,14.22078629315214,0.037056249647789766,0.23594615576077074,0.27940166384214576,0.16483509939364438,0.03116111669770768,0.0707751208495682,0.09015765680277131,0.029896479292838028,0.04203394540314961,0.011665354217840042,0.007071158091774517
ECSC_1041_2_80M_1041_YR2,1.6248132944107057,2.4464051961898803,359,6yr,frog_on_his_own,7.4940494256265975,22.724845414866753,49.601672235815286,0.13197538484776933,0.06316343649161663,17.13571129586379,0.13657178135827597,0.16637027587348296,0.2370337260482302,0.09494050435417754,0.08347665281542567,0.0997842518803005,0.049847422822337804,0.030436071540777317,0.03837587681537536,0.042889424354584336,0.020274012137032296
ECSC_1041_3_80M_1041_YR3,1.7721061333533257,2.290545642375946,418,6yr,one_frog_too_many,10.279015333072302,23.339703277819847,68.65771410366979,0.16713352620244953,0.1065961257253216,21.02330906903031,0.08466786014047155,0.16033768852843333,0.18464267728664227,0.16501391083903952,0.08111631468274177,0.13715954857081641,0.019928473749405633,0.04857028158599905,0.011967118891128883,0.05590373979196807,0.05069238593335353
ECSC_1080_1_81M_1080_YR1,1.7383805923884914,2.151297578215599,342,6yr,one_frog_too_many,9.125230244418757,27.46568661866695,45.98066193330126,0.16198174472268423,0.04574965229063756,17.663916465945196,0.12512427496726333,0.14117606185575776,0.22980349214066761,0.09333618378838615,0.08843718891737747,0.10144908316823456,0.05869197043962888,0.07162394149215776,0.04460815093988893,0.03419910733457149,0.011550544956066066
ECSC_1080_2_81M_1080_YR2,1.4104409533162268,2.718748593330383,328,6yr,frog_where_are_you,9.674538779917802,27.183065772645712,40.315576907487426,0.13743781195140567,0.04545367926944062,17.265902165149814,0.07247730113948005,0.17212910830497785,0.23095436158692237,0.10869306419238485,0.0882271882487329,0.09916538792852946,0.09091577664756685,0.07676321175658996,0.015220920925375098,0.03354567289989548,0.011908006369545136
ECSC_1080_3_81M_1080_YR3,1.4801337623067443,3.1195390351116656,510,6yr,frog_where_are_you,9.418637423094335,31.7167779080035,93.52430535652107,0.1975321978660075,0.14867359984911988,24.828350666880688,0.11023489172297894,0.16879090913820433,0.2033796899872589,0.1260841113164858,0.05381183598806271,0.07917318786193256,0.06099317611906928,0.03180000168795611,0.017058596328931534,0.052898101337206904,0.09577549851191297
ECSC_1084_1_81M_1084_YR1,1.797027203536803,2.4218298971652983,354,6yr,boy_dog_frog,10.083070348205599,40.706569045272104,66.95145561946889,0.24391976856668096,0.10510092758035636,22.887207855917364,0.089829498534892,0.13761396974068055,0.2325437939658735,0.1108314094966563,0.05326694256700926,0.08062838384413974,0.051366233284067676,0.08548506146251598,0.05333377952380862,0.08103118175656333,0.02406974582379302
ECSC_1084_2_81M_1084_YR2,1.6570710819575094,2.4370649307966232,356,6yr,one_frog_too_many,9.953130344969932,26.967752944345637,49.005682687823985,0.14757607371200993,0.04012100523181937,17.5091664428808,0.10042845510983442,0.12838052256766302,0.20845481583118977,0.19746367374325358,0.040950152286748885,0.10382312154844711,0.07292318520085325,0.04755338020570371,0.059901688274486865,0.035736415578818626,0.004384589653000744
ECSC_1084_3_81M_1084_YR3,1.7582336533454157,2.795857572555542,301,6yr,frog_where_are_you,7.806725015467418,31.121047518851793,51.502105647684665,0.1922595464483594,0.04814986787907831,18.88455912674281,0.1435505467383631,0.10874198584598432,0.264764947813457,0.053152372131271275,0.08070077128269537,0.09518466003660073,0.0616451697032688,0.08187903715969477,0.06223064140958632,0.03493006699655096,0.01321980088252735
ECSC_4029_1_81M_4029_YR1,1.846273417626658,2.1949995517730714,304,6yr,,7.186559716531511,25.08737086819908,47.03077491726243,0.15419488090449493,0.044846182209013624,16.68170280474052,0.10927235156445927,0.23526523490611892,0.21329728022616387,0.07173493386587125,0.07987341106391994,0.08997784323594654,0.046384064233025254,0.05793858274835912,0.0514101159471222,0.03332246562747631,0.011523716581537318
ECSC_1003_1_82F_1003_YR1,1.7798737127934732,2.575898343324661,393,6yr,one_frog_too_many,9.605178493659102,42.35340551557415,69.44247135911814,0.25824415563939757,0.10816012838676359,23.65799064926398,0.11908568508117474,0.1290467504541234,0.22447926994610073,0.13576966864603518,0.04129336590933585,0.0513978921686656,0.040683212155166994,0.09340580103538092,0.05667822621725303,0.05694217464575443,0.05121795374100916
ECSC_1003_2_82F_1003_YR2,1.452089148663705,2.854237428307534,632,6yr,frog_on_his_own,10.506114957940868,44.340499069183,61.99937031832066,0.2701365572456897,0.0880929964085557,23.89038701231288,0.07468228820429831,0.16274250824181632,0.20471941456210407,0.11524177889624067,0.06385948816894368,0.07484215601018143,0.03377580867072577,0.09276914113455578,0.08927441970257824,0.04582513814955974,0.04226785825899595
ECSC_1003_3_82F_1003_YR3,1.6249186996490728,2.943544828891754,376,6yr,frog_on_his_own,9.715982465081948,29.719239163881426,43.01719235960002,0.1684426116809702,0.030877530272266866,17.673669366861137,0.07718029682007338,0.1717067574321069,0.22014617105473078,0.12975223362297458,0.059062932508134595,0.07685459867538867,0.09685439820562096,0.10248771695301027,0.03507736445569302,0.01984535066642314,0.011032179605843725
ECSC_1024_1_82F_1024_YR1,1.8062497549480008,2.774511751532555,692,6yr,boy_dog_frog,14.112565990148198,43.07788572383331,77.09152713461948,0.24479206809242732,0.13498581503389195,25.998307728673527,0.1167015309483469,0.10776830274148896,0.15836332252124918,0.08508948058248993,0.08649562405413407,0.11330180731831539,0.08748786374154828,0.06666884699808218,0.04313740606045318,0.0896958882013682,0.04528992683252376
ECSC_1024_2_82F_1024_YR2,1.643919068382632,2.1858134388923647,860,6yr,frog_on_his_own,10.441561288514388,35.275700789756144,65.70449223820414,0.21377164419779096,0.10161034308783823,21.667896319329422,0.09163305963023592,0.1833156263716643,0.16185557514753482,0.13151519679546472,0.05412326129376423,0.13064550807495187,0.03314012848859319,0.09077408765543317,0.021387213454519556,0.07086044815800978,0.030749894929828454
ECSC_1024_3_82F_1024_YR3,1.664687899235756,2.813023316860199,380,6yr,frog_where_are_you,7.348441891095998,30.98149793232139,69.39249571170507,0.19115302340791324,0.11035841351626807,20.375197102934006,0.17762040629499062,0.1404960399929331,0.23234582179999175,0.1034766067735116,0.06042290683742285,0.033681355500193945,0.060803839393042874,0.05750668712837581,0.023287922763269367,0.07310441263462471,0.03725400088164336
ECSC_1039_1_82F_1039_YR1,1.6230270102139444,2.5293416768312453,460,6yr,one_frog_too_many,7.475972274132197,20.392078041815253,30.49968399136033,0.08726619839674546,0.04656553556867514,15.010250789848078,0.11788535961722521,0.17373552019307384,0.25248156738273847,0.12361725986969971,0.0821483654499717,0.10345383805593072,0.059411891034614896,0.0033946557204638274,0.037306007107606474,0.03758914282079261,0.008976392747882528
ECSC_1039_2_82F_1039_YR2,1.5998703831626524,2.414295333623886,671,6yr,frog_on_his_own,7.866488867693816,41.4647994223635,58.91720239510401,0.22336282308983327,0.05799211972299068,20.65957972248941,0.09081583672463832,0.13175547278397418,0.29035035888479177,0.09952242942296492,0.06044701854405919,0.07124387762046351,0.032502182929274814,0.04139995868320789,0.1239707446836347,0.04182823039869247,0.016163889324298214
ECSC_1039_3_82F_1039_YR3,1.6230964104975425,2.060278683900833,694,6yr,one_frog_too_many,9.73883991330759,28.61412026023493,46.82416137558168,0.1767747069079862,0.05180602258659916,18.1588198712873,0.08997122981231484,0.19386165105993333,0.18221251630011515,0.13786993183258361,0.08882466875328728,0.08246910334245355,0.04801619199132604,0.08330491610535919,0.04166376821602785,0.03717917896858108,0.014626843618018082
ECSC_1018_1_82M_1018_YR1,1.7907033778006032,2.488943135738373,301,6yr,frog_where_are_you,10.235400487085375,36.575352072436615,55.238136812055515,0.22209397094704555,0.058704236621466135,20.038006918625964,0.12953922086084277,0.12567151310389693,0.1666286541660806,0.18980228521743597,0.0606427461359942,0.061786278078437104,0.04383533149026686,0.0926928474430837,0.07069688688249572,0.04437715539577684,0.01432708122568929
ECSC_1018_2_82M_1018_YR2,1.9652981076029044,1.865317089855671,136,6yr,one_frog_too_many,7.3905547374444165,26.288301510640512,39.839982002598205,0.15261434340177565,0.0,14.51554086456018,0.03788120510296725,0.17563584405300475,0.3595185833104417,0.10043341633500413,0.05898275614200705,0.05686012860980579,0.05807372304499369,0.11538263561612298,0.03723170778565267,0.0,0.0
ECSC_4013_1_82M_4013_YR1,0.8448195303640058,3.1002330780029297,118,6yr,,10.95251791409692,46.38019840032359,55.81204342121949,0.3388085515580185,0.0,21.454139058556805,0.257802940755477,0.005963685871384249,0.15794145318695207,0.12029378007893625,0.05656825787224538,0.06262133067698661,0.0,0.15561266067025648,0.18319589088776203,0.0,0.0
ECSC_1005_1_83F_1005_YR1,1.588155773762734,3.1527461886405943,224,6yr,one_frog_too_many,9.571532209895478,27.783847328489518,43.79208809719202,0.16639489878489033,0.04719053880255999,17.421949936922868,0.1022776278422308,0.18393704605624706,0.19669366783403286,0.08971493454733623,0.10304183388359123,0.10214606544377956,0.05579392560789196,0.09228274202398984,0.026921617958340503,0.041920241073309,0.005270297729250986
ECSC_1005_2_83F_1005_YR2,1.5289054682177885,2.3884457468986513,404,6yr,frog_on_his_own,11.72558363639396,31.945721010165343,51.5199850384932,0.19945024056705452,0.0559955000234304,20.67012711381639,0.08059659015366023,0.14395623022004386,0.15734161017170298,0.1299966376495234,0.10592211572896157,0.11183776102581626,0.07089881448323719,0.09056477993985476,0.05288996060376936,0.03584721390014886,0.020148286123281543
ECSC_1005_3_83F_1005_YR3,1.8795587258954205,2.0515460848808287,427,6yr,one_frog_too_many,11.19141301736291,33.15928965791574,61.613645833443556,0.2003614056239174,0.08745141750753047,21.818136016800775,0.11099163170305457,0.12295285955298949,0.1682407375734959,0.13390643898999072,0.09852337323955458,0.08656500727351565,0.07845854604348168,0.03403287086992465,0.07887711724646229,0.07470880719956186,0.012742610307968614
ECSC_4068_1_84F_4068_YR1,1.5604351377294912,2.477134498953819,232,7yr,,7.358513015362183,20.418892221305132,43.28652696546114,0.1525451132007439,0.05276522738624123,16.115173276560675,0.1263435357415465,0.17338858942182092,0.25473831206211656,0.10394124600219483,0.1083562831017375,0.06804082159842997,0.012646098871409864,0.07662223612085904,0.023157649693643634,0.03445302558033774,0.018312201805903486
ECSC_1094_1_84M_1094_YR1,1.7457374172825966,2.840000438690186,267,7yr,frog_where_are_you,11.50605806277104,28.15775089765109,40.192660166122074,0.15279663426213874,0.016033070200742416,16.8675456054052,0.11407150095740119,0.09924020395403124,0.23354331697917513,0.06361980861364475,0.1465731099367346,0.1041579921884817,0.08599743310839263,0.11010523167245005,0.0266583323889463,0.009924867140838983,0.006108203059903432
ECSC_1094_2_84M_1094_YR2,1.639219178691987,2.2169319868087767,437,7yr,frog_on_his_own,10.602691819674211,35.74847556346922,47.6740817254538,0.2230468416123833,0.07243710416938555,21.29560293263319,0.08964641795752047,0.12304894961207946,0.22813310148496613,0.1107602788366291,0.09008322150602378,0.07744734282866658,0.057833846161731164,0.12577976998616283,0.024829967456834922,0.034489875800726315,0.037947228368659235
ECSC_1094_3_84M_1094_YR3,2.0954418983190286,2.2028497010469437,446,7yr,one_frog_too_many,11.38616944761192,38.17641623259048,62.327227023565364,0.22627113480648867,0.0937061841529218,22.397247725468127,0.11349687030829302,0.10595213814377011,0.18810668975879752,0.1162251514220714,0.09383969777918746,0.11987615981089197,0.03623215797049985,0.0761273831915406,0.05643756746202628,0.07035838534399287,0.023347798808928923
ECSC_1038_1_85F_1038_YR1,1.6889267694565553,2.7037990212440492,541,7yr,frog_where_are_you,10.832485364799489,40.111006451174354,60.78546895768086,0.2423924057506136,0.085552339726118,23.917082849097973,0.09868531288476208,0.12554907284148878,0.23134341352830384,0.07272451109093366,0.034936598141521044,0.09681437926704907,0.09755430649532788,0.08942279698736368,0.06741726903713197,0.03951927532753206,0.04603306439858594
ECSC_1038_2_85F_1038_YR2,1.746040517284024,2.5455490350723267,551,7yr,boy_dog_frog,7.633690517366772,29.595407492317488,62.20456336176477,0.18767251681536903,0.09368468314862735,19.92303342377057,0.1350695423031776,0.13783829803601075,0.25867750006693613,0.10729331281731326,0.07752743030174036,0.06003491077756441,0.035886488881888425,0.04122643248261867,0.05276140118412303,0.06680729212330683,0.026877391025320524
ECSC_1038_3_85F_1038_YR3,1.83712642346659,2.9080968618392946,545,7yr,frog_where_are_you,9.70387422357053,34.45068919168507,54.222386390168424,0.2095863056092151,0.08040738946821249,20.04217670947472,0.11951544163840791,0.1763655599033551,0.17746736857029688,0.1135925808708179,0.0839923231980373,0.06469915697417605,0.05478126323569378,0.09912156577881336,0.030057350362189247,0.06139432308544117,0.01901306638277133
ECSC_1016_1_85M_1016_YR1,1.8468802762608376,2.184552773833275,272,7yr,one_frog_too_many,7.0158672325737275,19.60056914338913,33.902825925865415,0.10274638867375993,0.01310415881196125,13.18286044329175,0.14245109384922255,0.15436003331491252,0.30238430818151557,0.10796878813449975,0.06925042119934322,0.06348513657605878,0.05735383007068762,0.04562987052782258,0.044012359333976105,0.01310415881196125,0.0
ECSC_1016_2_85M_1016_YR2,1.878230594435046,2.722145116329193,366,7yr,boy_dog_frog,11.413449343254033,34.0321757580839,55.06938033520653,0.20596271332229682,0.0715866558076893,21.885213847158788,0.0814804239480352,0.08978254165861807,0.20604618448798712,0.15250891871623354,0.07125764873233865,0.14446892513485907,0.04849264399963155,0.08665258715287599,0.047723470361731496,0.03525260592588032,0.03633404988180899
ECSC_1016_3_85M_1016_YR3,1.6433829238337858,2.5050879240036013,583,7yr,frog_on_his_own,10.270761390403319,28.00708637201398,41.46935929409176,0.16571040317371122,0.0419881401728673,17.557923733320017,0.13370597006229,0.16869818866990313,0.14293399641531265,0.12904510303498815,0.0870817421711427,0.11271130574136938,0.06011329073128274,0.11637905694864709,0.007343206052196832,0.020485249172596552,0.02150289100027075
ECSC_1048_1_85M_1048_YR1,1.457303698408988,2.4108589828014373,244,7yr,boy_dog_frog,6.948882802397474,18.40735826159474,29.12868211269253,0.07990106079180362,0.020568429705902842,12.7452546526342,0.1498244304278978,0.21109311854045548,0.21409566166916214,0.09696114252459297,0.11013380512096432,0.08899147817313535,0.04899930275198827,0.03951411858916598,0.019818512496734803,0.01499323160414851,0.005575198101754334
ECSC_1048_2_85M_1048_YR2,1.8921100477057116,2.017715772986412,451,7yr,one_frog_too_many,11.325994404953082,38.82769899353225,52.605093665046816,0.2591747668388526,0.07830451762288226,22.093092577782382,0.09898714600678327,0.1337520244012739,0.16445813552993993,0.13259192779194473,0.0802854645270562,0.09262003228787123,0.038130502616278095,0.15231080115288936,0.02855944806308101,0.05392928332281975,0.024375234300062512
ECSC_1048_3_85M_1048_YR3,1.864043336529886,2.5017188787460327,347,7yr,one_frog_too_many,10.585528682234283,36.59297834263303,56.67623428874186,0.21562863800591942,0.05193133354750734,20.54601631991325,0.10067033109987089,0.1344804735582987,0.21512016728747613,0.09409295828873372,0.06569421729263245,0.13430656490215154,0.04000664956491715,0.06524658590538321,0.09845071855302887,0.04234986184178266,0.009581471705724678
ECSC_1058_1_86F_1058_YR1,1.678218556796351,2.648634284734726,525,7yr,frog_where_are_you,7.517381996089846,27.044408807654875,44.400338254819715,0.16829987505395258,0.043751829425825464,16.930528622769067,0.19242919557347996,0.14448078587764754,0.19435669930371302,0.10125686478352282,0.08735669109284426,0.06704200692601524,0.04477788138882459,0.08986559020528635,0.034682455422840784,0.01964725857453329,0.024104570851292174
ECSC_1058_2_86F_1058_YR2,1.7045872113397045,2.543888121843338,801,7yr,one_frog_too_many,7.890709899823907,38.585334038428954,58.91329987836127,0.2337424206302012,0.07787246513354872,20.602744173483742,0.11876741908705062,0.12402249106670875,0.26693452344897156,0.11576821015084349,0.05670399436387183,0.05925460695496024,0.024806334297392308,0.0906188073928305,0.065251148103822,0.05691993956283761,0.0209525255707111
ECSC_1058_3_86F_1058_YR3,1.7346517064879017,2.689794236421585,1246,7yr,frog_where_are_you,10.61963231582497,37.5561533897419,68.6072424125681,0.22953926791105506,0.10746937787764185,23.196467545275397,0.11942203672565044,0.17119959853777406,0.16864328114331692,0.0754524650970107,0.06996146583122498,0.0733335017008002,0.09244838305316767,0.09725068073068595,0.024819209302727227,0.06419050557848376,0.0432788722991581
ECSC_1076_1_87M_1076_YR1,1.3283371710969554,2.5758908301591874,293,7yr,frog_where_are_you,7.605868191638285,22.579380201784545,43.288306077612745,0.1395694074343287,0.06352624868072752,16.43659200129028,0.10022784581986162,0.1698496648579405,0.2646977579986272,0.13078055744190528,0.06623066813045421,0.08558200427096686,0.04306209404591561,0.05769084891500844,0.018352309838592738,0.05825275605776778,0.005273492622959743
ECSC_1076_2_87M_1076_YR2,1.6619357376329362,2.496006077528,372,7yr,boy_dog_frog,7.794572667305249,22.385021637396587,57.17746755749306,0.16224902989328116,0.0863435324071827,18.896185892716687,0.03813377767177014,0.1732586240000546,0.30982296689368927,0.11767656246656871,0.1052440353494441,0.07261776491549278,0.020997238809699264,0.04588042752586011,0.03002506996023834,0.05931932222715428,0.027024210180028423
ECSC_1076_3_87M_1076_YR3,1.6552622101960643,2.6642234534025193,451,7yr,frog_on_his_own,9.60671992712378,27.478032963847447,49.62647338312614,0.160383992527225,0.042328397519266425,18.307831957774635,0.09862767230968073,0.19700937040010874,0.1815105220774029,0.11299662755997722,0.07759061524854646,0.1105556638675409,0.06132553600951808,0.05787036279115196,0.060185232216806606,0.016916192838800737,0.025412204680465688
ECSC_1086_1_87M_1086_YR1,1.5746980313331849,2.144146203994751,169,7yr,one_frog_too_many,7.370893625294768,15.051156843622826,20.913728865177784,0.02830679975552183,0.0023692748789152485,10.322565725275597,0.09322342513809116,0.18457313946666548,0.2811641564487523,0.15299394561176263,0.12877416021373428,0.1060109747352435,0.024953398630228617,0.023807161996541176,0.0021303628800654066,0.0,0.0023692748789152485
ECSC_1086_2_87M_1086_YR2,1.5825449178295752,2.598169434070587,530,7yr,frog_on_his_own,9.243716586685013,23.135045097136565,57.91239484120291,0.16415486708364613,0.0863069175133998,18.123987168789906,0.16779255408472535,0.131752771325438,0.19023108443388775,0.12584605292985857,0.07809356728956787,0.12126851193040065,0.020860590922475594,0.04410787741688149,0.03374007215336482,0.0863069175133998,0.0
ECSC_1086_3_87M_1086_YR3,1.60720019648152,2.3599385738372805,321,7yr,boy_dog_frog,9.38623595581496,23.0148041667018,39.092361731688975,0.1199792807058127,0.050752942729781855,16.94497570743272,0.10000856562445273,0.1664510383878855,0.2142968624603672,0.14946977284927138,0.09713676762457386,0.08453458122360631,0.06812313112403033,0.0491909744998185,0.020035363476212337,0.020839619990484844,0.029913322739297015
ECSC_2002_1_87M_2002_YR1,1.8989887306767128,2.840382981300354,309,7yr,,11.82792181311222,40.50477394078998,69.94284753970285,0.22387059902308465,0.11679876606780873,23.504920235535796,0.1413022370713255,0.14036103314891696,0.17014351340178377,0.05112575901623109,0.07064026602965212,0.08660389706655436,0.11595269524245155,0.04771082888988034,0.05936100406539557,0.1053566277169406,0.011442138350868127
ECSC_1075_1_88F_1075_YR1,1.3504586318808218,2.7615693300962447,258,7yr,boy_dog_frog,7.361902568715058,25.839884024520803,45.85494355032605,0.15552490081460257,0.025818402616788617,16.19774515884574,0.12163774024525964,0.15995492830216942,0.27741279553041426,0.13755595095241321,0.0431994000787804,0.05417535014442837,0.050538933931932116,0.0647901337690356,0.06491636442877836,0.0051801642172367365,0.02063823839955188
ECSC_1075_2_88F_1075_YR2,1.576373614515028,2.881107345223427,496,7yr,boy_dog_frog,7.963127132551863,39.36114073631142,65.11794605723782,0.22949795199214376,0.10020022706152334,22.113984233709303,0.12481623732405416,0.1692100567257254,0.20853682282558736,0.12271229209517896,0.04211905450618101,0.07995223872190499,0.023155345809224365,0.0695581654649445,0.05973955946567591,0.052626082232700086,0.04757414482882325
ECSC_1075_3_88F_1075_YR3,1.5598521055713777,2.7601964235305787,350,7yr,one_frog_too_many,9.883916344631967,29.523671405434875,44.582857829047185,0.16553403217206736,0.03638774490274436,17.531748640419437,0.06892065639187735,0.20476567730781134,0.17998999897502352,0.1572218941530326,0.07822173674191334,0.04791879878762837,0.09742720547064614,0.08486769820448213,0.04427858906484086,0.032337699109735205,0.004050045793009155
ECSC_4011_1_88F_4011_YR1,1.655405197989556,2.9798662066459656,255,7yr,,10.982094070999954,26.34875076372017,41.93097813046464,0.1360038916054152,0.025701770499508947,17.488537365467256,0.12300593140930072,0.10446800986188945,0.21396773197152744,0.0886310003355281,0.12911950113798693,0.12553424656453602,0.07926968711381616,0.06047023810740448,0.049831882998501796,0.007621607664963452,0.018080162834545496
ECSC_1078_1_88M_1078_YR1,1.837066408126585,2.4111718416213987,326,7yr,frog_on_his_own,10.309664146946378,39.81331143491736,69.44861593502888,0.23108869414769573,0.11447954996667122,22.722679583541964,0.1340120617701716,0.1380586803517816,0.16725296798306452,0.138988969125684,0.027751638072085787,0.08688337073025794,0.0759636178192588,0.06844401825308401,0.04816512592794053,0.10090015760461218,0.013579392362059026
ECSC_1078_2_88M_1078_YR2,1.7927068848763743,2.8022547245025633,327,7yr,frog_on_his_own,11.482879263346707,49.21186815472053,65.3665548552052,0.32635607093144214,0.10111446448852678,25.334433190503294,0.03608422750299893,0.14036874015641818,0.2623645529475176,0.0739252370780959,0.05208737704547811,0.07943427005542301,0.02937952428262609,0.12493934729409815,0.10030225914881725,0.09425164788770003,0.006862816600826743
ECSC_1078_3_88M_1078_YR3,1.999703169061292,2.6707580149173737,606,7yr,one_frog_too_many,11.37176676404351,57.96378075267839,84.7370052954048,0.32883887787315386,0.17451465077393985,29.35881363755609,0.04204886872936597,0.13381901735886256,0.22867457266551894,0.12074232090618067,0.05533228381260919,0.05759761738624526,0.03294644126806357,0.09099315466334515,0.06333107243586883,0.11703671045424124,0.0574779403196986
ECSC_1002_1_89F_1002_YR1,1.831517443349284,2.4863459348678587,501,7yr,frog_on_his_own,11.17346646890308,33.153981016010995,56.90792508568164,0.20090493890977904,0.08856479832742326,21.009163783700345,0.13784729955077532,0.12317772065023708,0.16772528391977196,0.09834478272191678,0.09835054949366794,0.10343435420026328,0.07021507055358858,0.08815426731382117,0.024185873268534632,0.06873343653806958,0.019831361789353668
ECSC_1002_2_89F_1002_YR2,1.6385533798125482,2.5877622723579408,614,7yr,frog_where_are_you,13.13531880990692,40.17361214916841,70.96934130823998,0.23568956397091476,0.11426750486867435,24.66424698299158,0.05765829007433762,0.15038158472221802,0.15587117373261633,0.1314264082695935,0.10336796202482705,0.08883716133112779,0.07676785587436494,0.07462676381601872,0.046795295286221686,0.07409404624231528,0.04017345862635907
ECSC_1002_3_89F_1002_YR3,1.8274187027446689,2.3736288100481033,434,7yr,one_frog_too_many,13.439388602647682,39.039708283605115,57.029131178340464,0.24531137487931784,0.07154250209522969,22.708818789807243,0.11046150229458927,0.1113362695929819,0.1203279654343461,0.1431894510960246,0.100263034773113,0.0984616643577298,0.07064873757189749,0.11253368395866696,0.06123518882542118,0.052621013064372335,0.018921489030857358
ECSC_1030_1_89F_1030_YR1,1.7343061660566637,2.2123057305812837,368,7yr,boy_dog_frog,7.994156361218598,27.405930549164175,45.700323740678115,0.16142504736459176,0.0294928571198678,17.401893029700073,0.11410418434354799,0.146630943077091,0.23973184134109257,0.12832404687351065,0.04154371747634121,0.10946342667435399,0.05877679284947083,0.07254741920615557,0.05938477103856838,0.010031569450896715,0.019461287668971084
ECSC_1030_2_89F_1030_YR2,1.9216429218890203,2.3481492780148985,602,7yr,one_frog_too_many,11.954239695657227,38.51015867518538,66.5434067174891,0.23815247725954264,0.1034632243786107,23.87543781769141,0.04374724088021742,0.09445073874309366,0.22549239314407513,0.1384210232835776,0.0848509944487485,0.12703812417022575,0.04784700807051929,0.103860377282852,0.030828875598079945,0.06956037868721265,0.03390284569139805
ECSC_1030_3_89F_1030_YR3,1.9552676836809808,1.9032809421420096,543,7yr,frog_where_are_you,10.59930107858032,29.314963851058113,50.30349287774871,0.16364301581376356,0.07504216885627871,20.49667935713448,0.1143022087287837,0.14335387197095198,0.1826102044563312,0.11204966152519104,0.09862963975166192,0.09062724022755962,0.09478415752575703,0.061267785775219866,0.02733306118226498,0.0311638828253614,0.04387828603091731
ECSC_1054_1_89F_1054_YR1,1.9997886808649183,2.0194391161203384,418,7yr,one_frog_too_many,10.963893066588538,29.526289315740005,55.8890531958717,0.1763892722841351,0.06891062370113865,20.51557429820292,0.04736832500589085,0.17619280411570398,0.15754365166655873,0.18162173068574092,0.10888183337022986,0.08518976203346303,0.06681262083827758,0.049983431841398564,0.05749521674159785,0.04243141290762638,0.02647921079351228
ECSC_1054_2_89F_1054_YR2,1.8049450116772807,2.385184133052826,478,7yr,frog_on_his_own,7.99623962917126,29.97068747612787,61.52957529250031,0.1972247771579155,0.09150786811533698,20.683508176355595,0.13483399401291968,0.12828872153911586,0.23717457256262453,0.10344310419499642,0.1149760461997025,0.0744858084277977,0.009572975904927812,0.05415412395414759,0.05156278508843092,0.0457392735101852,0.04576859460515179
ECSC_1054_3_89F_1054_YR3,1.7440788414930146,1.8106936685740949,445,7yr,one_frog_too_many,13.031407107647826,28.226662583393153,74.01371635892141,0.17641438111787872,0.1261399090542238,22.1864168154528,0.07765065226873148,0.15375805887352254,0.1854351728580108,0.08159292803180594,0.1493153701503648,0.1320792440721638,0.043754192627522,0.05027447206365493,0.0,0.0899004526450276,0.03623945640919619
ECSC_1026_1_89M_1026_YR1,1.7620302990559609,2.41661850810051,356,7yr,boy_dog_frog,9.646075079964922,37.21942585712017,66.40399057160401,0.21153719107539296,0.103652555403386,21.77238929647806,0.08589778128669988,0.13001244232820683,0.26278640628489575,0.09892056245856433,0.10965198279070532,0.06895901179215728,0.03223462198337764,0.04101455316221789,0.06687008250978904,0.08064813239850023,0.023004423004885772
ECSC_1026_2_89M_1026_YR2,1.5959076212298489,2.783487820625305,449,7yr,frog_where_are_you,7.748263362164311,29.40062004376371,47.608589493882505,0.17954222260614594,0.08205906191345845,18.748325974795378,0.16575556781015657,0.11044840314503795,0.24429539627733587,0.11810324781117364,0.06379150014039657,0.06297189256929957,0.05509176964045387,0.0816734113578734,0.01580974933481411,0.06042391915255517,0.02163514276090328
ECSC_1026_3_89M_1026_YR3,1.668578904626831,2.3027108654379846,456,7yr,frog_on_his_own,7.588974453743833,27.423663149056882,49.75511636216389,0.1572169075929156,0.04760150481918865,17.853293766089454,0.10106097149559345,0.2732798508816941,0.14560882681673418,0.10041300494789078,0.0692037919849562,0.08777529949913823,0.06544134678107745,0.0544392814592277,0.05517612131449926,0.018778410868845262,0.028823093950343385
ECSC_1031_1_90F_1031_YR1,2.0858162303124703,2.3701794385910033,311,7yr,one_frog_too_many,10.219978727055842,37.767043398314286,56.87489159407198,0.22930231933313902,0.06643280320866664,21.185018573647817,0.07737582549239069,0.12936068686526217,0.23735471205380734,0.13748299297840189,0.07450936119116026,0.040481069085548195,0.07413303300029045,0.09220280859043739,0.07066670753403499,0.049806150057396435,0.016626653151270203
ECSC_1031_2_90F_1031_YR2,2.0301315599872227,2.5639194011688233,417,7yr,frog_where_are_you,10.424374080935275,35.77377365936308,51.781218315275424,0.22062956476878615,0.06015653157711462,20.651973400404128,0.11982678801552854,0.1476852479120873,0.17517799066589126,0.12070559449283466,0.07176771814458133,0.06658618468621148,0.0776209113140793,0.11156046221985011,0.04891257097182141,0.03493575889583702,0.025220772681277596
ECSC_1031_3_90F_1031_YR3,1.9343579437463512,2.238931342959404,470,7yr,frog_where_are_you,11.787437600946983,49.33465481383596,65.20662561023916,0.2395161577601828,0.10018411802226293,26.34308340656837,0.04646925983296108,0.08582415015737604,0.22976032859174744,0.1484656675769707,0.06232870178223082,0.12424225114571966,0.06339348315281146,0.03723841625617472,0.10209362348174518,0.027623190966231927,0.072560927056031
ECSC_1044_1_90F_1044_YR1,1.6838303975520597,2.9970609724521635,694,7yr,frog_where_are_you,11.520676915410446,30.956392197466116,52.65767368237034,0.19145688497096394,0.06800943522501962,19.824578090333315,0.0929016326919601,0.15519010298608366,0.166516890563894,0.10162909800460126,0.11608309683491227,0.11891934445060047,0.057302949496984286,0.0811405668202738,0.042306882925670516,0.06528699585041603,0.0027224393746035896
ECSC_1044_2_90F_1044_YR2,1.652147664994963,2.6930843725800515,813,7yr,frog_where_are_you,7.627216480179698,20.27424194875891,30.540628145839715,0.08215359790935413,0.020155590519416355,13.546162002368774,0.15858129522068,0.10354055865257562,0.2716313801181008,0.12092907530409278,0.11698071237724474,0.06058160984906034,0.08560177056889157,0.0370417127587866,0.02495629463115117,0.020155590519416355,0.0
ECSC_1044_3_90F_1044_YR3,1.9067988435106895,2.2255254060029985,244,7yr,boy_dog_frog,9.031633249176963,22.088072944733277,39.981942053213416,0.11835692238829026,0.031235456680839404,15.118730472477663,0.11797384059478695,0.19040417110884578,0.18996349721050532,0.15728619054438733,0.0969402303210599,0.06525545037371772,0.06381969745840675,0.039438000734711876,0.04768346497273899,0.030577742095969362,0.00065771458487004
ECSC_1060_1_90M_1060_YR1,1.7590703679669286,3.007568049430847,169,7yr,one_frog_too_many,9.679131295086504,20.206735420542913,27.728926496287237,0.05222938211700188,0.0,12.465164834880646,0.09896093996540227,0.14379822890702648,0.22290910250904847,0.15165725184619652,0.12393959058495733,0.12821269902023016,0.07829280505013671,0.05222938211700188,0.0,0.0,0.0
ECSC_1060_2_90M_1060_YR2,1.62885988546956,2.3319153606891634,676,7yr,frog_on_his_own,9.645913231290669,27.10603511710411,44.78731325175069,0.11852677885125337,0.05955831782916709,18.029095910912115,0.09067419641400458,0.17915298342356425,0.20616194239644675,0.11152060340057829,0.08878769964085263,0.08864195027207092,0.1165338456012292,0.02357633812162536,0.035392122900460926,0.041424168923823695,0.018134148905343393
ECSC_1060_3_90M_1060_YR3,1.951295306990224,2.5256683945655825,513,7yr,frog_where_are_you,9.947741386217135,30.925336288115798,55.71929225174215,0.1886367801650698,0.07407454460954255,20.24322593715729,0.11508077079471839,0.14865233470873077,0.19380817595172717,0.13439969751968506,0.06296335436517671,0.08244267289719366,0.07401621359769843,0.06759984505953583,0.046962390495991435,0.04867777921526423,0.025396765394278317
ECSC_1040_1_91F_1040_YR1,2.1513798379128977,2.264502727985382,742,7yr,frog_where_are_you,15.60432652277849,56.04765351125137,84.5010891171187,0.33515744872203346,0.1600320293274782,29.77511850532001,0.12847752916623442,0.15333218864407344,0.12617551607181385,0.03946000773367441,0.06053936546497291,0.0982055098036735,0.05865243439352396,0.09973640548072964,0.07538901391382564,0.09543020381965046,0.06460182550782774
ECSC_1040_2_91F_1040_YR2,1.959405620924888,2.521029433608055,523,7yr,frog_where_are_you,11.304192294952689,29.028797894783082,46.49692717016357,0.16593832115964055,0.058118312709578304,19.648276393401137,0.08006220771032331,0.13022515264776477,0.18637653369270488,0.13454099231504646,0.09322740186499504,0.12938181961330247,0.08024757099622261,0.07328148140126678,0.034538527048795446,0.04064219369016802,0.017476119019410284
ECSC_1040_3_91F_1040_YR3,2.035277272905073,2.1440989047288896,540,7yr,one_frog_too_many,10.272207352149168,29.553886479725293,54.56762219834636,0.16921368191184252,0.08037002810930285,20.35857227458006,0.16686940436497666,0.134316516665693,0.1413580905865081,0.13548732040990044,0.06471346319597429,0.09994085834937783,0.08810066451572711,0.057626755523842686,0.031216898278697006,0.04189226119919569,0.03847776691010716
ECSC_1027_1_91M_1027_YR1,1.576847952412021,2.6537256956100466,375,7yr,frog_where_are_you,7.682580414636658,27.565457893080275,51.55032098309192,0.12564140188134157,0.0536411579273328,17.894426990527364,0.08623048427495268,0.18401475554874733,0.2569407711948328,0.10016134232363523,0.06415412531136927,0.06548080996556745,0.11737630949955376,0.016144777307390418,0.05585546664661833,0.033216354463272584,0.020424803464060216
ECSC_1027_2_91M_1027_YR2,2.0144108618459393,2.838372826576233,515,7yr,one_frog_too_many,10.12238142586273,29.245380483144075,45.44507458688516,0.16749338598027072,0.06659218465375083,19.096765098496387,0.14235030543756672,0.1574040175592132,0.1607887917116603,0.10546384067581249,0.05784045084203796,0.12605386184793893,0.08260534594549966,0.08134951563656634,0.019551685689953566,0.046505042412135975,0.020087142241614852
ECSC_1027_3_91M_1027_YR3,1.7907865816547026,2.4993525981903075,353,7yr,boy_dog_frog,10.91420770189718,45.235051468752104,73.29355437743061,0.2588463726966824,0.12175849016090796,24.763753225799654,0.04759880236314063,0.16412034917613988,0.21670039907542815,0.11218288796092561,0.08928920575274105,0.07757795026574056,0.03368403270920169,0.07214482037158557,0.06494306216418891,0.08132980918575812,0.040428680975149844
ECSC_4070_1_91M_4070_YR1,1.9016511590250076,2.528231942653656,392,7yr,,11.218098678426545,41.479308079803296,60.780654096507654,0.26334884760571775,0.08598542980089882,23.424272194189637,0.12396932500810924,0.1254752279537016,0.16368085262990542,0.1174987324773702,0.05174565784130826,0.10612385438408545,0.048157502099802116,0.11206488844875206,0.06529852935606682,0.05306884159617779,0.032916588204721035
ECSC_1098_1_92M_1098_YR1,1.2868225489893268,3.507810664176941,212,7yr,one_frog_too_many,10.345104435267375,33.78366455372296,45.07190246872826,0.2069423107452515,0.040821703612162134,18.800321272830963,0.03265557765650121,0.16594377879566777,0.2378063963978993,0.14183489136430563,0.038765851857274186,0.14440744352510457,0.03164374965799583,0.13288167837125925,0.033238928761830114,0.0356539584451819,0.005167745166980236
ECSC_1098_2_92M_1098_YR2,1.512893457181992,2.7722080826759337,264,7yr,boy_dog_frog,9.552599296538354,27.748931242863808,46.764483410014776,0.16220334253624064,0.061289555593996306,17.8402897877941,0.09542660650212748,0.14386418775250445,0.22867164579937924,0.17392834272508942,0.053955780834201224,0.07971242672211987,0.06223766712833771,0.06778678939485121,0.0331269975473931,0.05691689045946962,0.004372665134526683
ECSC_1098_3_92M_1098_YR3,1.8531684450564847,2.303048866987228,313,7yr,boy_dog_frog,9.682104138753015,22.305429263813007,42.40057351931725,0.14789487704723944,0.04155070429436161,16.55873471552999,0.1309397392469275,0.14368015110446217,0.20236727188993942,0.10121403661649737,0.1280021273756428,0.12375562536363532,0.022146171355656007,0.0764233324947986,0.029920840258079232,0.03134386869493406,0.01020683559942755
ECSC_1034_1_93F_1034_YR1,1.7527503309711332,2.4918429970741274,310,7yr,one_frog_too_many,10.268674377737156,33.011948257874145,45.340924412530995,0.20009691200408108,0.03772804120231727,19.41675456400002,0.12120975350074713,0.13070758150506048,0.19211987537732098,0.13233369554610486,0.02882269407689418,0.11185352136441146,0.0828559666253798,0.1216646038717022,0.04070426693006162,0.012648533413354394,0.02507950778896288
ECSC_1034_2_93F_1034_YR2,2.489487327491083,2.4989411175251006,811,7yr,frog_where_are_you,21.150675195017975,70.8309032052563,101.07199773381335,0.402191387495555,0.21966366104590807,36.5209823546034,0.08814279951635699,0.10198639835186371,0.14984797461946217,0.06481806471326994,0.032367081438793306,0.10597402804481985,0.05467226581987901,0.0938983959490727,0.08862933050057425,0.10454186443596572,0.11512179660994233
ECSC_1034_3_93F_1034_YR3,1.6468639614120604,2.722586232423782,390,7yr,one_frog_too_many,10.532882312950543,34.69769491093419,58.164449581606746,0.2082023135044756,0.07724814192779852,20.629445646442566,0.0692017831810627,0.14804403306057556,0.19369284509626594,0.17430171496466756,0.07531403311438024,0.10793013955659835,0.023313137521974104,0.07247162124049193,0.0584825503361851,0.061890910182891876,0.015357231744906654
ECSC_1087_1_93F_1087_YR1,1.6612824962985129,3.283558654785156,139,7yr,one_frog_too_many,7.02771584581204,26.045473466237652,54.97849969878338,0.1814752331946533,0.032994620199691974,16.552906937451493,0.15581235494267545,0.19926188000840636,0.21441726958179252,0.10039994955983517,0.08323741978764941,0.04361861694810281,0.021777275976884926,0.03707112860253927,0.11140948439242208,0.032994620199691974,0.0
ECSC_1087_2_93F_1087_YR2,1.922098594711673,2.033503472805023,166,7yr,one_frog_too_many,7.76912580543738,22.864371442269267,36.77521805077441,0.11377222965525513,0.03748493916794115,15.319077516232957,0.14474767995909682,0.12386599104679243,0.25067802467453737,0.10519361379781259,0.09784841588813092,0.09270625638014315,0.07118778859823159,0.05472093056623544,0.021566359921078537,0.033293750584945984,0.004191188582995162
ECSC_1087_3_93F_1087_YR3,2.029598586020931,2.49752938747406,280,7yr,frog_on_his_own,11.307688118630656,35.675642141441145,53.73768194343902,0.21717789161940823,0.054779555377362094,21.07405694073266,0.09795729676676856,0.1935503367087464,0.1173203568956305,0.11852382766907908,0.0725786230437948,0.07858399488895906,0.10430767240761332,0.09630150844923448,0.06609682779281167,0.037215629020681006,0.01756392635668109
ECSC_4019_1_93M_4019_YR1,1.8476739830547764,2.5415866166353225,333,7yr,,6.931624081682343,22.52675094917163,34.20415614432878,0.10375417142112761,0.03903930758864207,13.958777935238087,0.19495295813146385,0.13920783303790515,0.25756441494484755,0.10646932100762958,0.07154591779959774,0.03832575187445976,0.08817963178296873,0.04676517375435722,0.01794969007812833,0.03903930758864207,0.0
ECSC_1008_1_94F_1008_YR1,1.7274234937083337,2.3708876967430115,655,7yr,frog_where_are_you,7.911628764201777,25.247428940010884,46.26523108441679,0.131793088218632,0.06847079468014683,17.321361274598722,0.09747701496078144,0.14161849767890394,0.2688232345085799,0.12310570862741987,0.11977653050293609,0.04669976362337128,0.0707061618793754,0.035950849272403315,0.027371444266081877,0.05547408790089538,0.012996706779251445
ECSC_1008_2_94F_1008_YR2,1.9750511351131623,2.4457054048776627,607,7yr,frog_where_are_you,10.897956332179028,49.49568401939382,83.1486798623331,0.25025092977561386,0.15365849644722476,26.484073812212696,0.09403237765369304,0.12024946416187415,0.2174556902303318,0.10789890177672651,0.049169453406273794,0.11956385949250747,0.0413793235029794,0.048667212020394875,0.04792522130799421,0.09165478715156031,0.062003709295664455
ECSC_1008_3_94F_1008_YR3,1.8686850789694056,2.3841024864465,751,7yr,one_frog_too_many,11.301478294142626,40.29533379257108,67.62343896773397,0.2751938701331208,0.10615007332859981,23.764720520356473,0.10094299870177718,0.1093635835990725,0.2024368496015473,0.113739810172889,0.07626137429473381,0.06971768686514354,0.052343826631715856,0.15460677798531533,0.014437018819205678,0.07267265430278726,0.033477419025812555
ECSC_1009_1_94F_1009_YR1,2.254926673539223,2.13332237303257,697,7yr,boy_dog_frog,10.493796642015749,26.41206818808596,36.97773477186192,0.11025436665824663,0.03649307973878847,17.341691687441536,0.10267629670815202,0.14044273916225997,0.2011788550347819,0.11186685160767353,0.11193670365037249,0.10921986731604726,0.11242431986246622,0.0386691191584141,0.03509216776104405,0.015831178697293013,0.020661901041495456
ECSC_1009_2_94F_1009_YR2,2.178139039681804,2.395235702395439,1510,7yr,one_frog_too_many,11.653459483593911,36.47273446489832,53.447845660270275,0.22688805751855118,0.0744993820603882,22.315784994026636,0.10704186303806859,0.07533313295655933,0.18841825923582647,0.14608108271682815,0.06832181656935961,0.12573044158738708,0.062185346377419556,0.11613927493015863,0.03624940052800435,0.041885900946529414,0.032613481113858776
ECSC_1009_3_94F_1009_YR3,2.1891827215590784,2.055724148452282,763,7yr,one_frog_too_many,11.958515093698662,50.88784766138221,86.61536655687885,0.3228669383126839,0.140467091825287,29.006713084386263,0.06134894350705184,0.15133099737558517,0.1280678481380181,0.1614852781909429,0.058199148383765824,0.09188869762360942,0.024812148468342843,0.11429557195188382,0.0681042745355131,0.058036482669994484,0.08243060915529252
ECSC_1012_1_94F_1012_YR1,1.8539619865917392,2.4039492279291155,448,7yr,one_frog_too_many,10.857653282056468,36.29554751802263,68.18100567709028,0.21165449046363077,0.10741803628202162,22.851241088080975,0.08580921538734987,0.1403818215943463,0.20564650360632808,0.11007833389100079,0.10720110661285982,0.07444809748376106,0.0647804309607233,0.053046528990530986,0.05118992519107818,0.07229132799065442,0.035126708291367194
ECSC_1012_2_94F_1012_YR2,1.66447013751153,2.807203108072281,339,7yr,one_frog_too_many,10.348428877846503,33.90426284463564,46.38512825485706,0.2072451934614652,0.03776276242305707,18.423687741181645,0.14306479795919447,0.1463699760769582,0.15983297853606537,0.11286968470032246,0.11004910971963544,0.07632785822385973,0.0442404013224991,0.1201839736827493,0.049298457355658826,0.026551862231855097,0.011210900191201969
ECSC_1012_3_94F_1012_YR3,1.5111412111789948,2.4769773304462435,378,7yr,boy_dog_frog,10.429091847135858,30.281372551270216,60.23734496483241,0.1836026812016675,0.09080063426724722,21.264848586794308,0.13829665589666976,0.16181613089613586,0.14428356021322503,0.11672514913315335,0.056593293590816905,0.13189595954556227,0.06678656952276932,0.056128345863879686,0.036673701070540604,0.05189470920809449,0.038905925059152725
ECSC_1021_1_94F_1021_YR1,1.5563687700898416,2.69899051040411,965,7yr,frog_on_his_own,10.444086954070547,39.990588838489074,70.59923714122509,0.23413362734653942,0.11724974791073389,22.525963529669916,0.14035512569587422,0.16176221236753482,0.14096785512863694,0.11823693853238654,0.08459050941813598,0.07754226427366953,0.04241146723722256,0.07324195744127729,0.043641921994528245,0.09550268576689513,0.02174706214383875
ECSC_1021_2_94F_1021_YR2,1.658595004389363,2.636409068107605,1402,7yr,frog_on_his_own,9.721915266657057,31.341243282924502,61.71659048502695,0.19557865856224876,0.09082649682114519,20.913527621735245,0.1372916070535537,0.16536874163922435,0.16413568974620935,0.13798279283426954,0.04283356627701711,0.10982742664138033,0.04698151724609688,0.0444902828356643,0.06026187890543928,0.0632205436484977,0.02760595317264748
ECSC_1021_3_94F_1021_YR3,1.7294126860557064,2.699956166744232,989,7yr,one_frog_too_many,10.516367449494746,36.787893940252864,58.038933427722995,0.22124553230740648,0.07552405832725975,21.38266177403747,0.08300420714123323,0.1321362334847761,0.22387255742563061,0.12065743425582053,0.12190761992930758,0.0695134260079023,0.027662989447923208,0.08413197139036548,0.06158950258978124,0.04034641430236695,0.0351776440248928
ECSC_4045_1_94M_4045_YR1,1.5701440399692903,2.649972212314606,237,7yr,,9.5196667391496,30.85213984214487,61.01612877412667,0.1902835522006257,0.08395735091967266,20.48398994206886,0.10419079920545421,0.17280716789687048,0.19222483784685912,0.17767460989237582,0.07315769726546562,0.03040748483762721,0.05925385085472181,0.025679377745701764,0.0806468235352513,0.056462603126214816,0.02749474779345784
ECSC_4020_1_95F_4020_YR1,1.461880324059917,2.433682397007942,409,7yr,,7.483190419420757,21.096197626875167,40.42997245506527,0.11953107795026538,0.04545783983269332,14.989342657329976,0.12605929542424157,0.20992993932825793,0.1981452134698849,0.15267506266319136,0.0334071876354626,0.13634183729039773,0.023910386238298584,0.039430317006659596,0.03464292111091247,0.04545783983269332,0.0
ECSC_4039_1_95F_4039_YR1,1.5578851239335154,2.7460690528154372,416,7yr,,10.977718978302736,33.81218626279168,62.93321472719731,0.20045639957999478,0.09295400400621956,23.162917630040706,0.0015919086679818874,0.1353556625897795,0.2842728944474577,0.11950059916357013,0.060745632812720864,0.14661502972922102,0.05146187300927415,0.008429093193954582,0.09907330237982064,0.06766167602074938,0.025292327985470174
ECSC_4049_1_95F_4049_YR1,1.652269708533441,2.396200102567673,273,7yr,,9.725390753831796,34.03278623910845,51.28707467758043,0.20653362979658577,0.03529584789389129,17.87877987724531,0.10712927301437536,0.13455522851270332,0.21122650390362668,0.19474604957625377,0.0828466045786882,0.04250972670224223,0.02045298391552469,0.09489325403230571,0.07634452787038877,0.029803869825702135,0.0054919780681891555
ECSC_4023_1_95M_4023_YR1,1.5403305599766393,2.827675986289978,311,7yr,,7.227626623435442,21.58803215423652,40.466464954927204,0.1278396112327344,0.06008624137021895,16.773275665844906,0.11737582607459245,0.18504805945670197,0.2660806515644933,0.10424838249497712,0.030762912882449815,0.1472067217453672,0.021437834548683758,0.05592930135102729,0.011824068511488147,0.020070799365945705,0.04001544200427325
ECSC_2027_1_100M_2027_YR1,1.7680283869466475,2.8078416347503663,550,8yr,,9.574620178822743,26.462367196427778,51.03094703525453,0.15048705378364918,0.06237682352212748,17.838219114654205,0.1493852533845292,0.1851358034878089,0.1361288355522275,0.15323221489836356,0.08411571786543674,0.07892689320419757,0.06258822782378738,0.04459528366502092,0.04351494659650077,0.04472342485125069,0.01765339867087679
ECSC_1015_1_102F_1015_YR1,1.832737439822766,2.6107883974909782,1109,8yr,one_frog_too_many,13.227982198496564,25.456720136970862,38.787065834973,0.11444190145750435,0.021355822251920027,17.59892237699634,0.06586257401183003,0.12354148809121057,0.18442372129204376,0.11783196386310033,0.10974873648225943,0.19261957140876573,0.0915300433932858,0.037433222299529695,0.055652856906054635,0.018121329767082046,0.0032344924848379812
ECSC_1015_2_102F_1015_YR2,1.9312241279309792,2.6889507353305815,1160,8yr,frog_on_his_own,10.543946946456913,43.96256741853963,63.367563000305466,0.2842146452677103,0.09696341912929504,23.45872017111704,0.09546993707804236,0.14021182324199352,0.20792279200987185,0.10958041233121917,0.08382756459445556,0.05989828386048685,0.01887454161622035,0.1152302768856243,0.07202094925279098,0.07197037605959385,0.0249930430697012
ECSC_1015_3_102F_1015_YR3,1.8092626883137612,2.4160934567451475,773,8yr,boy_dog_frog,9.866026141464802,21.997086722515935,52.29421799691963,0.1533486872417291,0.07255586203713407,18.209604982476726,0.10792216951201257,0.1707377035901792,0.1803353595188732,0.1420445599121721,0.14581567824203612,0.07444571712091136,0.0253501248620864,0.045625412268435486,0.03516741293615953,0.04918042347835321,0.023375438558780853
ECSC_1059_1_104F_1059_YR1,1.694092414263756,2.2208409011363983,721,8yr,one_frog_too_many,11.055504911684503,29.03640462553111,53.57521812213693,0.16371828526361135,0.08528714764059392,20.86165303717934,0.08442984046294255,0.1463355397906308,0.2092810638160598,0.08750194016500856,0.09989907306918692,0.12313699749529942,0.08569725993726064,0.05726112294292774,0.021170014680089683,0.04942080418339037,0.03586634345720354
ECSC_1059_2_104F_1059_YR2,1.8766347794763505,2.259052187204361,396,8yr,one_frog_too_many,7.511562164539047,21.06350278175873,51.47108462866345,0.14635979915322306,0.07670022135790239,17.407641782414412,0.10355761110866446,0.13659071032138784,0.310386518285887,0.10185169882863111,0.1029973478875397,0.07685802416014426,0.021398290254522532,0.04176437144481425,0.027895206350506425,0.05899783574753487,0.017702385610367515
ECSC_1059_3_104F_1059_YR3,1.7482174806056483,2.898509865999222,370,8yr,one_frog_too_many,7.595814638774316,29.20933491930546,54.55406765896928,0.17514427779362343,0.06230229972733271,18.86263117664928,0.1741806808380128,0.15987935427488933,0.19177790556584196,0.08292002277357208,0.08053356114655655,0.07321703289459001,0.06234716471291385,0.05297859098338973,0.05986338708290097,0.03306053873402067,0.02924176099331204
ECSC_4015_1_104F_4015_YR1,1.956433440408399,2.580298697948456,804,8yr,,9.84328681459718,23.353523760686052,52.46806884997716,0.16754118008419927,0.07383998434033344,18.86850697534969,0.09111791352039302,0.12114321819241386,0.2560638431683193,0.11268417068991185,0.10274469634394065,0.12807429975004572,0.020630678250776274,0.0596739170695371,0.03402727867432873,0.05904370712987613,0.014796277210457311
ECSC_4079_1_104F_4079_YR1,1.4200527680497017,2.953756037354469,339,8yr,,7.526549354678057,22.240873253424617,42.21208225886883,0.11503225298073702,0.04828220894085905,16.981750939613192,0.1436568158600531,0.15973109774687483,0.23345526897667626,0.12774735146322694,0.08958777762864777,0.0612019796628452,0.06958745568093895,0.024476962794591113,0.042273081245286864,0.0,0.04828220894085905
ECSC_1022_1_106M_1022_YR1,1.827926993370056,2.546202874183655,660,8yr,one_frog_too_many,10.778411080746663,30.11867988914518,69.52907558974876,0.18721064669513923,0.1090162000677849,22.40748080559219,0.11219518653053394,0.14280398099279348,0.17909216087401383,0.11118127689856702,0.08101152176409658,0.13891870834315106,0.047586517901704845,0.04239637312119667,0.03579807350615767,0.06171285874184971,0.047303341325935194
ECSC_1022_2_106M_1022_YR2,1.6192124384545512,2.5606063917279243,333,8yr,boy_dog_frog,7.772896391138694,20.8536556006226,33.89416858875724,0.10208703431040574,0.042781724193177856,15.501507102366496,0.11057531194941164,0.14405809444374315,0.2654624179875153,0.1541720529116036,0.0798424357360557,0.08335664680304902,0.060446005858215815,0.035010751942868366,0.024294558174359503,0.02205097423330831,0.020730749959869548
ECSC_1022_3_106M_1022_YR3,1.848980264894424,2.7432881712913515,402,8yr,one_frog_too_many,11.657679524741036,35.96535069996024,62.855925476278614,0.21151706659607006,0.09560245104593854,23.313219142890883,0.11026746435777393,0.12058406876127437,0.15190232744212467,0.1323479430240001,0.10943823904572937,0.09708797647482187,0.06685491429820566,0.05825820161620851,0.05765641393392302,0.04706525503821917,0.04853719600771936
ECSC_1001_1_107F_1001_YR1,1.5545273016537389,2.50595408976078,360,8yr,frog_where_are_you,11.202052893719188,28.810154154567584,55.59761181306291,0.18833873862592665,0.07408198098133513,20.573499604095197,0.11315122373488708,0.1104704826990018,0.1941354061217455,0.11204483917567423,0.11671551150257763,0.13955358670868398,0.025590211431503147,0.06798773547725233,0.04626902216733918,0.04392797630894947,0.030154004672385656
ECSC_1001_2_107F_1001_YR2,1.852910629395516,2.4669013023376465,562,8yr,one_frog_too_many,9.752134939494729,22.966307579416643,42.601426154292454,0.15097956727673154,0.06076928807086328,17.47814093726263,0.1846126802554099,0.07245670703242559,0.21502231182212672,0.11131633204855189,0.1183968304113224,0.11520793386222744,0.032007637291204524,0.0796437421756453,0.010566537030222967,0.03964697585375349,0.02112231221710979
ECSC_1001_3_107F_1001_YR3,1.819390296166943,2.541045832633972,382,8yr,boy_dog_frog,10.914098442698977,42.70196788923711,63.01887953871871,0.23989634139063237,0.0945261782617449,23.4756561487383,0.05526125305952336,0.1669321371636832,0.22456041922847955,0.08345368664513422,0.06683206276750336,0.09998256147920999,0.06308153826583396,0.0616828593633425,0.08368730376554497,0.06889435712896058,0.025631821132784328
ECSC_4007_1_107M_4007_YR1,1.6081729781243108,2.926865816116333,601,8yr,,11.347498442273086,44.49825506427401,66.5458993725658,0.28082494935668556,0.1039640630207656,24.5825277553474,0.0732879263213561,0.14904870348806104,0.19490441463417935,0.105762313703093,0.06051821089737385,0.07849069572912855,0.05716278587012252,0.10543984574817906,0.0714210405877409,0.07949156059218068,0.024472502428584925
ECSC_4054_1_96F_4054_YR1,1.845608637121416,2.1072344213724135,530,8yr,,7.875832876434149,33.60829000397279,50.363985104919685,0.20403184243376812,0.05391828340757397,18.846459042577507,0.11404517831420118,0.2423177860871832,0.14983871640348811,0.10788489040238239,0.03284625241911522,0.10227636857462671,0.046758965365235036,0.09942237437988106,0.050691184646313094,0.03567174028333706,0.01824654312423691
ECSC_4062_1_96F_4062_YR1,1.7721688204234645,2.3044776767492294,682,8yr,,9.51679029426883,27.221235140298646,58.022361009393734,0.1450200181943444,0.08528990516378164,20.178404219937974,0.06530858938885373,0.13865763510356707,0.26844767381183027,0.16013904673719767,0.07659022515748753,0.06530138374228092,0.08053542786443839,0.022817308010046698,0.036912805020516075,0.0368911053797991,0.04839879978398254
ECSC_4056_1_96M_4056_YR1,1.828775819847661,2.5145786821842195,415,8yr,,11.130072231002321,31.459429564715396,56.1664134664332,0.19570508148152657,0.05944699675413059,20.60451319011929,0.08696236595272343,0.14465960868332473,0.21177464816851801,0.07972036305378902,0.11047913915970146,0.11508267455101219,0.0556161189494046,0.05860590764586242,0.07765217708153355,0.03877231719171256,0.02067467956241803
ECSC_1006_1_97F_1006_YR1,1.8233300162899877,2.0588490962982178,231,8yr,one_frog_too_many,9.723991574180559,25.903385968691133,42.51178949268925,0.14004388997109823,0.039082615477194306,17.970345013797512,0.04943259150960873,0.1478003969370122,0.2805916205828178,0.09188804854114495,0.10538403353811344,0.11601911378574788,0.06884030513445678,0.06314882704543962,0.037812447448464306,0.011528416838192838,0.02755419863900147
ECSC_1006_2_97F_1006_YR2,1.855636998530357,2.207961714267731,655,8yr,one_frog_too_many,9.828439330469621,29.84143699512108,52.17356532779148,0.17912348153002464,0.05563518504028642,19.513553106231363,0.09929634910075413,0.1697621401427568,0.20345946780325036,0.09951981494285006,0.08152502685186806,0.09961329626372664,0.06770042336476927,0.06721840257491972,0.05626989391481851,0.028475114428081014,0.027160070612205402
ECSC_1006_3_97F_1006_YR3,1.8549904536816384,2.533471077680588,510,8yr,one_frog_too_many,10.381597230542098,34.87685212171309,68.0267404729153,0.2102665896824641,0.10750758578784711,21.991263843740658,0.11067923335734267,0.12335719628373058,0.228994338527876,0.0802749839398808,0.06837079709144837,0.1413671537054371,0.036689707411820344,0.08205166696692143,0.02070733692769557,0.07689300140064417,0.030614584387202933
ECSC_1099_1_97F_1099_YR1,1.826085627655829,3.0589410603046416,847,8yr,one_frog_too_many,10.931148555613737,46.04373341649184,74.99289210792675,0.26725640175320997,0.1288394060389459,25.356798104058235,0.08621639480888992,0.11084671858122559,0.20858332810206176,0.14657633391311373,0.05197223531375135,0.08589514386808618,0.042653443659661526,0.07734334903093029,0.06107364668333375,0.089465750010264,0.0393736560286819
ECSC_1099_2_97F_1099_YR2,1.6805077885427782,2.5498851597309113,871,8yr,frog_on_his_own,10.060609788417459,30.749114060891173,61.34378264460824,0.1839295793420253,0.09048434023151378,21.64519429590481,0.09835991485485938,0.11403562408150628,0.23830292590709706,0.1394524235820037,0.05561824968405701,0.08037066530450628,0.08993061724394501,0.03970908825012584,0.05373615086038568,0.05486170159596096,0.03562263863555281
ECSC_1099_3_97F_1099_YR3,1.6244883152746386,2.751177167892456,818,8yr,frog_on_his_own,11.502136439525355,28.96089066611184,47.82286686503885,0.16663622536533712,0.03746100166785541,19.27323454020192,0.11097869020295395,0.1475671882610567,0.16613211944636347,0.09030922642721273,0.08044164228274972,0.1610879121400941,0.07684699587423226,0.06743252770066771,0.06174269599681398,0.016578502675671666,0.020882498992183744
ECSC_4025_1_97F_4025_YR1,2.1499780454943256,2.641074275970459,541,8yr,,21.907079081052864,55.10352966360817,81.33692248443771,0.40405671619886785,0.1471130996796906,32.061115099749394,0.07468262447248371,0.1142318200408777,0.1422651770866982,0.056644553062496106,0.055583289842216256,0.08072984802633208,0.07180597127002813,0.1677730269697952,0.08917058954938199,0.08939909529849618,0.05771400438119442
ECSC_4047_1_97F_4047_YR1,2.047740215928324,1.9745271772146225,432,8yr,,9.793666846486342,29.082123639988545,71.81716347568606,0.18487760187208085,0.11821342494553508,20.90973359148461,0.11651900988947365,0.18064031682786902,0.16363386211964637,0.14819874864340335,0.0996458246428393,0.07020592716487138,0.036278708839816064,0.0531394196350779,0.013524757291467867,0.08282274223367667,0.03539068271185842
ECSC_1056_1_97M_1056_YR1,2.0847418157323716,2.1306806176900865,766,8yr,one_frog_too_many,18.53698827465283,45.89299831650958,84.01282112402939,0.3142352547458457,0.14461767767388473,29.403169476098142,0.07684867089010276,0.11265090787331954,0.16329573881660372,0.07080181428497556,0.044673765862732855,0.14450579719355727,0.07298805033286263,0.1329038272651821,0.03671374980677884,0.07274817339665142,0.0718695042772333
ECSC_1056_2_97M_1056_YR2,2.250074433991986,2.325191155076027,334,8yr,one_frog_too_many,9.45306002625613,36.85852190498916,57.282319484717206,0.2211624056354625,0.06845393220744381,20.659397241471396,0.0900454255440387,0.16664130685441572,0.2295010116430693,0.0914597745862548,0.061064531880168485,0.08191234954871689,0.058213194307873625,0.08226883048700132,0.07043964294101736,0.05460966967764827,0.013844262529795544
ECSC_1056_3_97M_1056_YR3,1.5420881218487217,2.7295276433229447,456,8yr,,10.23499513267128,38.60799163410788,78.03194706381132,0.23912487534464555,0.13447544494958022,24.21616306135213,0.04885125760017204,0.1860923017748844,0.21500961243237768,0.12157172170625842,0.05460337298233734,0.06962921988330066,0.06511763827602385,0.10464943039506532,0.0,0.08200914170414211,0.05246630324543811
ECSC_4009_2_97M_4009_YR2,1.7588190741596683,2.0875174567103385,314,8yr,,7.507845477816387,28.650696759447456,50.39279548437851,0.16581124490003685,0.04291127218871475,17.7594940345867,0.14836041764150562,0.15275441345197865,0.237915578131656,0.0849168096364354,0.1026730162962269,0.03611446860333222,0.07145405133882833,0.05996780202290581,0.0629321706884163,0.016037260964676316,0.026874011224038433
ECSC_4006_1_98F_4006_YR1,1.6978154505452805,2.591572713851929,428,8yr,,9.769644972251806,43.650057380152056,72.60165540990583,0.24486652961367442,0.12666071859132905,23.448243504685777,0.14349993920113838,0.10272039280193113,0.2336423799211793,0.07849315776143066,0.056592276663678304,0.09037143597177195,0.04981388806519583,0.06319195476442577,0.055013856257919595,0.1087239859957606,0.017936732595568466
ECSC_4042_1_98F_4042_YR1,2.084332866149564,2.070563605427742,744,8yr,,11.461678878101377,35.20099923454469,68.85651314150913,0.2077828763126599,0.10816497275419723,23.30423780665843,0.08391733702893849,0.1104429514047206,0.19499840063434853,0.13483640605958241,0.10876335257242714,0.10693296863459316,0.05232570735272975,0.05304097468895634,0.04657692886950636,0.06563290363404882,0.04253206912014841
ECSC_4074_1_98F_4074_YR1,1.7299446921675437,1.8395470634102824,350,8yr,,7.427812373544009,22.825332141715332,49.12073265890069,0.16126847053058535,0.04575830955241598,16.966969175242948,0.1299498734282647,0.14870352771606965,0.2735136387815915,0.1056494734658081,0.03967651453639036,0.12317732054533706,0.01806118099595329,0.060828345129187646,0.05468181584898173,0.02973889667391026,0.016019412878505716
ECSC_1067_1_98M_1067_YR1,1.822196590515875,2.338018012046814,470,8yr,frog_on_his_own,7.750613112931252,25.96995274295501,47.432416172151534,0.15834597857914517,0.08320849493636068,18.959833218049408,0.1169335867758667,0.1697277459072535,0.2326812153049722,0.15604957630042307,0.0463439966237642,0.07156369406262578,0.048354206445949344,0.060640551675325914,0.014496931967458581,0.03480237393178729,0.048406121004573394
ECSC_1067_2_98M_1067_YR2,1.8673871265303703,2.4094015419483186,334,8yr,boy_dog_frog,10.954234520099302,30.706398091887664,50.71130402216047,0.18588202801657638,0.07813807536878985,21.37674326271134,0.08372917505868911,0.1334706416793485,0.21558722763780716,0.10318048565748267,0.0907860174624492,0.11096858488334288,0.07639583960430409,0.08306667279918321,0.024677279848603326,0.03182014173882195,0.046317933629967896
ECSC_1067_3_98M_1067_YR3,1.8592029277715951,1.9627131294459104,359,8yr,,7.714333741811815,27.096473043284035,55.862708706967005,0.16058233293978333,0.07711969439888221,18.61395118500724,0.12952856331198118,0.17148251538841244,0.21993123200109563,0.10820122615770221,0.059108203248572626,0.09489547675260046,0.056270450199852134,0.0412858782827772,0.042176760258123905,0.058855032581946604,0.018264661816935607
ECSC_1091_1_98M_1091_YR1,1.7066560895212235,3.186739814281464,1212,8yr,one_frog_too_many,14.200761148233166,52.40443783825252,79.22992085019646,0.27838805840704156,0.14857372205557198,27.819123855030824,0.05769445088638875,0.08330689422656065,0.2397630514052642,0.1003059785511397,0.047294064165466734,0.1267777111734807,0.06646979118465769,0.0632893884096467,0.06652494794182291,0.1058182543370877,0.042755467718484284
ECSC_1091_2_98M_1091_YR2,1.8721764387142272,2.8424444898962973,597,8yr,one_frog_too_many,10.801984089717392,27.963073177004546,56.7176706434879,0.17048557701425754,0.0777541145913203,20.81212325334463,0.10037519457200934,0.07555329554103003,0.2476044207324245,0.12730482403958626,0.09337451030059808,0.1341243957993545,0.05117778200073974,0.04690982146243757,0.04582164096049964,0.04209878548032536,0.035655329110994935
ECSC_1091_3_98M_1091_YR3,1.837737152653356,2.769973802566528,528,8yr,,13.627176233587617,34.26661415750034,45.10967034399478,0.21168133905898207,0.04388815625193314,20.062247962249252,0.09295866119513087,0.09710492707191089,0.14353863378901754,0.14636128494966724,0.09584144896399756,0.14624525981764705,0.06626844515364679,0.13833738147260669,0.029455801334442214,0.04273642851227959,0.001151727739653555
ECSC_4014_1_98M_4014_YR1,1.65565612277677,2.363481056690216,326,8yr,,9.579789897882073,22.040850412794075,31.794521556856896,0.09764057874794632,0.033283250131316534,15.084624042166716,0.11311958247858768,0.12681208136496755,0.22647679585444827,0.17381230903489503,0.10322153055272487,0.0785391099874332,0.0803780119789971,0.033690876613608506,0.030666452003021295,0.033283250131316534,0.0
ECSC_4036_1_98M_4036_YR1,1.6719423467113128,2.7999783158302307,464,8yr,,9.849698194180075,33.16393030370465,53.61434913698372,0.20089499431467753,0.05723399338284625,19.783217650059196,0.10384977292458906,0.16091134749887293,0.2036504994070296,0.1115280003624922,0.087845326162181,0.0945851915700818,0.03673486776007585,0.08189403921528807,0.061766961716543216,0.02923695450000391,0.02799703888284234
ECSC_1010_1_99M_1010_YR1,1.6080317281907603,2.778113317489624,838,8yr,one_frog_too_many,9.945004025854596,29.646679598068584,46.176008360390924,0.17392199688358137,0.05157097092537229,18.652533479951597,0.13059228836733822,0.11389078432335531,0.2081684250076149,0.1503120653656663,0.043565327133327225,0.10197955559699635,0.07756955732212034,0.08415522538578676,0.038195800572422306,0.03670119540758921,0.014869775517783084
ECSC_1010_2_99M_1010_YR2,1.5583840016395816,2.935109281539917,260,8yr,one_frog_too_many,10.925886233235376,36.936948728401084,52.80047148176581,0.22884167581981085,0.04414710017879285,20.304139160333513,0.0628202656726997,0.17264387294427005,0.1948903303577391,0.10848854385592144,0.042309870586809566,0.13247249412944997,0.05753294663329913,0.10988843572592448,0.07480613991509352,0.04414710017879285,0.0
ECSC_1010_3_99M_1010_YR3,1.5816048212589755,2.3606346786022185,605,8yr,,9.742590978905875,22.764672171794345,42.066506495190396,0.12475528802367257,0.03516276096248074,16.33991740773999,0.06729232379327657,0.14832992345955828,0.23196527725747132,0.21174163292523757,0.07788455571198516,0.0762409370159361,0.06179006181286243,0.0409561632754649,0.04863636378572693,0.025844033159155545,0.009318727803325199
ECSC_2031_1_108F_2031_YR1,1.7071952131486707,2.6605968117713927,230,9yr,,9.410463898150406,22.501251778812914,44.293567440999794,0.15099531772572872,0.05137282247372682,17.12070523604074,0.0777276719002501,0.213030767911056,0.18728746990036796,0.16045813325303385,0.06687466473095773,0.12039969678923888,0.023226277789366808,0.06773145597102863,0.03189103928097328,0.03337213960246045,0.01800068287126637
ECSC_3003_1_108F_3003_YR1,1.6177662241843436,2.5910178422927856,774,9yr,,10.93945222192266,41.85473546351218,67.67794545465942,0.2567116019333106,0.10608902129795025,23.661423872058045,0.10509571927950573,0.09022545070022622,0.22894592200002425,0.1171458216359142,0.10226171381467175,0.06305891164231575,0.03655485899403147,0.09606995403815677,0.05455262659720363,0.0704867456908166,0.03560227560713366
ECSC_4021_1_108M_4021_YR1,1.999505935176726,2.3565461158752443,567,9yr,,10.977373699036828,30.6171655813971,58.73588668094173,0.17579083251599636,0.08531614283502388,22.85700649815198,0.03488248615845872,0.16648117953144007,0.23810925171579178,0.09182950489903545,0.06317460257764629,0.10718372313197198,0.12254841946965934,0.04863329225564966,0.041841397425322835,0.02586258354154985,0.059453559293474026
ECSC_4024_1_109F_4024_YR1,1.804200013222233,2.1542417764663697,545,9yr,,10.445560377980614,27.462853147989904,59.83236919544177,0.16781489806847472,0.08872892403458113,20.47629909784579,0.11411031086310958,0.11883498393246344,0.19210759893118665,0.15553920973803473,0.09725273588527389,0.10468445004788961,0.0496558125335674,0.03851948736324535,0.040566486670648244,0.05619019218852791,0.03253873184605323
ECSC_4090_1_109M_4090_YR1,1.4758213060517469,2.61423985362053,225,9yr,,7.917182286378609,20.654453313169917,39.94140129992605,0.12139594383103841,0.05574653838367219,16.277431347671296,0.17735713960296676,0.17311286222017577,0.15377509887715973,0.15572237375415338,0.09223860797619741,0.09154787168295375,0.034850102055354784,0.04623549966330111,0.01941390578406512,0.021170328802607444,0.03457620958106475
ECSC_4033_1_110M_4033_YR1,1.4520696993797055,3.1470349788665772,491,9yr,,7.558281526578183,33.00065918118412,47.26227699556114,0.20000462206457004,0.06448876879569365,18.5036692988339,0.1629576225406609,0.1689224560306445,0.1971478740890121,0.10687538185223044,0.03866000742269686,0.09263966820514839,0.03279236779503677,0.10517740830832305,0.030338444960553327,0.04245962113682575,0.02202914765886791
ECSC_4027_1_111F_4027_YR1,1.6100422842368,2.460264106094838,456,9yr,,7.942356381564544,28.243906131590954,44.42819707556486,0.15819430351621894,0.0721216714914197,18.630747397534424,0.04433111736336,0.19094742379756105,0.2699076092526058,0.11694952233355502,0.09489455506984223,0.04686477589963311,0.07791069276722379,0.07638252534248745,0.009690106682311801,0.043695617233546515,0.02842605425787318
ECSC_2023_1_111M_2023_YR1,1.7180437910941335,3.0955628156661987,573,9yr,,11.714040222809578,25.754994601781803,56.74224018120081,0.15241709869449827,0.07273798910142043,19.859317856707882,0.09491570083232671,0.1663812506087475,0.12363894033556498,0.1271876230016724,0.12939241130731807,0.15273150344693395,0.05333547177293809,0.02333525505831047,0.05634385453476737,0.05760279189070874,0.015135197210711684
ECSC_4044_1_113M_4044_YR1,1.747742768449168,2.643861347436905,734,9yr,,10.816337402595005,23.630982752419218,37.037767677945844,0.11647320636557658,0.03387250061288104,16.550765070598118,0.12002112852515694,0.10983930472653525,0.17819905738234343,0.15185588740496372,0.10958130873537333,0.13776588277900423,0.07626422408104652,0.06119670946728473,0.021403996285410825,0.026612302559750937,0.0072601980531300965
ECSC_4030_1_114F_4030_YR1,1.678294485134463,2.364276060461998,297,9yr,,9.15832708695173,25.866289188721687,45.19220887934073,0.1250650497856694,0.06454833552954377,16.926105562952326,0.10289912325805646,0.15935722612230793,0.23057514461252934,0.1358296829390614,0.09602534093544984,0.06473011111537813,0.08551832123154748,0.030837377419124415,0.029679336837001222,0.06421982701786197,0.0003285085116817979
ECSC_4075_1_114M_4075_YR1,1.726215895529716,2.438464093208313,383,9yr,,9.098951277182612,30.603770157464766,57.3764105664056,0.1901995843266519,0.07786330070718982,20.58968149612679,0.11801900144832907,0.19476213940752216,0.18482344127819758,0.07262416213781155,0.07548234807482755,0.114954927524838,0.04913439580182219,0.062204781248855666,0.050131502370606415,0.03736455501563187,0.040498745691557946
ECSC_4060_1_115F_4060_YR1,1.55711885306143,2.507720577716827,615,9yr,,9.307032816948233,29.888048575278706,47.29368973539812,0.18146524057409694,0.05692808936069933,17.876935142034924,0.09727189279955117,0.2555846692573812,0.13232010448309242,0.14483793889505708,0.08777797906034311,0.03930926768525188,0.061432907245226216,0.08549077468676448,0.0390463765266331,0.04521135372382589,0.011716735636873445
ECSC_4037_1_115M_4037_YR1,1.790060038720408,3.1052294254302977,367,9yr,,10.211827031842697,37.34123354021739,59.936003429601655,0.2192679175866425,0.08041855329215578,21.768440111833545,0.12944679463639894,0.1455273645823444,0.18629386935921738,0.09588490041308109,0.08487752377483478,0.07961853261896332,0.05908309702851763,0.0665752627961956,0.07227410149829111,0.04770068322921943,0.03271787006293635
ECSC_4018_1_116F_4018_YR1,1.7377907399208314,2.19692645072937,420,9yr,,9.997376830947498,31.841536199218474,45.87238250925956,0.19856934211861046,0.050307969651156005,18.994303043823326,0.11106427475413565,0.16016251949026,0.17631734388757797,0.15778147308132304,0.07055695920742426,0.06235002506192614,0.0631980623987425,0.11486141984326365,0.033399952624190814,0.02614556257694514,0.024162407074210863
ECSC_4031_1_117F_4031_YR1,1.6358962646535329,2.2053289625793697,445,9yr,,11.557807599514433,23.983317558247606,44.642501430526835,0.19113733616968992,0.02804748890955342,18.337151530636334,0.08457072071890351,0.12233798019445277,0.22087801152933909,0.08469748182507453,0.11092115744139885,0.1770165151054673,0.008440797015674005,0.11741978738013142,0.04567005988000509,0.01599620147425115,0.012051287435302272
ECSC_4048_1_117M_4048_YR1,1.5791755757985575,2.616094556450844,420,9yr,,13.854518897020428,41.81557674118613,69.69756336562726,0.26443101518257656,0.11022521856614345,25.239241397866884,0.022982252062958834,0.16217855919386293,0.15960436643082243,0.11853666226055289,0.12883797015992263,0.10004613567069469,0.04338303903860911,0.10963153700691443,0.04457425960951864,0.06747791373498994,0.0427473048311535
ECSC_4022_1_118M_4022_YR1,1.6704641666143174,2.5708210498094557,469,9yr,,7.808106828569086,30.507540274497366,47.493868266964874,0.18666284981344117,0.061399372558403977,18.42804882140859,0.16140622845966737,0.1779810213900919,0.17158829056950353,0.1269845269291954,0.06684016636440422,0.04598243027174866,0.06255448620194774,0.08968915152654561,0.035574325728491556,0.03531468939125292,0.026084683167151054
