k,context,entropy,condition,position,target_word
1,can,10.825804710388184,courtroom,2,can
2,you can,7.526995658874512,courtroom,2,can
1,you,10.660537719726562,courtroom,1,you
2,And you,5.847406387329102,courtroom,1,you
1,filled,11.229516983032227,courtroom,1,filled
2,they filled,5.315115928649902,courtroom,1,filled
1,those,11.217927932739258,courtroom,2,those
2,filled those,11.081466674804688,courtroom,2,those
1,that,10.947566986083984,courtroom,2,that
2,at that,9.758613586425781,courtroom,2,that
1,at,11.502521514892578,courtroom,1,at
2,recollection at,10.441354751586914,courtroom,1,at
1,"five,",7.532170295715332,courtroom,1,"five,"
2,"Maybe five,",5.520175933837891,courtroom,1,"five,"
1,"four,",10.468917846679688,courtroom,2,"four,"
2,"five, four,",4.100592613220215,courtroom,2,"four,"
1,same,11.373035430908203,courtroom,2,same
2,that same,10.711481094360352,courtroom,2,same
1,that,10.947566986083984,courtroom,1,that
2,had that,8.788858413696289,courtroom,1,that
1,all,11.139111518859863,courtroom,2,all
2,assuming all,8.945578575134277,courtroom,2,all
1,assuming,10.845632553100586,courtroom,1,assuming
2,I'm assuming,5.30773401260376,courtroom,1,assuming
1,thank,9.742569923400879,courtroom,2,thank
2,"Nadeau, thank",0.67087721824646,courtroom,2,thank
1,"Nadeau,",10.122615814208984,courtroom,1,"Nadeau,"
2,"Mr. Nadeau,",7.491036415100098,courtroom,1,"Nadeau,"
1,was,10.896289825439453,courtroom,2,was
2,what was,6.962551116943359,courtroom,2,was
1,what,10.599081993103027,courtroom,1,what
2,And what,5.899942398071289,courtroom,1,what
1,somewhere,6.299148082733154,courtroom,2,somewhere
2,was somewhere,5.3053669929504395,courtroom,2,somewhere
1,was,10.896289825439453,courtroom,1,was
2,It was,8.293855667114258,courtroom,1,was
1,salt,9.89249038696289,courtroom,1,salt
2,"""Reserve salt",7.703902721405029,courtroom,1,salt
1,filter,10.853205680847168,courtroom,2,filter
2,salt filter,7.795300006866455,courtroom,2,filter
1,really,11.044758796691895,courtroom,2,really
2,not really,8.852477073669434,courtroom,2,really
1,not,10.92558479309082,courtroom,1,not
2,I'm not,6.414231300354004,courtroom,1,not
1,be,11.872392654418945,courtroom,2,be
2,to be,10.100297927856445,courtroom,2,be
1,to,11.301959037780762,courtroom,1,to
2,-- to,10.100417137145996,courtroom,1,to
1,the,12.734390258789062,courtroom,1,the
2,run the,12.470212936401367,courtroom,1,the
1,filter,10.853205680847168,courtroom,2,filter
2,the filter,8.666155815124512,courtroom,2,filter
1,and,11.574933052062988,courtroom,1,and
2,Metro-Atlantic and,10.773555755615234,courtroom,1,and
1,NECC,9.90854263305664,courtroom,2,NECC
2,and NECC,10.49996566772461,courtroom,2,NECC
1,was,10.896289825439453,courtroom,1,was
2,That was,7.756771087646484,courtroom,1,was
1,the,12.734390258789062,courtroom,2,the
2,was the,9.750276565551758,courtroom,2,the
1,the,12.734390258789062,courtroom,2,the
2,that the,12.474541664123535,courtroom,2,the
1,that,10.947566986083984,courtroom,1,that
2,Is that,7.520195484161377,courtroom,1,that
1,quite,10.716017723083496,courtroom,2,quite
2,not quite,7.1270270347595215,courtroom,2,quite
1,not,10.92558479309082,courtroom,1,not
2,I'm not,6.414231300354004,courtroom,1,not
1,if,11.083032608032227,courtroom,1,if
2,-- if,6.645553112030029,courtroom,1,if
1,you,10.660537719726562,courtroom,2,you
2,if you,6.188261985778809,courtroom,2,you
1,that,10.947566986083984,courtroom,1,that
2,Is that,7.520195484161377,courtroom,1,that
1,a,11.316549301147461,courtroom,2,a
2,that a,11.178461074829102,courtroom,2,a
1,to,11.301959037780762,courtroom,1,to
2,back to,10.462959289550781,courtroom,1,to
1,that,10.947566986083984,courtroom,2,that
2,to that,9.209742546081543,courtroom,2,that
1,at,11.502521514892578,courtroom,1,at
2,-- at,7.6858015060424805,courtroom,1,at
1,your,12.634740829467773,courtroom,2,your
2,at your,11.359382629394531,courtroom,2,your
1,50,10.484075546264648,courtroom,2,50
2,is 50,8.69425106048584,courtroom,2,50
1,is,11.129858016967773,courtroom,1,is
2,This is,6.711753845214844,courtroom,1,is
1,recall,9.789066314697266,courtroom,2,recall
2,you recall,6.171844005584717,courtroom,2,recall
1,you,10.660537719726562,courtroom,1,you
2,Do you,5.721115589141846,courtroom,1,you
1,nine,11.052030563354492,courtroom,2,nine
2,or nine,9.205913543701172,courtroom,2,nine
1,or,11.46521282196045,courtroom,1,or
2,eight or,6.807074069976807,courtroom,1,or
1,for,11.576336860656738,courtroom,2,for
2,you for,9.322333335876465,courtroom,2,for
1,you,10.660537719726562,courtroom,1,you
2,Thank you,4.041323661804199,courtroom,1,you
1,schooltime,8.041610717773438,courtroom,2,schooltime
2,not schooltime,6.973669528961182,courtroom,2,schooltime
1,not,10.92558479309082,courtroom,1,not
2,-- not,9.027544021606445,courtroom,1,not
1,I,11.117331504821777,courtroom,1,I
2,"No, I",5.294159889221191,courtroom,1,I
1,don't,7.345463752746582,courtroom,2,don't
2,I don't,4.23712158203125,courtroom,2,don't
1,your,12.634740829467773,courtroom,2,your
2,use your,11.491125106811523,courtroom,2,your
1,use,11.06351089477539,courtroom,1,use
2,We'll use,7.232500076293945,courtroom,1,use
1,they,10.613469123840332,courtroom,1,they
2,where they,7.527608394622803,courtroom,1,they
1,--,10.854382514953613,courtroom,2,--
2,they --,8.921353340148926,courtroom,2,--
1,what,10.599081993103027,courtroom,1,what
2,And what,5.899942398071289,courtroom,1,what
1,was,10.896289825439453,courtroom,2,was
2,what was,6.962551116943359,courtroom,2,was
1,of,12.024920463562012,courtroom,1,of
2,copy of,8.770500183105469,courtroom,1,of
1,a,11.316549301147461,courtroom,2,a
2,of a,11.749037742614746,courtroom,2,a
1,need,10.85104751586914,courtroom,2,need
2,I need,4.480420112609863,courtroom,2,need
1,I,11.117331504821777,courtroom,1,I
2,That I,6.534230709075928,courtroom,1,I
1,didn't,6.80245304107666,courtroom,1,didn't
2,I didn't,6.0472731590271,courtroom,1,didn't
1,walk,10.271895408630371,courtroom,2,walk
2,didn't walk,6.258393287658691,courtroom,2,walk
1,can't,7.6911139488220215,courtroom,2,can't
2,just can't,7.475881099700928,courtroom,2,can't
1,just,11.214090347290039,courtroom,1,just
2,I just,6.858152866363525,courtroom,1,just
1,into,11.359146118164062,courtroom,1,into
2,things into,8.182440757751465,courtroom,1,into
1,the,12.734390258789062,courtroom,2,the
2,into the,12.147523880004883,courtroom,2,the
1,you're,7.940345764160156,courtroom,2,you're
2,when you're,8.591085433959961,courtroom,2,you're
1,when,10.965540885925293,courtroom,1,when
2,know when,6.680232524871826,courtroom,1,when
1,is,11.129858016967773,courtroom,1,is
2,This is,6.711753845214844,courtroom,1,is
1,Andrea,10.079404830932617,courtroom,2,Andrea
2,is Andrea,10.278951644897461,courtroom,2,Andrea
1,that,10.947566986083984,courtroom,2,that
2,does that,6.767916679382324,courtroom,2,that
1,does,9.734188079833984,courtroom,1,does
2,What does,6.114275932312012,courtroom,1,does
1,the,12.734390258789062,courtroom,1,the
2,drying the,10.947711944580078,courtroom,1,the
1,reserve,10.207207679748535,courtroom,2,reserve
2,the reserve,8.538496017456055,courtroom,2,reserve
1,have,10.692431449890137,courtroom,1,have
2,I have,7.546214580535889,courtroom,1,have
1,no,11.925097465515137,courtroom,2,no
2,have no,9.906698226928711,courtroom,2,no
1,me,10.572490692138672,courtroom,1,me
2,Let me,6.839850902557373,courtroom,1,me
1,withdraw,3.905212640762329,courtroom,2,withdraw
2,me withdraw,6.285210609436035,courtroom,2,withdraw
1,at,11.502521514892578,courtroom,1,at
2,look at,6.2171478271484375,courtroom,1,at
1,Page,10.672101974487305,courtroom,2,Page
2,at Page,8.58680248260498,courtroom,2,Page
1,remember,9.751459121704102,courtroom,2,remember
2,can't remember,6.078930854797363,courtroom,2,remember
1,can't,7.6911139488220215,courtroom,1,can't
2,I can't,6.68705415725708,courtroom,1,can't
1,was,10.896289825439453,courtroom,2,was
2,it was,9.499979019165039,courtroom,2,was
1,it,10.897254943847656,courtroom,1,it
2,think it,5.381387710571289,courtroom,1,it
1,to,11.301959037780762,courtroom,2,to
2,like to,10.026898384094238,courtroom,2,to
1,like,11.612746238708496,courtroom,1,like
2,I'd like,1.216470718383789,courtroom,1,like
1,had,11.16131591796875,courtroom,1,had
2,They had,8.211103439331055,courtroom,1,had
1,bungs,9.510361671447754,courtroom,2,bungs
2,had bungs,6.640044212341309,courtroom,2,bungs
1,you've,6.253358840942383,courtroom,1,you've
2,And you've,4.869587421417236,courtroom,1,you've
1,written,10.453401565551758,courtroom,2,written
2,you've written,5.980563163757324,courtroom,2,written
1,was,10.896289825439453,courtroom,1,was
2,There was,5.128911018371582,courtroom,1,was
1,a,11.316549301147461,courtroom,2,a
2,was a,11.245882987976074,courtroom,2,a
1,Pirozzolo,8.406852722167969,courtroom,1,Pirozzolo
2,Mr. Pirozzolo,5.760092735290527,courtroom,1,Pirozzolo
1,asked,7.645595073699951,courtroom,2,asked
2,Pirozzolo asked,7.112493515014648,courtroom,2,asked
1,before,11.061224937438965,courtroom,1,before
2,made before,8.35381031036377,courtroom,1,before
1,you,10.660537719726562,courtroom,2,you
2,before you,7.7667741775512695,courtroom,2,you
1,a,11.316549301147461,courtroom,1,a
2,That's a,8.631867408752441,courtroom,1,a
1,rough,10.94762897491455,courtroom,2,rough
2,a rough,9.730904579162598,courtroom,2,rough
1,sure,10.030720710754395,courtroom,2,sure
2,not sure,4.483172416687012,courtroom,2,sure
1,not,10.92558479309082,courtroom,1,not
2,I'm not,6.414231300354004,courtroom,1,not
1,--,10.854382514953613,courtroom,2,--
2,track --,11.60378360748291,courtroom,2,--
1,track,11.33780574798584,courtroom,1,track
2,that track,8.533666610717773,courtroom,1,track
1,believe,6.32547664642334,courtroom,2,believe
2,I believe,5.561261177062988,courtroom,2,believe
1,I,11.117331504821777,courtroom,1,I
2,'62 I,9.57452392578125,courtroom,1,I
1,sure,10.030720710754395,courtroom,2,sure
2,not sure,4.483172416687012,courtroom,2,sure
1,not,10.92558479309082,courtroom,1,not
2,I'm not,6.414231300354004,courtroom,1,not
1,it,10.897254943847656,courtroom,2,it
2,believe it,5.1942458152771,courtroom,2,it
1,believe,6.32547664642334,courtroom,1,believe
2,I believe,5.561261177062988,courtroom,1,believe
1,trying,1.9951716661453247,courtroom,2,trying
2,not trying,0.8794125318527222,courtroom,2,trying
1,not,10.92558479309082,courtroom,1,not
2,I'm not,6.414231300354004,courtroom,1,not
1,of,12.024920463562012,courtroom,2,of
2,view of,8.777360916137695,courtroom,2,of
1,view,10.673666000366211,courtroom,1,view
2,In view,0.33139610290527344,courtroom,1,view
1,was,10.896289825439453,courtroom,2,was
2,salt was,9.900403022766113,courtroom,2,was
1,salt,9.89249038696289,courtroom,1,salt
2,reserve salt,7.174619674682617,courtroom,1,salt
1,would,10.050649642944336,courtroom,1,would
2,I would,6.116856098175049,courtroom,1,would
1,--,10.854382514953613,courtroom,2,--
2,would --,8.780343055725098,courtroom,2,--
1,you,10.660537719726562,courtroom,1,you
2,If you,6.00977087020874,courtroom,1,you
1,had,11.16131591796875,courtroom,2,had
2,you had,7.101855278015137,courtroom,2,had
1,was,10.896289825439453,courtroom,1,was
2,There was,5.128911018371582,courtroom,1,was
1,a,11.316549301147461,courtroom,2,a
2,was a,11.245882987976074,courtroom,2,a
1,of,12.024920463562012,courtroom,1,of
2,Department of,6.581630706787109,courtroom,1,of
1,"Justice,",10.513136863708496,courtroom,2,"Justice,"
2,"of Justice,",9.7772216796875,courtroom,2,"Justice,"
1,work,10.086380004882812,courtroom,1,work
2,would work,6.105981349945068,courtroom,1,work
1,both,11.42912769317627,courtroom,2,both
2,work both,7.573828220367432,courtroom,2,both
1,product,10.50231647491455,courtroom,1,product
2,the product,7.193179607391357,courtroom,1,product
1,was,10.896289825439453,courtroom,2,was
2,product was,9.321601867675781,courtroom,2,was
1,did,10.002723693847656,courtroom,1,did
2,We did,5.952290058135986,courtroom,1,did
1,stuff,10.790318489074707,courtroom,2,stuff
2,did stuff,5.812483310699463,courtroom,2,stuff
1,question,10.218716621398926,courtroom,2,question
2,the question,4.7983198165893555,courtroom,2,question
1,the,12.734390258789062,courtroom,1,the
2,So the,11.721261978149414,courtroom,1,the
1,or,11.46521282196045,courtroom,2,or
2,"""Pit"" or",3.9336204528808594,courtroom,2,or
1,"""Pit""",9.284932136535645,courtroom,1,"""Pit"""
2,"wrote ""Pit""",8.582318305969238,courtroom,1,"""Pit"""
1,like,11.612746238708496,courtroom,1,like
2,Something like,7.72914981842041,courtroom,1,like
1,"that,",7.383519172668457,courtroom,2,"that,"
2,"like that,",8.251550674438477,courtroom,2,"that,"
1,you,10.660537719726562,courtroom,2,you
2,said you,6.607026100158691,courtroom,2,you
1,said,9.272993087768555,courtroom,1,said
2,you said,6.2739081382751465,courtroom,1,said
1,it,10.897254943847656,courtroom,2,it
2,me it,7.195548057556152,courtroom,2,it
1,me,10.572490692138672,courtroom,1,me
2,tells me,5.011651515960693,courtroom,1,me
1,et,11.22021484375,courtroom,2,et
2,"FORCE, et",3.3252854347229004,courtroom,2,et
1,"FORCE,",11.482250213623047,courtroom,1,"FORCE,"
2,"AIR FORCE,",10.741506576538086,courtroom,1,"FORCE,"
1,England,9.470195770263672,courtroom,2,England
2,New England,8.255477905273438,courtroom,2,England
1,New,12.359051704406738,courtroom,1,New
2,represent New,4.172853946685791,courtroom,1,New
1,I,11.117331504821777,courtroom,2,I
2,am I,8.29458236694336,courtroom,2,I
1,am,11.342445373535156,courtroom,1,am
2,Where am,0.2554067373275757,courtroom,1,am
1,that's,6.693538665771484,courtroom,1,that's
2,Actually that's,6.6724700927734375,courtroom,1,that's
1,where,11.376585006713867,courtroom,2,where
2,that's where,5.7900543212890625,courtroom,2,where
1,"""Woonasquatucket",8.818008422851562,courtroom,2,"""Woonasquatucket"
2,"and ""Woonasquatucket",7.512854099273682,courtroom,2,"""Woonasquatucket"
1,and,11.574933052062988,courtroom,1,and
2,"""tailrace"" and",7.008608818054199,courtroom,1,and
1,move,10.777840614318848,courtroom,1,move
2,You move,5.802496433258057,courtroom,1,move
1,to,11.301959037780762,courtroom,2,to
2,move to,9.953889846801758,courtroom,2,to
1,would,10.050649642944336,courtroom,1,would
2,I would,6.116856098175049,courtroom,1,would
1,say,9.818024635314941,courtroom,2,say
2,would say,6.8629560470581055,courtroom,2,say
1,you,10.660537719726562,courtroom,1,you
2,Do you,5.721115589141846,courtroom,1,you
1,recall,9.789066314697266,courtroom,2,recall
2,you recall,6.171844005584717,courtroom,2,recall
1,"14,",10.965289115905762,courtroom,2,"14,"
2,"September 14,",5.610990524291992,courtroom,2,"14,"
1,September,10.07213020324707,courtroom,1,September
2,says September,7.261549472808838,courtroom,1,September
1,the,12.734390258789062,courtroom,1,the
2,did the,12.016401290893555,courtroom,1,the
1,windows,10.70998764038086,courtroom,2,windows
2,the windows,7.118146896362305,courtroom,2,windows
1,there,9.811803817749023,courtroom,1,there
2,wasn't there,6.211802959442139,courtroom,1,there
1,full,11.391563415527344,courtroom,2,full
2,there full,10.035012245178223,courtroom,2,full
1,of,12.024920463562012,courtroom,1,of
2,record of,10.462824821472168,courtroom,1,of
1,the,12.734390258789062,courtroom,2,the
2,of the,12.293905258178711,courtroom,2,the
1,there,9.811803817749023,courtroom,1,there
2,Was there,4.276989459991455,courtroom,1,there
1,a,11.316549301147461,courtroom,2,a
2,there a,9.557626724243164,courtroom,2,a
1,labeled,10.142254829406738,courtroom,2,labeled
2,you've labeled,5.786323547363281,courtroom,2,labeled
1,you've,6.253358840942383,courtroom,1,you've
2,And you've,4.869587421417236,courtroom,1,you've
1,just,11.214090347290039,courtroom,1,just
2,I just,6.858152866363525,courtroom,1,just
1,don't,7.345463752746582,courtroom,2,don't
2,just don't,7.719025135040283,courtroom,2,don't
1,to,11.301959037780762,courtroom,1,to
2,back to,10.462959289550781,courtroom,1,to
1,Smith,10.416609764099121,courtroom,2,Smith
2,to Smith,6.7437262535095215,courtroom,2,Smith
1,did,10.002723693847656,courtroom,1,did
2,How did,4.845237731933594,courtroom,1,did
1,that,10.947566986083984,courtroom,2,that
2,did that,9.139031410217285,courtroom,2,that
1,I,11.117331504821777,courtroom,1,I
2,"today, I",7.057865142822266,courtroom,1,I
1,don't,7.345463752746582,courtroom,2,don't
2,I don't,4.23712158203125,courtroom,2,don't
1,no,11.925097465515137,courtroom,2,no
2,was no,10.337575912475586,courtroom,2,no
1,was,10.896289825439453,courtroom,1,was
2,There was,5.128911018371582,courtroom,1,was
1,"later,",9.916728019714355,courtroom,1,"later,"
2,"away later,",9.25546932220459,courtroom,1,"later,"
1,dump,10.768133163452148,courtroom,2,dump
2,"later, dump",7.502029895782471,courtroom,2,dump
1,the,12.734390258789062,courtroom,1,the
2,"""interchangeable,"" the",11.383989334106445,courtroom,1,the
1,employees,6.728336334228516,courtroom,2,employees
2,the employees,6.633449077606201,courtroom,2,employees
1,I,11.117331504821777,courtroom,1,I
2,So I,6.604971408843994,courtroom,1,I
1,didn't,6.80245304107666,courtroom,2,didn't
2,I didn't,6.0472731590271,courtroom,2,didn't
1,from,11.629947662353516,courtroom,1,from
2,Came from,9.323379516601562,courtroom,1,from
1,the,12.734390258789062,courtroom,2,the
2,from the,12.40151309967041,courtroom,2,the
1,believe,6.32547664642334,courtroom,1,believe
2,I believe,5.561261177062988,courtroom,1,believe
1,those,11.217927932739258,courtroom,2,those
2,believe those,8.809527397155762,courtroom,2,those
1,the,12.734390258789062,courtroom,1,the
2,in the,11.499937057495117,courtroom,1,the
1,40-S,10.120182991027832,courtroom,2,40-S
2,the 40-S,9.139240264892578,courtroom,2,40-S
1,through,11.072386741638184,courtroom,2,through
2,them through,8.75091552734375,courtroom,2,through
1,them,10.87720012664795,courtroom,1,them
2,into them,6.164205074310303,courtroom,1,them
1,had,11.16131591796875,courtroom,1,had
2,reconditioning had,7.240724086761475,courtroom,1,had
1,plastic,8.483373641967773,courtroom,2,plastic
2,had plastic,8.110941886901855,courtroom,2,plastic
1,a,11.316549301147461,courtroom,2,a
2,have a,10.886540412902832,courtroom,2,a
1,have,10.692431449890137,courtroom,1,have
2,I have,7.546214580535889,courtroom,1,have
1,going,10.563369750976562,courtroom,2,going
2,was going,1.7791283130645752,courtroom,2,going
1,was,10.896289825439453,courtroom,1,was
2,It was,8.293855667114258,courtroom,1,was
1,is,11.129858016967773,courtroom,1,is
2,This is,6.711753845214844,courtroom,1,is
1,one,10.6817045211792,courtroom,2,one
2,is one,3.6493217945098877,courtroom,2,one
1,"Reporter,",11.353239059448242,courtroom,2,"Reporter,"
2,"Realtime Reporter,",10.419988632202148,courtroom,2,"Reporter,"
1,Realtime,11.532983779907227,courtroom,1,Realtime
2,Reporter/Certified Realtime,10.413012504577637,courtroom,1,Realtime
1,of,12.024920463562012,courtroom,1,of
2,direction of,8.095342636108398,courtroom,1,of
1,the,12.734390258789062,courtroom,2,the
2,of the,12.293905258178711,courtroom,2,the
1,"employment,",9.576677322387695,courtroom,2,"employment,"
2,"full-time employment,",9.094022750854492,courtroom,2,"employment,"
1,full-time,9.799324989318848,courtroom,1,full-time
2,Your full-time,7.469709396362305,courtroom,1,full-time
1,just,11.214090347290039,courtroom,1,just
2,It's just,7.289297580718994,courtroom,1,just
1,that,10.947566986083984,courtroom,2,that
2,just that,7.844131946563721,courtroom,2,that
1,state,11.180764198303223,courtroom,2,state
2,you state,6.245784759521484,courtroom,2,state
1,you,10.660537719726562,courtroom,1,you
2,Would you,7.060911655426025,courtroom,1,you
1,is,11.129858016967773,courtroom,2,is
2,this is,7.515775203704834,courtroom,2,is
1,this,10.959673881530762,courtroom,1,this
2,whether this,8.357874870300293,courtroom,1,this
1,Ikeda,9.045129776000977,courtroom,1,Ikeda
2,Tiffany Ikeda,7.418588638305664,courtroom,1,Ikeda
1,with,11.736027717590332,courtroom,2,with
2,Ikeda with,9.324187278747559,courtroom,2,with
1,the,12.734390258789062,courtroom,2,the
2,in the,11.499937057495117,courtroom,2,the
1,in,11.458725929260254,courtroom,1,in
2,were in,8.515585899353027,courtroom,1,in
1,see,10.684712409973145,courtroom,2,see
2,you see,6.7522711753845215,courtroom,2,see
1,you,10.660537719726562,courtroom,1,you
2,Do you,5.721115589141846,courtroom,1,you
1,two,11.198701858520508,courtroom,2,two
2,were two,9.898971557617188,courtroom,2,two
1,were,11.316572189331055,courtroom,1,were
2,There were,7.657966613769531,courtroom,1,were
1,a,11.316549301147461,courtroom,2,a
2,there a,9.557626724243164,courtroom,2,a
1,there,9.811803817749023,courtroom,1,there
2,Was there,4.276989459991455,courtroom,1,there
1,the,12.734390258789062,courtroom,2,the
2,-- the,12.475828170776367,courtroom,2,the
1,--,10.854382514953613,courtroom,1,--
2,the --,11.623086929321289,courtroom,1,--
1,you,10.660537719726562,courtroom,1,you
2,Do you,5.721115589141846,courtroom,1,you
1,recall,9.789066314697266,courtroom,2,recall
2,you recall,6.171844005584717,courtroom,2,recall
1,remember,9.751459121704102,courtroom,2,remember
2,can't remember,6.078930854797363,courtroom,2,remember
1,can't,7.6911139488220215,courtroom,1,can't
2,I can't,6.68705415725708,courtroom,1,can't
1,two,11.198701858520508,courtroom,2,two
2,about two,6.6530256271362305,courtroom,2,two
1,about,11.107869148254395,courtroom,1,about
2,for about,5.766109943389893,courtroom,1,about
1,this,10.959673881530762,courtroom,1,this
2,Is this,7.696563243865967,courtroom,1,this
1,being,10.280539512634277,courtroom,2,being
2,this being,7.5743489265441895,courtroom,2,being
1,this,10.959673881530762,courtroom,1,this
2,"Now, this",7.862823963165283,courtroom,1,this
1,is,11.129858016967773,courtroom,2,is
2,this is,7.515775203704834,courtroom,2,is
1,with,11.736027717590332,courtroom,1,with
2,-- with,9.637885093688965,courtroom,1,with
1,Mr.,11.020536422729492,courtroom,2,Mr.
2,with Mr.,10.947280883789062,courtroom,2,Mr.
1,probably,11.00655746459961,courtroom,2,probably
2,I probably,6.736013412475586,courtroom,2,probably
1,I,11.117331504821777,courtroom,1,I
2,"know, I",6.1181159019470215,courtroom,1,I
1,"fire,",10.888056755065918,courtroom,2,"fire,"
2,"was fire,",8.788110733032227,courtroom,2,"fire,"
1,was,10.896289825439453,courtroom,1,was
2,There was,5.128911018371582,courtroom,1,was
1,it,10.897254943847656,courtroom,2,it
2,sure it,5.394464015960693,courtroom,2,it
1,sure,10.030720710754395,courtroom,1,sure
2,I'm sure,5.837857723236084,courtroom,1,sure
1,"somewhere,",8.812070846557617,courtroom,2,"somewhere,"
2,"joined somewhere,",8.157917976379395,courtroom,2,"somewhere,"
1,joined,10.204349517822266,courtroom,1,joined
2,They joined,6.104217529296875,courtroom,1,joined
1,into,11.359146118164062,courtroom,1,into
2,flow into,7.627715110778809,courtroom,1,into
1,the,12.734390258789062,courtroom,2,the
2,into the,12.147523880004883,courtroom,2,the
1,does,9.734188079833984,courtroom,1,does
2,What does,6.114275932312012,courtroom,1,does
1,that,10.947566986083984,courtroom,2,that
2,does that,6.767916679382324,courtroom,2,that
1,New,12.359051704406738,courtroom,2,New
2,-- New,9.694753646850586,courtroom,2,New
1,--,10.854382514953613,courtroom,1,--
2,Metro --,11.980865478515625,courtroom,1,--
1,those,11.217927932739258,courtroom,2,those
2,to those,7.643492698669434,courtroom,2,those
1,to,11.301959037780762,courtroom,1,to
2,happened to,8.404107093811035,courtroom,1,to
1,the,12.734390258789062,courtroom,2,the
2,into the,12.147523880004883,courtroom,2,the
1,into,11.359146118164062,courtroom,1,into
2,eventually into,6.875120162963867,courtroom,1,into
1,to,11.301959037780762,courtroom,2,to
2,happen to,10.17237663269043,courtroom,2,to
1,happen,7.7130889892578125,courtroom,1,happen
2,I happen,0.2757006287574768,courtroom,1,happen
1,they,10.613469123840332,courtroom,1,they
2,were they,9.199963569641113,courtroom,1,they
1,close,10.470686912536621,courtroom,2,close
2,they close,6.000739097595215,courtroom,2,close
1,looks,8.334588050842285,courtroom,1,looks
2,The looks,4.864474773406982,courtroom,1,looks
1,of,12.024920463562012,courtroom,2,of
2,looks of,11.628108978271484,courtroom,2,of
1,through,11.072386741638184,courtroom,2,through
2,10 through,8.197833061218262,courtroom,2,through
1,10,9.94316291809082,courtroom,1,10
2,Lines 10,6.695110321044922,courtroom,1,10
1,was,10.896289825439453,courtroom,1,was
2,40-S was,9.630471229553223,courtroom,1,was
1,always,11.110249519348145,courtroom,2,always
2,was always,8.001201629638672,courtroom,2,always
1,cheap,11.863663673400879,courtroom,2,cheap
2,a cheap,10.428279876708984,courtroom,2,cheap
1,a,11.316549301147461,courtroom,1,a
2,of a,11.749037742614746,courtroom,1,a
1,the,12.734390258789062,courtroom,2,the
2,what the,4.970401763916016,courtroom,2,the
1,what,10.599081993103027,courtroom,1,what
2,and what,7.019957542419434,courtroom,1,what
1,was,10.896289825439453,courtroom,1,was
2,I was,8.877824783325195,courtroom,1,was
1,inducted,8.667134284973145,courtroom,2,inducted
2,was inducted,2.3295722007751465,courtroom,2,inducted
1,they,10.613469123840332,courtroom,2,they
2,that they,6.776780605316162,courtroom,2,they
1,that,10.947566986083984,courtroom,1,that
2,-- that,7.738865852355957,courtroom,1,that
1,the,12.734390258789062,courtroom,1,the
2,Where the,12.384400367736816,courtroom,1,the
1,other,11.661579132080078,courtroom,2,other
2,the other,9.178586959838867,courtroom,2,other
1,"""Storage",9.209035873413086,courtroom,2,"""Storage"
2,"here, ""Storage",10.150105476379395,courtroom,2,"""Storage"
1,"here,",10.569401741027832,courtroom,1,"here,"
2,"label here,",9.301342010498047,courtroom,1,"here,"
1,assuming,10.845632553100586,courtroom,1,assuming
2,I'm assuming,5.30773401260376,courtroom,1,assuming
1,there,9.811803817749023,courtroom,2,there
2,assuming there,3.5531389713287354,courtroom,2,there
1,see,10.684712409973145,courtroom,2,see
2,you see,6.7522711753845215,courtroom,2,see
1,you,10.660537719726562,courtroom,1,you
2,Do you,5.721115589141846,courtroom,1,you
1,heard,10.74002742767334,courtroom,1,heard
2,You've heard,4.876908779144287,courtroom,1,heard
1,of,12.024920463562012,courtroom,2,of
2,heard of,8.487524032592773,courtroom,2,of
1,along,9.855757713317871,courtroom,2,along
2,were along,5.116444110870361,courtroom,2,along
1,were,11.316572189331055,courtroom,1,were
2,They were,9.801994323730469,courtroom,1,were
1,one,10.6817045211792,courtroom,2,one
2,them one,8.130414962768555,courtroom,2,one
1,them,10.87720012664795,courtroom,1,them
2,considered them,9.097674369812012,courtroom,1,them
1,Street,10.88773250579834,courtroom,1,Street
2,Smith Street,6.282095909118652,courtroom,1,Street
1,is,11.129858016967773,courtroom,2,is
2,Street is,8.847885131835938,courtroom,2,is
1,your,12.634740829467773,courtroom,2,your
2,of your,11.270902633666992,courtroom,2,your
1,of,12.024920463562012,courtroom,1,of
2,best of,7.617618560791016,courtroom,1,of
1,this,10.959673881530762,courtroom,1,this
2,extend this,9.3115816116333,courtroom,1,this
1,far,11.225980758666992,courtroom,2,far
2,this far,5.826504230499268,courtroom,2,far
1,to,11.301959037780762,courtroom,1,to
2,able to,10.220282554626465,courtroom,1,to
1,work,10.086380004882812,courtroom,2,work
2,to work,6.0808024406433105,courtroom,2,work
1,included,7.191102027893066,courtroom,2,included
2,that included,10.843316078186035,courtroom,2,included
1,that,10.947566986083984,courtroom,1,that
2,And that,5.664247512817383,courtroom,1,that
1,say,9.818024635314941,courtroom,2,say
2,you say,6.436583995819092,courtroom,2,say
1,you,10.660537719726562,courtroom,1,you
2,If you,6.00977087020874,courtroom,1,you
1,talking,11.032435417175293,courtroom,2,talking
2,you talking,2.6229124069213867,courtroom,2,talking
1,you,10.660537719726562,courtroom,1,you
2,Are you,8.059492111206055,courtroom,1,you
1,Darrell,9.644482612609863,courtroom,2,Darrell
2,is Darrell,10.163848876953125,courtroom,2,Darrell
1,is,11.129858016967773,courtroom,1,is
2,This is,6.711753845214844,courtroom,1,is
1,to,11.301959037780762,courtroom,1,to
2,connected to,9.103212356567383,courtroom,1,to
1,the,12.734390258789062,courtroom,2,the
2,to the,12.121143341064453,courtroom,2,the
1,you,10.660537719726562,courtroom,2,you
2,do you,5.67453145980835,courtroom,2,you
1,do,10.671449661254883,courtroom,1,do
2,-- do,5.970935821533203,courtroom,1,do
1,my,12.444364547729492,courtroom,2,my
2,in my,9.192947387695312,courtroom,2,my
1,in,11.458725929260254,courtroom,1,in
2,question in,9.024511337280273,courtroom,1,in
1,stay,10.763754844665527,courtroom,2,stay
2,didn't stay,6.295797824859619,courtroom,2,stay
1,didn't,6.80245304107666,courtroom,1,didn't
2,It didn't,6.112702369689941,courtroom,1,didn't
1,does,9.734188079833984,courtroom,1,does
2,What does,6.114275932312012,courtroom,1,does
1,that,10.947566986083984,courtroom,2,that
2,does that,6.767916679382324,courtroom,2,that
1,called,11.60775089263916,courtroom,2,called
2,were called,7.423749923706055,courtroom,2,called
1,were,11.316572189331055,courtroom,1,were
2,They were,9.801994323730469,courtroom,1,were
1,testimony,6.126471996307373,courtroom,1,testimony
2,It's testimony,4.2799577713012695,courtroom,1,testimony
1,I,11.117331504821777,courtroom,2,I
2,testimony I,7.400986194610596,courtroom,2,I
1,an,11.774314880371094,courtroom,2,an
2,with an,10.487286567687988,courtroom,2,an
1,with,11.736027717590332,courtroom,1,with
2,Again with,8.64767074584961,courtroom,1,with
1,salt,9.89249038696289,courtroom,1,salt
2,Reserve salt,7.468218803405762,courtroom,1,salt
1,was,10.896289825439453,courtroom,2,was
2,salt was,9.900403022766113,courtroom,2,was
1,you,10.660537719726562,courtroom,2,you
2,if you,6.188261985778809,courtroom,2,you
1,if,11.083032608032227,courtroom,1,if
2,explain if,6.472797393798828,courtroom,1,if
1,RI,10.639135360717773,courtroom,2,RI
2,"Greenwich, RI",6.815783500671387,courtroom,2,RI
1,"Greenwich,",8.985466957092285,courtroom,1,"Greenwich,"
2,"East Greenwich,",7.680912971496582,courtroom,1,"Greenwich,"
1,then,11.280230522155762,courtroom,1,then
2,truthfully then,6.956651210784912,courtroom,1,then
1,and,11.574933052062988,courtroom,2,and
2,then and,11.204019546508789,courtroom,2,and
1,that,10.947566986083984,courtroom,2,that
2,does that,6.767916679382324,courtroom,2,that
1,does,9.734188079833984,courtroom,1,does
2,What does,6.114275932312012,courtroom,1,does
1,the,12.734390258789062,courtroom,2,the
2,through the,12.347356796264648,courtroom,2,the
1,through,11.072386741638184,courtroom,1,through
2,went through,6.72792911529541,courtroom,1,through
1,nearby,11.149164199829102,courtroom,2,nearby
2,a nearby,10.40018081665039,courtroom,2,nearby
1,a,11.316549301147461,courtroom,1,a
2,or a,12.134249687194824,courtroom,1,a
1,you,10.660537719726562,courtroom,1,you
2,Can you,7.312708377838135,courtroom,1,you
1,read,10.640660285949707,courtroom,2,read
2,you read,6.076914310455322,courtroom,2,read
1,best,11.61880111694336,courtroom,2,best
2,your best,8.638854026794434,courtroom,2,best
1,your,12.634740829467773,courtroom,1,your
2,That's your,10.289624214172363,courtroom,1,your
1,glasses.,8.426827430725098,twitch,1,glasses.
2,wear glasses.,7.045297622680664,twitch,1,glasses.
1,Stupid,10.143500328063965,twitch,2,Stupid
2,glasses. Stupid,10.000649452209473,twitch,2,Stupid
1,away,10.657820701599121,twitch,1,away
2,Stop away,4.295133590698242,twitch,1,away
1,we,11.5739107131958,twitch,2,we
2,away we,7.718729019165039,twitch,2,we
1,eat,10.640091896057129,twitch,1,eat
2,I'll eat,6.73824405670166,twitch,1,eat
1,that,10.947566986083984,twitch,2,that
2,eat that,10.593425750732422,twitch,2,that
1,doing,10.143821716308594,twitch,2,doing
2,not doing,5.760249137878418,twitch,2,doing
1,not,10.92558479309082,twitch,1,not
2,I'm not,6.414231300354004,twitch,1,not
1,doing,10.143821716308594,twitch,1,doing
2,We're doing,5.581820964813232,twitch,1,doing
1,something,10.092069625854492,twitch,2,something
2,doing something,7.217991352081299,twitch,2,something
1,he,11.501636505126953,twitch,1,he
2,"Oh, he",5.899207592010498,twitch,1,he
1,killed,10.51333999633789,twitch,2,killed
2,he killed,7.926918983459473,twitch,2,killed
1,gotta,9.61825942993164,twitch,2,gotta
2,we gotta,6.768539905548096,twitch,2,gotta
1,we,11.5739107131958,twitch,1,we
2,"Well, we",5.989546775817871,twitch,1,we
1,look,10.315814971923828,twitch,1,look
2,Don't look,4.401201248168945,twitch,1,look
1,behind,11.124430656433105,twitch,2,behind
2,look behind,5.925156116485596,twitch,2,behind
1,is,11.129858016967773,twitch,1,is
2,B is,8.859078407287598,twitch,1,is
1,the,12.734390258789062,twitch,2,the
2,is the,11.345335006713867,twitch,2,the
1,got,11.186014175415039,twitch,2,got
2,him got,7.887495040893555,twitch,2,got
1,him,11.09859561920166,twitch,1,him
2,Got him,7.22321081161499,twitch,1,him
1,is,11.129858016967773,twitch,2,is
2,useful is,8.848832130432129,twitch,2,is
1,useful,10.201597213745117,twitch,1,useful
2,How useful,4.703941345214844,twitch,1,useful
1,a,11.316549301147461,twitch,1,a
2,He's a,9.637863159179688,twitch,1,a
1,large,11.790796279907227,twitch,2,large
2,a large,10.434576988220215,twitch,2,large
1,milk,9.538262367248535,twitch,2,milk
2,some milk,7.406571388244629,twitch,2,milk
1,some,11.931933403015137,twitch,1,some
2,Squeezing some,11.007611274719238,twitch,1,some
1,you,10.660537719726562,twitch,2,you
2,got you,8.48663330078125,twitch,2,you
1,got,11.186014175415039,twitch,1,got
2,I got,7.47769021987915,twitch,1,got
1,my,12.444364547729492,twitch,2,my
2,want my,10.345745086669922,twitch,2,my
1,want,10.154277801513672,twitch,1,want
2,I want,3.1437084674835205,twitch,1,want
1,you,10.660537719726562,twitch,1,you
2,Are you,8.059492111206055,twitch,1,you
1,that,10.947566986083984,twitch,2,that
2,you that,9.296133041381836,twitch,2,that
1,he's,10.79698371887207,twitch,1,he's
2,"Oh, he's",8.148378372192383,twitch,1,he's
1,a,11.316549301147461,twitch,2,a
2,he's a,10.405609130859375,twitch,2,a
1,the,12.734390258789062,twitch,2,the
2,are the,12.11293888092041,twitch,2,the
1,are,11.507725715637207,twitch,1,are
2,What are,4.811835765838623,twitch,1,are
1,we'll,6.779449462890625,twitch,1,we'll
2,"Yes, we'll",6.876842021942139,twitch,1,we'll
1,catch,11.185097694396973,twitch,2,catch
2,we'll catch,3.780418634414673,twitch,2,catch
1,weasel,9.5408353805542,twitch,2,weasel
2,the weasel,8.052386283874512,twitch,2,weasel
1,the,12.734390258789062,twitch,1,the
2,Where's the,11.42994499206543,twitch,1,the
1,your,12.634740829467773,twitch,2,your
2,on your,11.769221305847168,twitch,2,your
1,on,11.154274940490723,twitch,1,on
2,Iples on,9.842267990112305,twitch,1,on
1,B,11.827631950378418,twitch,2,B
2,of B,10.211288452148438,twitch,2,B
1,of,12.024920463562012,twitch,1,of
2,Lot of,11.472068786621094,twitch,1,of
1,his,12.49317741394043,twitch,2,his
2,behind his,10.791269302368164,twitch,2,his
1,behind,11.124430656433105,twitch,1,behind
2,Disc behind,6.165425777435303,twitch,1,behind
1,our,11.373416900634766,twitch,2,our
2,is our,10.526928901672363,twitch,2,our
1,is,11.129858016967773,twitch,1,is
2,This is,6.711753845214844,twitch,1,is
1,there's,5.328185558319092,twitch,1,there's
2,"Yes, there's",5.104997158050537,twitch,1,there's
1,one,10.6817045211792,twitch,2,one
2,there's one,9.001590728759766,twitch,2,one
1,look,10.315814971923828,twitch,1,look
2,Don't look,4.401201248168945,twitch,1,look
1,behind,11.124430656433105,twitch,2,behind
2,look behind,5.925156116485596,twitch,2,behind
1,you,10.660537719726562,twitch,1,you
2,Did you,6.972372531890869,twitch,1,you
1,get,11.412823677062988,twitch,2,get
2,you get,7.676114559173584,twitch,2,get
1,"uh,",10.512859344482422,twitch,1,"uh,"
2,"Uh, uh,",8.149056434631348,twitch,1,"uh,"
1,you're,7.940345764160156,twitch,2,you're
2,"uh, you're",8.20754623413086,twitch,2,you're
1,see,10.684712409973145,twitch,2,see
2,can't see,6.510914325714111,twitch,2,see
1,can't,7.6911139488220215,twitch,1,can't
2,I can't,6.68705415725708,twitch,1,can't
1,that,10.947566986083984,twitch,2,that
2,burning that,10.08505630493164,twitch,2,that
1,burning,11.626876831054688,twitch,1,burning
2,I'm burning,7.8361101150512695,twitch,1,burning
1,boom.,8.057453155517578,twitch,1,boom.
2,"Boom, boom.",7.43712043762207,twitch,1,boom.
1,We,10.645977973937988,twitch,2,We
2,boom. We,7.445619583129883,twitch,2,We
1,want,10.154277801513672,twitch,1,want
2,You want,3.2414472103118896,twitch,1,want
1,my,12.444364547729492,twitch,2,my
2,want my,10.345745086669922,twitch,2,my
1,to,11.301959037780762,twitch,2,to
2,come to,9.636194229125977,twitch,2,to
1,come,10.260955810546875,twitch,1,come
2,"Peanut, come",5.434337139129639,twitch,1,come
1,somebody,8.393484115600586,twitch,2,somebody
2,follow somebody,6.6606292724609375,twitch,2,somebody
1,follow,10.518021583557129,twitch,1,follow
2,You follow,7.107863426208496,twitch,1,follow
1,"quick,",10.222563743591309,twitch,2,"quick,"
2,"stiff, quick,",9.588526725769043,twitch,2,"quick,"
1,"stiff,",11.033514022827148,twitch,1,"stiff,"
2,"Quick, stiff,",8.596136093139648,twitch,1,"stiff,"
1,gonna,9.22776985168457,twitch,1,gonna
2,we're gonna,6.667779445648193,twitch,1,gonna
1,die,10.815694808959961,twitch,2,die
2,gonna die,6.29744291305542,twitch,2,die
1,you're,7.940345764160156,twitch,2,you're
2,maybe you're,8.166404724121094,twitch,2,you're
1,maybe,10.3660888671875,twitch,1,maybe
2,"Oh, maybe",5.674533367156982,twitch,1,maybe
1,dinosaur,9.313802719116211,twitch,2,dinosaur
2,a dinosaur,7.890002727508545,twitch,2,dinosaur
1,a,11.316549301147461,twitch,1,a
2,He's a,9.637863159179688,twitch,1,a
1,I'm,7.25425910949707,twitch,1,I'm
2,God I'm,8.328941345214844,twitch,1,I'm
1,not,10.92558479309082,twitch,2,not
2,I'm not,6.414231300354004,twitch,2,not
1,I'm,7.25425910949707,twitch,1,I'm
2,well I'm,7.623098850250244,twitch,1,I'm
1,getting,10.920502662658691,twitch,2,getting
2,I'm getting,8.004703521728516,twitch,2,getting
1,am,11.342445373535156,twitch,1,am
2,I am,8.244901657104492,twitch,1,am
1,temporarily,10.13683032989502,twitch,2,temporarily
2,am temporarily,9.403892517089844,twitch,2,temporarily
1,your,12.634740829467773,twitch,2,your
2,this your,11.232430458068848,twitch,2,your
1,this,10.959673881530762,twitch,1,this
2,Is this,7.696563243865967,twitch,1,this
1,"please,",8.159770011901855,twitch,2,"please,"
2,"him, please,",8.70486068725586,twitch,2,"please,"
1,"him,",10.795534133911133,twitch,1,"him,"
2,"Kill him,",8.364469528198242,twitch,1,"him,"
1,me,10.572490692138672,twitch,1,me
2,Let me,6.839850902557373,twitch,1,me
1,get,11.412823677062988,twitch,2,get
2,me get,8.447280883789062,twitch,2,get
1,eat,10.640091896057129,twitch,2,eat
2,go eat,8.078939437866211,twitch,2,eat
1,go,10.900910377502441,twitch,1,go
2,Let's go,6.089264869689941,twitch,1,go
1,kill,10.769107818603516,twitch,2,kill
2,"him, kill",6.203086853027344,twitch,2,kill
1,"him,",10.795534133911133,twitch,1,"him,"
2,"Kill him,",8.364469528198242,twitch,1,"him,"
1,got,11.186014175415039,twitch,2,got
2,he got,7.994988441467285,twitch,2,got
1,he,11.501636505126953,twitch,1,he
2,"Oh, he",5.899207592010498,twitch,1,he
1,say,9.818024635314941,twitch,1,say
2,You say,6.412810802459717,twitch,1,say
1,to,11.301959037780762,twitch,2,to
2,say to,10.453168869018555,twitch,2,to
1,right,10.864727020263672,twitch,1,right
2,It's right,5.040643215179443,twitch,1,right
1,down,10.773820877075195,twitch,2,down
2,right down,6.1837897300720215,twitch,2,down
1,"guys,",10.106283187866211,twitch,2,"guys,"
2,"guys, guys,",8.195314407348633,twitch,2,"guys,"
1,"guys,",10.106283187866211,twitch,1,"guys,"
2,"Guys, guys,",7.41800594329834,twitch,1,"guys,"
1,little,11.699698448181152,twitch,2,little
2,a little,9.63410758972168,twitch,2,little
1,a,11.316549301147461,twitch,1,a
2,Do a,11.415334701538086,twitch,1,a
1,another,11.492477416992188,twitch,2,another
2,one another,9.607422828674316,twitch,2,another
1,one,10.6817045211792,twitch,1,one
2,Another one,6.679833889007568,twitch,1,one
1,and,11.574933052062988,twitch,2,and
2,chair and,11.054039001464844,twitch,2,and
1,chair,11.081526756286621,twitch,1,chair
2,Dino chair,9.182350158691406,twitch,1,chair
1,get,11.412823677062988,twitch,1,get
2,We'll get,5.833077430725098,twitch,1,get
1,big,12.034542083740234,twitch,2,big
2,get big,9.715473175048828,twitch,2,big
1,who,11.222349166870117,twitch,1,who
2,"Okay, who",6.081119537353516,twitch,1,who
1,are,11.507725715637207,twitch,2,are
2,who are,10.297341346740723,twitch,2,are
1,you,10.660537719726562,twitch,2,you
2,"roll, you",6.048338413238525,twitch,2,you
1,"roll,",11.15814208984375,twitch,1,"roll,"
2,"You roll,",7.519104957580566,twitch,1,"roll,"
1,over,11.29223346710205,twitch,2,over
2,only over,8.604942321777344,twitch,2,over
1,only,11.529606819152832,twitch,1,only
2,There's only,3.8395891189575195,twitch,1,only
1,"move,",11.253218650817871,twitch,1,"move,"
2,"Let's move,",8.388635635375977,twitch,1,"move,"
1,let's,12.534488677978516,twitch,2,let's
2,"move, let's",7.421065807342529,twitch,2,let's
1,Invision,7.597349166870117,twitch,2,Invision
2,Where's Invision,8.599042892456055,twitch,2,Invision
1,Where's,7.403537750244141,twitch,1,Where's
2,Invision? Where's,6.4648637771606445,twitch,1,Where's
1,with,11.736027717590332,twitch,1,with
2,It's with,5.287701606750488,twitch,1,with
1,the,12.734390258789062,twitch,2,the
2,with the,12.026729583740234,twitch,2,the
1,see,10.684712409973145,twitch,2,see
2,you see,6.7522711753845215,twitch,2,see
1,you,10.660537719726562,twitch,1,you
2,Can you,7.312708377838135,twitch,1,you
1,you,10.660537719726562,twitch,1,you
2,Why you,6.712099552154541,twitch,1,you
1,some,11.931933403015137,twitch,2,some
2,you some,10.6849946975708,twitch,2,some
1,at,11.502521514892578,twitch,2,at
2,roar at,9.91778564453125,twitch,2,at
1,roar,11.029534339904785,twitch,1,roar
2,Everybody roar,5.496168613433838,twitch,1,roar
1,me.,8.94802188873291,twitch,2,me.
2,on me.,7.2758660316467285,twitch,2,me.
1,on,11.154274940490723,twitch,1,on
2,He's on,6.057058334350586,twitch,1,on
1,little,11.699698448181152,twitch,1,little
2,This little,10.893949508666992,twitch,1,little
1,feather,8.662400245666504,twitch,2,feather
2,little feather,8.146350860595703,twitch,2,feather
1,"feast,",10.503995895385742,twitch,1,"feast,"
2,"Feast, feast,",8.61050033569336,twitch,1,"feast,"
1,"feast,",10.503995895385742,twitch,2,"feast,"
2,"feast, feast,",8.940898895263672,twitch,2,"feast,"
1,a,11.316549301147461,twitch,2,a
2,miss a,11.564199447631836,twitch,2,a
1,miss,11.386292457580566,twitch,1,miss
2,I miss,6.113537788391113,twitch,1,miss
1,the,12.734390258789062,twitch,2,the
2,pull the,12.050036430358887,twitch,2,the
1,pull,11.105443954467773,twitch,1,pull
2,"Okay, pull",5.034932613372803,twitch,1,pull
1,got,11.186014175415039,twitch,1,got
2,You got,6.208295822143555,twitch,1,got
1,the,12.734390258789062,twitch,2,the
2,got the,12.073562622070312,twitch,2,the
1,eat,10.640091896057129,twitch,1,eat
2,click eat,9.219633102416992,twitch,1,eat
1,very,11.771876335144043,twitch,2,very
2,eat very,7.427736759185791,twitch,2,very
1,good,10.838345527648926,twitch,2,good
2,"you, good",7.172216415405273,twitch,2,good
1,"you,",9.85675048828125,twitch,1,"you,"
2,"Saw you,",10.14866828918457,twitch,1,"you,"
1,my,12.444364547729492,twitch,2,my
2,"you, my",8.88505744934082,twitch,2,my
1,"you,",9.85675048828125,twitch,1,"you,"
2,"Thank you,",10.441962242126465,twitch,1,"you,"
1,"back,",11.047807693481445,twitch,1,"back,"
2,"Stay back,",10.317412376403809,twitch,1,"back,"
1,stay,10.763754844665527,twitch,2,stay
2,"back, stay",7.1592607498168945,twitch,2,stay
1,"yeah,",7.744340896606445,twitch,1,"yeah,"
2,"Okay, yeah,",6.5147809982299805,twitch,1,"yeah,"
1,"yeah,",7.744340896606445,twitch,2,"yeah,"
2,"yeah, yeah,",5.884174346923828,twitch,2,"yeah,"
1,dead.,8.464271545410156,twitch,1,dead.
2,I'm dead.,6.484801769256592,twitch,1,dead.
1,I'm,7.25425910949707,twitch,2,I'm
2,dead. I'm,7.187928199768066,twitch,2,I'm
1,just,11.214090347290039,twitch,1,just
2,I just,6.858152866363525,twitch,1,just
1,got,11.186014175415039,twitch,2,got
2,just got,7.323810577392578,twitch,2,got
1,in,11.458725929260254,twitch,1,in
2,They're in,7.9751811027526855,twitch,1,in
1,the,12.734390258789062,twitch,2,the
2,in the,11.499937057495117,twitch,2,the
1,very,11.771876335144043,twitch,2,very
2,true very,9.098828315734863,twitch,2,very
1,true,10.066051483154297,twitch,1,true
2,Very true,3.763490676879883,twitch,1,true
1,my,12.444364547729492,twitch,2,my
2,slide my,10.534666061401367,twitch,2,my
1,slide,9.385453224182129,twitch,1,slide
2,My slide,4.1979756355285645,twitch,1,slide
1,got,11.186014175415039,twitch,1,got
2,We got,6.964138507843018,twitch,1,got
1,to,11.301959037780762,twitch,2,to
2,got to,8.610681533813477,twitch,2,to
1,go,10.900910377502441,twitch,2,go
2,can't go,6.573269844055176,twitch,2,go
1,can't,7.6911139488220215,twitch,1,can't
2,I can't,6.68705415725708,twitch,1,can't
1,the,12.734390258789062,twitch,2,the
2,in the,11.499937057495117,twitch,2,the
1,in,11.458725929260254,twitch,1,in
2,Climb in,9.490622520446777,twitch,1,in
1,somebody,8.393484115600586,twitch,1,somebody
2,Get somebody,7.68887186050415,twitch,1,somebody
1,beef,9.109874725341797,twitch,2,beef
2,somebody beef,7.299348831176758,twitch,2,beef
1,this,10.959673881530762,twitch,2,this
2,at this,10.199748992919922,twitch,2,this
1,at,11.502521514892578,twitch,1,at
2,Look at,5.856308937072754,twitch,1,at
1,a,11.316549301147461,twitch,2,a
2,that's a,9.055657386779785,twitch,2,a
1,that's,6.693538665771484,twitch,1,that's
2,"Yep, that's",6.675546169281006,twitch,1,that's
1,over,11.29223346710205,twitch,2,over
2,hover over,8.441320419311523,twitch,2,over
1,hover,11.023123741149902,twitch,1,hover
2,we hover,5.9951863288879395,twitch,1,hover
1,"him,",10.795534133911133,twitch,1,"him,"
2,"Smoke him,",9.268390655517578,twitch,1,"him,"
1,smoke,8.762408256530762,twitch,2,smoke
2,"him, smoke",7.953880310058594,twitch,2,smoke
1,me,10.572490692138672,twitch,1,me
2,Teach me,6.366436004638672,twitch,1,me
1,that,10.947566986083984,twitch,2,that
2,me that,9.005595207214355,twitch,2,that
1,over,11.29223346710205,twitch,2,over
2,gang over,7.942379951477051,twitch,2,over
1,gang,10.849236488342285,twitch,1,gang
2,a gang,7.205019950866699,twitch,1,gang
1,scurry,9.355966567993164,twitch,2,scurry
2,"off, scurry",6.37407112121582,twitch,2,scurry
1,"off,",10.947434425354004,twitch,1,"off,"
2,"Scurry off,",10.123089790344238,twitch,1,"off,"
1,or,11.46521282196045,twitch,2,or
2,work or,11.610823631286621,twitch,2,or
1,work,10.086380004882812,twitch,1,work
2,good work,6.553375720977783,twitch,1,work
1,that,10.947566986083984,twitch,2,that
2,burning that,10.08505630493164,twitch,2,that
1,burning,11.626876831054688,twitch,1,burning
2,I'm burning,7.8361101150512695,twitch,1,burning
1,noticeably,9.944009780883789,twitch,2,noticeably
2,definitely noticeably,9.029725074768066,twitch,2,noticeably
1,definitely,8.628039360046387,twitch,1,definitely
2,it's definitely,6.645845890045166,twitch,1,definitely
1,quick,11.237932205200195,twitch,2,quick
2,a quick,9.74207592010498,twitch,2,quick
1,a,11.316549301147461,twitch,1,a
2,Just a,7.545070648193359,twitch,1,a
1,what,10.599081993103027,twitch,1,what
2,see what,6.279446125030518,twitch,1,what
1,it,10.897254943847656,twitch,2,it
2,what it,4.909783363342285,twitch,2,it
1,low,11.209066390991211,twitch,2,low
2,a low,8.844890594482422,twitch,2,low
1,a,11.316549301147461,twitch,1,a
2,What's a,11.287922859191895,twitch,1,a
1,too,10.66748046875,twitch,2,too
2,"Oh, too",5.251555442810059,twitch,2,too
1,"Oh,",7.328317642211914,twitch,1,"Oh,"
2,"Space. Oh,",5.846572399139404,twitch,1,"Oh,"
1,you,10.660537719726562,twitch,1,you
2,"Wait, you",6.7038702964782715,twitch,1,you
1,got,11.186014175415039,twitch,2,got
2,you got,6.812966823577881,twitch,2,got
1,have,10.692431449890137,twitch,2,have
2,don't have,6.355923652648926,twitch,2,have
1,don't,7.345463752746582,twitch,1,don't
2,I don't,4.23712158203125,twitch,1,don't
1,on,11.154274940490723,twitch,2,on
2,me on,9.446817398071289,twitch,2,on
1,me,10.572490692138672,twitch,1,me
2,on me,7.099005699157715,twitch,1,me
1,a,11.316549301147461,twitch,2,a
2,it a,11.657173156738281,twitch,2,a
1,it,10.897254943847656,twitch,1,it
2,Is it,8.213629722595215,twitch,1,it
1,button,10.493219375610352,twitch,2,button
2,the button,7.212890148162842,twitch,2,button
1,the,12.734390258789062,twitch,1,the
2,Hold the,12.419034957885742,twitch,1,the
1,comes,9.936469078063965,twitch,1,comes
2,He comes,4.46765661239624,twitch,1,comes
1,the,12.734390258789062,twitch,2,the
2,comes the,11.8283052444458,twitch,2,the
1,tons,9.556750297546387,twitch,2,tons
2,got tons,1.5282171964645386,twitch,2,tons
1,got,11.186014175415039,twitch,1,got
2,I've got,6.329802989959717,twitch,1,got
1,that's,6.693538665771484,twitch,1,that's
2,"Wait, that's",6.976592540740967,twitch,1,that's
1,a,11.316549301147461,twitch,2,a
2,that's a,9.055657386779785,twitch,2,a
1,"sorry,",8.111830711364746,twitch,2,"sorry,"
2,"sorry, sorry,",4.676427841186523,twitch,2,"sorry,"
1,"sorry,",8.111830711364746,twitch,1,"sorry,"
2,"Oh, sorry,",6.825882911682129,twitch,1,"sorry,"
1,a,11.316549301147461,twitch,2,a
2,see a,9.735965728759766,twitch,2,a
1,see,10.684712409973145,twitch,1,see
2,I see,7.055421829223633,twitch,1,see
1,gotta,9.61825942993164,twitch,1,gotta
2,You gotta,6.915268421173096,twitch,1,gotta
1,come,10.260955810546875,twitch,2,come
2,gotta come,5.327876091003418,twitch,2,come
1,six,11.447041511535645,twitch,2,six
2,him six,7.898199558258057,twitch,2,six
1,him,11.09859561920166,twitch,1,him
2,Get him,7.378337383270264,twitch,1,him
1,guys,9.345287322998047,twitch,1,guys
2,These guys,6.2163920402526855,twitch,1,guys
1,are,11.507725715637207,twitch,2,are
2,guys are,10.315160751342773,twitch,2,are
1,you,10.660537719726562,twitch,1,you
2,Are you,8.059492111206055,twitch,1,you
1,guys,9.345287322998047,twitch,2,guys
2,you guys,7.338253498077393,twitch,2,guys
1,that's,6.693538665771484,twitch,1,that's
2,"Yeah, that's",6.683780193328857,twitch,1,that's
1,my,12.444364547729492,twitch,2,my
2,that's my,10.004990577697754,twitch,2,my
1,my,12.444364547729492,twitch,2,my
2,representing my,10.444358825683594,twitch,2,my
1,representing,8.940299987792969,twitch,1,representing
2,I'm representing,7.265006065368652,twitch,1,representing
1,kill,10.769107818603516,twitch,2,kill
2,we kill,7.829000949859619,twitch,2,kill
1,we,11.5739107131958,twitch,1,we
2,Should we,8.003976821899414,twitch,1,we
1,here!,8.559175491333008,twitch,2,here!
2,right here!,8.142078399658203,twitch,2,here!
1,right,10.864727020263672,twitch,1,right
2,You're right,4.335336208343506,twitch,1,right
1,on,11.154274940490723,twitch,2,on
2,come on,9.599469184875488,twitch,2,on
1,come,10.260955810546875,twitch,1,come
2,"Hey, come",3.4201934337615967,twitch,1,come
1,why,10.04607105255127,twitch,1,why
2,wait why,6.784173011779785,twitch,1,why
1,won't,7.359218120574951,twitch,2,won't
2,why won't,6.427465438842773,twitch,2,won't
1,is,11.129858016967773,twitch,2,is
2,block is,9.166440963745117,twitch,2,is
1,block,11.001298904418945,twitch,1,block
2,"Yeah, block",8.733354568481445,twitch,1,block
1,a,11.316549301147461,twitch,2,a
2,here's a,10.181009292602539,twitch,2,a
1,here's,10.318723678588867,twitch,1,here's
2,"Oh, here's",4.745523929595947,twitch,1,here's
1,gash,9.511521339416504,twitch,1,gash
2,Little gash,6.60988187789917,twitch,1,gash
1,of,12.024920463562012,twitch,2,of
2,gash of,11.700129508972168,twitch,2,of
1,do,10.671449661254883,twitch,1,do
2,What do,2.142984390258789,twitch,1,do
1,you,10.660537719726562,twitch,2,you
2,do you,5.67453145980835,twitch,2,you
1,T-Rex?,8.098089218139648,twitch,2,T-Rex?
2,the T-Rex?,7.726953983306885,twitch,2,T-Rex?
1,the,12.734390258789062,twitch,1,the
2,Where's the,11.42994499206543,twitch,1,the
1,don't,7.345463752746582,twitch,1,don't
2,I don't,4.23712158203125,twitch,1,don't
1,know,10.400792121887207,twitch,2,know
2,don't know,5.081944465637207,twitch,2,know
1,up.,8.434224128723145,twitch,1,up.
2,Hold up.,8.566961288452148,twitch,1,up.
1,Hold,11.601040840148926,twitch,2,Hold
2,up. Hold,6.352686405181885,twitch,2,Hold
1,that,10.947566986083984,twitch,1,that
2,Is that,7.520195484161377,twitch,1,that
1,a,11.316549301147461,twitch,2,a
2,that a,11.178461074829102,twitch,2,a
1,get,11.412823677062988,twitch,1,get
2,Let's get,5.859208583831787,twitch,1,get
1,more,11.137571334838867,twitch,2,more
2,get more,8.429878234863281,twitch,2,more
1,body's,11.883835792541504,twitch,1,body's
2,Your body's,9.458510398864746,twitch,1,body's
1,still,10.723008155822754,twitch,2,still
2,body's still,8.897533416748047,twitch,2,still
1,be,11.872392654418945,twitch,2,be
2,it'll be,8.301080703735352,twitch,2,be
1,it'll,5.990661144256592,twitch,1,it'll
2,"Oh, it'll",4.5561909675598145,twitch,1,it'll
1,the,12.734390258789062,twitch,2,the
2,what the,4.970401763916016,twitch,2,the
1,what,10.599081993103027,twitch,1,what
2,"Here, what",6.317600727081299,twitch,1,what
1,seven,11.029682159423828,twitch,2,seven
2,him seven,7.1136884689331055,twitch,2,seven
1,him,11.09859561920166,twitch,1,him
2,Get him,7.378337383270264,twitch,1,him
1,I'm,7.25425910949707,twitch,2,I'm
2,think I'm,7.19641637802124,twitch,2,I'm
1,think,9.863617897033691,twitch,1,think
2,I think,5.887979984283447,twitch,1,think
1,to,11.301959037780762,twitch,2,to
2,good to,6.052720546722412,twitch,2,to
1,good,10.838345527648926,twitch,1,good
2,We're good,5.267983436584473,twitch,1,good
1,with,11.736027717590332,twitch,2,with
2,deal with,9.005528450012207,twitch,2,with
1,deal,10.67466926574707,twitch,1,deal
2,Can't deal,2.8793082237243652,twitch,1,deal
1,it,10.897254943847656,twitch,2,it
2,do it,7.040089130401611,twitch,2,it
1,do,10.671449661254883,twitch,1,do
2,We'll do,5.178133964538574,twitch,1,do
1,sure,10.030720710754395,twitch,1,sure
2,Make sure,3.460689067840576,twitch,1,sure
1,they're,8.73033332824707,twitch,2,they're
2,sure they're,8.082716941833496,twitch,2,they're
1,big,12.034542083740234,twitch,2,big
2,get big,9.715473175048828,twitch,2,big
1,get,11.412823677062988,twitch,1,get
2,We'll get,5.833077430725098,twitch,1,get
1,"go,",10.951502799987793,twitch,2,"go,"
2,"you go,",9.09912109375,twitch,2,"go,"
1,you,10.660537719726562,twitch,1,you
2,Where'd you,5.94020938873291,twitch,1,you
1,is,11.129858016967773,twitch,2,is
2,this is,7.515775203704834,twitch,2,is
1,this,10.959673881530762,twitch,1,this
2,"Damn, this",6.9700493812561035,twitch,1,this
1,f**k,8.329190254211426,twitch,1,f**k
2,"Ah, f**k",6.153920650482178,twitch,1,f**k
1,"it,",11.110934257507324,twitch,2,"it,"
2,"f**k it,",7.988399982452393,twitch,2,"it,"
1,is,11.129858016967773,twitch,2,is
2,this is,7.515775203704834,twitch,2,is
1,this,10.959673881530762,twitch,1,this
2,"Oh, this",5.786286354064941,twitch,1,this
1,"me,",10.894597053527832,twitch,2,"me,"
2,"a me,",9.387296676635742,twitch,2,"me,"
1,a,11.316549301147461,twitch,1,a
2,It's a,9.413443565368652,twitch,1,a
1,Pino,9.294624328613281,twitch,1,Pino
2,Wait Pino,8.716185569763184,twitch,1,Pino
1,which,10.866917610168457,twitch,2,which
2,Pino which,7.510523319244385,twitch,2,which
1,I'm,7.25425910949707,twitch,2,I'm
2,"serious, I'm",6.846917629241943,twitch,2,I'm
1,"serious,",9.628397941589355,twitch,1,"serious,"
2,"I'm serious,",8.094133377075195,twitch,1,"serious,"
1,wretched,10.543998718261719,twitch,2,wretched
2,you wretched,10.32767391204834,twitch,2,wretched
1,you,10.660537719726562,twitch,1,you
2,"Die, you",7.125494003295898,twitch,1,you
1,a,11.316549301147461,twitch,1,a
2,Get a,10.688116073608398,twitch,1,a
1,four,11.351820945739746,twitch,2,four
2,a four,6.19368839263916,twitch,2,four
1,hear,10.831530570983887,twitch,2,hear
2,you hear,6.620582580566406,twitch,2,hear
1,you,10.660537719726562,twitch,1,you
2,Did you,6.972372531890869,twitch,1,you
1,no,11.925097465515137,twitch,1,no
2,"Yeah, no",5.363395690917969,twitch,1,no
1,"thanks,",10.926789283752441,twitch,2,"thanks,"
2,"no thanks,",8.937442779541016,twitch,2,"thanks,"
1,my,12.444364547729492,twitch,2,my
2,"shit, my",10.136296272277832,twitch,2,my
1,"shit,",9.02711009979248,twitch,1,"shit,"
2,"Oh shit,",7.531517505645752,twitch,1,"shit,"
1,my,12.444364547729492,twitch,2,my
2,on my,10.981941223144531,twitch,2,my
1,on,11.154274940490723,twitch,1,on
2,Iples on,9.842267990112305,twitch,1,on
1,same,11.373035430908203,twitch,2,same
2,the same,9.165023803710938,twitch,2,same
1,the,12.734390258789062,twitch,1,the
2,spending the,9.482876777648926,twitch,1,the
1,full,11.391563415527344,twitch,1,full
2,I'm full,1.8215477466583252,twitch,1,full
1,with,11.736027717590332,twitch,2,with
2,full with,10.628568649291992,twitch,2,with
1,we,11.5739107131958,twitch,1,we
2,"Well, we",5.989546775817871,twitch,1,we
1,see,10.684712409973145,twitch,2,see
2,we see,7.83167839050293,twitch,2,see
1,out,10.346115112304688,twitch,1,out
2,Get out,5.516575336456299,twitch,1,out
1,of,12.024920463562012,twitch,2,of
2,out of,10.487857818603516,twitch,2,of
1,that,10.947566986083984,twitch,2,that
2,is that,9.734794616699219,twitch,2,that
1,is,11.129858016967773,twitch,1,is
2,There is,5.021426677703857,twitch,1,is
1,hour,10.725520133972168,twitch,2,hour
2,an hour,6.2911834716796875,twitch,2,hour
1,an,11.774314880371094,twitch,1,an
2,Like an,10.183337211608887,twitch,1,an
1,right.,8.361309051513672,twitch,1,right.
2,All right.,7.0897440910339355,twitch,1,right.
1,Look,9.32210922241211,twitch,2,Look
2,right. Look,4.054418563842773,twitch,2,Look
1,"Raptors,",11.648162841796875,twitch,1,"Raptors,"
2,"Packer Raptors,",10.899382591247559,twitch,1,"Raptors,"
1,Packer,9.995532989501953,twitch,2,Packer
2,"Raptors, Packer",6.8906450271606445,twitch,2,Packer
1,this,10.959673881530762,twitch,2,this
2,is this,9.967951774597168,twitch,2,this
1,is,11.129858016967773,twitch,1,is
2,"Rogue, is",7.864378452301025,twitch,1,is
1,the,12.734390258789062,twitch,2,the
2,what the,4.970401763916016,twitch,2,the
1,what,10.599081993103027,twitch,1,what
2,"God, what",7.019782543182373,twitch,1,what
1,before,11.061224937438965,twitch,2,before
2,then before,7.997931480407715,twitch,2,before
1,then,11.280230522155762,twitch,1,then
2,but then,7.944767951965332,twitch,1,then
1,over,11.29223346710205,twitch,2,over
2,run over,7.9710164070129395,twitch,2,over
1,run,10.866025924682617,twitch,1,run
2,"Rogue, run",6.61427640914917,twitch,1,run
1,we,11.5739107131958,twitch,1,we
2,Are we,7.340374946594238,twitch,1,we
1,for,11.576336860656738,twitch,2,for
2,we for,10.612548828125,twitch,2,for
1,touching,9.070046424865723,twitch,2,touching
2,we're touching,6.050509452819824,twitch,2,touching
1,we're,7.409038543701172,twitch,1,we're
2,"Oh, we're",7.030540943145752,twitch,1,we're
1,an,11.774314880371094,twitch,2,an
2,fighting an,9.429293632507324,twitch,2,an
1,fighting,10.560688018798828,twitch,1,fighting
2,We're fighting,5.509407997131348,twitch,1,fighting
1,for,11.576336860656738,twitch,2,for
2,wait for,9.19200325012207,twitch,2,for
1,wait,10.69627571105957,twitch,1,wait
2,Don't wait,4.351620197296143,twitch,1,wait
1,see,10.684712409973145,twitch,2,see
2,"thing, see",9.935286521911621,twitch,2,see
1,"thing,",10.136463165283203,twitch,1,"thing,"
2,"That thing,",7.914005756378174,twitch,1,"thing,"
1,eat,10.640091896057129,twitch,2,eat
2,we eat,7.853985786437988,twitch,2,eat
1,we,11.5739107131958,twitch,1,we
2,Should we,8.003976821899414,twitch,1,we
1,the,12.734390258789062,twitch,2,the
2,leading the,11.748469352722168,twitch,2,the
1,leading,11.475639343261719,twitch,1,leading
2,I'm leading,5.716276168823242,twitch,1,leading
1,if,11.083032608032227,twitch,2,if
2,"right, if",6.282525062561035,twitch,2,if
1,"right,",11.24286937713623,twitch,1,"right,"
2,"All right,",7.5636396408081055,twitch,1,"right,"
1,reading,10.456832885742188,courtroom,1,reading
2,Does reading,6.146454811096191,courtroom,1,reading
1,Lines,7.646891117095947,courtroom,3,Lines
2,through Lines,8.081857681274414,courtroom,3,Lines
4,Does reading through Lines,7.141214847564697,courtroom,3,Lines
1,through,11.072386741638184,courtroom,2,through
2,reading through,6.820918083190918,courtroom,2,through
1,Metro-Atlantic/NECC,8.828967094421387,courtroom,3,Metro-Atlantic/NECC
2,the Metro-Atlantic/NECC,9.494068145751953,courtroom,3,Metro-Atlantic/NECC
4,vicinity of the Metro-Atlantic/NECC,10.058313369750977,courtroom,3,Metro-Atlantic/NECC
1,the,12.734390258789062,courtroom,2,the
2,of the,12.293905258178711,courtroom,2,the
1,of,12.024920463562012,courtroom,1,of
2,vicinity of,9.789931297302246,courtroom,1,of
1,there,9.811803817749023,courtroom,2,there
2,-- there,3.6028032302856445,courtroom,2,there
1,was,10.896289825439453,courtroom,3,was
2,there was,5.148713111877441,courtroom,3,was
4,Some -- there was,5.770296573638916,courtroom,3,was
1,--,10.854382514953613,courtroom,1,--
2,Some --,8.00693130493164,courtroom,1,--
1,you,10.660537719726562,courtroom,2,you
2,would you,6.951193332672119,courtroom,2,you
1,guess,8.200095176696777,courtroom,3,guess
2,you guess,5.273870944976807,courtroom,3,guess
4,Why would you guess,4.872676372528076,courtroom,3,guess
1,would,10.050649642944336,courtroom,1,would
2,Why would,6.210948944091797,courtroom,1,would
1,is,11.129858016967773,courtroom,3,is
2,there is,5.1836724281311035,courtroom,3,is
4,"number, if there is",4.823019027709961,courtroom,3,is
1,if,11.083032608032227,courtroom,1,if
2,"number, if",7.977397918701172,courtroom,1,if
1,there,9.811803817749023,courtroom,2,there
2,if there,3.1314361095428467,courtroom,2,there
1,see,10.684712409973145,courtroom,1,see
2,ever see,7.387680530548096,courtroom,1,see
1,any,11.360147476196289,courtroom,2,any
2,see any,9.781997680664062,courtroom,2,any
1,discolored,8.68044376373291,courtroom,3,discolored
2,any discolored,9.556407928466797,courtroom,3,discolored
4,ever see any discolored,10.103397369384766,courtroom,3,discolored
1,"know,",8.246770858764648,courtroom,1,"know,"
2,"You know,",6.714511394500732,courtroom,1,"know,"
1,I,11.117331504821777,courtroom,2,I
2,"know, I",6.1181159019470215,courtroom,2,I
1,don't,7.345463752746582,courtroom,3,don't
2,I don't,4.23712158203125,courtroom,3,don't
4,"You know, I don't",4.5730156898498535,courtroom,3,don't
1,know,10.400792121887207,courtroom,2,know
2,don't know,5.081944465637207,courtroom,2,know
1,don't,7.345463752746582,courtroom,1,don't
2,I don't,4.23712158203125,courtroom,1,don't
1,for,11.576336860656738,courtroom,3,for
2,know for,8.90060806274414,courtroom,3,for
4,I don't know for,1.1650747060775757,courtroom,3,for
1,of,12.024920463562012,courtroom,1,of
2,side of,7.3907952308654785,courtroom,1,of
1,main,11.415353775024414,courtroom,3,main
2,the main,10.313385009765625,courtroom,3,main
4,side of the main,10.41648006439209,courtroom,3,main
1,the,12.734390258789062,courtroom,2,the
2,of the,12.293905258178711,courtroom,2,the
1,need,10.85104751586914,courtroom,3,need
2,you need,4.300301551818848,courtroom,3,need
4,What do you need,3.435777187347412,courtroom,3,need
1,do,10.671449661254883,courtroom,1,do
2,What do,2.142984390258789,courtroom,1,do
1,you,10.660537719726562,courtroom,2,you
2,do you,5.67453145980835,courtroom,2,you
1,one,10.6817045211792,courtroom,2,one
2,go one,7.555685997009277,courtroom,2,one
1,go,10.900910377502441,courtroom,1,go
2,Let's go,6.089264869689941,courtroom,1,go
1,by,11.555146217346191,courtroom,3,by
2,one by,11.657817840576172,courtroom,3,by
4,Let's go one by,0.01921919360756874,courtroom,3,by
1,have,10.692431449890137,courtroom,2,have
2,don't have,6.355923652648926,courtroom,2,have
1,any,11.360147476196289,courtroom,3,any
2,have any,9.952287673950195,courtroom,3,any
4,I don't have any,9.654940605163574,courtroom,3,any
1,don't,7.345463752746582,courtroom,1,don't
2,I don't,4.23712158203125,courtroom,1,don't
1,that,10.947566986083984,courtroom,3,that
2,read that,9.150980949401855,courtroom,3,that
4,Do I read that,7.518072605133057,courtroom,3,that
1,read,10.640660285949707,courtroom,2,read
2,I read,6.687819004058838,courtroom,2,read
1,I,11.117331504821777,courtroom,1,I
2,Do I,7.38436222076416,courtroom,1,I
1,weren't,8.807559967041016,courtroom,1,weren't
2,They weren't,9.483495712280273,courtroom,1,weren't
1,fit,10.927949905395508,courtroom,2,fit
2,weren't fit,2.8802454471588135,courtroom,2,fit
1,for,11.576336860656738,courtroom,3,for
2,fit for,10.20499324798584,courtroom,3,for
4,They weren't fit for,8.625753402709961,courtroom,3,for
1,you've,6.253358840942383,courtroom,1,you've
2,"Now, you've",5.319350719451904,courtroom,1,you've
1,the,12.734390258789062,courtroom,3,the
2,written the,11.139720916748047,courtroom,3,the
4,"Now, you've written the",9.519104957580566,courtroom,3,the
1,written,10.453401565551758,courtroom,2,written
2,you've written,5.980563163757324,courtroom,2,written
1,remember,9.751459121704102,courtroom,1,remember
2,you remember,6.299363136291504,courtroom,1,remember
1,that,10.947566986083984,courtroom,3,that
2,giving that,9.39052963256836,courtroom,3,that
4,you remember giving that,9.870321273803711,courtroom,3,that
1,giving,11.280071258544922,courtroom,2,giving
2,remember giving,6.53228759765625,courtroom,2,giving
1,there,9.811803817749023,courtroom,2,there
2,wasn't there,6.211802959442139,courtroom,2,there
1,wasn't,8.325348854064941,courtroom,1,wasn't
2,I wasn't,7.474949836730957,courtroom,1,wasn't
1,that,10.947566986083984,courtroom,3,that
2,there that,9.421037673950195,courtroom,3,that
4,I wasn't there that,3.376582384109497,courtroom,3,that
1,it,10.897254943847656,courtroom,2,it
2,"know, it",4.286016464233398,courtroom,2,it
1,"know,",8.246770858764648,courtroom,1,"know,"
2,"You know,",6.714511394500732,courtroom,1,"know,"
1,was,10.896289825439453,courtroom,3,was
2,it was,9.499979019165039,courtroom,3,was
4,"You know, it was",7.707118034362793,courtroom,3,was
1,are,11.507725715637207,courtroom,1,are
2,You are,8.48275089263916,courtroom,1,are
1,saying,7.357372760772705,courtroom,3,saying
2,not saying,6.216588973999023,courtroom,3,saying
4,You are not saying,5.08914852142334,courtroom,3,saying
1,not,10.92558479309082,courtroom,2,not
2,are not,9.823641777038574,courtroom,2,not
1,I,11.117331504821777,courtroom,3,I
2,saying I,6.199072360992432,courtroom,3,I
4,I'm not saying I,5.345809459686279,courtroom,3,I
1,not,10.92558479309082,courtroom,1,not
2,I'm not,6.414231300354004,courtroom,1,not
1,saying,7.357372760772705,courtroom,2,saying
2,not saying,6.216588973999023,courtroom,2,saying
1,out,10.346115112304688,courtroom,2,out
2,ran out,4.566267490386963,courtroom,2,out
1,the,12.734390258789062,courtroom,3,the
2,out the,12.475030899047852,courtroom,3,the
4,It ran out the,8.365585327148438,courtroom,3,the
1,ran,11.454289436340332,courtroom,1,ran
2,It ran,7.081243991851807,courtroom,1,ran
1,there,9.811803817749023,courtroom,1,there
2,Is there,3.770479440689087,courtroom,1,there
1,a,11.316549301147461,courtroom,2,a
2,there a,9.557626724243164,courtroom,2,a
1,Bates,9.831318855285645,courtroom,3,Bates
2,a Bates,7.823383331298828,courtroom,3,Bates
4,Is there a Bates,9.009481430053711,courtroom,3,Bates
1,"go,",10.951502799987793,courtroom,2,"go,"
2,"we go,",8.380216598510742,courtroom,2,"go,"
1,we,11.5739107131958,courtroom,1,we
2,there we,4.566078186035156,courtroom,1,we
1,Exhibit,7.8455915451049805,courtroom,3,Exhibit
2,"go, Exhibit",4.394782066345215,courtroom,3,Exhibit
4,"there we go, Exhibit",2.6098554134368896,courtroom,3,Exhibit
1,don't,7.345463752746582,courtroom,1,don't
2,I don't,4.23712158203125,courtroom,1,don't
1,a,11.316549301147461,courtroom,3,a
2,have a,10.886540412902832,courtroom,3,a
4,I don't have a,9.14564323425293,courtroom,3,a
1,have,10.692431449890137,courtroom,2,have
2,don't have,6.355923652648926,courtroom,2,have
1,little,11.699698448181152,courtroom,3,little
2,a little,9.63410758972168,courtroom,3,little
4,You talked a little,2.2204060554504395,courtroom,3,little
1,a,11.316549301147461,courtroom,2,a
2,talked a,5.382302284240723,courtroom,2,a
1,talked,6.761512279510498,courtroom,1,talked
2,You talked,2.6239707469940186,courtroom,1,talked
1,you,10.660537719726562,courtroom,1,you
2,when you,7.518013954162598,courtroom,1,you
1,for,11.576336860656738,courtroom,3,for
2,worked for,9.612269401550293,courtroom,3,for
4,when you worked for,8.450345039367676,courtroom,3,for
1,worked,9.954773902893066,courtroom,2,worked
2,you worked,5.275872230529785,courtroom,2,worked
1,you,10.660537719726562,courtroom,2,you
2,what you,5.827417373657227,courtroom,2,you
1,what,10.599081993103027,courtroom,1,what
2,read what,6.036963939666748,courtroom,1,what
1,wrote,10.513318061828613,courtroom,3,wrote
2,you wrote,5.881751537322998,courtroom,3,wrote
4,read what you wrote,5.288581371307373,courtroom,3,wrote
1,was,10.896289825439453,courtroom,2,was
2,there was,5.148713111877441,courtroom,2,was
1,a,11.316549301147461,courtroom,3,a
2,was a,11.245882987976074,courtroom,3,a
4,If there was a,10.935754776000977,courtroom,3,a
1,there,9.811803817749023,courtroom,1,there
2,If there,2.772448778152466,courtroom,1,there
1,that,10.947566986083984,courtroom,2,that
2,read that,9.150980949401855,courtroom,2,that
1,read,10.640660285949707,courtroom,1,read
2,I read,6.687819004058838,courtroom,1,read
1,as,11.068653106689453,courtroom,3,as
2,that as,8.290504455566406,courtroom,3,as
4,I read that as,7.2589874267578125,courtroom,3,as
1,you,10.660537719726562,courtroom,1,you
2,Do you,5.721115589141846,courtroom,1,you
1,that,10.947566986083984,courtroom,3,that
2,recall that,9.04126262664795,courtroom,3,that
4,Do you recall that,8.580437660217285,courtroom,3,that
1,recall,9.789066314697266,courtroom,2,recall
2,you recall,6.171844005584717,courtroom,2,recall
1,do,10.671449661254883,courtroom,1,do
2,And do,4.727569103240967,courtroom,1,do
1,you,10.660537719726562,courtroom,2,you
2,do you,5.67453145980835,courtroom,2,you
1,remember,9.751459121704102,courtroom,3,remember
2,you remember,6.299363136291504,courtroom,3,remember
4,And do you remember,5.969797611236572,courtroom,3,remember
1,barrels,7.70792818069458,courtroom,3,barrels
2,burn barrels,5.946353912353516,courtroom,3,barrels
4,sold as burn barrels,5.736408233642578,courtroom,3,barrels
1,burn,10.883994102478027,courtroom,2,burn
2,as burn,8.365531921386719,courtroom,2,burn
1,as,11.068653106689453,courtroom,1,as
2,sold as,9.943840980529785,courtroom,1,as
1,not,10.92558479309082,courtroom,1,not
2,could not,7.344240188598633,courtroom,1,not
1,the,12.734390258789062,courtroom,3,the
2,see the,10.900222778320312,courtroom,3,the
4,could not see the,11.449864387512207,courtroom,3,the
1,see,10.684712409973145,courtroom,2,see
2,not see,7.061448097229004,courtroom,2,see
1,you,10.660537719726562,courtroom,1,you
2,"side, you",5.76200008392334,courtroom,1,you
1,"know,",8.246770858764648,courtroom,2,"know,"
2,"you know,",7.267838478088379,courtroom,2,"know,"
1,logically,9.715436935424805,courtroom,3,logically
2,"know, logically",5.931788444519043,courtroom,3,logically
4,"side, you know, logically",8.328542709350586,courtroom,3,logically
1,remember,9.751459121704102,courtroom,2,remember
2,you remember,6.299363136291504,courtroom,2,remember
1,that,10.947566986083984,courtroom,3,that
2,remember that,8.49096393585205,courtroom,3,that
4,Do you remember that,9.393712043762207,courtroom,3,that
1,you,10.660537719726562,courtroom,1,you
2,Do you,5.721115589141846,courtroom,1,you
1,the,12.734390258789062,courtroom,3,the
2,inside the,11.919632911682129,courtroom,3,the
4,It was inside the,11.164300918579102,courtroom,3,the
1,was,10.896289825439453,courtroom,1,was
2,It was,8.293855667114258,courtroom,1,was
1,inside,11.155008316040039,courtroom,2,inside
2,was inside,4.8550944328308105,courtroom,2,inside
1,read,10.640660285949707,courtroom,1,read
2,I read,6.687819004058838,courtroom,1,read
1,that,10.947566986083984,courtroom,2,that
2,read that,9.150980949401855,courtroom,2,that
1,as,11.068653106689453,courtroom,3,as
2,that as,8.290504455566406,courtroom,3,as
4,I read that as,7.2589874267578125,courtroom,3,as
1,think,9.863617897033691,courtroom,1,think
2,I think,5.887979984283447,courtroom,1,think
1,Exhibit,7.8455915451049805,courtroom,3,Exhibit
2,that's Exhibit,3.0641982555389404,courtroom,3,Exhibit
4,I think that's Exhibit,2.246443748474121,courtroom,3,Exhibit
1,that's,6.693538665771484,courtroom,2,that's
2,think that's,6.933109760284424,courtroom,2,that's
1,a,11.316549301147461,courtroom,3,a
2,not a,10.634411811828613,courtroom,3,a
4,but I'm not a,9.372787475585938,courtroom,3,a
1,not,10.92558479309082,courtroom,2,not
2,I'm not,6.414231300354004,courtroom,2,not
1,I'm,7.25425910949707,courtroom,1,I'm
2,but I'm,6.613962173461914,courtroom,1,I'm
1,fed,11.08224868774414,courtroom,3,fed
2,be fed,6.686850070953369,courtroom,3,fed
4,They would be fed,8.239330291748047,courtroom,3,fed
1,would,10.050649642944336,courtroom,1,would
2,They would,7.267640113830566,courtroom,1,would
1,be,11.872392654418945,courtroom,2,be
2,would be,9.17898941040039,courtroom,2,be
1,Lines,7.646891117095947,courtroom,1,Lines
2,"testimony, Lines",6.8599700927734375,courtroom,1,Lines
1,11,9.744247436523438,courtroom,2,11
2,Lines 11,5.429811954498291,courtroom,2,11
1,through,11.072386741638184,courtroom,3,through
2,11 through,8.275633811950684,courtroom,3,through
4,"testimony, Lines 11 through",3.4280292987823486,courtroom,3,through
1,the,12.734390258789062,courtroom,3,the
2,into the,12.147523880004883,courtroom,3,the
4,were further into the,11.303377151489258,courtroom,3,the
1,further,10.104958534240723,courtroom,1,further
2,were further,9.870058059692383,courtroom,1,further
1,into,11.359146118164062,courtroom,2,into
2,further into,6.393918037414551,courtroom,2,into
1,a,11.316549301147461,courtroom,3,a
2,just a,9.194709777832031,courtroom,3,a
4,would be just a,9.324594497680664,courtroom,3,a
1,be,11.872392654418945,courtroom,1,be
2,would be,9.17898941040039,courtroom,1,be
1,just,11.214090347290039,courtroom,2,just
2,be just,8.908220291137695,courtroom,2,just
1,"""Texas",9.414286613464355,courtroom,3,"""Texas"
2,"word ""Texas",9.751014709472656,courtroom,3,"""Texas"
4,"written the word ""Texas",4.08414363861084,courtroom,3,"""Texas"
1,word,10.319897651672363,courtroom,2,word
2,the word,6.5791850090026855,courtroom,2,word
1,the,12.734390258789062,courtroom,1,the
2,written the,11.139720916748047,courtroom,1,the
1,inconsistent,11.202112197875977,courtroom,3,inconsistent
2,prior inconsistent,5.153171539306641,courtroom,3,inconsistent
4,him with prior inconsistent,9.210643768310547,courtroom,3,inconsistent
1,with,11.736027717590332,courtroom,1,with
2,him with,8.373726844787598,courtroom,1,with
1,prior,9.924758911132812,courtroom,2,prior
2,with prior,10.917418479919434,courtroom,2,prior
1,driving,11.558492660522461,courtroom,3,driving
2,I'm driving,6.355531215667725,courtroom,3,driving
4,That's what I'm driving,5.021462917327881,courtroom,3,driving
1,I'm,7.25425910949707,courtroom,2,I'm
2,what I'm,5.672217845916748,courtroom,2,I'm
1,what,10.599081993103027,courtroom,1,what
2,That's what,6.331750392913818,courtroom,1,what
1,work,10.086380004882812,courtroom,3,work
2,a work,7.9308648109436035,courtroom,3,work
4,It was a work,3.4048104286193848,courtroom,3,work
1,a,11.316549301147461,courtroom,2,a
2,was a,11.245882987976074,courtroom,2,a
1,was,10.896289825439453,courtroom,1,was
2,It was,8.293855667114258,courtroom,1,was
1,E-000003.003225,8.806978225708008,courtroom,2,E-000003.003225
2,numbers E-000003.003225,8.97507095336914,courtroom,2,E-000003.003225
1,through,11.072386741638184,courtroom,3,through
2,E-000003.003225 through,9.133844375610352,courtroom,3,through
4,Bates numbers E-000003.003225 through,2.6933047771453857,courtroom,3,through
1,numbers,7.147903919219971,courtroom,1,numbers
2,Bates numbers,7.487771034240723,courtroom,1,numbers
1,main,11.415353775024414,courtroom,3,main
2,the main,10.313385009765625,courtroom,3,main
4,description of the main,9.300797462463379,courtroom,3,main
1,of,12.024920463562012,courtroom,1,of
2,description of,9.669952392578125,courtroom,1,of
1,the,12.734390258789062,courtroom,2,the
2,of the,12.293905258178711,courtroom,2,the
1,somewhere,6.299148082733154,courtroom,3,somewhere
2,up somewhere,5.422278881072998,courtroom,3,somewhere
4,It showed up somewhere,5.458648204803467,courtroom,3,somewhere
1,showed,7.834370136260986,courtroom,1,showed
2,It showed,6.004786968231201,courtroom,1,showed
1,up,10.697288513183594,courtroom,2,up
2,showed up,6.664667129516602,courtroom,2,up
1,day,10.5936279296875,courtroom,1,day
2,Which day,6.4775519371032715,courtroom,1,day
1,his,12.49317741394043,courtroom,3,his
2,of his,11.272171020507812,courtroom,3,his
4,Which day of his,7.552525043487549,courtroom,3,his
1,of,12.024920463562012,courtroom,2,of
2,day of,8.66797924041748,courtroom,2,of
1,where,11.376585006713867,courtroom,2,where
2,-- where,8.042458534240723,courtroom,2,where
1,I,11.117331504821777,courtroom,3,I
2,where I,7.463191032409668,courtroom,3,I
4,parked -- where I,7.183492660522461,courtroom,3,I
1,--,10.854382514953613,courtroom,1,--
2,parked --,10.300129890441895,courtroom,1,--
1,what,10.599081993103027,courtroom,1,what
2,"facility, what",7.266128063201904,courtroom,1,what
1,you,10.660537719726562,courtroom,3,you
2,did you,7.061986446380615,courtroom,3,you
4,"facility, what did you",5.120221138000488,courtroom,3,you
1,did,10.002723693847656,courtroom,2,did
2,what did,5.481139659881592,courtroom,2,did
1,tall,10.828960418701172,courtroom,1,tall
2,How tall,4.649880409240723,courtroom,1,tall
1,it,10.897254943847656,courtroom,3,it
2,was it,8.504231452941895,courtroom,3,it
4,How tall was it,4.919433116912842,courtroom,3,it
1,was,10.896289825439453,courtroom,2,was
2,tall was,9.78449535369873,courtroom,2,was
1,couldn't,6.892276763916016,courtroom,1,couldn't
2,I couldn't,6.765938758850098,courtroom,1,couldn't
1,remember,9.751459121704102,courtroom,2,remember
2,couldn't remember,6.790435791015625,courtroom,2,remember
1,where,11.376585006713867,courtroom,3,where
2,remember where,5.922419548034668,courtroom,3,where
4,I couldn't remember where,4.119950771331787,courtroom,3,where
1,was,10.896289825439453,courtroom,2,was
2,what was,6.962551116943359,courtroom,2,was
1,that,10.947566986083984,courtroom,3,that
2,was that,8.941490173339844,courtroom,3,that
4,And what was that,8.66338062286377,courtroom,3,that
1,what,10.599081993103027,courtroom,1,what
2,And what,5.899942398071289,courtroom,1,what
1,but,10.735779762268066,courtroom,1,but
2,ground but,8.74936294555664,courtroom,1,but
1,I'm,7.25425910949707,courtroom,2,I'm
2,but I'm,6.613962173461914,courtroom,2,I'm
1,not,10.92558479309082,courtroom,3,not
2,I'm not,6.414231300354004,courtroom,3,not
4,ground but I'm not,5.3300065994262695,courtroom,3,not
1,it,10.897254943847656,courtroom,2,it
2,think it,5.381387710571289,courtroom,2,it
1,might,10.476730346679688,courtroom,3,might
2,it might,5.361202716827393,courtroom,3,might
4,I think it might,3.1861608028411865,courtroom,3,might
1,think,9.863617897033691,courtroom,1,think
2,I think,5.887979984283447,courtroom,1,think
1,ridges,9.601800918579102,courtroom,2,ridges
2,had ridges,6.043136119842529,courtroom,2,ridges
1,had,11.16131591796875,courtroom,1,had
2,They had,8.211103439331055,courtroom,1,had
1,in,11.458725929260254,courtroom,3,in
2,ridges in,9.060355186462402,courtroom,3,in
4,They had ridges in,4.535640716552734,courtroom,3,in
1,empty,10.810466766357422,courtroom,1,empty
2,those empty,10.539752960205078,courtroom,1,empty
1,in,11.458725929260254,courtroom,3,in
2,bags in,8.749940872192383,courtroom,3,in
4,those empty bags in,5.563326835632324,courtroom,3,in
1,bags,9.409139633178711,courtroom,2,bags
2,empty bags,5.350790023803711,courtroom,2,bags
1,was,10.896289825439453,courtroom,3,was
2,that was,8.553487777709961,courtroom,3,was
4,"Yeah, but that was",7.7504472732543945,courtroom,3,was
1,but,10.735779762268066,courtroom,1,but
2,"Yeah, but",6.454250812530518,courtroom,1,but
1,that,10.947566986083984,courtroom,2,that
2,but that,6.69563102722168,courtroom,2,that
1,just,11.214090347290039,courtroom,2,just
2,I just,6.858152866363525,courtroom,2,just
1,I,11.117331504821777,courtroom,1,I
2,But I,6.319697380065918,courtroom,1,I
1,wanted,6.8278961181640625,courtroom,3,wanted
2,just wanted,3.1559066772460938,courtroom,3,wanted
4,But I just wanted,1.2204316854476929,courtroom,3,wanted
1,see,10.684712409973145,courtroom,2,see
2,you see,6.7522711753845215,courtroom,2,see
1,this,10.959673881530762,courtroom,3,this
2,see this,9.342989921569824,courtroom,3,this
4,do you see this,8.370924949645996,courtroom,3,this
1,you,10.660537719726562,courtroom,1,you
2,do you,5.67453145980835,courtroom,1,you
1,was,10.896289825439453,courtroom,1,was
2,It was,8.293855667114258,courtroom,1,was
1,a,11.316549301147461,courtroom,2,a
2,was a,11.245882987976074,courtroom,2,a
1,different,11.98682975769043,courtroom,3,different
2,a different,9.673894882202148,courtroom,3,different
4,It was a different,8.1480073928833,courtroom,3,different
1,stored,9.03416633605957,courtroom,3,stored
2,was stored,3.7607100009918213,courtroom,3,stored
4,Finished product was stored,3.5025851726531982,courtroom,3,stored
1,product,10.50231647491455,courtroom,1,product
2,Finished product,6.7123870849609375,courtroom,1,product
1,was,10.896289825439453,courtroom,2,was
2,product was,9.321601867675781,courtroom,2,was
1,they,10.613469123840332,courtroom,3,they
2,remember they,6.752595901489258,courtroom,3,they
4,Do you remember they,6.9277167320251465,courtroom,3,they
1,you,10.660537719726562,courtroom,1,you
2,Do you,5.721115589141846,courtroom,1,you
1,remember,9.751459121704102,courtroom,2,remember
2,you remember,6.299363136291504,courtroom,2,remember
1,was,10.896289825439453,courtroom,3,was
2,what was,6.962551116943359,courtroom,3,was
4,I knew what was,3.609569549560547,courtroom,3,was
1,what,10.599081993103027,courtroom,2,what
2,knew what,6.448512554168701,courtroom,2,what
1,knew,8.216919898986816,courtroom,1,knew
2,I knew,5.809624671936035,courtroom,1,knew
1,mixed,9.538619995117188,courtroom,3,mixed
2,never mixed,6.994421005249023,courtroom,3,mixed
4,and we never mixed,6.333237648010254,courtroom,3,mixed
1,never,11.493278503417969,courtroom,2,never
2,we never,7.948486328125,courtroom,2,never
1,we,11.5739107131958,courtroom,1,we
2,and we,6.623398303985596,courtroom,1,we
1,are,11.507725715637207,courtroom,2,are
2,you are,9.113188743591309,courtroom,2,are
1,you,10.660537719726562,courtroom,1,you
2,And you,5.847406387329102,courtroom,1,you
1,an,11.774314880371094,courtroom,3,an
2,are an,10.420233726501465,courtroom,3,an
4,And you are an,9.304883003234863,courtroom,3,an
1,my,12.444364547729492,courtroom,3,my
2,of my,10.557360649108887,courtroom,3,my
4,accurate transcription of my,9.981794357299805,courtroom,3,my
1,transcription,7.515316486358643,courtroom,1,transcription
2,accurate transcription,4.989518642425537,courtroom,1,transcription
1,of,12.024920463562012,courtroom,2,of
2,transcription of,9.912222862243652,courtroom,2,of
1,I,11.117331504821777,courtroom,2,I
2,that I,6.800164699554443,courtroom,2,I
1,can,10.825804710388184,courtroom,3,can
2,I can,5.415952682495117,courtroom,3,can
4,Not that I can,6.765560626983643,courtroom,3,can
1,that,10.947566986083984,courtroom,1,that
2,Not that,7.867734909057617,courtroom,1,that
1,No.,8.61133861541748,courtroom,3,No.
2,area No.,8.364791870117188,courtroom,3,No.
4,"previously ""Process area No.",6.3685197830200195,courtroom,3,No.
1,"""Process",7.917137145996094,courtroom,1,"""Process"
2,"previously ""Process",7.898150444030762,courtroom,1,"""Process"
1,area,10.593823432922363,courtroom,2,area
2,"""Process area",6.380259990692139,courtroom,2,area
1,building,10.376143455505371,courtroom,2,building
2,another building,6.637880325317383,courtroom,2,building
1,replaced,8.99793529510498,courtroom,3,replaced
2,building replaced,6.393604755401611,courtroom,3,replaced
4,then another building replaced,4.182778358459473,courtroom,3,replaced
1,another,11.492477416992188,courtroom,1,another
2,then another,10.781244277954102,courtroom,1,another
1,have,10.692431449890137,courtroom,1,have
2,I have,7.546214580535889,courtroom,1,have
1,couple,9.054174423217773,courtroom,3,couple
2,a couple,5.7184343338012695,courtroom,3,couple
4,I have a couple,4.416642189025879,courtroom,3,couple
1,a,11.316549301147461,courtroom,2,a
2,have a,10.886540412902832,courtroom,2,a
1,feed,11.01010513305664,courtroom,1,feed
2,would feed,7.348722457885742,courtroom,1,feed
1,that,10.947566986083984,courtroom,3,that
2,along that,10.467514991760254,courtroom,3,that
4,would feed along that,9.112226486206055,courtroom,3,that
1,along,9.855757713317871,courtroom,2,along
2,feed along,5.198905944824219,courtroom,2,along
1,off,10.427752494812012,courtroom,3,off
2,washed off,6.434861660003662,courtroom,3,off
4,When you washed off,4.6006975173950195,courtroom,3,off
1,washed,10.444775581359863,courtroom,2,washed
2,you washed,5.321229457855225,courtroom,2,washed
1,you,10.660537719726562,courtroom,1,you
2,When you,7.421469211578369,courtroom,1,you
1,tanks,7.931211948394775,courtroom,1,tanks
2,the tanks,6.9001970291137695,courtroom,1,tanks
1,or,11.46521282196045,courtroom,2,or
2,tanks or,11.894670486450195,courtroom,2,or
1,the,12.734390258789062,courtroom,3,the
2,or the,12.810173034667969,courtroom,3,the
4,the tanks or the,11.229466438293457,courtroom,3,the
1,me,10.572490692138672,courtroom,1,me
2,Let me,6.839850902557373,courtroom,1,me
1,know,10.400792121887207,courtroom,2,know
2,me know,6.293372631072998,courtroom,2,know
1,when,10.965540885925293,courtroom,3,when
2,know when,6.680232524871826,courtroom,3,when
4,Let me know when,3.1483967304229736,courtroom,3,when
1,to,11.301959037780762,courtroom,2,to
2,promise to,9.746431350708008,courtroom,2,to
1,promise,8.30083179473877,courtroom,1,promise
2,I promise,4.757905960083008,courtroom,1,promise
1,be,11.872392654418945,courtroom,3,be
2,to be,10.100297927856445,courtroom,3,be
4,I promise to be,7.514625549316406,courtroom,3,be
1,out,10.346115112304688,courtroom,1,out
2,wash out,7.381897449493408,courtroom,1,out
1,the,12.734390258789062,courtroom,3,the
2,of the,12.293905258178711,courtroom,3,the
4,wash out of the,11.165542602539062,courtroom,3,the
1,of,12.024920463562012,courtroom,2,of
2,out of,10.487857818603516,courtroom,2,of
1,figure,10.53361701965332,courtroom,2,figure
2,to figure,1.8080490827560425,courtroom,2,figure
1,out,10.346115112304688,courtroom,3,out
2,figure out,6.112645149230957,courtroom,3,out
4,do to figure out,4.0821099281311035,courtroom,3,out
1,to,11.301959037780762,courtroom,1,to
2,do to,10.246230125427246,courtroom,1,to
1,Street,10.88773250579834,courtroom,2,Street
2,Smith Street,6.282095909118652,courtroom,2,Street
1,is,11.129858016967773,courtroom,3,is
2,Street is,8.847885131835938,courtroom,3,is
4,from Smith Street is,8.673728942871094,courtroom,3,is
1,Smith,10.416609764099121,courtroom,1,Smith
2,from Smith,6.360959053039551,courtroom,1,Smith
1,the,12.734390258789062,courtroom,2,the
2,of the,12.293905258178711,courtroom,2,the
1,of,12.024920463562012,courtroom,1,of
2,-- of,9.34009075164795,courtroom,1,of
1,main,11.415353775024414,courtroom,3,main
2,the main,10.313385009765625,courtroom,3,main
4,-- of the main,11.232635498046875,courtroom,3,main
1,were,11.316572189331055,courtroom,3,were
2,they were,10.10306167602539,courtroom,3,were
4,area where they were,9.009825706481934,courtroom,3,were
1,they,10.613469123840332,courtroom,2,they
2,where they,7.527608394622803,courtroom,2,they
1,where,11.376585006713867,courtroom,1,where
2,area where,7.659531116485596,courtroom,1,where
1,best,11.61880111694336,courtroom,3,best
2,your best,8.638854026794434,courtroom,3,best
4,"Metro-Atlantic, to your best",7.129662990570068,courtroom,3,best
1,your,12.634740829467773,courtroom,2,your
2,to your,11.106012344360352,courtroom,2,your
1,to,11.301959037780762,courtroom,1,to
2,"Metro-Atlantic, to",9.375134468078613,courtroom,1,to
1,were,11.316572189331055,courtroom,3,were
2,who were,9.979997634887695,courtroom,3,were
4,""" ... who were",10.337905883789062,courtroom,3,were
1,...,10.762506484985352,courtroom,1,...
2,""" ...",9.744959831237793,courtroom,1,...
1,who,11.222349166870117,courtroom,2,who
2,... who,8.280022621154785,courtroom,2,who
1,don't,7.345463752746582,courtroom,1,don't
2,I don't,4.23712158203125,courtroom,1,don't
1,know,10.400792121887207,courtroom,2,know
2,don't know,5.081944465637207,courtroom,2,know
1,for,11.576336860656738,courtroom,3,for
2,know for,8.90060806274414,courtroom,3,for
4,I don't know for,1.1650747060775757,courtroom,3,for
1,be,11.872392654418945,courtroom,2,be
2,should be,9.865177154541016,courtroom,2,be
1,at,11.502521514892578,courtroom,3,at
2,be at,9.273920059204102,courtroom,3,at
4,It should be at,2.438279628753662,courtroom,3,at
1,should,10.274287223815918,courtroom,1,should
2,It should,4.193321704864502,courtroom,1,should
1,you,10.660537719726562,courtroom,1,you
2,And you,5.847406387329102,courtroom,1,you
1,your,12.634740829467773,courtroom,3,your
2,gave your,10.88066291809082,courtroom,3,your
4,And you gave your,9.384647369384766,courtroom,3,your
1,gave,8.940855979919434,courtroom,2,gave
2,you gave,5.437740802764893,courtroom,2,gave
1,the,12.734390258789062,courtroom,2,the
2,was the,9.750276565551758,courtroom,2,the
1,was,10.896289825439453,courtroom,1,was
2,One was,9.358733177185059,courtroom,1,was
1,maintenance,8.15251350402832,courtroom,3,maintenance
2,the maintenance,5.209220886230469,courtroom,3,maintenance
4,One was the maintenance,7.10894775390625,courtroom,3,maintenance
1,Island,9.100333213806152,courtroom,1,Island
2,Rhode Island,7.757541656494141,courtroom,1,Island
1,Hospital,8.212343215942383,courtroom,2,Hospital
2,Island Hospital,6.971747875213623,courtroom,2,Hospital
1,is,11.129858016967773,courtroom,3,is
2,Hospital is,8.738381385803223,courtroom,3,is
4,Rhode Island Hospital is,8.386635780334473,courtroom,3,is
1,complete,11.300891876220703,courtroom,3,complete
2,that complete,9.823941230773926,courtroom,3,complete
4,"Now, does that complete",4.32855224609375,courtroom,3,complete
1,that,10.947566986083984,courtroom,2,that
2,does that,6.767916679382324,courtroom,2,that
1,does,9.734188079833984,courtroom,1,does
2,"Now, does",6.316184997558594,courtroom,1,does
1,say,9.818024635314941,courtroom,1,say
2,couldn't say,6.540835380554199,courtroom,1,say
1,for,11.576336860656738,courtroom,2,for
2,say for,9.578156471252441,courtroom,2,for
1,a,11.316549301147461,courtroom,3,a
2,for a,10.343778610229492,courtroom,3,a
4,couldn't say for a,4.772170543670654,courtroom,3,a
1,trapezoidal,10.671051025390625,courtroom,2,trapezoidal
2,the trapezoidal,10.020185470581055,courtroom,2,trapezoidal
1,building,10.376143455505371,courtroom,3,building
2,trapezoidal building,4.980157852172852,courtroom,3,building
4,And the trapezoidal building,6.442707061767578,courtroom,3,building
1,the,12.734390258789062,courtroom,1,the
2,And the,12.006749153137207,courtroom,1,the
1,that,10.947566986083984,courtroom,3,that
2,noticed that,8.534168243408203,courtroom,3,that
4,I just noticed that,7.49334716796875,courtroom,3,that
1,just,11.214090347290039,courtroom,1,just
2,I just,6.858152866363525,courtroom,1,just
1,noticed,10.445326805114746,courtroom,2,noticed
2,just noticed,5.516704559326172,courtroom,2,noticed
1,me,10.572490692138672,courtroom,1,me
2,Let me,6.839850902557373,courtroom,1,me
1,see,10.684712409973145,courtroom,2,see
2,me see,7.570955276489258,courtroom,2,see
1,"that,",7.383519172668457,courtroom,3,"that,"
2,"see that,",8.134528160095215,courtroom,3,"that,"
4,"Let me see that,",9.205135345458984,courtroom,3,"that,"
1,"remember,",8.159923553466797,courtroom,2,"remember,"
2,"can remember,",8.419418334960938,courtroom,2,"remember,"
1,by,11.555146217346191,courtroom,3,by
2,"remember, by",7.251307964324951,courtroom,3,by
4,"I can remember, by",5.119380950927734,courtroom,3,by
1,can,10.825804710388184,courtroom,1,can
2,I can,5.415952682495117,courtroom,1,can
1,would,10.050649642944336,courtroom,1,would
2,I would,6.116856098175049,courtroom,1,would
1,think,9.863617897033691,courtroom,2,think
2,would think,6.279688835144043,courtroom,2,think
1,that's,6.693538665771484,courtroom,3,that's
2,think that's,6.933109760284424,courtroom,3,that's
4,I would think that's,6.753720760345459,courtroom,3,that's
1,then,11.280230522155762,courtroom,1,then
2,and then,10.076716423034668,courtroom,1,then
1,picked,10.75144100189209,courtroom,3,picked
2,later picked,3.6932926177978516,courtroom,3,picked
4,and then later picked,1.7605371475219727,courtroom,3,picked
1,later,10.659043312072754,courtroom,2,later
2,then later,8.275754928588867,courtroom,2,later
1,have,10.692431449890137,courtroom,2,have
2,you have,7.3626508712768555,courtroom,2,have
1,you,10.660537719726562,courtroom,1,you
2,don't you,5.188347339630127,courtroom,1,you
1,a,11.316549301147461,courtroom,3,a
2,have a,10.886540412902832,courtroom,3,a
4,don't you have a,9.947308540344238,courtroom,3,a
1,finish,10.293639183044434,courtroom,3,finish
2,just finish,6.948845863342285,courtroom,3,finish
4,Let me just finish,5.214150905609131,courtroom,3,finish
1,me,10.572490692138672,courtroom,1,me
2,Let me,6.839850902557373,courtroom,1,me
1,just,11.214090347290039,courtroom,2,just
2,me just,9.173125267028809,courtroom,2,just
1,also,10.951159477233887,courtroom,2,also
2,was also,9.025259971618652,courtroom,2,also
1,was,10.896289825439453,courtroom,1,was
2,That was,7.756771087646484,courtroom,1,was
1,the,12.734390258789062,courtroom,3,the
2,also the,11.41319751739502,courtroom,3,the
4,That was also the,7.024094581604004,courtroom,3,the
1,word,10.319897651672363,courtroom,1,word
2,The word,7.193343639373779,courtroom,1,word
1,"""Office""",8.61730670928955,courtroom,2,"""Office"""
2,"word ""Office""",9.145995140075684,courtroom,2,"""Office"""
1,appears,5.116947174072266,courtroom,3,appears
2,"""Office"" appears",4.441166877746582,courtroom,3,appears
4,"The word ""Office"" appears",6.101954460144043,courtroom,3,appears
1,that,10.947566986083984,courtroom,3,that
2,was that,8.941490173339844,courtroom,3,that
4,And what was that,8.66338062286377,courtroom,3,that
1,what,10.599081993103027,courtroom,1,what
2,And what,5.899942398071289,courtroom,1,what
1,was,10.896289825439453,courtroom,2,was
2,what was,6.962551116943359,courtroom,2,was
1,from,11.629947662353516,courtroom,3,from
2,graduated from,9.05952262878418,courtroom,3,from
4,When you graduated from,5.974050521850586,courtroom,3,from
1,graduated,8.293158531188965,courtroom,2,graduated
2,you graduated,4.167056560516357,courtroom,2,graduated
1,you,10.660537719726562,courtroom,1,you
2,When you,7.421469211578369,courtroom,1,you
1,of,12.024920463562012,courtroom,2,of
2,date of,9.091936111450195,courtroom,2,of
1,date,10.172828674316406,courtroom,1,date
2,Which date,6.959044456481934,courtroom,1,date
1,his,12.49317741394043,courtroom,3,his
2,of his,11.272171020507812,courtroom,3,his
4,Which date of his,5.84632682800293,courtroom,3,his
1,sold,10.884461402893066,courtroom,1,sold
2,were sold,5.079660892486572,courtroom,1,sold
1,to,11.301959037780762,courtroom,2,to
2,sold to,10.358336448669434,courtroom,2,to
1,state,11.180764198303223,courtroom,3,state
2,to state,5.868468761444092,courtroom,3,state
4,were sold to state,6.618408679962158,courtroom,3,state
1,the,12.734390258789062,courtroom,3,the
2,that's the,9.5038480758667,courtroom,3,the
4,I'm guessing that's the,8.515185356140137,courtroom,3,the
1,guessing,7.04457950592041,courtroom,1,guessing
2,I'm guessing,5.675169467926025,courtroom,1,guessing
1,that's,6.693538665771484,courtroom,2,that's
2,guessing that's,6.620708465576172,courtroom,2,that's
1,hexachlorophene,6.738622188568115,courtroom,2,hexachlorophene
2,time hexachlorophene,8.067374229431152,courtroom,2,hexachlorophene
1,time,10.924384117126465,courtroom,1,time
2,approximate time,6.101866245269775,courtroom,1,time
1,was,10.896289825439453,courtroom,3,was
2,hexachlorophene was,7.29473876953125,courtroom,3,was
4,approximate time hexachlorophene was,7.680728435516357,courtroom,3,was
1,it's,9.313949584960938,courtroom,2,it's
2,think it's,7.924493312835693,courtroom,2,it's
1,think,9.863617897033691,courtroom,1,think
2,I think,5.887979984283447,courtroom,1,think
1,Exhibit,7.8455915451049805,courtroom,3,Exhibit
2,it's Exhibit,3.4904887676239014,courtroom,3,Exhibit
4,I think it's Exhibit,1.7082747220993042,courtroom,3,Exhibit
1,do,10.671449661254883,courtroom,1,do
2,"Now, do",4.415030002593994,courtroom,1,do
1,you,10.660537719726562,courtroom,2,you
2,do you,5.67453145980835,courtroom,2,you
1,recall,9.789066314697266,courtroom,3,recall
2,you recall,6.171844005584717,courtroom,3,recall
4,"Now, do you recall",5.997507572174072,courtroom,3,recall
1,that,10.947566986083984,courtroom,3,that
2,give that,9.193068504333496,courtroom,3,that
4,Did you give that,7.625706195831299,courtroom,3,that
1,you,10.660537719726562,courtroom,1,you
2,Did you,6.972372531890869,courtroom,1,you
1,give,10.711256980895996,courtroom,2,give
2,you give,5.528259754180908,courtroom,2,give
1,Resources,8.718728065490723,courtroom,3,Resources
2,Natural Resources,7.5400543212890625,courtroom,3,Resources
4,Environment and Natural Resources,7.1663594245910645,courtroom,3,Resources
1,and,11.574933052062988,courtroom,1,and
2,Environment and,8.982254981994629,courtroom,1,and
1,Natural,11.80562973022461,courtroom,2,Natural
2,and Natural,9.594062805175781,courtroom,2,Natural
1,can,10.825804710388184,courtroom,1,can
2,We can,6.885356903076172,courtroom,1,can
1,argue,9.638875007629395,courtroom,2,argue
2,can argue,3.94767427444458,courtroom,2,argue
1,some,11.931933403015137,courtroom,3,some
2,argue some,9.999895095825195,courtroom,3,some
4,We can argue some,7.112253189086914,courtroom,3,some
1,a,11.316549301147461,courtroom,3,a
2,just a,9.194709777832031,courtroom,3,a
4,It was just a,9.360727310180664,courtroom,3,a
1,was,10.896289825439453,courtroom,1,was
2,It was,8.293855667114258,courtroom,1,was
1,just,11.214090347290039,courtroom,2,just
2,was just,7.816351413726807,courtroom,2,just
1,at,11.502521514892578,courtroom,1,at
2,And at,5.746187210083008,courtroom,1,at
1,that,10.947566986083984,courtroom,2,that
2,at that,9.758613586425781,courtroom,2,that
1,time,10.924384117126465,courtroom,3,time
2,that time,6.794895172119141,courtroom,3,time
4,And at that time,5.308966636657715,courtroom,3,time
1,remember,9.751459121704102,courtroom,2,remember
2,you remember,6.299363136291504,courtroom,2,remember
1,you,10.660537719726562,courtroom,1,you
2,Do you,5.721115589141846,courtroom,1,you
1,storage,10.471068382263184,courtroom,3,storage
2,remember storage,7.8561015129089355,courtroom,3,storage
4,Do you remember storage,7.754204273223877,courtroom,3,storage
1,sure,10.030720710754395,courtroom,3,sure
2,not sure,4.483172416687012,courtroom,3,sure
4,That I'm not sure,5.018956661224365,courtroom,3,sure
1,not,10.92558479309082,courtroom,2,not
2,I'm not,6.414231300354004,courtroom,2,not
1,I'm,7.25425910949707,courtroom,1,I'm
2,That I'm,7.059979438781738,courtroom,1,I'm
1,Ferroli,9.401937484741211,courtroom,3,Ferroli
2,John Ferroli,5.485551357269287,courtroom,3,Ferroli
4,This is John Ferroli,3.834181070327759,courtroom,3,Ferroli
1,John,10.982812881469727,courtroom,2,John
2,is John,10.197935104370117,courtroom,2,John
1,is,11.129858016967773,courtroom,1,is
2,This is,6.711753845214844,courtroom,1,is
1,and,11.574933052062988,courtroom,3,and
2,July and,9.665486335754395,courtroom,3,and
4,"of June, July and",0.732333242893219,courtroom,3,and
1,July,9.861992835998535,courtroom,2,July
2,"June, July",5.482117652893066,courtroom,2,July
1,"June,",8.831873893737793,courtroom,1,"June,"
2,"of June,",8.885115623474121,courtroom,1,"June,"
1,to,11.301959037780762,courtroom,3,to
2,like to,10.026898384094238,courtroom,3,to
4,"Well, I'd like to",6.9820475578308105,courtroom,3,to
1,I'd,5.353448390960693,courtroom,1,I'd
2,"Well, I'd",5.230629920959473,courtroom,1,I'd
1,like,11.612746238708496,courtroom,2,like
2,I'd like,1.216470718383789,courtroom,2,like
1,for,11.576336860656738,courtroom,1,for
2,down for,9.888867378234863,courtroom,1,for
1,time,10.924384117126465,courtroom,3,time
2,the time,6.469259262084961,courtroom,3,time
4,down for the time,0.349345326423645,courtroom,3,time
1,the,12.734390258789062,courtroom,2,the
2,for the,10.603531837463379,courtroom,2,the
1,this,10.959673881530762,courtroom,2,this
2,read this,8.626410484313965,courtroom,2,this
1,as,11.068653106689453,courtroom,3,as
2,this as,8.38137435913086,courtroom,3,as
4,I read this as,6.318916320800781,courtroom,3,as
1,read,10.640660285949707,courtroom,1,read
2,I read,6.687819004058838,courtroom,1,read
1,let's,12.534488677978516,courtroom,2,let's
2,"--well, let's",5.822972297668457,courtroom,2,let's
1,"--well,",7.348434925079346,courtroom,1,"--well,"
2,"school --well,",7.79182243347168,courtroom,1,"--well,"
1,back,10.862462043762207,courtroom,3,back
2,let's back,7.329127788543701,courtroom,3,back
4,"school --well, let's back",2.441884994506836,courtroom,3,back
1,it,10.897254943847656,courtroom,2,it
2,think it,5.381387710571289,courtroom,2,it
1,think,9.863617897033691,courtroom,1,think
2,I think,5.887979984283447,courtroom,1,think
1,might,10.476730346679688,courtroom,3,might
2,it might,5.361202716827393,courtroom,3,might
4,I think it might,3.1861608028411865,courtroom,3,might
1,water,11.01176643371582,courtroom,1,water
2,the water,8.202545166015625,courtroom,1,water
1,the,12.734390258789062,courtroom,3,the
2,outside the,11.888443946838379,courtroom,3,the
4,the water outside the,10.069695472717285,courtroom,3,the
1,outside,10.25705623626709,courtroom,2,outside
2,water outside,6.45277214050293,courtroom,2,outside
1,of,12.024920463562012,courtroom,3,of
2,Department of,6.581630706787109,courtroom,3,of
4,from the Department of,5.217719078063965,courtroom,3,of
1,Department,9.836235046386719,courtroom,2,Department
2,the Department,1.1183462142944336,courtroom,2,Department
1,the,12.734390258789062,courtroom,1,the
2,from the,12.40151309967041,courtroom,1,the
1,they,10.613469123840332,courtroom,3,they
2,think they,5.963481903076172,courtroom,3,they
4,and I think they,6.165637969970703,courtroom,3,they
1,I,11.117331504821777,courtroom,1,I
2,and I,6.904555797576904,courtroom,1,I
1,think,9.863617897033691,courtroom,2,think
2,I think,5.887979984283447,courtroom,2,think
1,drums,8.221752166748047,courtroom,3,drums
2,tight drums,5.10294246673584,courtroom,3,drums
4,today about tight drums,5.109886646270752,courtroom,3,drums
1,about,11.107869148254395,courtroom,1,about
2,today about,8.931134223937988,courtroom,1,about
1,tight,11.193719863891602,courtroom,2,tight
2,about tight,9.793594360351562,courtroom,2,tight
1,the,12.734390258789062,courtroom,3,the
2,of the,12.293905258178711,courtroom,3,the
4,left side of the,10.571853637695312,courtroom,3,the
1,side,10.695328712463379,courtroom,1,side
2,left side,5.0554399490356445,courtroom,1,side
1,of,12.024920463562012,courtroom,2,of
2,side of,7.3907952308654785,courtroom,2,of
1,you,10.660537719726562,courtroom,2,you
2,when you,7.518013954162598,courtroom,2,you
1,when,10.965540885925293,courtroom,1,when
2,ago when,6.646478176116943,courtroom,1,when
1,didn't,6.80245304107666,courtroom,3,didn't
2,you didn't,6.780790328979492,courtroom,3,didn't
4,ago when you didn't,6.12078332901001,courtroom,3,didn't
1,your,12.634740829467773,courtroom,1,your
2,And your,11.500468254089355,courtroom,1,your
1,regarding,8.691839218139648,courtroom,3,regarding
2,observations regarding,9.133904457092285,courtroom,3,regarding
4,And your observations regarding,8.164827346801758,courtroom,3,regarding
1,observations,7.823944091796875,courtroom,2,observations
2,your observations,6.175312519073486,courtroom,2,observations
1,for,11.576336860656738,courtroom,2,for
2,you for,9.322333335876465,courtroom,2,for
1,you,10.660537719726562,courtroom,1,you
2,Thank you,4.041323661804199,courtroom,1,you
1,coming,10.756954193115234,courtroom,3,coming
2,for coming,7.476323127746582,courtroom,3,coming
4,Thank you for coming,4.908488750457764,courtroom,3,coming
1,you,10.660537719726562,courtroom,1,you
2,When you,7.421469211578369,courtroom,1,you
1,worked,9.954773902893066,courtroom,2,worked
2,you worked,5.275872230529785,courtroom,2,worked
1,for,11.576336860656738,courtroom,3,for
2,worked for,9.612269401550293,courtroom,3,for
4,When you worked for,8.895984649658203,courtroom,3,for
1,go,10.900910377502441,courtroom,3,go
2,it go,8.641092300415039,courtroom,3,go
4,I saw it go,5.8432769775390625,courtroom,3,go
1,saw,10.641938209533691,courtroom,1,saw
2,I saw,7.351454257965088,courtroom,1,saw
1,it,10.897254943847656,courtroom,2,it
2,saw it,6.953642845153809,courtroom,2,it
1,"record,",10.35909652709961,courtroom,3,"record,"
2,"the record,",8.973957061767578,courtroom,3,"record,"
4,"Just for the record,",7.042324542999268,courtroom,3,"record,"
1,the,12.734390258789062,courtroom,2,the
2,for the,10.603531837463379,courtroom,2,the
1,for,11.576336860656738,courtroom,1,for
2,Just for,7.873124122619629,courtroom,1,for
1,"area,",10.966259002685547,courtroom,3,"area,"
2,"that area,",8.774154663085938,courtroom,3,"area,"
4,"Somewhere in that area,",8.307173728942871,courtroom,3,"area,"
1,that,10.947566986083984,courtroom,2,that
2,in that,9.856125831604004,courtroom,2,that
1,in,11.458725929260254,courtroom,1,in
2,Somewhere in,6.394184589385986,courtroom,1,in
1,that,10.947566986083984,courtroom,3,that
2,of that,10.360599517822266,courtroom,3,that
4,The end of that,9.626526832580566,courtroom,3,that
1,end,10.93889045715332,courtroom,1,end
2,The end,4.125611305236816,courtroom,1,end
1,of,12.024920463562012,courtroom,2,of
2,end of,9.070483207702637,courtroom,2,of
1,note,10.005132675170898,courtroom,2,note
2,you'll note,3.4685006141662598,courtroom,2,note
1,you'll,5.865846157073975,courtroom,1,you'll
2,And you'll,5.737588405609131,courtroom,1,you'll
1,the,12.734390258789062,courtroom,3,the
2,note the,11.40401554107666,courtroom,3,the
4,And you'll note the,11.512145042419434,courtroom,3,the
1,it,10.897254943847656,courtroom,2,it
2,did it,7.922528266906738,courtroom,2,it
1,did,10.002723693847656,courtroom,1,did
2,How did,4.845237731933594,courtroom,1,did
1,look,10.315814971923828,courtroom,3,look
2,it look,6.801806449890137,courtroom,3,look
4,How did it look,2.1454215049743652,courtroom,3,look
1,a,11.316549301147461,courtroom,3,a
2,make a,10.652064323425293,courtroom,3,a
4,Could you make a,10.4097261428833,courtroom,3,a
1,make,10.938591003417969,courtroom,2,make
2,you make,7.075860977172852,courtroom,2,make
1,you,10.660537719726562,courtroom,1,you
2,Could you,7.2938618659973145,courtroom,1,you
1,are,11.507725715637207,courtroom,1,are
2,You are,8.48275089263916,courtroom,1,are
1,a,11.316549301147461,courtroom,3,a
2,not a,10.634411811828613,courtroom,3,a
4,You are not a,10.459915161132812,courtroom,3,a
1,not,10.92558479309082,courtroom,2,not
2,are not,9.823641777038574,courtroom,2,not
1,of,12.024920463562012,courtroom,2,of
2,outside of,8.250847816467285,courtroom,2,of
1,outside,10.25705623626709,courtroom,1,outside
2,area outside,5.690857887268066,courtroom,1,outside
1,the,12.734390258789062,courtroom,3,the
2,of the,12.293905258178711,courtroom,3,the
4,area outside of the,11.036407470703125,courtroom,3,the
1,is,11.129858016967773,courtroom,2,is
2,there is,5.1836724281311035,courtroom,2,is
1,an,11.774314880371094,courtroom,3,an
2,is an,10.23307991027832,courtroom,3,an
4,"Now, there is an",8.658764839172363,courtroom,3,an
1,there,9.811803817749023,courtroom,1,there
2,"Now, there",2.984790563583374,courtroom,1,there
1,found,11.049341201782227,courtroom,2,found
2,haven't found,5.921370983123779,courtroom,2,found
1,haven't,8.32089900970459,courtroom,1,haven't
2,I haven't,6.375743865966797,courtroom,1,haven't
1,it,10.897254943847656,courtroom,3,it
2,found it,8.306119918823242,courtroom,3,it
4,I haven't found it,5.757291793823242,courtroom,3,it
1,went,10.454033851623535,courtroom,3,went
2,it went,5.986276626586914,courtroom,3,went
4,I know it went,6.135177135467529,courtroom,3,went
1,know,10.400792121887207,courtroom,1,know
2,I know,5.813540458679199,courtroom,1,know
1,it,10.897254943847656,courtroom,2,it
2,know it,6.331066131591797,courtroom,2,it
1,work,10.086380004882812,courtroom,3,work
2,general work,6.946131706237793,courtroom,3,work
4,just a general work,7.354895114898682,courtroom,3,work
1,a,11.316549301147461,courtroom,1,a
2,just a,9.194709777832031,courtroom,1,a
1,general,10.964801788330078,courtroom,2,general
2,a general,9.38348388671875,courtroom,2,general
1,that,10.947566986083984,courtroom,3,that
2,material that,8.674407005310059,courtroom,3,that
4,And the material that,7.927916526794434,courtroom,3,that
1,material,11.256906509399414,courtroom,2,material
2,the material,7.6695756912231445,courtroom,2,material
1,the,12.734390258789062,courtroom,1,the
2,And the,12.006749153137207,courtroom,1,the
1,weren't,8.807559967041016,courtroom,1,weren't
2,They weren't,9.483495712280273,courtroom,1,weren't
1,each,11.865388870239258,courtroom,3,each
2,touching each,2.5912652015686035,courtroom,3,each
4,They weren't touching each,0.14118297398090363,courtroom,3,each
1,touching,9.070046424865723,courtroom,2,touching
2,weren't touching,6.511411666870117,courtroom,2,touching
1,do,10.671449661254883,courtroom,1,do
2,Let's do,4.099058151245117,courtroom,1,do
1,this,10.959673881530762,courtroom,3,this
2,it this,9.931024551391602,courtroom,3,this
4,Let's do it this,1.5874325037002563,courtroom,3,this
1,it,10.897254943847656,courtroom,2,it
2,do it,7.040089130401611,courtroom,2,it
1,what,10.599081993103027,courtroom,2,what
2,know what,6.800109386444092,courtroom,2,what
1,know,10.400792121887207,courtroom,1,know
2,you know,4.4257073402404785,courtroom,1,know
1,that,10.947566986083984,courtroom,3,that
2,what that,6.641568660736084,courtroom,3,that
4,you know what that,2.9413259029388428,courtroom,3,that
1,"too,",9.288590431213379,courtroom,1,"too,"
2,"connection too,",7.63397741317749,courtroom,1,"too,"
1,by,11.555146217346191,courtroom,2,by
2,"too, by",8.408940315246582,courtroom,2,by
1,the,12.734390258789062,courtroom,3,the
2,by the,12.546070098876953,courtroom,3,the
4,"connection too, by the",4.734269142150879,courtroom,3,the
1,read,10.640660285949707,courtroom,2,read
2,quite read,7.281743049621582,courtroom,2,read
1,quite,10.716017723083496,courtroom,1,quite
2,can't quite,6.815252304077148,courtroom,1,quite
1,that,10.947566986083984,courtroom,3,that
2,read that,9.150980949401855,courtroom,3,that
4,can't quite read that,7.470108509063721,courtroom,3,that
1,don't,7.345463752746582,courtroom,3,don't
2,I don't,4.23712158203125,courtroom,3,don't
4,"Hell, no, I don't",4.894307613372803,courtroom,3,don't
1,I,11.117331504821777,courtroom,2,I
2,"no, I",6.557363033294678,courtroom,2,I
1,"no,",10.201715469360352,courtroom,1,"no,"
2,"Hell, no,",6.679033279418945,courtroom,1,"no,"
1,a,11.316549301147461,courtroom,2,a
2,have a,10.886540412902832,courtroom,2,a
1,have,10.692431449890137,courtroom,1,have
2,I have,7.546214580535889,courtroom,1,have
1,pink,10.61050796508789,courtroom,3,pink
2,a pink,10.193903923034668,courtroom,3,pink
4,I have a pink,9.798683166503906,courtroom,3,pink
1,sold,10.884461402893066,courtroom,3,sold
2,also sold,5.65463924407959,courtroom,3,sold
4,They were also sold,5.7855048179626465,courtroom,3,sold
1,were,11.316572189331055,courtroom,1,were
2,They were,9.801994323730469,courtroom,1,were
1,also,10.951159477233887,courtroom,2,also
2,were also,10.139513969421387,courtroom,2,also
1,know,10.400792121887207,courtroom,3,know
2,you know,4.4257073402404785,courtroom,3,know
4,And do you know,4.186081409454346,courtroom,3,know
1,do,10.671449661254883,courtroom,1,do
2,And do,4.727569103240967,courtroom,1,do
1,you,10.660537719726562,courtroom,2,you
2,do you,5.67453145980835,courtroom,2,you
1,of,12.024920463562012,courtroom,1,of
2,families of,10.177101135253906,courtroom,1,of
1,two,11.198701858520508,courtroom,3,two
2,the two,10.507586479187012,courtroom,3,two
4,families of the two,9.609363555908203,courtroom,3,two
1,the,12.734390258789062,courtroom,2,the
2,of the,12.293905258178711,courtroom,2,the
1,Vivian,10.479945182800293,courtroom,1,Vivian
2,before Vivian,9.249653816223145,courtroom,1,Vivian
1,"Dafoulas,",10.502941131591797,courtroom,3,"Dafoulas,"
2,"S. Dafoulas,",9.777711868286133,courtroom,3,"Dafoulas,"
4,"before Vivian S. Dafoulas,",9.72700309753418,courtroom,3,"Dafoulas,"
1,S.,10.667911529541016,courtroom,2,S.
2,Vivian S.,10.982172012329102,courtroom,2,S.
1,it,10.897254943847656,courtroom,3,it
2,like it,7.186038494110107,courtroom,3,it
4,It looks like it,4.260941982269287,courtroom,3,it
1,like,11.612746238708496,courtroom,2,like
2,looks like,8.54409122467041,courtroom,2,like
1,looks,8.334588050842285,courtroom,1,looks
2,It looks,2.065701484680176,courtroom,1,looks
1,you,10.660537719726562,courtroom,1,you
2,While you,6.530850410461426,courtroom,1,you
1,working,10.797757148742676,courtroom,3,working
2,were working,5.442415714263916,courtroom,3,working
4,While you were working,4.366461753845215,courtroom,3,working
1,were,11.316572189331055,courtroom,2,were
2,you were,9.302709579467773,courtroom,2,were
1,looking,11.095199584960938,courtroom,3,looking
2,remember looking,4.083832263946533,courtroom,3,looking
4,I can't remember looking,4.036704063415527,courtroom,3,looking
1,can't,7.6911139488220215,courtroom,1,can't
2,I can't,6.68705415725708,courtroom,1,can't
1,remember,9.751459121704102,courtroom,2,remember
2,can't remember,6.078930854797363,courtroom,2,remember
1,each,11.865388870239258,courtroom,3,each
2,by each,7.105698585510254,courtroom,3,each
4,were close by each,1.8263721466064453,courtroom,3,each
1,close,10.470686912536621,courtroom,1,close
2,were close,4.38751745223999,courtroom,1,close
1,by,11.555146217346191,courtroom,2,by
2,close by,10.465020179748535,courtroom,2,by
1,the,12.734390258789062,courtroom,2,the
2,in the,11.499937057495117,courtroom,2,the
1,in,11.458725929260254,courtroom,1,in
2,discarded in,9.028617858886719,courtroom,1,in
1,dump,10.768133163452148,courtroom,3,dump
2,the dump,6.050956726074219,courtroom,3,dump
4,discarded in the dump,3.9467127323150635,courtroom,3,dump
1,other,11.661579132080078,courtroom,3,other
2,and other,11.735363960266113,courtroom,3,other
4,jobs there and other,9.01905632019043,courtroom,3,other
1,and,11.574933052062988,courtroom,2,and
2,there and,10.612112045288086,courtroom,2,and
1,there,9.811803817749023,courtroom,1,there
2,jobs there,5.743946075439453,courtroom,1,there
1,guessing,7.04457950592041,courtroom,1,guessing
2,I'm guessing,5.675169467926025,courtroom,1,guessing
1,--,10.854382514953613,courtroom,2,--
2,guessing --,8.346287727355957,courtroom,2,--
1,foggy,9.496484756469727,courtroom,3,foggy
2,-- foggy,7.649213790893555,courtroom,3,foggy
4,I'm guessing -- foggy,7.668781757354736,courtroom,3,foggy
1,a,11.316549301147461,twitch,2,a
2,got a,10.395454406738281,twitch,2,a
1,got,11.186014175415039,twitch,1,got
2,You got,6.208295822143555,twitch,1,got
1,little,11.699698448181152,twitch,3,little
2,a little,9.63410758972168,twitch,3,little
4,You got a little,9.20032024383545,twitch,3,little
1,right,10.864727020263672,twitch,3,right
2,border right,7.062549591064453,twitch,3,right
4,There's a border right,3.8844265937805176,twitch,3,right
1,a,11.316549301147461,twitch,1,a
2,There's a,8.183293342590332,twitch,1,a
1,border,10.911835670471191,twitch,2,border
2,a border,8.027911186218262,twitch,2,border
1,we're,7.409038543701172,twitch,3,we're
2,least we're,6.9337334632873535,twitch,3,we're
4,Oh at least we're,6.58730411529541,twitch,3,we're
1,least,10.52342414855957,twitch,2,least
2,at least,7.5549139976501465,twitch,2,least
1,at,11.502521514892578,twitch,1,at
2,Oh at,5.520586013793945,twitch,1,at
1,she's,9.700285911560059,twitch,1,she's
2,"Oh, she's",8.121870994567871,twitch,1,she's
1,water,11.01176643371582,twitch,3,water
2,the water,8.202545166015625,twitch,3,water
4,"Oh, she's the water",8.144608497619629,twitch,3,water
1,the,12.734390258789062,twitch,2,the
2,she's the,8.370688438415527,twitch,2,the
1,in,11.458725929260254,twitch,2,in
2,jumping in,8.148603439331055,twitch,2,in
1,the,12.734390258789062,twitch,3,the
2,in the,11.499937057495117,twitch,3,the
4,He's jumping in the,9.66499137878418,twitch,3,the
1,jumping,8.860220909118652,twitch,1,jumping
2,He's jumping,6.087967872619629,twitch,1,jumping
1,take,10.94829273223877,twitch,2,take
2,might take,7.253994941711426,twitch,2,take
1,might,10.476730346679688,twitch,1,might
2,I might,6.182271957397461,twitch,1,might
1,a,11.316549301147461,twitch,3,a
2,take a,7.385312557220459,twitch,3,a
4,I might take a,7.870442867279053,twitch,3,a
1,on,11.154274940490723,twitch,1,on
2,hold on,9.207818984985352,twitch,1,on
1,left,10.82538890838623,twitch,2,left
2,on left,8.426100730895996,twitch,2,left
1,click,10.52001953125,twitch,3,click
2,left click,6.9863362312316895,twitch,3,click
4,hold on left click,5.982837200164795,twitch,3,click
1,I,11.117331504821777,twitch,3,I
2,T-Rex I,7.84074068069458,twitch,3,I
4,That's a T-Rex I,6.582291126251221,twitch,3,I
1,T-Rex,10.275748252868652,twitch,2,T-Rex
2,a T-Rex,9.058085441589355,twitch,2,T-Rex
1,a,11.316549301147461,twitch,1,a
2,That's a,8.631867408752441,twitch,1,a
1,brought,6.836131572723389,twitch,1,brought
2,He brought,6.483139514923096,twitch,1,brought
1,me,10.572490692138672,twitch,2,me
2,brought me,6.855185508728027,twitch,2,me
1,a,11.316549301147461,twitch,3,a
2,me a,11.718503952026367,twitch,3,a
4,He brought me a,10.12256908416748,twitch,3,a
1,to,11.301959037780762,twitch,2,to
2,going to,9.507628440856934,twitch,2,to
1,going,10.563369750976562,twitch,1,going
2,I'm going,1.0406122207641602,twitch,1,going
1,bite,10.365228652954102,twitch,3,bite
2,to bite,6.331233024597168,twitch,3,bite
4,I'm going to bite,4.900164604187012,twitch,3,bite
1,little,11.699698448181152,twitch,3,little
2,a little,9.63410758972168,twitch,3,little
4,"Oh, it's a little",8.192002296447754,twitch,3,little
1,it's,9.313949584960938,twitch,1,it's
2,"Oh, it's",7.7550530433654785,twitch,1,it's
1,a,11.316549301147461,twitch,2,a
2,it's a,10.077677726745605,twitch,2,a
1,the,12.734390258789062,twitch,2,the
2,you're the,8.639825820922852,twitch,2,the
1,you're,7.940345764160156,twitch,1,you're
2,"Yeah, you're",7.5705695152282715,twitch,1,you're
1,little,11.699698448181152,twitch,3,little
2,the little,10.098429679870605,twitch,3,little
4,"Yeah, you're the little",8.034868240356445,twitch,3,little
1,don't,7.345463752746582,twitch,1,don't
2,I don't,4.23712158203125,twitch,1,don't
1,really,11.044758796691895,twitch,2,really
2,don't really,5.637115001678467,twitch,2,really
1,want,10.154277801513672,twitch,3,want
2,really want,3.595357656478882,twitch,3,want
4,I don't really want,2.145545244216919,twitch,3,want
1,of,12.024920463562012,twitch,2,of
2,out of,10.487857818603516,twitch,2,of
1,"here,",10.569401741027832,twitch,3,"here,"
2,"of here,",8.863456726074219,twitch,3,"here,"
4,"Get out of here,",9.346339225769043,twitch,3,"here,"
1,out,10.346115112304688,twitch,1,out
2,Get out,5.516575336456299,twitch,1,out
1,a,11.316549301147461,twitch,2,a
2,said a,10.348299026489258,twitch,2,a
1,said,9.272993087768555,twitch,1,said
2,It said,6.477510929107666,twitch,1,said
1,whole,9.041929244995117,twitch,3,whole
2,a whole,8.829455375671387,twitch,3,whole
4,It said a whole,6.221220970153809,twitch,3,whole
1,a,11.316549301147461,twitch,2,a
2,like a,12.12984848022461,twitch,2,a
1,like,11.612746238708496,twitch,1,like
2,That's like,8.028627395629883,twitch,1,like
1,known,10.728294372558594,twitch,3,known
2,a known,4.183599472045898,twitch,3,known
4,That's like a known,9.730840682983398,twitch,3,known
1,"him,",10.795534133911133,twitch,1,"him,"
2,"Teleport him,",8.872343063354492,twitch,1,"him,"
1,"drag,",11.430005073547363,twitch,2,"drag,"
2,"him, drag,",10.602676391601562,twitch,2,"drag,"
1,teleport,9.20975399017334,twitch,3,teleport
2,"drag, teleport",7.064993858337402,twitch,3,teleport
4,"Teleport him, drag, teleport",4.458332061767578,twitch,3,teleport
1,gotta,9.61825942993164,twitch,2,gotta
2,we gotta,6.768539905548096,twitch,2,gotta
1,find,11.10165786743164,twitch,3,find
2,gotta find,5.622254371643066,twitch,3,find
4,"Well, we gotta find",4.549738883972168,twitch,3,find
1,we,11.5739107131958,twitch,1,we
2,"Well, we",5.989546775817871,twitch,1,we
1,this,10.959673881530762,twitch,3,this
2,ate this,10.891124725341797,twitch,3,this
4,I just ate this,8.313285827636719,twitch,3,this
1,ate,10.973002433776855,twitch,2,ate
2,just ate,7.092099189758301,twitch,2,ate
1,just,11.214090347290039,twitch,1,just
2,I just,6.858152866363525,twitch,1,just
1,got,11.186014175415039,twitch,2,got
2,just got,7.323810577392578,twitch,2,got
1,snatched,9.41263198852539,twitch,3,snatched
2,got snatched,6.080042362213135,twitch,3,snatched
4,I just got snatched,2.5218186378479004,twitch,3,snatched
1,just,11.214090347290039,twitch,1,just
2,I just,6.858152866363525,twitch,1,just
1,where'd,5.626074314117432,twitch,1,where'd
2,"Oh, where'd",3.708022117614746,twitch,1,where'd
1,the,12.734390258789062,twitch,2,the
2,where'd the,12.647982597351074,twitch,2,the
1,be,11.872392654418945,twitch,3,be
2,the be,8.470739364624023,twitch,3,be
4,"Oh, where'd the be",8.638141632080078,twitch,3,be
1,and,11.574933052062988,twitch,1,and
2,Me and,10.93362808227539,twitch,1,and
1,my,12.444364547729492,twitch,2,my
2,and my,10.56342887878418,twitch,2,my
1,T-Rex,10.275748252868652,twitch,3,T-Rex
2,my T-Rex,9.287888526916504,twitch,3,T-Rex
4,Me and my T-Rex,8.904848098754883,twitch,3,T-Rex
1,can't,7.6911139488220215,twitch,1,can't
2,I can't,6.68705415725708,twitch,1,can't
1,shake,10.340320587158203,twitch,2,shake
2,can't shake,4.410528182983398,twitch,2,shake
1,him,11.09859561920166,twitch,3,him
2,shake him,5.9459614753723145,twitch,3,him
4,I can't shake him,5.001646041870117,twitch,3,him
1,little,11.699698448181152,twitch,3,little
2,a little,9.63410758972168,twitch,3,little
4,He killed a little,3.055006504058838,twitch,3,little
1,killed,10.51333999633789,twitch,1,killed
2,He killed,7.613792896270752,twitch,1,killed
1,a,11.316549301147461,twitch,2,a
2,killed a,10.425844192504883,twitch,2,a
1,"two,",10.592264175415039,twitch,2,"two,"
2,"three, two,",3.047769784927368,twitch,2,"two,"
1,"three,",9.867271423339844,twitch,1,"three,"
2,"Three, three,",4.6365647315979,twitch,1,"three,"
1,"one,",11.131531715393066,twitch,3,"one,"
2,"two, one,",3.912219762802124,twitch,3,"one,"
4,"Three, three, two, one,",5.860469818115234,twitch,3,"one,"
1,don't,7.345463752746582,twitch,2,don't
2,you don't,5.241204261779785,twitch,2,don't
1,eat,10.640091896057129,twitch,3,eat
2,don't eat,7.768599510192871,twitch,3,eat
4,"Yeah, you don't eat",8.120488166809082,twitch,3,eat
1,you,10.660537719726562,twitch,1,you
2,"Yeah, you",5.950527191162109,twitch,1,you
1,doing,10.143821716308594,twitch,2,doing
2,you doing,6.1315484046936035,twitch,2,doing
1,up,10.697288513183594,twitch,3,up
2,doing up,7.547756195068359,twitch,3,up
4,What you doing up,2.9819257259368896,twitch,3,up
1,you,10.660537719726562,twitch,1,you
2,What you,5.4352617263793945,twitch,1,you
1,feel,10.539145469665527,twitch,2,feel
2,I feel,5.996219635009766,twitch,2,feel
1,like,11.612746238708496,twitch,3,like
2,feel like,7.446840763092041,twitch,3,like
4,guy. I feel like,6.410929203033447,twitch,3,like
1,I,11.117331504821777,twitch,1,I
2,guy. I,6.744590759277344,twitch,1,I
1,a,11.316549301147461,twitch,3,a
2,me a,11.718503952026367,twitch,3,a
4,You give me a,9.616060256958008,twitch,3,a
1,give,10.711256980895996,twitch,1,give
2,You give,5.386191368103027,twitch,1,give
1,me,10.572490692138672,twitch,2,me
2,give me,7.103236675262451,twitch,2,me
1,chased,8.37363052368164,twitch,2,chased
2,being chased,4.724947929382324,twitch,2,chased
1,with,11.736027717590332,twitch,3,with
2,chased with,9.830718040466309,twitch,3,with
4,I'm being chased with,8.027928352355957,twitch,3,with
1,being,10.280539512634277,twitch,1,being
2,I'm being,9.11265754699707,twitch,1,being
1,other,11.661579132080078,twitch,3,other
2,each other,7.245439529418945,twitch,3,other
4,Don't bite each other,4.7346696853637695,twitch,3,other
1,each,11.865388870239258,twitch,2,each
2,bite each,7.175195217132568,twitch,2,each
1,bite,10.365228652954102,twitch,1,bite
2,Don't bite,5.13598108291626,twitch,1,bite
1,a,11.316549301147461,twitch,3,a
2,"scrapple, a",12.11044692993164,twitch,3,a
4,"A little scrapple, a",5.633186340332031,twitch,3,a
1,little,11.699698448181152,twitch,1,little
2,A little,8.809469223022461,twitch,1,little
1,"scrapple,",11.061713218688965,twitch,2,"scrapple,"
2,"little scrapple,",9.996755599975586,twitch,2,"scrapple,"
1,"right,",11.24286937713623,twitch,1,"right,"
2,"All right,",7.5636396408081055,twitch,1,"right,"
1,here's,10.318723678588867,twitch,2,here's
2,"right, here's",5.57900333404541,twitch,2,here's
1,your,12.634740829467773,twitch,3,your
2,here's your,10.526680946350098,twitch,3,your
4,"All right, here's your",10.652307510375977,twitch,3,your
1,at,11.502521514892578,twitch,1,at
2,Look at,5.856308937072754,twitch,1,at
1,that,10.947566986083984,twitch,2,that
2,at that,9.758613586425781,twitch,2,that
1,little,11.699698448181152,twitch,3,little
2,that little,10.537280082702637,twitch,3,little
4,Look at that little,10.071894645690918,twitch,3,little
1,that's,6.693538665771484,twitch,1,that's
2,"Yeah, that's",6.683780193328857,twitch,1,that's
1,good,10.838345527648926,twitch,3,good
2,a good,9.664921760559082,twitch,3,good
4,"Yeah, that's a good",6.403775691986084,twitch,3,good
1,a,11.316549301147461,twitch,2,a
2,that's a,9.055657386779785,twitch,2,a
1,I've,6.024299621582031,twitch,2,I've
2,"God, I've",6.192295074462891,twitch,2,I've
1,"God,",8.844258308410645,twitch,1,"God,"
2,"Oh God,",6.858790397644043,twitch,1,"God,"
1,got,11.186014175415039,twitch,3,got
2,I've got,6.329802989959717,twitch,3,got
4,"Oh God, I've got",5.337711334228516,twitch,3,got
1,of,12.024920463562012,twitch,3,of
2,lot of,12.078988075256348,twitch,3,of
4,there's a lot of,10.413418769836426,twitch,3,of
1,lot,11.106003761291504,twitch,2,lot
2,a lot,2.5886969566345215,twitch,2,lot
1,a,11.316549301147461,twitch,1,a
2,there's a,8.692606925964355,twitch,1,a
1,dino,9.064934730529785,twitch,2,dino
2,that dino,9.841536521911621,twitch,2,dino
1,that,10.947566986083984,twitch,1,that
2,All that,5.553188323974609,twitch,1,that
1,is,11.129858016967773,twitch,3,is
2,dino is,9.030128479003906,twitch,3,is
4,All that dino is,9.408086776733398,twitch,3,is
1,little,11.699698448181152,twitch,3,little
2,our little,10.890961647033691,twitch,3,little
4,"Oh, that's our little",9.789769172668457,twitch,3,little
1,that's,6.693538665771484,twitch,1,that's
2,"Oh, that's",7.215308666229248,twitch,1,that's
1,our,11.373416900634766,twitch,2,our
2,that's our,9.960783004760742,twitch,2,our
1,friendly,11.55302906036377,twitch,2,friendly
2,it's friendly,6.15244197845459,twitch,2,friendly
1,fire,11.26252555847168,twitch,3,fire
2,friendly fire,8.601903915405273,twitch,3,fire
4,"Guys, it's friendly fire",5.423356056213379,twitch,3,fire
1,it's,9.313949584960938,twitch,1,it's
2,"Guys, it's",7.768086910247803,twitch,1,it's
1,right,10.864727020263672,twitch,3,right
2,chicken right,6.846937656402588,twitch,3,right
4,there's a chicken right,3.525582790374756,twitch,3,right
1,chicken,9.670852661132812,twitch,2,chicken
2,a chicken,8.28526782989502,twitch,2,chicken
1,a,11.316549301147461,twitch,1,a
2,there's a,8.692606925964355,twitch,1,a
1,gotta,9.61825942993164,twitch,1,gotta
2,We gotta,6.51701545715332,twitch,1,gotta
1,going,10.563369750976562,twitch,3,going
2,keep going,6.385603904724121,twitch,3,going
4,We gotta keep going,4.765204429626465,twitch,3,going
1,keep,11.215170860290527,twitch,2,keep
2,gotta keep,7.108621597290039,twitch,2,keep
1,that,10.947566986083984,twitch,2,that
2,see that,9.30357837677002,twitch,2,that
1,little,11.699698448181152,twitch,3,little
2,that little,10.537280082702637,twitch,3,little
4,You see that little,10.377419471740723,twitch,3,little
1,see,10.684712409973145,twitch,1,see
2,You see,5.180882453918457,twitch,1,see
1,that,10.947566986083984,twitch,3,that
2,kill that,9.685081481933594,twitch,3,that
4,We can't kill that,9.272629737854004,twitch,3,that
1,kill,10.769107818603516,twitch,2,kill
2,can't kill,6.656931400299072,twitch,2,kill
1,can't,7.6911139488220215,twitch,1,can't
2,We can't,7.693127632141113,twitch,1,can't
1,him,11.09859561920166,twitch,1,him
2,Send him,6.833250045776367,twitch,1,him
1,back,10.862462043762207,twitch,2,back
2,him back,5.712029933929443,twitch,2,back
1,to,11.301959037780762,twitch,3,to
2,back to,10.462959289550781,twitch,3,to
4,Send him back to,8.958130836486816,twitch,3,to
1,with,11.736027717590332,twitch,2,with
2,out with,9.670833587646484,twitch,2,with
1,the,12.734390258789062,twitch,3,the
2,with the,12.026729583740234,twitch,3,the
4,Watch out with the,12.345025062561035,twitch,3,the
1,out,10.346115112304688,twitch,1,out
2,Watch out,4.165284633636475,twitch,1,out
1,the,12.734390258789062,twitch,2,the
2,him the,12.192306518554688,twitch,2,the
1,him,11.09859561920166,twitch,1,him
2,Give him,7.3390583992004395,twitch,1,him
1,code,10.584458351135254,twitch,3,code
2,the code,7.134762287139893,twitch,3,code
4,Give him the code,5.987053394317627,twitch,3,code
1,to,11.301959037780762,twitch,2,to
2,how to,9.038185119628906,twitch,2,to
1,grow,11.074684143066406,twitch,3,grow
2,to grow,7.302409648895264,twitch,3,grow
4,their how to grow,8.304492950439453,twitch,3,grow
1,how,10.923521041870117,twitch,1,how
2,their how,7.36890172958374,twitch,1,how
1,coordinate,9.005379676818848,twitch,3,coordinate
2,my coordinate,7.907144069671631,twitch,3,coordinate
4,I put my coordinate,6.899938106536865,twitch,3,coordinate
1,my,12.444364547729492,twitch,2,my
2,put my,10.23405933380127,twitch,2,my
1,put,11.452770233154297,twitch,1,put
2,I put,6.553659439086914,twitch,1,put
1,we're,7.409038543701172,twitch,1,we're
2,"Now, we're",7.147623538970947,twitch,1,we're
1,"coming,",9.93675708770752,twitch,2,"coming,"
2,"we're coming,",7.282864570617676,twitch,2,"coming,"
1,we're,7.409038543701172,twitch,3,we're
2,"coming, we're",7.976508140563965,twitch,3,we're
4,"Now, we're coming, we're",5.121637344360352,twitch,3,we're
1,telling,10.421316146850586,twitch,1,telling
2,I'm telling,1.6095807552337646,twitch,1,telling
1,you,10.660537719726562,twitch,2,you
2,telling you,6.825403690338135,twitch,2,you
1,the,12.734390258789062,twitch,3,the
2,you the,11.966888427734375,twitch,3,the
4,I'm telling you the,7.467630386352539,twitch,3,the
1,guys,9.345287322998047,twitch,1,guys
2,You guys,7.104531764984131,twitch,1,guys
1,be,11.872392654418945,twitch,3,be
2,might be,9.367895126342773,twitch,3,be
4,You guys might be,8.24727725982666,twitch,3,be
1,might,10.476730346679688,twitch,2,might
2,guys might,6.389091491699219,twitch,2,might
1,out,10.346115112304688,twitch,2,out
2,running out,5.425534725189209,twitch,2,out
1,of,12.024920463562012,twitch,3,of
2,out of,10.487857818603516,twitch,3,of
4,We're running out of,6.792413711547852,twitch,3,of
1,running,11.214588165283203,twitch,1,running
2,We're running,6.7176194190979,twitch,1,running
1,What's,6.534904956817627,twitch,2,What's
2,that? What's,5.641714096069336,twitch,2,What's
1,that,10.947566986083984,twitch,3,that
2,What's that,7.695963382720947,twitch,3,that
4,What's that? What's that,5.607511043548584,twitch,3,that
1,that?,9.205883979797363,twitch,1,that?
2,What's that?,7.454305171966553,twitch,1,that?
1,Come,9.481868743896484,twitch,3,Come
2,Rogue! Come,6.2109198570251465,twitch,3,Come
4,"Come on, Rogue! Come",1.7953026294708252,twitch,3,Come
1,Rogue!,9.942132949829102,twitch,2,Rogue!
2,"on, Rogue!",7.947437763214111,twitch,2,Rogue!
1,"on,",10.979357719421387,twitch,1,"on,"
2,"Come on,",10.378730773925781,twitch,1,"on,"
1,have,10.692431449890137,twitch,3,have
2,you have,7.3626508712768555,twitch,3,have
4,What do you have,3.4319989681243896,twitch,3,have
1,you,10.660537719726562,twitch,2,you
2,do you,5.67453145980835,twitch,2,you
1,do,10.671449661254883,twitch,1,do
2,What do,2.142984390258789,twitch,1,do
1,can't,7.6911139488220215,twitch,1,can't
2,I can't,6.68705415725708,twitch,1,can't
1,this,10.959673881530762,twitch,3,this
2,drop this,10.57598876953125,twitch,3,this
4,I can't drop this,8.601099967956543,twitch,3,this
1,drop,10.586565017700195,twitch,2,drop
2,can't drop,7.9146409034729,twitch,2,drop
1,did,10.002723693847656,twitch,2,did
2,much did,5.699459075927734,twitch,2,did
1,much,10.719216346740723,twitch,1,much
2,How much,7.935889720916748,twitch,1,much
1,you,10.660537719726562,twitch,3,you
2,did you,7.061986446380615,twitch,3,you
4,How much did you,6.4634318351745605,twitch,3,you
1,little,11.699698448181152,twitch,3,little
2,a little,9.63410758972168,twitch,3,little
4,I need a little,7.353237152099609,twitch,3,little
1,a,11.316549301147461,twitch,2,a
2,need a,11.373122215270996,twitch,2,a
1,need,10.85104751586914,twitch,1,need
2,I need,4.480420112609863,twitch,1,need
1,what's,6.277798175811768,twitch,2,what's
2,"him, what's",5.802788734436035,twitch,2,what's
1,"him,",10.795534133911133,twitch,1,"him,"
2,"Got him,",9.276317596435547,twitch,1,"him,"
1,one,10.6817045211792,twitch,3,one
2,what's one,7.25535774230957,twitch,3,one
4,"Got him, what's one",6.3707709312438965,twitch,3,one
1,was,10.896289825439453,twitch,3,was
2,fuck was,9.441719055175781,twitch,3,was
4,What the fuck was,4.9209489822387695,twitch,3,was
1,the,12.734390258789062,twitch,1,the
2,What the,7.616888523101807,twitch,1,the
1,fuck,10.033944129943848,twitch,2,fuck
2,the fuck,6.755163192749023,twitch,2,fuck
1,that,10.947566986083984,twitch,1,that
2,Is that,7.520195484161377,twitch,1,that
1,not,10.92558479309082,twitch,2,not
2,that not,8.240832328796387,twitch,2,not
1,a,11.316549301147461,twitch,3,a
2,not a,10.634411811828613,twitch,3,a
4,Is that not a,10.053869247436523,twitch,3,a
1,got,11.186014175415039,twitch,3,got
2,I got,7.47769021987915,twitch,3,got
4,"Oh, yeah, I got",6.843536853790283,twitch,3,got
1,"yeah,",7.744340896606445,twitch,1,"yeah,"
2,"Oh, yeah,",6.508540153503418,twitch,1,"yeah,"
1,I,11.117331504821777,twitch,2,I
2,"yeah, I",6.129825592041016,twitch,2,I
1,is,11.129858016967773,twitch,3,is
2,fuck is,9.13945484161377,twitch,3,is
4,What the fuck is,5.557615756988525,twitch,3,is
1,the,12.734390258789062,twitch,1,the
2,What the,7.616888523101807,twitch,1,the
1,fuck,10.033944129943848,twitch,2,fuck
2,the fuck,6.755163192749023,twitch,2,fuck
1,"ooh,",10.68288803100586,twitch,3,"ooh,"
2,"actually, ooh,",8.4102783203125,twitch,3,"ooh,"
4,"Oh, that's actually, ooh,",7.972657680511475,twitch,3,"ooh,"
1,that's,6.693538665771484,twitch,1,that's
2,"Oh, that's",7.215308666229248,twitch,1,that's
1,"actually,",9.178235054016113,twitch,2,"actually,"
2,"that's actually,",7.714914798736572,twitch,2,"actually,"
1,let's,12.534488677978516,twitch,1,let's
2,"Alright, let's",6.002488136291504,twitch,1,let's
1,try,9.615035057067871,twitch,2,try
2,let's try,6.967350959777832,twitch,2,try
1,this,10.959673881530762,twitch,3,this
2,try this,9.846765518188477,twitch,3,this
4,"Alright, let's try this",6.18941068649292,twitch,3,this
1,I,11.117331504821777,twitch,1,I
2,"Oh, I",5.91914701461792,twitch,1,I
1,know.,7.476657867431641,twitch,2,know.
2,I know.,5.992166996002197,twitch,2,know.
1,That's,6.251898288726807,twitch,3,That's
2,know. That's,6.454200744628906,twitch,3,That's
4,"Oh, I know. That's",6.571948051452637,twitch,3,That's
1,my,12.444364547729492,twitch,3,my
2,in my,9.192947387695312,twitch,3,my
4,He's coming in my,8.923890113830566,twitch,3,my
1,coming,10.756954193115234,twitch,1,coming
2,He's coming,4.8313984870910645,twitch,1,coming
1,in,11.458725929260254,twitch,2,in
2,coming in,9.708097457885742,twitch,2,in
1,is,11.129858016967773,twitch,3,is
2,fuck is,9.13945484161377,twitch,3,is
4,What the fuck is,5.557615756988525,twitch,3,is
1,fuck,10.033944129943848,twitch,2,fuck
2,the fuck,6.755163192749023,twitch,2,fuck
1,the,12.734390258789062,twitch,1,the
2,What the,7.616888523101807,twitch,1,the
1,don't,7.345463752746582,twitch,1,don't
2,I don't,4.23712158203125,twitch,1,don't
1,have,10.692431449890137,twitch,2,have
2,don't have,6.355923652648926,twitch,2,have
1,"Canada,",9.11306381225586,twitch,3,"Canada,"
2,"have Canada,",8.101232528686523,twitch,3,"Canada,"
4,"I don't have Canada,",5.606505393981934,twitch,3,"Canada,"
1,that,10.947566986083984,twitch,3,that
2,chase that,9.889826774597168,twitch,3,that
4,Do not chase that,10.202603340148926,twitch,3,that
1,chase,10.138700485229492,twitch,2,chase
2,not chase,8.229443550109863,twitch,2,chase
1,not,10.92558479309082,twitch,1,not
2,Do not,8.566679954528809,twitch,1,not
1,"25,",9.509357452392578,twitch,2,"25,"
2,"started 25,",8.417357444763184,twitch,2,"25,"
1,that's,6.693538665771484,twitch,3,that's
2,"25, that's",7.854944705963135,twitch,3,that's
4,"We started 25, that's",6.81419038772583,twitch,3,that's
1,started,10.354616165161133,twitch,1,started
2,We started,6.521513938903809,twitch,1,started
1,LT,11.488677978515625,twitch,3,LT
2,the LT,8.925180435180664,twitch,3,LT
4,We're playing the LT,8.127787590026855,twitch,3,LT
1,the,12.734390258789062,twitch,2,the
2,playing the,11.654407501220703,twitch,2,the
1,playing,11.306477546691895,twitch,1,playing
2,We're playing,7.426111221313477,twitch,1,playing
1,right,10.864727020263672,twitch,3,right
2,out right,5.933251857757568,twitch,3,right
4,Is he out right,0.8852078914642334,twitch,3,right
1,he,11.501636505126953,twitch,1,he
2,Is he,8.760645866394043,twitch,1,he
1,out,10.346115112304688,twitch,2,out
2,he out,5.804562091827393,twitch,2,out
1,no,11.925097465515137,twitch,3,no
2,motherfucker no,8.5298433303833,twitch,3,no
4,burn that motherfucker no,5.908703327178955,twitch,3,no
1,that,10.947566986083984,twitch,1,that
2,burn that,9.870869636535645,twitch,1,that
1,motherfucker,7.252336502075195,twitch,2,motherfucker
2,that motherfucker,6.951255798339844,twitch,2,motherfucker
1,the,12.734390258789062,twitch,3,the
2,on the,12.704998970031738,twitch,3,the
4,The horn's on the,8.892242431640625,twitch,3,the
1,horn's,12.634751319885254,twitch,1,horn's
2,The horn's,11.083573341369629,twitch,1,horn's
1,on,11.154274940490723,twitch,2,on
2,horn's on,8.229104042053223,twitch,2,on
1,guys,9.345287322998047,twitch,1,guys
2,You guys,7.104531764984131,twitch,1,guys
1,find,11.10165786743164,twitch,2,find
2,guys find,6.986247539520264,twitch,2,find
1,that,10.947566986083984,twitch,3,that
2,find that,8.886992454528809,twitch,3,that
4,You guys find that,9.10269546508789,twitch,3,that
1,"word,",10.494129180908203,twitch,2,"word,"
2,"word, word,",6.989712238311768,twitch,2,"word,"
1,"word,",10.494129180908203,twitch,1,"word,"
2,"Word, word,",7.037768840789795,twitch,1,"word,"
1,"word,",10.494129180908203,twitch,3,"word,"
2,"word, word,",6.989712238311768,twitch,3,"word,"
4,"Word, word, word, word,",2.335622787475586,twitch,3,"word,"
1,the,12.734390258789062,twitch,3,the
2,that's the,9.5038480758667,twitch,3,the
4,Okay well that's the,8.967171669006348,twitch,3,the
1,well,9.84782600402832,twitch,1,well
2,Okay well,5.361694812774658,twitch,1,well
1,that's,6.693538665771484,twitch,2,that's
2,well that's,7.597953796386719,twitch,2,that's
1,it,10.897254943847656,twitch,1,it
2,Drag it,5.471606254577637,twitch,1,it
1,just,11.214090347290039,twitch,2,just
2,it just,8.893082618713379,twitch,2,just
1,behind,11.124430656433105,twitch,3,behind
2,just behind,6.950568675994873,twitch,3,behind
4,Drag it just behind,3.5136470794677734,twitch,3,behind
1,a,11.316549301147461,twitch,2,a
2,like a,12.12984848022461,twitch,2,a
1,like,11.612746238708496,twitch,1,like
2,"Okay, like",7.364780426025391,twitch,1,like
1,conga,10.085512161254883,twitch,3,conga
2,a conga,9.289926528930664,twitch,3,conga
4,"Okay, like a conga",1.530738353729248,twitch,3,conga
1,on,11.154274940490723,twitch,2,on
2,I'm on,7.028753757476807,twitch,2,on
1,a,11.316549301147461,twitch,3,a
2,on a,12.133975982666016,twitch,3,a
4,"Yeah, I'm on a",9.2694730758667,twitch,3,a
1,I'm,7.25425910949707,twitch,1,I'm
2,"Yeah, I'm",6.8823957443237305,twitch,1,I'm
1,where,11.376585006713867,twitch,2,where
2,see where,7.184708595275879,twitch,2,where
1,I'm,7.25425910949707,twitch,3,I'm
2,where I'm,8.315115928649902,twitch,3,I'm
4,You see where I'm,2.5642294883728027,twitch,3,I'm
1,see,10.684712409973145,twitch,1,see
2,You see,5.180882453918457,twitch,1,see
1,you,10.660537719726562,twitch,2,you
2,just you,7.216888427734375,twitch,2,you
1,right,10.864727020263672,twitch,3,right
2,you right,5.535021781921387,twitch,3,right
4,It's just you right,3.5062406063079834,twitch,3,right
1,just,11.214090347290039,twitch,1,just
2,It's just,7.289297580718994,twitch,1,just
1,grab,11.224477767944336,twitch,3,grab
2,to grab,6.842813968658447,twitch,3,grab
4,Can't seem to grab,6.5983052253723145,twitch,3,grab
1,seem,10.064101219177246,twitch,1,seem
2,Can't seem,0.814582109451294,twitch,1,seem
1,to,11.301959037780762,twitch,2,to
2,seem to,10.580755233764648,twitch,2,to
1,gotta,9.61825942993164,twitch,1,gotta
2,He's gotta,6.187208652496338,twitch,1,gotta
1,be,11.872392654418945,twitch,2,be
2,gotta be,9.259119033813477,twitch,2,be
1,the,12.734390258789062,twitch,3,the
2,be the,10.922423362731934,twitch,3,the
4,He's gotta be the,7.641214370727539,twitch,3,the
1,out,10.346115112304688,twitch,2,out
2,they're out,4.120595455169678,twitch,2,out
1,they're,8.73033332824707,twitch,1,they're
2,"Okay, they're",8.183270454406738,twitch,1,they're
1,of,12.024920463562012,twitch,3,of
2,out of,10.487857818603516,twitch,3,of
4,"Okay, they're out of",8.646827697753906,twitch,3,of
1,bigger,7.908993244171143,twitch,2,bigger
2,you bigger,5.927981853485107,twitch,2,bigger
1,than,11.535079956054688,twitch,3,than
2,bigger than,7.750723361968994,twitch,3,than
4,Are you bigger than,5.502687454223633,twitch,3,than
1,you,10.660537719726562,twitch,1,you
2,Are you,8.059492111206055,twitch,1,you
1,either,10.89315414428711,twitch,2,either
2,we either,8.653709411621094,twitch,2,either
1,we,11.5739107131958,twitch,1,we
2,"Well, we",5.989546775817871,twitch,1,we
1,should,10.274287223815918,twitch,3,should
2,either should,6.8536858558654785,twitch,3,should
4,"Well, we either should",7.140676021575928,twitch,3,should
1,the,12.734390258789062,twitch,3,the
2,on the,12.704998970031738,twitch,3,the
4,Got turtles on the,8.487756729125977,twitch,3,the
1,turtles,7.106278419494629,twitch,1,turtles
2,Got turtles,7.179483413696289,twitch,1,turtles
1,on,11.154274940490723,twitch,2,on
2,turtles on,6.78145694732666,twitch,2,on
1,here,9.959783554077148,twitch,2,here
2,spend here,5.593532562255859,twitch,2,here
1,spend,8.90188980102539,twitch,1,spend
2,Spending spend,6.699582576751709,twitch,1,spend
1,or,11.46521282196045,twitch,3,or
2,here or,11.80397891998291,twitch,3,or
4,Spending spend here or,5.247699737548828,twitch,3,or
1,be,11.872392654418945,twitch,2,be
2,there be,8.159686088562012,twitch,2,be
1,there,9.811803817749023,twitch,1,there
2,Should there,1.2827664613723755,twitch,1,there
1,going,10.563369750976562,twitch,3,going
2,be going,3.3234872817993164,twitch,3,going
4,Should there be going,3.9220407009124756,twitch,3,going
1,to,11.301959037780762,twitch,1,to
2,down to,10.555130004882812,twitch,1,to
1,last,11.605551719665527,twitch,3,last
2,the last,8.942554473876953,twitch,3,last
4,down to the last,9.953938484191895,twitch,3,last
1,the,12.734390258789062,twitch,2,the
2,to the,12.121143341064453,twitch,2,the
1,at,11.502521514892578,twitch,2,at
2,grown at,8.063594818115234,twitch,2,at
1,an,11.774314880371094,twitch,3,an
2,at an,10.538009643554688,twitch,3,an
4,Wasn't grown at an,6.396663665771484,twitch,3,an
1,grown,11.083446502685547,twitch,1,grown
2,Wasn't grown,5.515966892242432,twitch,1,grown
1,another,11.492477416992188,twitch,3,another
2,pick another,11.154067993164062,twitch,3,another
4,"Different game, pick another",9.046552658081055,twitch,3,another
1,pick,10.627740859985352,twitch,2,pick
2,"game, pick",6.560919284820557,twitch,2,pick
1,"game,",9.864691734313965,twitch,1,"game,"
2,"Different game,",9.1005859375,twitch,1,"game,"
1,with,11.736027717590332,twitch,3,with
2,catch with,9.540478706359863,twitch,3,with
4,Who's you catch with,6.6569929122924805,twitch,3,with
1,you,10.660537719726562,twitch,1,you
2,Who's you,7.828405857086182,twitch,1,you
1,catch,11.185097694396973,twitch,2,catch
2,you catch,5.990001201629639,twitch,2,catch
1,snap,10.968154907226562,twitch,1,snap
2,I snap,5.820582389831543,twitch,1,snap
1,the,12.734390258789062,twitch,2,the
2,snap the,12.182488441467285,twitch,2,the
1,text,10.998099327087402,twitch,3,text
2,the text,6.585926532745361,twitch,3,text
4,I snap the text,6.280858993530273,twitch,3,text
1,Where's,7.403537750244141,twitch,3,Where's
2,it? Where's,6.442131996154785,twitch,3,Where's
4,Cause where's it? Where's,4.930994987487793,twitch,3,Where's
1,where's,7.019251823425293,twitch,1,where's
2,Cause where's,6.434169769287109,twitch,1,where's
1,it?,9.388933181762695,twitch,2,it?
2,where's it?,7.04135799407959,twitch,2,it?
1,guys,9.345287322998047,twitch,1,guys
2,You guys,7.104531764984131,twitch,1,guys
1,do,10.671449661254883,twitch,3,do
2,go do,9.404953002929688,twitch,3,do
4,You guys go do,6.3709564208984375,twitch,3,do
1,go,10.900910377502441,twitch,2,go
2,guys go,7.136514663696289,twitch,2,go
1,so,11.06381893157959,twitch,1,so
2,"Yeah, so",6.726532936096191,twitch,1,so
1,I'll,7.0371527671813965,twitch,2,I'll
2,so I'll,7.2005205154418945,twitch,2,I'll
1,say,9.818024635314941,twitch,3,say
2,I'll say,4.448095321655273,twitch,3,say
4,"Yeah, so I'll say",4.575820446014404,twitch,3,say
1,guys,9.345287322998047,twitch,1,guys
2,guys guys,6.051114559173584,twitch,1,guys
1,guys,9.345287322998047,twitch,2,guys
2,guys guys,6.051114559173584,twitch,2,guys
1,guys,9.345287322998047,twitch,3,guys
2,guys guys,6.051114559173584,twitch,3,guys
4,guys guys guys guys,7.1257805824279785,twitch,3,guys
1,fucking,6.474433422088623,twitch,2,fucking
2,your fucking,10.913575172424316,twitch,2,fucking
1,your,12.634740829467773,twitch,1,your
2,Where's your,10.99894905090332,twitch,1,your
1,clocker,8.46197509765625,twitch,3,clocker
2,fucking clocker,6.827048301696777,twitch,3,clocker
4,Where's your fucking clocker,6.871067523956299,twitch,3,clocker
1,is,11.129858016967773,twitch,1,is
2,Which is,7.3256754875183105,twitch,1,is
1,your,12.634740829467773,twitch,3,your
2,what's your,7.641734600067139,twitch,3,your
4,Which is what's your,8.621871948242188,twitch,3,your
1,what's,6.277798175811768,twitch,2,what's
2,is what's,7.285801887512207,twitch,2,what's
1,is,11.129858016967773,twitch,3,is
2,T-Rex is,8.710301399230957,twitch,3,is
4,Fuck prime T-Rex is,9.211159706115723,twitch,3,is
1,T-Rex,10.275748252868652,twitch,2,T-Rex
2,prime T-Rex,9.007071495056152,twitch,2,T-Rex
1,prime,11.24075698852539,twitch,1,prime
2,Fuck prime,6.793786525726318,twitch,1,prime
1,all,11.139111518859863,twitch,1,all
2,Have all,4.62649393081665,twitch,1,all
1,you,10.660537719726562,twitch,3,you
2,of you,7.768048286437988,twitch,3,you
4,Have all of you,8.298406600952148,twitch,3,you
1,of,12.024920463562012,twitch,2,of
2,all of,7.573087215423584,twitch,2,of
1,good,10.838345527648926,twitch,2,good
2,shit good,8.493876457214355,twitch,2,good
1,shit,10.392616271972656,twitch,1,shit
2,Holy shit,5.225794792175293,twitch,1,shit
1,work,10.086380004882812,twitch,3,work
2,good work,6.553375720977783,twitch,3,work
4,Holy shit good work,7.821734428405762,twitch,3,work
1,that,10.947566986083984,twitch,3,that
2,me that,9.005595207214355,twitch,3,that
4,You send me that,9.209051132202148,twitch,3,that
1,me,10.572490692138672,twitch,2,me
2,send me,6.242685794830322,twitch,2,me
1,send,10.871127128601074,twitch,1,send
2,You send,6.100679397583008,twitch,1,send
1,"nibble,",11.239883422851562,twitch,2,"nibble,"
2,"little nibble,",8.25389575958252,twitch,2,"nibble,"
1,little,11.699698448181152,twitch,3,little
2,"nibble, little",10.97469425201416,twitch,3,little
4,"Alright, little nibble, little",5.317187786102295,twitch,3,little
1,little,11.699698448181152,twitch,1,little
2,"Alright, little",9.982635498046875,twitch,1,little
1,sir.,8.663061141967773,twitch,3,sir.
2,"Yes, sir.",6.632331848144531,twitch,3,sir.
4,"Yes, sir. Yes, sir.",6.665426731109619,twitch,3,sir.
1,"Yes,",7.550881862640381,twitch,2,"Yes,"
2,"sir. Yes,",7.242762565612793,twitch,2,"Yes,"
1,sir.,8.663061141967773,twitch,1,sir.
2,"Yes, sir.",6.632331848144531,twitch,1,sir.
1,we,11.5739107131958,twitch,2,we
2,sure we,6.2138543128967285,twitch,2,we
1,sure,10.030720710754395,twitch,1,sure
2,I'm sure,5.837857723236084,twitch,1,sure
1,find,11.10165786743164,twitch,3,find
2,we find,6.7811689376831055,twitch,3,find
4,I'm sure we find,5.768899917602539,twitch,3,find
1,behind,11.124430656433105,twitch,3,behind
2,see behind,5.728693008422852,twitch,3,behind
4,I can see behind,5.035988807678223,twitch,3,behind
1,can,10.825804710388184,twitch,1,can
2,I can,5.415952682495117,twitch,1,can
1,see,10.684712409973145,twitch,2,see
2,can see,6.77379035949707,twitch,2,see
1,that,10.947566986083984,twitch,1,that
2,Who's that,8.70155143737793,twitch,1,that
1,small,11.787541389465332,twitch,3,small
2,little small,10.548776626586914,twitch,3,small
4,Who's that little small,9.611305236816406,twitch,3,small
1,little,11.699698448181152,twitch,2,little
2,that little,10.537280082702637,twitch,2,little
1,bubble,8.678224563598633,twitch,2,bubble
2,wavy bubble,8.611503601074219,twitch,2,bubble
1,rawnnn,9.733257293701172,twitch,3,rawnnn
2,bubble rawnnn,5.996091365814209,twitch,3,rawnnn
4,Roy wavy bubble rawnnn,7.150585174560547,twitch,3,rawnnn
1,wavy,8.836466789245605,twitch,1,wavy
2,Roy wavy,9.71003532409668,twitch,1,wavy
1,just,11.214090347290039,twitch,1,just
2,we're just,7.800962924957275,twitch,1,just
1,gonna,9.22776985168457,twitch,2,gonna
2,just gonna,7.428126335144043,twitch,2,gonna
1,eat,10.640091896057129,twitch,3,eat
2,gonna eat,7.0572896003723145,twitch,3,eat
4,we're just gonna eat,6.63628625869751,twitch,3,eat
1,you,10.660537719726562,twitch,1,you
2,Are you,8.059492111206055,twitch,1,you
1,dropping,10.787590980529785,twitch,3,dropping
2,guys dropping,8.91109561920166,twitch,3,dropping
4,Are you guys dropping,7.7210774421691895,twitch,3,dropping
1,guys,9.345287322998047,twitch,2,guys
2,you guys,7.338253498077393,twitch,2,guys
1,"know,",8.246770858764648,twitch,1,"know,"
2,"You know,",6.714511394500732,twitch,1,"know,"
1,you,10.660537719726562,twitch,2,you
2,"know, you",6.182026386260986,twitch,2,you
1,hear,10.831530570983887,twitch,3,hear
2,you hear,6.620582580566406,twitch,3,hear
4,"You know, you hear",5.735466003417969,twitch,3,hear
1,going,10.563369750976562,twitch,1,going
2,I'm going,1.0406122207641602,twitch,1,going
1,be,11.872392654418945,twitch,3,be
2,to be,10.100297927856445,twitch,3,be
4,I'm going to be,9.012894630432129,twitch,3,be
1,to,11.301959037780762,twitch,2,to
2,going to,9.507628440856934,twitch,2,to
1,fuck,10.033944129943848,twitch,1,fuck
2,Fucking fuck,7.302677154541016,twitch,1,fuck
1,"it,",11.110934257507324,twitch,2,"it,"
2,"fuck it,",8.878885269165039,twitch,2,"it,"
1,let's,12.534488677978516,twitch,3,let's
2,"it, let's",6.873520374298096,twitch,3,let's
4,"Fucking fuck it, let's",5.853887557983398,twitch,3,let's
1,gets,10.915838241577148,twitch,1,gets
2,Everyone gets,7.486447811126709,twitch,1,gets
1,blood,11.044414520263672,twitch,3,blood
2,peanuts blood,7.798542022705078,twitch,3,blood
4,Everyone gets peanuts blood,6.556750297546387,twitch,3,blood
1,peanuts,7.3042097091674805,twitch,2,peanuts
2,gets peanuts,5.881719589233398,twitch,2,peanuts
1,the,12.734390258789062,twitch,3,the
2,see the,10.900222778320312,twitch,3,the
4,Do you see the,11.28168773651123,twitch,3,the
1,see,10.684712409973145,twitch,2,see
2,you see,6.7522711753845215,twitch,2,see
1,you,10.660537719726562,twitch,1,you
2,Do you,5.721115589141846,twitch,1,you
1,"thing,",10.136463165283203,twitch,3,"thing,"
2,"your thing,",8.722601890563965,twitch,3,"thing,"
4,"some of your thing,",8.831122398376465,twitch,3,"thing,"
1,of,12.024920463562012,twitch,1,of
2,some of,4.529647350311279,twitch,1,of
1,your,12.634740829467773,twitch,2,your
2,of your,11.270902633666992,twitch,2,your
1,gonna,9.22776985168457,twitch,1,gonna
2,I'm gonna,7.192975044250488,twitch,1,gonna
1,hang,10.8850679397583,twitch,2,hang
2,gonna hang,5.096811294555664,twitch,2,hang
1,them,10.87720012664795,twitch,3,them
2,hang them,6.508510589599609,twitch,3,them
4,I'm gonna hang them,4.436262130737305,twitch,3,them
1,it'll,5.990661144256592,twitch,3,it'll
2,and it'll,6.192264556884766,twitch,3,it'll
4,Directly north and it'll,5.9942946434021,twitch,3,it'll
1,north,11.035490036010742,twitch,1,north
2,Directly north,3.0992093086242676,twitch,1,north
1,and,11.574933052062988,twitch,2,and
2,north and,10.25678539276123,twitch,2,and
1,"leg,",10.911593437194824,twitch,3,"leg,"
2,"five, leg,",7.699723720550537,twitch,3,"leg,"
4,"One, six, five, leg,",8.353317260742188,twitch,3,"leg,"
1,"five,",7.532170295715332,twitch,2,"five,"
2,"six, five,",4.138261795043945,twitch,2,"five,"
1,"six,",8.683450698852539,twitch,1,"six,"
2,"One, six,",8.008221626281738,twitch,1,"six,"
1,gonna,9.22776985168457,twitch,1,gonna
2,I'm gonna,7.192975044250488,twitch,1,gonna
1,go,10.900910377502441,twitch,2,go
2,gonna go,6.8915181159973145,twitch,2,go
1,get,11.412823677062988,twitch,3,get
2,go get,8.774225234985352,twitch,3,get
4,I'm gonna go get,6.295716285705566,twitch,3,get
1,"go,",10.951502799987793,twitch,3,"go,"
2,"go, go,",2.797938346862793,twitch,3,"go,"
4,"OK, I'll go, go,",2.6693153381347656,twitch,3,"go,"
1,I'll,7.0371527671813965,twitch,1,I'll
2,"OK, I'll",7.2168755531311035,twitch,1,I'll
1,"go,",10.951502799987793,twitch,2,"go,"
2,"I'll go,",8.719135284423828,twitch,2,"go,"
1,getting,10.920502662658691,twitch,2,getting
2,I'm getting,8.004703521728516,twitch,2,getting
1,the,12.734390258789062,twitch,3,the
2,getting the,11.572318077087402,twitch,3,the
4,"Oh, I'm getting the",10.204288482666016,twitch,3,the
1,I'm,7.25425910949707,twitch,1,I'm
2,"Oh, I'm",6.610427379608154,twitch,1,I'm
1,we,11.5739107131958,twitch,1,we
2,"Dude, we",6.045367240905762,twitch,1,we
1,have,10.692431449890137,twitch,2,have
2,we have,7.850134372711182,twitch,2,have
1,the,12.734390258789062,twitch,3,the
2,have the,10.191239356994629,twitch,3,the
4,"Dude, we have the",11.098335266113281,twitch,3,the
1,let's,12.534488677978516,twitch,1,let's
2,"Yeah, let's",5.910178184509277,twitch,1,let's
1,go,10.900910377502441,twitch,2,go
2,let's go,6.580212593078613,twitch,2,go
1,get,11.412823677062988,twitch,3,get
2,go get,8.774225234985352,twitch,3,get
4,"Yeah, let's go get",6.407728672027588,twitch,3,get
1,a,11.316549301147461,twitch,3,a
2,be a,11.489357948303223,twitch,3,a
4,It's to be a,9.594456672668457,twitch,3,a
1,to,11.301959037780762,twitch,1,to
2,It's to,8.04430866241455,twitch,1,to
1,be,11.872392654418945,twitch,2,be
2,to be,10.100297927856445,twitch,2,be
1,eat,10.640091896057129,twitch,3,eat
2,to eat,7.46858549118042,twitch,3,eat
4,I have to eat,7.601622104644775,twitch,3,eat
1,have,10.692431449890137,twitch,1,have
2,I have,7.546214580535889,twitch,1,have
1,to,11.301959037780762,twitch,2,to
2,have to,7.693484306335449,twitch,2,to
1,ate,10.973002433776855,twitch,2,ate
2,never ate,7.483645439147949,twitch,2,ate
1,at,11.502521514892578,twitch,3,at
2,ate at,8.469242095947266,twitch,3,at
4,I never ate at,6.414827823638916,twitch,3,at
1,never,11.493278503417969,twitch,1,never
2,I never,7.523129463195801,twitch,1,never
1,winning,11.935362815856934,twitch,2,winning
2,you winning,6.535280227661133,twitch,2,winning
1,you,10.660537719726562,twitch,1,you
2,Are you,8.059492111206055,twitch,1,you
1,or,11.46521282196045,twitch,3,or
2,winning or,11.23182487487793,twitch,3,or
4,Are you winning or,3.8945538997650146,twitch,3,or
1,biting,9.049909591674805,twitch,3,biting
2,one biting,9.125600814819336,twitch,3,biting
4,You're the one biting,5.528707504272461,twitch,3,biting
1,the,12.734390258789062,twitch,1,the
2,You're the,8.783588409423828,twitch,1,the
1,one,10.6817045211792,twitch,2,one
2,the one,7.059289455413818,twitch,2,one
1,a,11.316549301147461,twitch,1,a
2,I'm a,10.297093391418457,twitch,1,a
1,human,11.952467918395996,twitch,3,human
2,fresh human,9.766207695007324,twitch,3,human
4,I'm a fresh human,1.3853355646133423,twitch,3,human
1,fresh,11.473549842834473,twitch,2,fresh
2,a fresh,10.140294075012207,twitch,2,fresh
1,beat,11.9293212890625,twitch,1,beat
2,Somebody beat,4.949559688568115,twitch,1,beat
1,on,11.154274940490723,twitch,2,on
2,beat on,9.151725769042969,twitch,2,on
1,me.,8.94802188873291,twitch,3,me.
2,on me.,7.2758660316467285,twitch,3,me.
4,Somebody beat on me.,6.9937028884887695,twitch,3,me.
1,good,10.838345527648926,twitch,3,good
2,"work, good",9.627405166625977,twitch,3,good
4,"Oh, good work, good",5.369093418121338,twitch,3,good
1,good,10.838345527648926,twitch,1,good
2,"Oh, good",6.612459182739258,twitch,1,good
1,"work,",10.617587089538574,twitch,2,"work,"
2,"good work,",8.808838844299316,twitch,2,"work,"
1,is,11.129858016967773,twitch,2,is
2,this is,7.515775203704834,twitch,2,is
1,this,10.959673881530762,twitch,1,this
2,But this,7.728516578674316,twitch,1,this
1,my,12.444364547729492,twitch,3,my
2,is my,10.406432151794434,twitch,3,my
4,But this is my,8.904380798339844,twitch,3,my
1,I'm,7.25425910949707,twitch,3,I'm
2,"yeah, I'm",7.324034690856934,twitch,3,I'm
4,"Yeah, yeah, yeah, I'm",7.54239559173584,twitch,3,I'm
1,"yeah,",7.744340896606445,twitch,2,"yeah,"
2,"yeah, yeah,",5.884174346923828,twitch,2,"yeah,"
1,"yeah,",7.744340896606445,twitch,1,"yeah,"
2,"Yeah, yeah,",5.811877727508545,twitch,1,"yeah,"
1,on,11.154274940490723,twitch,1,on
2,Go on,6.263739109039307,twitch,1,on
1,"mode,",11.67523193359375,twitch,3,"mode,"
2,"Bleed mode,",9.1905517578125,twitch,3,"mode,"
4,"Go on Bleed mode,",8.434835433959961,twitch,3,"mode,"
1,Bleed,10.41881275177002,twitch,2,Bleed
2,on Bleed,7.808665752410889,twitch,2,Bleed
1,you're,7.940345764160156,twitch,3,you're
2,think you're,7.804052829742432,twitch,3,you're
4,"Yeah, I think you're",6.324183464050293,twitch,3,you're
1,I,11.117331504821777,twitch,1,I
2,"Yeah, I",5.890807151794434,twitch,1,I
1,think,9.863617897033691,twitch,2,think
2,I think,5.887979984283447,twitch,2,think
1,I'm,7.25425910949707,twitch,1,I'm
2,What? I'm,7.081704616546631,twitch,1,I'm
1,on,11.154274940490723,twitch,2,on
2,I'm on,7.028753757476807,twitch,2,on
1,a,11.316549301147461,twitch,3,a
2,on a,12.133975982666016,twitch,3,a
4,What? I'm on a,8.886804580688477,twitch,3,a
1,doing,10.143821716308594,twitch,3,doing
2,you doing,6.1315484046936035,twitch,3,doing
4,"So, are you doing",6.165951728820801,twitch,3,doing
1,you,10.660537719726562,twitch,2,you
2,are you,8.426103591918945,twitch,2,you
1,are,11.507725715637207,twitch,1,are
2,"So, are",4.075535297393799,twitch,1,are
1,that,10.947566986083984,twitch,2,that
2,like that,9.032465934753418,twitch,2,that
1,"land,",10.217846870422363,twitch,3,"land,"
2,"that land,",8.5451078414917,twitch,3,"land,"
4,"I like that land,",6.599727153778076,twitch,3,"land,"
1,like,11.612746238708496,twitch,1,like
2,I like,6.416009426116943,twitch,1,like
1,two,11.198701858520508,twitch,2,two
2,there's two,9.419516563415527,twitch,2,two
1,there's,5.328185558319092,twitch,1,there's
2,Oh there's,6.701696872711182,twitch,1,there's
1,more,11.137571334838867,twitch,3,more
2,two more,10.923914909362793,twitch,3,more
4,Oh there's two more,10.253731727600098,twitch,3,more
1,for,11.576336860656738,twitch,3,for
2,dinos for,10.42728042602539,twitch,3,for
4,I've killed dinos for,7.830682754516602,twitch,3,for
1,dinos,7.740737438201904,twitch,2,dinos
2,killed dinos,6.926145553588867,twitch,2,dinos
1,killed,10.51333999633789,twitch,1,killed
2,I've killed,7.687348365783691,twitch,1,killed
1,I,11.117331504821777,twitch,1,I
2,"Yeah, I",5.890807151794434,twitch,1,I
1,need,10.85104751586914,twitch,2,need
2,I need,4.480420112609863,twitch,2,need
1,water,11.01176643371582,twitch,3,water
2,need water,7.245739459991455,twitch,3,water
4,"Yeah, I need water",5.1385393142700195,twitch,3,water
1,by,11.555146217346191,twitch,2,by
2,nothing by,10.253462791442871,twitch,2,by
1,us.,8.410076141357422,twitch,3,us.
2,by us.,7.619336128234863,twitch,3,us.
4,There's nothing by us.,6.029282093048096,twitch,3,us.
1,nothing,9.949542045593262,twitch,1,nothing
2,There's nothing,6.579553127288818,twitch,1,nothing
1,tiny,11.92530632019043,twitch,2,tiny
2,got tiny,10.871648788452148,twitch,2,tiny
1,little,11.699698448181152,twitch,3,little
2,tiny little,11.403071403503418,twitch,3,little
4,You got tiny little,10.7482328414917,twitch,3,little
1,got,11.186014175415039,twitch,1,got
2,You got,6.208295822143555,twitch,1,got
1,did,10.002723693847656,twitch,1,did
2,What did,4.857789039611816,twitch,1,did
1,you,10.660537719726562,twitch,2,you
2,did you,7.061986446380615,twitch,2,you
1,guys,9.345287322998047,twitch,3,guys
2,you guys,7.338253498077393,twitch,3,guys
4,What did you guys,3.419213056564331,twitch,3,guys
1,"boys,",10.555705070495605,twitch,2,"boys,"
2,"work boys,",9.477273941040039,twitch,2,"boys,"
1,work,10.086380004882812,twitch,1,work
2,Good work,6.663096904754639,twitch,1,work
1,good,10.838345527648926,twitch,3,good
2,"boys, good",8.967509269714355,twitch,3,good
4,"Good work boys, good",5.209756374359131,twitch,3,good
1,force,11.247526168823242,twitch,2,force
2,to force,7.531774997711182,twitch,2,force
1,kill,10.769107818603516,twitch,3,kill
2,force kill,9.794089317321777,twitch,3,kill
4,Time to force kill,9.108281135559082,twitch,3,kill
1,to,11.301959037780762,twitch,1,to
2,Time to,10.661890029907227,twitch,1,to
1,going,10.563369750976562,twitch,1,going
2,You're going,0.9633193612098694,twitch,1,going
1,kill,10.769107818603516,twitch,3,kill
2,to kill,7.459692478179932,twitch,3,kill
4,You're going to kill,5.931798934936523,twitch,3,kill
1,to,11.301959037780762,twitch,2,to
2,going to,9.507628440856934,twitch,2,to
1,slow,10.973347663879395,twitch,2,slow
2,gonna slow,4.710981845855713,twitch,2,slow
1,around,10.504321098327637,twitch,3,around
2,slow around,6.9461822509765625,twitch,3,around
4,I'm gonna slow around,4.917961597442627,twitch,3,around
1,gonna,9.22776985168457,twitch,1,gonna
2,I'm gonna,7.192975044250488,twitch,1,gonna
1,hear,10.831530570983887,twitch,1,hear
2,I hear,6.860929489135742,twitch,1,hear
1,fucking,6.474433422088623,twitch,3,fucking
2,it fucking,11.552738189697266,twitch,3,fucking
4,I hear it fucking,9.304157257080078,twitch,3,fucking
1,it,10.897254943847656,twitch,2,it
2,hear it,6.985555171966553,twitch,2,it
1,rid,11.588068008422852,twitch,2,rid
2,get rid,0.6228962540626526,twitch,2,rid
1,get,11.412823677062988,twitch,1,get
2,I'll get,6.036438465118408,twitch,1,get
1,of,12.024920463562012,twitch,3,of
2,rid of,10.822916030883789,twitch,3,of
4,I'll get rid of,5.993383407592773,twitch,3,of
1,about,11.107869148254395,twitch,3,about
2,talking about,8.514514923095703,twitch,3,about
4,know. We're talking about,9.756795883178711,twitch,3,about
1,We're,7.421792984008789,twitch,1,We're
2,know. We're,7.472548007965088,twitch,1,We're
1,talking,11.032435417175293,twitch,2,talking
2,We're talking,3.01694917678833,twitch,2,talking
1,your,12.634740829467773,twitch,2,your
2,is your,11.323419570922852,twitch,2,your
1,is,11.129858016967773,twitch,1,is
2,What is,8.665983200073242,twitch,1,is
1,first,11.162483215332031,twitch,3,first
2,your first,10.259586334228516,twitch,3,first
4,What is your first,7.872563362121582,twitch,3,first
1,do,10.671449661254883,twitch,3,do
2,can do,6.43924617767334,twitch,3,do
4,"Cool, we can do",5.799989223480225,twitch,3,do
1,can,10.825804710388184,twitch,2,can
2,we can,7.198447227478027,twitch,2,can
1,we,11.5739107131958,twitch,1,we
2,"Cool, we",6.667025089263916,twitch,1,we
1,right,10.864727020263672,twitch,3,right
2,one right,7.495750427246094,twitch,3,right
4,Think small one right,4.641076564788818,twitch,3,right
1,one,10.6817045211792,twitch,2,one
2,small one,6.8632636070251465,twitch,2,one
1,small,11.787541389465332,twitch,1,small
2,Think small,7.354999542236328,twitch,1,small
1,can,10.825804710388184,twitch,2,can
2,"Jack, can",5.921405792236328,twitch,2,can
1,"Jack,",10.806127548217773,twitch,1,"Jack,"
2,"Great, Jack,",8.522562026977539,twitch,1,"Jack,"
1,you,10.660537719726562,twitch,3,you
2,can you,7.574447154998779,twitch,3,you
4,"Great, Jack, can you",7.533799648284912,twitch,3,you
1,on,11.154274940490723,twitch,3,on
2,you on,8.365743637084961,twitch,3,on
4,"Rogue, are you on",6.92324686050415,twitch,3,on
1,you,10.660537719726562,twitch,2,you
2,are you,8.426103591918945,twitch,2,you
1,are,11.507725715637207,twitch,1,are
2,"Rogue, are",10.037137031555176,twitch,1,are
1,get,11.412823677062988,twitch,3,get
2,can get,8.062816619873047,twitch,3,get
4,Because we can get,8.0430269241333,twitch,3,get
1,can,10.825804710388184,twitch,2,can
2,we can,7.198447227478027,twitch,2,can
1,we,11.5739107131958,twitch,1,we
2,Because we,6.620218276977539,twitch,1,we
1,"yes,",8.981555938720703,twitch,3,"yes,"
2,"yes, yes,",6.155998706817627,twitch,3,"yes,"
4,"Sam, yes, yes, yes,",4.62381649017334,twitch,3,"yes,"
1,"yes,",8.981555938720703,twitch,1,"yes,"
2,"Sam, yes,",6.866289138793945,twitch,1,"yes,"
1,"yes,",8.981555938720703,twitch,2,"yes,"
2,"yes, yes,",6.155998706817627,twitch,2,"yes,"
1,"it,",11.110934257507324,twitch,3,"it,"
2,"live it,",8.363571166992188,twitch,3,"it,"
4,"How'd you live it,",10.960427284240723,twitch,3,"it,"
1,you,10.660537719726562,twitch,1,you
2,How'd you,5.563896656036377,twitch,1,you
1,live,10.645997047424316,twitch,2,live
2,you live,4.0254669189453125,twitch,2,live
1,see,10.684712409973145,twitch,3,see
2,never see,7.033419132232666,twitch,3,see
4,I can never see,6.568309307098389,twitch,3,see
1,can,10.825804710388184,twitch,1,can
2,I can,5.415952682495117,twitch,1,can
1,never,11.493278503417969,twitch,2,never
2,can never,6.941980838775635,twitch,2,never
1,with,11.736027717590332,courtroom,3,with
2,consistent with,8.028017044067383,courtroom,3,with
4,And that's consistent with,6.338095664978027,courtroom,3,with
1,that's,6.693538665771484,courtroom,1,that's
2,And that's,6.363678932189941,courtroom,1,that's
1,the,12.734390258789062,courtroom,4,the
2,with the,12.026729583740234,courtroom,4,the
4,that's consistent with the,11.085983276367188,courtroom,4,the
1,that,10.947566986083984,courtroom,2,that
2,around that,10.102981567382812,courtroom,2,that
1,around,10.504321098327637,courtroom,1,around
2,around-- around,8.077186584472656,courtroom,1,around
1,concrete,9.010464668273926,courtroom,4,concrete
2,"level, concrete",7.751106262207031,courtroom,4,concrete
4,"around that level, concrete",10.006168365478516,courtroom,4,concrete
1,you,10.660537719726562,courtroom,1,you
2,And you,5.847406387329102,courtroom,1,you
1,went,10.454033851623535,courtroom,3,went
2,never went,5.9461188316345215,courtroom,3,went
4,And you never went,4.619905948638916,courtroom,3,went
1,into,11.359146118164062,courtroom,4,into
2,went into,8.181780815124512,courtroom,4,into
4,you never went into,7.2692646980285645,courtroom,4,into
1,don't,7.345463752746582,courtroom,1,don't
2,I don't,4.23712158203125,courtroom,1,don't
1,agree,9.0658540725708,courtroom,2,agree
2,don't agree,3.6005923748016357,courtroom,2,agree
1,that,10.947566986083984,courtroom,3,that
2,agree that,8.371623039245605,courtroom,3,that
4,I don't agree that,8.47231674194336,courtroom,3,that
1,was,10.896289825439453,courtroom,4,was
2,plant was,9.401002883911133,courtroom,4,was
4,know the plant was,9.445592880249023,courtroom,4,was
1,know,10.400792121887207,courtroom,1,know
2,I know,5.813540458679199,courtroom,1,know
1,the,12.734390258789062,courtroom,2,the
2,know the,11.131816864013672,courtroom,2,the
1,say,9.818024635314941,courtroom,2,say
2,you say,6.436583995819092,courtroom,2,say
1,"guessing,",9.762907981872559,courtroom,4,"guessing,"
2,"you're guessing,",7.20757532119751,courtroom,4,"guessing,"
4,"you say you're guessing,",6.590860843658447,courtroom,4,"guessing,"
1,you're,7.940345764160156,courtroom,3,you're
2,say you're,8.138968467712402,courtroom,3,you're
4,When you say you're,6.814083576202393,courtroom,3,you're
1,them,10.87720012664795,courtroom,3,them
2,of them,8.18979549407959,courtroom,3,them
4,What percentage of them,7.456298351287842,courtroom,3,them
1,of,12.024920463562012,courtroom,2,of
2,percentage of,11.095039367675781,courtroom,2,of
1,it,10.897254943847656,courtroom,4,it
2,them it,6.769958019256592,courtroom,4,it
4,percentage of them it,6.31948184967041,courtroom,4,it
1,me,10.572490692138672,courtroom,3,me
2,want me,3.670966625213623,courtroom,3,me
4,Do you want me,0.6749882102012634,courtroom,3,me
1,want,10.154277801513672,courtroom,2,want
2,you want,3.4359631538391113,courtroom,2,want
1,you,10.660537719726562,courtroom,1,you
2,Do you,5.721115589141846,courtroom,1,you
1,was,10.896289825439453,courtroom,2,was
2,that was,8.553487777709961,courtroom,2,was
1,that,10.947566986083984,courtroom,1,that
2,material that,8.674407005310059,courtroom,1,that
1,chipped,8.543822288513184,courtroom,3,chipped
2,was chipped,5.521224498748779,courtroom,3,chipped
4,material that was chipped,5.045041561126709,courtroom,3,chipped
1,each,11.865388870239258,courtroom,1,each
2,what each,9.199125289916992,courtroom,1,each
1,of,12.024920463562012,courtroom,2,of
2,each of,8.173415184020996,courtroom,2,of
1,labels,6.964768886566162,courtroom,4,labels
2,these labels,7.028262615203857,courtroom,4,labels
4,each of these labels,7.209900856018066,courtroom,4,labels
1,was,10.896289825439453,courtroom,1,was
2,"Now, was",7.0456366539001465,courtroom,1,was
1,basement,8.084311485290527,courtroom,3,basement
2,the basement,5.648885250091553,courtroom,3,basement
4,"Now, was the basement",9.555861473083496,courtroom,3,basement
1,level,10.752584457397461,courtroom,4,level
2,basement level,6.018606662750244,courtroom,4,level
4,was the basement level,4.6948161125183105,courtroom,4,level
1,in,11.458725929260254,courtroom,3,in
2,testimony in,7.556280136108398,courtroom,3,in
4,In your testimony in,6.39504337310791,courtroom,3,in
1,this,10.959673881530762,courtroom,4,this
2,in this,9.135798454284668,courtroom,4,this
4,your testimony in this,4.417876243591309,courtroom,4,this
1,testimony,6.126471996307373,courtroom,2,testimony
2,your testimony,6.283453464508057,courtroom,2,testimony
1,in,11.458725929260254,courtroom,3,in
2,involved in,7.402724742889404,courtroom,3,in
4,You weren't involved in,6.819847583770752,courtroom,3,in
1,weren't,8.807559967041016,courtroom,1,weren't
2,You weren't,8.305154800415039,courtroom,1,weren't
1,any,11.360147476196289,courtroom,4,any
2,in any,8.24119758605957,courtroom,4,any
4,weren't involved in any,8.805081367492676,courtroom,4,any
1,where,11.376585006713867,courtroom,2,where
2,that's where,5.7900543212890625,courtroom,2,where
1,those,11.217927932739258,courtroom,3,those
2,where those,9.86933708190918,courtroom,3,those
4,And that's where those,11.735198974609375,courtroom,3,those
1,that's,6.693538665771484,courtroom,1,that's
2,And that's,6.363678932189941,courtroom,1,that's
1,the,12.734390258789062,courtroom,3,the
2,that the,12.474541664123535,courtroom,3,the
4,And was that the,8.54380989074707,courtroom,3,the
1,was,10.896289825439453,courtroom,1,was
2,And was,6.639580726623535,courtroom,1,was
1,that,10.947566986083984,courtroom,2,that
2,was that,8.941490173339844,courtroom,2,that
1,a,11.316549301147461,courtroom,3,a
2,at a,11.874246597290039,courtroom,3,a
4,That was at a,8.206223487854004,courtroom,3,a
1,was,10.896289825439453,courtroom,1,was
2,That was,7.756771087646484,courtroom,1,was
1,at,11.502521514892578,courtroom,2,at
2,was at,6.69391393661499,courtroom,2,at
1,in,11.458725929260254,courtroom,4,in
2,it in,9.66624641418457,courtroom,4,in
4,I have it in,4.74100399017334,courtroom,4,in
1,have,10.692431449890137,courtroom,2,have
2,I have,7.546214580535889,courtroom,2,have
1,it,10.897254943847656,courtroom,3,it
2,have it,8.603046417236328,courtroom,3,it
4,"No, I have it",7.09998893737793,courtroom,3,it
1,testifying,8.480387687683105,courtroom,3,testifying
2,were testifying,4.832818984985352,courtroom,3,testifying
4,And you were testifying,4.831492900848389,courtroom,3,testifying
1,you,10.660537719726562,courtroom,1,you
2,And you,5.847406387329102,courtroom,1,you
1,about,11.107869148254395,courtroom,4,about
2,testifying about,7.336869239807129,courtroom,4,about
4,you were testifying about,8.190183639526367,courtroom,4,about
1,page,10.402233123779297,courtroom,1,page
2,The page,7.470192909240723,courtroom,1,page
1,with,11.736027717590332,courtroom,2,with
2,page with,9.052638053894043,courtroom,2,with
1,the,12.734390258789062,courtroom,3,the
2,with the,12.026729583740234,courtroom,3,the
4,The page with the,11.065850257873535,courtroom,3,the
1,with,11.736027717590332,courtroom,1,with
2,labeled with,10.058246612548828,courtroom,1,with
1,an,11.774314880371094,courtroom,2,an
2,with an,10.487286567687988,courtroom,2,an
1,arrow,10.89774227142334,courtroom,3,arrow
2,an arrow,7.662726402282715,courtroom,3,arrow
4,labeled with an arrow,6.9358015060424805,courtroom,3,arrow
1,was,10.896289825439453,courtroom,4,was
2,it was,9.499979019165039,courtroom,4,was
4,of which it was,9.720783233642578,courtroom,4,was
1,which,10.866917610168457,courtroom,2,which
2,of which,7.615345001220703,courtroom,2,which
1,of,12.024920463562012,courtroom,1,of
2,material of,9.266899108886719,courtroom,1,of
1,was,10.896289825439453,courtroom,1,was
2,What was,5.658463001251221,courtroom,1,was
1,what's,6.277798175811768,courtroom,3,what's
2,-- what's,6.328864097595215,courtroom,3,what's
4,What was -- what's,6.213592529296875,courtroom,3,what's
1,--,10.854382514953613,courtroom,2,--
2,was --,8.51216983795166,courtroom,2,--
1,"water,",10.56627368927002,courtroom,4,"water,"
2,"discolored water,",9.647078514099121,courtroom,4,"water,"
4,"you saw discolored water,",8.138559341430664,courtroom,4,"water,"
1,discolored,8.68044376373291,courtroom,3,discolored
2,saw discolored,9.80325984954834,courtroom,3,discolored
4,when you saw discolored,10.287054061889648,courtroom,3,discolored
1,saw,10.641938209533691,courtroom,2,saw
2,you saw,6.745554447174072,courtroom,2,saw
1,where,11.376585006713867,courtroom,3,where
2,know where,5.939553260803223,courtroom,3,where
4,Do you know where,5.7400078773498535,courtroom,3,where
1,you,10.660537719726562,courtroom,1,you
2,Do you,5.721115589141846,courtroom,1,you
1,it,10.897254943847656,courtroom,4,it
2,where it,6.578718662261963,courtroom,4,it
4,you know where it,4.029780864715576,courtroom,4,it
1,pumped,6.998680114746094,courtroom,3,pumped
2,being pumped,5.050711631774902,courtroom,3,pumped
4,remember stuff being pumped,3.8986973762512207,courtroom,3,pumped
1,off,10.427752494812012,courtroom,4,off
2,pumped off,7.309476852416992,courtroom,4,off
4,stuff being pumped off,5.651765823364258,courtroom,4,off
1,stuff,10.790318489074707,courtroom,1,stuff
2,remember stuff,6.378384590148926,courtroom,1,stuff
1,Pirozzolo,8.406852722167969,courtroom,1,Pirozzolo
2,Mr. Pirozzolo,5.760092735290527,courtroom,1,Pirozzolo
1,Texas,11.075902938842773,courtroom,4,Texas
2,the Texas,9.076470375061035,courtroom,4,Texas
4,Pirozzolo about the Texas,9.858333587646484,courtroom,4,Texas
1,the,12.734390258789062,courtroom,3,the
2,about the,12.374064445495605,courtroom,3,the
4,Mr. Pirozzolo about the,11.828080177307129,courtroom,3,the
1,for,11.576336860656738,courtroom,4,for
2,it for,10.653227806091309,courtroom,4,for
4,just making it for,7.87817907333374,courtroom,4,for
1,making,10.447186470031738,courtroom,2,making
2,just making,7.439397811889648,courtroom,2,making
1,just,11.214090347290039,courtroom,1,just
2,I'm just,7.121546745300293,courtroom,1,just
1,and,11.574933052062988,courtroom,4,and
2,aside and,12.554783821105957,courtroom,4,and
4,were put aside and,9.690374374389648,courtroom,4,and
1,were,11.316572189331055,courtroom,1,were
2,they were,10.10306167602539,courtroom,1,were
1,put,11.452770233154297,courtroom,2,put
2,were put,3.9683239459991455,courtroom,2,put
1,remember,9.751459121704102,courtroom,3,remember
2,you remember,6.299363136291504,courtroom,3,remember
4,And do you remember,5.969797611236572,courtroom,3,remember
1,do,10.671449661254883,courtroom,1,do
2,And do,4.727569103240967,courtroom,1,do
1,you,10.660537719726562,courtroom,2,you
2,do you,5.67453145980835,courtroom,2,you
1,say,9.818024635314941,courtroom,2,say
2,couldn't say,6.540835380554199,courtroom,2,say
1,that,10.947566986083984,courtroom,3,that
2,say that,8.510945320129395,courtroom,3,that
4,I couldn't say that,6.134801864624023,courtroom,3,that
1,it,10.897254943847656,courtroom,4,it
2,that it,5.432468891143799,courtroom,4,it
4,couldn't say that it,4.837331771850586,courtroom,4,it
1,don't,7.345463752746582,courtroom,4,don't
2,just don't,7.719025135040283,courtroom,4,don't
4,"was, I just don't",4.1311516761779785,courtroom,4,don't
1,I,11.117331504821777,courtroom,2,I
2,"was, I",6.326684951782227,courtroom,2,I
1,"was,",7.897464752197266,courtroom,1,"was,"
2,"there was,",6.2438063621521,courtroom,1,"was,"
1,the,12.734390258789062,courtroom,4,the
2,as the,12.38110637664795,courtroom,4,the
4,to commonly as the,11.494016647338867,courtroom,4,the
1,commonly,9.717889785766602,courtroom,2,commonly
2,to commonly,7.853362560272217,courtroom,2,commonly
1,as,11.068653106689453,courtroom,3,as
2,commonly as,8.007797241210938,courtroom,3,as
4,referred to commonly as,8.375797271728516,courtroom,3,as
1,with,11.736027717590332,courtroom,4,with
2,that with,9.220500946044922,courtroom,4,with
4,you mark that with,5.310760021209717,courtroom,4,with
1,that,10.947566986083984,courtroom,3,that
2,mark that,9.62850284576416,courtroom,3,that
4,Could you mark that,8.459975242614746,courtroom,3,that
1,you,10.660537719726562,courtroom,1,you
2,Could you,7.2938618659973145,courtroom,1,you
1,orient,11.445354461669922,courtroom,4,orient
2,to orient,7.051150798797607,courtroom,4,orient
4,just want to orient,6.1728196144104,courtroom,4,orient
1,to,11.301959037780762,courtroom,3,to
2,want to,8.155804634094238,courtroom,3,to
4,I just want to,6.216371059417725,courtroom,3,to
1,just,11.214090347290039,courtroom,1,just
2,I just,6.858152866363525,courtroom,1,just
1,saying,7.357372760772705,courtroom,1,saying
2,you saying,5.873326301574707,courtroom,1,saying
1,that's,6.693538665771484,courtroom,2,that's
2,saying that's,6.590840816497803,courtroom,2,that's
1,your,12.634740829467773,courtroom,3,your
2,that's your,10.43425464630127,courtroom,3,your
4,you saying that's your,8.768874168395996,courtroom,3,your
1,there,9.811803817749023,courtroom,4,there
2,mean there,3.432398796081543,courtroom,4,there
4,do you mean there,3.093010663986206,courtroom,4,there
1,mean,10.580961227416992,courtroom,3,mean
2,you mean,7.516191005706787,courtroom,3,mean
4,What do you mean,5.903243064880371,courtroom,3,mean
1,you,10.660537719726562,courtroom,2,you
2,do you,5.67453145980835,courtroom,2,you
1,was,10.896289825439453,courtroom,3,was
2,there was,5.148713111877441,courtroom,3,was
4,And then there was,6.909370422363281,courtroom,3,was
1,the,12.734390258789062,courtroom,4,the
2,was the,9.750276565551758,courtroom,4,the
4,then there was the,12.00060749053955,courtroom,4,the
1,there,9.811803817749023,courtroom,2,there
2,then there,3.9762797355651855,courtroom,2,there
1,to,11.301959037780762,courtroom,3,to
2,want to,8.155804634094238,courtroom,3,to
4,You didn't want to,7.30117654800415,courtroom,3,to
1,didn't,6.80245304107666,courtroom,1,didn't
2,You didn't,6.6322126388549805,courtroom,1,didn't
1,want,10.154277801513672,courtroom,2,want
2,didn't want,2.41939640045166,courtroom,2,want
1,"approximately,",8.927845001220703,courtroom,2,"approximately,"
2,"many approximately,",8.353984832763672,courtroom,2,"approximately,"
1,it,10.897254943847656,courtroom,4,it
2,was it,8.504231452941895,courtroom,4,it
4,"many approximately, was it",8.648921966552734,courtroom,4,it
1,many,11.224255561828613,courtroom,1,many
2,How many,10.075263977050781,courtroom,1,many
1,where,11.376585006713867,courtroom,3,where
2,that's where,5.7900543212890625,courtroom,3,where
4,I believe that's where,5.7401323318481445,courtroom,3,where
1,it,10.897254943847656,courtroom,4,it
2,where it,6.578718662261963,courtroom,4,it
4,believe that's where it,5.3410797119140625,courtroom,4,it
1,that's,6.693538665771484,courtroom,2,that's
2,believe that's,6.310000896453857,courtroom,2,that's
1,Mr.,11.020536422729492,courtroom,3,Mr.
2,with Mr.,10.947280883789062,courtroom,3,Mr.
4,looking at with Mr.,11.193876266479492,courtroom,3,Mr.
1,at,11.502521514892578,courtroom,1,at
2,looking at,6.523719310760498,courtroom,1,at
1,Pirozzolo,8.406852722167969,courtroom,4,Pirozzolo
2,Mr. Pirozzolo,5.760092735290527,courtroom,4,Pirozzolo
4,at with Mr. Pirozzolo,5.214704990386963,courtroom,4,Pirozzolo
1,for,11.576336860656738,courtroom,4,for
2,there for,9.130694389343262,courtroom,4,for
4,manufactured hexachlorophene there for,8.580434799194336,courtroom,4,for
1,there,9.811803817749023,courtroom,3,there
2,hexachlorophene there,3.658973217010498,courtroom,3,there
4,they manufactured hexachlorophene there,5.828927040100098,courtroom,3,there
1,manufactured,10.14106273651123,courtroom,1,manufactured
2,they manufactured,7.797735214233398,courtroom,1,manufactured
1,don't,7.345463752746582,courtroom,1,don't
2,I don't,4.23712158203125,courtroom,1,don't
1,what,10.599081993103027,courtroom,3,what
2,think what,6.411956310272217,courtroom,3,what
4,I don't think what,5.691868782043457,courtroom,3,what
1,he,11.501636505126953,courtroom,4,he
2,what he,6.271823883056641,courtroom,4,he
4,don't think what he,4.8892502784729,courtroom,4,he
1,he,11.501636505126953,courtroom,3,he
2,saying he,6.029549598693848,courtroom,3,he
4,I'm not saying he,5.159280300140381,courtroom,3,he
1,saying,7.357372760772705,courtroom,2,saying
2,not saying,6.216588973999023,courtroom,2,saying
1,didn't,6.80245304107666,courtroom,4,didn't
2,he didn't,7.439953327178955,courtroom,4,didn't
4,not saying he didn't,6.782813549041748,courtroom,4,didn't
1,a,11.316549301147461,courtroom,4,a
2,be a,11.489357948303223,courtroom,4,a
4,that could be a,10.221231460571289,courtroom,4,a
1,that,10.947566986083984,courtroom,1,that
2,but that,6.69563102722168,courtroom,1,that
1,be,11.872392654418945,courtroom,3,be
2,could be,9.715964317321777,courtroom,3,be
4,but that could be,8.171736717224121,courtroom,3,be
1,noted,9.35066032409668,courtroom,2,noted
2,Street noted,4.520328044891357,courtroom,2,noted
1,Street,10.88773250579834,courtroom,1,Street
2,Smith Street,6.282095909118652,courtroom,1,Street
1,on,11.154274940490723,courtroom,3,on
2,noted on,8.153559684753418,courtroom,3,on
4,Smith Street noted on,4.4058661460876465,courtroom,3,on
1,make,10.938591003417969,courtroom,2,make
2,to make,6.704862117767334,courtroom,2,make
1,most,11.586576461791992,courtroom,4,most
2,the most,8.907288551330566,courtroom,4,most
4,to make the most,2.3648874759674072,courtroom,4,most
1,to,11.301959037780762,courtroom,1,to
2,them to,10.432343482971191,courtroom,1,to
1,this,10.959673881530762,courtroom,4,this
2,that this,8.121275901794434,courtroom,4,this
4,I ask that this,9.24843978881836,courtroom,4,this
1,I,11.117331504821777,courtroom,1,I
2,Can I,7.919334888458252,courtroom,1,I
1,ask,11.095863342285156,courtroom,2,ask
2,I ask,6.144417762756348,courtroom,2,ask
1,where,11.376585006713867,courtroom,1,where
2,"refreshed, where",7.433514595031738,courtroom,1,where
1,did,10.002723693847656,courtroom,2,did
2,where did,5.2911376953125,courtroom,2,did
1,those,11.217927932739258,courtroom,3,those
2,did those,10.328569412231445,courtroom,3,those
4,"refreshed, where did those",11.176177978515625,courtroom,3,those
1,could,10.399933815002441,courtroom,1,could
2,They could,6.963104248046875,courtroom,1,could
1,have,10.692431449890137,courtroom,2,have
2,could have,7.530144691467285,courtroom,2,have
1,been,10.934855461120605,courtroom,3,been
2,have been,10.350520133972168,courtroom,3,been
4,They could have been,10.38010311126709,courtroom,3,been
1,being,10.280539512634277,courtroom,1,being
2,were being,9.479388236999512,courtroom,1,being
1,to,11.301959037780762,courtroom,4,to
2,out to,10.812771797180176,courtroom,4,to
4,being shipped out to,9.202092170715332,courtroom,4,to
1,shipped,8.305038452148438,courtroom,2,shipped
2,being shipped,5.508677959442139,courtroom,2,shipped
1,I,11.117331504821777,courtroom,3,I
2,what I,6.247179985046387,courtroom,3,I
4,That's --that's what I,5.759084224700928,courtroom,3,I
1,--that's,6.801289081573486,courtroom,1,--that's
2,That's --that's,6.600439071655273,courtroom,1,--that's
1,what,10.599081993103027,courtroom,2,what
2,--that's what,6.262852668762207,courtroom,2,what
1,either,10.89315414428711,courtroom,4,either
2,building either,8.80408763885498,courtroom,4,either
4,in any building either,6.771173000335693,courtroom,4,either
1,in,11.458725929260254,courtroom,1,in
2,were in,8.515585899353027,courtroom,1,in
1,building,10.376143455505371,courtroom,3,building
2,any building,6.556920528411865,courtroom,3,building
4,were in any building,6.037485599517822,courtroom,3,building
1,hexachlorophene,6.738622188568115,courtroom,4,hexachlorophene
2,that hexachlorophene,7.387282371520996,courtroom,4,hexachlorophene
4,you recall that hexachlorophene,6.195939540863037,courtroom,4,hexachlorophene
1,you,10.660537719726562,courtroom,1,you
2,Do you,5.721115589141846,courtroom,1,you
1,recall,9.789066314697266,courtroom,2,recall
2,you recall,6.171844005584717,courtroom,2,recall
1,in,11.458725929260254,courtroom,2,in
2,marked in,9.214725494384766,courtroom,2,in
1,prior,9.924758911132812,courtroom,4,prior
2,a prior,3.7463626861572266,courtroom,4,prior
4,marked in a prior,9.729089736938477,courtroom,4,prior
1,marked,10.551750183105469,courtroom,1,marked
2,previously marked,7.712797164916992,courtroom,1,marked
1,a,11.316549301147461,courtroom,4,a
2,us a,12.18590259552002,courtroom,4,a
4,you give us a,9.36449146270752,courtroom,4,a
1,give,10.711256980895996,courtroom,2,give
2,you give,5.528259754180908,courtroom,2,give
1,us,11.194427490234375,courtroom,3,us
2,give us,5.016291618347168,courtroom,3,us
4,Can you give us,4.61449670791626,courtroom,3,us
1,of,12.024920463562012,courtroom,4,of
2,kind of,11.920049667358398,courtroom,4,of
4,or some kind of,12.3939790725708,courtroom,4,of
1,or,11.46521282196045,courtroom,1,or
2,"sludge, or",11.387730598449707,courtroom,1,or
1,some,11.931933403015137,courtroom,2,some
2,or some,10.534272193908691,courtroom,2,some
1,the,12.734390258789062,courtroom,1,the
2,Were the,12.216327667236328,courtroom,1,the
1,windows,10.70998764038086,courtroom,2,windows
2,the windows,7.118146896362305,courtroom,2,windows
1,windows,10.70998764038086,courtroom,4,windows
2,full-size windows,7.252239227294922,courtroom,4,windows
4,the windows full-size windows,7.235983848571777,courtroom,4,windows
1,it,10.897254943847656,courtroom,2,it
2,think it,5.381387710571289,courtroom,2,it
1,carbon,11.49483871459961,courtroom,4,carbon
2,was carbon,6.541343688964844,courtroom,4,carbon
4,think it was carbon,5.650104999542236,courtroom,4,carbon
1,think,9.863617897033691,courtroom,1,think
2,I think,5.887979984283447,courtroom,1,think
1,"NADEAU,",11.325904846191406,courtroom,4,"NADEAU,"
2,"JOSEPH NADEAU,",9.615143775939941,courtroom,4,"NADEAU,"
4,"deposition of JOSEPH NADEAU,",8.911026954650879,courtroom,4,"NADEAU,"
1,JOSEPH,8.632774353027344,courtroom,3,JOSEPH
2,of JOSEPH,8.065789222717285,courtroom,3,JOSEPH
4,Continued deposition of JOSEPH,8.427640914916992,courtroom,3,JOSEPH
1,of,12.024920463562012,courtroom,2,of
2,deposition of,10.773392677307129,courtroom,2,of
1,to,11.301959037780762,courtroom,2,to
2,according to,9.685174942016602,courtroom,2,to
1,according,8.117233276367188,courtroom,1,according
2,"labeled, according",0.05733625963330269,courtroom,1,according
1,your,12.634740829467773,courtroom,3,your
2,to your,11.106012344360352,courtroom,3,your
4,"labeled, according to your",10.984508514404297,courtroom,3,your
1,"""Pit""",9.284932136535645,courtroom,4,"""Pit"""
2,"word ""Pit""",9.314546585083008,courtroom,4,"""Pit"""
4,"where the word ""Pit""",5.080661296844482,courtroom,4,"""Pit"""
1,the,12.734390258789062,courtroom,2,the
2,where the,12.527472496032715,courtroom,2,the
1,where,11.376585006713867,courtroom,1,where
2,near where,7.382411479949951,courtroom,1,where
1,previously,8.577510833740234,courtroom,2,previously
2,you previously,8.322275161743164,courtroom,2,previously
1,told,10.297562599182129,courtroom,3,told
2,previously told,6.884378433227539,courtroom,3,told
4,Tower you previously told,4.008023738861084,courtroom,3,told
1,us,11.194427490234375,courtroom,4,us
2,told us,5.199966907501221,courtroom,4,us
4,you previously told us,4.678049087524414,courtroom,4,us
1,"ownerships,",10.624610900878906,courtroom,4,"ownerships,"
2,"separate ownerships,",9.75358772277832,courtroom,4,"ownerships,"
4,"there was separate ownerships,",7.1798834800720215,courtroom,4,"ownerships,"
1,was,10.896289825439453,courtroom,2,was
2,there was,5.148713111877441,courtroom,2,was
1,there,9.811803817749023,courtroom,1,there
2,Whether there,3.047166347503662,courtroom,1,there
1,an,11.774314880371094,courtroom,2,an
2,is an,10.23307991027832,courtroom,2,an
1,with,11.736027717590332,courtroom,4,with
2,attorney with,6.747138977050781,courtroom,4,with
4,is an attorney with,7.844859600067139,courtroom,4,with
1,attorney,7.580563545227051,courtroom,3,attorney
2,an attorney,7.084178924560547,courtroom,3,attorney
4,She is an attorney,4.087559223175049,courtroom,3,attorney
1,the,12.734390258789062,courtroom,2,the
2,in the,11.499937057495117,courtroom,2,the
1,reserve,10.207207679748535,courtroom,3,reserve
2,the reserve,8.538496017456055,courtroom,3,reserve
4,filtered in the reserve,7.803635120391846,courtroom,3,reserve
1,in,11.458725929260254,courtroom,1,in
2,filtered in,9.677831649780273,courtroom,1,in
1,"them,",11.311666488647461,courtroom,2,"them,"
2,"of them,",8.53563117980957,courtroom,2,"them,"
1,of,12.024920463562012,courtroom,4,of
2,some of,4.529647350311279,courtroom,4,of
4,"of them, some of",1.937134861946106,courtroom,4,of
1,of,12.024920463562012,courtroom,1,of
2,majority of,9.280132293701172,courtroom,1,of
1,of,12.024920463562012,courtroom,3,of
2,corner of,8.753257751464844,courtroom,3,of
4,In this corner of,4.440292835235596,courtroom,3,of
1,the,12.734390258789062,courtroom,4,the
2,of the,12.293905258178711,courtroom,4,the
4,this corner of the,9.870838165283203,courtroom,4,the
1,this,10.959673881530762,courtroom,1,this
2,In this,8.090170860290527,courtroom,1,this
1,you,10.660537719726562,courtroom,2,you
2,can you,7.574447154998779,courtroom,2,you
1,visualize,10.253544807434082,courtroom,4,visualize
2,today visualize,7.505023002624512,courtroom,4,visualize
4,can you today visualize,5.832374572753906,courtroom,4,visualize
1,can,10.825804710388184,courtroom,1,can
2,"Now, can",4.203665256500244,courtroom,1,can
1,NECC,9.90854263305664,courtroom,4,NECC
2,for NECC,10.501066207885742,courtroom,4,NECC
4,he worked for NECC,6.419537544250488,courtroom,4,NECC
1,for,11.576336860656738,courtroom,3,for
2,worked for,9.612269401550293,courtroom,3,for
4,when he worked for,8.936407089233398,courtroom,3,for
1,worked,9.954773902893066,courtroom,2,worked
2,he worked,5.16546106338501,courtroom,2,worked
1,the,12.734390258789062,courtroom,1,the
2,Did the,12.449129104614258,courtroom,1,the
1,have,10.692431449890137,courtroom,4,have
2,level have,7.599981307983398,courtroom,4,have
4,the basement level have,8.021951675415039,courtroom,4,have
1,level,10.752584457397461,courtroom,3,level
2,basement level,6.018606662750244,courtroom,3,level
4,Did the basement level,9.575067520141602,courtroom,3,level
1,and,11.574933052062988,courtroom,3,and
2,time and,11.54003620147705,courtroom,3,and
4,appreciate your time and,7.397190570831299,courtroom,3,and
1,your,12.634740829467773,courtroom,4,your
2,and your,11.305512428283691,courtroom,4,your
4,your time and your,8.220221519470215,courtroom,4,your
1,your,12.634740829467773,courtroom,1,your
2,appreciate your,10.72122859954834,courtroom,1,your
1,underneath,4.379638671875,courtroom,4,underneath
2,area underneath,5.532118797302246,courtroom,4,underneath
4,was an area underneath,6.09330940246582,courtroom,4,underneath
1,area,10.593823432922363,courtroom,3,area
2,an area,5.571434497833252,courtroom,3,area
4,There was an area,4.959831714630127,courtroom,3,area
1,an,11.774314880371094,courtroom,2,an
2,was an,9.870467185974121,courtroom,2,an
1,bunch,8.668734550476074,courtroom,3,bunch
2,a bunch,1.6431020498275757,courtroom,3,bunch
4,I had a bunch,0.43838074803352356,courtroom,3,bunch
1,of,12.024920463562012,courtroom,4,of
2,bunch of,12.019502639770508,courtroom,4,of
4,had a bunch of,11.093993186950684,courtroom,4,of
1,had,11.16131591796875,courtroom,1,had
2,I had,7.072267055511475,courtroom,1,had
1,cleaned,8.673982620239258,courtroom,2,cleaned
2,were cleaned,4.603146076202393,courtroom,2,cleaned
1,and,11.574933052062988,courtroom,3,and
2,cleaned and,10.110736846923828,courtroom,3,and
4,They were cleaned and,9.640976905822754,courtroom,3,and
1,were,11.316572189331055,courtroom,1,were
2,They were,9.801994323730469,courtroom,1,were
1,you,10.660537719726562,courtroom,1,you
2,And you,5.847406387329102,courtroom,1,you
1,described,11.132750511169434,courtroom,2,described
2,you described,6.453827857971191,courtroom,2,described
1,that,10.947566986083984,courtroom,3,that
2,described that,8.599093437194824,courtroom,3,that
4,And you described that,8.783735275268555,courtroom,3,that
1,these,11.89498519897461,courtroom,4,these
2,to these,10.875585556030273,courtroom,4,these
4,that went to these,9.908753395080566,courtroom,4,these
1,that,10.947566986083984,courtroom,1,that
2,catwalk that,9.071528434753418,courtroom,1,that
1,to,11.301959037780762,courtroom,3,to
2,went to,9.33336353302002,courtroom,3,to
4,catwalk that went to,10.239875793457031,courtroom,3,to
1,drawn,11.600726127624512,courtroom,3,drawn
2,was drawn,5.395301818847656,courtroom,3,drawn
4,rectangle that was drawn,5.404833793640137,courtroom,3,drawn
1,in,11.458725929260254,courtroom,4,in
2,drawn in,9.747184753417969,courtroom,4,in
4,that was drawn in,8.974552154541016,courtroom,4,in
1,was,10.896289825439453,courtroom,2,was
2,that was,8.553487777709961,courtroom,2,was
1,the,12.734390258789062,courtroom,3,the
2,along the,10.902454376220703,courtroom,3,the
4,They were along the,8.836272239685059,courtroom,3,the
1,back,10.862462043762207,courtroom,4,back
2,the back,5.567634105682373,courtroom,4,back
4,were along the back,5.718257904052734,courtroom,4,back
1,along,9.855757713317871,courtroom,2,along
2,were along,5.116444110870361,courtroom,2,along
1,talking,11.032435417175293,courtroom,3,talking
2,we're talking,2.993584394454956,courtroom,3,talking
4,Just so we're talking,3.398913860321045,courtroom,3,talking
1,so,11.06381893157959,courtroom,1,so
2,Just so,6.688824653625488,courtroom,1,so
1,the,12.734390258789062,courtroom,4,the
2,talking the,11.605489730834961,courtroom,4,the
4,so we're talking the,11.725561141967773,courtroom,4,the
1,next,10.758065223693848,courtroom,2,next
2,the next,8.17951488494873,courtroom,2,next
1,label,11.108797073364258,courtroom,3,label
2,next label,7.342966556549072,courtroom,3,label
4,"Now, the next label",7.342648506164551,courtroom,3,label
1,the,12.734390258789062,courtroom,1,the
2,"Now, the",12.17552661895752,courtroom,1,the
1,the,12.734390258789062,courtroom,3,the
2,for the,10.603531837463379,courtroom,3,the
4,that number for the,11.210251808166504,courtroom,3,the
1,court,10.41323471069336,courtroom,4,court
2,the court,7.584042549133301,courtroom,4,court
4,number for the court,6.651288986206055,courtroom,4,court
1,for,11.576336860656738,courtroom,2,for
2,number for,10.736749649047852,courtroom,2,for
1,you,10.660537719726562,courtroom,1,you
2,Do you,5.721115589141846,courtroom,1,you
1,asked,7.645595073699951,courtroom,4,asked
2,being asked,5.532395839691162,courtroom,4,asked
4,you recall being asked,4.7047858238220215,courtroom,4,asked
1,being,10.280539512634277,courtroom,3,being
2,recall being,9.551654815673828,courtroom,3,being
4,Do you recall being,7.582639217376709,courtroom,3,being
1,they,10.613469123840332,courtroom,2,they
2,where they,7.527608394622803,courtroom,2,they
1,washed,10.444775581359863,courtroom,3,washed
2,they washed,5.665957450866699,courtroom,3,washed
4,That's where they washed,4.963169097900391,courtroom,3,washed
1,where,11.376585006713867,courtroom,1,where
2,That's where,6.227014064788818,courtroom,1,where
1,testified,8.56330394744873,courtroom,3,testified
2,previously testified,4.727161884307861,courtroom,3,testified
4,And you previously testified,3.5922935009002686,courtroom,3,testified
1,previously,8.577510833740234,courtroom,2,previously
2,you previously,8.322275161743164,courtroom,2,previously
1,you,10.660537719726562,courtroom,1,you
2,And you,5.847406387329102,courtroom,1,you
1,Page,10.672101974487305,courtroom,1,Page
2,On Page,6.9909491539001465,courtroom,1,Page
1,that,10.947566986083984,courtroom,3,that
2,28 that,9.502690315246582,courtroom,3,that
4,On Page 28 that,9.409584999084473,courtroom,3,that
1,28,9.86409854888916,courtroom,2,28
2,Page 28,6.880415439605713,courtroom,2,28
1,fill,10.933975219726562,courtroom,4,fill
2,or fill,6.684197425842285,courtroom,4,fill
4,fill pipes or fill,8.62685775756836,courtroom,4,fill
1,fill,10.933975219726562,courtroom,1,fill
2,were fill,6.627747058868408,courtroom,1,fill
1,pipes,7.177602291107178,courtroom,2,pipes
2,fill pipes,5.881587028503418,courtroom,2,pipes
1,the,12.734390258789062,courtroom,3,the
2,from the,12.40151309967041,courtroom,3,the
4,come in from the,11.35675048828125,courtroom,3,the
1,from,11.629947662353516,courtroom,2,from
2,in from,10.372472763061523,courtroom,2,from
1,in,11.458725929260254,courtroom,1,in
2,come in,10.286802291870117,courtroom,1,in
1,manufactured;,10.55789566040039,courtroom,3,manufactured;
2,was manufactured;,8.248682022094727,courtroom,3,manufactured;
4,long hexachlorophene was manufactured;,7.529873847961426,courtroom,3,manufactured;
1,do,10.671449661254883,courtroom,4,do
2,manufactured; do,2.7548141479492188,courtroom,4,do
4,hexachlorophene was manufactured; do,4.3063178062438965,courtroom,4,do
1,was,10.896289825439453,courtroom,2,was
2,hexachlorophene was,7.29473876953125,courtroom,2,was
1,other,11.661579132080078,courtroom,3,other
2,the other,9.178586959838867,courtroom,3,other
4,remember where the other,10.710932731628418,courtroom,3,other
1,where,11.376585006713867,courtroom,1,where
2,remember where,5.922419548034668,courtroom,1,where
1,one,10.6817045211792,courtroom,4,one
2,other one,7.486537456512451,courtroom,4,one
4,where the other one,6.582380771636963,courtroom,4,one
1,put,11.452770233154297,courtroom,2,put
2,you put,6.518835067749023,courtroom,2,put
1,arrow,10.89774227142334,courtroom,4,arrow
2,an arrow,7.662726402282715,courtroom,4,arrow
4,you put an arrow,4.505152702331543,courtroom,4,arrow
1,an,11.774314880371094,courtroom,3,an
2,put an,10.012545585632324,courtroom,3,an
4,Can you put an,8.612954139709473,courtroom,3,an
1,"Providence,",7.354555130004883,courtroom,3,"Providence,"
2,"Plaza, Providence,",4.8881120681762695,courtroom,3,"Providence,"
4,"1800 Financial Plaza, Providence,",1.7345587015151978,courtroom,3,"Providence,"
1,Rhode,4.291497230529785,courtroom,4,Rhode
2,"Providence, Rhode",0.02059893123805523,courtroom,4,Rhode
4,"Financial Plaza, Providence, Rhode",0.014471683651208878,courtroom,4,Rhode
1,"Plaza,",11.122352600097656,courtroom,2,"Plaza,"
2,"Financial Plaza,",9.766926765441895,courtroom,2,"Plaza,"
1,worked,9.954773902893066,courtroom,3,worked
2,you worked,5.275872230529785,courtroom,3,worked
4,And when you worked,4.479520797729492,courtroom,3,worked
1,for,11.576336860656738,courtroom,4,for
2,worked for,9.612269401550293,courtroom,4,for
4,when you worked for,8.450345039367676,courtroom,4,for
1,you,10.660537719726562,courtroom,2,you
2,when you,7.518013954162598,courtroom,2,you
1,would,10.050649642944336,courtroom,1,would
2,They would,7.267640113830566,courtroom,1,would
1,clean,11.337976455688477,courtroom,2,clean
2,would clean,5.039506435394287,courtroom,2,clean
1,drums,8.221752166748047,courtroom,4,drums
2,the drums,6.64790153503418,courtroom,4,drums
4,would clean the drums,6.005704402923584,courtroom,4,drums
1,some,11.931933403015137,courtroom,1,some
2,through some,9.230389595031738,courtroom,1,some
1,outside,10.25705623626709,courtroom,4,outside
2,those outside,5.642194747924805,courtroom,4,outside
4,some of those outside,5.887857913970947,courtroom,4,outside
1,of,12.024920463562012,courtroom,2,of
2,some of,4.529647350311279,courtroom,2,of
1,"describe,",9.505143165588379,courtroom,2,"describe,"
2,"you describe,",8.233328819274902,courtroom,2,"describe,"
1,your,12.634740829467773,courtroom,4,your
2,to your,11.106012344360352,courtroom,4,your
4,"you describe, to your",9.077165603637695,courtroom,4,your
1,you,10.660537719726562,courtroom,1,you
2,Can you,7.312708377838135,courtroom,1,you
1,through,11.072386741638184,courtroom,2,through
2,1 through,8.737141609191895,courtroom,2,through
1,10,9.94316291809082,courtroom,3,10
2,through 10,8.040643692016602,courtroom,3,10
4,Lines 1 through 10,6.679108142852783,courtroom,3,10
1,to,11.301959037780762,courtroom,4,to
2,10 to,8.847041130065918,courtroom,4,to
4,1 through 10 to,9.665002822875977,courtroom,4,to
1,can,10.825804710388184,courtroom,1,can
2,And can,5.100056171417236,courtroom,1,can
1,visualize,10.253544807434082,courtroom,3,visualize
2,you visualize,6.383286476135254,courtroom,3,visualize
4,And can you visualize,5.051756858825684,courtroom,3,visualize
1,you,10.660537719726562,courtroom,2,you
2,can you,7.574447154998779,courtroom,2,you
1,manufactured,10.14106273651123,courtroom,2,manufactured
2,was manufactured,4.597559928894043,courtroom,2,manufactured
1,in,11.458725929260254,courtroom,3,in
2,manufactured in,8.562026977539062,courtroom,3,in
4,hexachlorophene was manufactured in,7.186215400695801,courtroom,3,in
1,was,10.896289825439453,courtroom,1,was
2,hexachlorophene was,7.29473876953125,courtroom,1,was
1,away,10.657820701599121,courtroom,3,away
2,them away,4.586776256561279,courtroom,3,away
4,they throw them away,5.370741367340088,courtroom,3,away
1,somehow,8.333283424377441,courtroom,4,somehow
2,away somehow,6.840427398681641,courtroom,4,somehow
4,throw them away somehow,4.522082805633545,courtroom,4,somehow
1,throw,10.991786003112793,courtroom,1,throw
2,they throw,7.23520040512085,courtroom,1,throw
1,there,9.811803817749023,courtroom,1,there
2,Because there,3.1326606273651123,courtroom,1,there
1,a,11.316549301147461,courtroom,3,a
2,was a,11.245882987976074,courtroom,3,a
4,Because there was a,10.30053424835205,courtroom,3,a
1,was,10.896289825439453,courtroom,2,was
2,there was,5.148713111877441,courtroom,2,was
1,can,10.825804710388184,courtroom,4,can
2,I can,5.415952682495117,courtroom,4,can
4,much as I can,6.906182289123535,courtroom,4,can
1,as,11.068653106689453,courtroom,2,as
2,much as,8.226532936096191,courtroom,2,as
1,much,10.719216346740723,courtroom,1,much
2,As much,1.8705424070358276,courtroom,1,much
1,probably,11.00655746459961,courtroom,3,probably
2,that probably,8.092873573303223,courtroom,3,probably
4,One thing that probably,7.775822162628174,courtroom,3,probably
1,thing,10.63368034362793,courtroom,1,thing
2,One thing,4.371044158935547,courtroom,1,thing
1,needs,9.402018547058105,courtroom,4,needs
2,probably needs,4.661012649536133,courtroom,4,needs
4,thing that probably needs,5.200131893157959,courtroom,4,needs
1,no,11.925097465515137,courtroom,3,no
2,was no,10.337575912475586,courtroom,3,no
4,So there was no,10.44719409942627,courtroom,3,no
1,there,9.811803817749023,courtroom,1,there
2,So there,3.293222188949585,courtroom,1,there
1,question,10.218716621398926,courtroom,4,question
2,no question,5.896419048309326,courtroom,4,question
4,there was no question,4.13187837600708,courtroom,4,question
1,from,11.629947662353516,courtroom,2,from
2,residue from,10.279678344726562,courtroom,2,from
1,tight,11.193719863891602,courtroom,4,tight
2,the tight,8.38929557800293,courtroom,4,tight
4,residue from the tight,7.078900337219238,courtroom,4,tight
1,the,12.734390258789062,courtroom,3,the
2,from the,12.40151309967041,courtroom,3,the
4,the residue from the,12.059310913085938,courtroom,3,the
1,served,10.681180953979492,courtroom,2,served
2,you served,7.116970062255859,courtroom,2,served
1,in,11.458725929260254,courtroom,3,in
2,served in,9.509866714477539,courtroom,3,in
4,And you served in,6.123940467834473,courtroom,3,in
1,the,12.734390258789062,courtroom,4,the
2,in the,11.499937057495117,courtroom,4,the
4,you served in the,9.013383865356445,courtroom,4,the
1,August,10.1755952835083,courtroom,1,August
2,because August,7.812162399291992,courtroom,1,August
1,23rd,8.457807540893555,courtroom,2,23rd
2,August 23rd,4.91086483001709,courtroom,2,23rd
1,was,10.896289825439453,courtroom,4,was
2,I was,8.877824783325195,courtroom,4,was
4,August 23rd I was,8.82582950592041,courtroom,4,was
1,maintenance,8.15251350402832,courtroom,1,maintenance
2,The maintenance,7.2123847007751465,courtroom,1,maintenance
1,work,10.086380004882812,courtroom,4,work
2,would work,6.105981349945068,courtroom,4,work
4,maintenance people would work,6.8493266105651855,courtroom,4,work
1,people,9.81640911102295,courtroom,2,people
2,maintenance people,7.1007981300354,courtroom,2,people
1,out,10.346115112304688,courtroom,3,out
2,looking out,5.039701461791992,courtroom,3,out
4,basement and looking out,4.676054000854492,courtroom,3,out
1,the,12.734390258789062,courtroom,4,the
2,out the,12.475030899047852,courtroom,4,the
4,and looking out the,1.7237341403961182,courtroom,4,the
1,and,11.574933052062988,courtroom,1,and
2,basement and,11.490116119384766,courtroom,1,and
1,Johnny,11.786310195922852,courtroom,3,Johnny
2,a Johnny,10.988163948059082,courtroom,3,Johnny
4,There was a Johnny,8.94959545135498,courtroom,3,Johnny
1,Joyal,8.444489479064941,courtroom,4,Joyal
2,Johnny Joyal,7.352020263671875,courtroom,4,Joyal
4,was a Johnny Joyal,9.018656730651855,courtroom,4,Joyal
1,was,10.896289825439453,courtroom,1,was
2,There was,5.128911018371582,courtroom,1,was
1,the,12.734390258789062,courtroom,4,the
2,to the,12.121143341064453,courtroom,4,the
4,again moving to the,10.945408821105957,courtroom,4,the
1,moving,11.019135475158691,courtroom,2,moving
2,again moving,7.503550052642822,courtroom,2,moving
1,again,8.657377243041992,courtroom,1,again
2,"Now, again",1.7116000652313232,courtroom,1,again
1,your,12.634740829467773,courtroom,3,your
2,refresh your,4.681421756744385,courtroom,3,your
4,Does that refresh your,3.168588399887085,courtroom,3,your
1,refresh,9.593619346618652,courtroom,2,refresh
2,that refresh,5.677432537078857,courtroom,2,refresh
1,that,10.947566986083984,courtroom,1,that
2,Does that,5.713591575622559,courtroom,1,that
1,this,10.959673881530762,courtroom,4,this
2,on this,10.626091003417969,courtroom,4,this
4,various features on this,8.631536483764648,courtroom,4,this
1,various,11.505118370056152,courtroom,1,various
2,identifying various,10.619352340698242,courtroom,1,various
1,on,11.154274940490723,courtroom,3,on
2,features on,9.475933074951172,courtroom,3,on
4,identifying various features on,6.3387556076049805,courtroom,3,on
1,reviewed,10.464941024780273,courtroom,1,reviewed
2,Having reviewed,5.386612415313721,courtroom,1,reviewed
1,from,11.629947662353516,courtroom,4,from
2,testimony from,9.05944538116455,courtroom,4,from
4,reviewed the testimony from,9.287158966064453,courtroom,4,from
1,testimony,6.126471996307373,courtroom,3,testimony
2,the testimony,2.805119752883911,courtroom,3,testimony
4,Having reviewed the testimony,3.5920379161834717,courtroom,3,testimony
1,you,10.660537719726562,courtroom,1,you
2,would you,6.951193332672119,courtroom,1,you
1,describe,8.503939628601074,courtroom,2,describe
2,you describe,6.092484474182129,courtroom,2,describe
1,Texas,11.075902938842773,courtroom,4,Texas
2,the Texas,9.076470375061035,courtroom,4,Texas
4,you describe the Texas,11.006980895996094,courtroom,4,Texas
1,indicate,7.026080131530762,courtroom,4,indicate
2,"storage"" indicate",5.755456924438477,courtroom,4,indicate
4,"does ""Drum storage"" indicate",5.715280532836914,courtroom,4,indicate
1,"""Drum",7.581357955932617,courtroom,2,"""Drum"
2,"does ""Drum",8.888021469116211,courtroom,2,"""Drum"
1,does,9.734188079833984,courtroom,1,does
2,And does,5.932773590087891,courtroom,1,does
1,I,11.117331504821777,courtroom,4,I
2,where I,7.463191032409668,courtroom,4,I
4,-- that's where I,6.989725589752197,courtroom,4,I
1,that's,6.693538665771484,courtroom,2,that's
2,-- that's,7.34683084487915,courtroom,2,that's
1,where,11.376585006713867,courtroom,3,where
2,that's where,5.7900543212890625,courtroom,3,where
4,That's -- that's where,5.323188304901123,courtroom,3,where
1,do,10.671449661254883,courtroom,1,do
2,And do,4.727569103240967,courtroom,1,do
1,recall,9.789066314697266,courtroom,3,recall
2,you recall,6.171844005584717,courtroom,3,recall
4,And do you recall,6.1513543128967285,courtroom,3,recall
1,whether,10.63432788848877,courtroom,4,whether
2,recall whether,5.9560747146606445,courtroom,4,whether
4,do you recall whether,6.561015605926514,courtroom,4,whether
1,worked,9.954773902893066,courtroom,2,worked
2,never worked,5.779923439025879,courtroom,2,worked
1,never,11.493278503417969,courtroom,1,never
2,I never,7.523129463195801,courtroom,1,never
1,that,10.947566986083984,courtroom,4,that
2,in that,9.856125831604004,courtroom,4,that
4,never worked in that,7.883111953735352,courtroom,4,that
1,were,11.316572189331055,courtroom,4,were
2,you were,9.302709579467773,courtroom,4,were
4,you remember you were,8.613809585571289,courtroom,4,were
1,you,10.660537719726562,courtroom,3,you
2,remember you,7.431819438934326,courtroom,3,you
4,Do you remember you,6.63024377822876,courtroom,3,you
1,you,10.660537719726562,courtroom,1,you
2,Do you,5.721115589141846,courtroom,1,you
1,that,10.947566986083984,courtroom,3,that
2,attribute that,9.212757110595703,courtroom,3,that
4,I didn't attribute that,6.391021251678467,courtroom,3,that
1,didn't,6.80245304107666,courtroom,1,didn't
2,I didn't,6.0472731590271,courtroom,1,didn't
1,attribute,10.71585464477539,courtroom,2,attribute
2,didn't attribute,5.289431571960449,courtroom,2,attribute
1,a,11.316549301147461,courtroom,2,a
2,there's a,8.692606925964355,courtroom,2,a
1,there's,5.328185558319092,courtroom,1,there's
2,Then there's,6.338862895965576,courtroom,1,there's
1,rectangle,8.990222930908203,courtroom,3,rectangle
2,a rectangle,6.098470211029053,courtroom,3,rectangle
4,Then there's a rectangle,5.916948318481445,courtroom,3,rectangle
1,of,12.024920463562012,courtroom,2,of
2,sort of,11.400115013122559,courtroom,2,of
1,work,10.086380004882812,courtroom,3,work
2,of work,7.227213382720947,courtroom,3,work
4,some sort of work,7.272764682769775,courtroom,3,work
1,on,11.154274940490723,courtroom,4,on
2,work on,8.784634590148926,courtroom,4,on
4,sort of work on,8.155805587768555,courtroom,4,on
1,may,10.549492835998535,courtroom,3,may
2,we may,7.020711898803711,courtroom,3,may
4,Brian and we may,6.116848468780518,courtroom,3,may
1,be,11.872392654418945,courtroom,4,be
2,may be,9.790362358093262,courtroom,4,be
4,and we may be,8.44095230102539,courtroom,4,be
1,and,11.574933052062988,courtroom,1,and
2,Brian and,10.112520217895508,courtroom,1,and
1,logical,10.863636016845703,courtroom,4,logical
2,be logical,8.186919212341309,courtroom,4,logical
4,trying to be logical,5.198943138122559,courtroom,4,logical
1,to,11.301959037780762,courtroom,2,to
2,trying to,8.693740844726562,courtroom,2,to
1,be,11.872392654418945,courtroom,3,be
2,to be,10.100297927856445,courtroom,3,be
4,I'm trying to be,7.886544704437256,courtroom,3,be
1,want,10.154277801513672,courtroom,1,want
2,I want,3.1437084674835205,courtroom,1,want
1,to,11.301959037780762,courtroom,2,to
2,want to,8.155804634094238,courtroom,2,to
1,some,11.931933403015137,courtroom,4,some
2,get some,10.582914352416992,courtroom,4,some
4,want to get some,10.177431106567383,courtroom,4,some
1,remember,9.751459121704102,courtroom,4,remember
2,I remember,7.350043296813965,courtroom,4,remember
4,the way I remember,3.6501975059509277,courtroom,4,remember
1,the,12.734390258789062,courtroom,1,the
2,That's the,9.423316955566406,courtroom,1,the
1,I,11.117331504821777,courtroom,3,I
2,way I,8.079914093017578,courtroom,3,I
4,That's the way I,5.63684606552124,courtroom,3,I
1,the,12.734390258789062,courtroom,3,the
2,was the,9.750276565551758,courtroom,3,the
4,"'62, '63 was the",9.043249130249023,courtroom,3,the
1,was,10.896289825439453,courtroom,2,was
2,'63 was,9.828802108764648,courtroom,2,was
1,New,12.359051704406738,courtroom,4,New
2,the New,4.201605319976807,courtroom,4,New
4,'63 was the New,4.542923450469971,courtroom,4,New
1,on,11.154274940490723,courtroom,3,on
2,river on,7.171066761016846,courtroom,3,on
4,have the river on,5.433023929595947,courtroom,3,on
1,one,10.6817045211792,courtroom,4,one
2,on one,7.193892478942871,courtroom,4,one
4,the river on one,2.2743632793426514,courtroom,4,one
1,the,12.734390258789062,courtroom,1,the
2,have the,10.191239356994629,courtroom,1,the
1,we,11.5739107131958,courtroom,4,we
2,where we,7.516524314880371,courtroom,4,we
4,guessing that's where we,5.144917011260986,courtroom,4,we
1,that's,6.693538665771484,courtroom,2,that's
2,guessing that's,6.620708465576172,courtroom,2,that's
1,guessing,7.04457950592041,courtroom,1,guessing
2,I'm guessing,5.675169467926025,courtroom,1,guessing
1,like,11.612746238708496,courtroom,1,like
2,I'd like,1.216470718383789,courtroom,1,like
1,ask,11.095863342285156,courtroom,3,ask
2,to ask,6.670759677886963,courtroom,3,ask
4,I'd like to ask,4.333117485046387,courtroom,3,ask
1,to,11.301959037780762,courtroom,2,to
2,like to,10.026898384094238,courtroom,2,to
1,about,11.107869148254395,courtroom,2,about
2,talked about,7.2488579750061035,courtroom,2,about
1,plastic,8.483373641967773,courtroom,3,plastic
2,about plastic,9.421430587768555,courtroom,3,plastic
4,You've talked about plastic,8.151458740234375,courtroom,3,plastic
1,talked,6.761512279510498,courtroom,1,talked
2,You've talked,2.574479103088379,courtroom,1,talked
1,Department,9.836235046386719,courtroom,3,Department
2,States Department,6.5336222648620605,courtroom,3,Department
4,the United States Department,0.04819205775856972,courtroom,3,Department
1,of,12.024920463562012,courtroom,4,of
2,Department of,6.581630706787109,courtroom,4,of
4,United States Department of,3.9338057041168213,courtroom,4,of
1,States,9.842860221862793,courtroom,2,States
2,United States,8.336837768554688,courtroom,2,States
1,the,12.734390258789062,courtroom,4,the
2,assuming the,12.195747375488281,courtroom,4,the
4,where I'm assuming the,12.097000122070312,courtroom,4,the
1,assuming,10.845632553100586,courtroom,3,assuming
2,I'm assuming,5.30773401260376,courtroom,3,assuming
4,That's where I'm assuming,5.956295967102051,courtroom,3,assuming
1,I'm,7.25425910949707,courtroom,2,I'm
2,where I'm,8.315115928649902,courtroom,2,I'm
1,"barrels,",10.972061157226562,courtroom,4,"barrels,"
2,"stacking barrels,",10.097277641296387,courtroom,4,"barrels,"
4,"talked about stacking barrels,",8.69551944732666,courtroom,4,"barrels,"
1,stacking,9.881869316101074,courtroom,3,stacking
2,about stacking,8.724639892578125,courtroom,3,stacking
4,We talked about stacking,8.240959167480469,courtroom,3,stacking
1,talked,6.761512279510498,courtroom,1,talked
2,We talked,3.293006181716919,courtroom,1,talked
1,the,12.734390258789062,courtroom,4,the
2,see the,10.900222778320312,courtroom,4,the
4,"""did you see the",11.927925109863281,courtroom,4,the
1,"""did",5.335748195648193,courtroom,1,"""did"
2,"-- ""did",5.452862739562988,courtroom,1,"""did"
1,you,10.660537719726562,courtroom,2,you
2,"""did you",6.837779521942139,courtroom,2,you
1,is,11.129858016967773,courtroom,3,is
2,there is,5.1836724281311035,courtroom,3,is
4,And then there is,6.275925159454346,courtroom,3,is
1,then,11.280230522155762,courtroom,1,then
2,And then,6.530129432678223,courtroom,1,then
1,the,12.734390258789062,courtroom,4,the
2,is the,11.345335006713867,courtroom,4,the
4,then there is the,11.589107513427734,courtroom,4,the
1,name,10.250062942504883,courtroom,3,name
2,a name,6.879057884216309,courtroom,3,name
4,It's not a name,4.964624881744385,courtroom,3,name
1,a,11.316549301147461,courtroom,2,a
2,not a,10.634411811828613,courtroom,2,a
1,I,11.117331504821777,courtroom,4,I
2,name I,8.316399574279785,courtroom,4,I
4,not a name I,5.533021926879883,courtroom,4,I
1,remember,9.751459121704102,courtroom,3,remember
2,clearly remember,5.687447547912598,courtroom,3,remember
4,I can't clearly remember,5.746255874633789,courtroom,3,remember
1,can't,7.6911139488220215,courtroom,1,can't
2,I can't,6.68705415725708,courtroom,1,can't
1,"that,",7.383519172668457,courtroom,4,"that,"
2,"remember that,",7.922713279724121,courtroom,4,"that,"
4,"can't clearly remember that,",6.548665523529053,courtroom,4,"that,"
1,tailrace,9.358482360839844,courtroom,2,tailrace
2,the tailrace,6.506244659423828,courtroom,2,tailrace
1,the,12.734390258789062,courtroom,1,the
2,observe the,12.58211898803711,courtroom,1,the
1,change,10.6814603805542,courtroom,4,change
2,"turn, change",6.679039001464844,courtroom,4,change
4,"the tailrace turn, change",6.968799591064453,courtroom,4,change
1,you,10.660537719726562,courtroom,1,you
2,Do you,5.721115589141846,courtroom,1,you
1,recall,9.789066314697266,courtroom,2,recall
2,you recall,6.171844005584717,courtroom,2,recall
1,asked,7.645595073699951,courtroom,4,asked
2,being asked,5.532395839691162,courtroom,4,asked
4,you recall being asked,4.7047858238220215,courtroom,4,asked
1,I,11.117331504821777,courtroom,1,I
2,"Now, I",6.657901287078857,courtroom,1,I
1,read,10.640660285949707,courtroom,4,read
2,quite read,7.281743049621582,courtroom,4,read
4,I can't quite read,6.1365251541137695,courtroom,4,read
1,can't,7.6911139488220215,courtroom,2,can't
2,I can't,6.68705415725708,courtroom,2,can't
1,mind's,12.472626686096191,courtroom,4,mind's
2,your mind's,7.208608150482178,courtroom,4,mind's
4,that in your mind's,0.3283129632472992,courtroom,4,mind's
1,your,12.634740829467773,courtroom,3,your
2,in your,10.915826797485352,courtroom,3,your
4,picture that in your,8.572547912597656,courtroom,3,your
1,in,11.458725929260254,courtroom,2,in
2,that in,8.432168960571289,courtroom,2,in
1,have,10.692431449890137,courtroom,1,have
2,We have,7.843870639801025,courtroom,1,have
1,"""Process",7.917137145996094,courtroom,4,"""Process"
2,"label ""Process",8.673504829406738,courtroom,4,"""Process"
4,"have a label ""Process",7.047183036804199,courtroom,4,"""Process"
1,a,11.316549301147461,courtroom,2,a
2,have a,10.886540412902832,courtroom,2,a
1,it,10.897254943847656,courtroom,2,it
2,when it,5.643795490264893,courtroom,2,it
1,when,10.965540885925293,courtroom,1,when
2,So when,7.0620574951171875,courtroom,1,when
1,--when,7.234311580657959,courtroom,4,--when
2,was --when,6.867014408111572,courtroom,4,--when
4,when it was --when,5.432645797729492,courtroom,4,--when
1,to,11.301959037780762,courtroom,4,to
2,back to,10.462959289550781,courtroom,4,to
4,may go back to,9.326024055480957,courtroom,4,to
1,go,10.900910377502441,courtroom,2,go
2,may go,6.551788330078125,courtroom,2,go
1,back,10.862462043762207,courtroom,3,back
2,go back,4.450287818908691,courtroom,3,back
4,We may go back,3.1578330993652344,courtroom,3,back
1,that,10.947566986083984,courtroom,2,that
2,sure that,7.537871360778809,courtroom,2,that
1,sure,10.030720710754395,courtroom,1,sure
2,I'm sure,5.837857723236084,courtroom,1,sure
1,somewhere,6.299148082733154,courtroom,3,somewhere
2,that somewhere,5.806283473968506,courtroom,3,somewhere
4,I'm sure that somewhere,4.983658313751221,courtroom,3,somewhere
1,read,10.640660285949707,courtroom,2,read
2,just read,6.52650260925293,courtroom,2,read
1,just,11.214090347290039,courtroom,1,just
2,could just,7.927836894989014,courtroom,1,just
1,along,9.855757713317871,courtroom,3,along
2,read along,5.08918571472168,courtroom,3,along
4,could just read along,5.354990482330322,courtroom,3,along
1,"was,",7.897464752197266,courtroom,3,"was,"
2,"space was,",7.288989543914795,courtroom,3,"was,"
4,"What that space was,",7.553984642028809,courtroom,3,"was,"
1,I,11.117331504821777,courtroom,4,I
2,"was, I",6.326684951782227,courtroom,4,I
4,"that space was, I",5.44815731048584,courtroom,4,I
1,that,10.947566986083984,courtroom,1,that
2,What that,5.228225231170654,courtroom,1,that
1,of,12.024920463562012,courtroom,3,of
2,side of,7.3907952308654785,courtroom,3,of
4,the left-hand side of,3.630890369415283,courtroom,3,of
1,the,12.734390258789062,courtroom,4,the
2,of the,12.293905258178711,courtroom,4,the
4,left-hand side of the,10.544240951538086,courtroom,4,the
1,side,10.695328712463379,courtroom,2,side
2,left-hand side,5.5024614334106445,courtroom,2,side
1,in,11.458725929260254,courtroom,4,in
2,trial in,9.0388822555542,courtroom,4,in
4,during the trial in,8.69174575805664,courtroom,4,in
1,the,12.734390258789062,courtroom,2,the
2,during the,10.760713577270508,courtroom,2,the
1,during,11.064109802246094,courtroom,1,during
2,gave during,6.072506427764893,courtroom,1,during
1,all,11.139111518859863,courtroom,3,all
2,that's all,6.896869659423828,courtroom,3,all
4,I think that's all,6.391875267028809,courtroom,3,all
1,that's,6.693538665771484,courtroom,2,that's
2,think that's,6.933109760284424,courtroom,2,that's
1,think,9.863617897033691,courtroom,1,think
2,I think,5.887979984283447,courtroom,1,think
1,you,10.660537719726562,courtroom,2,you
2,that you,6.296186923980713,courtroom,2,you
1,that,10.947566986083984,courtroom,1,that
2,understanding that,8.833365440368652,courtroom,1,that
1,worked,9.954773902893066,courtroom,3,worked
2,you worked,5.275872230529785,courtroom,3,worked
4,understanding that you worked,5.016282558441162,courtroom,3,worked
1,just,11.214090347290039,courtroom,1,just
2,I just,6.858152866363525,courtroom,1,just
1,they,10.613469123840332,courtroom,3,they
2,know they,6.387787818908691,courtroom,3,they
4,I just know they,5.362987041473389,courtroom,3,they
1,were,11.316572189331055,courtroom,4,were
2,they were,10.10306167602539,courtroom,4,were
4,just know they were,9.251459121704102,courtroom,4,were
1,some,11.931933403015137,courtroom,3,some
2,gave some,9.925198554992676,courtroom,3,some
4,"Now, you gave some",9.373827934265137,courtroom,3,some
1,testimony,6.126471996307373,courtroom,4,testimony
2,some testimony,6.095229625701904,courtroom,4,testimony
4,you gave some testimony,5.242735862731934,courtroom,4,testimony
1,gave,8.940855979919434,courtroom,2,gave
2,you gave,5.437740802764893,courtroom,2,gave
1,left,10.82538890838623,courtroom,4,left
2,I left,8.170064926147461,courtroom,4,left
4,of 1965 I left,8.118490219116211,courtroom,4,left
1,I,11.117331504821777,courtroom,3,I
2,1965 I,9.432535171508789,courtroom,3,I
4,August of 1965 I,7.071310520172119,courtroom,3,I
1,1965,9.593647003173828,courtroom,2,1965
2,of 1965,6.263383388519287,courtroom,2,1965
1,this,10.959673881530762,courtroom,4,this
2,in this,9.135798454284668,courtroom,4,this
4,here somewhere in this,9.985214233398438,courtroom,4,this
1,somewhere,6.299148082733154,courtroom,2,somewhere
2,here somewhere,5.679556846618652,courtroom,2,somewhere
1,in,11.458725929260254,courtroom,3,in
2,somewhere in,6.137180328369141,courtroom,3,in
4,were here somewhere in,6.66658353805542,courtroom,3,in
1,reason,9.536026000976562,courtroom,2,reason
2,no reason,4.691361427307129,courtroom,2,reason
1,no,11.925097465515137,courtroom,1,no
2,Had no,9.445002555847168,courtroom,1,no
1,to,11.301959037780762,courtroom,3,to
2,reason to,10.002967834472656,courtroom,3,to
4,Had no reason to,6.3337578773498535,courtroom,3,to
1,testimony,6.126471996307373,courtroom,4,testimony
2,that testimony,6.4840569496154785,courtroom,4,testimony
4,I read that testimony,5.8466973304748535,courtroom,4,testimony
1,that,10.947566986083984,courtroom,3,that
2,read that,9.150980949401855,courtroom,3,that
4,Did I read that,6.824687480926514,courtroom,3,that
1,I,11.117331504821777,courtroom,1,I
2,Did I,7.380054950714111,courtroom,1,I
1,you,10.660537719726562,courtroom,1,you
2,Do you,5.721115589141846,courtroom,1,you
1,storage,10.471068382263184,courtroom,4,storage
2,vertical storage,7.651195049285889,courtroom,4,storage
4,you remember vertical storage,6.879144191741943,courtroom,4,storage
1,vertical,11.0647554397583,courtroom,3,vertical
2,remember vertical,9.488595008850098,courtroom,3,vertical
4,Do you remember vertical,10.571308135986328,courtroom,3,vertical
1,S.,10.667911529541016,courtroom,2,S.
2,VIVIAN S.,8.922017097473145,courtroom,2,S.
1,"DAFOULAS,",8.993154525756836,courtroom,3,"DAFOULAS,"
2,"S. DAFOULAS,",9.357318878173828,courtroom,3,"DAFOULAS,"
4,"I, VIVIAN S. DAFOULAS,",10.55633544921875,courtroom,3,"DAFOULAS,"
1,VIVIAN,9.064708709716797,courtroom,1,VIVIAN
2,"I, VIVIAN",7.198928356170654,courtroom,1,VIVIAN
1,to,11.301959037780762,courtroom,1,to
2,pointing to,9.843952178955078,courtroom,1,to
1,the,12.734390258789062,courtroom,2,the
2,to the,12.121143341064453,courtroom,2,the
1,west,10.702654838562012,courtroom,3,west
2,the west,6.5202860832214355,courtroom,3,west
4,pointing to the west,5.539310932159424,courtroom,3,west
1,that,10.947566986083984,courtroom,2,that
2,of that,10.360599517822266,courtroom,2,that
1,was,10.896289825439453,courtroom,3,was
2,that was,8.553487777709961,courtroom,3,was
4,Most of that was,8.345144271850586,courtroom,3,was
1,fairly,10.46298885345459,courtroom,4,fairly
2,was fairly,8.915390968322754,courtroom,4,fairly
4,of that was fairly,8.829781532287598,courtroom,4,fairly
1,you've,6.253358840942383,courtroom,1,you've
2,And you've,4.869587421417236,courtroom,1,you've
1,testified,8.56330394744873,courtroom,2,testified
2,you've testified,4.324837684631348,courtroom,2,testified
1,previously,8.577510833740234,courtroom,3,previously
2,testified previously,7.780478477478027,courtroom,3,previously
4,And you've testified previously,3.448115348815918,courtroom,3,previously
1,the,12.734390258789062,courtroom,1,the
2,And the,12.006749153137207,courtroom,1,the
1,place,10.633182525634766,courtroom,2,place
2,the place,4.611433506011963,courtroom,2,place
1,where,11.376585006713867,courtroom,3,where
2,place where,7.177934646606445,courtroom,3,where
4,And the place where,7.000421047210693,courtroom,3,where
1,they,10.613469123840332,courtroom,3,they
2,what they,6.295588970184326,courtroom,3,they
4,Is that what they,5.2649760246276855,courtroom,3,they
1,what,10.599081993103027,courtroom,2,what
2,that what,6.766927719116211,courtroom,2,what
1,that,10.947566986083984,courtroom,1,that
2,Is that,7.520195484161377,courtroom,1,that
1,your,12.634740829467773,courtroom,1,your
2,about your,11.593602180480957,courtroom,1,your
1,years,8.9935941696167,courtroom,2,years
2,your years,5.549912929534912,courtroom,2,years
1,of,12.024920463562012,courtroom,3,of
2,years of,8.021764755249023,courtroom,3,of
4,about your years of,8.573104858398438,courtroom,3,of
1,as,11.068653106689453,courtroom,4,as
2,that as,8.290504455566406,courtroom,4,as
4,you read that as,7.704442024230957,courtroom,4,as
1,that,10.947566986083984,courtroom,3,that
2,read that,9.150980949401855,courtroom,3,that
4,Do you read that,7.3567094802856445,courtroom,3,that
1,read,10.640660285949707,courtroom,2,read
2,you read,6.076914310455322,courtroom,2,read
1,the,12.734390258789062,courtroom,3,the
2,have the,10.191239356994629,courtroom,3,the
4,"Now, we have the",11.44990062713623,courtroom,3,the
1,words,9.291247367858887,courtroom,4,words
2,the words,4.20296573638916,courtroom,4,words
4,we have the words,5.969721794128418,courtroom,4,words
1,have,10.692431449890137,courtroom,2,have
2,we have,7.850134372711182,courtroom,2,have
1,the,12.734390258789062,courtroom,2,the
2,orange the,12.262682914733887,courtroom,2,the
1,"""Loading",5.346794128417969,courtroom,4,"""Loading"
2,"words ""Loading",5.760443210601807,courtroom,4,"""Loading"
4,"orange the words ""Loading",8.681563377380371,courtroom,4,"""Loading"
1,orange,10.905871391296387,courtroom,1,orange
2,in orange,8.274225234985352,courtroom,1,orange
1,truthfully,8.61055850982666,courtroom,3,truthfully
2,testified truthfully,5.551117897033691,courtroom,3,truthfully
4,And you testified truthfully,3.9300129413604736,courtroom,3,truthfully
1,in,11.458725929260254,courtroom,4,in
2,truthfully in,7.695768356323242,courtroom,4,in
4,you testified truthfully in,6.320021152496338,courtroom,4,in
1,testified,8.56330394744873,courtroom,2,testified
2,you testified,4.509915828704834,courtroom,2,testified
1,that,10.947566986083984,courtroom,3,that
2,read that,9.150980949401855,courtroom,3,that
4,Have you read that,8.286199569702148,courtroom,3,that
1,read,10.640660285949707,courtroom,2,read
2,you read,6.076914310455322,courtroom,2,read
1,to,11.301959037780762,courtroom,4,to
2,that to,8.197898864746094,courtroom,4,to
4,you read that to,7.27821159362793,courtroom,4,to
1,when,10.965540885925293,courtroom,3,when
2,there when,7.683417797088623,courtroom,3,when
4,It was there when,6.127738952636719,courtroom,3,when
1,there,9.811803817749023,courtroom,2,there
2,was there,6.32039213180542,courtroom,2,there
1,was,10.896289825439453,courtroom,1,was
2,It was,8.293855667114258,courtroom,1,was
1,did,10.002723693847656,courtroom,3,did
2,"knowledge, did",5.334077835083008,courtroom,3,did
4,"To your knowledge, did",5.350867748260498,courtroom,3,did
1,your,12.634740829467773,courtroom,1,your
2,To your,10.517940521240234,courtroom,1,your
1,"knowledge,",10.564777374267578,courtroom,2,"knowledge,"
2,"your knowledge,",8.990842819213867,courtroom,2,"knowledge,"
1,"reporter,",11.446697235107422,courtroom,4,"reporter,"
2,"court reporter,",10.194611549377441,courtroom,4,"reporter,"
4,"for the court reporter,",9.386356353759766,courtroom,4,"reporter,"
1,court,10.41323471069336,courtroom,3,court
2,the court,7.584042549133301,courtroom,3,court
4,themselves for the court,5.881783962249756,courtroom,3,court
1,the,12.734390258789062,courtroom,2,the
2,for the,10.603531837463379,courtroom,2,the
1,can,10.825804710388184,courtroom,3,can
2,you can,7.526995658874512,courtroom,3,can
4,I think you can,7.499372959136963,courtroom,3,can
1,put,11.452770233154297,courtroom,4,put
2,can put,6.854449272155762,courtroom,4,put
4,think you can put,6.7269511222839355,courtroom,4,put
1,think,9.863617897033691,courtroom,1,think
2,I think,5.887979984283447,courtroom,1,think
1,kind,10.186878204345703,courtroom,3,kind
2,that's kind,0.03796125948429108,courtroom,3,kind
4,"You know, that's kind",0.023711010813713074,courtroom,3,kind
1,of,12.024920463562012,courtroom,4,of
2,kind of,11.920049667358398,courtroom,4,of
4,"know, that's kind of",7.434869766235352,courtroom,4,of
1,that's,6.693538665771484,courtroom,2,that's
2,"know, that's",7.074471950531006,courtroom,2,that's
1,"window,",10.820140838623047,courtroom,4,"window,"
2,"that window,",8.943618774414062,courtroom,4,"window,"
4,"was below that window,",7.562101364135742,courtroom,4,"window,"
1,was,10.896289825439453,courtroom,1,was
2,It was,8.293855667114258,courtroom,1,was
1,that,10.947566986083984,courtroom,3,that
2,below that,9.51567268371582,courtroom,3,that
4,It was below that,7.776495456695557,courtroom,3,that
1,containing,11.327326774597168,courtroom,4,containing
2,as containing,10.566584587097168,courtroom,4,containing
4,could identify as containing,9.648224830627441,courtroom,4,containing
1,identify,8.807586669921875,courtroom,2,identify
2,could identify,7.050431251525879,courtroom,2,identify
1,as,11.068653106689453,courtroom,3,as
2,identify as,8.776954650878906,courtroom,3,as
4,you could identify as,7.599106311798096,courtroom,3,as
1,down,10.773820877075195,courtroom,4,down
2,going down,5.564660549163818,courtroom,4,down
4,don't remember going down,5.101225852966309,courtroom,4,down
1,remember,9.751459121704102,courtroom,2,remember
2,don't remember,6.723454475402832,courtroom,2,remember
1,going,10.563369750976562,courtroom,3,going
2,remember going,4.5865559577941895,courtroom,3,going
4,I don't remember going,4.089903354644775,courtroom,3,going
1,you,10.660537719726562,courtroom,1,you
2,And you,5.847406387329102,courtroom,1,you
1,following,9.352746963500977,courtroom,4,following
2,the following,9.584601402282715,courtroom,4,following
4,you gave the following,8.678057670593262,courtroom,4,following
1,gave,8.940855979919434,courtroom,2,gave
2,you gave,5.437740802764893,courtroom,2,gave
1,"No,",6.95297384262085,twitch,3,"No,"
2,"too- No,",6.9804463386535645,twitch,3,"No,"
4,"Oh, I'm too- No,",5.3866286277771,twitch,3,"No,"
1,I'm,7.25425910949707,twitch,1,I'm
2,"Oh, I'm",6.610427379608154,twitch,1,I'm
1,that's,6.693538665771484,twitch,4,that's
2,"No, that's",3.7997636795043945,twitch,4,that's
4,"I'm too- No, that's",5.213146686553955,twitch,4,that's
1,all,11.139111518859863,twitch,2,all
2,snake all,7.029528617858887,twitch,2,all
1,snake,9.301301002502441,twitch,1,snake
2,Lost snake,9.461751937866211,twitch,1,snake
1,these,11.89498519897461,twitch,4,these
2,of these,10.580893516540527,twitch,4,these
4,snake all of these,10.511857986450195,twitch,4,these
1,have,10.692431449890137,twitch,1,have
2,I have,7.546214580535889,twitch,1,have
1,to,11.301959037780762,twitch,2,to
2,have to,7.693484306335449,twitch,2,to
1,pee,10.469144821166992,twitch,3,pee
2,to pee,6.474131107330322,twitch,3,pee
4,I have to pee,6.495907783508301,twitch,3,pee
1,"Jack,",10.806127548217773,twitch,3,"Jack,"
2,"you, Jack,",9.269025802612305,twitch,3,"Jack,"
4,"Is this you, Jack,",7.478854179382324,twitch,3,"Jack,"
1,"you,",9.85675048828125,twitch,2,"you,"
2,"this you,",9.49334716796875,twitch,2,"you,"
1,right,10.864727020263672,twitch,4,right
2,"Jack, right",2.8692574501037598,twitch,4,right
4,"this you, Jack, right",4.853310585021973,twitch,4,right
1,more,11.137571334838867,twitch,1,more
2,No more,11.863834381103516,twitch,1,more
1,distractions.,8.686807632446289,twitch,2,distractions.
2,more distractions.,7.184835433959961,twitch,2,distractions.
1,more,11.137571334838867,twitch,4,more
2,No more,11.863834381103516,twitch,4,more
4,more distractions. No more,11.46728515625,twitch,4,more
1,no,11.925097465515137,twitch,3,no
2,got no,9.718944549560547,twitch,3,no
4,But we've got no,8.175592422485352,twitch,3,no
1,problem,9.96323299407959,twitch,4,problem
2,no problem,5.456313610076904,twitch,4,problem
4,we've got no problem,4.312140941619873,twitch,4,problem
1,got,11.186014175415039,twitch,2,got
2,we've got,5.7710795402526855,twitch,2,got
1,my,12.444364547729492,twitch,1,my
2,Oh my,3.530229091644287,twitch,1,my
1,you're,7.940345764160156,twitch,3,you're
2,"God, you're",8.148476600646973,twitch,3,you're
4,"Oh my God, you're",7.617586612701416,twitch,3,you're
1,"God,",8.844258308410645,twitch,2,"God,"
2,"my God,",9.351699829101562,twitch,2,"God,"
1,I,11.117331504821777,twitch,2,I
2,can't I,6.50583553314209,twitch,2,I
1,rip,11.109004020690918,twitch,3,rip
2,I rip,6.531900405883789,twitch,3,rip
4,Why can't I rip,4.977671146392822,twitch,3,rip
1,can't,7.6911139488220215,twitch,1,can't
2,Why can't,4.757513523101807,twitch,1,can't
1,is,11.129858016967773,twitch,1,is
2,Nobody is,9.076613426208496,twitch,1,is
1,stream,11.046140670776367,twitch,2,stream
2,is stream,8.409561157226562,twitch,2,stream
1,sniping,8.96811294555664,twitch,3,sniping
2,stream sniping,8.303417205810547,twitch,3,sniping
4,Nobody is stream sniping,6.8810343742370605,twitch,3,sniping
1,the,12.734390258789062,twitch,4,the
2,town the,11.799965858459473,twitch,4,the
4,going to town the,5.388538837432861,twitch,4,the
1,to,11.301959037780762,twitch,2,to
2,going to,9.507628440856934,twitch,2,to
1,going,10.563369750976562,twitch,1,going
2,Invisious going,7.319340229034424,twitch,1,going
1,from,11.629947662353516,twitch,2,from
2,leaving from,7.865470886230469,twitch,2,from
1,leaving,8.413904190063477,twitch,1,leaving
2,He's leaving,7.322531700134277,twitch,1,leaving
1,tree,10.39547348022461,twitch,3,tree
2,from tree,8.477131843566895,twitch,3,tree
4,He's leaving from tree,5.193288326263428,twitch,3,tree
1,"yeah,",7.744340896606445,twitch,2,"yeah,"
2,"we're, yeah,",7.43282413482666,twitch,2,"yeah,"
1,"we're,",6.696168422698975,twitch,1,"we're,"
2,"And we're,",6.097092628479004,twitch,1,"we're,"
1,we're,7.409038543701172,twitch,3,we're
2,"yeah, we're",7.400058746337891,twitch,3,we're
4,"And we're, yeah, we're",8.274116516113281,twitch,3,we're
1,you,10.660537719726562,twitch,1,you
2,How'd you,5.563896656036377,twitch,1,you
1,get,11.412823677062988,twitch,2,get
2,you get,7.676114559173584,twitch,2,get
1,it,10.897254943847656,twitch,3,it
2,get it,7.9668450355529785,twitch,3,it
4,How'd you get it,4.404854774475098,twitch,3,it
1,my,12.444364547729492,twitch,4,my
2,kill my,10.437621116638184,twitch,4,my
4,trying to kill my,8.808211326599121,twitch,4,my
1,trying,1.9951716661453247,twitch,1,trying
2,He's trying,1.047703504562378,twitch,1,trying
1,kill,10.769107818603516,twitch,3,kill
2,to kill,7.459692478179932,twitch,3,kill
4,He's trying to kill,6.4228363037109375,twitch,3,kill
1,"sanctuary,",9.991418838500977,twitch,2,"sanctuary,"
2,"a sanctuary,",9.108672142028809,twitch,2,"sanctuary,"
1,a,11.316549301147461,twitch,1,a
2,"Wait, a",10.916139602661133,twitch,1,a
1,"bees,",10.593843460083008,twitch,3,"bees,"
2,"sanctuary, bees,",8.620503425598145,twitch,3,"bees,"
4,"Wait, a sanctuary, bees,",9.757884979248047,twitch,3,"bees,"
1,whole,9.041929244995117,twitch,4,whole
2,my whole,7.3589019775390625,twitch,4,whole
4,can't eat my whole,8.114060401916504,twitch,4,whole
1,my,12.444364547729492,twitch,3,my
2,eat my,10.634306907653809,twitch,3,my
4,You can't eat my,8.49098014831543,twitch,3,my
1,eat,10.640091896057129,twitch,2,eat
2,can't eat,7.667625904083252,twitch,2,eat
1,are,11.507725715637207,twitch,2,are
2,"Invision, are",5.404125690460205,twitch,2,are
1,a,11.316549301147461,twitch,4,a
2,you a,11.580558776855469,twitch,4,a
4,"Invision, are you a",11.077805519104004,twitch,4,a
1,"Invision,",11.540904998779297,twitch,1,"Invision,"
2,"Wait, Invision,",11.370829582214355,twitch,1,"Invision,"
1,was,10.896289825439453,twitch,3,was
2,it was,9.499979019165039,twitch,3,was
4,I thought it was,7.224223613739014,twitch,3,was
1,thought,10.531740188598633,twitch,1,thought
2,I thought,5.4990763664245605,twitch,1,thought
1,a,11.316549301147461,twitch,4,a
2,was a,11.245882987976074,twitch,4,a
4,thought it was a,10.850320816040039,twitch,4,a
1,back,10.862462043762207,twitch,3,back
2,family's back,6.716454982757568,twitch,3,back
4,The whole family's back,5.316422462463379,twitch,3,back
1,together,9.49537467956543,twitch,4,together
2,back together,6.0953288078308105,twitch,4,together
4,whole family's back together,5.067571640014648,twitch,4,together
1,family's,11.918455123901367,twitch,2,family's
2,whole family's,10.96347427368164,twitch,2,family's
1,"up,",10.928927421569824,twitch,3,"up,"
2,"stand up,",9.722005844116211,twitch,3,"up,"
4,"Stand up, stand up,",5.080342769622803,twitch,3,"up,"
1,stand,10.830820083618164,twitch,2,stand
2,"up, stand",6.3207173347473145,twitch,2,stand
1,stand,10.830820083618164,twitch,4,stand
2,"up, stand",6.3207173347473145,twitch,4,stand
4,"up, stand up, stand",1.9400964975357056,twitch,4,stand
1,some,11.931933403015137,twitch,4,some
2,get some,10.582914352416992,twitch,4,some
4,let's go get some,10.06601619720459,twitch,4,some
1,let's,12.534488677978516,twitch,1,let's
2,"Oh, let's",5.8372979164123535,twitch,1,let's
1,go,10.900910377502441,twitch,2,go
2,let's go,6.580212593078613,twitch,2,go
1,were,11.316572189331055,twitch,4,were
2,they were,10.10306167602539,twitch,4,were
4,"and B's, they were",9.754691123962402,twitch,4,were
1,"B's,",10.496380805969238,twitch,2,"B's,"
2,"and B's,",9.862122535705566,twitch,2,"B's,"
1,they,10.613469123840332,twitch,3,they
2,"B's, they",7.411072731018066,twitch,3,they
4,"A's and B's, they",7.1417236328125,twitch,3,they
1,please.,7.685454368591309,twitch,2,please.
2,"Sam, please.",7.221796035766602,twitch,2,please.
1,"Sam,",10.763094902038574,twitch,1,"Sam,"
2,"No, Sam,",6.494891166687012,twitch,1,"Sam,"
1,"said,",5.970453262329102,twitch,4,"said,"
2,"I said,",3.5209577083587646,twitch,4,"said,"
4,"Sam, please. I said,",5.17158317565918,twitch,4,"said,"
1,"back,",11.047807693481445,twitch,1,"back,"
2,"I'm back,",8.714994430541992,twitch,1,"back,"
1,I'm,7.25425910949707,twitch,4,I'm
2,"back, I'm",7.831696510314941,twitch,4,I'm
4,"back, I'm back, I'm",6.056602478027344,twitch,4,I'm
1,I'm,7.25425910949707,twitch,2,I'm
2,"back, I'm",7.831696510314941,twitch,2,I'm
1,"yeah,",7.744340896606445,twitch,1,"yeah,"
2,"Oh, yeah,",6.508540153503418,twitch,1,"yeah,"
1,I,11.117331504821777,twitch,2,I
2,"yeah, I",6.129825592041016,twitch,2,I
1,the,12.734390258789062,twitch,4,the
2,found the,11.57209587097168,twitch,4,the
4,"yeah, I found the",11.495233535766602,twitch,4,the
1,tiniest,10.523966789245605,twitch,4,tiniest
2,the tiniest,8.058052062988281,twitch,4,tiniest
4,ate it the tiniest,2.2868576049804688,twitch,4,tiniest
1,it,10.897254943847656,twitch,2,it
2,ate it,6.5440354347229,twitch,2,it
1,the,12.734390258789062,twitch,3,the
2,it the,12.7054443359375,twitch,3,the
4,You ate it the,4.791433811187744,twitch,3,the
1,38.9,9.062463760375977,twitch,4,38.9
2,at 38.9,8.221747398376465,twitch,4,38.9
4,at I'm at 38.9,6.500184059143066,twitch,4,38.9
1,at,11.502521514892578,twitch,3,at
2,I'm at,6.381044864654541,twitch,3,at
4,I'm at I'm at,8.725383758544922,twitch,3,at
1,I'm,7.25425910949707,twitch,2,I'm
2,at I'm,8.260828971862793,twitch,2,I'm
1,get,11.412823677062988,twitch,3,get
2,to get,7.472585201263428,twitch,3,get
4,"Uh, time to get",6.756821632385254,twitch,3,get
1,time,10.924384117126465,twitch,1,time
2,"Uh, time",3.5633997917175293,twitch,1,time
1,to,11.301959037780762,twitch,2,to
2,time to,10.19554615020752,twitch,2,to
1,"Fry,",11.258683204650879,twitch,1,"Fry,"
2,"Mr. Fry,",8.311314582824707,twitch,1,"Fry,"
1,Mr.,11.020536422729492,twitch,4,Mr.
2,"Spocky, Mr.",11.467495918273926,twitch,4,Mr.
4,"Fry, Mr. Spocky, Mr.",9.421942710876465,twitch,4,Mr.
1,"Spocky,",10.979161262512207,twitch,3,"Spocky,"
2,"Mr. Spocky,",8.449812889099121,twitch,3,"Spocky,"
4,"Mr. Fry, Mr. Spocky,",6.232720375061035,twitch,3,"Spocky,"
1,he's,10.79698371887207,twitch,2,he's
2,because he's,8.722757339477539,twitch,2,he's
1,because,9.705339431762695,twitch,1,because
2,"No, because",6.365574359893799,twitch,1,because
1,a,11.316549301147461,twitch,3,a
2,he's a,10.405609130859375,twitch,3,a
4,"No, because he's a",10.75957202911377,twitch,3,a
1,did,10.002723693847656,twitch,3,did
2,never did,6.269722938537598,twitch,3,did
4,"Oh, I never did",6.503910064697266,twitch,3,did
1,never,11.493278503417969,twitch,2,never
2,I never,7.523129463195801,twitch,2,never
1,third,10.729498863220215,twitch,4,third
2,did third,4.94345760345459,twitch,4,third
4,I never did third,5.283437728881836,twitch,4,third
1,the,12.734390258789062,twitch,2,the
2,nicking the,12.047800064086914,twitch,2,the
1,"vision,",11.18743896484375,twitch,3,"vision,"
2,"the vision,",8.733831405639648,twitch,3,"vision,"
4,"We're nicking the vision,",7.541487693786621,twitch,3,"vision,"
1,nicking,8.647485733032227,twitch,1,nicking
2,We're nicking,7.026551723480225,twitch,1,nicking
1,of,12.024920463562012,twitch,4,of
2,one of,5.783963203430176,twitch,4,of
4,got me one of,3.128190040588379,twitch,4,of
1,got,11.186014175415039,twitch,1,got
2,You got,6.208295822143555,twitch,1,got
1,me,10.572490692138672,twitch,2,me
2,got me,6.851902484893799,twitch,2,me
1,a,11.316549301147461,twitch,3,a
2,hear a,11.956204414367676,twitch,3,a
4,"Oh, I hear a",7.154876232147217,twitch,3,a
1,hear,10.831530570983887,twitch,2,hear
2,I hear,6.860929489135742,twitch,2,hear
1,music,10.227959632873535,twitch,4,music
2,a music,8.361456871032715,twitch,4,music
4,I hear a music,8.61198616027832,twitch,4,music
1,"do,",10.54893684387207,twitch,3,"do,"
2,"do, do,",4.38170862197876,twitch,3,"do,"
4,"Do, do, do, do,",1.7057217359542847,twitch,3,"do,"
1,"do,",10.54893684387207,twitch,1,"do,"
2,"Do, do,",3.0173816680908203,twitch,1,"do,"
1,"do,",10.54893684387207,twitch,2,"do,"
2,"do, do,",4.38170862197876,twitch,2,"do,"
1,for,11.576336860656738,twitch,2,for
2,bad for,9.605666160583496,twitch,2,for
1,bad,11.273366928100586,twitch,1,bad
2,My bad,4.807933807373047,twitch,1,bad
1,a,11.316549301147461,twitch,4,a
2,taking a,10.89982795715332,twitch,4,a
4,bad for taking a,9.86790657043457,twitch,4,a
1,around,10.504321098327637,twitch,2,around
2,walked around,6.15220308303833,twitch,2,around
1,walked,8.272324562072754,twitch,1,walked
2,I walked,4.895888805389404,twitch,1,walked
1,and-,10.693178176879883,twitch,3,and-
2,around and-,10.743969917297363,twitch,3,and-
4,I walked around and-,7.230104923248291,twitch,3,and-
1,I'm,7.25425910949707,twitch,4,I'm
2,I'm I'm,7.6385579109191895,twitch,4,I'm
4,hurt myself. I'm I'm,7.221778869628906,twitch,4,I'm
1,hurt,7.560947895050049,twitch,1,hurt
2,I've hurt,6.040135860443115,twitch,1,hurt
1,I'm,7.25425910949707,twitch,3,I'm
2,myself. I'm,7.469250679016113,twitch,3,I'm
4,I've hurt myself. I'm,6.932987689971924,twitch,3,I'm
1,play,11.014034271240234,twitch,3,play
2,wanna play,7.923519611358643,twitch,3,play
4,I don't wanna play,7.778008937835693,twitch,3,play
1,wanna,7.420616149902344,twitch,2,wanna
2,don't wanna,6.976533889770508,twitch,2,wanna
1,"it,",11.110934257507324,twitch,4,"it,"
2,"play it,",8.037330627441406,twitch,4,"it,"
4,"don't wanna play it,",7.234250545501709,twitch,4,"it,"
1,up,10.697288513183594,twitch,3,up
2,make up,6.763408660888672,twitch,3,up
4,Please just make up,4.677676677703857,twitch,3,up
1,a,11.316549301147461,twitch,4,a
2,up a,11.402335166931152,twitch,4,a
4,just make up a,9.2698392868042,twitch,4,a
1,make,10.938591003417969,twitch,2,make
2,just make,5.804294586181641,twitch,2,make
1,"please,",8.159770011901855,twitch,3,"please,"
2,"go please,",8.82426929473877,twitch,3,"please,"
4,"Yes, please, go please,",6.563436031341553,twitch,3,"please,"
1,"please,",8.159770011901855,twitch,1,"please,"
2,"Yes, please,",6.922516822814941,twitch,1,"please,"
1,go,10.900910377502441,twitch,2,go
2,"please, go",5.9077959060668945,twitch,2,go
1,is,11.129858016967773,twitch,1,is
2,This is,6.711753845214844,twitch,1,is
1,bad,11.273366928100586,twitch,3,bad
2,all bad,9.30181884765625,twitch,3,bad
4,This is all bad,4.039008617401123,twitch,3,bad
1,to,11.301959037780762,twitch,4,to
2,bad to,9.465405464172363,twitch,4,to
4,is all bad to,8.347088813781738,twitch,4,to
1,glitching,7.401172637939453,twitch,3,glitching
2,and glitching,6.843225479125977,twitch,3,glitching
4,He's laddering and glitching,6.163182258605957,twitch,3,glitching
1,laddering,9.505110740661621,twitch,1,laddering
2,He's laddering,6.930621147155762,twitch,1,laddering
1,and,11.574933052062988,twitch,2,and
2,laddering and,12.310293197631836,twitch,2,and
1,Daddy.,8.425348281860352,twitch,3,Daddy.
2,milk. Daddy.,7.515144348144531,twitch,3,Daddy.
4,don't get milk. Daddy.,7.119444847106934,twitch,3,Daddy.
1,get,11.412823677062988,twitch,1,get
2,don't get,7.281094074249268,twitch,1,get
1,milk.,8.1055326461792,twitch,2,milk.
2,get milk.,7.6823954582214355,twitch,2,milk.
1,can,10.825804710388184,twitch,2,can
2,"bug-glitters, can",6.880983352661133,twitch,2,can
1,find,11.10165786743164,twitch,4,find
2,you find,6.545294284820557,twitch,4,find
4,"bug-glitters, can you find",5.932221412658691,twitch,4,find
1,"bug-glitters,",10.373178482055664,twitch,1,"bug-glitters,"
2,"You bug-glitters,",9.655088424682617,twitch,1,"bug-glitters,"
1,you've,6.253358840942383,twitch,2,you've
2,what you've,5.517908573150635,twitch,2,you've
1,what,10.599081993103027,twitch,1,what
2,But what,5.974116802215576,twitch,1,what
1,powers,10.293041229248047,twitch,4,powers
2,got powers,6.5692949295043945,twitch,4,powers
4,what you've got powers,6.263510704040527,twitch,4,powers
1,up,10.697288513183594,twitch,2,up
2,"here, up",6.32259464263916,twitch,2,up
1,up,10.697288513183594,twitch,4,up
2,"here, up",6.32259464263916,twitch,4,up
4,"here, up here, up",2.4882917404174805,twitch,4,up
1,"here,",10.569401741027832,twitch,3,"here,"
2,"up here,",7.906733989715576,twitch,3,"here,"
4,"Up here, up here,",5.7436041831970215,twitch,3,"here,"
1,Steve,11.208207130432129,twitch,1,Steve
2,Now Steve,9.84959602355957,twitch,1,Steve
1,me,10.572490692138672,twitch,4,me
2,need me,6.80464506149292,twitch,4,me
4,Steve I need me,6.234833240509033,twitch,4,me
1,need,10.85104751586914,twitch,3,need
2,I need,4.480420112609863,twitch,3,need
4,Now Steve I need,4.481988906860352,twitch,3,need
1,come,10.260955810546875,twitch,2,come
2,know come,6.2830071449279785,twitch,2,come
1,for,11.576336860656738,twitch,3,for
2,come for,10.398283958435059,twitch,3,for
4,You know come for,6.388225555419922,twitch,3,for
1,your,12.634740829467773,twitch,4,your
2,for your,10.009960174560547,twitch,4,your
4,know come for your,11.239509582519531,twitch,4,your
1,your,12.634740829467773,twitch,4,your
2,on your,11.769221305847168,twitch,4,your
4,see it on your,7.905758857727051,twitch,4,your
1,it,10.897254943847656,twitch,2,it
2,see it,7.04251766204834,twitch,2,it
1,on,11.154274940490723,twitch,3,on
2,it on,9.542730331420898,twitch,3,on
4,I see it on,6.834010124206543,twitch,3,on
1,get,11.412823677062988,twitch,3,get
2,to get,7.472585201263428,twitch,3,get
4,Who wants to get,7.62843132019043,twitch,3,get
1,somebody,8.393484115600586,twitch,4,somebody
2,get somebody,7.024335861206055,twitch,4,somebody
4,wants to get somebody,6.115107536315918,twitch,4,somebody
1,to,11.301959037780762,twitch,2,to
2,wants to,7.969051361083984,twitch,2,to
1,we,11.5739107131958,twitch,4,we
2,said we,5.669500350952148,twitch,4,we
4,said we said we,5.211692810058594,twitch,4,we
1,said,9.272993087768555,twitch,1,said
2,We said,5.844963550567627,twitch,1,said
1,said,9.272993087768555,twitch,3,said
2,we said,5.859172344207764,twitch,3,said
4,We said we said,4.235749244689941,twitch,3,said
1,of,12.024920463562012,twitch,4,of
2,think of,8.887189865112305,twitch,4,of
4,do you think of,8.59997272491455,twitch,4,of
1,think,9.863617897033691,twitch,3,think
2,you think,6.248078346252441,twitch,3,think
4,What do you think,4.923684120178223,twitch,3,think
1,do,10.671449661254883,twitch,1,do
2,What do,2.142984390258789,twitch,1,do
1,"see,",10.560073852539062,twitch,2,"see,"
2,"to see,",7.831036567687988,twitch,2,"see,"
1,to,11.301959037780762,twitch,1,to
2,Sad to,6.709625720977783,twitch,1,to
1,to,11.301959037780762,twitch,4,to
2,sad to,10.81269645690918,twitch,4,to
4,"to see, sad to",2.981438159942627,twitch,4,to
1,looked,7.607503890991211,twitch,1,looked
2,I looked,3.921649217605591,twitch,1,looked
1,around,10.504321098327637,twitch,2,around
2,looked around,6.05802583694458,twitch,2,around
1,and,11.574933052062988,twitch,3,and
2,around and,11.8240966796875,twitch,3,and
4,I looked around and,5.798031330108643,twitch,3,and
1,the,12.734390258789062,twitch,4,the
2,wasn't the,8.673144340515137,twitch,4,the
4,"no, this wasn't the",7.479081153869629,twitch,4,the
1,this,10.959673881530762,twitch,2,this
2,"no, this",8.079097747802734,twitch,2,this
1,"no,",10.201715469360352,twitch,1,"no,"
2,"Oh, no,",5.710402965545654,twitch,1,"no,"
1,what,10.599081993103027,twitch,3,what
2,know what,6.800109386444092,twitch,3,what
4,I don't know what,6.045905590057373,twitch,3,what
1,it,10.897254943847656,twitch,4,it
2,what it,4.909783363342285,twitch,4,it
4,don't know what it,2.766265869140625,twitch,4,it
1,don't,7.345463752746582,twitch,1,don't
2,I don't,4.23712158203125,twitch,1,don't
1,up,10.697288513183594,twitch,2,up
2,wrapping up,7.630544662475586,twitch,2,up
1,wrapping,8.486408233642578,twitch,1,wrapping
2,He's wrapping,2.47049880027771,twitch,1,wrapping
1,the,12.734390258789062,twitch,3,the
2,up the,12.676187515258789,twitch,3,the
4,He's wrapping up the,10.161396980285645,twitch,3,the
1,somebody,8.393484115600586,twitch,1,somebody
2,Can somebody,6.335466384887695,twitch,1,somebody
1,you,10.660537719726562,twitch,3,you
2,spot you,7.625585556030273,twitch,3,you
4,Can somebody spot you,5.771745204925537,twitch,3,you
1,on,11.154274940490723,twitch,4,on
2,you on,8.365743637084961,twitch,4,on
4,somebody spot you on,7.584527015686035,twitch,4,on
1,fucking,6.474433422088623,twitch,3,fucking
2,your fucking,10.913575172424316,twitch,3,fucking
4,Check for your fucking,11.08137321472168,twitch,3,fucking
1,bone,10.628040313720703,twitch,4,bone
2,fucking bone,8.543134689331055,twitch,4,bone
4,for your fucking bone,6.310328483581543,twitch,4,bone
1,your,12.634740829467773,twitch,2,your
2,for your,10.009960174560547,twitch,2,your
1,your,12.634740829467773,twitch,2,your
2,abusing your,10.825113296508789,twitch,2,your
1,abusing,9.033092498779297,twitch,1,abusing
2,no abusing,7.815497875213623,twitch,1,abusing
1,is,11.129858016967773,twitch,4,is
2,monster is,9.765265464782715,twitch,4,is
4,abusing your monster is,7.407708644866943,twitch,4,is
1,there's,5.328185558319092,twitch,4,there's
2,keyboard there's,5.639227390289307,twitch,4,there's
4,on your keyboard there's,5.08411169052124,twitch,4,there's
1,keyboard,8.433218002319336,twitch,3,keyboard
2,your keyboard,7.462573051452637,twitch,3,keyboard
4,insert on your keyboard,5.779660701751709,twitch,3,keyboard
1,on,11.154274940490723,twitch,1,on
2,insert on,8.853462219238281,twitch,1,on
1,did,10.002723693847656,twitch,3,did
2,fuck did,5.707433700561523,twitch,3,did
4,What the fuck did,5.068694114685059,twitch,3,did
1,fuck,10.033944129943848,twitch,2,fuck
2,the fuck,6.755163192749023,twitch,2,fuck
1,the,12.734390258789062,twitch,1,the
2,What the,7.616888523101807,twitch,1,the
1,believe,6.32547664642334,twitch,2,believe
2,cannot believe,5.382256984710693,twitch,2,believe
1,that,10.947566986083984,twitch,4,that
2,you're that,9.50748348236084,twitch,4,that
4,cannot believe you're that,8.850662231445312,twitch,4,that
1,cannot,7.792500019073486,twitch,1,cannot
2,I cannot,7.718351364135742,twitch,1,cannot
1,for,11.576336860656738,twitch,2,for
2,over for,10.003044128417969,twitch,2,for
1,the,12.734390258789062,twitch,3,the
2,for the,10.603531837463379,twitch,3,the
4,That's over for the,10.131948471069336,twitch,3,the
1,over,11.29223346710205,twitch,1,over
2,That's over,7.175346851348877,twitch,1,over
1,bunch,8.668734550476074,twitch,2,bunch
2,a bunch,1.6431020498275757,twitch,2,bunch
1,of,12.024920463562012,twitch,3,of
2,bunch of,12.019502639770508,twitch,3,of
4,There's a bunch of,9.792842864990234,twitch,3,of
1,a,11.316549301147461,twitch,1,a
2,There's a,8.183293342590332,twitch,1,a
1,I,11.117331504821777,twitch,1,I
2,"Yeah, I",5.890807151794434,twitch,1,I
1,find,11.10165786743164,twitch,3,find
2,can't find,6.040729522705078,twitch,3,find
4,"Yeah, I can't find",5.385108470916748,twitch,3,find
1,any,11.360147476196289,twitch,4,any
2,find any,9.393132209777832,twitch,4,any
4,I can't find any,9.84986400604248,twitch,4,any
1,here?,8.687158584594727,twitch,3,here?
2,right here?,7.439870834350586,twitch,3,here?
4,What's this right here?,7.470978736877441,twitch,3,here?
1,right,10.864727020263672,twitch,2,right
2,this right,7.611537456512451,twitch,2,right
1,this,10.959673881530762,twitch,1,this
2,What's this,8.12021255493164,twitch,1,this
1,"no,",10.201715469360352,twitch,2,"no,"
2,"no, no,",5.523804187774658,twitch,2,"no,"
1,"no,",10.201715469360352,twitch,3,"no,"
2,"no, no,",5.523804187774658,twitch,3,"no,"
4,"No, no, no, no,",4.034079551696777,twitch,3,"no,"
1,"no,",10.201715469360352,twitch,4,"no,"
2,"no, no,",5.523804187774658,twitch,4,"no,"
4,"no, no, no, no,",3.8063998222351074,twitch,4,"no,"
1,what's,6.277798175811768,twitch,4,what's
2,what what's,6.976105690002441,twitch,4,what's
4,that edible what what's,8.37341022491455,twitch,4,what's
1,that,10.947566986083984,twitch,1,that
2,Is that,7.520195484161377,twitch,1,that
1,what,10.599081993103027,twitch,3,what
2,edible what,7.791271686553955,twitch,3,what
4,Is that edible what,5.415986061096191,twitch,3,what
1,don't,7.345463752746582,twitch,1,don't
2,We don't,5.368595123291016,twitch,1,don't
1,in,11.458725929260254,twitch,3,in
2,die in,9.264486312866211,twitch,3,in
4,We don't die in,7.152068138122559,twitch,3,in
1,die,10.815694808959961,twitch,2,die
2,don't die,6.424954414367676,twitch,2,die
1,"god,",9.819499015808105,twitch,2,"god,"
2,"my god,",7.821787357330322,twitch,2,"god,"
1,he's,10.79698371887207,twitch,3,he's
2,"god, he's",8.659066200256348,twitch,3,he's
4,"Oh my god, he's",7.97174072265625,twitch,3,he's
1,my,12.444364547729492,twitch,1,my
2,Oh my,3.530229091644287,twitch,1,my
1,"yeah,",7.744340896606445,twitch,2,"yeah,"
2,"God, yeah,",6.583543300628662,twitch,2,"yeah,"
1,"God,",8.844258308410645,twitch,4,"God,"
2,"okay, God,",9.171952247619629,twitch,4,"God,"
4,"God, yeah, okay, God,",6.481024742126465,twitch,4,"God,"
1,"God,",8.844258308410645,twitch,1,"God,"
2,"Oh, God,",6.922281742095947,twitch,1,"God,"
1,all,11.139111518859863,twitch,2,all
2,you all,8.60045051574707,twitch,2,all
1,you,10.660537719726562,twitch,1,you
2,Did you,6.972372531890869,twitch,1,you
1,up,10.697288513183594,twitch,4,up
2,come up,5.1835246086120605,twitch,4,up
4,you all come up,3.1460745334625244,twitch,4,up
1,"wait,",10.122462272644043,twitch,1,"wait,"
2,"Oh wait,",6.444954872131348,twitch,1,"wait,"
1,is,11.129858016967773,twitch,4,is
2,it is,8.909903526306152,twitch,4,is
4,"wait, dude, it is",8.5432767868042,twitch,4,is
1,"dude,",9.428110122680664,twitch,2,"dude,"
2,"wait, dude,",7.245543003082275,twitch,2,"dude,"
1,"on,",10.979357719421387,twitch,3,"on,"
2,"come on,",8.566449165344238,twitch,3,"on,"
4,"Come on, come on,",7.070523738861084,twitch,3,"on,"
1,"on,",10.979357719421387,twitch,1,"on,"
2,"Come on,",10.378730773925781,twitch,1,"on,"
1,come,10.260955810546875,twitch,4,come
2,"on, come",6.145468235015869,twitch,4,come
4,"on, come on, come",1.6935149431228638,twitch,4,come
1,that,10.947566986083984,twitch,1,that
2,But that,6.197519779205322,twitch,1,that
1,would,10.050649642944336,twitch,2,would
2,that would,6.216805934906006,twitch,2,would
1,of,12.024920463562012,twitch,4,of
2,kind of,11.920049667358398,twitch,4,of
4,that would kind of,7.977755546569824,twitch,4,of
1,I'm,7.25425910949707,twitch,2,I'm
2,"good, I'm",7.439637660980225,twitch,2,I'm
1,"sick,",10.77519702911377,twitch,3,"sick,"
2,"I'm sick,",7.1464643478393555,twitch,3,"sick,"
4,"I'm good, I'm sick,",4.389956951141357,twitch,3,"sick,"
1,I'm,7.25425910949707,twitch,4,I'm
2,"sick, I'm",7.606331825256348,twitch,4,I'm
4,"good, I'm sick, I'm",6.054129600524902,twitch,4,I'm
1,don't,7.345463752746582,twitch,1,don't
2,I don't,4.23712158203125,twitch,1,don't
1,you,10.660537719726562,twitch,3,you
2,see you,8.374963760375977,twitch,3,you
4,I don't see you,8.07043743133545,twitch,3,you
1,see,10.684712409973145,twitch,2,see
2,don't see,6.117515563964844,twitch,2,see
1,the,12.734390258789062,twitch,2,the
2,to the,12.121143341064453,twitch,2,the
1,left,10.82538890838623,twitch,3,left
2,the left,6.899465560913086,twitch,3,left
4,Look to the left,4.159415245056152,twitch,3,left
1,of,12.024920463562012,twitch,4,of
2,left of,7.515365123748779,twitch,4,of
4,to the left of,4.803542137145996,twitch,4,of
1,for,11.576336860656738,twitch,4,for
2,trick for,10.654065132141113,twitch,4,for
4,have a trick for,6.549335479736328,twitch,4,for
1,have,10.692431449890137,twitch,1,have
2,We have,7.843870639801025,twitch,1,have
1,a,11.316549301147461,twitch,2,a
2,have a,10.886540412902832,twitch,2,a
1,do,10.671449661254883,twitch,1,do
2,You do,4.645359516143799,twitch,1,do
1,a,11.316549301147461,twitch,2,a
2,do a,10.60631275177002,twitch,2,a
1,great,11.726061820983887,twitch,3,great
2,a great,10.127276420593262,twitch,3,great
4,You do a great,1.1969794034957886,twitch,3,great
1,somebody,8.393484115600586,twitch,4,somebody
2,what somebody,6.368435859680176,twitch,4,somebody
4,"mean, that's what somebody",6.609318733215332,twitch,4,somebody
1,that's,6.693538665771484,twitch,2,that's
2,"mean, that's",7.591279983520508,twitch,2,that's
1,"mean,",9.717825889587402,twitch,1,"mean,"
2,"I mean,",7.220305919647217,twitch,1,"mean,"
1,still,10.723008155822754,twitch,2,still
2,we still,6.2362751960754395,twitch,2,still
1,have,10.692431449890137,twitch,3,have
2,still have,7.208380699157715,twitch,3,have
4,54% we still have,7.806646347045898,twitch,3,have
1,we,11.5739107131958,twitch,1,we
2,54% we,7.691658020019531,twitch,1,we
1,won't,7.359218120574951,twitch,3,won't
2,it won't,6.845968246459961,twitch,3,won't
4,"Mm-hmm. Oh, it won't",5.733004570007324,twitch,3,won't
1,be,11.872392654418945,twitch,4,be
2,won't be,8.466816902160645,twitch,4,be
4,"Oh, it won't be",7.320042610168457,twitch,4,be
1,it,10.897254943847656,twitch,2,it
2,"Oh, it",3.1637611389160156,twitch,2,it
1,"bridge,",10.463132858276367,twitch,2,"bridge,"
2,"other bridge,",9.39031982421875,twitch,2,"bridge,"
1,other,11.661579132080078,twitch,1,other
2,Two other,10.969074249267578,twitch,1,other
1,two,11.198701858520508,twitch,3,two
2,"bridge, two",10.077933311462402,twitch,3,two
4,"Two other bridge, two",9.574911117553711,twitch,3,two
1,more,11.137571334838867,twitch,4,more
2,no more,8.74466609954834,twitch,4,more
4,"Mr. C, no more",10.343547821044922,twitch,4,more
1,"C,",11.291053771972656,twitch,2,"C,"
2,"Mr. C,",10.567381858825684,twitch,2,"C,"
1,no,11.925097465515137,twitch,3,no
2,"C, no",10.629770278930664,twitch,3,no
4,"Hey, Mr. C, no",7.2545037269592285,twitch,3,no
1,the,12.734390258789062,twitch,4,the
2,leave the,12.352086067199707,twitch,4,the
4,got to leave the,11.103838920593262,twitch,4,the
1,got,11.186014175415039,twitch,1,got
2,You got,6.208295822143555,twitch,1,got
1,leave,10.394814491271973,twitch,3,leave
2,to leave,6.714518070220947,twitch,3,leave
4,You got to leave,6.292736530303955,twitch,3,leave
1,before,11.061224937438965,twitch,3,before
2,hug before,8.175492286682129,twitch,3,before
4,Give me hug before,4.510723114013672,twitch,3,before
1,you,10.660537719726562,twitch,4,you
2,before you,7.7667741775512695,twitch,4,you
4,me hug before you,8.441691398620605,twitch,4,you
1,hug,9.660017013549805,twitch,2,hug
2,me hug,8.026586532592773,twitch,2,hug
1,peanuts,7.3042097091674805,twitch,1,peanuts
2,where peanuts,6.308396816253662,twitch,1,peanuts
1,and,11.574933052062988,twitch,3,and
2,go and,11.675487518310547,twitch,3,and
4,where peanuts go and,9.370866775512695,twitch,3,and
1,go,10.900910377502441,twitch,4,go
2,and go,7.475184917449951,twitch,4,go
4,peanuts go and go,5.411966800689697,twitch,4,go
1,kill,10.769107818603516,twitch,2,kill
2,better kill,9.033561706542969,twitch,2,kill
1,the,12.734390258789062,twitch,3,the
2,kill the,12.521071434020996,twitch,3,the
4,He better kill the,10.802824020385742,twitch,3,the
1,better,10.959725379943848,twitch,1,better
2,He better,6.490408897399902,twitch,1,better
1,"Java,",9.874122619628906,twitch,2,"Java,"
2,"falling Java,",9.40369701385498,twitch,2,"Java,"
1,I'm,7.25425910949707,twitch,3,I'm
2,"Java, I'm",6.871922969818115,twitch,3,I'm
4,"I'm falling Java, I'm",7.69327449798584,twitch,3,I'm
1,falling,10.619622230529785,twitch,1,falling
2,I'm falling,5.083405494689941,twitch,1,falling
1,way,10.513489723205566,twitch,2,way
2,no way,5.793861389160156,twitch,2,way
1,he's,10.79698371887207,twitch,3,he's
2,way he's,8.257209777832031,twitch,3,he's
4,Oh no way he's,7.34481143951416,twitch,3,he's
1,getting,10.920502662658691,twitch,4,getting
2,he's getting,8.322145462036133,twitch,4,getting
4,no way he's getting,7.920759201049805,twitch,4,getting
1,a,11.316549301147461,twitch,2,a
2,I'm a,10.297093391418457,twitch,2,a
1,"Okay,",7.692702770233154,twitch,4,"Okay,"
2,"male. Okay,",6.419027805328369,twitch,4,"Okay,"
4,"I'm a male. Okay,",6.240340709686279,twitch,4,"Okay,"
1,I'm,7.25425910949707,twitch,1,I'm
2,"No, I'm",4.281330108642578,twitch,1,I'm
1,is,11.129858016967773,twitch,2,is
2,it is,8.909903526306152,twitch,2,is
1,chicken.,5.65439510345459,twitch,4,chicken.
2,a chicken.,7.405639171600342,twitch,4,chicken.
4,it is a chicken.,7.034191608428955,twitch,4,chicken.
1,a,11.316549301147461,twitch,3,a
2,is a,11.68295669555664,twitch,3,a
4,"Yeah, it is a",10.112174034118652,twitch,3,a
1,right,10.864727020263672,twitch,3,right
2,I'm right,4.647139549255371,twitch,3,right
4,I think I'm right,4.8124775886535645,twitch,3,right
1,I'm,7.25425910949707,twitch,2,I'm
2,think I'm,7.19641637802124,twitch,2,I'm
1,behind,11.124430656433105,twitch,4,behind
2,right behind,6.813018798828125,twitch,4,behind
4,think I'm right behind,5.125100135803223,twitch,4,behind
1,on,11.154274940490723,twitch,4,on
2,come on,9.599469184875488,twitch,4,on
4,"is guys, come on",5.629242420196533,twitch,4,on
1,"guys,",10.106283187866211,twitch,2,"guys,"
2,"is guys,",8.124696731567383,twitch,2,"guys,"
1,is,11.129858016967773,twitch,1,is
2,Which is,7.3256754875183105,twitch,1,is
1,roll,10.775135040283203,twitch,3,roll
2,a roll,6.209496021270752,twitch,3,roll
4,I rip a roll,3.47767972946167,twitch,3,roll
1,a,11.316549301147461,twitch,2,a
2,rip a,11.792464256286621,twitch,2,a
1,rip,11.109004020690918,twitch,1,rip
2,I rip,6.531900405883789,twitch,1,rip
1,just,11.214090347290039,twitch,3,just
2,"Q, just",8.174652099609375,twitch,3,just
4,"Just hold Q, just",4.035264015197754,twitch,3,just
1,hold,10.308622360229492,twitch,4,hold
2,just hold,5.575153827667236,twitch,4,hold
4,"hold Q, just hold",6.4301981925964355,twitch,4,hold
1,hold,10.308622360229492,twitch,1,hold
2,Just hold,3.8555383682250977,twitch,1,hold
1,be,11.872392654418945,twitch,3,be
2,should be,9.865177154541016,twitch,3,be
4,"No, it should be",8.562771797180176,twitch,3,be
1,should,10.274287223815918,twitch,2,should
2,it should,5.625674724578857,twitch,2,should
1,it,10.897254943847656,twitch,1,it
2,"No, it",3.9117612838745117,twitch,1,it
1,can,10.825804710388184,twitch,1,can
2,"Oh, can",3.0304150581359863,twitch,1,can
1,go,10.900910377502441,twitch,4,go
2,go go,8.078705787658691,twitch,4,go
4,can we go go,6.148990631103516,twitch,4,go
1,go,10.900910377502441,twitch,3,go
2,we go,6.920439720153809,twitch,3,go
4,"Oh, can we go",6.721490383148193,twitch,3,go
1,is,11.129858016967773,twitch,1,is
2,Which is,7.3256754875183105,twitch,1,is
1,following,9.352746963500977,twitch,4,following
2,been following,6.879535675048828,twitch,4,following
4,is guys been following,5.887407302856445,twitch,4,following
1,guys,9.345287322998047,twitch,2,guys
2,is guys,7.067643165588379,twitch,2,guys
1,"we,",11.504361152648926,twitch,1,"we,"
2,"Are we,",6.531429767608643,twitch,1,"we,"
1,are,11.507725715637207,twitch,2,are
2,"we, are",9.514350891113281,twitch,2,are
1,we,11.5739107131958,twitch,3,we
2,are we,8.99231243133545,twitch,3,we
4,"Are we, are we",6.710079669952393,twitch,3,we
1,hitting,11.103655815124512,twitch,4,hitting
2,for hitting,7.747682571411133,twitch,4,hitting
4,have died for hitting,6.627748966217041,twitch,4,hitting
1,died,8.47182559967041,twitch,2,died
2,have died,5.130962371826172,twitch,2,died
1,have,10.692431449890137,twitch,1,have
2,You have,7.343994617462158,twitch,1,have
1,eat,10.640091896057129,twitch,2,eat
2,couldn't eat,7.619428634643555,twitch,2,eat
1,couldn't,6.892276763916016,twitch,1,couldn't
2,I couldn't,6.765938758850098,twitch,1,couldn't
1,or,11.46521282196045,twitch,3,or
2,eat or,12.114119529724121,twitch,3,or
4,I couldn't eat or,3.645432949066162,twitch,3,or
1,there's,5.328185558319092,twitch,4,there's
2,is there's,5.350841045379639,twitch,4,there's
4,go there is there's,5.8208818435668945,twitch,4,there's
1,there,9.811803817749023,twitch,2,there
2,go there,5.817396640777588,twitch,2,there
1,is,11.129858016967773,twitch,3,is
2,there is,5.1836724281311035,twitch,3,is
4,We go there is,7.823501110076904,twitch,3,is
1,break,10.66457748413086,twitch,2,break
2,be break,7.864529609680176,twitch,2,break
1,if,11.083032608032227,twitch,3,if
2,break if,7.871610641479492,twitch,3,if
4,We'll be break if,5.187030792236328,twitch,3,if
1,you,10.660537719726562,twitch,4,you
2,if you,6.188261985778809,twitch,4,you
4,be break if you,6.807410717010498,twitch,4,you
1,we,11.5739107131958,twitch,1,we
2,So we,6.506175994873047,twitch,1,we
1,eat,10.640091896057129,twitch,3,eat
2,don't eat,7.768599510192871,twitch,3,eat
4,So we don't eat,8.136690139770508,twitch,3,eat
1,the,12.734390258789062,twitch,4,the
2,eat the,12.704833984375,twitch,4,the
4,we don't eat the,9.14836597442627,twitch,4,the
1,we,11.5739107131958,twitch,1,we
2,Are we,7.340374946594238,twitch,1,we
1,so,11.06381893157959,twitch,2,so
2,we so,9.681323051452637,twitch,2,so
1,fucking,6.474433422088623,twitch,3,fucking
2,so fucking,10.848752975463867,twitch,3,fucking
4,Are we so fucking,8.137495040893555,twitch,3,fucking
1,"it,",11.110934257507324,twitch,2,"it,"
2,"do it,",8.185208320617676,twitch,2,"it,"
1,do,10.671449661254883,twitch,1,do
2,Let's do,4.099058151245117,twitch,1,do
1,do,10.671449661254883,twitch,4,do
2,let's do,8.31085205078125,twitch,4,do
4,"do it, let's do",1.4946640729904175,twitch,4,do
1,another,11.492477416992188,twitch,2,another
2,got another,10.732821464538574,twitch,2,another
1,organ,11.5052490234375,twitch,3,organ
2,another organ,7.939688682556152,twitch,3,organ
4,You got another organ,7.175419807434082,twitch,3,organ
1,for,11.576336860656738,twitch,4,for
2,organ for,10.62675952911377,twitch,4,for
4,got another organ for,8.034136772155762,twitch,4,for
1,you,10.660537719726562,twitch,2,you
2,do you,5.67453145980835,twitch,2,you
1,do,10.671449661254883,twitch,1,do
2,What do,2.142984390258789,twitch,1,do
1,have,10.692431449890137,twitch,3,have
2,you have,7.3626508712768555,twitch,3,have
4,What do you have,3.4319989681243896,twitch,3,have
1,what,10.599081993103027,twitch,3,what
2,know what,6.800109386444092,twitch,3,what
4,I don't know what,6.045905590057373,twitch,3,what
1,know,10.400792121887207,twitch,2,know
2,don't know,5.081944465637207,twitch,2,know
1,it,10.897254943847656,twitch,4,it
2,what it,4.909783363342285,twitch,4,it
4,don't know what it,2.766265869140625,twitch,4,it
1,click,10.52001953125,twitch,2,click
2,right click,7.208489894866943,twitch,2,click
1,right,10.864727020263672,twitch,1,right
2,okay right,5.1562628746032715,twitch,1,right
1,knocks,8.13187026977539,twitch,3,knocks
2,click knocks,7.059673309326172,twitch,3,knocks
4,okay right click knocks,6.315822601318359,twitch,3,knocks
1,fucking,6.474433422088623,twitch,4,fucking
2,the fucking,11.985102653503418,twitch,4,fucking
4,give him the fucking,10.586780548095703,twitch,4,fucking
1,him,11.09859561920166,twitch,2,him
2,give him,7.615024566650391,twitch,2,him
1,give,10.711256980895996,twitch,1,give
2,"Oh, give",3.0508809089660645,twitch,1,give
1,figured,10.332534790039062,twitch,2,figured
2,haven't figured,2.386821746826172,twitch,2,figured
1,that,10.947566986083984,twitch,3,that
2,figured that,8.108285903930664,twitch,3,that
4,I haven't figured that,1.5348644256591797,twitch,3,that
1,haven't,8.32089900970459,twitch,1,haven't
2,I haven't,6.375743865966797,twitch,1,haven't
1,a,11.316549301147461,twitch,2,a
2,that's a,9.055657386779785,twitch,2,a
1,that's,6.693538665771484,twitch,1,that's
2,We that's,7.8523712158203125,twitch,1,that's
1,that's,6.693538665771484,twitch,4,that's
2,massive that's,9.056686401367188,twitch,4,that's
4,that's a massive that's,7.006608486175537,twitch,4,that's
1,should,10.274287223815918,twitch,3,should
2,we should,7.278731822967529,twitch,3,should
4,I think we should,7.099028587341309,twitch,3,should
1,we,11.5739107131958,twitch,2,we
2,think we,5.510994911193848,twitch,2,we
1,think,9.863617897033691,twitch,1,think
2,I think,5.887979984283447,twitch,1,think
1,me,10.572490692138672,twitch,1,me
2,Get me,6.280623435974121,twitch,1,me
1,of,12.024920463562012,twitch,4,of
2,out of,10.487857818603516,twitch,4,of
4,me right out of,6.881305694580078,twitch,4,of
1,out,10.346115112304688,twitch,3,out
2,right out,6.511966228485107,twitch,3,out
4,Get me right out,2.67852520942688,twitch,3,out
1,you,10.660537719726562,twitch,1,you
2,Here you,4.045338153839111,twitch,1,you
1,you,10.660537719726562,twitch,4,you
2,here you,7.053920745849609,twitch,4,you
4,"you go, here you",0.7844308614730835,twitch,4,you
1,here,9.959783554077148,twitch,3,here
2,"go, here",4.95720100402832,twitch,3,here
4,"Here you go, here",2.5847930908203125,twitch,3,here
1,"Daniel,",10.3685302734375,twitch,3,"Daniel,"
2,"careful, Daniel,",9.679978370666504,twitch,3,"Daniel,"
4,"So be careful, Daniel,",6.552102088928223,twitch,3,"Daniel,"
1,over,11.29223346710205,twitch,4,over
2,"Daniel, over",7.944645404815674,twitch,4,over
4,"be careful, Daniel, over",6.689025402069092,twitch,4,over
1,"careful,",10.816950798034668,twitch,2,"careful,"
2,"be careful,",7.679978847503662,twitch,2,"careful,"
1,right,10.864727020263672,twitch,4,right
2,it right,6.206866264343262,twitch,4,right
4,they left it right,4.869647026062012,twitch,4,right
1,it,10.897254943847656,twitch,3,it
2,left it,7.395755767822266,twitch,3,it
4,"Oh, they left it",5.614576816558838,twitch,3,it
1,left,10.82538890838623,twitch,2,left
2,they left,7.311582565307617,twitch,2,left
1,Exway,10.969593048095703,twitch,3,Exway
2,"on, Exway",7.07114839553833,twitch,3,Exway
4,"Exway vision on, Exway",11.663058280944824,twitch,3,Exway
1,"on,",10.979357719421387,twitch,2,"on,"
2,"vision on,",9.208623886108398,twitch,2,"on,"
1,vision,10.531577110290527,twitch,4,vision
2,Exway vision,8.223143577575684,twitch,4,vision
4,"vision on, Exway vision",7.5089111328125,twitch,4,vision
1,"shit,",9.02711009979248,twitch,1,"shit,"
2,"Holy shit,",8.026678085327148,twitch,1,"shit,"
1,is,11.129858016967773,twitch,3,is
2,"wait, is",8.092179298400879,twitch,3,is
4,"Holy shit, wait, is",4.130311489105225,twitch,3,is
1,"wait,",10.122462272644043,twitch,2,"wait,"
2,"shit, wait,",6.852317810058594,twitch,2,"wait,"
1,eat,10.640091896057129,twitch,2,eat
2,don't eat,7.768599510192871,twitch,2,eat
1,don't,7.345463752746582,twitch,1,don't
2,You don't,4.966607570648193,twitch,1,don't
1,the,12.734390258789062,twitch,4,the
2,by the,12.546070098876953,twitch,4,the
4,don't eat by the,9.161087989807129,twitch,4,the
1,you,10.660537719726562,twitch,2,you
2,do you,5.67453145980835,twitch,2,you
1,do,10.671449661254883,twitch,1,do
2,How do,2.736572265625,twitch,1,do
1,get,11.412823677062988,twitch,3,get
2,you get,7.676114559173584,twitch,3,get
4,How do you get,7.463739395141602,twitch,3,get
1,guy,10.258659362792969,twitch,2,guy
2,this guy,7.007938385009766,twitch,2,guy
1,him,11.09859561920166,twitch,4,him
2,hit him,5.9788007736206055,twitch,4,him
4,this guy hit him,5.404362678527832,twitch,4,him
1,hit,10.918015480041504,twitch,3,hit
2,guy hit,7.344511985778809,twitch,3,hit
4,Hate this guy hit,6.999865531921387,twitch,3,hit
1,catch,11.185097694396973,twitch,4,catch
2,We'll catch,3.4151768684387207,twitch,4,catch
4,catch him. We'll catch,3.446178913116455,twitch,4,catch
1,catch,11.185097694396973,twitch,1,catch
2,We'll catch,3.4151768684387207,twitch,1,catch
1,him.,9.418864250183105,twitch,2,him.
2,catch him.,7.149773120880127,twitch,2,him.
1,something,10.092069625854492,twitch,2,something
2,he something,6.987397193908691,twitch,2,something
1,on,11.154274940490723,twitch,3,on
2,something on,7.622681617736816,twitch,3,on
4,Is he something on,7.228863716125488,twitch,3,on
1,our,11.373416900634766,twitch,4,our
2,on our,11.868029594421387,twitch,4,our
4,he something on our,10.273808479309082,twitch,4,our
1,"lads,",10.896286010742188,twitch,2,"lads,"
2,"work, lads,",10.413475036621094,twitch,2,"lads,"
1,"work,",10.617587089538574,twitch,1,"work,"
2,"Good work,",10.462440490722656,twitch,1,"work,"
1,fucking,6.474433422088623,twitch,4,fucking
2,good fucking,11.149919509887695,twitch,4,fucking
4,"work, lads, good fucking",8.974987983703613,twitch,4,fucking
1,know,10.400792121887207,twitch,1,know
2,I know,5.813540458679199,twitch,1,know
1,it's,9.313949584960938,twitch,2,it's
2,know it's,8.520004272460938,twitch,2,it's
1,to,11.301959037780762,twitch,3,to
2,it's to,8.89194107055664,twitch,3,to
4,I know it's to,7.982516288757324,twitch,3,to
1,Leo,10.651412963867188,twitch,2,Leo
2,said Leo,10.284394264221191,twitch,2,Leo
1,said,9.272993087768555,twitch,1,said
2,He said,5.839510917663574,twitch,1,said
1,says,7.635950088500977,twitch,3,says
2,Leo says,5.801499843597412,twitch,3,says
4,He said Leo says,4.834378719329834,twitch,3,says
1,to,11.301959037780762,twitch,2,to
2,got to,8.610681533813477,twitch,2,to
1,kidding,10.079583168029785,twitch,4,kidding
2,be kidding,4.729938983917236,twitch,4,kidding
4,got to be kidding,3.950324296951294,twitch,4,kidding
1,got,11.186014175415039,twitch,1,got
2,You've got,5.081088542938232,twitch,1,got
1,playing,11.306477546691895,twitch,2,playing
2,just playing,8.083935737609863,twitch,2,playing
1,your,12.634740829467773,twitch,4,your
2,under your,11.293821334838867,twitch,4,your
4,just playing under your,7.882035732269287,twitch,4,your
1,just,11.214090347290039,twitch,1,just
2,he's just,7.845278263092041,twitch,1,just
1,B,11.827631950378418,twitch,3,B
2,that B,10.237548828125,twitch,3,B
4,"Wait, is that B",9.89644718170166,twitch,3,B
1,that,10.947566986083984,twitch,2,that
2,is that,9.734794616699219,twitch,2,that
1,and,11.574933052062988,twitch,4,and
2,B and,11.0837984085083,twitch,4,and
4,is that B and,5.976497173309326,twitch,4,and
1,a-,11.498648643493652,twitch,2,a-
2,it's a-,9.68896484375,twitch,2,a-
1,a,11.316549301147461,twitch,4,a
2,it's a,10.077677726745605,twitch,4,a
4,it's a- it's a,8.473780632019043,twitch,4,a
1,it's,9.313949584960938,twitch,3,it's
2,a- it's,8.754175186157227,twitch,3,it's
4,"Oh, it's a- it's",7.265061378479004,twitch,3,it's
1,the,12.734390258789062,twitch,4,the
2,to the,12.121143341064453,twitch,4,the
4,find those to the,10.803080558776855,twitch,4,the
1,to,11.301959037780762,twitch,3,to
2,those to,9.34603214263916,twitch,3,to
4,I'll find those to,5.376360893249512,twitch,3,to
1,find,11.10165786743164,twitch,1,find
2,I'll find,4.735267162322998,twitch,1,find
1,"shit,",9.02711009979248,twitch,1,"shit,"
2,"Holy shit,",8.026678085327148,twitch,1,"shit,"
1,is,11.129858016967773,twitch,4,is
2,thing is,9.059996604919434,twitch,4,is
4,"shit, that thing is",8.847270011901855,twitch,4,is
1,thing,10.63368034362793,twitch,3,thing
2,that thing,6.628400802612305,twitch,3,thing
4,"Holy shit, that thing",6.349335193634033,twitch,3,thing
1,at,11.502521514892578,twitch,3,at
2,look at,6.2171478271484375,twitch,3,at
4,Toward me look at,6.245893478393555,twitch,3,at
1,my,12.444364547729492,twitch,4,my
2,at my,10.14805793762207,twitch,4,my
4,me look at my,10.740310668945312,twitch,4,my
1,me,10.572490692138672,twitch,1,me
2,Toward me,4.797397613525391,twitch,1,me
1,we,11.5739107131958,twitch,4,we
2,are we,8.99231243133545,twitch,4,we
4,come back are we,7.760034561157227,twitch,4,we
1,come,10.260955810546875,twitch,1,come
2,I'll come,4.049765110015869,twitch,1,come
1,are,11.507725715637207,twitch,3,are
2,back are,10.746261596679688,twitch,3,are
4,I'll come back are,6.997405052185059,twitch,3,are
1,the,12.734390258789062,twitch,3,the
2,saw the,12.290980339050293,twitch,3,the
4,I just saw the,11.152459144592285,twitch,3,the
1,saw,10.641938209533691,twitch,2,saw
2,just saw,6.948334217071533,twitch,2,saw
1,over,11.29223346710205,twitch,4,over
2,the over,7.5888214111328125,twitch,4,over
4,just saw the over,8.074959754943848,twitch,4,over
1,don't,7.345463752746582,twitch,2,don't
2,I don't,4.23712158203125,twitch,2,don't
1,think,9.863617897033691,twitch,3,think
2,don't think,5.632736682891846,twitch,3,think
4,Belly I don't think,5.76417350769043,twitch,3,think
1,I,11.117331504821777,twitch,1,I
2,Belly I,8.455217361450195,twitch,1,I
1,come,10.260955810546875,twitch,2,come
2,come come,6.008878707885742,twitch,2,come
1,come,10.260955810546875,twitch,4,come
2,come come,6.008878707885742,twitch,4,come
4,come come come come,5.926675796508789,twitch,4,come
1,come,10.260955810546875,twitch,1,come
2,Come come,5.890602111816406,twitch,1,come
1,mama,9.673657417297363,twitch,4,mama
2,big mama,7.350090026855469,twitch,4,mama
4,that's a big mama,7.507699489593506,twitch,4,mama
1,big,12.034542083740234,twitch,3,big
2,a big,10.342395782470703,twitch,3,big
4,"Ooh, that's a big",8.573897361755371,twitch,3,big
1,a,11.316549301147461,twitch,2,a
2,that's a,9.055657386779785,twitch,2,a
1,that's,6.693538665771484,twitch,1,that's
2,uh... that's,7.6525983810424805,twitch,1,that's
1,here,9.959783554077148,twitch,4,here
2,you're here,5.121097564697266,twitch,4,here
4,that's why you're here,5.898552417755127,twitch,4,here
1,why,10.04607105255127,twitch,2,why
2,that's why,5.522581577301025,twitch,2,why
1,me!,8.413397789001465,twitch,1,me!
2,Guard me!,7.790396690368652,twitch,1,me!
1,me!,8.413397789001465,twitch,3,me!
2,Guard me!,7.790396690368652,twitch,3,me!
4,Guard me! Guard me!,8.220531463623047,twitch,3,me!
1,Guard,11.394387245178223,twitch,2,Guard
2,me! Guard,9.238389015197754,twitch,2,Guard
1,toward,7.726693630218506,twitch,4,toward
2,up toward,7.456269264221191,twitch,4,toward
4,they pulling up toward,5.112189769744873,twitch,4,toward
1,they,10.613469123840332,twitch,1,they
2,Are they,8.762776374816895,twitch,1,they
1,up,10.697288513183594,twitch,3,up
2,pulling up,7.584037780761719,twitch,3,up
4,Are they pulling up,6.587973117828369,twitch,3,up
1,restart,10.023539543151855,twitch,4,restart
2,big restart,7.431548595428467,twitch,4,restart
4,we go big restart,8.468656539916992,twitch,4,restart
1,we,11.5739107131958,twitch,1,we
2,Here we,6.135598182678223,twitch,1,we
1,go,10.900910377502441,twitch,2,go
2,we go,6.920439720153809,twitch,2,go
1,That's,6.251898288726807,twitch,3,That's
2,pal. That's,6.603074073791504,twitch,3,That's
4,That's right pal. That's,4.410439491271973,twitch,3,That's
1,pal.,8.95484733581543,twitch,2,pal.
2,right pal.,8.394857406616211,twitch,2,pal.
1,right,10.864727020263672,twitch,4,right
2,That's right,3.581554412841797,twitch,4,right
4,right pal. That's right,3.3561408519744873,twitch,4,right
1,"you,",9.85675048828125,twitch,2,"you,"
2,"got you,",10.654189109802246,twitch,2,"you,"
1,got,11.186014175415039,twitch,4,got
2,we got,7.2924604415893555,twitch,4,got
4,"got you, we got",6.763442039489746,twitch,4,got
1,got,11.186014175415039,twitch,1,got
2,I got,7.47769021987915,twitch,1,got
1,you,10.660537719726562,twitch,1,you
2,Are you,8.059492111206055,twitch,1,you
1,a,11.316549301147461,twitch,4,a
2,on a,12.133975982666016,twitch,4,a
4,you guys on a,9.40467357635498,twitch,4,a
1,guys,9.345287322998047,twitch,2,guys
2,you guys,7.338253498077393,twitch,2,guys
1,also,10.951159477233887,twitch,1,also
2,I'm also,8.019606590270996,twitch,1,also
1,infertile,9.231894493103027,twitch,3,infertile
2,temporarily infertile,5.758398532867432,twitch,3,infertile
4,I'm also temporarily infertile,4.48345422744751,twitch,3,infertile
1,temporarily,10.13683032989502,twitch,2,temporarily
2,also temporarily,8.58160400390625,twitch,2,temporarily
1,big,12.034542083740234,twitch,3,big
2,so big,8.54861831665039,twitch,3,big
4,"Yeah, that's so big",4.742426872253418,twitch,3,big
1,so,11.06381893157959,twitch,2,so
2,that's so,8.419736862182617,twitch,2,so
1,"now,",10.380014419555664,twitch,4,"now,"
2,"big now,",8.37381649017334,twitch,4,"now,"
4,"that's so big now,",6.6266632080078125,twitch,4,"now,"
1,I,11.117331504821777,twitch,1,I
2,"Well, I",6.0353217124938965,twitch,1,I
1,defend,8.965761184692383,twitch,4,defend
2,to defend,7.113412380218506,twitch,4,defend
4,I had to defend,4.107765197753906,twitch,4,defend
1,to,11.301959037780762,twitch,3,to
2,had to,8.512750625610352,twitch,3,to
4,"Well, I had to",8.016268730163574,twitch,3,to
1,we,11.5739107131958,twitch,4,we
2,here we,6.886136531829834,twitch,4,we
4,"we go, here we",1.0214364528656006,twitch,4,we
1,we,11.5739107131958,twitch,1,we
2,Here we,6.135598182678223,twitch,1,we
1,"go,",10.951502799987793,twitch,2,"go,"
2,"we go,",8.380216598510742,twitch,2,"go,"
1,he,11.501636505126953,twitch,3,he
2,did he,7.565776348114014,twitch,3,he
4,"Oh wait, did he",6.989752769470215,twitch,3,he
1,"wait,",10.122462272644043,twitch,1,"wait,"
2,"Oh wait,",6.444954872131348,twitch,1,"wait,"
1,just,11.214090347290039,twitch,4,just
2,he just,8.925189971923828,twitch,4,just
4,"wait, did he just",8.321046829223633,twitch,4,just
1,extra,11.778702735900879,twitch,4,extra
2,an extra,10.3507080078125,twitch,4,extra
4,can do an extra,9.834672927856445,twitch,4,extra
1,an,11.774314880371094,twitch,3,an
2,do an,9.844823837280273,twitch,3,an
4,You can do an,9.613609313964844,twitch,3,an
1,do,10.671449661254883,twitch,2,do
2,can do,6.43924617767334,twitch,2,do
1,Quick,11.370896339416504,twitch,3,Quick
2,heal. Quick,9.101387023925781,twitch,3,Quick
4,Quick little heal. Quick,7.15673828125,twitch,3,Quick
1,little,11.699698448181152,twitch,4,little
2,Quick little,11.490676879882812,twitch,4,little
4,little heal. Quick little,10.478781700134277,twitch,4,little
1,heal.,8.036961555480957,twitch,2,heal.
2,little heal.,7.542002201080322,twitch,2,heal.
1,rogue,9.87688159942627,twitch,2,rogue
2,out rogue,11.059730529785156,twitch,2,rogue
1,out,10.346115112304688,twitch,1,out
2,Come out,5.6647539138793945,twitch,1,out
1,found,11.049341201782227,twitch,4,found
2,they found,7.016013145446777,twitch,4,found
4,out rogue they found,6.691086292266846,twitch,4,found
1,to,11.301959037780762,twitch,4,to
2,where to,8.524740219116211,twitch,4,to
4,I know where to,3.992666482925415,twitch,4,to
1,I,11.117331504821777,twitch,1,I
2,"Okay, I",6.171295642852783,twitch,1,I
1,where,11.376585006713867,twitch,3,where
2,know where,5.939553260803223,twitch,3,where
4,"Okay, I know where",4.32555627822876,twitch,3,where
1,you,10.660537719726562,twitch,1,you
2,Do you,5.721115589141846,twitch,1,you
1,not,10.92558479309082,twitch,2,not
2,you not,9.303730010986328,twitch,2,not
1,those,11.217927932739258,twitch,4,those
2,hear those,9.94827651977539,twitch,4,those
4,you not hear those,8.995967864990234,twitch,4,those
1,I'll,7.0371527671813965,twitch,4,I'll
2,"drown, I'll",7.866645812988281,twitch,4,I'll
4,"no, I'll drown, I'll",5.053243160247803,twitch,4,I'll
1,I'll,7.0371527671813965,twitch,2,I'll
2,"no, I'll",7.322626113891602,twitch,2,I'll
1,"no,",10.201715469360352,twitch,1,"no,"
2,"No, no,",4.79182767868042,twitch,1,"no,"
1,order,10.273884773254395,twitch,2,order
2,in order,1.453911542892456,twitch,2,order
1,to,11.301959037780762,twitch,3,to
2,order to,9.802801132202148,twitch,3,to
4,so in order to,8.899141311645508,twitch,3,to
1,do,10.671449661254883,twitch,4,do
2,to do,6.433040142059326,twitch,4,do
4,in order to do,6.026374340057373,twitch,4,do
1,look,10.315814971923828,twitch,3,look
2,fight look,6.330043315887451,twitch,3,look
4,wanting to fight look,6.286463260650635,twitch,3,look
1,fight,10.315569877624512,twitch,2,fight
2,to fight,7.0588860511779785,twitch,2,fight
1,at,11.502521514892578,twitch,4,at
2,look at,6.2171478271484375,twitch,4,at
4,to fight look at,7.477108955383301,twitch,4,at
1,west,10.702654838562012,twitch,3,west
2,go west,5.102137565612793,twitch,3,west
4,go west go west,3.5027921199798584,twitch,3,west
1,go,10.900910377502441,twitch,2,go
2,west go,8.01746654510498,twitch,2,go
1,west,10.702654838562012,twitch,1,west
2,go west,5.102137565612793,twitch,1,west
1,that,10.947566986083984,twitch,4,that
2,been that,8.667705535888672,twitch,4,that
4,we already been that,4.345324993133545,twitch,4,that
1,already,10.248457908630371,twitch,2,already
2,we already,5.577545642852783,twitch,2,already
1,we,11.5739107131958,twitch,1,we
2,Have we,7.3075456619262695,twitch,1,we
1,with,11.736027717590332,twitch,4,with
2,catch with,9.540478706359863,twitch,4,with
4,can you catch with,7.015928268432617,twitch,4,with
1,catch,11.185097694396973,twitch,3,catch
2,you catch,5.990001201629639,twitch,3,catch
4,"Ooh, can you catch",5.209657192230225,twitch,3,catch
1,can,10.825804710388184,twitch,1,can
2,"Ooh, can",4.153367042541504,twitch,1,can
1,like,11.612746238708496,twitch,1,like
2,It's like,8.136431694030762,twitch,1,like
1,the,12.734390258789062,twitch,2,the
2,like the,12.446467399597168,twitch,2,the
1,hardest,10.681120872497559,twitch,3,hardest
2,the hardest,6.357589244842529,twitch,3,hardest
4,It's like the hardest,4.983967304229736,twitch,3,hardest
1,you,10.660537719726562,twitch,1,you
2,Move you,6.986563682556152,twitch,1,you
1,to,11.301959037780762,twitch,3,to
2,back to,10.462959289550781,twitch,3,to
4,Move you back to,7.201658248901367,twitch,3,to
1,back,10.862462043762207,twitch,2,back
2,you back,5.688343048095703,twitch,2,back
1,fuck,10.033944129943848,twitch,4,fuck
2,we fuck,7.566008567810059,twitch,4,fuck
4,"yeah, what we fuck",5.162447452545166,twitch,4,fuck
1,we,11.5739107131958,twitch,3,we
2,what we,5.776322364807129,twitch,3,we
4,"Yeah, yeah, what we",4.918548107147217,twitch,3,we
1,"yeah,",7.744340896606445,twitch,1,"yeah,"
2,"Yeah, yeah,",5.811877727508545,twitch,1,"yeah,"
1,"guy,",10.38255786895752,twitch,1,"guy,"
2,"This guy,",7.562891960144043,twitch,1,"guy,"
1,this,10.959673881530762,twitch,2,this
2,"guy, this",7.336557388305664,twitch,2,this
1,guy,10.258659362792969,twitch,3,guy
2,this guy,7.007938385009766,twitch,3,guy
4,"This guy, this guy",4.049071311950684,twitch,3,guy
1,kill,10.769107818603516,twitch,3,kill
2,I kill,7.784439563751221,twitch,3,kill
4,How do I kill,7.262061595916748,twitch,3,kill
1,do,10.671449661254883,twitch,1,do
2,How do,2.736572265625,twitch,1,do
1,I,11.117331504821777,twitch,2,I
2,do I,7.058943271636963,twitch,2,I
1,checking,10.55350112915039,twitch,4,checking
2,be checking,6.329226016998291,twitch,4,checking
4,you might be checking,5.396673679351807,twitch,4,checking
1,you,10.660537719726562,twitch,1,you
2,"Uh, you",6.107929229736328,twitch,1,you
1,be,11.872392654418945,twitch,3,be
2,might be,9.367895126342773,twitch,3,be
4,"Uh, you might be",7.284893989562988,twitch,3,be
1,right,10.864727020263672,twitch,4,right
2,Raptor right,8.100107192993164,twitch,4,right
4,that the Raptor right,4.566799163818359,twitch,4,right
1,that,10.947566986083984,twitch,1,that
2,Is that,7.520195484161377,twitch,1,that
1,Raptor,10.867134094238281,twitch,3,Raptor
2,the Raptor,8.387714385986328,twitch,3,Raptor
4,Is that the Raptor,7.769446849822998,twitch,3,Raptor
1,I'm,7.25425910949707,twitch,4,I'm
2,"wounded, I'm",7.873383045196533,twitch,4,I'm
4,"wounded, I'm wounded, I'm",8.484251976013184,twitch,4,I'm
1,I'm,7.25425910949707,twitch,2,I'm
2,"wounded, I'm",7.873383045196533,twitch,2,I'm
1,"wounded,",10.281042098999023,twitch,3,"wounded,"
2,"I'm wounded,",7.128081321716309,twitch,3,"wounded,"
4,"I'm wounded, I'm wounded,",4.2321295738220215,twitch,3,"wounded,"
1,you,10.660537719726562,twitch,3,you
2,"this, you",6.217041969299316,twitch,3,you
4,"You got this, you",6.9043684005737305,twitch,3,you
1,got,11.186014175415039,twitch,1,got
2,You got,6.208295822143555,twitch,1,got
1,got,11.186014175415039,twitch,4,got
2,you got,6.812966823577881,twitch,4,got
4,"got this, you got",6.073085308074951,twitch,4,got
1,I,11.117331504821777,twitch,4,I
2,yes I,6.460991382598877,twitch,4,I
4,"I am, yes I",0.7395322322845459,twitch,4,I
1,yes,9.38578987121582,twitch,3,yes
2,"am, yes",4.762539386749268,twitch,3,yes
4,"Yes I am, yes",2.597632646560669,twitch,3,yes
1,I,11.117331504821777,twitch,1,I
2,Yes I,6.265813827514648,twitch,1,I
1,you,10.660537719726562,twitch,1,you
2,that you,6.296186923980713,twitch,1,you
1,know,10.400792121887207,twitch,2,know
2,you know,4.4257073402404785,twitch,2,know
1,milk,9.538262367248535,twitch,4,milk
2,you're milk,4.677475452423096,twitch,4,milk
4,you know you're milk,5.2503437995910645,twitch,4,milk
1,was,10.896289825439453,twitch,1,was
2,It was,8.293855667114258,twitch,1,was
1,"game,",9.864691734313965,twitch,4,"game,"
2,"a game,",8.507472038269043,twitch,4,"game,"
4,"was all a game,",7.293817043304443,twitch,4,"game,"
1,a,11.316549301147461,twitch,3,a
2,all a,11.57309341430664,twitch,3,a
4,It was all a,8.844746589660645,twitch,3,a
1,hear,10.831530570983887,twitch,3,hear
2,can hear,6.745996952056885,twitch,3,hear
4,"Well, you can hear",5.302854537963867,twitch,3,hear
1,you,10.660537719726562,twitch,1,you
2,"Well, you",5.793673038482666,twitch,1,you
1,"him,",10.795534133911133,twitch,4,"him,"
2,"hear him,",8.787678718566895,twitch,4,"him,"
4,"you can hear him,",7.702702522277832,twitch,4,"him,"
1,I'm,7.25425910949707,twitch,1,I'm
2,"Okay, I'm",6.68787145614624,twitch,1,I'm
1,gonna,9.22776985168457,twitch,2,gonna
2,I'm gonna,7.192975044250488,twitch,2,gonna
1,go,10.900910377502441,twitch,3,go
2,gonna go,6.8915181159973145,twitch,3,go
4,"Okay, I'm gonna go",6.404353618621826,twitch,3,go
1,transferred,7.342484951019287,courtroom,1,transferred
2,We transferred,6.816068172454834,courtroom,1,transferred
1,materials,7.184159755706787,courtroom,2,materials
2,transferred materials,6.641434192657471,courtroom,2,materials
1,one,10.6817045211792,courtroom,4,one
2,from one,8.662921905517578,courtroom,4,one
4,transferred materials from one,9.583712577819824,courtroom,4,one
1,giving,11.280071258544922,courtroom,4,giving
2,remember giving,6.53228759765625,courtroom,4,giving
4,do you remember giving,6.943673133850098,courtroom,4,giving
1,the,12.734390258789062,courtroom,5,the
2,giving the,12.099687576293945,courtroom,5,the
4,you remember giving the,11.837057113647461,courtroom,5,the
1,do,10.671449661254883,courtroom,1,do
2,And do,4.727569103240967,courtroom,1,do
1,at,11.502521514892578,courtroom,4,at
2,testifying at,8.69604206085205,courtroom,4,at
4,you remember testifying at,5.589635372161865,courtroom,4,at
1,remember,9.751459121704102,courtroom,2,remember
2,you remember,6.299363136291504,courtroom,2,remember
1,some,11.931933403015137,courtroom,5,some
2,at some,9.923628807067871,courtroom,5,some
4,remember testifying at some,4.206081867218018,courtroom,5,some
1,sit,10.61318588256836,courtroom,2,sit
2,you sit,4.818887233734131,courtroom,2,sit
1,"today,",10.484688758850098,courtroom,4,"today,"
2,"here today,",8.378005027770996,courtroom,4,"today,"
4,"you sit here today,",7.488308429718018,courtroom,4,"today,"
1,here,9.959783554077148,courtroom,3,here
2,sit here,6.021353244781494,courtroom,3,here
4,As you sit here,5.176829814910889,courtroom,3,here
1,but,10.735779762268066,courtroom,5,but
2,that but,8.586332321166992,courtroom,5,but
4,remember saying that but,6.912709712982178,courtroom,5,but
1,saying,7.357372760772705,courtroom,3,saying
2,remember saying,6.141839027404785,courtroom,3,saying
4,"Yeah, I remember saying",4.641270160675049,courtroom,3,saying
1,that,10.947566986083984,courtroom,4,that
2,saying that,8.179601669311523,courtroom,4,that
4,I remember saying that,7.436408996582031,courtroom,4,that
1,would,10.050649642944336,courtroom,1,would
2,So would,5.165333271026611,courtroom,1,would
1,been,10.934855461120605,courtroom,5,been
2,have been,10.350520133972168,courtroom,5,been
4,the Dumpster have been,10.437192916870117,courtroom,5,been
1,the,12.734390258789062,courtroom,2,the
2,would the,12.385549545288086,courtroom,2,the
1,including,11.268193244934082,courtroom,4,including
2,"building, including",10.822066307067871,courtroom,4,including
4,"the main building, including",5.192164897918701,courtroom,4,including
1,the,12.734390258789062,courtroom,1,the
2,in the,11.499937057495117,courtroom,1,the
1,main,11.415353775024414,courtroom,2,main
2,the main,10.313385009765625,courtroom,2,main
1,go,10.900910377502441,courtroom,3,go
2,you go,7.020915508270264,courtroom,3,go
4,Where do you go,5.090062618255615,courtroom,3,go
1,these,11.89498519897461,courtroom,5,these
2,with these,10.169272422790527,courtroom,5,these
4,you go with these,10.02481460571289,courtroom,5,these
1,do,10.671449661254883,courtroom,1,do
2,Where do,3.0787813663482666,courtroom,1,do
1,the,12.734390258789062,courtroom,1,the
2,That's the,9.423316955566406,courtroom,1,the
1,50,10.484075546264648,courtroom,4,50
2,from 50,7.633511543273926,courtroom,4,50
4,the best from 50,6.408872604370117,courtroom,4,50
1,years,8.9935941696167,courtroom,5,years
2,50 years,4.892129898071289,courtroom,5,years
4,best from 50 years,1.8649777173995972,courtroom,5,years
1,at,11.502521514892578,courtroom,4,at
2,what at,6.338376522064209,courtroom,4,at
4,who owned what at,2.9520604610443115,courtroom,4,at
1,that,10.947566986083984,courtroom,5,that
2,at that,9.758613586425781,courtroom,5,that
4,owned what at that,2.2028706073760986,courtroom,5,that
1,what,10.599081993103027,courtroom,3,what
2,owned what,6.63807487487793,courtroom,3,what
4,know who owned what,6.626809120178223,courtroom,3,what
1,clearly,10.75186824798584,courtroom,2,clearly
2,I clearly,7.475080490112305,courtroom,2,clearly
1,I,11.117331504821777,courtroom,1,I
2,"Oh, I",5.91914701461792,courtroom,1,I
1,remember,9.751459121704102,courtroom,3,remember
2,clearly remember,5.687447547912598,courtroom,3,remember
4,"Oh, I clearly remember",6.498263835906982,courtroom,3,remember
1,driver,9.980070114135742,courtroom,5,driver
2,the driver,6.540309429168701,courtroom,5,driver
4,"said, if the driver",7.324854850769043,courtroom,5,driver
1,if,11.083032608032227,courtroom,3,if
2,"said, if",7.118491172790527,courtroom,3,if
4,"Like I said, if",5.559895992279053,courtroom,3,if
1,"said,",5.970453262329102,courtroom,2,"said,"
2,"I said,",3.5209577083587646,courtroom,2,"said,"
1,the,12.734390258789062,courtroom,4,the
2,was the,9.750276565551758,courtroom,4,the
4,remember that was the,9.155702590942383,courtroom,4,the
1,was,10.896289825439453,courtroom,3,was
2,that was,8.553487777709961,courtroom,3,was
4,You remember that was,7.2358903884887695,courtroom,3,was
1,that,10.947566986083984,courtroom,2,that
2,remember that,8.49096393585205,courtroom,2,that
1,the,12.734390258789062,courtroom,4,the
2,visualize the,11.499794960021973,courtroom,4,the
4,can you visualize the,11.46147632598877,courtroom,4,the
1,you,10.660537719726562,courtroom,2,you
2,can you,7.574447154998779,courtroom,2,you
1,visualize,10.253544807434082,courtroom,3,visualize
2,you visualize,6.383286476135254,courtroom,3,visualize
4,And can you visualize,5.051756858825684,courtroom,3,visualize
1,memory,10.381927490234375,courtroom,5,memory
2,best memory,8.879470825195312,courtroom,5,memory
4,to your best memory,5.525634288787842,courtroom,5,memory
1,to,11.301959037780762,courtroom,2,to
2,tanks to,10.457911491394043,courtroom,2,to
1,tanks,7.931211948394775,courtroom,1,tanks
2,the tanks,6.9001970291137695,courtroom,1,tanks
1,truthfully,8.61055850982666,courtroom,1,truthfully
2,testified truthfully,5.551117897033691,courtroom,1,truthfully
1,this,10.959673881530762,courtroom,3,this
2,about this,10.162248611450195,courtroom,3,this
4,testified truthfully about this,10.025750160217285,courtroom,3,this
1,about,11.107869148254395,courtroom,2,about
2,truthfully about,6.7022528648376465,courtroom,2,about
1,"affidavit,",10.179220199584961,courtroom,4,"affidavit,"
2,"that affidavit,",7.941551208496094,courtroom,4,"affidavit,"
4,"paragraph of that affidavit,",8.026115417480469,courtroom,4,"affidavit,"
1,paragraph,10.289375305175781,courtroom,1,paragraph
2,first paragraph,5.2365288734436035,courtroom,1,paragraph
1,of,12.024920463562012,courtroom,2,of
2,paragraph of,7.789657115936279,courtroom,2,of
1,the,12.734390258789062,courtroom,3,the
2,say the,12.029172897338867,courtroom,3,the
4,"""When you say the",9.986348152160645,courtroom,3,the
1,say,9.818024635314941,courtroom,2,say
2,you say,6.436583995819092,courtroom,2,say
1,you,10.660537719726562,courtroom,5,you
2,"tail, you",5.770015716552734,courtroom,5,you
4,"say the tail, you",6.493481159210205,courtroom,5,you
1,"south,",10.519024848937988,courtroom,3,"south,"
2,"again south,",9.274234771728516,courtroom,3,"south,"
4,"Now, heading again south,",7.6031646728515625,courtroom,3,"south,"
1,again,8.657377243041992,courtroom,2,again
2,heading again,5.323511123657227,courtroom,2,again
1,heading,10.555108070373535,courtroom,1,heading
2,"Now, heading",3.481290578842163,courtroom,1,heading
1,press,11.080331802368164,courtroom,3,press
2,filter press,9.464221000671387,courtroom,3,press
4,Was the filter press,7.209914207458496,courtroom,3,press
1,filter,10.853205680847168,courtroom,2,filter
2,the filter,8.666155815124512,courtroom,2,filter
1,the,12.734390258789062,courtroom,5,the
2,in the,11.499937057495117,courtroom,5,the
4,filter press in the,10.550639152526855,courtroom,5,the
1,worked,9.954773902893066,courtroom,5,worked
2,I worked,5.066489219665527,courtroom,5,worked
4,and '65 I worked,4.92759370803833,courtroom,5,worked
1,'65,9.975419044494629,courtroom,3,'65
2,and '65,7.979381561279297,courtroom,3,'65
4,Between '62 and '65,5.0562825202941895,courtroom,3,'65
1,and,11.574933052062988,courtroom,2,and
2,'62 and,11.095784187316895,courtroom,2,and
1,you,10.660537719726562,courtroom,2,you
2,do you,5.67453145980835,courtroom,2,you
1,do,10.671449661254883,courtroom,1,do
2,And do,4.727569103240967,courtroom,1,do
1,recognize,7.640517234802246,courtroom,3,recognize
2,you recognize,5.754812240600586,courtroom,3,recognize
4,And do you recognize,5.756939888000488,courtroom,3,recognize
1,don't,7.345463752746582,courtroom,5,don't
2,I don't,4.23712158203125,courtroom,5,don't
4,products were I don't,4.601547718048096,courtroom,5,don't
1,were,11.316572189331055,courtroom,3,were
2,products were,9.136436462402344,courtroom,3,were
4,What those products were,7.782989025115967,courtroom,3,were
1,products,9.314952850341797,courtroom,2,products
2,those products,6.425814628601074,courtroom,2,products
1,area,10.593823432922363,courtroom,4,area
2,that area,5.971648216247559,courtroom,4,area
4,"building, and that area",5.452582836151123,courtroom,4,area
1,and,11.574933052062988,courtroom,2,and
2,"building, and",10.914966583251953,courtroom,2,and
1,where,11.376585006713867,courtroom,5,where
2,area where,7.659531116485596,courtroom,5,where
4,and that area where,7.660754680633545,courtroom,5,where
1,Spring,10.944005966186523,courtroom,5,Spring
2,Mineral Spring,9.940933227539062,courtroom,5,Spring
4,you see Mineral Spring,8.696552276611328,courtroom,5,Spring
1,see,10.684712409973145,courtroom,3,see
2,you see,6.7522711753845215,courtroom,3,see
4,And do you see,5.509714126586914,courtroom,3,see
1,do,10.671449661254883,courtroom,1,do
2,And do,4.727569103240967,courtroom,1,do
1,relation,9.341965675354004,courtroom,5,relation
2,in relation,1.2513619661331177,courtroom,5,relation
4,the Dumpster in relation,0.10030794888734818,courtroom,5,relation
1,Dumpster,8.85240364074707,courtroom,3,Dumpster
2,the Dumpster,7.641137599945068,courtroom,3,Dumpster
4,Where was the Dumpster,9.011011123657227,courtroom,3,Dumpster
1,was,10.896289825439453,courtroom,1,was
2,Where was,6.504562854766846,courtroom,1,was
1,on,11.154274940490723,courtroom,4,on
2,work on,8.784634590148926,courtroom,4,on
4,you ever work on,7.196290969848633,courtroom,4,on
1,ever,10.817558288574219,courtroom,2,ever
2,you ever,8.062797546386719,courtroom,2,ever
1,work,10.086380004882812,courtroom,3,work
2,ever work,7.835529804229736,courtroom,3,work
4,Did you ever work,3.8446218967437744,courtroom,3,work
1,New,12.359051704406738,courtroom,1,New
2,attributed New,4.9480977058410645,courtroom,1,New
1,being,10.280539512634277,courtroom,4,being
2,Container being,8.391693115234375,courtroom,4,being
4,New England Container being,8.087496757507324,courtroom,4,being
1,England,9.470195770263672,courtroom,2,England
2,New England,8.255477905273438,courtroom,2,England
1,of,12.024920463562012,courtroom,4,of
2,end of,9.070483207702637,courtroom,4,of
4,down the end of,6.131190299987793,courtroom,4,of
1,that,10.947566986083984,courtroom,5,that
2,of that,10.360599517822266,courtroom,5,that
4,the end of that,9.311814308166504,courtroom,5,that
1,end,10.93889045715332,courtroom,3,end
2,the end,2.8435750007629395,courtroom,3,end
4,Somewhere down the end,2.896698474884033,courtroom,3,end
1,we,11.5739107131958,courtroom,2,we
2,if we,7.609607219696045,courtroom,2,we
1,"south,",10.519024848937988,courtroom,5,"south,"
2,"farther south,",9.345926284790039,courtroom,5,"south,"
4,"we move farther south,",8.142902374267578,courtroom,5,"south,"
1,move,10.777840614318848,courtroom,3,move
2,we move,6.72554349899292,courtroom,3,move
4,"Now, if we move",5.785001277923584,courtroom,3,move
1,places,9.906545639038086,courtroom,2,places
2,some places,6.068219184875488,courtroom,2,places
1,were;,8.69823932647705,courtroom,4,were;
2,there were;,9.251605033874512,courtroom,4,were;
4,some places there were;,7.392353057861328,courtroom,4,were;
1,in,11.458725929260254,courtroom,5,in
2,were; in,8.214014053344727,courtroom,5,in
4,places there were; in,7.722354412078857,courtroom,5,in
1,there,9.811803817749023,courtroom,3,there
2,remember there,4.2677903175354,courtroom,3,there
4,I don't remember there,2.4971864223480225,courtroom,3,there
1,a,11.316549301147461,courtroom,5,a
2,being a,11.223540306091309,courtroom,5,a
4,remember there being a,11.624996185302734,courtroom,5,a
1,don't,7.345463752746582,courtroom,1,don't
2,I don't,4.23712158203125,courtroom,1,don't
1,become,9.100924491882324,courtroom,5,become
2,tailrace become,8.138958930969238,courtroom,5,become
4,observe the tailrace become,7.668363571166992,courtroom,5,become
1,tailrace,9.358482360839844,courtroom,4,tailrace
2,the tailrace,6.506244659423828,courtroom,4,tailrace
4,you observe the tailrace,6.592698097229004,courtroom,4,tailrace
1,the,12.734390258789062,courtroom,3,the
2,observe the,12.58211898803711,courtroom,3,the
4,did you observe the,12.052253723144531,courtroom,3,the
1,instead,9.023357391357422,courtroom,1,instead
2,metal instead,2.737394094467163,courtroom,1,instead
1,color,11.309632301330566,courtroom,4,color
2,whatever color,7.338148593902588,courtroom,4,color
4,instead of whatever color,7.427877426147461,courtroom,4,color
1,they,10.613469123840332,courtroom,5,they
2,color they,8.088884353637695,courtroom,5,they
4,of whatever color they,5.694190502166748,courtroom,5,they
1,bags,9.409139633178711,courtroom,4,bags
2,stated bags,5.223042011260986,courtroom,4,bags
4,"deposition, you stated bags",5.803640842437744,courtroom,4,bags
1,were,11.316572189331055,courtroom,5,were
2,bags were,9.707205772399902,courtroom,5,were
4,you stated bags were,9.340785026550293,courtroom,5,were
1,stated,10.964018821716309,courtroom,3,stated
2,you stated,5.406243801116943,courtroom,3,stated
4,"Insurance deposition, you stated",3.559122085571289,courtroom,3,stated
1,drums,8.221752166748047,courtroom,4,drums
2,the drums,6.64790153503418,courtroom,4,drums
4,area where the drums,6.145929336547852,courtroom,4,drums
1,area,10.593823432922363,courtroom,1,area
2,reconditioning area,6.314334869384766,courtroom,1,area
1,the,12.734390258789062,courtroom,3,the
2,where the,12.527472496032715,courtroom,3,the
4,reconditioning area where the,12.521529197692871,courtroom,3,the
1,that,10.947566986083984,courtroom,1,that
2,And that,5.664247512817383,courtroom,1,that
1,ago,11.041464805603027,courtroom,5,ago
2,years ago,4.795197486877441,courtroom,5,ago
4,was seven years ago,3.6147406101226807,courtroom,5,ago
1,seven,11.029682159423828,courtroom,3,seven
2,was seven,5.670191287994385,courtroom,3,seven
4,And that was seven,4.399234771728516,courtroom,3,seven
1,maybe,10.3660888671875,courtroom,2,maybe
2,guessing maybe,7.592162132263184,courtroom,2,maybe
1,"eight,",9.326251983642578,courtroom,3,"eight,"
2,"maybe eight,",6.698635101318359,courtroom,3,"eight,"
4,"I'm guessing maybe eight,",5.056493282318115,courtroom,3,"eight,"
1,nine,11.052030563354492,courtroom,4,nine
2,"eight, nine",4.866096496582031,courtroom,4,nine
4,"guessing maybe eight, nine",5.4951701164245605,courtroom,4,nine
1,that,10.947566986083984,courtroom,4,that
2,into that,10.811942100524902,courtroom,4,that
4,the -- into that,10.781383514404297,courtroom,4,that
1,into,11.359146118164062,courtroom,3,into
2,-- into,8.729304313659668,courtroom,3,into
4,into the -- into,5.351060390472412,courtroom,3,into
1,the,12.734390258789062,courtroom,1,the
2,into the,12.147523880004883,courtroom,1,the
1,was,10.896289825439453,courtroom,2,was
2,there was,5.148713111877441,courtroom,2,was
1,there,9.811803817749023,courtroom,1,there
2,assuming there,3.5531389713287354,courtroom,1,there
1,sort,10.430289268493652,courtroom,4,sort
2,some sort,1.1464266777038574,courtroom,4,sort
4,there was some sort,0.09629285335540771,courtroom,4,sort
1,were,11.316572189331055,courtroom,1,were
2,There were,7.657966613769531,courtroom,1,were
1,times,10.007027626037598,courtroom,2,times
2,were times,8.180082321166992,courtroom,2,times
1,when,10.965540885925293,courtroom,3,when
2,times when,7.678216457366943,courtroom,3,when
4,There were times when,6.1448893547058105,courtroom,3,when
1,could,10.399933815002441,courtroom,3,could
2,-- could,7.3314008712768555,courtroom,3,could
4,-- about -- could,6.917069435119629,courtroom,3,could
1,about,11.107869148254395,courtroom,1,about
2,-- about,7.6670942306518555,courtroom,1,about
1,--,10.854382514953613,courtroom,2,--
2,about --,10.553149223327637,courtroom,2,--
1,at,11.502521514892578,courtroom,5,at
2,testified at,8.758929252624512,courtroom,5,at
4,time you testified at,4.790520191192627,courtroom,5,at
1,you,10.660537719726562,courtroom,3,you
2,time you,7.254073619842529,courtroom,3,you
4,At the time you,7.934474945068359,courtroom,3,you
1,testified,8.56330394744873,courtroom,4,testified
2,you testified,4.509915828704834,courtroom,4,testified
4,the time you testified,5.199421405792236,courtroom,4,testified
1,to,11.301959037780762,courtroom,3,to
2,out to,10.812771797180176,courtroom,3,to
4,the building out to,7.934332847595215,courtroom,3,to
1,building,10.376143455505371,courtroom,1,building
2,the building,6.529651641845703,courtroom,1,building
1,the,12.734390258789062,courtroom,4,the
2,to the,12.121143341064453,courtroom,4,the
4,building out to the,11.24378776550293,courtroom,4,the
1,have,10.692431449890137,courtroom,2,have
2,could have,7.530144691467285,courtroom,2,have
1,into,11.359146118164062,courtroom,4,into
2,gone into,7.784348487854004,courtroom,4,into
4,could have gone into,8.782989501953125,courtroom,4,into
1,gone,10.98294734954834,courtroom,3,gone
2,have gone,6.39548921585083,courtroom,3,gone
4,It could have gone,5.514404773712158,courtroom,3,gone
1,a,11.316549301147461,courtroom,4,a
2,that's a,9.055657386779785,courtroom,4,a
4,would say that's a,8.602895736694336,courtroom,4,a
1,would,10.050649642944336,courtroom,1,would
2,I would,6.116856098175049,courtroom,1,would
1,that's,6.693538665771484,courtroom,3,that's
2,say that's,7.236494541168213,courtroom,3,that's
4,I would say that's,6.782778263092041,courtroom,3,that's
1,or,11.46521282196045,courtroom,4,or
2,horizontal or,2.9277992248535156,courtroom,4,or
4,rather than horizontal or,6.375452995300293,courtroom,4,or
1,rather,10.21222972869873,courtroom,1,rather
2,vertical rather,0.3321976363658905,courtroom,1,rather
1,than,11.535079956054688,courtroom,2,than
2,rather than,10.251642227172852,courtroom,2,than
1,is,11.129858016967773,courtroom,5,is
2,it is,8.909903526306152,courtroom,5,is
4,Metro-Atlantic than it is,5.161533355712891,courtroom,5,is
1,than,11.535079956054688,courtroom,3,than
2,Metro-Atlantic than,8.740894317626953,courtroom,3,than
4,worked at Metro-Atlantic than,7.346474647521973,courtroom,3,than
1,Metro-Atlantic,10.112173080444336,courtroom,2,Metro-Atlantic
2,at Metro-Atlantic,9.705769538879395,courtroom,2,Metro-Atlantic
1,there,9.811803817749023,courtroom,1,there
2,and there,4.366098880767822,courtroom,1,there
1,the,12.734390258789062,courtroom,3,the
2,was the,9.750276565551758,courtroom,3,the
4,and there was the,11.807065963745117,courtroom,3,the
1,was,10.896289825439453,courtroom,2,was
2,there was,5.148713111877441,courtroom,2,was
1,remembered,8.679616928100586,courtroom,3,remembered
2,I remembered,7.223324298858643,courtroom,3,remembered
4,is what I remembered,6.130766868591309,courtroom,3,remembered
1,at,11.502521514892578,courtroom,4,at
2,remembered at,7.650775909423828,courtroom,4,at
4,what I remembered at,4.452330112457275,courtroom,4,at
1,the,12.734390258789062,courtroom,5,the
2,at the,11.857196807861328,courtroom,5,the
4,I remembered at the,5.614225387573242,courtroom,5,the
1,would,10.050649642944336,courtroom,1,would
2,It would,4.547184467315674,courtroom,1,would
1,my,12.444364547729492,courtroom,4,my
2,on my,10.981941223144531,courtroom,4,my
4,would be on my,7.9872355461120605,courtroom,4,my
1,be,11.872392654418945,courtroom,2,be
2,would be,9.17898941040039,courtroom,2,be
1,if,11.083032608032227,courtroom,1,if
2,So if,5.562323570251465,courtroom,1,if
1,back,10.862462043762207,courtroom,3,back
2,your back,6.40790319442749,courtroom,3,back
4,So if your back,5.9893412590026855,courtroom,3,back
1,was,10.896289825439453,courtroom,4,was
2,back was,9.99704360961914,courtroom,4,was
4,if your back was,6.67256498336792,courtroom,4,was
1,actually,10.941421508789062,courtroom,3,actually
2,didn't actually,7.450550556182861,courtroom,3,actually
4,"Now, you didn't actually",7.554699897766113,courtroom,3,actually
1,you,10.660537719726562,courtroom,1,you
2,"Now, you",5.117754936218262,courtroom,1,you
1,liquid,11.584403991699219,courtroom,5,liquid
2,see liquid,10.082724571228027,courtroom,5,liquid
4,didn't actually see liquid,9.495176315307617,courtroom,5,liquid
1,been,10.934855461120605,courtroom,5,been
2,also been,9.934677124023438,courtroom,5,been
4,may have also been,10.251541137695312,courtroom,5,been
1,have,10.692431449890137,courtroom,3,have
2,may have,8.332440376281738,courtroom,3,have
4,"'63, '64 may have",6.482150077819824,courtroom,3,have
1,may,10.549492835998535,courtroom,2,may
2,'64 may,5.485968589782715,courtroom,2,may
1,a,11.316549301147461,courtroom,2,a
2,there's a,8.692606925964355,courtroom,2,a
1,there's,5.328185558319092,courtroom,1,there's
2,And there's,5.553314208984375,courtroom,1,there's
1,"""Pit""",9.284932136535645,courtroom,4,"""Pit"""
2,"word ""Pit""",9.314546585083008,courtroom,4,"""Pit"""
4,"there's a word ""Pit""",5.354227066040039,courtroom,4,"""Pit"""
1,roughly,9.48732852935791,courtroom,3,roughly
2,say roughly,7.513501167297363,courtroom,3,roughly
4,I would say roughly,7.05492639541626,courtroom,3,roughly
1,say,9.818024635314941,courtroom,2,say
2,would say,6.8629560470581055,courtroom,2,say
1,foot,11.039284706115723,courtroom,5,foot
2,a foot,7.049691200256348,courtroom,5,foot
4,say roughly a foot,5.900326251983643,courtroom,5,foot
1,and,11.574933052062988,courtroom,5,and
2,building and,11.688896179199219,courtroom,5,and
4,behind the building and,10.514625549316406,courtroom,5,and
1,behind,11.124430656433105,courtroom,2,behind
2,estate behind,6.770020008087158,courtroom,2,behind
1,the,12.734390258789062,courtroom,3,the
2,behind the,12.47751235961914,courtroom,3,the
4,real estate behind the,11.434285163879395,courtroom,3,the
1,you,10.660537719726562,courtroom,4,you
2,when you,7.518013954162598,courtroom,4,you
4,you describe when you,7.299269676208496,courtroom,4,you
1,describe,8.503939628601074,courtroom,2,describe
2,you describe,6.092484474182129,courtroom,2,describe
1,you,10.660537719726562,courtroom,1,you
2,Can you,7.312708377838135,courtroom,1,you
1,the,12.734390258789062,courtroom,1,the
2,On the,7.671355724334717,courtroom,1,the
1,main,11.415353775024414,courtroom,5,main
2,the main,10.313385009765625,courtroom,5,main
4,outside of the main,10.214298248291016,courtroom,5,main
1,of,12.024920463562012,courtroom,3,of
2,outside of,8.250847816467285,courtroom,3,of
4,On the outside of,5.634279727935791,courtroom,3,of
1,a,11.316549301147461,courtroom,4,a
2,by a,12.01905632019043,courtroom,4,a
4,something delivered by a,11.478425025939941,courtroom,4,a
1,by,11.555146217346191,courtroom,3,by
2,delivered by,10.734673500061035,courtroom,3,by
4,visualizing something delivered by,7.93144416809082,courtroom,3,by
1,delivered,7.2018914222717285,courtroom,2,delivered
2,something delivered,6.472732067108154,courtroom,2,delivered
1,being,10.280539512634277,courtroom,4,being
2,actually being,9.124177932739258,courtroom,4,being
4,you remember actually being,7.05499267578125,courtroom,4,being
1,remember,9.751459121704102,courtroom,2,remember
2,you remember,6.299363136291504,courtroom,2,remember
1,actually,10.941421508789062,courtroom,3,actually
2,remember actually,7.629850387573242,courtroom,3,actually
4,Can you remember actually,7.595996856689453,courtroom,3,actually
1,the,12.734390258789062,courtroom,1,the
2,And the,12.006749153137207,courtroom,1,the
1,an,11.774314880371094,courtroom,5,an
2,has an,9.91754150390625,courtroom,5,an
4,warehouse area has an,9.337890625,courtroom,5,an
1,has,10.887011528015137,courtroom,4,has
2,area has,7.963240623474121,courtroom,4,has
4,the warehouse area has,5.933563709259033,courtroom,4,has
1,were,11.316572189331055,courtroom,2,were
2,two were,10.629464149475098,courtroom,2,were
1,two,11.198701858520508,courtroom,1,two
2,Those two,10.077902793884277,courtroom,1,two
1,to,11.301959037780762,courtroom,4,to
2,close to,8.584565162658691,courtroom,4,to
4,two were close to,9.37651252746582,courtroom,4,to
1,best,11.61880111694336,courtroom,3,best
2,the best,9.287226676940918,courtroom,3,best
4,testified to the best,3.102226495742798,courtroom,3,best
1,to,11.301959037780762,courtroom,1,to
2,testified to,10.320581436157227,courtroom,1,to
1,the,12.734390258789062,courtroom,2,the
2,to the,12.121143341064453,courtroom,2,the
1,Chemical,11.170684814453125,courtroom,3,Chemical
2,Crown Chemical,8.176843643188477,courtroom,3,Chemical
4,company called Crown Chemical,5.556807041168213,courtroom,3,Chemical
1,Crown,9.03611946105957,courtroom,2,Crown
2,called Crown,8.467586517333984,courtroom,2,Crown
1,somewhere,6.299148082733154,courtroom,4,somewhere
2,Chemical somewhere,5.79131555557251,courtroom,4,somewhere
4,called Crown Chemical somewhere,4.675764083862305,courtroom,4,somewhere
1,the,12.734390258789062,courtroom,5,the
2,against the,12.27073860168457,courtroom,5,the
4,the building against the,8.962066650390625,courtroom,5,the
1,building,10.376143455505371,courtroom,3,building
2,the building,6.529651641845703,courtroom,3,building
4,side of the building,5.438485622406006,courtroom,3,building
1,of,12.024920463562012,courtroom,1,of
2,side of,7.3907952308654785,courtroom,1,of
1,either,10.89315414428711,courtroom,3,either
2,"actually, either",7.036046028137207,courtroom,3,either
4,"And you, actually, either",9.082212448120117,courtroom,3,either
1,"you,",9.85675048828125,courtroom,1,"you,"
2,"And you,",8.495278358459473,courtroom,1,"you,"
1,or,11.46521282196045,courtroom,5,or
2,you or,6.8831329345703125,courtroom,5,or
4,"actually, either you or",4.616261005401611,courtroom,5,or
1,is,11.129858016967773,courtroom,1,is
2,And is,6.722944736480713,courtroom,1,is
1,to,11.301959037780762,courtroom,5,to
2,-- to,10.100417137145996,courtroom,5,to
4,it your -- to,9.610754013061523,courtroom,5,to
1,--,10.854382514953613,courtroom,4,--
2,your --,11.199073791503906,courtroom,4,--
4,is it your --,10.459632873535156,courtroom,4,--
1,eight,11.324440002441406,courtroom,3,eight
2,about eight,7.21021842956543,courtroom,3,eight
4,manufactured for about eight,3.052018642425537,courtroom,3,eight
1,about,11.107869148254395,courtroom,2,about
2,for about,5.766109943389893,courtroom,2,about
1,nine,11.052030563354492,courtroom,5,nine
2,or nine,9.205913543701172,courtroom,5,nine
4,about eight or nine,7.434992790222168,courtroom,5,nine
1,Texas,11.075902938842773,courtroom,3,Texas
2,the Texas,9.076470375061035,courtroom,3,Texas
4,recall discussing the Texas,9.37052059173584,courtroom,3,Texas
1,Tower,5.9764909744262695,courtroom,4,Tower
2,Texas Tower,7.243223190307617,courtroom,4,Tower
4,discussing the Texas Tower,8.266339302062988,courtroom,4,Tower
1,the,12.734390258789062,courtroom,2,the
2,discussing the,10.968000411987305,courtroom,2,the
1,observed,8.863089561462402,courtroom,4,observed
2,you observed,6.585062503814697,courtroom,4,observed
4,"you, when you observed",6.426368713378906,courtroom,4,observed
1,you,10.660537719726562,courtroom,3,you
2,when you,7.518013954162598,courtroom,3,you
4,"To you, when you",7.52916955947876,courtroom,3,you
1,when,10.965540885925293,courtroom,2,when
2,"you, when",6.276535511016846,courtroom,2,when
1,they,10.613469123840332,courtroom,1,they
2,So they,7.381938934326172,courtroom,1,they
1,would,10.050649642944336,courtroom,2,would
2,they would,7.093630790710449,courtroom,2,would
1,more,11.137571334838867,courtroom,4,more
2,be more,9.782084465026855,courtroom,4,more
4,they would be more,7.461744785308838,courtroom,4,more
1,not,10.92558479309082,courtroom,4,not
2,"few, not",8.480672836303711,courtroom,4,not
4,"have a few, not",5.013108253479004,courtroom,4,not
1,a,11.316549301147461,courtroom,5,a
2,not a,10.634411811828613,courtroom,5,a
4,"a few, not a",3.429154872894287,courtroom,5,a
1,"few,",8.659273147583008,courtroom,3,"few,"
2,"a few,",7.433547019958496,courtroom,3,"few,"
4,"I have a few,",5.763910293579102,courtroom,3,"few,"
1,the,12.734390258789062,courtroom,1,the
2,For the,9.211694717407227,courtroom,1,the
1,I'm,7.25425910949707,courtroom,3,I'm
2,"record, I'm",7.649416446685791,courtroom,3,I'm
4,"For the record, I'm",6.5119500160217285,courtroom,3,I'm
1,Patrick,10.913087844848633,courtroom,4,Patrick
2,I'm Patrick,9.090997695922852,courtroom,4,Patrick
4,"the record, I'm Patrick",9.353740692138672,courtroom,4,Patrick
1,that,10.947566986083984,courtroom,1,that
2,across that,10.522098541259766,courtroom,1,that
1,the,12.734390258789062,courtroom,5,the
2,to the,12.121143341064453,courtroom,5,the
4,driveway attached to the,11.305659294128418,courtroom,5,the
1,attached,7.357185363769531,courtroom,3,attached
2,driveway attached,2.3385226726531982,courtroom,3,attached
4,across that driveway attached,1.3628590106964111,courtroom,3,attached
1,along,9.855757713317871,courtroom,1,along
2,pulled along,6.281042098999023,courtroom,1,along
1,that,10.947566986083984,courtroom,2,that
2,along that,10.467514991760254,courtroom,2,that
1,towards,7.589757919311523,courtroom,4,towards
2,track towards,8.245882987976074,courtroom,4,towards
4,along that track towards,6.954939365386963,courtroom,4,towards
1,through,11.072386741638184,courtroom,4,through
2,went through,6.72792911529541,courtroom,4,through
4,drums that went through,7.905183792114258,courtroom,4,through
1,that,10.947566986083984,courtroom,2,that
2,drums that,9.31564998626709,courtroom,2,that
1,went,10.454033851623535,courtroom,3,went
2,that went,5.872812271118164,courtroom,3,went
4,The drums that went,4.505395889282227,courtroom,3,went
1,more,11.137571334838867,courtroom,4,more
2,building more,9.544780731201172,courtroom,4,more
4,the main building more,5.2274370193481445,courtroom,4,more
1,main,11.415353775024414,courtroom,2,main
2,the main,10.313385009765625,courtroom,2,main
1,the,12.734390258789062,courtroom,1,the
2,was the,9.750276565551758,courtroom,1,the
1,the,12.734390258789062,courtroom,5,the
2,to the,12.121143341064453,courtroom,5,the
4,arrow pointing to the,10.718082427978516,courtroom,5,the
1,to,11.301959037780762,courtroom,4,to
2,pointing to,9.843952178955078,courtroom,4,to
4,an arrow pointing to,5.7870941162109375,courtroom,4,to
1,pointing,9.587226867675781,courtroom,3,pointing
2,arrow pointing,6.63090705871582,courtroom,3,pointing
4,With an arrow pointing,4.662924766540527,courtroom,3,pointing
1,the,12.734390258789062,courtroom,5,the
2,to the,12.121143341064453,courtroom,5,the
4,we continue to the,10.458870887756348,courtroom,5,the
1,if,11.083032608032227,courtroom,1,if
2,"Now, if",4.444742679595947,courtroom,1,if
1,to,11.301959037780762,courtroom,4,to
2,continue to,9.602910995483398,courtroom,4,to
4,if we continue to,8.927928924560547,courtroom,4,to
1,out,10.346115112304688,courtroom,5,out
2,material out,6.514919757843018,courtroom,5,out
4,the solidified material out,2.44258451461792,courtroom,5,out
1,chipping,9.531103134155273,courtroom,1,chipping
2,about chipping,5.9937214851379395,courtroom,1,chipping
1,material,11.256906509399414,courtroom,4,material
2,solidified material,7.490838050842285,courtroom,4,material
4,chipping the solidified material,6.1973185539245605,courtroom,4,material
1,area,10.593823432922363,courtroom,4,area
2,processing area,6.039733409881592,courtroom,4,area
4,was a processing area,5.183446884155273,courtroom,4,area
1,processing,10.908143997192383,courtroom,3,processing
2,a processing,7.675240516662598,courtroom,3,processing
4,There was a processing,7.713281631469727,courtroom,3,processing
1,was,10.896289825439453,courtroom,1,was
2,There was,5.128911018371582,courtroom,1,was
1,but,10.735779762268066,courtroom,5,but
2,now but,8.568387985229492,courtroom,5,but
4,remember it now but,7.1157050132751465,courtroom,5,but
1,it,10.897254943847656,courtroom,3,it
2,remember it,6.4240288734436035,courtroom,3,it
4,You don't remember it,5.638453960418701,courtroom,3,it
1,now,10.869876861572266,courtroom,4,now
2,it now,9.200881958007812,courtroom,4,now
4,don't remember it now,4.42892599105835,courtroom,4,now
1,is,11.129858016967773,courtroom,1,is
2,Dioxin is,6.610828399658203,courtroom,1,is
1,a,11.316549301147461,courtroom,3,a
2,not a,10.634411811828613,courtroom,3,a
4,Dioxin is not a,8.66268539428711,courtroom,3,a
1,I,11.117331504821777,courtroom,5,I
2,term I,8.062505722045898,courtroom,5,I
4,not a term I,5.8305745124816895,courtroom,5,I
1,you,10.660537719726562,courtroom,5,you
2,where you,7.484119415283203,courtroom,5,you
4,the -- where you,7.645589828491211,courtroom,5,you
1,the,12.734390258789062,courtroom,2,the
2,then the,12.667769432067871,courtroom,2,the
1,--,10.854382514953613,courtroom,3,--
2,the --,11.623086929321289,courtroom,3,--
4,And then the --,8.652881622314453,courtroom,3,--
1,the,12.734390258789062,courtroom,3,the
2,see the,10.900222778320312,courtroom,3,the
4,Do you see the,11.28168773651123,courtroom,3,the
1,you,10.660537719726562,courtroom,1,you
2,Do you,5.721115589141846,courtroom,1,you
1,that,10.947566986083984,courtroom,5,that
2,sentence that,9.059266090393066,courtroom,5,that
4,see the sentence that,8.384075164794922,courtroom,5,that
1,"recall,",11.064441680908203,courtroom,2,"recall,"
2,"you recall,",8.65283203125,courtroom,2,"recall,"
1,sit,10.61318588256836,courtroom,5,sit
2,you sit,4.818887233734131,courtroom,5,sit
4,"recall, as you sit",5.10410737991333,courtroom,5,sit
1,you,10.660537719726562,courtroom,1,you
2,Do you,5.721115589141846,courtroom,1,you
1,give,10.711256980895996,courtroom,3,give
2,to give,7.005632400512695,courtroom,3,give
4,You need to give,6.6165924072265625,courtroom,3,give
1,a,11.316549301147461,courtroom,5,a
2,me a,11.718503952026367,courtroom,5,a
4,to give me a,8.994229316711426,courtroom,5,a
1,to,11.301959037780762,courtroom,2,to
2,need to,8.330086708068848,courtroom,2,to
1,they,10.613469123840332,courtroom,4,they
2,where they,7.527608394622803,courtroom,4,they
4,is that where they,7.528101444244385,courtroom,4,they
1,that,10.947566986083984,courtroom,2,that
2,is that,9.734794616699219,courtroom,2,that
1,is,11.129858016967773,courtroom,1,is
2,And is,6.722944736480713,courtroom,1,is
1,that,10.947566986083984,courtroom,1,that
2,Was that,7.944032669067383,courtroom,1,that
1,there's,5.328185558319092,courtroom,4,there's
2,-- there's,5.417255878448486,courtroom,4,there's
4,that done -- there's,5.008498668670654,courtroom,4,there's
1,--,10.854382514953613,courtroom,3,--
2,done --,11.343094825744629,courtroom,3,--
4,Was that done --,8.037675857543945,courtroom,3,--
1,manufactured,10.14106273651123,courtroom,1,manufactured
2,we manufactured,7.852145671844482,courtroom,1,manufactured
1,it,10.897254943847656,courtroom,5,it
2,pumped it,5.467620372772217,courtroom,5,it
4,"that product, pumped it",4.988665580749512,courtroom,5,it
1,"product,",11.42686653137207,courtroom,3,"product,"
2,"that product,",8.835777282714844,courtroom,3,"product,"
4,"we manufactured that product,",6.9212775230407715,courtroom,3,"product,"
1,any,11.360147476196289,courtroom,5,any
2,by any,9.519482612609863,courtroom,5,any
4,legally bound by any,8.605416297912598,courtroom,5,any
1,not,10.92558479309082,courtroom,1,not
2,I'm not,6.414231300354004,courtroom,1,not
1,by,11.555146217346191,courtroom,4,by
2,bound by,9.695220947265625,courtroom,4,by
4,not legally bound by,5.369136810302734,courtroom,4,by
1,this,10.959673881530762,courtroom,5,this
2,along this,10.029534339904785,courtroom,5,this
4,they were along this,7.619168281555176,courtroom,5,this
1,were,11.316572189331055,courtroom,3,were
2,they were,10.10306167602539,courtroom,3,were
4,I believe they were,9.788891792297363,courtroom,3,were
1,they,10.613469123840332,courtroom,2,they
2,believe they,5.037393093109131,courtroom,2,they
1,what,10.599081993103027,courtroom,1,what
2,And what,5.899942398071289,courtroom,1,what
1,"tailrace,",11.964170455932617,courtroom,4,"tailrace,"
2,"the tailrace,",9.135087966918945,courtroom,4,"tailrace,"
4,"what about the tailrace,",9.438173294067383,courtroom,4,"tailrace,"
1,the,12.734390258789062,courtroom,3,the
2,about the,12.374064445495605,courtroom,3,the
4,And what about the,12.218649864196777,courtroom,3,the
1,a,11.316549301147461,courtroom,3,a
2,was a,11.245882987976074,courtroom,3,a
4,First there was a,11.345307350158691,courtroom,3,a
1,there,9.811803817749023,courtroom,1,there
2,First there,2.903857707977295,courtroom,1,there
1,building,10.376143455505371,courtroom,5,building
2,tower-type building,6.212284564971924,courtroom,5,building
4,was a tower-type building,5.567605495452881,courtroom,5,building
1,happen,7.7130889892578125,courtroom,3,happen
2,that happen,6.163459300994873,courtroom,3,happen
4,And did that happen,4.830113410949707,courtroom,3,happen
1,that,10.947566986083984,courtroom,2,that
2,did that,9.139031410217285,courtroom,2,that
1,in,11.458725929260254,courtroom,4,in
2,happen in,9.274208068847656,courtroom,4,in
4,did that happen in,8.272623062133789,courtroom,4,in
1,"cheapest,",8.661957740783691,courtroom,2,"cheapest,"
2,"the cheapest,",7.7761688232421875,courtroom,2,"cheapest,"
1,neatest,11.164512634277344,courtroom,3,neatest
2,"cheapest, neatest",6.38187837600708,courtroom,3,neatest
4,"It's the cheapest, neatest",6.759458065032959,courtroom,3,neatest
1,to,11.301959037780762,courtroom,5,to
2,way to,10.539684295654297,courtroom,5,to
4,"cheapest, neatest way to",7.737809658050537,courtroom,5,to
1,that,10.947566986083984,courtroom,2,that
2,does that,6.767916679382324,courtroom,2,that
1,refresh,9.593619346618652,courtroom,3,refresh
2,that refresh,5.677432537078857,courtroom,3,refresh
4,"Insurance, does that refresh",4.4230780601501465,courtroom,3,refresh
1,does,9.734188079833984,courtroom,1,does
2,"Insurance, does",4.030853271484375,courtroom,1,does
1,that,10.947566986083984,courtroom,5,that
2,into that,10.811942100524902,courtroom,5,that
4,would fall into that,3.425306558609009,courtroom,5,that
1,would,10.050649642944336,courtroom,2,would
2,"drum, would",7.669356346130371,courtroom,2,would
1,into,11.359146118164062,courtroom,4,into
2,fall into,7.966341018676758,courtroom,4,into
4,"drum, would fall into",5.84668493270874,courtroom,4,into
1,shape,10.007563591003418,courtroom,4,shape
2,round shape,5.708194732666016,courtroom,4,shape
4,-- approximate round shape,5.665347576141357,courtroom,4,shape
1,or,11.46521282196045,courtroom,5,or
2,shape or,11.94374942779541,courtroom,5,or
4,approximate round shape or,10.028101921081543,courtroom,5,or
1,round,10.85499382019043,courtroom,3,round
2,approximate round,6.575504302978516,courtroom,3,round
4,round -- approximate round,7.613973617553711,courtroom,3,round
1,would,10.050649642944336,courtroom,1,would
2,What would,5.608307361602783,courtroom,1,would
1,your,12.634740829467773,courtroom,4,your
2,on your,11.769221305847168,courtroom,4,your
4,would be on your,8.381948471069336,courtroom,4,your
1,left-hand,8.22494888305664,courtroom,5,left-hand
2,your left-hand,5.265198230743408,courtroom,5,left-hand
4,be on your left-hand,1.7711950540542603,courtroom,5,left-hand
1,the,12.734390258789062,courtroom,5,the
2,of the,12.293905258178711,courtroom,5,the
4,the west of the,9.552000045776367,courtroom,5,the
1,of,12.024920463562012,courtroom,4,of
2,west of,10.24959945678711,courtroom,4,of
4,to the west of,6.886143684387207,courtroom,4,of
1,the,12.734390258789062,courtroom,2,the
2,to the,12.121143341064453,courtroom,2,the
1,had,11.16131591796875,courtroom,5,had
2,we had,7.4784135818481445,courtroom,5,had
4,times when we had,7.804574489593506,courtroom,5,had
1,times,10.007027626037598,courtroom,2,times
2,were times,8.180082321166992,courtroom,2,times
1,were,11.316572189331055,courtroom,1,were
2,There were,7.657966613769531,courtroom,1,were
1,was,10.896289825439453,courtroom,1,was
2,there was,5.148713111877441,courtroom,1,was
1,were,11.316572189331055,courtroom,4,were
2,there were,7.973902702331543,courtroom,4,were
4,was -- there were,7.992631912231445,courtroom,4,were
1,there,9.811803817749023,courtroom,3,there
2,-- there,3.6028032302856445,courtroom,3,there
4,there was -- there,2.143332004547119,courtroom,3,there
1,on,11.154274940490723,courtroom,3,on
2,put on,8.673157691955566,courtroom,3,on
4,Drums were put on,8.623022079467773,courtroom,3,on
1,a,11.316549301147461,courtroom,4,a
2,on a,12.133975982666016,courtroom,4,a
4,were put on a,10.259099960327148,courtroom,4,a
1,were,11.316572189331055,courtroom,1,were
2,Drums were,9.737384796142578,courtroom,1,were
1,"Container,",11.70085620880127,courtroom,5,"Container,"
2,"England Container,",10.779226303100586,courtroom,5,"Container,"
4,"for New England Container,",10.460966110229492,courtroom,5,"Container,"
1,England,9.470195770263672,courtroom,4,England
2,New England,8.255477905273438,courtroom,4,England
4,or for New England,6.420426368713379,courtroom,4,England
1,New,12.359051704406738,courtroom,3,New
2,for New,5.952154159545898,courtroom,3,New
4,Metro-Atlantic or for New,2.971853256225586,courtroom,3,New
1,it,10.897254943847656,courtroom,5,it
2,assuming it,6.461714744567871,courtroom,5,it
4,but I'm assuming it,3.686507225036621,courtroom,5,it
1,but,10.735779762268066,courtroom,2,but
2,still but,9.288198471069336,courtroom,2,but
1,I'm,7.25425910949707,courtroom,3,I'm
2,but I'm,6.613962173461914,courtroom,3,I'm
4,seemed still but I'm,6.433915615081787,courtroom,3,I'm
1,could,10.399933815002441,courtroom,1,could
2,So could,6.510966777801514,courtroom,1,could
1,you,10.660537719726562,courtroom,2,you
2,could you,7.48840856552124,courtroom,2,you
1,into,11.359146118164062,courtroom,4,into
2,see into,9.607232093811035,courtroom,4,into
4,could you see into,5.515120983123779,courtroom,4,into
1,that,10.947566986083984,courtroom,4,that
2,products that,7.989495277404785,courtroom,4,that
4,had two products that,7.52280330657959,courtroom,4,that
1,two,11.198701858520508,courtroom,2,two
2,had two,11.071198463439941,courtroom,2,two
1,had,11.16131591796875,courtroom,1,had
2,We had,7.1665496826171875,courtroom,1,had
1,have,10.692431449890137,courtroom,3,have
2,we have,7.850134372711182,courtroom,3,have
4,make sure we have,6.68270206451416,courtroom,3,have
1,right,10.864727020263672,courtroom,5,right
2,the right,7.222172260284424,courtroom,5,right
4,we have the right,3.210620880126953,courtroom,5,right
1,sure,10.030720710754395,courtroom,1,sure
2,make sure,4.547501564025879,courtroom,1,sure
1,taller,9.674388885498047,courtroom,4,taller
2,they taller,2.9332871437072754,courtroom,4,taller
4,"general, were they taller",3.1989574432373047,courtroom,4,taller
1,"general,",11.40019702911377,courtroom,1,"general,"
2,"In general,",9.500677108764648,courtroom,1,"general,"
1,were,11.316572189331055,courtroom,2,were
2,"general, were",10.376779556274414,courtroom,2,were
1,some,11.931933403015137,courtroom,4,some
2,-- some,9.569778442382812,courtroom,4,some
4,but some -- some,8.883136749267578,courtroom,4,some
1,--,10.854382514953613,courtroom,3,--
2,some --,11.283981323242188,courtroom,3,--
4,-- but some --,8.712712287902832,courtroom,3,--
1,some,11.931933403015137,courtroom,2,some
2,but some,9.114917755126953,courtroom,2,some
1,to,11.301959037780762,courtroom,1,to
2,workers to,9.677355766296387,courtroom,1,to
1,off,10.427752494812012,courtroom,3,off
2,wash off,6.959146022796631,courtroom,3,off
4,workers to wash off,6.6745710372924805,courtroom,3,off
1,wash,10.408881187438965,courtroom,2,wash
2,to wash,6.632131099700928,courtroom,2,wash
1,a,11.316549301147461,courtroom,2,a
2,was a,11.245882987976074,courtroom,2,a
1,was,10.896289825439453,courtroom,1,was
2,There was,5.128911018371582,courtroom,1,was
1,it,10.897254943847656,courtroom,5,it
2,and it,5.709614276885986,courtroom,5,it
4,a gasket and it,6.969990253448486,courtroom,5,it
1,the,12.734390258789062,courtroom,4,the
2,were the,9.816084861755371,courtroom,4,the
4,what level were the,12.00005054473877,courtroom,4,the
1,drains,9.305557250976562,courtroom,5,drains
2,the drains,5.7123613357543945,courtroom,5,drains
4,level were the drains,5.3177690505981445,courtroom,5,drains
1,level,10.752584457397461,courtroom,2,level
2,what level,3.4480369091033936,courtroom,2,level
1,that's,6.693538665771484,courtroom,2,that's
2,think that's,6.933109760284424,courtroom,2,that's
1,the,12.734390258789062,courtroom,3,the
2,that's the,9.5038480758667,courtroom,3,the
4,I think that's the,8.033249855041504,courtroom,3,the
1,product,10.50231647491455,courtroom,4,product
2,the product,7.193179607391357,courtroom,4,product
4,think that's the product,3.1483657360076904,courtroom,4,product
1,the,12.734390258789062,courtroom,4,the
2,have the,10.191239356994629,courtroom,4,the
4,then you have the,10.6194429397583,courtroom,4,the
1,you,10.660537719726562,courtroom,2,you
2,then you,6.045804500579834,courtroom,2,you
1,have,10.692431449890137,courtroom,3,have
2,you have,7.3626508712768555,courtroom,3,have
4,And then you have,6.872697830200195,courtroom,3,have
1,testimony,6.126471996307373,courtroom,4,testimony
2,your testimony,6.283453464508057,courtroom,4,testimony
4,would be your testimony,5.590308666229248,courtroom,4,testimony
1,be,11.872392654418945,courtroom,2,be
2,would be,9.17898941040039,courtroom,2,be
1,would,10.050649642944336,courtroom,1,would
2,It would,4.547184467315674,courtroom,1,would
1,said,9.272993087768555,courtroom,4,said
2,you said,6.2739081382751465,courtroom,4,said
4,earlier today you said,5.693098068237305,courtroom,4,said
1,today,9.722012519836426,courtroom,2,today
2,earlier today,5.031612396240234,courtroom,2,today
1,earlier,8.8243408203125,courtroom,1,earlier
2,"Now, earlier",1.8452892303466797,courtroom,1,earlier
1,they,10.613469123840332,courtroom,2,they
2,were they,9.199963569641113,courtroom,2,they
1,stored,9.03416633605957,courtroom,3,stored
2,they stored,7.737342834472656,courtroom,3,stored
4,And were they stored,4.8856964111328125,courtroom,3,stored
1,were,11.316572189331055,courtroom,1,were
2,And were,6.997269153594971,courtroom,1,were
1,was,10.896289825439453,courtroom,3,was
2,it was,9.499979019165039,courtroom,3,was
4,"shallow water, it was",9.139427185058594,courtroom,3,was
1,"water,",10.56627368927002,courtroom,1,"water,"
2,"shallow water,",9.50362491607666,courtroom,1,"water,"
1,it,10.897254943847656,courtroom,2,it
2,"water, it",5.663480758666992,courtroom,2,it
1,like,11.612746238708496,courtroom,2,like
2,seems like,6.291382312774658,courtroom,2,like
1,time,10.924384117126465,courtroom,5,time
2,right time,7.297939300537109,courtroom,5,time
4,like the right time,4.404294967651367,courtroom,5,time
1,the,12.734390258789062,courtroom,3,the
2,like the,12.446467399597168,courtroom,3,the
4,It seems like the,11.409406661987305,courtroom,3,the
1,give,10.711256980895996,courtroom,3,give
2,just give,4.738543510437012,courtroom,3,give
4,So you just give,4.822739601135254,courtroom,3,give
1,best,11.61880111694336,courtroom,5,best
2,your best,8.638854026794434,courtroom,5,best
4,just give your best,7.167978286743164,courtroom,5,best
1,just,11.214090347290039,courtroom,2,just
2,you just,7.8216962814331055,courtroom,2,just
1,other,11.661579132080078,courtroom,1,other
2,no other,9.479945182800293,courtroom,1,other
1,place,10.633182525634766,courtroom,2,place
2,other place,5.902466773986816,courtroom,2,place
1,for,11.576336860656738,courtroom,3,for
2,place for,10.596128463745117,courtroom,3,for
4,no other place for,8.684619903564453,courtroom,3,for
1,high,11.419182777404785,courtroom,5,high
2,however high,6.322146415710449,courtroom,5,high
4,"five high, however high",5.534296989440918,courtroom,5,high
1,"four,",10.468917846679688,courtroom,1,"four,"
2,"Three, four,",4.673381805419922,courtroom,1,"four,"
1,five,11.335679054260254,courtroom,2,five
2,"four, five",4.334158897399902,courtroom,2,five
1,was,10.896289825439453,courtroom,2,was
2,that was,8.553487777709961,courtroom,2,was
1,shorter,9.983399391174316,courtroom,4,shorter
2,a shorter,9.25113296508789,courtroom,4,shorter
4,that was a shorter,9.084850311279297,courtroom,4,shorter
1,time,10.924384117126465,courtroom,5,time
2,shorter time,7.483111381530762,courtroom,5,time
4,was a shorter time,5.702291488647461,courtroom,5,time
1,"that,",7.383519172668457,courtroom,5,"that,"
2,"reading that,",7.988292217254639,courtroom,5,"that,"
4,"recall after reading that,",8.054350852966309,courtroom,5,"that,"
1,recall,9.789066314697266,courtroom,2,recall
2,you recall,6.171844005584717,courtroom,2,recall
1,you,10.660537719726562,courtroom,1,you
2,Do you,5.721115589141846,courtroom,1,you
1,you,10.660537719726562,courtroom,1,you
2,substances you,6.589102268218994,courtroom,1,you
1,handled,11.184941291809082,courtroom,2,handled
2,you handled,6.163535118103027,courtroom,2,handled
1,when,10.965540885925293,courtroom,3,when
2,handled when,9.345650672912598,courtroom,3,when
4,substances you handled when,6.817224025726318,courtroom,3,when
1,it,10.897254943847656,courtroom,2,it
2,at it,6.961906909942627,courtroom,2,it
1,earlier,8.8243408203125,courtroom,3,earlier
2,it earlier,4.04522180557251,courtroom,3,earlier
4,looked at it earlier,4.790077209472656,courtroom,3,earlier
1,in,11.458725929260254,courtroom,4,in
2,earlier in,8.906879425048828,courtroom,4,in
4,at it earlier in,2.7800843715667725,courtroom,4,in
1,"sophomore,",10.278772354125977,courtroom,1,"sophomore,"
2,"what, sophomore,",8.935542106628418,courtroom,1,"sophomore,"
1,senior,10.443603515625,courtroom,3,senior
2,"junior, senior",3.9135961532592773,courtroom,3,senior
4,"what, sophomore, junior, senior",5.256831645965576,courtroom,3,senior
1,"junior,",10.360100746154785,courtroom,2,"junior,"
2,"sophomore, junior,",5.351837158203125,courtroom,2,"junior,"
1,caustic,11.094770431518555,courtroom,1,caustic
2,and caustic,8.978479385375977,courtroom,1,caustic
1,all,11.139111518859863,courtroom,4,all
2,went all,3.962239980697632,courtroom,4,all
4,caustic acid went all,3.688413143157959,courtroom,4,all
1,went,10.454033851623535,courtroom,3,went
2,acid went,6.156442642211914,courtroom,3,went
4,and caustic acid went,5.752886772155762,courtroom,3,went
1,have,10.692431449890137,courtroom,2,have
2,may have,8.332440376281738,courtroom,2,have
1,even,11.04362964630127,courtroom,3,even
2,have even,8.277761459350586,courtroom,3,even
4,brother may have even,8.811277389526367,courtroom,3,even
1,polluted,9.508834838867188,courtroom,4,polluted
2,even polluted,6.875283718109131,courtroom,4,polluted
4,may have even polluted,5.800870418548584,courtroom,4,polluted
1,to,11.301959037780762,courtroom,3,to
2,explain to,7.651607036590576,courtroom,3,to
4,Can you explain to,3.307339668273926,courtroom,3,to
1,"us,",11.021738052368164,courtroom,4,"us,"
2,"to us,",8.360360145568848,courtroom,4,"us,"
4,"you explain to us,",7.382333755493164,courtroom,4,"us,"
1,you,10.660537719726562,courtroom,1,you
2,Can you,7.312708377838135,courtroom,1,you
1,have,10.692431449890137,courtroom,2,have
2,might have,8.045845985412598,courtroom,2,have
1,been,10.934855461120605,courtroom,3,been
2,have been,10.350520133972168,courtroom,3,been
4,There might have been,7.246562957763672,courtroom,3,been
1,more,11.137571334838867,courtroom,4,more
2,been more,8.86723518371582,courtroom,4,more
4,might have been more,9.54349136352539,courtroom,4,more
1,the,12.734390258789062,courtroom,4,the
2,and the,12.488967895507812,courtroom,4,the
4,storage tanks and the,12.036003112792969,courtroom,4,the
1,tanks,7.931211948394775,courtroom,2,tanks
2,storage tanks,5.85629415512085,courtroom,2,tanks
1,storage,10.471068382263184,courtroom,1,storage
2,The storage,7.403693199157715,courtroom,1,storage
1,they,10.613469123840332,courtroom,2,they
2,and they,7.159318447113037,courtroom,2,they
1,rubber,10.047344207763672,courtroom,4,rubber
2,had rubber,8.833152770996094,courtroom,4,rubber
4,and they had rubber,6.237315654754639,courtroom,4,rubber
1,had,11.16131591796875,courtroom,3,had
2,they had,8.330668449401855,courtroom,3,had
4,-- and they had,8.268882751464844,courtroom,3,had
1,was,10.896289825439453,courtroom,3,was
2,there was,5.148713111877441,courtroom,3,was
4,I believe there was,5.004487037658691,courtroom,3,was
1,also,10.951159477233887,courtroom,4,also
2,was also,9.025259971618652,courtroom,4,also
4,believe there was also,5.668990612030029,courtroom,4,also
1,there,9.811803817749023,courtroom,2,there
2,believe there,3.022132158279419,courtroom,2,there
1,building,10.376143455505371,courtroom,5,building
2,that building,6.694307804107666,courtroom,5,building
4,happened in that building,5.709125518798828,courtroom,5,building
1,that,10.947566986083984,courtroom,4,that
2,in that,9.856125831604004,courtroom,4,that
4,things happened in that,9.121036529541016,courtroom,4,that
1,things,9.713446617126465,courtroom,1,things
2,Two things,5.911290168762207,courtroom,1,things
1,one,10.6817045211792,courtroom,4,one
2,every one,6.571695804595947,courtroom,4,one
4,didn't handle every one,2.643115997314453,courtroom,4,one
1,didn't,6.80245304107666,courtroom,1,didn't
2,I didn't,6.0472731590271,courtroom,1,didn't
1,handle,10.980283737182617,courtroom,2,handle
2,didn't handle,5.972306728363037,courtroom,2,handle
1,rack,10.533231735229492,courtroom,1,rack
2,The rack,7.550693035125732,courtroom,1,rack
1,was,10.896289825439453,courtroom,2,was
2,rack was,9.636819839477539,courtroom,2,was
1,off,10.427752494812012,courtroom,4,off
2,raised off,6.687326908111572,courtroom,4,off
4,rack was raised off,4.083358287811279,courtroom,4,off
1,maybe,10.3660888671875,courtroom,5,maybe
2,"one, maybe",8.131756782531738,courtroom,5,maybe
4,"have worked one, maybe",1.7609786987304688,courtroom,5,maybe
1,may,10.549492835998535,courtroom,1,may
2,I may,6.110759735107422,courtroom,1,may
1,have,10.692431449890137,courtroom,2,have
2,may have,8.332440376281738,courtroom,2,have
1,about,11.107869148254395,courtroom,5,about
2,talking about,8.514514923095703,courtroom,5,about
4,you recall talking about,8.1290864944458,courtroom,5,about
1,recall,9.789066314697266,courtroom,3,recall
2,you recall,6.171844005584717,courtroom,3,recall
4,And do you recall,6.1513543128967285,courtroom,3,recall
1,talking,11.032435417175293,courtroom,4,talking
2,recall talking,4.815260410308838,courtroom,4,talking
4,do you recall talking,1.8556346893310547,courtroom,4,talking
1,would,10.050649642944336,courtroom,1,would
2,I would,6.116856098175049,courtroom,1,would
1,that,10.947566986083984,courtroom,4,that
2,with that,10.866488456726074,courtroom,4,that
4,would assume with that,10.382568359375,courtroom,4,that
1,assume,8.474491119384766,courtroom,2,assume
2,would assume,5.536229133605957,courtroom,2,assume
1,ask,11.095863342285156,courtroom,3,ask
2,to ask,6.670759677886963,courtroom,3,ask
4,I'm going to ask,5.001660346984863,courtroom,3,ask
1,going,10.563369750976562,courtroom,1,going
2,I'm going,1.0406122207641602,courtroom,1,going
1,you,10.660537719726562,courtroom,4,you
2,ask you,7.939122200012207,courtroom,4,you
4,going to ask you,5.101686477661133,courtroom,4,you
1,for,11.576336860656738,courtroom,3,for
2,-- for,8.477372169494629,courtroom,3,for
4,We just -- for,6.189577102661133,courtroom,3,for
1,"expediency,",10.16298770904541,courtroom,4,"expediency,"
2,"for expediency,",8.517946243286133,courtroom,4,"expediency,"
4,"just -- for expediency,",8.034967422485352,courtroom,4,"expediency,"
1,--,10.854382514953613,courtroom,2,--
2,just --,8.700092315673828,courtroom,2,--
1,where,11.376585006713867,courtroom,3,where
2,show where,7.1781840324401855,courtroom,3,where
4,Could you show where,4.842712879180908,courtroom,3,where
1,you,10.660537719726562,courtroom,1,you
2,Could you,7.2938618659973145,courtroom,1,you
1,this,10.959673881530762,courtroom,5,this
2,on this,10.626091003417969,courtroom,5,this
4,show where on this,8.957679748535156,courtroom,5,this
1,would,10.050649642944336,courtroom,3,would
2,in would,6.9953389167785645,courtroom,3,would
4,be coming in would,5.983823299407959,courtroom,3,would
1,coming,10.756954193115234,courtroom,1,coming
2,be coming,5.285407543182373,courtroom,1,coming
1,in,11.458725929260254,courtroom,2,in
2,coming in,9.708097457885742,courtroom,2,in
1,"remember,",8.159923553466797,courtroom,1,"remember,"
2,"can remember,",8.419418334960938,courtroom,1,"remember,"
1,thrown,9.912662506103516,courtroom,3,thrown
2,were thrown,4.9506516456604,courtroom,3,thrown
4,"can remember, were thrown",4.782331943511963,courtroom,3,thrown
1,into,11.359146118164062,courtroom,4,into
2,thrown into,5.712891578674316,courtroom,4,into
4,"remember, were thrown into",6.330019950866699,courtroom,4,into
1,drums,8.221752166748047,courtroom,5,drums
2,the drums,6.64790153503418,courtroom,5,drums
4,be where the drums,6.885178565979004,courtroom,5,drums
1,be,11.872392654418945,courtroom,2,be
2,would be,9.17898941040039,courtroom,2,be
1,where,11.376585006713867,courtroom,3,where
2,be where,7.17409610748291,courtroom,3,where
4,That would be where,6.704448699951172,courtroom,3,where
1,building,10.376143455505371,courtroom,4,building
2,square building,5.635904312133789,courtroom,4,building
4,was a square building,5.446044445037842,courtroom,4,building
1,square,11.036246299743652,courtroom,3,square
2,a square,7.574024200439453,courtroom,3,square
4,It was a square,8.834364891052246,courtroom,3,square
1,or,11.46521282196045,courtroom,5,or
2,building or,11.993218421936035,courtroom,5,or
4,a square building or,9.10055923461914,courtroom,5,or
1,had,11.16131591796875,courtroom,1,had
2,We had,7.1665496826171875,courtroom,1,had
1,referred,5.640194892883301,courtroom,3,referred
2,drums referred,1.117163896560669,courtroom,3,referred
4,We had drums referred,0.9265487790107727,courtroom,3,referred
1,as,11.068653106689453,courtroom,5,as
2,to as,8.309261322021484,courtroom,5,as
4,drums referred to as,9.677751541137695,courtroom,5,as
1,the,12.734390258789062,courtroom,5,the
2,way the,12.603107452392578,courtroom,5,the
4,sure which way the,11.898812294006348,courtroom,5,the
1,not,10.92558479309082,courtroom,1,not
2,I'm not,6.414231300354004,courtroom,1,not
1,which,10.866917610168457,courtroom,3,which
2,sure which,9.904800415039062,courtroom,3,which
4,I'm not sure which,8.353543281555176,courtroom,3,which
1,don't,7.345463752746582,courtroom,1,don't
2,I don't,4.23712158203125,courtroom,1,don't
1,how,10.923521041870117,courtroom,3,how
2,know how,6.543924331665039,courtroom,3,how
4,I don't know how,5.287028789520264,courtroom,3,how
1,long,11.913646697998047,courtroom,4,long
2,how long,6.401401519775391,courtroom,4,long
4,don't know how long,5.083652973175049,courtroom,4,long
1,have,10.692431449890137,courtroom,4,have
2,I have,7.546214580535889,courtroom,4,have
4,"WITNESS WHEREOF, I have",7.38729190826416,courtroom,4,have
1,I,11.117331504821777,courtroom,3,I
2,"WHEREOF, I",8.68910026550293,courtroom,3,I
4,"IN WITNESS WHEREOF, I",7.57033109664917,courtroom,3,I
1,"WHEREOF,",11.071305274963379,courtroom,2,"WHEREOF,"
2,"WITNESS WHEREOF,",8.888949394226074,courtroom,2,"WHEREOF,"
1,have,10.692431449890137,courtroom,2,have
2,you have,7.3626508712768555,courtroom,2,have
1,you,10.660537719726562,courtroom,1,you
2,Do you,5.721115589141846,courtroom,1,you
1,recollection,8.20818042755127,courtroom,4,recollection
2,any recollection,4.380609035491943,courtroom,4,recollection
4,you have any recollection,1.4841198921203613,courtroom,4,recollection
1,arrow,10.89774227142334,courtroom,1,arrow
2,This arrow,7.505773067474365,courtroom,1,arrow
1,seems,5.394196510314941,courtroom,2,seems
2,arrow seems,3.5083343982696533,courtroom,2,seems
1,to,11.301959037780762,courtroom,3,to
2,seems to,4.757986545562744,courtroom,3,to
4,This arrow seems to,6.965303421020508,courtroom,3,to
1,the,12.734390258789062,courtroom,3,the
2,"ago, the",11.728431701660156,courtroom,3,the
4,"little while ago, the",12.153486251831055,courtroom,3,the
1,tailrace,9.358482360839844,courtroom,4,tailrace
2,the tailrace,6.506244659423828,courtroom,4,tailrace
4,"while ago, the tailrace",7.621371269226074,courtroom,4,tailrace
1,while,11.235438346862793,courtroom,1,while
2,little while,5.805806636810303,courtroom,1,while
1,was,10.896289825439453,courtroom,4,was
2,that was,8.553487777709961,courtroom,4,was
4,I'm assuming that was,7.590226173400879,courtroom,4,was
1,assuming,10.845632553100586,courtroom,2,assuming
2,I'm assuming,5.30773401260376,courtroom,2,assuming
1,"done,",10.824337005615234,courtroom,5,"done,"
2,"was done,",7.70108699798584,courtroom,5,"done,"
4,"assuming that was done,",7.12471866607666,courtroom,5,"done,"
1,or,11.46521282196045,courtroom,2,or
2,ownership or,10.569869041442871,courtroom,2,or
1,ownership,7.800441741943359,courtroom,4,ownership
2,the ownership,5.220265865325928,courtroom,4,ownership
4,ownership or the ownership,3.086547613143921,courtroom,4,ownership
1,among,11.56566047668457,courtroom,5,among
2,ownership among,9.558510780334473,courtroom,5,among
4,or the ownership among,7.865433692932129,courtroom,5,among
1,foggy,9.496484756469727,courtroom,1,foggy
2,My foggy,8.684904098510742,courtroom,1,foggy
1,those,11.217927932739258,courtroom,4,those
2,of those,9.512531280517578,courtroom,4,those
4,foggy memory of those,10.114563941955566,courtroom,4,those
1,periods,7.32305908203125,courtroom,5,periods
2,those periods,5.605767726898193,courtroom,5,periods
4,memory of those periods,5.693684101104736,courtroom,5,periods
1,south,11.04465103149414,courtroom,5,south
2,moving south,5.402432918548584,courtroom,5,south
4,next label moving south,6.157049179077148,courtroom,5,south
1,the,12.734390258789062,courtroom,1,the
2,"Now, the",12.17552661895752,courtroom,1,the
1,label,11.108797073364258,courtroom,3,label
2,next label,7.342966556549072,courtroom,3,label
4,"Now, the next label",7.342648506164551,courtroom,3,label
1,to,11.301959037780762,courtroom,2,to
2,want to,8.155804634094238,courtroom,2,to
1,keep,11.215170860290527,courtroom,3,keep
2,to keep,7.115776062011719,courtroom,3,keep
4,I want to keep,7.255999565124512,courtroom,3,keep
1,reading,10.456832885742188,courtroom,4,reading
2,keep reading,6.466050624847412,courtroom,4,reading
4,want to keep reading,6.74659538269043,courtroom,4,reading
1,Lines,7.646891117095947,courtroom,4,Lines
2,"transcript, Lines",7.000541687011719,courtroom,4,Lines
4,"Home Insurance transcript, Lines",7.419004440307617,courtroom,4,Lines
1,Home,11.13204288482666,courtroom,1,Home
2,the Home,8.380671501159668,courtroom,1,Home
1,"transcript,",11.137800216674805,courtroom,3,"transcript,"
2,"Insurance transcript,",10.777366638183594,courtroom,3,"transcript,"
4,"the Home Insurance transcript,",9.297749519348145,courtroom,3,"transcript,"
1,that,10.947566986083984,courtroom,5,that
2,would that,6.059584140777588,courtroom,5,that
4,"the record, would that",7.651193618774414,courtroom,5,that
1,"record,",10.35909652709961,courtroom,3,"record,"
2,"the record,",8.973957061767578,courtroom,3,"record,"
4,"Again, for the record,",6.9344563484191895,courtroom,3,"record,"
1,would,10.050649642944336,courtroom,4,would
2,"record, would",7.399454593658447,courtroom,4,would
4,"for the record, would",7.12923002243042,courtroom,4,would
1,was,10.896289825439453,courtroom,3,was
2,that was,8.553487777709961,courtroom,3,was
4,explain what that was,5.145646572113037,courtroom,3,was
1,intended,8.216140747070312,courtroom,4,intended
2,was intended,2.315830945968628,courtroom,4,intended
4,what that was intended,1.6957204341888428,courtroom,4,intended
1,what,10.599081993103027,courtroom,1,what
2,explain what,6.644986629486084,courtroom,1,what
1,being,10.280539512634277,courtroom,5,being
2,them being,10.590300559997559,courtroom,5,being
4,ever see them being,9.94222354888916,courtroom,5,being
1,them,10.87720012664795,courtroom,4,them
2,see them,7.372186660766602,courtroom,4,them
4,you ever see them,7.7558913230896,courtroom,4,them
1,ever,10.817558288574219,courtroom,2,ever
2,you ever,8.062797546386719,courtroom,2,ever
1,this,10.959673881530762,courtroom,5,this
2,labeled this,9.779735565185547,courtroom,5,this
4,-- you labeled this,9.041970252990723,courtroom,5,this
1,is,11.129858016967773,courtroom,1,is
2,This is,6.711753845214844,courtroom,1,is
1,you,10.660537719726562,courtroom,3,you
2,-- you,6.39027214050293,courtroom,3,you
4,This is -- you,5.796544075012207,courtroom,3,you
1,testimony,6.126471996307373,courtroom,2,testimony
2,gave testimony,5.461874485015869,courtroom,2,testimony
1,about,11.107869148254395,courtroom,3,about
2,testimony about,7.641891956329346,courtroom,3,about
4,You gave testimony about,7.603964805603027,courtroom,3,about
1,in,11.458725929260254,courtroom,5,in
2,drains in,9.24103832244873,courtroom,5,in
4,testimony about drains in,9.742907524108887,courtroom,5,in
1,Pirozzolo,8.406852722167969,courtroom,1,Pirozzolo
2,Mr. Pirozzolo,5.760092735290527,courtroom,1,Pirozzolo
1,you,10.660537719726562,courtroom,3,you
2,asking you,6.757227420806885,courtroom,3,you
4,Mr. Pirozzolo asking you,3.644259452819824,courtroom,3,you
1,about,11.107869148254395,courtroom,5,about
2,questions about,8.120000839233398,courtroom,5,about
4,asking you questions about,7.583403587341309,courtroom,5,about
1,asked,7.645595073699951,courtroom,4,asked
2,Pirozzolo asked,7.112493515014648,courtroom,4,asked
4,that Mr. Pirozzolo asked,6.138244152069092,courtroom,4,asked
1,that,10.947566986083984,courtroom,1,that
2,questioning that,9.023882865905762,courtroom,1,that
1,Mr.,11.020536422729492,courtroom,2,Mr.
2,that Mr.,10.512890815734863,courtroom,2,Mr.
1,what,10.599081993103027,courtroom,5,what
2,us what,7.537762641906738,courtroom,5,what
4,explain for us what,7.210291862487793,courtroom,5,what
1,for,11.576336860656738,courtroom,3,for
2,explain for,8.112053871154785,courtroom,3,for
4,Can you explain for,4.206168174743652,courtroom,3,for
1,you,10.660537719726562,courtroom,1,you
2,Can you,7.312708377838135,courtroom,1,you
1,no,11.925097465515137,courtroom,4,no
2,have no,9.906698226928711,courtroom,4,no
4,time I have no,6.59617805480957,courtroom,4,no
1,have,10.692431449890137,courtroom,3,have
2,I have,7.546214580535889,courtroom,3,have
4,this time I have,8.182537078857422,courtroom,3,have
1,further,10.104958534240723,courtroom,5,further
2,no further,8.439940452575684,courtroom,5,further
4,I have no further,3.264183759689331,courtroom,5,further
1,the,12.734390258789062,courtroom,1,the
2,And the,12.006749153137207,courtroom,1,the
1,thing,10.63368034362793,courtroom,2,thing
2,the thing,5.330539226531982,courtroom,2,thing
1,that,10.947566986083984,courtroom,3,that
2,thing that,8.536663055419922,courtroom,3,that
4,And the thing that,7.407044887542725,courtroom,3,that
1,testimony,6.126471996307373,courtroom,2,testimony
2,your testimony,6.283453464508057,courtroom,2,testimony
1,your,12.634740829467773,courtroom,1,your
2,During your,10.314553260803223,courtroom,1,your
1,earlier,8.8243408203125,courtroom,3,earlier
2,testimony earlier,2.058152914047241,courtroom,3,earlier
4,During your testimony earlier,2.0414388179779053,courtroom,3,earlier
1,any,11.360147476196289,courtroom,2,any
2,there any,9.584423065185547,courtroom,2,any
1,were,11.316572189331055,courtroom,5,were
2,that were,10.17459774017334,courtroom,5,were
4,any drums that were,9.63316535949707,courtroom,5,were
1,there,9.811803817749023,courtroom,1,there
2,Were there,4.873920917510986,courtroom,1,there
1,I,11.117331504821777,courtroom,1,I
2,Like I,5.767459869384766,courtroom,1,I
1,"said,",5.970453262329102,courtroom,2,"said,"
2,"I said,",3.5209577083587646,courtroom,2,"said,"
1,all,11.139111518859863,courtroom,5,all
2,is all,9.316570281982422,courtroom,5,all
4,"said, this is all",7.949716091156006,courtroom,5,all
1,those,11.217927932739258,courtroom,5,those
2,with those,8.75190544128418,courtroom,5,those
4,they do with those,9.861084938049316,courtroom,5,those
1,did,10.002723693847656,courtroom,1,did
2,What did,4.857789039611816,courtroom,1,did
1,they,10.613469123840332,courtroom,2,they
2,did they,7.695997714996338,courtroom,2,they
1,Nadeau's,12.045037269592285,courtroom,4,Nadeau's
2,Mr. Nadeau's,11.242258071899414,courtroom,4,Nadeau's
4,"the affidavit, Mr. Nadeau's",9.276702880859375,courtroom,4,Nadeau's
1,"affidavit,",10.179220199584961,courtroom,2,"affidavit,"
2,"the affidavit,",8.35384464263916,courtroom,2,"affidavit,"
1,"affidavit,",10.179220199584961,courtroom,5,"affidavit,"
2,"Nadeau's affidavit,",7.911412239074707,courtroom,5,"affidavit,"
4,"affidavit, Mr. Nadeau's affidavit,",5.849104881286621,courtroom,5,"affidavit,"
1,"station""",10.04710578918457,courtroom,4,"station"""
2,"""Wash station""",7.791469097137451,courtroom,4,"station"""
4,"the words ""Wash station""",6.5788726806640625,courtroom,4,"station"""
1,"""Wash",8.146682739257812,courtroom,3,"""Wash"
2,"words ""Wash",9.476394653320312,courtroom,3,"""Wash"
4,"And the words ""Wash",8.864870071411133,courtroom,3,"""Wash"
1,are,11.507725715637207,courtroom,5,are
2,"station"" are",10.231952667236328,courtroom,5,are
4,"words ""Wash station"" are",9.921730995178223,courtroom,5,are
1,do,10.671449661254883,courtroom,1,do
2,And do,4.727569103240967,courtroom,1,do
1,asked,7.645595073699951,courtroom,5,asked
2,being asked,5.532395839691162,courtroom,5,asked
4,you remember being asked,4.914151668548584,courtroom,5,asked
1,remember,9.751459121704102,courtroom,3,remember
2,you remember,6.299363136291504,courtroom,3,remember
4,And do you remember,5.969797611236572,courtroom,3,remember
1,says,7.635950088500977,courtroom,3,says
2,it says,5.3014068603515625,courtroom,3,says
4,to where it says,6.606320381164551,courtroom,3,says
1,it,10.897254943847656,courtroom,2,it
2,where it,6.578718662261963,courtroom,2,it
1,area.,9.60110855102539,courtroom,5,area.
2,"""Warehouse area.",8.132160186767578,courtroom,5,area.
4,"it says ""Warehouse area.",10.246612548828125,courtroom,5,area.
1,through,11.072386741638184,courtroom,1,through
2,delivered through,8.058427810668945,courtroom,1,through
1,an,11.774314880371094,courtroom,2,an
2,through an,10.376049995422363,courtroom,2,an
1,outside,10.25705623626709,courtroom,3,outside
2,an outside,6.660858631134033,courtroom,3,outside
4,delivered through an outside,8.541565895080566,courtroom,3,outside
1,couldn't,6.892276763916016,courtroom,1,couldn't
2,It couldn't,3.790419816970825,courtroom,1,couldn't
1,on,11.154274940490723,courtroom,3,on
2,be on,9.143274307250977,courtroom,3,on
4,It couldn't be on,7.221838474273682,courtroom,3,on
1,right,10.864727020263672,courtroom,5,right
2,the right,7.222172260284424,courtroom,5,right
4,be on the right,5.6044111251831055,courtroom,5,right
1,the,12.734390258789062,courtroom,4,the
2,of the,12.293905258178711,courtroom,4,the
4,the outside of the,10.799230575561523,courtroom,4,the
1,"building,",10.369665145874023,courtroom,5,"building,"
2,"the building,",8.52673053741455,courtroom,5,"building,"
4,"outside of the building,",8.64439868927002,courtroom,5,"building,"
1,outside,10.25705623626709,courtroom,2,outside
2,the outside,5.454772472381592,courtroom,2,outside
1,came,8.2034912109375,courtroom,5,came
2,trucks came,5.346145153045654,courtroom,5,came
4,where the trucks came,5.062374591827393,courtroom,5,came
1,the,12.734390258789062,courtroom,3,the
2,where the,12.527472496032715,courtroom,3,the
4,Shipping was where the,11.13528823852539,courtroom,3,the
1,was,10.896289825439453,courtroom,1,was
2,Shipping was,8.16843032836914,courtroom,1,was
1,the,12.734390258789062,courtroom,1,the
2,handling the,12.408075332641602,courtroom,1,the
1,of,12.024920463562012,courtroom,3,of
2,accounting of,10.260004997253418,courtroom,3,of
4,handling the accounting of,9.448458671569824,courtroom,3,of
1,"company,",11.020967483520508,courtroom,5,"company,"
2,"either company,",9.343070983886719,courtroom,5,"company,"
4,"accounting of either company,",8.346694946289062,courtroom,5,"company,"
1,it,10.897254943847656,courtroom,4,it
2,how it,6.594875812530518,courtroom,4,it
4,you describe how it,5.562809467315674,courtroom,4,it
1,how,10.923521041870117,courtroom,3,how
2,describe how,6.966660976409912,courtroom,3,how
4,Can you describe how,6.213801860809326,courtroom,3,how
1,"appeared,",8.780706405639648,courtroom,5,"appeared,"
2,"it appeared,",8.67845630645752,courtroom,5,"appeared,"
4,"describe how it appeared,",7.418867111206055,courtroom,5,"appeared,"
1,after,11.275282859802246,courtroom,3,after
2,out after,9.00020694732666,courtroom,3,after
4,that came out after,7.713113307952881,courtroom,3,after
1,came,8.2034912109375,courtroom,1,came
2,that came,5.18795108795166,courtroom,1,came
1,out,10.346115112304688,courtroom,2,out
2,came out,5.622596263885498,courtroom,2,out
1,cutout,9.189671516418457,courtroom,3,cutout
2,the cutout,7.187636852264404,courtroom,3,cutout
4,And was the cutout,9.52629566192627,courtroom,3,cutout
1,the,12.734390258789062,courtroom,2,the
2,was the,9.750276565551758,courtroom,2,the
1,something,10.092069625854492,courtroom,4,something
2,cutout something,6.791086196899414,courtroom,4,something
4,was the cutout something,6.975231647491455,courtroom,4,something
1,with,11.736027717590332,courtroom,4,with
2,associated with,10.938580513000488,courtroom,4,with
4,about residue associated with,9.920585632324219,courtroom,4,with
1,the,12.734390258789062,courtroom,5,the
2,with the,12.026729583740234,courtroom,5,the
4,residue associated with the,12.21742057800293,courtroom,5,the
1,about,11.107869148254395,courtroom,1,about
2,talked about,7.2488579750061035,courtroom,1,about
1,somebody,8.393484115600586,courtroom,1,somebody
2,Sometimes somebody,7.5524725914001465,courtroom,1,somebody
1,feed,11.01010513305664,courtroom,3,feed
2,would feed,7.348722457885742,courtroom,3,feed
4,Sometimes somebody would feed,5.237636566162109,courtroom,3,feed
1,the,12.734390258789062,courtroom,5,the
2,him the,12.192306518554688,courtroom,5,the
4,would feed him the,10.950016021728516,courtroom,5,the
1,storage,10.471068382263184,courtroom,3,storage
2,the storage,6.944482803344727,courtroom,3,storage
4,"recollection, what the storage",8.904046058654785,courtroom,3,storage
1,the,12.734390258789062,courtroom,2,the
2,what the,4.970401763916016,courtroom,2,the
1,looked,7.607503890991211,courtroom,5,looked
2,tanks looked,6.396317005157471,courtroom,5,looked
4,the storage tanks looked,5.9885969161987305,courtroom,5,looked
1,any,11.360147476196289,courtroom,5,any
2,into any,9.888376235961914,courtroom,5,any
4,cross-contamination going into any,9.97622013092041,courtroom,5,any
1,into,11.359146118164062,courtroom,4,into
2,going into,7.597720146179199,courtroom,4,into
4,any cross-contamination going into,7.129815578460693,courtroom,4,into
1,cross-contamination,9.638631820678711,courtroom,2,cross-contamination
2,any cross-contamination,7.68068265914917,courtroom,2,cross-contamination
1,you,10.660537719726562,courtroom,3,you
2,asking you,6.757227420806885,courtroom,3,you
4,I'm only asking you,3.140878200531006,courtroom,3,you
1,asking,9.486095428466797,courtroom,2,asking
2,only asking,6.3078694343566895,courtroom,2,asking
1,what,10.599081993103027,courtroom,4,what
2,you what,4.84536600112915,courtroom,4,what
4,only asking you what,6.128096580505371,courtroom,4,what
1,continue,9.8789701461792,courtroom,3,continue
2,we continue,1.4181044101715088,courtroom,3,continue
4,"Now, if we continue",4.430630207061768,courtroom,3,continue
1,to,11.301959037780762,courtroom,4,to
2,continue to,9.602910995483398,courtroom,4,to
4,if we continue to,8.927928924560547,courtroom,4,to
1,if,11.083032608032227,courtroom,1,if
2,"Now, if",4.444742679595947,courtroom,1,if
1,of,12.024920463562012,courtroom,1,of
2,First of,0.6627955436706543,courtroom,1,of
1,are,11.507725715637207,courtroom,4,are
2,we are,9.029977798461914,courtroom,4,are
4,"of all, we are",8.955215454101562,courtroom,4,are
1,we,11.5739107131958,courtroom,3,we
2,"all, we",7.309744358062744,courtroom,3,we
4,"First of all, we",6.575537204742432,courtroom,3,we
1,recall,9.789066314697266,courtroom,2,recall
2,you recall,6.171844005584717,courtroom,2,recall
1,maps,9.550061225891113,courtroom,5,maps
2,the maps,6.803699493408203,courtroom,5,maps
4,recall from the maps,7.061106204986572,courtroom,5,maps
1,from,11.629947662353516,courtroom,3,from
2,recall from,9.533961296081543,courtroom,3,from
4,Do you recall from,5.967798709869385,courtroom,3,from
1,you,10.660537719726562,courtroom,5,you
2,that you,6.296186923980713,courtroom,5,you
4,the barrels that you,7.3877105712890625,courtroom,5,you
1,that,10.947566986083984,courtroom,4,that
2,barrels that,9.162836074829102,courtroom,4,that
4,all the barrels that,7.36106014251709,courtroom,4,that
1,barrels,7.70792818069458,courtroom,3,barrels
2,the barrels,5.513150215148926,courtroom,3,barrels
4,Did all the barrels,7.987921237945557,courtroom,3,barrels
1,I,11.117331504821777,courtroom,3,I
2,"question, I",6.485260963439941,courtroom,3,I
4,"your next question, I",5.196495056152344,courtroom,3,I
1,"question,",10.442317962646484,courtroom,2,"question,"
2,"next question,",8.345083236694336,courtroom,2,"question,"
1,do,10.671449661254883,courtroom,4,do
2,I do,4.724712371826172,courtroom,4,do
4,"next question, I do",4.818605422973633,courtroom,4,do
1,two,11.198701858520508,courtroom,3,two
2,made two,11.239391326904297,courtroom,3,two
4,And you've made two,10.098201751708984,courtroom,3,two
1,you've,6.253358840942383,courtroom,1,you've
2,And you've,4.869587421417236,courtroom,1,you've
1,made,10.840327262878418,courtroom,2,made
2,you've made,5.594770431518555,courtroom,2,made
1,'64,10.045713424682617,courtroom,2,'64
2,think '64,7.68456506729126,courtroom,2,'64
1,'65,9.975419044494629,courtroom,4,'65
2,through '65,6.170639991760254,courtroom,4,'65
4,think '64 through '65,5.789139747619629,courtroom,4,'65
1,through,11.072386741638184,courtroom,3,through
2,'64 through,9.82210922241211,courtroom,3,through
4,I think '64 through,7.002100944519043,courtroom,3,through
1,I,11.117331504821777,courtroom,1,I
2,Guessing I,5.801907062530518,courtroom,1,I
1,a,11.316549301147461,courtroom,5,a
2,maybe a,11.309122085571289,courtroom,5,a
4,would say maybe a,8.485343933105469,courtroom,5,a
1,maybe,10.3660888671875,courtroom,4,maybe
2,say maybe,6.878266334533691,courtroom,4,maybe
4,I would say maybe,7.403481483459473,courtroom,4,maybe
1,remember,9.751459121704102,courtroom,2,remember
2,can't remember,6.078930854797363,courtroom,2,remember
1,can't,7.6911139488220215,courtroom,1,can't
2,I can't,6.68705415725708,courtroom,1,can't
1,which--,9.46322250366211,courtroom,3,which--
2,remember which--,9.214654922485352,courtroom,3,which--
4,I can't remember which--,8.378669738769531,courtroom,3,which--
1,been,10.934855461120605,courtroom,4,been
2,have been,10.350520133972168,courtroom,4,been
4,tanks would have been,9.74756908416748,courtroom,4,been
1,would,10.050649642944336,courtroom,2,would
2,tanks would,6.781139373779297,courtroom,2,would
1,filled,11.229516983032227,courtroom,5,filled
2,been filled,2.2613067626953125,courtroom,5,filled
4,would have been filled,4.120502471923828,courtroom,5,filled
1,called,11.60775089263916,courtroom,3,called
2,you called,6.027340888977051,courtroom,3,called
4,visualize what you called,6.448004722595215,courtroom,3,called
1,the,12.734390258789062,courtroom,4,the
2,called the,10.378185272216797,courtroom,4,the
4,what you called the,12.261092185974121,courtroom,4,the
1,Texas,11.075902938842773,courtroom,5,Texas
2,the Texas,9.076470375061035,courtroom,5,Texas
4,you called the Texas,9.179195404052734,courtroom,5,Texas
1,"it,",11.110934257507324,courtroom,2,"it,"
2,"facing it,",9.160008430480957,courtroom,2,"it,"
1,my,12.444364547729492,courtroom,5,my
2,on my,10.981941223144531,courtroom,5,my
4,"it, it's on my",8.424721717834473,courtroom,5,my
1,on,11.154274940490723,courtroom,4,on
2,it's on,7.484547138214111,courtroom,4,on
4,"facing it, it's on",6.3277153968811035,courtroom,4,on
1,when,10.965540885925293,courtroom,3,when
2,it when,7.4103546142578125,courtroom,3,when
4,I saw it when,4.045525074005127,courtroom,3,when
1,it,10.897254943847656,courtroom,2,it
2,saw it,6.953642845153809,courtroom,2,it
1,it,10.897254943847656,courtroom,4,it
2,when it,5.643795490264893,courtroom,4,it
4,saw it when it,5.963172435760498,courtroom,4,it
1,'65,9.975419044494629,courtroom,1,'65
2,After '65,6.423530101776123,courtroom,1,'65
1,I,11.117331504821777,courtroom,2,I
2,'65 I,9.420125007629395,courtroom,2,I
1,was,10.896289825439453,courtroom,3,was
2,I was,8.877824783325195,courtroom,3,was
4,After '65 I was,9.104148864746094,courtroom,3,was
1,see,10.684712409973145,courtroom,3,see
2,actually see,8.058686256408691,courtroom,3,see
4,You didn't actually see,5.743908882141113,courtroom,3,see
1,did,10.002723693847656,courtroom,5,did
2,"that, did",5.31548547744751,courtroom,5,did
4,"actually see that, did",3.9319264888763428,courtroom,5,did
1,didn't,6.80245304107666,courtroom,1,didn't
2,You didn't,6.6322126388549805,courtroom,1,didn't
1,me,10.572490692138672,courtroom,1,me
2,Let me,6.839850902557373,courtroom,1,me
1,I,11.117331504821777,courtroom,5,I
2,if I,7.218029499053955,courtroom,5,I
4,"have that, if I",6.257284641265869,courtroom,5,I
1,have,10.692431449890137,courtroom,2,have
2,me have,8.579933166503906,courtroom,2,have
1,were,11.316572189331055,courtroom,5,were
2,floor were,10.268019676208496,courtroom,5,were
4,off the floor were,11.056171417236328,courtroom,5,were
1,floor,10.450469970703125,courtroom,4,floor
2,the floor,5.81513786315918,courtroom,4,floor
4,high off the floor,6.034064292907715,courtroom,4,floor
1,high,11.419182777404785,courtroom,1,high
2,How high,5.977163314819336,courtroom,1,high
1,it,10.897254943847656,courtroom,3,it
2,"that, it",5.304666519165039,courtroom,3,it
4,"Other than that, it",4.538272857666016,courtroom,3,it
1,than,11.535079956054688,courtroom,1,than
2,Other than,8.685203552246094,courtroom,1,than
1,inside,11.155008316040039,courtroom,5,inside
2,was inside,4.8550944328308105,courtroom,5,inside
4,"that, it was inside",5.973267555236816,courtroom,5,inside
1,"that,",7.383519172668457,courtroom,4,"that,"
2,"of that,",8.357157707214355,courtroom,4,"that,"
4,"too sure of that,",7.008554458618164,courtroom,4,"that,"
1,of,12.024920463562012,courtroom,3,of
2,sure of,10.31294059753418,courtroom,3,of
4,Not too sure of,6.276583194732666,courtroom,3,of
1,sure,10.030720710754395,courtroom,2,sure
2,too sure,6.340909004211426,courtroom,2,sure
1,in,11.458725929260254,courtroom,5,in
2,went in,8.557726860046387,courtroom,5,in
4,I never went in,6.1606011390686035,courtroom,5,in
1,"said,",5.970453262329102,courtroom,1,"said,"
2,"I said,",3.5209577083587646,courtroom,1,"said,"
1,went,10.454033851623535,courtroom,4,went
2,never went,5.9461188316345215,courtroom,4,went
4,"said, I never went",4.10060453414917,courtroom,4,went
1,place,10.633182525634766,courtroom,5,place
2,a place,4.802734375,courtroom,5,place
4,pointed to a place,5.190803527832031,courtroom,5,place
1,you,10.660537719726562,courtroom,1,you
2,"Now, you",5.117754936218262,courtroom,1,you
1,pointed,10.971976280212402,courtroom,2,pointed
2,you pointed,3.5474908351898193,courtroom,2,pointed
1,empty,10.810466766357422,courtroom,5,empty
2,for empty,10.053511619567871,courtroom,5,empty
4,was used for empty,10.504539489746094,courtroom,5,empty
1,used,10.730368614196777,courtroom,3,used
2,was used,4.258431911468506,courtroom,3,used
4,The Dumpster was used,3.7849481105804443,courtroom,3,used
1,for,11.576336860656738,courtroom,4,for
2,used for,11.050745010375977,courtroom,4,for
4,Dumpster was used for,9.967611312866211,courtroom,4,for
1,think,9.863617897033691,courtroom,1,think
2,I think,5.887979984283447,courtroom,1,think
1,maybe,10.3660888671875,courtroom,2,maybe
2,think maybe,6.587320327758789,courtroom,2,maybe
1,not,10.92558479309082,courtroom,4,not
2,I'm not,6.414231300354004,courtroom,4,not
4,think maybe I'm not,7.3823394775390625,courtroom,4,not
1,going,10.563369750976562,courtroom,1,going
2,I'm going,1.0406122207641602,courtroom,1,going
1,you,10.660537719726562,courtroom,4,you
2,show you,7.076379299163818,courtroom,4,you
4,going to show you,6.406648635864258,courtroom,4,you
1,to,11.301959037780762,courtroom,2,to
2,going to,9.507628440856934,courtroom,2,to
1,may,10.549492835998535,courtroom,1,may
2,I may,6.110759735107422,courtroom,1,may
1,been,10.934855461120605,courtroom,3,been
2,have been,10.350520133972168,courtroom,3,been
4,I may have been,9.365022659301758,courtroom,3,been
1,have,10.692431449890137,courtroom,2,have
2,may have,8.332440376281738,courtroom,2,have
1,you,10.660537719726562,courtroom,2,you
2,if you,6.188261985778809,courtroom,2,you
1,that,10.947566986083984,courtroom,5,that
2,at that,9.758613586425781,courtroom,5,that
4,you looked at that,9.371356010437012,courtroom,5,that
1,if,11.083032608032227,courtroom,1,if
2,"building, if",5.855250835418701,courtroom,1,if
1,8,10.345931053161621,courtroom,5,8
2,No. 8,8.610029220581055,courtroom,5,8
4,Nadeau Exhibit No. 8,8.062688827514648,courtroom,5,8
1,J.,11.209486961364746,courtroom,1,J.
2,"(Whereupon, J.",9.655040740966797,courtroom,1,J.
1,Exhibit,7.8455915451049805,courtroom,3,Exhibit
2,Nadeau Exhibit,8.262836456298828,courtroom,3,Exhibit
4,"(Whereupon, J. Nadeau Exhibit",7.117916584014893,courtroom,3,Exhibit
1,were,11.316572189331055,courtroom,1,were
2,station were,10.140807151794434,courtroom,1,were
1,a,11.316549301147461,courtroom,2,a
2,were a,9.249530792236328,courtroom,2,a
1,of,12.024920463562012,courtroom,5,of
2,type of,12.314348220825195,courtroom,5,of
4,a different type of,12.484685897827148,courtroom,5,of
1,of,12.024920463562012,courtroom,2,of
2,books of,11.109004974365234,courtroom,2,of
1,of,12.024920463562012,courtroom,5,of
2,keeping of,10.686564445495605,courtroom,5,of
4,"of account, keeping of",8.143423080444336,courtroom,5,of
1,books,9.568881034851074,courtroom,1,books
2,the books,6.671809196472168,courtroom,1,books
1,does,9.734188079833984,courtroom,1,does
2,And does,5.932773590087891,courtroom,1,does
1,in,11.458725929260254,courtroom,5,in
2,point in,9.112329483032227,courtroom,5,in
4,the arrow point in,5.151403427124023,courtroom,5,in
1,point,10.532609939575195,courtroom,4,point
2,arrow point,6.950794219970703,courtroom,4,point
4,does the arrow point,7.40497350692749,courtroom,4,point
1,do,10.671449661254883,courtroom,1,do
2,And do,4.727569103240967,courtroom,1,do
1,you,10.660537719726562,courtroom,2,you
2,do you,5.67453145980835,courtroom,2,you
1,as,11.068653106689453,courtroom,5,as
2,that as,8.290504455566406,courtroom,5,as
4,you recognize that as,6.234828472137451,courtroom,5,as
1,thinking,10.398240089416504,courtroom,1,thinking
2,I'm thinking,4.898982048034668,courtroom,1,thinking
1,this,10.959673881530762,courtroom,5,this
2,in this,9.135798454284668,courtroom,5,this
4,it was in this,9.55955982208252,courtroom,5,this
1,it,10.897254943847656,courtroom,2,it
2,thinking it,6.215598106384277,courtroom,2,it
1,I'm,7.25425910949707,courtroom,2,I'm
2,"Nadeau, I'm",7.615772724151611,courtroom,2,I'm
1,"Nadeau,",10.122615814208984,courtroom,1,"Nadeau,"
2,"Mr. Nadeau,",7.491036415100098,courtroom,1,"Nadeau,"
1,and,11.574933052062988,courtroom,5,and
2,Baroni and,10.491432189941406,courtroom,5,and
4,I'm Megan Baroni and,4.985022068023682,courtroom,5,and
1,different,11.98682975769043,courtroom,3,different
2,a different,9.673894882202148,courtroom,3,different
4,And that's a different,7.533249855041504,courtroom,3,different
1,that's,6.693538665771484,courtroom,1,that's
2,And that's,6.363678932189941,courtroom,1,that's
1,a,11.316549301147461,courtroom,2,a
2,that's a,9.055657386779785,courtroom,2,a
1,you,10.660537719726562,courtroom,1,you
2,Do you,5.721115589141846,courtroom,1,you
1,how,10.923521041870117,courtroom,4,how
2,about how,7.21442985534668,courtroom,4,how
4,you remember about how,8.176608085632324,courtroom,4,how
1,remember,9.751459121704102,courtroom,2,remember
2,you remember,6.299363136291504,courtroom,2,remember
1,the,12.734390258789062,courtroom,3,the
2,remember the,11.96522331237793,courtroom,3,the
4,I don't remember the,7.603988170623779,courtroom,3,the
1,don't,7.345463752746582,courtroom,1,don't
2,I don't,4.23712158203125,courtroom,1,don't
1,"""A""",10.659225463867188,courtroom,4,"""A"""
2,"the ""A""",10.371938705444336,courtroom,4,"""A"""
4,"don't remember the ""A""",8.592586517333984,courtroom,4,"""A"""
1,"today,",10.484688758850098,courtroom,3,"today,"
2,"earlier today,",9.07335376739502,courtroom,3,"today,"
4,"you gave earlier today,",7.124294281005859,courtroom,3,"today,"
1,that,10.947566986083984,courtroom,5,that
2,is that,9.734794616699219,courtroom,5,that
4,"earlier today, is that",9.133920669555664,courtroom,5,that
1,earlier,8.8243408203125,courtroom,2,earlier
2,gave earlier,4.765751838684082,courtroom,2,earlier
1,"each,",10.949565887451172,courtroom,4,"each,"
2,"gallons each,",8.66525650024414,courtroom,4,"each,"
4,"thousands of gallons each,",8.19631290435791,courtroom,4,"each,"
1,gallons,7.466855049133301,courtroom,3,gallons
2,of gallons,3.6613996028900146,courtroom,3,gallons
4,holding thousands of gallons,1.1267746686935425,courtroom,3,gallons
1,thousands,3.4509029388427734,courtroom,1,thousands
2,holding thousands,1.1427338123321533,courtroom,1,thousands
1,this,10.959673881530762,twitch,2,this
2,is this,9.967951774597168,twitch,2,this
1,is,11.129858016967773,twitch,1,is
2,"Wait, is",4.469918727874756,twitch,1,is
1,one,10.6817045211792,twitch,3,one
2,this one,7.594642639160156,twitch,3,one
4,"Wait, is this one",7.40737771987915,twitch,3,one
1,of,12.024920463562012,twitch,5,of
2,kind of,11.920049667358398,twitch,5,of
4,know it's kind of,7.910390377044678,twitch,5,of
1,know,10.400792121887207,twitch,2,know
2,don't know,5.081944465637207,twitch,2,know
1,it's,9.313949584960938,twitch,3,it's
2,know it's,8.520004272460938,twitch,3,it's
4,I don't know it's,7.949377536773682,twitch,3,it's
1,"weak,",11.994664192199707,twitch,5,"weak,"
2,"you're weak,",7.421011447906494,twitch,5,"weak,"
4,"it's because you're weak,",6.961631774902344,twitch,5,"weak,"
1,think,9.863617897033691,twitch,1,think
2,I think,5.887979984283447,twitch,1,think
1,you're,7.940345764160156,twitch,4,you're
2,because you're,8.353449821472168,twitch,4,you're
4,think it's because you're,8.426901817321777,twitch,4,you're
1,good,10.838345527648926,twitch,4,good
2,a good,9.664921760559082,twitch,4,good
4,would be a good,6.714972019195557,twitch,4,good
1,one.,9.101730346679688,twitch,5,one.
2,good one.,7.4160237312316895,twitch,5,one.
4,be a good one.,7.055642604827881,twitch,5,one.
1,be,11.872392654418945,twitch,2,be
2,would be,9.17898941040039,twitch,2,be
1,coming,10.756954193115234,twitch,2,coming
2,I'm coming,5.083137035369873,twitch,2,coming
1,I'm,7.25425910949707,twitch,1,I'm
2,Oh I'm,6.752786159515381,twitch,1,I'm
1,hear,10.831530570983887,twitch,4,hear
2,I hear,6.860929489135742,twitch,4,hear
4,I'm coming I hear,5.493685722351074,twitch,4,hear
1,"you,",9.85675048828125,twitch,4,"you,"
2,"got you,",10.654189109802246,twitch,4,"you,"
4,"got you, got you,",3.8521201610565186,twitch,4,"you,"
1,got,11.186014175415039,twitch,5,got
2,"you, got",7.4128313064575195,twitch,5,got
4,"you, got you, got",3.87371563911438,twitch,5,got
1,got,11.186014175415039,twitch,1,got
2,"Oh, got",5.312784671783447,twitch,1,got
1,a,11.316549301147461,twitch,2,a
2,got a,10.395454406738281,twitch,2,a
1,B,11.827631950378418,twitch,4,B
2,full B,9.999844551086426,twitch,4,B
4,got a full B,9.648210525512695,twitch,4,B
1,got,11.186014175415039,twitch,1,got
2,I got,7.47769021987915,twitch,1,got
1,a,11.316549301147461,twitch,1,a
2,That's a,8.631867408752441,twitch,1,a
1,bit,11.3079252243042,twitch,3,bit
2,little bit,6.142994403839111,twitch,3,bit
4,That's a little bit,5.8592987060546875,twitch,3,bit
1,of,12.024920463562012,twitch,4,of
2,bit of,10.565462112426758,twitch,4,of
4,a little bit of,11.199909210205078,twitch,4,of
1,let's,12.534488677978516,twitch,1,let's
2,yeah let's,6.374512195587158,twitch,1,let's
1,go,10.900910377502441,twitch,2,go
2,let's go,6.580212593078613,twitch,2,go
1,let's,12.534488677978516,twitch,4,let's
2,east let's,7.356205940246582,twitch,4,let's
4,let's go east let's,5.771180152893066,twitch,4,let's
1,a,11.316549301147461,twitch,3,a
2,do a,10.60631275177002,twitch,3,a
4,Was gonna do a,10.864982604980469,twitch,3,a
1,do,10.671449661254883,twitch,2,do
2,gonna do,6.799344062805176,twitch,2,do
1,gonna,9.22776985168457,twitch,1,gonna
2,Was gonna,6.116368770599365,twitch,1,gonna
1,it's,9.313949584960938,twitch,2,it's
2,think it's,7.924493312835693,twitch,2,it's
1,pretty,11.616284370422363,twitch,3,pretty
2,it's pretty,7.251689910888672,twitch,3,pretty
4,I think it's pretty,6.4780168533325195,twitch,3,pretty
1,think,9.863617897033691,twitch,1,think
2,I think,5.887979984283447,twitch,1,think
1,down,10.773820877075195,twitch,3,down
2,hold down,6.853549480438232,twitch,3,down
4,it's a hold down,7.60230827331543,twitch,3,down
1,click,10.52001953125,twitch,5,click
2,left click,6.9863362312316895,twitch,5,click
4,hold down left click,5.597258567810059,twitch,5,click
1,a,11.316549301147461,twitch,1,a
2,it's a,10.077677726745605,twitch,1,a
1,A,11.72530746459961,twitch,3,A
2,an A,10.578455924987793,twitch,3,A
4,I see an A,8.64045524597168,twitch,3,A
1,see,10.684712409973145,twitch,1,see
2,I see,7.055421829223633,twitch,1,see
1,an,11.774314880371094,twitch,2,an
2,see an,7.9966559410095215,twitch,2,an
1,can,10.825804710388184,twitch,3,can
2,we can,7.198447227478027,twitch,3,can
4,We're fine we can,6.505464553833008,twitch,3,can
1,at,11.502521514892578,twitch,5,at
2,still at,7.347902774810791,twitch,5,at
4,we can still at,1.4294942617416382,twitch,5,at
1,still,10.723008155822754,twitch,4,still
2,can still,7.154306411743164,twitch,4,still
4,fine we can still,8.085598945617676,twitch,4,still
1,about,11.107869148254395,twitch,3,about
2,not about,9.757134437561035,twitch,3,about
4,This is not about,10.393531799316406,twitch,3,about
1,is,11.129858016967773,twitch,1,is
2,This is,6.711753845214844,twitch,1,is
1,not,10.92558479309082,twitch,2,not
2,is not,9.08083438873291,twitch,2,not
1,some,11.931933403015137,twitch,5,some
2,for some,7.189457893371582,twitch,5,some
4,It's baiting for some,7.382584095001221,twitch,5,some
1,baiting,8.824494361877441,twitch,3,baiting
2,It's baiting,6.470746040344238,twitch,3,baiting
4,It's baiting. It's baiting,6.072015285491943,twitch,3,baiting
1,baiting.,7.648001670837402,twitch,1,baiting.
2,It's baiting.,5.879815101623535,twitch,1,baiting.
1,what,10.599081993103027,twitch,3,what
2,that's what,6.357784271240234,twitch,3,what
4,Don't ask that's what,5.794929504394531,twitch,3,what
1,fucking,6.474433422088623,twitch,5,fucking
2,you fucking,10.353487968444824,twitch,5,fucking
4,that's what you fucking,5.687016487121582,twitch,5,fucking
1,you,10.660537719726562,twitch,4,you
2,what you,5.827417373657227,twitch,4,you
4,ask that's what you,5.0446696281433105,twitch,4,you
1,away!,7.7095627784729,twitch,3,away!
2,getting away!,7.976855278015137,twitch,3,away!
4,"Oh, he's getting away!",7.2634735107421875,twitch,3,away!
1,getting,10.920502662658691,twitch,2,getting
2,he's getting,8.322145462036133,twitch,2,getting
1,He's,7.931446075439453,twitch,4,He's
2,away! He's,8.453160285949707,twitch,4,He's
4,he's getting away! He's,7.558099269866943,twitch,4,He's
1,that,10.947566986083984,twitch,5,that
2,what that,6.641568660736084,twitch,5,that
4,even know what that,3.2085041999816895,twitch,5,that
1,even,11.04362964630127,twitch,2,even
2,don't even,6.241729736328125,twitch,2,even
1,don't,7.345463752746582,twitch,1,don't
2,I don't,4.23712158203125,twitch,1,don't
1,you,10.660537719726562,twitch,2,you
2,did you,7.061986446380615,twitch,2,you
1,these,11.89498519897461,twitch,4,these
2,call these,10.33340072631836,twitch,4,these
4,did you call these,9.730910301208496,twitch,4,these
1,little,11.699698448181152,twitch,5,little
2,these little,11.012884140014648,twitch,5,little
4,you call these little,10.649625778198242,twitch,5,little
1,that,10.947566986083984,twitch,5,that
2,what that,6.641568660736084,twitch,5,that
4,even know what that,3.2085041999816895,twitch,5,that
1,even,11.04362964630127,twitch,2,even
2,don't even,6.241729736328125,twitch,2,even
1,don't,7.345463752746582,twitch,1,don't
2,I don't,4.23712158203125,twitch,1,don't
1,above,10.351202964782715,twitch,3,above
2,up above,6.0845513343811035,twitch,3,above
4,It's somewhere up above,6.800382614135742,twitch,3,above
1,somewhere,6.299148082733154,twitch,1,somewhere
2,It's somewhere,4.6862921714782715,twitch,1,somewhere
1,"me,",10.894597053527832,twitch,4,"me,"
2,"above me,",9.48521614074707,twitch,4,"me,"
4,"somewhere up above me,",8.446723937988281,twitch,4,"me,"
1,digging,9.347833633422852,twitch,5,digging
2,up digging,7.418954849243164,twitch,5,digging
4,"digging it, up digging",5.967798233032227,twitch,5,digging
1,digging,9.347833633422852,twitch,2,digging
2,"it, digging",6.457984924316406,twitch,2,digging
1,"it,",11.110934257507324,twitch,1,"it,"
2,"Digging it,",8.261002540588379,twitch,1,"it,"
1,real,11.489548683166504,twitch,5,real
2,map real,7.412229061126709,twitch,5,real
4,are on map real,5.87188720703125,twitch,5,real
1,are,11.507725715637207,twitch,2,are
2,we are,9.029977798461914,twitch,2,are
1,map,10.581953048706055,twitch,4,map
2,on map,8.241192817687988,twitch,4,map
4,we are on map,6.709081172943115,twitch,4,map
1,behind,11.124430656433105,twitch,2,behind
2,right behind,6.813018798828125,twitch,2,behind
1,his,12.49317741394043,twitch,3,his
2,behind his,10.791269302368164,twitch,3,his
4,he's right behind his,8.665916442871094,twitch,3,his
1,right,10.864727020263672,twitch,1,right
2,he's right,5.680227279663086,twitch,1,right
1,"gang,",10.34642505645752,twitch,2,"gang,"
2,"gang, gang,",5.730205535888672,twitch,2,"gang,"
1,"gang,",10.34642505645752,twitch,5,"gang,"
2,"gang, gang,",5.730205535888672,twitch,5,"gang,"
4,"gang, gang, gang, gang,",1.7806684970855713,twitch,5,"gang,"
1,"gang,",10.34642505645752,twitch,3,"gang,"
2,"gang, gang,",5.730205535888672,twitch,3,"gang,"
4,"gang, gang, gang, gang,",1.7806684970855713,twitch,3,"gang,"
1,you,10.660537719726562,twitch,5,you
2,before you,7.7667741775512695,twitch,5,you
4,a hug before you,8.462762832641602,twitch,5,you
1,me,10.572490692138672,twitch,1,me
2,Give me,6.6147990226745605,twitch,1,me
1,a,11.316549301147461,twitch,2,a
2,me a,11.718503952026367,twitch,2,a
1,I,11.117331504821777,twitch,3,I
2,"God, I",6.932767868041992,twitch,3,I
4,"Oh my God, I",5.432788372039795,twitch,3,I
1,know,10.400792121887207,twitch,4,know
2,I know,5.813540458679199,twitch,4,know
4,"my God, I know",5.57319450378418,twitch,4,know
1,that,10.947566986083984,twitch,5,that
2,know that,8.240163803100586,twitch,5,that
4,"God, I know that",6.216741561889648,twitch,5,that
1,over,11.29223346710205,twitch,5,over
2,jump over,6.688590049743652,twitch,5,over
4,see just jump over,5.303441524505615,twitch,5,over
1,jump,10.585811614990234,twitch,4,jump
2,just jump,6.044510841369629,twitch,4,jump
4,just see just jump,7.123703956604004,twitch,4,jump
1,just,11.214090347290039,twitch,1,just
2,I just,6.858152866363525,twitch,1,just
1,you,10.660537719726562,twitch,1,you
2,Are you,8.059492111206055,twitch,1,you
1,increase,7.855007648468018,twitch,4,increase
2,to increase,6.730426788330078,twitch,4,increase
4,you going to increase,5.564736366271973,twitch,4,increase
1,going,10.563369750976562,twitch,2,going
2,you going,1.884015679359436,twitch,2,going
1,full,11.391563415527344,twitch,2,full
2,there's full,9.816757202148438,twitch,2,full
1,that's,6.693538665771484,twitch,5,that's
2,ever that's,7.728494167327881,twitch,5,that's
4,full before ever that's,7.145332336425781,twitch,5,that's
1,ever,10.817558288574219,twitch,4,ever
2,before ever,7.132119178771973,twitch,4,ever
4,there's full before ever,8.992202758789062,twitch,4,ever
1,to,11.301959037780762,twitch,2,to
2,about to,8.596821784973145,twitch,2,to
1,see,10.684712409973145,twitch,3,see
2,to see,6.500743865966797,twitch,3,see
4,I'm about to see,6.841329574584961,twitch,3,see
1,I,11.117331504821777,twitch,4,I
2,see I,8.0148344039917,twitch,4,I
4,about to see I,7.18818473815918,twitch,4,I
1,like,11.612746238708496,twitch,5,like
2,It's like,8.136431694030762,twitch,5,like
4,this guy. It's like,7.321165561676025,twitch,5,like
1,guy.,8.794523239135742,twitch,3,guy.
2,this guy.,7.81588077545166,twitch,3,guy.
4,Look at this guy.,5.487922668457031,twitch,3,guy.
1,this,10.959673881530762,twitch,2,this
2,at this,10.199748992919922,twitch,2,this
1,get,11.412823677062988,twitch,2,get
2,banned get,9.582417488098145,twitch,2,get
1,get,11.412823677062988,twitch,5,get
2,boy get,8.857295989990234,twitch,5,get
4,get a boy get,5.90782356262207,twitch,5,get
1,banned,7.796224117279053,twitch,1,banned
2,We're banned,3.2920169830322266,twitch,1,banned
1,animal,11.384354591369629,twitch,4,animal
2,any animal,7.628959655761719,twitch,4,animal
4,you have any animal,8.78189468383789,twitch,4,animal
1,have,10.692431449890137,twitch,2,have
2,you have,7.3626508712768555,twitch,2,have
1,any,11.360147476196289,twitch,3,any
2,have any,9.952287673950195,twitch,3,any
4,Do you have any,8.374375343322754,twitch,3,any
1,as,11.068653106689453,twitch,2,as
2,wiggling as,5.892756462097168,twitch,2,as
1,as,11.068653106689453,twitch,4,as
2,fast as,7.345066547393799,twitch,4,as
4,wiggling as fast as,5.185149669647217,twitch,4,as
1,wiggling,9.245216369628906,twitch,1,wiggling
2,I'm wiggling,3.4959630966186523,twitch,1,wiggling
1,be,11.872392654418945,twitch,1,be
2,Gotta be,8.73416519165039,twitch,1,be
1,"that,",7.383519172668457,twitch,4,"that,"
2,"than that,",8.623245239257812,twitch,4,"that,"
4,"be quicker than that,",6.6583991050720215,twitch,4,"that,"
1,than,11.535079956054688,twitch,3,than
2,quicker than,8.293903350830078,twitch,3,than
4,Gotta be quicker than,6.420086860656738,twitch,3,than
1,not,10.92558479309082,twitch,4,not
2,hand not,9.479108810424805,twitch,4,not
4,is your hand not,6.934433460235596,twitch,4,not
1,is,11.129858016967773,twitch,1,is
2,Why is,7.274154186248779,twitch,1,is
1,going,10.563369750976562,twitch,5,going
2,not going,1.5066359043121338,twitch,5,going
4,your hand not going,4.553713798522949,twitch,5,going
1,to,11.301959037780762,twitch,3,to
2,you to,9.09115982055664,twitch,3,to
4,I need you to,7.997451305389404,twitch,3,to
1,kill,10.769107818603516,twitch,4,kill
2,to kill,7.459692478179932,twitch,4,kill
4,need you to kill,6.482107639312744,twitch,4,kill
1,me,10.572490692138672,twitch,5,me
2,kill me,6.446919918060303,twitch,5,me
4,you to kill me,6.366166591644287,twitch,5,me
1,of,12.024920463562012,twitch,5,of
2,front of,6.778158187866211,twitch,5,of
4,him in front of,6.178005695343018,twitch,5,of
1,him,11.09859561920166,twitch,2,him
2,see him,7.713222980499268,twitch,2,him
1,in,11.458725929260254,twitch,3,in
2,him in,9.049903869628906,twitch,3,in
4,I see him in,7.380345344543457,twitch,3,in
1,voodoo,9.614004135131836,twitch,3,voodoo
2,a voodoo,9.923964500427246,twitch,3,voodoo
4,I had a voodoo,7.40840482711792,twitch,3,voodoo
1,range,11.012231826782227,twitch,4,range
2,voodoo range,6.853575706481934,twitch,4,range
4,had a voodoo range,6.739137172698975,twitch,4,range
1,in,11.458725929260254,twitch,5,in
2,range in,10.511245727539062,twitch,5,in
4,a voodoo range in,10.495327949523926,twitch,5,in
1,the,12.734390258789062,twitch,5,the
2,into the,12.147523880004883,twitch,5,the
4,follow Rogue into the,10.884075164794922,twitch,5,the
1,into,11.359146118164062,twitch,4,into
2,Rogue into,8.675653457641602,twitch,4,into
4,we follow Rogue into,6.123295307159424,twitch,4,into
1,follow,10.518021583557129,twitch,2,follow
2,we follow,7.1694769859313965,twitch,2,follow
1,don't,7.345463752746582,twitch,1,don't
2,I don't,4.23712158203125,twitch,1,don't
1,"know,",8.246770858764648,twitch,2,"know,"
2,"don't know,",6.671835422515869,twitch,2,"know,"
1,did,10.002723693847656,twitch,3,did
2,"know, did",5.045412063598633,twitch,3,did
4,"I don't know, did",4.103958606719971,twitch,3,did
1,out,10.346115112304688,twitch,3,out
2,come out,6.492616653442383,twitch,3,out
4,You either come out,5.2599287033081055,twitch,3,out
1,with,11.736027717590332,twitch,4,with
2,out with,9.670833587646484,twitch,4,with
4,either come out with,8.350767135620117,twitch,4,with
1,either,10.89315414428711,twitch,1,either
2,You either,7.416179656982422,twitch,1,either
1,got,11.186014175415039,twitch,1,got
2,We got,6.964138507843018,twitch,1,got
1,we're,7.409038543701172,twitch,5,we're
2,"bees, we're",7.4824748039245605,twitch,5,we're
4,"sucked by bees, we're",8.709221839904785,twitch,5,we're
1,by,11.555146217346191,twitch,3,by
2,sucked by,10.055088996887207,twitch,3,by
4,We got sucked by,7.537302494049072,twitch,3,by
1,look,10.315814971923828,twitch,4,look
2,"here, look",4.885944366455078,twitch,4,look
4,"here, down here, look",4.968701362609863,twitch,4,look
1,at,11.502521514892578,twitch,5,at
2,look at,6.2171478271484375,twitch,5,at
4,"down here, look at",5.286956787109375,twitch,5,at
1,"here,",10.569401741027832,twitch,1,"here,"
2,"Down here,",9.213096618652344,twitch,1,"here,"
1,little,11.699698448181152,twitch,5,little
2,by little,10.65472412109375,twitch,5,little
4,almost devoured by little,9.312143325805664,twitch,5,little
1,were,11.316572189331055,twitch,1,were
2,We were,8.52927017211914,twitch,1,were
1,devoured,8.614850997924805,twitch,3,devoured
2,almost devoured,6.373437881469727,twitch,3,devoured
4,We were almost devoured,3.0868170261383057,twitch,3,devoured
1,and,11.574933052062988,twitch,5,and
2,over and,12.572949409484863,twitch,5,and
4,say it over and,3.686699867248535,twitch,5,and
1,over,11.29223346710205,twitch,4,over
2,it over,8.321905136108398,twitch,4,over
4,me say it over,3.7416083812713623,twitch,4,over
1,me,10.572490692138672,twitch,1,me
2,Let me,6.839850902557373,twitch,1,me
1,back,10.862462043762207,twitch,2,back
2,come back,4.733092308044434,twitch,2,back
1,quick,11.237932205200195,twitch,5,quick
2,some quick,10.257258415222168,twitch,5,quick
4,back for some quick,10.629304885864258,twitch,5,quick
1,some,11.931933403015137,twitch,4,some
2,for some,7.189457893371582,twitch,4,some
4,come back for some,9.984646797180176,twitch,4,some
1,this,10.959673881530762,twitch,4,this
2,right this,8.104042053222656,twitch,4,this
4,you say right this,5.6948041915893555,twitch,4,this
1,is,11.129858016967773,twitch,5,is
2,this is,7.515775203704834,twitch,5,is
4,say right this is,7.99365758895874,twitch,5,is
1,say,9.818024635314941,twitch,2,say
2,you say,6.436583995819092,twitch,2,say
1,another,11.492477416992188,twitch,2,another
2,there's another,10.045034408569336,twitch,2,another
1,there's,5.328185558319092,twitch,1,there's
2,"Wait, there's",5.506598472595215,twitch,1,there's
1,another,11.492477416992188,twitch,5,another
2,there's another,10.045034408569336,twitch,5,another
4,"another guy, there's another",4.205883979797363,twitch,5,another
1,here,9.959783554077148,twitch,4,here
2,"go, here",4.95720100402832,twitch,4,here
4,"here we go, here",3.665555477142334,twitch,4,here
1,here,9.959783554077148,twitch,1,here
2,"Okay, here",2.7509005069732666,twitch,1,here
1,"go,",10.951502799987793,twitch,3,"go,"
2,"we go,",8.380216598510742,twitch,3,"go,"
4,"Okay, here we go,",10.330026626586914,twitch,3,"go,"
1,"me,",10.894597053527832,twitch,4,"me,"
2,"Follow me,",9.952094078063965,twitch,4,"me,"
4,"just here. Follow me,",8.936325073242188,twitch,4,"me,"
1,Follow,9.830653190612793,twitch,3,Follow
2,here. Follow,7.239899635314941,twitch,3,Follow
4,"Oh, just here. Follow",3.4285755157470703,twitch,3,Follow
1,just,11.214090347290039,twitch,1,just
2,"Oh, just",7.975592613220215,twitch,1,just
1,chase,10.138700485229492,twitch,4,chase
2,"Trikes, chase",9.189285278320312,twitch,4,chase
4,"my god, Trikes, chase",6.231319427490234,twitch,4,chase
1,him,11.09859561920166,twitch,5,him
2,chase him,6.048031330108643,twitch,5,him
4,"god, Trikes, chase him",5.313154220581055,twitch,5,him
1,"god,",9.819499015808105,twitch,2,"god,"
2,"my god,",7.821787357330322,twitch,2,"god,"
1,"here,",10.569401741027832,twitch,5,"here,"
2,"from here,",8.640552520751953,twitch,5,"here,"
4,"to move from here,",7.24534797668457,twitch,5,"here,"
1,from,11.629947662353516,twitch,4,from
2,move from,10.416155815124512,twitch,4,from
4,got to move from,9.67386245727539,twitch,4,from
1,move,10.777840614318848,twitch,3,move
2,to move,6.48499059677124,twitch,3,move
4,We got to move,4.577502250671387,twitch,3,move
1,of,12.024920463562012,twitch,5,of
2,seven of,5.092747211456299,twitch,5,of
4,be like seven of,4.5812907218933105,twitch,5,of
1,be,11.872392654418945,twitch,2,be
2,to be,10.100297927856445,twitch,2,be
1,like,11.612746238708496,twitch,3,like
2,be like,7.948088645935059,twitch,3,like
4,lately to be like,8.429364204406738,twitch,3,like
1,rid,11.588068008422852,twitch,4,rid
2,get rid,0.6228962540626526,twitch,4,rid
4,do I get rid,0.1278129369020462,twitch,4,rid
1,do,10.671449661254883,twitch,1,do
2,How do,2.736572265625,twitch,1,do
1,of,12.024920463562012,twitch,5,of
2,rid of,10.822916030883789,twitch,5,of
4,I get rid of,7.653072834014893,twitch,5,of
1,he's,10.79698371887207,twitch,2,he's
2,think he's,8.205923080444336,twitch,2,he's
1,think,9.863617897033691,twitch,1,think
2,I think,5.887979984283447,twitch,1,think
1,be,11.872392654418945,twitch,5,be
2,might be,9.367895126342773,twitch,5,be
4,he's that might be,7.246007919311523,twitch,5,be
1,hey,10.663464546203613,twitch,4,hey
2,dino hey,8.453259468078613,twitch,4,hey
4,the small dino hey,7.617920875549316,twitch,4,hey
1,dino,9.064934730529785,twitch,3,dino
2,small dino,9.472379684448242,twitch,3,dino
4,over the small dino,9.756166458129883,twitch,3,dino
1,hold,10.308622360229492,twitch,5,hold
2,hey hold,6.38342809677124,twitch,5,hold
4,small dino hey hold,5.144852161407471,twitch,5,hold
1,very,11.771876335144043,twitch,2,very
2,eat very,7.427736759185791,twitch,2,very
1,fast,11.203383445739746,twitch,3,fast
2,very fast,7.385737419128418,twitch,3,fast
4,we eat very fast,4.829198837280273,twitch,3,fast
1,to,11.301959037780762,twitch,4,to
2,fast to,10.612105369567871,twitch,4,to
4,eat very fast to,9.443536758422852,twitch,4,to
1,a,11.316549301147461,twitch,3,a
2,was a,11.245882987976074,twitch,3,a
4,"Well, I was a",7.716343402862549,twitch,3,a
1,time,10.924384117126465,twitch,5,time
2,long time,7.389888763427734,twitch,5,time
4,was a long time,3.3935163021087646,twitch,5,time
1,was,10.896289825439453,twitch,2,was
2,I was,8.877824783325195,twitch,2,was
1,"pee,",10.690694808959961,twitch,3,"pee,"
2,"to pee,",8.54060173034668,twitch,3,"pee,"
4,"I have to pee,",7.17714262008667,twitch,3,"pee,"
1,to,11.301959037780762,twitch,2,to
2,have to,7.693484306335449,twitch,2,to
1,have,10.692431449890137,twitch,5,have
2,I have,7.546214580535889,twitch,5,have
4,"to pee, I have",6.369912147521973,twitch,5,have
1,getting,10.920502662658691,twitch,2,getting
2,I'm getting,8.004703521728516,twitch,2,getting
1,"wide,",10.81424331665039,twitch,3,"wide,"
2,"getting wide,",9.802114486694336,twitch,3,"wide,"
4,"Oh, I'm getting wide,",8.446290969848633,twitch,3,"wide,"
1,I'm,7.25425910949707,twitch,1,I'm
2,"Oh, I'm",6.610427379608154,twitch,1,I'm
1,of,12.024920463562012,twitch,1,of
2,All of,4.273913860321045,twitch,1,of
1,the,12.734390258789062,twitch,5,the
2,where the,12.527472496032715,twitch,5,the
4,the boys where the,11.239054679870605,twitch,5,the
1,where,11.376585006713867,twitch,4,where
2,boys where,7.862306594848633,twitch,4,where
4,of the boys where,6.375051975250244,twitch,4,where
1,I'm,7.25425910949707,twitch,4,I'm
2,boys I'm,9.049257278442383,twitch,4,I'm
4,up here boys I'm,7.411321640014648,twitch,4,I'm
1,here,9.959783554077148,twitch,2,here
2,up here,5.556390762329102,twitch,2,here
1,up,10.697288513183594,twitch,1,up
2,I'm up,5.699339389801025,twitch,1,up
1,you,10.660537719726562,twitch,5,you
2,that you,6.296186923980713,twitch,5,you
4,"god, is that you",6.825919151306152,twitch,5,you
1,that,10.947566986083984,twitch,4,that
2,is that,9.734794616699219,twitch,4,that
4,"my god, is that",8.177779197692871,twitch,4,that
1,my,12.444364547729492,twitch,1,my
2,Oh my,3.530229091644287,twitch,1,my
1,I'm,7.25425910949707,twitch,2,I'm
2,"me, I'm",7.80268669128418,twitch,2,I'm
1,to,11.301959037780762,twitch,4,to
2,trying to,8.693740844726562,twitch,4,to
4,"me, I'm trying to",7.923587322235107,twitch,4,to
1,trying,1.9951716661453247,twitch,3,trying
2,I'm trying,1.3820250034332275,twitch,3,trying
4,"Protect me, I'm trying",2.215813159942627,twitch,3,trying
1,would,10.050649642944336,twitch,1,would
2,That would,5.138123035430908,twitch,1,would
1,my,12.444364547729492,twitch,3,my
2,be my,10.450592041015625,twitch,3,my
4,That would be my,8.198590278625488,twitch,3,my
1,be,11.872392654418945,twitch,2,be
2,would be,9.17898941040039,twitch,2,be
1,"rar,",11.207402229309082,twitch,4,"rar,"
2,"rar, rar,",9.894475936889648,twitch,4,"rar,"
4,"raw, rar, rar, rar,",3.8247928619384766,twitch,4,"rar,"
1,"rar,",11.207402229309082,twitch,3,"rar,"
2,"rar, rar,",9.894475936889648,twitch,3,"rar,"
4,"Yeah, raw, rar, rar,",6.794469833374023,twitch,3,"rar,"
1,"rar,",11.207402229309082,twitch,5,"rar,"
2,"rar, rar,",9.894475936889648,twitch,5,"rar,"
4,"rar, rar, rar, rar,",3.4078330993652344,twitch,5,"rar,"
1,keeps,8.57397747039795,twitch,2,keeps
2,just keeps,8.109232902526855,twitch,2,keeps
1,eat,10.640091896057129,twitch,5,eat
2,me eat,8.08006763458252,twitch,5,eat
4,keeps making me eat,8.256209373474121,twitch,5,eat
1,me,10.572490692138672,twitch,4,me
2,making me,8.132373809814453,twitch,4,me
4,just keeps making me,7.687386512756348,twitch,4,me
1,best,11.61880111694336,twitch,3,best
2,the best,9.287226676940918,twitch,3,best
4,This is the best,9.072712898254395,twitch,3,best
1,the,12.734390258789062,twitch,2,the
2,is the,11.345335006713867,twitch,2,the
1,I've,6.024299621582031,twitch,5,I've
2,sense I've,5.976958751678467,twitch,5,I've
4,the best sense I've,2.607941150665283,twitch,5,I've
1,popping,8.803373336791992,twitch,1,popping
2,I'm popping,6.444194316864014,twitch,1,popping
1,a,11.316549301147461,twitch,3,a
2,open a,10.678874969482422,twitch,3,a
4,I'm popping open a,9.521724700927734,twitch,3,a
1,open,10.900903701782227,twitch,2,open
2,popping open,6.433891296386719,twitch,2,open
1,some,11.931933403015137,twitch,1,some
2,There's some,9.5897216796875,twitch,1,some
1,up,10.697288513183594,twitch,4,up
2,roads up,6.061689853668213,twitch,4,up
4,some gas roads up,5.100829601287842,twitch,4,up
1,the,12.734390258789062,twitch,5,the
2,up the,12.676187515258789,twitch,5,the
4,gas roads up the,8.76417350769043,twitch,5,the
1,that,10.947566986083984,twitch,5,that
2,eat that,10.593425750732422,twitch,5,that
4,able to eat that,9.491304397583008,twitch,5,that
1,able,11.176709175109863,twitch,2,able
2,wasn't able,0.35779058933258057,twitch,2,able
1,to,11.301959037780762,twitch,3,to
2,able to,10.220282554626465,twitch,3,to
4,I wasn't able to,7.604693412780762,twitch,3,to
1,you,10.660537719726562,twitch,5,you
2,of you,7.768048286437988,twitch,5,you
4,maxing out of you,6.949257850646973,twitch,5,you
1,out,10.346115112304688,twitch,3,out
2,maxing out,7.750584602355957,twitch,3,out
4,They are maxing out,5.166752815246582,twitch,3,out
1,maxing,9.456546783447266,twitch,2,maxing
2,are maxing,2.5008556842803955,twitch,2,maxing
1,chickens,8.215375900268555,twitch,3,chickens
2,chicken chickens,6.2728166580200195,twitch,3,chickens
4,These little chicken chickens,6.971647262573242,twitch,3,chickens
1,are,11.507725715637207,twitch,4,are
2,chickens are,10.29661750793457,twitch,4,are
4,little chicken chickens are,9.310595512390137,twitch,4,are
1,little,11.699698448181152,twitch,1,little
2,These little,11.098891258239746,twitch,1,little
1,I'm,7.25425910949707,twitch,5,I'm
2,"coming, I'm",7.961707592010498,twitch,5,I'm
4,"coming, I'm coming, I'm",3.396206855773926,twitch,5,I'm
1,"coming,",9.93675708770752,twitch,2,"coming,"
2,"I'm coming,",8.547797203063965,twitch,2,"coming,"
1,I'm,7.25425910949707,twitch,1,I'm
2,Alright I'm,6.61978816986084,twitch,1,I'm
1,around,10.504321098327637,twitch,5,around
2,monkey around,5.953929901123047,twitch,5,around
4,a little monkey around,6.149213790893555,twitch,5,around
1,monkey,10.332539558410645,twitch,4,monkey
2,little monkey,7.698950290679932,twitch,4,monkey
4,got a little monkey,8.209071159362793,twitch,4,monkey
1,little,11.699698448181152,twitch,3,little
2,a little,9.63410758972168,twitch,3,little
4,You got a little,9.20032024383545,twitch,3,little
1,to,11.301959037780762,twitch,2,to
2,going to,9.507628440856934,twitch,2,to
1,that,10.947566986083984,twitch,5,that
2,like that,9.032465934753418,twitch,5,that
4,to go like that,5.718660831451416,twitch,5,that
1,like,11.612746238708496,twitch,4,like
2,go like,7.528670787811279,twitch,4,like
4,going to go like,5.231682777404785,twitch,4,like
1,boys.,7.779790878295898,twitch,3,boys.
2,"today, boys.",7.902338027954102,twitch,3,boys.
4,"Done good today, boys.",7.155226230621338,twitch,3,boys.
1,good,10.838345527648926,twitch,1,good
2,Done good,7.720971584320068,twitch,1,good
1,Done,10.456740379333496,twitch,4,Done
2,boys. Done,6.878093719482422,twitch,4,Done
4,"good today, boys. Done",6.626532554626465,twitch,4,Done
1,now,10.869876861572266,twitch,5,now
2,and now,8.908403396606445,twitch,5,now
4,a kid and now,6.983649730682373,twitch,5,now
1,kid,11.237918853759766,twitch,3,kid
2,a kid,6.874766826629639,twitch,3,kid
4,that as a kid,3.63275146484375,twitch,3,kid
1,a,11.316549301147461,twitch,2,a
2,as a,11.984554290771484,twitch,2,a
1,just,11.214090347290039,twitch,3,just
2,it just,8.893082618713379,twitch,3,just
4,Just make it just,6.8247270584106445,twitch,3,just
1,manage,10.129732131958008,twitch,4,manage
2,just manage,4.560229778289795,twitch,4,manage
4,make it just manage,7.172698497772217,twitch,4,manage
1,it,10.897254943847656,twitch,2,it
2,make it,8.202009201049805,twitch,2,it
1,not,10.92558479309082,twitch,2,not
2,was not,9.121697425842285,twitch,2,not
1,peanut.,8.005244255065918,twitch,3,peanut.
2,not peanut.,7.601777076721191,twitch,3,peanut.
4,That was not peanut.,5.597085952758789,twitch,3,peanut.
1,was,10.896289825439453,twitch,1,was
2,That was,7.756771087646484,twitch,1,was
1,ass.,8.34425163269043,twitch,4,ass.
2,guy's ass.,7.314472675323486,twitch,4,ass.
4,in this guy's ass.,7.307711601257324,twitch,4,ass.
1,in,11.458725929260254,twitch,1,in
2,Deep in,6.719667911529541,twitch,1,in
1,this,10.959673881530762,twitch,2,this
2,in this,9.135798454284668,twitch,2,this
1,chosen,9.459734916687012,twitch,4,chosen
2,I'm chosen,4.954156398773193,twitch,4,chosen
4,chosen to I'm chosen,5.3852081298828125,twitch,4,chosen
1,to,11.301959037780762,twitch,5,to
2,chosen to,9.20088005065918,twitch,5,to
4,to I'm chosen to,6.938825607299805,twitch,5,to
1,to,11.301959037780762,twitch,2,to
2,chosen to,9.20088005065918,twitch,2,to
1,what's,6.277798175811768,twitch,2,what's
2,"oh, what's",5.10560941696167,twitch,2,what's
1,"oh,",10.398395538330078,twitch,1,"oh,"
2,"Oh, oh,",4.2094035148620605,twitch,1,"oh,"
1,up,10.697288513183594,twitch,3,up
2,what's up,5.5403618812561035,twitch,3,up
4,"Oh, oh, what's up",4.71503210067749,twitch,3,up
1,"No,",6.95297384262085,twitch,3,"No,"
2,"day. No,",6.5059990882873535,twitch,3,"No,"
4,"seconds a day. No,",6.582723617553711,twitch,3,"No,"
1,I,11.117331504821777,twitch,4,I
2,"No, I",5.294159889221191,twitch,4,I
4,"a day. No, I",5.118887901306152,twitch,4,I
1,day.,7.733788013458252,twitch,2,day.
2,a day.,7.089883327484131,twitch,2,day.
1,you,10.660537719726562,twitch,1,you
2,Don't you,5.216153621673584,twitch,1,you
1,farming.,7.7246503829956055,twitch,5,farming.
2,oral farming.,6.7220001220703125,twitch,5,farming.
4,worry. We're oral farming.,5.656844139099121,twitch,5,farming.
1,oral,11.041536331176758,twitch,4,oral
2,We're oral,8.528854370117188,twitch,4,oral
4,you worry. We're oral,7.513945579528809,twitch,4,oral
1,down,10.773820877075195,twitch,5,down
2,already down,6.751927852630615,twitch,5,down
4,"go, I'm already down",4.568816184997559,twitch,5,down
1,I'm,7.25425910949707,twitch,3,I'm
2,"go, I'm",7.665897369384766,twitch,3,I'm
4,"Nick, you go, I'm",6.46466064453125,twitch,3,I'm
1,you,10.660537719726562,twitch,1,you
2,"Nick, you",6.587277412414551,twitch,1,you
1,say,9.818024635314941,twitch,4,say
2,to say,5.430280685424805,twitch,4,say
4,guys have to say,6.035238742828369,twitch,4,say
1,guys,9.345287322998047,twitch,1,guys
2,You guys,7.104531764984131,twitch,1,guys
1,about,11.107869148254395,twitch,5,about
2,say about,7.828178882598877,twitch,5,about
4,have to say about,7.435573577880859,twitch,5,about
1,right,10.864727020263672,twitch,5,right
2,this right,7.611537456512451,twitch,5,right
4,"know, what's this right",4.540355205535889,twitch,5,right
1,this,10.959673881530762,twitch,4,this
2,what's this,8.321484565734863,twitch,4,this
4,"you know, what's this",8.1167631149292,twitch,4,this
1,what's,6.277798175811768,twitch,3,what's
2,"know, what's",5.817605495452881,twitch,3,what's
4,"What you know, what's",6.894392967224121,twitch,3,what's
1,likes,7.704787731170654,twitch,1,likes
2,He likes,5.540761947631836,twitch,1,likes
1,to,11.301959037780762,twitch,2,to
2,likes to,10.05010986328125,twitch,2,to
1,have,10.692431449890137,twitch,3,have
2,to have,8.26603889465332,twitch,3,have
4,He likes to have,7.239207744598389,twitch,3,have
1,we,11.5739107131958,twitch,4,we
2,while we,7.744630813598633,twitch,4,we
4,pushed me while we,5.227996349334717,twitch,4,we
1,while,11.235438346862793,twitch,3,while
2,me while,8.618083953857422,twitch,3,while
4,You pushed me while,4.311108112335205,twitch,3,while
1,me,10.572490692138672,twitch,2,me
2,pushed me,5.412341594696045,twitch,2,me
1,one,10.6817045211792,twitch,4,one
2,killing one,6.481363296508789,twitch,4,one
4,that guy's killing one,5.647867202758789,twitch,4,one
1,of,12.024920463562012,twitch,5,of
2,one of,5.783963203430176,twitch,5,of
4,guy's killing one of,4.703998565673828,twitch,5,of
1,that,10.947566986083984,twitch,1,that
2,"Oh, that",4.519554138183594,twitch,1,that
1,we,11.5739107131958,twitch,1,we
2,Because we,6.620218276977539,twitch,1,we
1,some,11.931933403015137,twitch,5,some
2,get some,10.582914352416992,twitch,5,some
4,got let's get some,10.440093994140625,twitch,5,some
1,get,11.412823677062988,twitch,4,get
2,let's get,9.273835182189941,twitch,4,get
4,we got let's get,6.790534019470215,twitch,4,get
1,"god,",9.819499015808105,twitch,2,"god,"
2,"my god,",7.821787357330322,twitch,2,"god,"
1,I,11.117331504821777,twitch,3,I
2,"god, I",7.24846887588501,twitch,3,I
4,"Oh my god, I",5.348637580871582,twitch,3,I
1,my,12.444364547729492,twitch,1,my
2,Oh my,3.530229091644287,twitch,1,my
1,not,10.92558479309082,twitch,1,not
2,let's not,8.182756423950195,twitch,1,not
1,dunk,9.01244831085205,twitch,3,dunk
2,just dunk,6.861294269561768,twitch,3,dunk
4,let's not just dunk,1.047438383102417,twitch,3,dunk
1,at,11.502521514892578,twitch,4,at
2,dunk at,9.264994621276855,twitch,4,at
4,not just dunk at,6.110535144805908,twitch,4,at
1,kill,10.769107818603516,twitch,4,kill
2,gonna kill,6.408628463745117,twitch,4,kill
4,said you're gonna kill,5.1781005859375,twitch,4,kill
1,gonna,9.22776985168457,twitch,3,gonna
2,you're gonna,6.631675720214844,twitch,3,gonna
4,I said you're gonna,6.806671142578125,twitch,3,gonna
1,you're,7.940345764160156,twitch,2,you're
2,said you're,7.680753231048584,twitch,2,you're
1,little,11.699698448181152,twitch,3,little
2,a little,9.63410758972168,twitch,3,little
4,This is a little,8.444165229797363,twitch,3,little
1,guy,10.258659362792969,twitch,4,guy
2,little guy,5.710942268371582,twitch,4,guy
4,is a little guy,4.937645435333252,twitch,4,guy
1,with,11.736027717590332,twitch,5,with
2,guy with,8.649942398071289,twitch,5,with
4,a little guy with,6.042838096618652,twitch,5,with
1,and,11.574933052062988,twitch,2,and
2,me and,11.439199447631836,twitch,2,and
1,me,10.572490692138672,twitch,1,me
2,"Oh, me",3.9846959114074707,twitch,1,me
1,his,12.49317741394043,twitch,3,his
2,and his,9.811264038085938,twitch,3,his
4,"Oh, me and his",8.416770935058594,twitch,3,his
1,"right,",11.24286937713623,twitch,1,"right,"
2,"All right,",7.5636396408081055,twitch,1,"right,"
1,go,10.900910377502441,twitch,2,go
2,"right, go",8.458051681518555,twitch,2,go
1,get,11.412823677062988,twitch,3,get
2,go get,8.774225234985352,twitch,3,get
4,"All right, go get",6.3320088386535645,twitch,3,get
1,this,10.959673881530762,twitch,2,this
2,"oh, this",7.9655537605285645,twitch,2,this
1,is,11.129858016967773,twitch,3,is
2,this is,7.515775203704834,twitch,3,is
4,"Wait, oh, this is",8.136897087097168,twitch,3,is
1,why?,7.686939239501953,twitch,4,why?
2,is why?,6.095353603363037,twitch,4,why?
4,"oh, this is why?",6.8415422439575195,twitch,4,why?
1,to,11.301959037780762,twitch,3,to
2,migrated to,7.089506149291992,twitch,3,to
4,It's really migrated to,9.006439208984375,twitch,3,to
1,fuck.,8.130281448364258,twitch,5,fuck.
2,like fuck.,7.673081398010254,twitch,5,fuck.
4,migrated to like fuck.,7.657135963439941,twitch,5,fuck.
1,really,11.044758796691895,twitch,1,really
2,It's really,7.142570495605469,twitch,1,really
1,for,11.576336860656738,twitch,4,for
2,going for,9.63646125793457,twitch,4,for
4,think you're going for,7.055824279785156,twitch,4,for
1,going,10.563369750976562,twitch,3,going
2,you're going,1.2440835237503052,twitch,3,going
4,i think you're going,0.6569877862930298,twitch,3,going
1,a,11.316549301147461,twitch,5,a
2,for a,10.343778610229492,twitch,5,a
4,you're going for a,10.688434600830078,twitch,5,a
1,and,11.574933052062988,twitch,3,and
2,stegosaurus and,10.299299240112305,twitch,3,and
4,Giant fucking stegosaurus and,10.6006498336792,twitch,3,and
1,fucking,6.474433422088623,twitch,5,fucking
2,other fucking,11.62690258026123,twitch,5,fucking
4,stegosaurus and other fucking,8.863465309143066,twitch,5,fucking
1,fucking,6.474433422088623,twitch,1,fucking
2,Giant fucking,11.085068702697754,twitch,1,fucking
1,real,11.489548683166504,twitch,5,real
2,be real,8.415838241577148,twitch,5,real
4,used to be real,8.125166893005371,twitch,5,real
1,be,11.872392654418945,twitch,4,be
2,to be,10.100297927856445,twitch,4,be
4,it used to be,8.210506439208984,twitch,4,be
1,it,10.897254943847656,twitch,1,it
2,"Oh, it",3.1637611389160156,twitch,1,it
1,pit,11.11029052734375,twitch,3,pit
2,mud pit,7.040135860443115,twitch,3,pit
4,There's a mud pit,6.372602462768555,twitch,3,pit
1,above,10.351202964782715,twitch,5,above
2,right above,6.146393775939941,twitch,5,above
4,mud pit right above,4.73956823348999,twitch,5,above
1,mud,10.98709774017334,twitch,2,mud
2,a mud,9.492935180664062,twitch,2,mud
1,guy,10.258659362792969,twitch,3,guy
2,that guy,7.038732528686523,twitch,3,guy
4,We need that guy,5.133388519287109,twitch,3,guy
1,just,11.214090347290039,twitch,4,just
2,guy just,9.4268217086792,twitch,4,just
4,need that guy just,8.480794906616211,twitch,4,just
1,that,10.947566986083984,twitch,2,that
2,need that,10.008855819702148,twitch,2,that
1,are,11.507725715637207,twitch,4,are
2,where are,4.774850845336914,twitch,4,are
4,cash is where are,5.724246025085449,twitch,4,are
1,where,11.376585006713867,twitch,3,where
2,is where,7.427399635314941,twitch,3,where
4,The cash is where,5.819742202758789,twitch,3,where
1,cash,11.07554817199707,twitch,1,cash
2,The cash,7.856748580932617,twitch,1,cash
1,have,10.692431449890137,twitch,2,have
2,guys have,8.446504592895508,twitch,2,have
1,mutations,7.627468109130859,twitch,4,mutations
2,any mutations,6.425661563873291,twitch,4,mutations
4,guys have any mutations,5.185740947723389,twitch,4,mutations
1,guys,9.345287322998047,twitch,1,guys
2,You guys,7.104531764984131,twitch,1,guys
1,inviting,10.156668663024902,twitch,5,inviting
2,I'm inviting,6.144926071166992,twitch,5,inviting
4,it's me. I'm inviting,5.127553939819336,twitch,5,inviting
1,I'm,7.25425910949707,twitch,4,I'm
2,me. I'm,7.658254623413086,twitch,4,I'm
4,"yeah, it's me. I'm",8.078902244567871,twitch,4,I'm
1,it's,9.313949584960938,twitch,2,it's
2,"yeah, it's",7.678024768829346,twitch,2,it's
1,go,10.900910377502441,twitch,2,go
2,already go,7.772733211517334,twitch,2,go
1,four,11.351820945739746,twitch,5,four
2,the four,9.405051231384277,twitch,5,four
4,go to the four,9.187410354614258,twitch,5,four
1,the,12.734390258789062,twitch,4,the
2,to the,12.121143341064453,twitch,4,the
4,already go to the,11.589754104614258,twitch,4,the
1,was,10.896289825439453,twitch,2,was
2,what was,6.962551116943359,twitch,2,was
1,what,10.599081993103027,twitch,1,what
2,That's what,6.331750392913818,twitch,1,what
1,me,10.572490692138672,twitch,5,me
2,to me,5.981181621551514,twitch,5,me
4,was happening to me,5.490732192993164,twitch,5,me
1,okay,8.434772491455078,twitch,1,okay
2,crush okay,7.066779136657715,twitch,1,okay
1,pin,11.509469985961914,twitch,3,pin
2,and pin,7.3031721115112305,twitch,3,pin
4,crush okay and pin,7.836811065673828,twitch,3,pin
1,and,11.574933052062988,twitch,2,and
2,okay and,11.301137924194336,twitch,2,and
1,where's,7.019251823425293,twitch,2,where's
2,your where's,8.388060569763184,twitch,2,where's
1,it,10.897254943847656,twitch,5,it
2,where's it,6.503425598144531,twitch,5,it
4,where's your where's it,6.142953395843506,twitch,5,it
1,your,12.634740829467773,twitch,1,your
2,Where's your,10.99894905090332,twitch,1,your
1,on,11.154274940490723,twitch,4,on
2,one on,8.970870971679688,twitch,4,on
4,another big one on,8.56904411315918,twitch,4,on
1,another,11.492477416992188,twitch,1,another
2,There's another,9.578325271606445,twitch,1,another
1,one,10.6817045211792,twitch,3,one
2,big one,5.6959710121154785,twitch,3,one
4,There's another big one,5.486647605895996,twitch,3,one
1,know,10.400792121887207,twitch,5,know
2,you know,4.4257073402404785,twitch,5,know
4,"Oh, if you know",5.4714813232421875,twitch,5,know
1,"Oh,",7.328317642211914,twitch,2,"Oh,"
2,"guy. Oh,",6.312283515930176,twitch,2,"Oh,"
1,you,10.660537719726562,twitch,4,you
2,if you,6.188261985778809,twitch,4,you
4,"guy. Oh, if you",6.241619110107422,twitch,4,you
1,are,11.507725715637207,twitch,1,are
2,We are,8.539468765258789,twitch,1,are
1,the,12.734390258789062,twitch,3,the
2,playing the,11.654407501220703,twitch,3,the
4,We are playing the,9.579729080200195,twitch,3,the
1,LT,11.488677978515625,twitch,4,LT
2,the LT,8.925180435180664,twitch,4,LT
4,are playing the LT,8.156417846679688,twitch,4,LT
1,I'll,7.0371527671813965,twitch,3,I'll
2,"yeah, I'll",6.943780422210693,twitch,3,I'll
4,"Yeah, yeah, yeah, I'll",6.601984024047852,twitch,3,I'll
1,"yeah,",7.744340896606445,twitch,2,"yeah,"
2,"yeah, yeah,",5.884174346923828,twitch,2,"yeah,"
1,get,11.412823677062988,twitch,4,get
2,I'll get,6.036438465118408,twitch,4,get
4,"yeah, yeah, I'll get",6.719940185546875,twitch,4,get
1,dinosaur,9.313802719116211,twitch,3,dinosaur
2,a dinosaur,7.890002727508545,twitch,3,dinosaur
4,And there's a dinosaur,7.216007709503174,twitch,3,dinosaur
1,there's,5.328185558319092,twitch,1,there's
2,And there's,5.553314208984375,twitch,1,there's
1,"here,",10.569401741027832,twitch,5,"here,"
2,"over here,",8.398621559143066,twitch,5,"here,"
4,"a dinosaur over here,",7.812750339508057,twitch,5,"here,"
1,know.,7.476657867431641,twitch,3,know.
2,don't know.,6.793943881988525,twitch,3,know.
4,"Yeah, I don't know.",5.039651870727539,twitch,3,know.
1,I,11.117331504821777,twitch,4,I
2,know. I,6.645894527435303,twitch,4,I
4,I don't know. I,5.202129364013672,twitch,4,I
1,don't,7.345463752746582,twitch,5,don't
2,I don't,4.23712158203125,twitch,5,don't
4,don't know. I don't,3.5683822631835938,twitch,5,don't
1,teleported,7.836277961730957,twitch,2,teleported
2,I teleported,5.458695888519287,twitch,2,teleported
1,myself,7.066563129425049,twitch,3,myself
2,teleported myself,3.9177966117858887,twitch,3,myself
4,"Oh, I teleported myself",4.745433807373047,twitch,3,myself
1,I,11.117331504821777,twitch,1,I
2,"Oh, I",5.91914701461792,twitch,1,I
1,the,12.734390258789062,twitch,5,the
2,of the,12.293905258178711,twitch,5,the
4,him out of the,9.978934288024902,twitch,5,the
1,out,10.346115112304688,twitch,3,out
2,him out,5.059835910797119,twitch,3,out
4,I'll scan him out,5.462149143218994,twitch,3,out
1,him,11.09859561920166,twitch,2,him
2,scan him,6.3479437828063965,twitch,2,him
1,eat,10.640091896057129,twitch,5,eat
2,you eat,7.646496772766113,twitch,5,eat
4,Oh would you eat,6.744187355041504,twitch,5,eat
1,okay.,7.6425065994262695,twitch,1,okay.
2,"Okay, okay.",6.670671463012695,twitch,1,okay.
1,Oh,10.667298316955566,twitch,2,Oh
2,okay. Oh,4.527637481689453,twitch,2,Oh
1,hold,10.308622360229492,twitch,4,hold
2,"down, hold",6.613548278808594,twitch,4,hold
4,"hold it down, hold",2.632563829421997,twitch,4,hold
1,"down,",11.00619888305664,twitch,3,"down,"
2,"it down,",9.1983642578125,twitch,3,"down,"
4,"No, hold it down,",7.665834903717041,twitch,3,"down,"
1,hold,10.308622360229492,twitch,1,hold
2,"No, hold",3.4951648712158203,twitch,1,hold
1,deal,10.67466926574707,twitch,5,deal
2,not deal,3.8572957515716553,twitch,5,deal
4,Frames in not deal,7.540909290313721,twitch,5,deal
1,not,10.92558479309082,twitch,4,not
2,in not,9.779362678527832,twitch,4,not
4,mean Frames in not,10.195296287536621,twitch,4,not
1,in,11.458725929260254,twitch,3,in
2,Frames in,10.86542797088623,twitch,3,in
4,You mean Frames in,8.669060707092285,twitch,3,in
1,go,10.900910377502441,twitch,4,go
2,"left, go",7.182272911071777,twitch,4,go
4,"go up left, go",3.8538119792938232,twitch,4,go
1,up,10.697288513183594,twitch,5,up
2,go up,6.761085510253906,twitch,5,up
4,"up left, go up",5.605439186096191,twitch,5,up
1,"left,",9.239048957824707,twitch,3,"left,"
2,"up left,",10.215808868408203,twitch,3,"left,"
4,"Okay, go up left,",6.824462413787842,twitch,3,"left,"
1,no,11.925097465515137,twitch,4,no
2,"No, no",4.224398612976074,twitch,4,no
4,"the trees. No, no",4.66381311416626,twitch,4,no
1,the,12.734390258789062,twitch,1,the
2,Get the,10.25283432006836,twitch,1,the
1,"No,",6.95297384262085,twitch,3,"No,"
2,"trees. No,",6.7093586921691895,twitch,3,"No,"
4,"Get the trees. No,",6.18979549407959,twitch,3,"No,"
1,see,10.684712409973145,twitch,1,see
2,I see,7.055421829223633,twitch,1,see
1,see,10.684712409973145,twitch,4,see
2,I see,7.055421829223633,twitch,4,see
4,see him. I see,5.406499862670898,twitch,4,see
1,the,12.734390258789062,twitch,5,the
2,see the,10.900222778320312,twitch,5,the
4,him. I see the,11.83740520477295,twitch,5,the
1,"second,",10.377012252807617,twitch,3,"second,"
2,"a second,",9.406269073486328,twitch,3,"second,"
4,"Hold on a second,",9.81692886352539,twitch,3,"second,"
1,on,11.154274940490723,twitch,1,on
2,Hold on,7.324697971343994,twitch,1,on
1,a,11.316549301147461,twitch,2,a
2,on a,12.133975982666016,twitch,2,a
1,go,10.900910377502441,twitch,2,go
2,can't go,6.573269844055176,twitch,2,go
1,to,11.301959037780762,twitch,4,to
2,out to,10.812771797180176,twitch,4,to
4,can't go out to,5.734119415283203,twitch,4,to
1,the,12.734390258789062,twitch,5,the
2,to the,12.121143341064453,twitch,5,the
4,go out to the,11.566889762878418,twitch,5,the
1,spawn,10.98013687133789,twitch,1,spawn
2,Can't spawn,8.510994911193848,twitch,1,spawn
1,we're,7.409038543701172,twitch,3,we're
2,rogue we're,7.757169723510742,twitch,3,we're
4,Can't spawn rogue we're,7.562180519104004,twitch,3,we're
1,both,11.42912769317627,twitch,4,both
2,we're both,10.026934623718262,twitch,4,both
4,spawn rogue we're both,10.129724502563477,twitch,4,both
1,this,10.959673881530762,twitch,1,this
2,"Alright, this",6.3617730140686035,twitch,1,this
1,one's,12.316391944885254,twitch,5,one's
2,this one's,9.813982009887695,twitch,5,one's
4,"one's Jama, this one's",11.146003723144531,twitch,5,one's
1,this,10.959673881530762,twitch,4,this
2,"Jama, this",8.82166862487793,twitch,4,this
4,"this one's Jama, this",1.7382947206497192,twitch,4,this
1,like,11.612746238708496,twitch,1,like
2,Sounds like,7.1989030838012695,twitch,1,like
1,fucking,6.474433422088623,twitch,3,fucking
2,Simba fucking,11.7745361328125,twitch,3,fucking
4,Sounds like Simba fucking,10.568038940429688,twitch,3,fucking
1,growlin',10.532795906066895,twitch,4,growlin'
2,fucking growlin',10.494644165039062,twitch,4,growlin'
4,like Simba fucking growlin',10.404760360717773,twitch,4,growlin'
1,"moving,",10.68080997467041,twitch,3,"moving,"
2,"keep moving,",8.774903297424316,twitch,3,"moving,"
4,"Now let's keep moving,",8.143719673156738,twitch,3,"moving,"
1,I'll,7.0371527671813965,twitch,4,I'll
2,"moving, I'll",7.694000244140625,twitch,4,I'll
4,"let's keep moving, I'll",7.244801998138428,twitch,4,I'll
1,just,11.214090347290039,twitch,5,just
2,I'll just,6.727701187133789,twitch,5,just
4,"keep moving, I'll just",7.898787498474121,twitch,5,just
1,can,10.825804710388184,twitch,4,can
2,i can,7.64251708984375,twitch,4,can
4,don't think i can,7.653140544891357,twitch,4,can
1,i,11.022769927978516,twitch,3,i
2,think i,6.87718391418457,twitch,3,i
4,i don't think i,5.5332207679748535,twitch,3,i
1,eat,10.640091896057129,twitch,5,eat
2,can eat,7.657095432281494,twitch,5,eat
4,think i can eat,8.557575225830078,twitch,5,eat
1,to,11.301959037780762,twitch,5,to
2,ourselves to,9.666129112243652,twitch,5,to
4,can't boost ourselves to,8.638118743896484,twitch,5,to
1,can't,7.6911139488220215,twitch,2,can't
2,we can't,7.704914569854736,twitch,2,can't
1,ourselves,6.645730018615723,twitch,4,ourselves
2,boost ourselves,5.754552364349365,twitch,4,ourselves
4,we can't boost ourselves,5.59014368057251,twitch,4,ourselves
1,shit,10.392616271972656,twitch,3,shit
2,that shit,6.557351589202881,twitch,3,shit
4,Application of that shit,6.568190097808838,twitch,3,shit
1,of,12.024920463562012,twitch,1,of
2,Application of,10.46081256866455,twitch,1,of
1,just,11.214090347290039,twitch,4,just
2,shit just,9.10146427154541,twitch,4,just
4,of that shit just,8.536856651306152,twitch,4,just
1,back,10.862462043762207,twitch,2,back
2,always back,6.573005676269531,twitch,2,back
1,it,10.897254943847656,twitch,3,it
2,back it,6.47190523147583,twitch,3,it
4,I'll always back it,3.338808059692383,twitch,3,it
1,back,10.862462043762207,twitch,4,back
2,it back,6.181331157684326,twitch,4,back
4,always back it back,4.50411319732666,twitch,4,back
1,he's,10.79698371887207,twitch,1,he's
2,"Oh, he's",8.148378372192383,twitch,1,he's
1,do,10.671449661254883,twitch,5,do
2,to do,6.433040142059326,twitch,5,do
4,not going to do,4.760193824768066,twitch,5,do
1,going,10.563369750976562,twitch,3,going
2,not going,1.5066359043121338,twitch,3,going
4,"Oh, he's not going",1.3635430335998535,twitch,3,going
1,"chicken,",10.747284889221191,twitch,1,"chicken,"
2,"Chicken, chicken,",7.24540376663208,twitch,1,"chicken,"
1,"chicken,",10.747284889221191,twitch,4,"chicken,"
2,"chicken, chicken,",8.403359413146973,twitch,4,"chicken,"
4,"chicken, chicken, chicken, chicken,",4.584056854248047,twitch,4,"chicken,"
1,"chicken,",10.747284889221191,twitch,5,"chicken,"
2,"chicken, chicken,",8.403359413146973,twitch,5,"chicken,"
4,"chicken, chicken, chicken, chicken,",4.584056854248047,twitch,5,"chicken,"
1,extra,11.778702735900879,twitch,3,extra
2,an extra,10.3507080078125,twitch,3,extra
4,I got an extra,10.120738983154297,twitch,3,extra
1,an,11.774314880371094,twitch,2,an
2,got an,9.549314498901367,twitch,2,an
1,snack,9.055343627929688,twitch,4,snack
2,extra snack,7.499821186065674,twitch,4,snack
4,got an extra snack,5.92590856552124,twitch,4,snack
1,near,11.175019264221191,twitch,4,near
2,still near,7.6559882164001465,twitch,4,near
4,you guys still near,6.978815078735352,twitch,4,near
1,guys,9.345287322998047,twitch,2,guys
2,you guys,7.338253498077393,twitch,2,guys
1,you,10.660537719726562,twitch,1,you
2,Are you,8.059492111206055,twitch,1,you
1,much,10.719216346740723,twitch,4,much
2,that much,7.978338241577148,twitch,4,much
4,gonna put that much,7.823115348815918,twitch,4,much
1,that,10.947566986083984,twitch,3,that
2,put that,9.82865047454834,twitch,3,that
4,I'm gonna put that,7.15675687789917,twitch,3,that
1,put,11.452770233154297,twitch,2,put
2,gonna put,6.1163649559021,twitch,2,put
1,I'm,7.25425910949707,twitch,4,I'm
2,and I'm,7.087514877319336,twitch,4,I'm
4,rate 74 and I'm,7.923882961273193,twitch,4,I'm
1,at,11.502521514892578,twitch,5,at
2,I'm at,6.381044864654541,twitch,5,at
4,74 and I'm at,8.17122745513916,twitch,5,at
1,and,11.574933052062988,twitch,3,and
2,74 and,11.166831970214844,twitch,3,and
4,Growth rate 74 and,8.50313663482666,twitch,3,and
1,the,12.734390258789062,twitch,4,the
2,I'm the,8.979300498962402,twitch,4,the
4,the one I'm the,5.539244651794434,twitch,4,the
1,the,12.734390258789062,twitch,1,the
2,I'm the,8.979300498962402,twitch,1,the
1,I'm,7.25425910949707,twitch,3,I'm
2,one I'm,8.111310005187988,twitch,3,I'm
4,I'm the one I'm,7.610276699066162,twitch,3,I'm
1,that,10.947566986083984,twitch,2,that
2,as that,9.664414405822754,twitch,2,that
1,one,10.6817045211792,twitch,3,one
2,that one,8.667146682739258,twitch,3,one
4,easy as that one,6.641964435577393,twitch,3,one
1,guy,10.258659362792969,twitch,4,guy
2,one guy,6.971584796905518,twitch,4,guy
4,as that one guy,7.893317222595215,twitch,4,guy
1,like,11.612746238708496,twitch,1,like
2,He's like,6.639633655548096,twitch,1,like
1,away,10.657820701599121,twitch,4,away
2,feet away,3.7645843029022217,twitch,4,away
4,like 30 feet away,3.76933217048645,twitch,4,away
1,30,9.942907333374023,twitch,2,30
2,like 30,7.057319164276123,twitch,2,30
1,close,10.470686912536621,twitch,4,close
2,so close,4.199719429016113,twitch,4,close
4,I was so close,3.434457540512085,twitch,4,close
1,was,10.896289825439453,twitch,2,was
2,I was,8.877824783325195,twitch,2,was
1,to,11.301959037780762,twitch,5,to
2,close to,8.584565162658691,twitch,5,to
4,was so close to,8.60654354095459,twitch,5,to
1,fucking,6.474433422088623,twitch,5,fucking
2,go fucking,11.288125991821289,twitch,5,fucking
4,there we go fucking,8.237571716308594,twitch,5,fucking
1,there,9.811803817749023,twitch,2,there
2,God there,5.393392562866211,twitch,2,there
1,God,9.99938678741455,twitch,1,God
2,Thank God,4.666758060455322,twitch,1,God
1,he's,10.79698371887207,twitch,5,he's
2,"not, he's",7.983150005340576,twitch,5,he's
4,"not, he's not, he's",4.394952297210693,twitch,5,he's
1,"not,",9.224762916564941,twitch,4,"not,"
2,"he's not,",6.51260232925415,twitch,4,"not,"
4,"he's not, he's not,",5.736949920654297,twitch,4,"not,"
1,he's,10.79698371887207,twitch,1,he's
2,"No, he's",6.607121467590332,twitch,1,he's
1,than,11.535079956054688,twitch,5,than
2,smaller than,8.063963890075684,twitch,5,than
4,that is smaller than,7.362945556640625,twitch,5,than
1,smaller,8.864169120788574,twitch,4,smaller
2,is smaller,4.0264763832092285,twitch,4,smaller
4,everyone that is smaller,3.3369932174682617,twitch,4,smaller
1,everyone,9.970402717590332,twitch,1,everyone
2,Kill everyone,6.565471649169922,twitch,1,everyone
1,got,11.186014175415039,twitch,1,got
2,I've got,6.329802989959717,twitch,1,got
1,rate,10.989429473876953,twitch,4,rate
2,growth rate,6.117345333099365,twitch,4,rate
4,got 160% growth rate,5.577225208282471,twitch,4,rate
1,growth,9.465629577636719,twitch,3,growth
2,160% growth,4.938370704650879,twitch,3,growth
4,I've got 160% growth,5.149343490600586,twitch,3,growth
1,get,11.412823677062988,twitch,4,get
2,in get,9.068341255187988,twitch,4,get
4,you're back in get,5.412039279937744,twitch,4,get
1,back,10.862462043762207,twitch,5,back
2,get back,5.9619221687316895,twitch,5,back
4,back in get back,5.40039587020874,twitch,5,back
1,you're,7.940345764160156,twitch,1,you're
2,"No, you're",5.611800670623779,twitch,1,you're
1,you,10.660537719726562,twitch,1,you
2,It's you,6.529431343078613,twitch,1,you
1,you're,7.940345764160156,twitch,4,you're
2,peanut you're,8.202741622924805,twitch,4,you're
4,you there peanut you're,8.133710861206055,twitch,4,you're
1,peanut,4.655110836029053,twitch,3,peanut
2,there peanut,3.2426857948303223,twitch,3,peanut
4,It's you there peanut,3.8105552196502686,twitch,3,peanut
1,in,11.458725929260254,twitch,4,in
2,get in,8.34010124206543,twitch,4,in
4,I gotta get in,5.401449680328369,twitch,4,in
1,the,12.734390258789062,twitch,5,the
2,in the,11.499937057495117,twitch,5,the
4,gotta get in the,7.977366924285889,twitch,5,the
1,get,11.412823677062988,twitch,3,get
2,gotta get,7.377147674560547,twitch,3,get
4,"Okay, I gotta get",5.948444843292236,twitch,3,get
1,here,9.959783554077148,twitch,2,here
2,right here,6.076265811920166,twitch,2,here
1,Highland,10.846359252929688,twitch,5,Highland
2,the Highland,9.920018196105957,twitch,5,Highland
4,here by the Highland,10.577857971191406,twitch,5,Highland
1,the,12.734390258789062,twitch,4,the
2,by the,12.546070098876953,twitch,4,the
4,right here by the,11.271401405334473,twitch,4,the
1,the,12.734390258789062,twitch,2,the
2,toward the,8.701017379760742,twitch,2,the
1,apples,7.264429569244385,twitch,3,apples
2,the apples,7.067226886749268,twitch,3,apples
4,Go toward the apples,5.736692428588867,twitch,3,apples
1,on,11.154274940490723,twitch,4,on
2,apples on,7.704509258270264,twitch,4,on
4,toward the apples on,4.161542892456055,twitch,4,on
1,follow,10.518021583557129,twitch,5,follow
2,and follow,6.493824005126953,twitch,5,follow
4,my back and follow,5.366725444793701,twitch,5,follow
1,back,10.862462043762207,twitch,3,back
2,my back,6.676025390625,twitch,3,back
4,Hop on my back,6.163782119750977,twitch,3,back
1,my,12.444364547729492,twitch,2,my
2,on my,10.981941223144531,twitch,2,my
1,hunger,9.507651329040527,twitch,4,hunger
2,your hunger,6.522177696228027,twitch,4,hunger
4,could set your hunger,5.959944725036621,twitch,4,hunger
1,to,11.301959037780762,twitch,5,to
2,hunger to,10.566045761108398,twitch,5,to
4,set your hunger to,8.907772064208984,twitch,5,to
1,could,10.399933815002441,twitch,1,could
2,I could,7.051412582397461,twitch,1,could
1,eat,10.640091896057129,twitch,4,eat
2,to eat,7.46858549118042,twitch,4,eat
4,I need to eat,7.243789196014404,twitch,4,eat
1,I,11.117331504821777,twitch,1,I
2,"Oh, I",5.91914701461792,twitch,1,I
1,Sarah,10.640583992004395,twitch,5,Sarah
2,eat Sarah,8.152620315551758,twitch,5,Sarah
4,need to eat Sarah,6.8708415031433105,twitch,5,Sarah
1,to,11.301959037780762,twitch,5,to
2,next to,9.540733337402344,twitch,5,to
4,bit the next to,8.368509292602539,twitch,5,to
1,I,11.117331504821777,twitch,1,I
2,"Well, I",6.0353217124938965,twitch,1,I
1,bit,11.3079252243042,twitch,2,bit
2,I bit,6.20424222946167,twitch,2,bit
1,watch,10.758004188537598,twitch,4,watch
2,"no, watch",7.102328300476074,twitch,4,watch
4,"no, no, no, watch",5.958417892456055,twitch,4,watch
1,"no,",10.201715469360352,twitch,3,"no,"
2,"no, no,",5.523804187774658,twitch,3,"no,"
4,"No, no, no, no,",4.034079551696777,twitch,3,"no,"
1,"no,",10.201715469360352,twitch,1,"no,"
2,"No, no,",4.79182767868042,twitch,1,"no,"
1,the,12.734390258789062,twitch,5,the
2,on the,12.704998970031738,twitch,5,the
4,we're currently on the,8.617222785949707,twitch,5,the
1,"second,",10.377012252807617,twitch,1,"second,"
2,"One second,",8.488469123840332,twitch,1,"second,"
1,currently,10.321512222290039,twitch,3,currently
2,we're currently,7.5932297706604,twitch,3,currently
4,"One second, we're currently",7.942666053771973,twitch,3,currently
1,not,10.92558479309082,twitch,3,not
2,me not,8.7435941696167,twitch,3,not
4,She told me not,0.6094061732292175,twitch,3,not
1,drink,8.994930267333984,twitch,5,drink
2,to drink,7.301207542419434,twitch,5,drink
4,me not to drink,7.297417163848877,twitch,5,drink
1,me,10.572490692138672,twitch,2,me
2,told me,5.233903884887695,twitch,2,me
1,some,11.931933403015137,twitch,5,some
2,you some,10.6849946975708,twitch,5,some
4,I'll bring you some,9.45280647277832,twitch,5,some
1,you,10.660537719726562,twitch,4,you
2,bring you,7.153958797454834,twitch,4,you
4,"pookie, I'll bring you",6.981507301330566,twitch,4,you
1,bring,10.839658737182617,twitch,3,bring
2,I'll bring,5.089363098144531,twitch,3,bring
4,"Now, pookie, I'll bring",4.540055274963379,twitch,3,bring
1,an,11.774314880371094,twitch,5,an
2,got an,9.549314498901367,twitch,5,an
4,organ. I got an,5.155812740325928,twitch,5,an
1,I,11.117331504821777,twitch,3,I
2,organ. I,7.079761505126953,twitch,3,I
4,Got an organ. I,6.247665882110596,twitch,3,I
1,an,11.774314880371094,twitch,1,an
2,Got an,7.42665433883667,twitch,1,an
1,happen,7.7130889892578125,twitch,4,happen
2,gonna happen,5.393340587615967,twitch,4,happen
4,is what's gonna happen,5.071458339691162,twitch,4,happen
1,to,11.301959037780762,twitch,5,to
2,happen to,10.17237663269043,twitch,5,to
4,what's gonna happen to,7.009588718414307,twitch,5,to
1,is,11.129858016967773,twitch,1,is
2,This is,6.711753845214844,twitch,1,is
1,"no,",10.201715469360352,twitch,1,"no,"
2,"Oh no,",6.716024398803711,twitch,1,"no,"
1,your,12.634740829467773,twitch,4,your
2,get your,10.69754409790039,twitch,4,your
4,"no, you get your",10.967747688293457,twitch,4,your
1,you,10.660537719726562,twitch,2,you
2,"no, you",6.682016372680664,twitch,2,you
1,going,10.563369750976562,twitch,3,going
2,you're going,1.2440835237503052,twitch,3,going
4,Some trunks you're going,0.5156130194664001,twitch,3,going
1,trunks,7.956498622894287,twitch,1,trunks
2,Some trunks,6.230123519897461,twitch,1,trunks
1,you're,7.940345764160156,twitch,2,you're
2,trunks you're,8.567224502563477,twitch,2,you're
1,my,12.444364547729492,twitch,5,my
2,about my,10.541050910949707,twitch,5,my
4,to get about my,10.814200401306152,twitch,5,my
1,got,11.186014175415039,twitch,1,got
2,You got,6.208295822143555,twitch,1,got
1,get,11.412823677062988,twitch,3,get
2,to get,7.472585201263428,twitch,3,get
4,You got to get,6.825503826141357,twitch,3,get
1,with,11.736027717590332,twitch,5,with
2,thing with,9.269125938415527,twitch,5,with
4,the wrong thing with,7.972512245178223,twitch,5,with
1,fighting,10.560688018798828,twitch,1,fighting
2,You're fighting,6.49775505065918,twitch,1,fighting
1,wrong,10.92253303527832,twitch,3,wrong
2,the wrong,8.351306915283203,twitch,3,wrong
4,You're fighting the wrong,6.525603771209717,twitch,3,wrong
1,get,11.412823677062988,twitch,3,get
2,to get,7.472585201263428,twitch,3,get
4,We have to get,6.98792839050293,twitch,3,get
1,to,11.301959037780762,twitch,2,to
2,have to,7.693484306335449,twitch,2,to
1,out,10.346115112304688,twitch,4,out
2,get out,6.657276630401611,twitch,4,out
4,have to get out,3.553569793701172,twitch,4,out
1,do,10.671449661254883,twitch,2,do
2,you do,5.595602035522461,twitch,2,do
1,anything,9.959792137145996,twitch,3,anything
2,do anything,6.806346893310547,twitch,3,anything
4,Did you do anything,6.268970489501953,twitch,3,anything
1,you,10.660537719726562,twitch,1,you
2,Did you,6.972372531890869,twitch,1,you
1,my,12.444364547729492,twitch,1,my
2,Oh my,3.530229091644287,twitch,1,my
1,I'm,7.25425910949707,twitch,3,I'm
2,"god, I'm",7.572454452514648,twitch,3,I'm
4,"Oh my god, I'm",6.921041488647461,twitch,3,I'm
1,in,11.458725929260254,twitch,4,in
2,I'm in,7.543304443359375,twitch,4,in
4,"my god, I'm in",6.315395355224609,twitch,4,in
1,"no,",10.201715469360352,twitch,4,"no,"
2,"no, no,",5.523804187774658,twitch,4,"no,"
4,"no, no, no, no,",3.8063998222351074,twitch,4,"no,"
1,"no,",10.201715469360352,twitch,5,"no,"
2,"no, no,",5.523804187774658,twitch,5,"no,"
4,"no, no, no, no,",3.8063998222351074,twitch,5,"no,"
1,"no,",10.201715469360352,twitch,2,"no,"
2,"no, no,",5.523804187774658,twitch,2,"no,"
1,"yeah,",7.744340896606445,twitch,4,"yeah,"
2,"yeah, yeah,",5.884174346923828,twitch,4,"yeah,"
4,"yeah, yeah, yeah, yeah,",2.6795737743377686,twitch,4,"yeah,"
1,"yeah,",7.744340896606445,twitch,5,"yeah,"
2,"yeah, yeah,",5.884174346923828,twitch,5,"yeah,"
4,"yeah, yeah, yeah, yeah,",2.6795737743377686,twitch,5,"yeah,"
1,"yeah,",7.744340896606445,twitch,2,"yeah,"
2,"yeah, yeah,",5.884174346923828,twitch,2,"yeah,"
1,have,10.692431449890137,twitch,1,have
2,We have,7.843870639801025,twitch,1,have
1,We,10.645977973937988,twitch,4,We
2,idea. We,7.75596809387207,twitch,4,We
4,have no idea. We,6.187623023986816,twitch,4,We
1,no,11.925097465515137,twitch,2,no
2,have no,9.906698226928711,twitch,2,no
1,bite,10.365228652954102,twitch,4,bite
2,a bite,6.115938186645508,twitch,4,bite
4,just took a bite,3.153303861618042,twitch,4,bite
1,just,11.214090347290039,twitch,1,just
2,you just,7.8216962814331055,twitch,1,just
1,a,11.316549301147461,twitch,3,a
2,took a,8.624190330505371,twitch,3,a
4,you just took a,9.228771209716797,twitch,3,a
1,organ,11.5052490234375,twitch,2,organ
2,one organ,8.558457374572754,twitch,2,organ
1,one,10.6817045211792,twitch,1,one
2,You're one,3.1822333335876465,twitch,1,one
1,for,11.576336860656738,twitch,3,for
2,organ for,10.62675952911377,twitch,3,for
4,You're one organ for,7.6079936027526855,twitch,3,for
1,you,10.660537719726562,twitch,2,you
2,see you,8.374963760375977,twitch,2,you
1,map,10.581953048706055,twitch,5,map
2,my map,7.757596969604492,twitch,5,map
4,you on my map,6.521392345428467,twitch,5,map
1,on,11.154274940490723,twitch,3,on
2,you on,8.365743637084961,twitch,3,on
4,I see you on,6.973457336425781,twitch,3,on
1,good.,8.31037712097168,twitch,2,good.
2,we're good.,6.232724666595459,twitch,2,good.
1,we're,7.409038543701172,twitch,1,we're
2,"Oh, we're",7.030540943145752,twitch,1,we're
1,We,10.645977973937988,twitch,3,We
2,good. We,6.6010541915893555,twitch,3,We
4,"Oh, we're good. We",3.838608503341675,twitch,3,We
1,dispersing,8.837841033935547,twitch,1,dispersing
2,I'm dispersing,7.08034086227417,twitch,1,dispersing
1,group,10.645955085754395,twitch,3,group
2,this group,6.8436503410339355,twitch,3,group
4,I'm dispersing this group,5.678105354309082,twitch,3,group
1,with,11.736027717590332,twitch,4,with
2,group with,10.353142738342285,twitch,4,with
4,dispersing this group with,9.532561302185059,twitch,4,with
1,powers,10.293041229248047,twitch,5,powers
2,my powers,6.465479850769043,twitch,5,powers
4,you got my powers,6.624168395996094,twitch,5,powers
1,got,11.186014175415039,twitch,3,got
2,you got,6.812966823577881,twitch,3,got
4,you know you got,6.834182262420654,twitch,3,got
1,you,10.660537719726562,twitch,2,you
2,know you,7.4684343338012695,twitch,2,you
1,you,10.660537719726562,twitch,1,you
2,Are you,8.059492111206055,twitch,1,you
1,little,11.699698448181152,twitch,3,little
2,this little,10.890469551086426,twitch,3,little
4,Are you this little,8.0321683883667,twitch,3,little
1,one,10.6817045211792,twitch,4,one
2,little one,6.785534381866455,twitch,4,one
4,you this little one,7.0882415771484375,twitch,4,one
1,bees,9.749442100524902,twitch,4,bees
2,here bees,6.94544792175293,twitch,4,bees
4,bam right here bees,7.248008728027344,twitch,4,bees
1,here,9.959783554077148,twitch,3,here
2,right here,6.076265811920166,twitch,3,here
4,"Boom, bam right here",5.01399564743042,twitch,3,here
1,right,10.864727020263672,twitch,2,right
2,bam right,5.9326090812683105,twitch,2,right
1,might,10.476730346679688,twitch,3,might
2,I might,6.182271957397461,twitch,3,might
4,"No bro, I might",6.262033462524414,twitch,3,might
1,actually,10.941421508789062,twitch,4,actually
2,might actually,6.3037028312683105,twitch,4,actually
4,"bro, I might actually",6.8437323570251465,twitch,4,actually
1,die,10.815694808959961,twitch,5,die
2,actually die,6.812049388885498,twitch,5,die
4,I might actually die,6.024224281311035,twitch,5,die
1,has,10.887011528015137,twitch,1,has
2,He has,7.895449161529541,twitch,1,has
1,a,11.316549301147461,twitch,2,a
2,has a,10.8663330078125,twitch,2,a
1,fine.,7.359181880950928,twitch,4,fine.
2,partner fine.,7.992522239685059,twitch,4,fine.
4,has a partner fine.,7.166982650756836,twitch,4,fine.
1,a,11.316549301147461,twitch,4,a
2,by a,12.01905632019043,twitch,4,a
4,chucked it by a,11.490951538085938,twitch,4,a
1,baby,11.249263763427734,twitch,5,baby
2,a baby,8.101329803466797,twitch,5,baby
4,it by a baby,9.327296257019043,twitch,5,baby
1,it,10.897254943847656,twitch,2,it
2,chucked it,6.114469051361084,twitch,2,it
1,you,10.660537719726562,twitch,1,you
2,When you,7.421469211578369,twitch,1,you
1,something,10.092069625854492,twitch,3,something
2,have something,4.835148811340332,twitch,3,something
4,When you have something,6.240345478057861,twitch,3,something
1,in,11.458725929260254,twitch,4,in
2,something in,7.730186462402344,twitch,4,in
4,you have something in,3.9880688190460205,twitch,4,in
1,the,12.734390258789062,twitch,3,the
2,do the,11.667564392089844,twitch,3,the
4,Do we do the,8.68391227722168,twitch,3,the
1,we,11.5739107131958,twitch,1,we
2,Do we,6.37468957901001,twitch,1,we
1,do,10.671449661254883,twitch,2,do
2,we do,4.519106388092041,twitch,2,do
1,over,11.29223346710205,twitch,3,over
2,dev over,8.989425659179688,twitch,3,over
4,The lead dev over,8.124879837036133,twitch,3,over
1,the,12.734390258789062,twitch,5,the
2,at the,11.857196807861328,twitch,5,the
4,dev over at the,12.252452850341797,twitch,5,the
1,lead,10.9238920211792,twitch,1,lead
2,The lead,8.185713768005371,twitch,1,lead
1,being,10.280539512634277,twitch,2,being
2,he's being,9.442158699035645,twitch,2,being
1,he's,10.79698371887207,twitch,1,he's
2,"Oh, he's",8.148378372192383,twitch,1,he's
1,"Manganized,",10.919899940490723,twitch,3,"Manganized,"
2,"being Manganized,",10.508020401000977,twitch,3,"Manganized,"
4,"Oh, he's being Manganized,",7.570761680603027,twitch,3,"Manganized,"
1,is,11.129858016967773,twitch,3,is
2,hell is,9.108660697937012,twitch,3,is
4,What the hell is,4.914433479309082,twitch,3,is
1,the,12.734390258789062,twitch,1,the
2,What the,7.616888523101807,twitch,1,the
1,hell,10.625608444213867,twitch,2,hell
2,the hell,6.650254249572754,twitch,2,hell
1,my,12.444364547729492,twitch,4,my
2,know my,10.6061372756958,twitch,4,my
4,you don't know my,6.956572532653809,twitch,4,my
1,you,10.660537719726562,twitch,1,you
2,"No, you",5.673611164093018,twitch,1,you
1,son,9.93349552154541,twitch,5,son
2,my son,7.431712627410889,twitch,5,son
4,don't know my son,5.774075508117676,twitch,5,son
1,"God,",8.844258308410645,twitch,2,"God,"
2,"my God,",9.351699829101562,twitch,2,"God,"
1,thing,10.63368034362793,twitch,4,thing
2,that thing,6.628400802612305,twitch,4,thing
4,"my God, that thing",6.426401615142822,twitch,4,thing
1,that,10.947566986083984,twitch,3,that
2,"God, that",7.0138044357299805,twitch,3,that
4,"Oh my God, that",5.716640949249268,twitch,3,that
1,you,10.660537719726562,twitch,2,you
2,are you,8.426103591918945,twitch,2,you
1,are,11.507725715637207,twitch,1,are
2,"Wait, are",2.4359426498413086,twitch,1,are
1,just,11.214090347290039,twitch,3,just
2,you just,7.8216962814331055,twitch,3,just
4,"Wait, are you just",7.742265224456787,twitch,3,just
1,get,11.412823677062988,twitch,1,get
2,Don't get,5.46414041519165,twitch,1,get
1,it.,9.278916358947754,twitch,2,it.
2,get it.,7.925968170166016,twitch,2,it.
1,"Well,",6.912525177001953,twitch,3,"Well,"
2,"it. Well,",7.442070960998535,twitch,3,"Well,"
4,"Don't get it. Well,",6.756222248077393,twitch,3,"Well,"
1,on,11.154274940490723,twitch,4,on
2,he's on,6.4298553466796875,twitch,4,on
4,don't think he's on,6.1404619216918945,twitch,4,on
1,think,9.863617897033691,twitch,2,think
2,don't think,5.632736682891846,twitch,2,think
1,he's,10.79698371887207,twitch,3,he's
2,think he's,8.205923080444336,twitch,3,he's
4,I don't think he's,7.957955837249756,twitch,3,he's
1,were,11.316572189331055,twitch,3,were
2,bees were,9.503911972045898,twitch,3,were
4,"Oh, the bees were",8.990765571594238,twitch,3,were
1,the,12.734390258789062,twitch,1,the
2,"Oh, the",12.07296371459961,twitch,1,the
1,somewhere,6.299148082733154,twitch,4,somewhere
2,were somewhere,5.63841438293457,twitch,4,somewhere
4,the bees were somewhere,5.455266952514648,twitch,4,somewhere
1,I,11.117331504821777,twitch,1,I
2,"Oh, I",5.91914701461792,twitch,1,I
1,of,12.024920463562012,twitch,5,of
2,out of,10.487857818603516,twitch,5,of
4,hear them out of,6.9019622802734375,twitch,5,of
1,them,10.87720012664795,twitch,3,them
2,hear them,6.576698303222656,twitch,3,them
4,"Oh, I hear them",7.766316890716553,twitch,3,them
1,of,12.024920463562012,twitch,1,of
2,Lot of,11.472068786621094,twitch,1,of
1,"Careful,",11.202579498291016,twitch,5,"Careful,"
2,"here. Careful,",9.698343276977539,twitch,5,"Careful,"
4,"dead dinosaurs here. Careful,",9.782273292541504,twitch,5,"Careful,"
1,dead,11.196372032165527,twitch,2,dead
2,of dead,9.525602340698242,twitch,2,dead
1,still,10.723008155822754,twitch,2,still
2,I still,6.001503944396973,twitch,2,still
1,eat,10.640091896057129,twitch,3,eat
2,still eat,7.852014541625977,twitch,3,eat
4,And I still eat,8.26991081237793,twitch,3,eat
1,him,11.09859561920166,twitch,4,him
2,eat him,6.524287700653076,twitch,4,him
4,I still eat him,5.810162544250488,twitch,4,him
1,Sam's,12.36803913116455,twitch,2,Sam's
2,my Sam's,11.885473251342773,twitch,2,Sam's
1,depleted,9.64090347290039,twitch,4,depleted
2,also depleted,6.439864158630371,twitch,4,depleted
4,my Sam's also depleted,6.764195919036865,twitch,4,depleted
1,also,10.951159477233887,twitch,3,also
2,Sam's also,10.04743766784668,twitch,3,also
4,"Yeah, my Sam's also",8.594810485839844,twitch,3,also
1,like,11.612746238708496,twitch,2,like
2,of like,9.383435249328613,twitch,2,like
1,bow,11.048072814941406,twitch,5,bow
2,cool bow,7.611549377441406,twitch,5,bow
4,like a cool bow,6.449793338775635,twitch,5,bow
1,a,11.316549301147461,twitch,3,a
2,like a,12.12984848022461,twitch,3,a
4,Kind of like a,12.101102828979492,twitch,3,a
1,can't,7.6911139488220215,twitch,1,can't
2,Who can't,7.6529765129089355,twitch,1,can't
1,we,11.5739107131958,twitch,5,we
2,arms we,7.389153003692627,twitch,5,we
4,roll their arms we,8.039762496948242,twitch,5,we
1,arms,10.221036911010742,twitch,4,arms
2,their arms,7.101774215698242,twitch,4,arms
4,can't roll their arms,4.857407569885254,twitch,4,arms
1,all,11.139111518859863,twitch,2,all
2,"God, all",7.2086005210876465,twitch,2,all
1,"God,",8.844258308410645,twitch,1,"God,"
2,"Hey, God,",7.21531343460083,twitch,1,"God,"
1,these,11.89498519897461,twitch,3,these
2,all these,10.337801933288574,twitch,3,these
4,"Hey, God, all these",9.614527702331543,twitch,3,these
1,dealing,7.231361389160156,twitch,4,dealing
2,Rogue dealing,7.029088020324707,twitch,4,dealing
4,hell is Rogue dealing,5.888002395629883,twitch,4,dealing
1,with,11.736027717590332,twitch,5,with
2,dealing with,9.516560554504395,twitch,5,with
4,is Rogue dealing with,9.145106315612793,twitch,5,with
1,Rogue,11.12149429321289,twitch,3,Rogue
2,is Rogue,9.808062553405762,twitch,3,Rogue
4,The hell is Rogue,8.471858024597168,twitch,3,Rogue
1,of,12.024920463562012,twitch,4,of
2,sound of,9.758336067199707,twitch,4,of
4,to the sound of,8.085638999938965,twitch,4,of
1,the,12.734390258789062,twitch,2,the
2,to the,12.121143341064453,twitch,2,the
1,sound,11.006141662597656,twitch,3,sound
2,the sound,4.112085342407227,twitch,3,sound
4,Listen to the sound,6.238241672515869,twitch,3,sound
1,him,11.09859561920166,twitch,1,him
2,Tell him,6.35756778717041,twitch,1,him
1,to,11.301959037780762,twitch,2,to
2,him to,10.547734260559082,twitch,2,to
1,fight,10.315569877624512,twitch,4,fight
2,go fight,7.4869160652160645,twitch,4,fight
4,him to go fight,7.867875576019287,twitch,4,fight
1,got,11.186014175415039,twitch,5,got
2,just got,7.323810577392578,twitch,5,got
4,think I just got,7.262162685394287,twitch,5,got
1,think,9.863617897033691,twitch,2,think
2,I think,5.887979984283447,twitch,2,think
1,I,11.117331504821777,twitch,3,I
2,think I,6.229201793670654,twitch,3,I
4,"Okay, I think I",5.578344345092773,twitch,3,I
1,here,9.959783554077148,twitch,3,here
2,sitting here,6.090231418609619,twitch,3,here
4,I'm so sitting here,5.896275997161865,twitch,3,here
1,sitting,8.438283920288086,twitch,2,sitting
2,so sitting,5.31639289855957,twitch,2,sitting
1,stuck,8.849407196044922,twitch,4,stuck
2,here stuck,5.153302192687988,twitch,4,stuck
4,so sitting here stuck,3.972564220428467,twitch,4,stuck
1,he's,10.79698371887207,twitch,3,he's
2,him he's,8.761634826660156,twitch,3,he's
4,look at him he's,8.528362274169922,twitch,3,he's
1,him,11.09859561920166,twitch,2,him
2,at him,5.921230792999268,twitch,2,him
1,this,10.959673881530762,twitch,5,this
2,in this,9.135798454284668,twitch,5,this
4,him he's in this,9.586898803710938,twitch,5,this
1,who's,9.509746551513672,twitch,3,who's
2,"Michelle, who's",8.471177101135254,twitch,3,who's
4,"This way Michelle, who's",8.749031066894531,twitch,3,who's
1,guy?,8.522347450256348,twitch,5,guy?
2,that guy?,7.791316509246826,twitch,5,guy?
4,"Michelle, who's that guy?",7.043140411376953,twitch,5,guy?
1,way,10.513489723205566,twitch,1,way
2,This way,4.397646903991699,twitch,1,way
1,here,9.959783554077148,twitch,2,here
2,right here,6.076265811920166,twitch,2,here
1,"me,",10.894597053527832,twitch,4,"me,"
2,"on me,",8.908100128173828,twitch,4,"me,"
4,"right here on me,",8.148155212402344,twitch,4,"me,"
1,right,10.864727020263672,twitch,1,right
2,"Oh, right",3.756272554397583,twitch,1,right
1,a,11.316549301147461,twitch,3,a
2,hide a,8.383793830871582,twitch,3,a
4,Did you hide a,10.451788902282715,twitch,3,a
1,hide,10.758994102478027,twitch,2,hide
2,you hide,6.440997123718262,twitch,2,hide
1,little,11.699698448181152,twitch,4,little
2,a little,9.63410758972168,twitch,4,little
4,you hide a little,5.68634033203125,twitch,4,little
1,the,12.734390258789062,twitch,5,the
2,are the,12.11293888092041,twitch,5,the
4,sure these are the,9.132353782653809,twitch,5,the
1,these,11.89498519897461,twitch,3,these
2,sure these,9.976808547973633,twitch,3,these
4,"Oh, you sure these",7.943281173706055,twitch,3,these
1,you,10.660537719726562,twitch,1,you
2,"Oh, you",6.250689506530762,twitch,1,you
1,get,11.412823677062988,twitch,3,get
2,to get,7.472585201263428,twitch,3,get
4,We have to get,6.98792839050293,twitch,3,get
1,right,10.864727020263672,twitch,5,right
2,primed right,6.991203784942627,twitch,5,right
4,to get primed right,2.876340866088867,twitch,5,right
1,have,10.692431449890137,twitch,1,have
2,We have,7.843870639801025,twitch,1,have
1,you,10.660537719726562,twitch,2,you
2,"Piggy, you",6.551806449890137,twitch,2,you
1,that,10.947566986083984,twitch,4,that
2,like that,9.032465934753418,twitch,4,that
4,"Piggy, you like that",8.220932960510254,twitch,4,that
1,like,11.612746238708496,twitch,3,like
2,you like,7.046749591827393,twitch,3,like
4,"Little Piggy, you like",8.18067741394043,twitch,3,like
1,new,12.007665634155273,twitch,3,new
2,someone new,4.123114585876465,twitch,3,new
4,I got someone new,5.486820697784424,twitch,3,new
1,my,12.444364547729492,twitch,5,my
2,on my,10.981941223144531,twitch,5,my
4,someone new on my,8.8118257522583,twitch,5,my
1,someone,10.048781394958496,twitch,2,someone
2,got someone,7.926332950592041,twitch,2,someone
1,he,11.501636505126953,twitch,3,he
2,"losing, he",8.175074577331543,twitch,3,he
4,"Just keep losing, he",5.805541515350342,twitch,3,he
1,keep,11.215170860290527,twitch,1,keep
2,Just keep,5.739445209503174,twitch,1,keep
1,a,11.316549301147461,twitch,5,a
2,teleports a,10.957590103149414,twitch,5,a
4,"losing, he teleports a",9.831329345703125,twitch,5,a
1,behind,11.124430656433105,twitch,3,behind
2,right behind,6.813018798828125,twitch,3,behind
4,He's like right behind,5.949607849121094,twitch,3,behind
1,big,12.034542083740234,twitch,5,big
2,this big,10.430724143981934,twitch,5,big
4,right behind this big,10.483172416687012,twitch,5,big
1,right,10.864727020263672,twitch,2,right
2,like right,7.267668724060059,twitch,2,right
1,with,11.736027717590332,twitch,3,with
2,messing with,9.149993896484375,twitch,3,with
4,they are messing with,6.486537456512451,twitch,3,with
1,the,12.734390258789062,twitch,4,the
2,with the,12.026729583740234,twitch,4,the
4,are messing with the,12.03040885925293,twitch,4,the
1,gang,10.849236488342285,twitch,5,gang
2,the gang,7.842334747314453,twitch,5,gang
4,messing with the gang,6.279173851013184,twitch,5,gang
1,right,10.864727020263672,twitch,5,right
2,that right,6.963468551635742,twitch,5,right
4,you dropped that right,5.313424587249756,twitch,5,right
1,dropped,7.7880401611328125,twitch,3,dropped
2,you dropped,6.619767665863037,twitch,3,dropped
4,I'm assuming you dropped,5.7434000968933105,twitch,3,dropped
1,you,10.660537719726562,twitch,2,you
2,assuming you,6.058231353759766,twitch,2,you
1,"me,",10.894597053527832,twitch,5,"me,"
2,"on me,",8.908100128173828,twitch,5,"me,"
4,"tyrannosaurus rex on me,",8.189488410949707,twitch,5,"me,"
1,a,11.316549301147461,twitch,1,a
2,There's a,8.183293342590332,twitch,1,a
1,tyrannosaurus,7.6591033935546875,twitch,2,tyrannosaurus
2,a tyrannosaurus,6.52178955078125,twitch,2,tyrannosaurus
1,to,11.301959037780762,twitch,5,to
2,want to,8.155804634094238,twitch,5,to
4,I don't want to,7.477568626403809,twitch,5,to
1,I,11.117331504821777,twitch,2,I
2,can't I,6.50583553314209,twitch,2,I
1,don't,7.345463752746582,twitch,3,don't
2,I don't,4.23712158203125,twitch,3,don't
4,I can't I don't,7.048074722290039,twitch,3,don't
1,it's,9.313949584960938,twitch,1,it's
2,"Yep, it's",7.68377685546875,twitch,1,it's
1,minute,10.864307403564453,twitch,5,minute
2,two minute,10.468941688537598,twitch,5,minute
4,like a two minute,10.345878601074219,twitch,5,minute
1,a,11.316549301147461,twitch,3,a
2,like a,12.12984848022461,twitch,3,a
4,"Yep, it's like a",11.749739646911621,twitch,3,a
1,serious,11.354036331176758,twitch,3,serious
2,so serious,7.465049743652344,twitch,3,serious
4,"Oh, we're so serious",4.176799297332764,twitch,3,serious
1,right,10.864727020263672,twitch,4,right
2,serious right,5.608854293823242,twitch,4,right
4,we're so serious right,0.18087725341320038,twitch,4,right
1,we're,7.409038543701172,twitch,1,we're
2,"Oh, we're",7.030540943145752,twitch,1,we're
1,good,10.838345527648926,twitch,4,good
2,you're good,5.1399126052856445,twitch,4,good
4,"muscle spasms, you're good",3.7956292629241943,twitch,4,good
1,"spasms,",10.379279136657715,twitch,2,"spasms,"
2,"muscle spasms,",9.685921669006348,twitch,2,"spasms,"
1,on,11.154274940490723,twitch,5,on
2,good on,9.569034576416016,twitch,5,on
4,"spasms, you're good on",6.03535270690918,twitch,5,on
1,you.,8.557815551757812,twitch,3,you.
2,for you.,8.045845985412598,twitch,3,you.
4,your balls for you.,7.529604911804199,twitch,3,you.
1,shit!,8.221312522888184,twitch,5,shit!
2,Holy shit!,8.041816711425781,twitch,5,shit!
4,for you. Holy shit!,7.503983020782471,twitch,5,shit!
1,balls,9.535999298095703,twitch,1,balls
2,your balls,7.284505844116211,twitch,1,balls
1,for,11.576336860656738,twitch,5,for
2,slots for,10.885433197021484,twitch,5,for
4,five reserve slots for,9.630741119384766,twitch,5,for
1,reserve,10.207207679748535,twitch,3,reserve
2,five reserve,9.200345993041992,twitch,3,reserve
4,We have five reserve,8.650211334228516,twitch,3,reserve
1,five,11.335679054260254,twitch,2,five
2,have five,9.294058799743652,twitch,2,five
1,just,11.214090347290039,twitch,3,just
2,was just,7.816351413726807,twitch,3,just
4,That guy was just,8.257852554321289,twitch,3,just
1,was,10.896289825439453,twitch,2,was
2,guy was,9.552244186401367,twitch,2,was
1,a,11.316549301147461,twitch,5,a
2,making a,11.277278900146484,twitch,5,a
4,was just making a,8.991310119628906,twitch,5,a
1,a,11.316549301147461,courtroom,3,a
2,was a,11.245882987976074,courtroom,3,a
4,the burning was a,10.65626049041748,courtroom,3,a
1,burning,11.626876831054688,courtroom,1,burning
2,the burning,6.790988445281982,courtroom,1,burning
1,was,10.896289825439453,courtroom,2,was
2,burning was,9.7633638381958,courtroom,2,was
1,about,11.107869148254395,courtroom,4,about
2,been about,7.964036464691162,courtroom,4,about
4,"Nadeau, it's been about",6.986452579498291,courtroom,4,about
1,a,11.316549301147461,courtroom,5,a
2,about a,10.505207061767578,courtroom,5,a
4,it's been about a,3.058919668197632,courtroom,5,a
1,been,10.934855461120605,courtroom,3,been
2,it's been,8.574029922485352,courtroom,3,been
4,"Mr. Nadeau, it's been",7.690685272216797,courtroom,3,been
1,you,10.660537719726562,courtroom,5,you
2,"NECC, you",5.921894550323486,courtroom,5,you
4,"Metro-Atlantic and NECC, you",4.923253536224365,courtroom,5,you
1,and,11.574933052062988,courtroom,3,and
2,Metro-Atlantic and,10.773555755615234,courtroom,3,and
4,worked for Metro-Atlantic and,10.385580062866211,courtroom,3,and
1,for,11.576336860656738,courtroom,1,for
2,worked for,9.612269401550293,courtroom,1,for
1,in,11.458725929260254,courtroom,2,in
2,people in,9.202834129333496,courtroom,2,in
1,those,11.217927932739258,courtroom,3,those
2,in those,9.924262046813965,courtroom,3,those
4,And people in those,7.7104034423828125,courtroom,3,those
1,used,10.730368614196777,courtroom,5,used
2,days used,6.01624059677124,courtroom,5,used
4,in those days used,2.5771384239196777,courtroom,5,used
1,back,10.862462043762207,courtroom,4,back
2,the back,5.567634105682373,courtroom,4,back
4,you said the back,6.452357292175293,courtroom,4,back
1,part,11.022899627685547,courtroom,5,part
2,back part,4.922497749328613,courtroom,5,part
4,said the back part,2.171064853668213,courtroom,5,part
1,said,9.272993087768555,courtroom,2,said
2,you said,6.2739081382751465,courtroom,2,said
1,"on,",10.979357719421387,courtroom,4,"on,"
2,"going on,",8.753860473632812,courtroom,4,"on,"
4,"it was going on,",6.863149166107178,courtroom,4,"on,"
1,I,11.117331504821777,courtroom,5,I
2,"on, I",7.499028205871582,courtroom,5,I
4,"was going on, I",6.333643436431885,courtroom,5,I
1,going,10.563369750976562,courtroom,3,going
2,was going,1.7791283130645752,courtroom,3,going
4,long it was going,2.634779453277588,courtroom,3,going
1,tanker,9.385262489318848,courtroom,1,tanker
2,The tanker,8.188881874084473,courtroom,1,tanker
1,up,10.697288513183594,courtroom,3,up
2,pulled up,7.009766578674316,courtroom,3,up
4,The tanker pulled up,5.240545272827148,courtroom,3,up
1,to,11.301959037780762,courtroom,4,to
2,up to,10.544133186340332,courtroom,4,to
4,tanker pulled up to,6.170050621032715,courtroom,4,to
1,believe,6.32547664642334,courtroom,2,believe
2,I believe,5.561261177062988,courtroom,2,believe
1,you,10.660537719726562,courtroom,3,you
2,believe you,6.427078723907471,courtroom,3,you
4,And I believe you,6.158590793609619,courtroom,3,you
1,testified,8.56330394744873,courtroom,4,testified
2,you testified,4.509915828704834,courtroom,4,testified
4,I believe you testified,5.177484035491943,courtroom,4,testified
1,recall,9.789066314697266,courtroom,3,recall
2,you recall,6.171844005584717,courtroom,3,recall
4,And do you recall,6.1513543128967285,courtroom,3,recall
1,testimony,6.126471996307373,courtroom,6,testimony
2,was testimony,5.02176570892334,courtroom,6,testimony
4,recall that was testimony,5.339534759521484,courtroom,6,testimony
1,was,10.896289825439453,courtroom,5,was
2,that was,8.553487777709961,courtroom,5,was
4,you recall that was,7.753196716308594,courtroom,5,was
1,27th,8.367218971252441,courtroom,3,27th
2,this 27th,7.86875057220459,courtroom,3,27th
4,my hand this 27th,8.346170425415039,courtroom,3,27th
1,day,10.5936279296875,courtroom,4,day
2,27th day,5.340519905090332,courtroom,4,day
4,hand this 27th day,4.794356346130371,courtroom,4,day
1,"June,",8.831873893737793,courtroom,6,"June,"
2,"of June,",8.885115623474121,courtroom,6,"June,"
4,"27th day of June,",8.816370964050293,courtroom,6,"June,"
1,time,10.924384117126465,courtroom,1,time
2,The time,6.519556045532227,courtroom,1,time
1,period,10.635198593139648,courtroom,2,period
2,time period,5.957489967346191,courtroom,2,period
1,when,10.965540885925293,courtroom,3,when
2,period when,8.208696365356445,courtroom,3,when
4,The time period when,8.532454490661621,courtroom,3,when
1,that,10.947566986083984,courtroom,4,that
2,from that,9.907174110412598,courtroom,4,that
4,they went from that,9.4443359375,courtroom,4,that
1,"point,",10.939696311950684,courtroom,5,"point,"
2,"that point,",8.616064071655273,courtroom,5,"point,"
4,"went from that point,",8.0648832321167,courtroom,5,"point,"
1,from,11.629947662353516,courtroom,3,from
2,went from,10.173919677734375,courtroom,3,from
4,Where they went from,10.377070426940918,courtroom,3,from
1,of,12.024920463562012,courtroom,5,of
2,kind of,11.920049667358398,courtroom,5,of
4,remember what kind of,11.053938865661621,courtroom,5,of
1,what,10.599081993103027,courtroom,3,what
2,remember what,5.496126174926758,courtroom,3,what
4,Do you remember what,6.076560020446777,courtroom,3,what
1,you,10.660537719726562,courtroom,1,you
2,Do you,5.721115589141846,courtroom,1,you
1,bottom,10.694440841674805,courtroom,5,bottom
2,the bottom,5.117857456207275,courtroom,5,bottom
4,see to the bottom,3.399766206741333,courtroom,5,bottom
1,of,12.024920463562012,courtroom,6,of
2,bottom of,6.894179821014404,courtroom,6,of
4,to the bottom of,3.568729877471924,courtroom,6,of
1,to,11.301959037780762,courtroom,3,to
2,see to,10.011463165283203,courtroom,3,to
4,could not see to,2.8312668800354004,courtroom,3,to
1,river,10.380720138549805,courtroom,5,river
2,the river,7.876283645629883,courtroom,5,river
4,agree that the river,7.712623596191406,courtroom,5,river
1,that,10.947566986083984,courtroom,3,that
2,agree that,8.371623039245605,courtroom,3,that
4,Would you agree that,8.504350662231445,courtroom,3,that
1,was,10.896289825439453,courtroom,6,was
2,river was,9.491759300231934,courtroom,6,was
4,that the river was,9.30527400970459,courtroom,6,was
1,that,10.947566986083984,courtroom,1,that
2,And that,5.664247512817383,courtroom,1,that
1,was,10.896289825439453,courtroom,2,was
2,that was,8.553487777709961,courtroom,2,was
1,the,12.734390258789062,courtroom,3,the
2,was the,9.750276565551758,courtroom,3,the
4,And that was the,9.35113525390625,courtroom,3,the
1,were,11.316572189331055,courtroom,6,were
2,stints were,9.666122436523438,courtroom,6,were
4,last two stints were,9.253823280334473,courtroom,6,were
1,think,9.863617897033691,courtroom,1,think
2,I think,5.887979984283447,courtroom,1,think
1,two,11.198701858520508,courtroom,4,two
2,last two,8.608201026916504,courtroom,4,two
4,think the last two,7.732417583465576,courtroom,4,two
1,your,12.634740829467773,courtroom,3,your
2,was your,10.075900077819824,courtroom,3,your
4,And that was your,9.704872131347656,courtroom,3,your
1,that,10.947566986083984,courtroom,1,that
2,And that,5.664247512817383,courtroom,1,that
1,at,11.502521514892578,courtroom,6,at
2,memory at,9.419161796569824,courtroom,6,at
4,your best memory at,7.866621017456055,courtroom,6,at
1,windows,10.70998764038086,courtroom,3,windows
2,the windows,7.118146896362305,courtroom,3,windows
4,"assuming, and the windows",7.32940673828125,courtroom,3,windows
1,sitting,8.438283920288086,courtroom,5,sitting
2,were sitting,4.885366916656494,courtroom,5,sitting
4,the windows were sitting,5.539224147796631,courtroom,5,sitting
1,and,11.574933052062988,courtroom,1,and
2,"assuming, and",10.154582977294922,courtroom,1,and
1,page,10.402233123779297,courtroom,4,page
2,the page,7.201315402984619,courtroom,4,page
4,16 on the page,6.106657981872559,courtroom,4,page
1,the,12.734390258789062,courtroom,3,the
2,on the,12.704998970031738,courtroom,3,the
4,through 16 on the,11.317983627319336,courtroom,3,the
1,just,11.214090347290039,courtroom,6,just
2,I just,6.858152866363525,courtroom,6,just
4,the page I just,7.077320575714111,courtroom,6,just
1,"deposition,",10.61822509765625,courtroom,6,"deposition,"
2,"your deposition,",8.627413749694824,courtroom,6,"deposition,"
4,"time of your deposition,",7.440649032592773,courtroom,6,"deposition,"
1,the,12.734390258789062,courtroom,2,the
2,at the,11.857196807861328,courtroom,2,the
1,time,10.924384117126465,courtroom,3,time
2,the time,6.469259262084961,courtroom,3,time
4,And at the time,3.5923821926116943,courtroom,3,time
1,right,10.864727020263672,courtroom,6,right
2,area right,6.444103240966797,courtroom,6,right
4,the maintenance area right,5.049432754516602,courtroom,6,right
1,area,10.593823432922363,courtroom,5,area
2,maintenance area,6.095265865325928,courtroom,5,area
4,from the maintenance area,5.426811218261719,courtroom,5,area
1,from,11.629947662353516,courtroom,2,from
2,across from,8.624372482299805,courtroom,2,from
1,product,10.50231647491455,courtroom,5,product
2,that product,6.600252151489258,courtroom,5,product
4,how long that product,4.913479804992676,courtroom,5,product
1,that,10.947566986083984,courtroom,4,that
2,long that,8.8599214553833,courtroom,4,that
4,of how long that,9.061870574951172,courtroom,4,that
1,of,12.024920463562012,courtroom,1,of
2,approximation of,10.15809154510498,courtroom,1,of
1,you,10.660537719726562,courtroom,2,you
2,do you,5.67453145980835,courtroom,2,you
1,do,10.671449661254883,courtroom,1,do
2,And do,4.727569103240967,courtroom,1,do
1,see,10.684712409973145,courtroom,3,see
2,you see,6.7522711753845215,courtroom,3,see
4,And do you see,5.509714126586914,courtroom,3,see
1,building,10.376143455505371,courtroom,5,building
2,the building,6.529651641845703,courtroom,5,building
4,level of the building,6.273510456085205,courtroom,5,building
1,the,12.734390258789062,courtroom,4,the
2,of the,12.293905258178711,courtroom,4,the
4,what level of the,11.995651245117188,courtroom,4,the
1,what,10.599081993103027,courtroom,1,what
2,And what,5.899942398071289,courtroom,1,what
1,remember,9.751459121704102,courtroom,6,remember
2,you remember,6.299363136291504,courtroom,6,remember
4,"described, do you remember",6.908270359039307,courtroom,6,remember
1,you,10.660537719726562,courtroom,5,you
2,do you,5.67453145980835,courtroom,5,you
4,"you described, do you",5.797146797180176,courtroom,5,you
1,"described,",8.094003677368164,courtroom,3,"described,"
2,"you described,",8.580486297607422,courtroom,3,"described,"
4,"drains that you described,",7.958009243011475,courtroom,3,"described,"
1,out,10.346115112304688,courtroom,3,out
2,hauled out,5.415947437286377,courtroom,3,out
4,It was hauled out,3.865529775619507,courtroom,3,out
1,of,12.024920463562012,courtroom,6,of
2,top of,7.2617316246032715,courtroom,6,of
4,out the top of,4.097073554992676,courtroom,6,of
1,the,12.734390258789062,courtroom,4,the
2,out the,12.475030899047852,courtroom,4,the
4,was hauled out the,5.938501358032227,courtroom,4,the
1,they,10.613469123840332,courtroom,3,they
2,when they,8.072242736816406,courtroom,3,they
4,So that when they,7.96132755279541,courtroom,3,they
1,were,11.316572189331055,courtroom,4,were
2,they were,10.10306167602539,courtroom,4,were
4,that when they were,9.808066368103027,courtroom,4,were
1,when,10.965540885925293,courtroom,2,when
2,that when,7.6304545402526855,courtroom,2,when
1,today,9.722012519836426,courtroom,5,today
2,me today,4.933770656585693,courtroom,5,today
4,you tell me today,5.187135219573975,courtroom,5,today
1,can,10.825804710388184,courtroom,1,can
2,What can,4.509061813354492,courtroom,1,can
1,having,10.4647855758667,courtroom,6,having
2,today having,8.442099571228027,courtroom,6,having
4,tell me today having,7.404547214508057,courtroom,6,having
1,color,11.309632301330566,courtroom,2,color
2,change color,8.320749282836914,courtroom,2,color
1,after,11.275282859802246,courtroom,3,after
2,color after,9.556281089782715,courtroom,3,after
4,building change color after,8.960511207580566,courtroom,3,after
1,the,12.734390258789062,courtroom,6,the
2,washed the,12.011592864990234,courtroom,6,the
4,after you washed the,10.106388092041016,courtroom,6,the
1,don't,7.345463752746582,courtroom,6,don't
2,I don't,4.23712158203125,courtroom,6,don't
4,"they go, I don't",4.6723127365112305,courtroom,6,don't
1,far,11.225980758666992,courtroom,1,far
2,How far,6.257358551025391,courtroom,1,far
1,I,11.117331504821777,courtroom,5,I
2,"go, I",7.234925270080566,courtroom,5,I
4,"down they go, I",6.220139503479004,courtroom,5,I
1,are,11.507725715637207,courtroom,4,are
2,you are,9.113188743591309,courtroom,4,are
4,you -- you are,8.611499786376953,courtroom,4,are
1,to,11.301959037780762,courtroom,6,to
2,attempting to,9.915422439575195,courtroom,6,to
4,you are attempting to,9.637919425964355,courtroom,6,to
1,you,10.660537719726562,courtroom,3,you
2,-- you,6.39027214050293,courtroom,3,you
4,impeachment you -- you,6.717440128326416,courtroom,3,you
1,"right,",11.24286937713623,courtroom,3,"right,"
2,"to right,",9.840117454528809,courtroom,3,"right,"
4,"wall left to right,",11.360006332397461,courtroom,3,"right,"
1,to,11.301959037780762,courtroom,2,to
2,left to,2.615504264831543,courtroom,2,to
1,point,10.532609939575195,courtroom,6,point
2,compass point,8.254032135009766,courtroom,6,point
4,"right, whatever compass point",5.029884338378906,courtroom,6,point
1,think,9.863617897033691,courtroom,1,think
2,I think,5.887979984283447,courtroom,1,think
1,the,12.734390258789062,courtroom,2,the
2,think the,11.731749534606934,courtroom,2,the
1,removal,6.073160171508789,courtroom,3,removal
2,the removal,1.645673155784607,courtroom,3,removal
4,I think the removal,1.156245231628418,courtroom,3,removal
1,that,10.947566986083984,courtroom,1,that
2,material that,8.674407005310059,courtroom,1,that
1,chipped,8.543822288513184,courtroom,3,chipped
2,was chipped,5.521224498748779,courtroom,3,chipped
4,material that was chipped,5.045041561126709,courtroom,3,chipped
1,the,12.734390258789062,courtroom,6,the
2,of the,12.293905258178711,courtroom,6,the
4,chipped out of the,11.16982650756836,courtroom,6,the
1,that,10.947566986083984,courtroom,4,that
2,drums that,9.31564998626709,courtroom,4,that
4,from the drums that,9.692118644714355,courtroom,4,that
1,were,11.316572189331055,courtroom,5,were
2,that were,10.17459774017334,courtroom,5,were
4,the drums that were,8.45164680480957,courtroom,5,were
1,drums,8.221752166748047,courtroom,3,drums
2,the drums,6.64790153503418,courtroom,3,drums
4,removed from the drums,5.993097305297852,courtroom,3,drums
1,do,10.671449661254883,courtroom,1,do
2,And do,4.727569103240967,courtroom,1,do
1,what,10.599081993103027,courtroom,4,what
2,recall what,7.020586967468262,courtroom,4,what
4,do you recall what,6.35225772857666,courtroom,4,what
1,done,10.182465553283691,courtroom,6,done
2,was done,5.842084884643555,courtroom,6,done
4,recall what was done,4.618985652923584,courtroom,6,done
1,of,12.024920463562012,courtroom,1,of
2,piece of,11.419017791748047,courtroom,1,of
1,"unloaded,",10.161520004272461,courtroom,6,"unloaded,"
2,"were unloaded,",8.590838432312012,courtroom,6,"unloaded,"
4,"estate trucks were unloaded,",8.594670295715332,courtroom,6,"unloaded,"
1,estate,10.666257858276367,courtroom,3,estate
2,real estate,8.280693054199219,courtroom,3,estate
4,piece of real estate,7.196313858032227,courtroom,3,estate
1,couldn't,6.892276763916016,courtroom,6,couldn't
2,that couldn't,4.690918922424316,courtroom,6,couldn't
4,see drums that couldn't,5.584499359130859,courtroom,6,couldn't
1,drums,8.221752166748047,courtroom,4,drums
2,see drums,5.482563495635986,courtroom,4,drums
4,you ever see drums,7.147942543029785,courtroom,4,drums
1,you,10.660537719726562,courtroom,1,you
2,Did you,6.972372531890869,courtroom,1,you
1,ever,10.817558288574219,courtroom,5,ever
2,you ever,8.062797546386719,courtroom,5,ever
4,"NECC, did you ever",6.940684795379639,courtroom,5,ever
1,see,10.684712409973145,courtroom,6,see
2,ever see,7.387680530548096,courtroom,6,see
4,did you ever see,6.654472351074219,courtroom,6,see
1,"NECC,",11.048028945922852,courtroom,2,"NECC,"
2,"or NECC,",10.704385757446289,courtroom,2,"NECC,"
1,of,12.024920463562012,courtroom,1,of
2,one of,5.783963203430176,courtroom,1,of
1,wasn't,8.325348854064941,courtroom,6,wasn't
2,I wasn't,7.474949836730957,courtroom,6,wasn't
4,summers that I wasn't,8.01757526397705,courtroom,6,wasn't
1,that,10.947566986083984,courtroom,4,that
2,summers that,9.501520156860352,courtroom,4,that
4,of the summers that,8.05211353302002,courtroom,4,that
1,there,9.811803817749023,courtroom,3,there
2,-- there,3.6028032302856445,courtroom,3,there
4,Some were -- there,2.813345432281494,courtroom,3,there
1,hose,10.069846153259277,courtroom,6,hose
2,a hose,6.924951553344727,courtroom,6,hose
4,there was a hose,7.32539176940918,courtroom,6,hose
1,--,10.854382514953613,courtroom,2,--
2,were --,8.716622352600098,courtroom,2,--
1,back,10.862462043762207,courtroom,3,back
2,put back,6.922995567321777,courtroom,3,back
4,rolled and put back,5.1411356925964355,courtroom,3,back
1,into,11.359146118164062,courtroom,4,into
2,back into,8.122292518615723,courtroom,4,into
4,and put back into,6.5152974128723145,courtroom,4,into
1,and,11.574933052062988,courtroom,1,and
2,rolled and,12.755939483642578,courtroom,1,and
1,when,10.965540885925293,courtroom,1,when
2,And when,6.744146823883057,courtroom,1,when
1,weren't,8.807559967041016,courtroom,5,weren't
2,they weren't,9.596198081970215,courtroom,5,weren't
4,you say they weren't,9.293805122375488,courtroom,5,weren't
1,they,10.613469123840332,courtroom,4,they
2,say they,6.591498374938965,courtroom,4,they
4,when you say they,5.611196041107178,courtroom,4,they
1,the,12.734390258789062,courtroom,4,the
2,of the,12.293905258178711,courtroom,4,the
4,or any of the,10.145057678222656,courtroom,4,the
1,of,12.024920463562012,courtroom,6,of
2,management of,10.12024974822998,courtroom,6,of
4,of the management of,8.886817932128906,courtroom,6,of
1,any,11.360147476196289,courtroom,2,any
2,or any,8.900201797485352,courtroom,2,any
1,read,10.640660285949707,courtroom,4,read
2,you've read,6.031660556793213,courtroom,4,read
4,now that you've read,5.829359531402588,courtroom,4,read
1,now,10.869876861572266,courtroom,1,now
2,recollection now,9.16708755493164,courtroom,1,now
1,you've,6.253358840942383,courtroom,3,you've
2,that you've,6.771064758300781,courtroom,3,you've
4,recollection now that you've,7.719456195831299,courtroom,3,you've
1,never,11.493278503417969,courtroom,1,never
2,I never,7.523129463195801,courtroom,1,never
1,looked,7.607503890991211,courtroom,2,looked
2,never looked,5.680160999298096,courtroom,2,looked
1,the,12.734390258789062,courtroom,6,the
2,by the,12.546070098876953,courtroom,6,the
4,at that by the,7.95142936706543,courtroom,6,the
1,"deposition,",10.61822509765625,courtroom,5,"deposition,"
2,"the deposition,",8.814231872558594,courtroom,5,"deposition,"
4,"-- not the deposition,",6.5391058921813965,courtroom,5,"deposition,"
1,the,12.734390258789062,courtroom,4,the
2,not the,9.010754585266113,courtroom,4,the
4,gave -- not the,10.936483383178711,courtroom,4,the
1,--,10.854382514953613,courtroom,2,--
2,gave --,10.183719635009766,courtroom,2,--
1,or,11.46521282196045,courtroom,4,or
2,level or,10.185084342956543,courtroom,4,or
4,the land level or,9.568476676940918,courtroom,4,or
1,did,10.002723693847656,courtroom,5,did
2,or did,5.478621482849121,courtroom,5,did
4,land level or did,5.1426568031311035,courtroom,5,did
1,land,10.450169563293457,courtroom,2,land
2,the land,6.79118537902832,courtroom,2,land
1,see,10.684712409973145,courtroom,4,see
2,ever see,7.387680530548096,courtroom,4,see
4,did you ever see,6.654472351074219,courtroom,4,see
1,ever,10.817558288574219,courtroom,3,ever
2,you ever,8.062797546386719,courtroom,3,ever
4,And did you ever,6.300504684448242,courtroom,3,ever
1,did,10.002723693847656,courtroom,1,did
2,And did,5.030570983886719,courtroom,1,did
1,in,11.458725929260254,courtroom,4,in
2,testifying in,8.644464492797852,courtroom,4,in
4,you recall testifying in,7.342883586883545,courtroom,4,in
1,testifying,8.480387687683105,courtroom,3,testifying
2,recall testifying,4.885395050048828,courtroom,3,testifying
4,So you recall testifying,3.9285311698913574,courtroom,3,testifying
1,2002,8.967302322387695,courtroom,5,2002
2,in 2002,5.428994178771973,courtroom,5,2002
4,recall testifying in 2002,4.817602157592773,courtroom,5,2002
1,on,11.154274940490723,courtroom,3,on
2,steps on,8.908773422241211,courtroom,3,on
4,It had steps on,6.401091575622559,courtroom,3,on
1,I,11.117331504821777,courtroom,6,I
2,"side, I",7.838324069976807,courtroom,6,I
4,"on one side, I",7.404388427734375,courtroom,6,I
1,had,11.16131591796875,courtroom,1,had
2,It had,6.698814868927002,courtroom,1,had
1,nothing,9.949542045593262,courtroom,2,nothing
2,was nothing,5.953823566436768,courtroom,2,nothing
1,was,10.896289825439453,courtroom,1,was
2,There was,5.128911018371582,courtroom,1,was
1,us,11.194427490234375,courtroom,4,us
2,for us,5.143289089202881,courtroom,4,us
4,was nothing for us,4.049973487854004,courtroom,4,us
1,area,10.593823432922363,courtroom,4,area
2,an area,5.571434497833252,courtroom,4,area
4,pointing to an area,6.33045768737793,courtroom,4,area
1,an,11.774314880371094,courtroom,3,an
2,to an,10.538530349731445,courtroom,3,an
4,line pointing to an,10.105936050415039,courtroom,3,an
1,inside,11.155008316040039,courtroom,5,inside
2,area inside,5.939871311187744,courtroom,5,inside
4,to an area inside,5.077559947967529,courtroom,5,inside
1,wouldn't,5.89302921295166,courtroom,2,wouldn't
2,you wouldn't,5.969056606292725,courtroom,2,wouldn't
1,be,11.872392654418945,courtroom,3,be
2,wouldn't be,8.279696464538574,courtroom,3,be
4,And you wouldn't be,5.958695411682129,courtroom,3,be
1,you,10.660537719726562,courtroom,1,you
2,And you,5.847406387329102,courtroom,1,you
1,from,11.629947662353516,courtroom,3,from
2,went from,10.173919677734375,courtroom,3,from
4,Where it went from,9.379415512084961,courtroom,3,from
1,I,11.117331504821777,courtroom,5,I
2,"that, I",6.103224277496338,courtroom,5,I
4,"went from that, I",6.976339817047119,courtroom,5,I
1,went,10.454033851623535,courtroom,2,went
2,it went,5.986276626586914,courtroom,2,went
1,for,11.576336860656738,courtroom,1,for
2,worked for,9.612269401550293,courtroom,1,for
1,"summer,",10.575935363769531,courtroom,6,"summer,"
2,"one summer,",9.243134498596191,courtroom,6,"summer,"
4,"England Container one summer,",9.40034294128418,courtroom,6,"summer,"
1,Container,10.9584379196167,courtroom,4,Container
2,England Container,10.168295860290527,courtroom,4,Container
4,for New England Container,8.842793464660645,courtroom,4,Container
1,bottom,10.694440841674805,courtroom,4,bottom
2,the bottom,5.117857456207275,courtroom,4,bottom
4,number at the bottom,3.443791627883911,courtroom,4,bottom
1,the,12.734390258789062,courtroom,3,the
2,at the,11.857196807861328,courtroom,3,the
4,a number at the,7.418525218963623,courtroom,3,the
1,at,11.502521514892578,courtroom,2,at
2,number at,7.663368225097656,courtroom,2,at
1,don't,7.345463752746582,courtroom,1,don't
2,Why don't,3.0310938358306885,courtroom,1,don't
1,other,11.661579132080078,courtroom,5,other
2,the other,9.178586959838867,courtroom,5,other
4,we go the other,0.8312765955924988,courtroom,5,other
1,the,12.734390258789062,courtroom,4,the
2,go the,12.585803031921387,courtroom,4,the
4,don't we go the,7.322979927062988,courtroom,4,the
1,shared,11.553055763244629,courtroom,1,shared
2,"believe, shared",6.721992015838623,courtroom,1,shared
1,always,11.110249519348145,courtroom,5,always
2,were always,10.083048820495605,courtroom,5,always
4,because they were always,9.775057792663574,courtroom,5,always
1,in,11.458725929260254,courtroom,6,in
2,always in,8.303336143493652,courtroom,6,in
4,they were always in,7.945891857147217,courtroom,6,in
1,Buonanno,9.552264213562012,courtroom,2,Buonanno
2,Mr. Buonanno,5.820079803466797,courtroom,2,Buonanno
1,the,12.734390258789062,courtroom,6,the
2,"family, the",11.71383285522461,courtroom,6,the
4,"and the family, the",11.613898277282715,courtroom,6,the
1,the,12.734390258789062,courtroom,4,the
2,and the,12.488967895507812,courtroom,4,the
4,Mr. Buonanno and the,11.10206127166748,courtroom,4,the
1,Peloso,8.681751251220703,courtroom,2,Peloso
2,John Peloso,5.593954086303711,courtroom,2,Peloso
1,was,10.896289825439453,courtroom,3,was
2,Peloso was,9.31569766998291,courtroom,3,was
4,colleague John Peloso was,8.8788480758667,courtroom,3,was
1,here,9.959783554077148,courtroom,4,here
2,was here,5.785106658935547,courtroom,4,here
4,John Peloso was here,5.3206071853637695,courtroom,4,here
1,an,11.774314880371094,courtroom,3,an
2,I'm an,9.011110305786133,courtroom,3,an
4,"L-E-S-H-A-K, and I'm an",9.612156867980957,courtroom,3,an
1,the,12.734390258789062,courtroom,6,the
2,with the,12.026729583740234,courtroom,6,the
4,an intern with the,11.012513160705566,courtroom,6,the
1,and,11.574933052062988,courtroom,1,and
2,"L-E-S-H-A-K, and",10.564943313598633,courtroom,1,and
1,you,10.660537719726562,courtroom,2,you
2,time you,7.254073619842529,courtroom,2,you
1,couple,9.054174423217773,courtroom,6,couple
2,a couple,5.7184343338012695,courtroom,6,couple
4,were here a couple,1.8869329690933228,courtroom,6,couple
1,time,10.924384117126465,courtroom,1,time
2,Last time,5.800394058227539,courtroom,1,time
1,of,12.024920463562012,courtroom,3,of
2,amount of,11.294883728027344,courtroom,3,of
4,a certain amount of,10.165994644165039,courtroom,3,of
1,certain,11.718639373779297,courtroom,1,certain
2,a certain,11.132570266723633,courtroom,1,certain
1,amount,10.175763130187988,courtroom,2,amount
2,certain amount,2.642625570297241,courtroom,2,amount
1,outside,10.25705623626709,courtroom,5,outside
2,the outside,5.454772472381592,courtroom,5,outside
4,tanks on the outside,5.167474746704102,courtroom,5,outside
1,tanks,7.931211948394775,courtroom,2,tanks
2,storage tanks,5.85629415512085,courtroom,2,tanks
1,on,11.154274940490723,courtroom,3,on
2,tanks on,8.577670097351074,courtroom,3,on
4,The storage tanks on,5.284240245819092,courtroom,3,on
1,heavy,11.692914009094238,courtroom,1,heavy
2,where heavy,9.524293899536133,courtroom,1,heavy
1,be,11.872392654418945,courtroom,4,be
2,could be,9.715964317321777,courtroom,4,be
4,heavy equipment could be,8.610491752624512,courtroom,4,be
1,in,11.458725929260254,courtroom,6,in
2,brought in,7.058366775512695,courtroom,6,in
4,could be brought in,6.3301825523376465,courtroom,6,in
1,would,10.050649642944336,courtroom,1,would
2,It would,4.547184467315674,courtroom,1,would
1,have,10.692431449890137,courtroom,2,have
2,would have,7.024572849273682,courtroom,2,have
1,in,11.458725929260254,courtroom,4,in
2,been in,7.8489580154418945,courtroom,4,in
4,would have been in,7.9682393074035645,courtroom,4,in
1,the,12.734390258789062,courtroom,2,the
2,off the,12.695199966430664,courtroom,2,the
1,from,11.629947662353516,courtroom,6,from
2,came from,9.35335636138916,courtroom,6,from
4,basement floor came from,6.256423473358154,courtroom,6,from
1,basement,8.084311485290527,courtroom,3,basement
2,the basement,5.648885250091553,courtroom,3,basement
4,washed off the basement,6.589005947113037,courtroom,3,basement
1,you,10.660537719726562,courtroom,1,you
2,Do you,5.721115589141846,courtroom,1,you
1,if,11.083032608032227,courtroom,3,if
2,know if,6.317662715911865,courtroom,3,if
4,Do you know if,5.028355121612549,courtroom,3,if
1,know,10.400792121887207,courtroom,2,know
2,you know,4.4257073402404785,courtroom,2,know
1,changed,10.416707992553711,courtroom,6,changed
2,tailrace changed,6.361138343811035,courtroom,6,changed
4,that the tailrace changed,6.840124130249023,courtroom,6,changed
1,the,12.734390258789062,courtroom,4,the
2,that the,12.474541664123535,courtroom,4,the
4,you recall that the,12.235978126525879,courtroom,4,the
1,you,10.660537719726562,courtroom,1,you
2,that you,6.296186923980713,courtroom,1,you
1,bad,11.273366928100586,courtroom,5,bad
2,with bad,10.060203552246094,courtroom,5,bad
4,came back with bad,6.843466758728027,courtroom,5,bad
1,"drums,",11.27441120147705,courtroom,6,"drums,"
2,"bad drums,",10.534183502197266,courtroom,6,"drums,"
4,"back with bad drums,",9.564790725708008,courtroom,6,"drums,"
1,back,10.862462043762207,courtroom,3,back
2,came back,5.040078163146973,courtroom,3,back
4,When they came back,4.411444187164307,courtroom,3,back
1,or,11.46521282196045,courtroom,6,or
2,area or,11.290332794189453,courtroom,6,or
4,a holding area or,10.176445960998535,courtroom,6,or
1,holding,11.035907745361328,courtroom,4,holding
2,a holding,7.996037006378174,courtroom,4,holding
4,pit was a holding,6.553738117218018,courtroom,4,holding
1,pit,11.11029052734375,courtroom,1,pit
2,The pit,6.873110771179199,courtroom,1,pit
1,the,12.734390258789062,courtroom,3,the
2,be the,10.922423362731934,courtroom,3,the
4,Would that be the,9.041399002075195,courtroom,3,the
1,where,11.376585006713867,courtroom,5,where
2,place where,7.177934646606445,courtroom,5,where
4,be the place where,7.899455547332764,courtroom,5,where
1,be,11.872392654418945,courtroom,2,be
2,that be,9.521812438964844,courtroom,2,be
1,us,11.194427490234375,courtroom,4,us
2,for us,5.143289089202881,courtroom,4,us
4,it's important for us,1.7554612159729004,courtroom,4,us
1,get,11.412823677062988,courtroom,6,get
2,to get,7.472585201263428,courtroom,6,get
4,for us to get,7.798759460449219,courtroom,6,get
1,important,10.641288757324219,courtroom,2,important
2,it's important,2.7663862705230713,courtroom,2,important
1,--,10.854382514953613,courtroom,5,--
2,word --,11.621932983398438,courtroom,5,--
4,have the word --,8.732832908630371,courtroom,5,--
1,you,10.660537719726562,courtroom,1,you
2,"Now, you",5.117754936218262,courtroom,1,you
1,the,12.734390258789062,courtroom,3,the
2,have the,10.191239356994629,courtroom,3,the
4,"Now, you have the",9.655630111694336,courtroom,3,the
1,--,10.854382514953613,courtroom,5,--
2,that --,9.3919095993042,courtroom,5,--
4,river in that --,8.136000633239746,courtroom,5,--
1,that,10.947566986083984,courtroom,1,that
2,Along that,8.653463363647461,courtroom,1,that
1,on,11.154274940490723,courtroom,6,on
2,-- on,8.985374450683594,courtroom,6,on
4,in that -- on,7.674814701080322,courtroom,6,on
1,that,10.947566986083984,courtroom,3,that
2,building that,8.860119819641113,courtroom,3,that
4,"there, the building that",8.344895362854004,courtroom,3,that
1,you've,6.253358840942383,courtroom,4,you've
2,that you've,6.771064758300781,courtroom,4,you've
4,the building that you've,5.753244876861572,courtroom,4,you've
1,as,11.068653106689453,courtroom,6,as
2,identified as,9.637935638427734,courtroom,6,as
4,that you've identified as,6.825900077819824,courtroom,6,as
1,and,11.574933052062988,courtroom,5,and
2,yourself and,8.765305519104004,courtroom,5,and
4,those to yourself and,6.376938343048096,courtroom,5,and
1,yourself,6.903914928436279,courtroom,4,yourself
2,to yourself,5.557799816131592,courtroom,4,yourself
4,read those to yourself,4.546574592590332,courtroom,4,yourself
1,to,11.301959037780762,courtroom,3,to
2,those to,9.34603214263916,courtroom,3,to
4,Just read those to,6.871417999267578,courtroom,3,to
1,the,12.734390258789062,courtroom,2,the
2,were the,9.816084861755371,courtroom,2,the
1,storage,10.471068382263184,courtroom,3,storage
2,the storage,6.944482803344727,courtroom,3,storage
4,And were the storage,8.777961730957031,courtroom,3,storage
1,the,12.734390258789062,courtroom,6,the
2,on the,12.704998970031738,courtroom,6,the
4,storage tanks on the,9.95323657989502,courtroom,6,the
1,you,10.660537719726562,courtroom,5,you
2,if you,6.188261985778809,courtroom,5,you
4,that -- if you,7.212324619293213,courtroom,5,you
1,that,10.947566986083984,courtroom,2,that
2,caused that,9.468164443969727,courtroom,2,that
1,--,10.854382514953613,courtroom,3,--
2,that --,9.3919095993042,courtroom,3,--
4,What caused that --,8.186925888061523,courtroom,3,--
1,about,11.107869148254395,courtroom,3,about
2,recall about,7.874334812164307,courtroom,3,about
4,Do you recall about,6.966039657592773,courtroom,3,about
1,recall,9.789066314697266,courtroom,2,recall
2,you recall,6.171844005584717,courtroom,2,recall
1,how,10.923521041870117,courtroom,4,how
2,about how,7.21442985534668,courtroom,4,how
4,you recall about how,8.589605331420898,courtroom,4,how
1,to,11.301959037780762,courtroom,5,to
2,exhibit to,9.788192749023438,courtroom,5,to
4,the next exhibit to,7.206418514251709,courtroom,5,to
1,next,10.758065223693848,courtroom,3,next
2,the next,8.17951488494873,courtroom,3,next
4,marked as the next,10.560770034790039,courtroom,3,next
1,as,11.068653106689453,courtroom,1,as
2,marked as,9.560273170471191,courtroom,1,as
1,the,12.734390258789062,courtroom,6,the
2,pull the,12.050036430358887,courtroom,6,the
4,and we'd pull the,9.693279266357422,courtroom,6,the
1,pull,11.105443954467773,courtroom,5,pull
2,we'd pull,5.96968412399292,courtroom,5,pull
4,trucks and we'd pull,5.335463523864746,courtroom,5,pull
1,and,11.574933052062988,courtroom,3,and
2,trucks and,10.82534408569336,courtroom,3,and
4,unload those trucks and,9.133563041687012,courtroom,3,and
1,done,10.182465553283691,courtroom,4,done
2,was done,5.842084884643555,courtroom,4,done
4,of what was done,5.2499213218688965,courtroom,4,done
1,process,10.93543529510498,courtroom,6,process
2,in process,6.295060157775879,courtroom,6,process
4,was done in process,4.885543346405029,courtroom,6,process
1,what,10.599081993103027,courtroom,2,what
2,of what,6.645146369934082,courtroom,2,what
1,to,11.301959037780762,courtroom,4,to
2,turn to,10.117390632629395,courtroom,4,to
4,want to turn to,9.985734939575195,courtroom,4,to
1,to,11.301959037780762,courtroom,2,to
2,want to,8.155804634094238,courtroom,2,to
1,turn,10.807074546813965,courtroom,3,turn
2,to turn,6.3859429359436035,courtroom,3,turn
4,I want to turn,6.066144943237305,courtroom,3,turn
1,your,12.634740829467773,courtroom,6,your
2,at your,11.359382629394531,courtroom,6,your
4,look again at your,10.062507629394531,courtroom,6,your
1,at,11.502521514892578,courtroom,5,at
2,again at,8.091363906860352,courtroom,5,at
4,could look again at,7.13759183883667,courtroom,5,at
1,again,8.657377243041992,courtroom,4,again
2,look again,5.340728759765625,courtroom,4,again
4,you could look again,4.160067558288574,courtroom,4,again
1,would,10.050649642944336,courtroom,3,would
2,crew would,7.300924777984619,courtroom,3,would
4,"problem, the crew would",6.590450763702393,courtroom,3,would
1,either/or,8.865736961364746,courtroom,6,either/or
2,to either/or,7.995462417602539,courtroom,6,either/or
4,would go to either/or,7.278501033782959,courtroom,6,either/or
1,to,11.301959037780762,courtroom,5,to
2,go to,10.341914176940918,courtroom,5,to
4,crew would go to,8.836567878723145,courtroom,5,to
1,where,11.376585006713867,courtroom,6,where
2,approximately where,6.786066055297852,courtroom,6,where
4,drums was approximately where,7.190178871154785,courtroom,6,where
1,him,11.09859561920166,courtroom,1,him
2,feed him,7.050466537475586,courtroom,1,him
1,the,12.734390258789062,courtroom,2,the
2,him the,12.192306518554688,courtroom,2,the
1,pipe,10.94278335571289,courtroom,2,pipe
2,the pipe,7.641839981079102,courtroom,2,pipe
1,the,12.734390258789062,courtroom,1,the
2,Did the,12.449129104614258,courtroom,1,the
1,through,11.072386741638184,courtroom,4,through
2,go through,7.0783491134643555,courtroom,4,through
4,the pipe go through,5.397005081176758,courtroom,4,through
1,"drains,",11.295694351196289,courtroom,3,"drains,"
2,"French drains,",9.728516578674316,courtroom,3,"drains,"
4,"about, the French drains,",7.620245933532715,courtroom,3,"drains,"
1,the,12.734390258789062,courtroom,1,the
2,"about, the",12.638923645019531,courtroom,1,the
1,were,11.316572189331055,courtroom,4,were
2,"drains, were",10.63823127746582,courtroom,4,were
4,"the French drains, were",10.131441116333008,courtroom,4,were
1,would,10.050649642944336,courtroom,5,would
2,you would,6.387328147888184,courtroom,5,would
4,the way you would,7.922053337097168,courtroom,5,would
1,way,10.513489723205566,courtroom,3,way
2,the way,6.396049976348877,courtroom,3,way
4,Was that the way,5.464775562286377,courtroom,3,way
1,that,10.947566986083984,courtroom,1,that
2,Was that,7.944032669067383,courtroom,1,that
1,how,10.923521041870117,courtroom,3,how
2,"all, how",7.201515197753906,courtroom,3,how
4,"first of all, how",6.27766752243042,courtroom,3,how
1,"all,",11.302806854248047,courtroom,2,"all,"
2,"of all,",8.981855392456055,courtroom,2,"all,"
1,floors,7.479802131652832,courtroom,5,floors
2,many floors,5.56570291519165,courtroom,5,floors
4,"all, how many floors",6.299922943115234,courtroom,5,floors
1,Dumpster,8.85240364074707,courtroom,6,Dumpster
2,the Dumpster,7.641137599945068,courtroom,6,Dumpster
4,recall what the Dumpster,8.221274375915527,courtroom,6,Dumpster
1,recall,9.789066314697266,courtroom,3,recall
2,you recall,6.171844005584717,courtroom,3,recall
4,And do you recall,6.1513543128967285,courtroom,3,recall
1,the,12.734390258789062,courtroom,5,the
2,what the,4.970401763916016,courtroom,5,the
4,you recall what the,11.91947078704834,courtroom,5,the
1,full,11.391563415527344,courtroom,3,full
2,for full,9.088955879211426,courtroom,3,full
4,For sure for full,8.685388565063477,courtroom,3,full
1,for,11.576336860656738,courtroom,2,for
2,sure for,9.409038543701172,courtroom,2,for
1,was,10.896289825439453,courtroom,6,was
2,it was,9.499979019165039,courtroom,6,was
4,full time it was,9.230481147766113,courtroom,6,was
1,know,10.400792121887207,courtroom,1,know
2,I know,5.813540458679199,courtroom,1,know
1,when,10.965540885925293,courtroom,5,when
2,times when,7.678216457366943,courtroom,5,when
4,there were times when,6.186649799346924,courtroom,5,when
1,were,11.316572189331055,courtroom,3,were
2,there were,7.973902702331543,courtroom,3,were
4,I know there were,7.280826091766357,courtroom,3,were
1,water,11.01176643371582,courtroom,3,water
2,the water,8.202545166015625,courtroom,3,water
4,"today, observing the water",8.438483238220215,courtroom,3,water
1,the,12.734390258789062,courtroom,2,the
2,observing the,11.606955528259277,courtroom,2,the
1,while,11.235438346862793,courtroom,6,while
2,color while,9.972526550292969,courtroom,6,while
4,water change color while,9.097270011901855,courtroom,6,while
1,there,9.811803817749023,courtroom,3,there
2,sure there,3.4224534034729004,courtroom,3,there
4,Let's make sure there,2.1903347969055176,courtroom,3,there
1,sure,10.030720710754395,courtroom,2,sure
2,make sure,4.547501564025879,courtroom,2,sure
1,make,10.938591003417969,courtroom,1,make
2,Let's make,4.889469623565674,courtroom,1,make
1,there,9.811803817749023,courtroom,2,there
2,was there,6.32039213180542,courtroom,2,there
1,year,10.634531021118164,courtroom,5,year
2,a year,5.553622722625732,courtroom,5,year
4,there about a year,3.056713581085205,courtroom,5,year
1,full,11.391563415527344,courtroom,6,full
2,year full,5.253240585327148,courtroom,6,full
4,about a year full,0.8125293850898743,courtroom,6,full
1,in,11.458725929260254,courtroom,5,in
2,was in,8.345935821533203,courtroom,5,in
4,residue that was in,8.572101593017578,courtroom,5,in
1,residue,9.416943550109863,courtroom,2,residue
2,whatever residue,6.6021881103515625,courtroom,2,residue
1,those,11.217927932739258,courtroom,6,those
2,in those,9.924262046813965,courtroom,6,those
4,that was in those,5.522030353546143,courtroom,6,those
1,to,11.301959037780762,courtroom,5,to
2,yourself to,9.390515327453613,courtroom,5,to
4,can orient yourself to,7.435301780700684,courtroom,5,to
1,you,10.660537719726562,courtroom,1,you
2,if you,6.188261985778809,courtroom,1,you
1,can,10.825804710388184,courtroom,2,can
2,you can,7.526995658874512,courtroom,2,can
1,I,11.117331504821777,courtroom,5,I
2,"change, I",7.733464241027832,courtroom,5,I
4,"that coloration change, I",6.750919818878174,courtroom,5,I
1,that,10.947566986083984,courtroom,2,that
2,caused that,9.468164443969727,courtroom,2,that
1,don't,7.345463752746582,courtroom,6,don't
2,I don't,4.23712158203125,courtroom,6,don't
4,"coloration change, I don't",4.338779449462891,courtroom,6,don't
1,were,11.316572189331055,courtroom,4,were
2,that were,10.17459774017334,courtroom,4,were
4,up products that were,8.72916030883789,courtroom,4,were
1,finished,11.349875450134277,courtroom,5,finished
2,were finished,5.8972015380859375,courtroom,5,finished
4,products that were finished,5.57082986831665,courtroom,5,finished
1,that,10.947566986083984,courtroom,3,that
2,products that,7.989495277404785,courtroom,3,that
4,picked up products that,7.518488883972168,courtroom,3,that
1,green,11.596162796020508,courtroom,3,green
2,a green,11.014318466186523,courtroom,3,green
4,You put a green,9.916838645935059,courtroom,3,green
1,did,10.002723693847656,courtroom,6,did
2,"here, did",5.69450569152832,courtroom,6,did
4,"green line here, did",5.0274338722229,courtroom,6,did
1,line,10.927467346191406,courtroom,4,line
2,green line,6.904006004333496,courtroom,4,line
4,put a green line,5.929582595825195,courtroom,4,line
1,in,11.458725929260254,courtroom,4,in
2,worked in,9.31496524810791,courtroom,4,in
4,guy that worked in,8.112778663635254,courtroom,4,in
1,guy,10.258659362792969,courtroom,1,guy
2,The guy,6.193155288696289,courtroom,1,guy
1,that,10.947566986083984,courtroom,2,that
2,guy that,8.406778335571289,courtroom,2,that
1,exhibit,8.043492317199707,courtroom,1,exhibit
2,prior exhibit,7.049515247344971,courtroom,1,exhibit
1,"over,",11.135638236999512,courtroom,5,"over,"
2,"went over,",9.126107215881348,courtroom,5,"over,"
4,"that we went over,",7.065020561218262,courtroom,5,"over,"
1,your,12.634740829467773,courtroom,6,your
2,"over, your",11.818645477294922,courtroom,6,your
4,"we went over, your",10.589020729064941,courtroom,6,your
1,buildings,6.703660011291504,courtroom,1,buildings
2,different buildings,6.016526699066162,courtroom,1,buildings
1,the,12.734390258789062,courtroom,6,the
2,of the,12.293905258178711,courtroom,6,the
4,the location of the,12.53109359741211,courtroom,6,the
1,of,12.024920463562012,courtroom,5,of
2,location of,8.781301498413086,courtroom,5,of
4,in the location of,7.104507923126221,courtroom,5,of
1,came,8.2034912109375,courtroom,5,came
2,drums came,5.288885593414307,courtroom,5,came
4,"often, but drums came",5.7565436363220215,courtroom,5,came
1,back,10.862462043762207,courtroom,6,back
2,came back,5.040078163146973,courtroom,6,back
4,but drums came back,5.152899742126465,courtroom,6,back
1,"often,",9.455106735229492,courtroom,2,"often,"
2,"very often,",8.820845603942871,courtroom,2,"often,"
1,that's,6.693538665771484,courtroom,1,that's
2,"Well, that's",6.510664463043213,courtroom,1,that's
1,only,11.529606819152832,courtroom,2,only
2,that's only,7.656137943267822,courtroom,2,only
1,there,9.811803817749023,courtroom,6,there
2,to there,6.897127151489258,courtroom,6,there
4,way down to there,6.053074836730957,courtroom,6,there
1,work,10.086380004882812,courtroom,3,work
2,you work,5.823207378387451,courtroom,3,work
4,long did you work,4.73482084274292,courtroom,3,work
1,full,11.391563415527344,courtroom,4,full
2,work full,3.796983242034912,courtroom,4,full
4,did you work full,1.3299436569213867,courtroom,4,full
1,you,10.660537719726562,courtroom,2,you
2,did you,7.061986446380615,courtroom,2,you
1,river,10.380720138549805,courtroom,5,river
2,the river,7.876283645629883,courtroom,5,river
4,tailrace and the river,10.154733657836914,courtroom,5,river
1,and,11.574933052062988,courtroom,3,and
2,tailrace and,12.00539779663086,courtroom,3,and
4,site the tailrace and,10.214540481567383,courtroom,3,and
1,joining,10.720155715942383,courtroom,6,joining
2,river joining,6.532188892364502,courtroom,6,joining
4,and the river joining,5.01352071762085,courtroom,6,joining
1,been,10.934855461120605,courtroom,2,been
2,have been,10.350520133972168,courtroom,2,been
1,like,11.612746238708496,courtroom,3,like
2,been like,6.821094989776611,courtroom,3,like
4,might have been like,7.679166793823242,courtroom,3,like
1,tall,10.828960418701172,courtroom,6,tall
2,stories tall,7.015641689300537,courtroom,6,tall
4,like two stories tall,4.50390100479126,courtroom,6,tall
1,"tailrace,",11.964170455932617,courtroom,4,"tailrace,"
2,"the tailrace,",9.135087966918945,courtroom,4,"tailrace,"
4,"observations of the tailrace,",9.384206771850586,courtroom,4,"tailrace,"
1,observations,7.823944091796875,courtroom,1,observations
2,your observations,6.175312519073486,courtroom,1,observations
1,do,10.671449661254883,courtroom,5,do
2,"tailrace, do",6.996119499206543,courtroom,5,do
4,"of the tailrace, do",4.998045921325684,courtroom,5,do
1,at,11.502521514892578,courtroom,1,at
2,were at,7.1246113777160645,courtroom,1,at
1,were,11.316572189331055,courtroom,5,were
2,you were,9.302709579467773,courtroom,5,were
4,-- while you were,8.618990898132324,courtroom,5,were
1,--,10.854382514953613,courtroom,2,--
2,at --,10.709708213806152,courtroom,2,--
1,that,10.947566986083984,courtroom,6,that
2,area that,8.999128341674805,courtroom,6,that
4,was the area that,9.32751178741455,courtroom,6,that
1,that,10.947566986083984,courtroom,2,that
2,think that,8.354816436767578,courtroom,2,that
1,was,10.896289825439453,courtroom,3,was
2,that was,8.553487777709961,courtroom,3,was
4,I think that was,7.172172546386719,courtroom,3,was
1,the,12.734390258789062,courtroom,2,the
2,from the,12.40151309967041,courtroom,2,the
1,from,11.629947662353516,courtroom,1,from
2,"rack, from",10.020417213439941,courtroom,1,from
1,rack,10.533231735229492,courtroom,3,rack
2,the rack,6.8725385665893555,courtroom,3,rack
4,"rack, from the rack",7.061854362487793,courtroom,3,rack
1,right,10.864727020263672,courtroom,3,right
2,the right,7.222172260284424,courtroom,3,right
4,-- to the right,3.2333598136901855,courtroom,3,right
1,side,10.695328712463379,courtroom,4,side
2,right side,4.744926929473877,courtroom,4,side
4,to the right side,2.763557195663452,courtroom,4,side
1,to,11.301959037780762,courtroom,1,to
2,-- to,10.100417137145996,courtroom,1,to
1,area,10.593823432922363,courtroom,2,area
2,an area,5.571434497833252,courtroom,2,area
1,referred,5.640194892883301,courtroom,3,referred
2,area referred,1.0391019582748413,courtroom,3,referred
4,was an area referred,0.3948029577732086,courtroom,3,referred
1,to,11.301959037780762,courtroom,4,to
2,referred to,4.747751235961914,courtroom,4,to
4,an area referred to,2.9919779300689697,courtroom,4,to
1,on,11.154274940490723,courtroom,4,on
2,sit on,7.839146137237549,courtroom,4,on
4,you didn't sit on,4.678286552429199,courtroom,4,on
1,any,11.360147476196289,courtroom,5,any
2,on any,10.715873718261719,courtroom,5,any
4,didn't sit on any,8.256967544555664,courtroom,5,any
1,you,10.660537719726562,courtroom,1,you
2,And you,5.847406387329102,courtroom,1,you
1,memory,10.381927490234375,courtroom,3,memory
2,best memory,8.879470825195312,courtroom,3,memory
4,So your best memory,5.629533767700195,courtroom,3,memory
1,your,12.634740829467773,courtroom,1,your
2,So your,11.434423446655273,courtroom,1,your
1,best,11.61880111694336,courtroom,2,best
2,your best,8.638854026794434,courtroom,2,best
1,this,10.959673881530762,courtroom,6,this
2,on this,10.626091003417969,courtroom,6,this
4,this -- on this,8.982009887695312,courtroom,6,this
1,this,10.959673881530762,courtroom,3,this
2,on this,10.626091003417969,courtroom,3,this
4,They were on this,9.255202293395996,courtroom,3,this
1,--,10.854382514953613,courtroom,4,--
2,this --,11.92844295501709,courtroom,4,--
4,were on this --,8.178067207336426,courtroom,4,--
1,or,11.46521282196045,courtroom,6,or
2,way or,11.590424537658691,courtroom,6,or
4,know one way or,1.3074582815170288,courtroom,6,or
1,know,10.400792121887207,courtroom,3,know
2,wouldn't know,5.836403846740723,courtroom,3,know
4,So you wouldn't know,3.652703046798706,courtroom,3,know
1,one,10.6817045211792,courtroom,4,one
2,know one,7.617844581604004,courtroom,4,one
4,you wouldn't know one,6.308590412139893,courtroom,4,one
1,the,12.734390258789062,courtroom,1,the
2,From the,10.742605209350586,courtroom,1,the
1,the,12.734390258789062,courtroom,4,the
2,from the,12.40151309967041,courtroom,4,the
4,"the filter, from the",11.500347137451172,courtroom,4,the
1,"filter,",11.637535095214844,courtroom,2,"filter,"
2,"the filter,",9.008113861083984,courtroom,2,"filter,"
1,"tanks,",11.006632804870605,courtroom,6,"tanks,"
2,"storage tanks,",9.883440017700195,courtroom,6,"tanks,"
4,"of the storage tanks,",8.786316871643066,courtroom,6,"tanks,"
1,area,10.593823432922363,courtroom,2,area
2,the area,6.016833305358887,courtroom,2,area
1,the,12.734390258789062,courtroom,1,the
2,That's the,9.423316955566406,courtroom,1,the
1,there,9.811803817749023,courtroom,5,there
2,worked there,5.7610554695129395,courtroom,5,there
4,think I worked there,6.24850606918335,courtroom,5,there
1,think,9.863617897033691,courtroom,2,think
2,I think,5.887979984283447,courtroom,2,think
1,worked,9.954773902893066,courtroom,4,worked
2,I worked,5.066489219665527,courtroom,4,worked
4,I think I worked,5.76168966293335,courtroom,4,worked
1,of,12.024920463562012,courtroom,1,of
2,Some of,4.136444091796875,courtroom,1,of
1,the,12.734390258789062,courtroom,6,the
2,on the,12.704998970031738,courtroom,6,the
4,were thrown on the,7.737135887145996,courtroom,6,the
1,thrown,9.912662506103516,courtroom,4,thrown
2,were thrown,4.9506516456604,courtroom,4,thrown
4,of them were thrown,4.9191484451293945,courtroom,4,thrown
1,--,10.854382514953613,courtroom,4,--
2,I --,9.341705322265625,courtroom,4,--
4,drains that I --,7.5847272872924805,courtroom,4,--
1,that,10.947566986083984,courtroom,2,that
2,drains that,9.153141975402832,courtroom,2,that
1,that,10.947566986083984,courtroom,5,that
2,-- that,7.738865852355957,courtroom,5,that
4,that I -- that,5.075747966766357,courtroom,5,that
1,"17,",10.655344009399414,courtroom,6,"17,"
2,"December 17,",5.199358940124512,courtroom,6,"17,"
4,"deposition of December 17,",7.217287540435791,courtroom,6,"17,"
1,of,12.024920463562012,courtroom,4,of
2,deposition of,10.773392677307129,courtroom,4,of
4,Mr. Nadeau's deposition of,9.390176773071289,courtroom,4,of
1,Mr.,11.020536422729492,courtroom,1,Mr.
2,have Mr.,10.07045841217041,courtroom,1,Mr.
1,the,12.734390258789062,courtroom,3,the
2,"""across the",8.183101654052734,courtroom,3,the
4,"And by ""across the",7.6112799644470215,courtroom,3,the
1,what,10.599081993103027,courtroom,5,what
2,"street,"" what",7.5403666496276855,courtroom,5,what
4,"""across the street,"" what",7.955496788024902,courtroom,5,what
1,"street,""",9.715246200561523,courtroom,4,"street,"""
2,"the street,""",8.03217601776123,courtroom,4,"street,"""
4,"by ""across the street,""",8.812240600585938,courtroom,4,"street,"""
1,talked,6.761512279510498,courtroom,1,talked
2,We talked,3.293006181716919,courtroom,1,talked
1,--,10.854382514953613,courtroom,3,--
2,about --,10.553149223327637,courtroom,3,--
4,We talked about --,7.261960506439209,courtroom,3,--
1,today,9.722012519836426,courtroom,6,today
2,talked today,5.140303611755371,courtroom,6,today
4,-- we talked today,2.1789286136627197,courtroom,6,today
1,will,10.549927711486816,courtroom,6,will
2,I will,7.679105281829834,courtroom,6,will
4,"remembered it, I will",8.103655815124512,courtroom,6,will
1,"it,",11.110934257507324,courtroom,4,"it,"
2,"remembered it,",7.9525251388549805,courtroom,4,"it,"
4,"best I remembered it,",6.848655700683594,courtroom,4,"it,"
1,I,11.117331504821777,courtroom,5,I
2,"it, I",7.491160869598389,courtroom,5,I
4,"I remembered it, I",6.190082550048828,courtroom,5,I
1,to,11.301959037780762,courtroom,2,to
2,read to,9.19408130645752,courtroom,2,to
1,read,10.640660285949707,courtroom,1,read
2,and read,6.929927825927734,courtroom,1,read
1,Lines,7.646891117095947,courtroom,4,Lines
2,yourself Lines,7.9460039138793945,courtroom,4,Lines
4,read to yourself Lines,7.6889519691467285,courtroom,4,Lines
1,nature,8.760279655456543,courtroom,2,nature
2,the nature,1.4455058574676514,courtroom,2,nature
1,for,11.576336860656738,courtroom,6,for
2,work for,10.085768699645996,courtroom,6,for
4,of your work for,7.7678022384643555,courtroom,6,for
1,the,12.734390258789062,courtroom,1,the
2,to the,12.121143341064453,courtroom,1,the
1,to,11.301959037780762,courtroom,6,to
2,off to,10.82055377960205,courtroom,6,to
4,here somewhere off to,6.149412631988525,courtroom,6,to
1,somewhere,6.299148082733154,courtroom,4,somewhere
2,here somewhere,5.679556846618652,courtroom,4,somewhere
4,was right here somewhere,4.94160795211792,courtroom,4,somewhere
1,off,10.427752494812012,courtroom,5,off
2,somewhere off,5.088564395904541,courtroom,5,off
4,right here somewhere off,5.661411285400391,courtroom,5,off
1,next,10.758065223693848,courtroom,6,next
2,my next,9.772502899169922,courtroom,6,next
4,to be my next,10.535400390625,courtroom,6,next
1,to,11.301959037780762,courtroom,3,to
2,going to,9.507628440856934,courtroom,3,to
4,That was going to,2.5501861572265625,courtroom,3,to
1,be,11.872392654418945,courtroom,4,be
2,to be,10.100297927856445,courtroom,4,be
4,was going to be,8.412042617797852,courtroom,4,be
1,was,10.896289825439453,courtroom,5,was
2,there was,5.148713111877441,courtroom,5,was
4,this area there was,5.4060516357421875,courtroom,5,was
1,above,10.351202964782715,courtroom,1,above
2,Roughly above,7.02252721786499,courtroom,1,above
1,this,10.959673881530762,courtroom,2,this
2,above this,9.521236419677734,courtroom,2,this
1,the,12.734390258789062,courtroom,6,the
2,as the,12.38110637664795,courtroom,6,the
4,you identified as the,10.881778717041016,courtroom,6,the
1,you,10.660537719726562,courtroom,3,you
2,that you,6.296186923980713,courtroom,3,you
4,The area that you,6.655492782592773,courtroom,3,you
1,identified,10.389989852905273,courtroom,4,identified
2,you identified,5.749608039855957,courtroom,4,identified
4,area that you identified,5.065288066864014,courtroom,4,identified
1,move,10.777840614318848,courtroom,6,move
2,you move,6.366349697113037,courtroom,6,move
4,"that, did you move",6.582538604736328,courtroom,6,move
1,you,10.660537719726562,courtroom,5,you
2,did you,7.061986446380615,courtroom,5,you
4,"after that, did you",6.73000431060791,courtroom,5,you
1,then,11.280230522155762,courtroom,1,then
2,And then,6.530129432678223,courtroom,1,then
1,"17,",10.655344009399414,courtroom,6,"17,"
2,"December 17,",5.199358940124512,courtroom,6,"17,"
4,"gave on December 17,",6.061553001403809,courtroom,6,"17,"
1,gave,8.940855979919434,courtroom,3,gave
2,you gave,5.437740802764893,courtroom,3,gave
4,a deposition you gave,5.97743034362793,courtroom,3,gave
1,on,11.154274940490723,courtroom,4,on
2,gave on,9.155698776245117,courtroom,4,on
4,deposition you gave on,7.796812057495117,courtroom,4,on
1,went,10.454033851623535,courtroom,5,went
2,it went,5.986276626586914,courtroom,5,went
4,building and it went,6.2430219650268555,courtroom,5,went
1,and,11.574933052062988,courtroom,3,and
2,building and,11.688896179199219,courtroom,3,and
4,in the building and,10.539180755615234,courtroom,3,and
1,straight,11.08015251159668,courtroom,6,straight
2,went straight,3.6973321437835693,courtroom,6,straight
4,and it went straight,2.6404101848602295,courtroom,6,straight
1,the,12.734390258789062,courtroom,3,the
2,blend the,12.614337921142578,courtroom,3,the
4,building helping blend the,10.911811828613281,courtroom,3,the
1,blend,9.965927124023438,courtroom,2,blend
2,helping blend,6.540403366088867,courtroom,2,blend
1,or,11.46521282196045,courtroom,5,or
2,products or,10.603041648864746,courtroom,5,or
4,blend the products or,9.97428035736084,courtroom,5,or
1,filter,10.853205680847168,courtroom,6,filter
2,the filter,8.666155815124512,courtroom,6,filter
4,Dumpster if the filter,6.648636341094971,courtroom,6,filter
1,in,11.458725929260254,courtroom,1,in
2,Also in,8.657153129577637,courtroom,1,in
1,that,10.947566986083984,courtroom,2,that
2,in that,9.856125831604004,courtroom,2,that
1,5,10.328468322753906,courtroom,3,5
2,Lines 5,7.031315803527832,courtroom,3,5
4,questions about Lines 5,4.656336784362793,courtroom,3,5
1,about,11.107869148254395,courtroom,1,about
2,questions about,8.120000839233398,courtroom,1,about
1,of,12.024920463562012,courtroom,6,of
2,16 of,6.496554851531982,courtroom,6,of
4,5 through 16 of,7.120985507965088,courtroom,6,of
1,you,10.660537719726562,courtroom,5,you
2,when you,7.518013954162598,courtroom,5,you
4,correct that when you,8.187366485595703,courtroom,5,you
1,first,11.162483215332031,courtroom,6,first
2,you first,9.55189323425293,courtroom,6,first
4,that when you first,7.417908191680908,courtroom,6,first
1,correct,11.391404151916504,courtroom,2,correct
2,it correct,5.993300437927246,courtroom,2,correct
1,have,10.692431449890137,courtroom,1,have
2,You have,7.343994617462158,courtroom,1,have
1,next,10.758065223693848,courtroom,5,next
2,"""B"" next",2.809379816055298,courtroom,5,next
4,"a letter ""B"" next",0.1418468952178955,courtroom,5,next
1,"""B""",10.828845977783203,courtroom,4,"""B"""
2,"letter ""B""",9.22220230102539,courtroom,4,"""B"""
4,"have a letter ""B""",5.996511936187744,courtroom,4,"""B"""
1,have,10.692431449890137,courtroom,3,have
2,would have,7.024572849273682,courtroom,3,have
4,The river would have,6.63718318939209,courtroom,3,have
1,been,10.934855461120605,courtroom,4,been
2,have been,10.350520133972168,courtroom,4,been
4,river would have been,9.211845397949219,courtroom,4,been
1,river,10.380720138549805,courtroom,1,river
2,The river,8.556978225708008,courtroom,1,river
1,do,10.671449661254883,courtroom,2,do
2,would do,6.329838752746582,courtroom,2,do
1,would,10.050649642944336,courtroom,1,would
2,they would,7.093630790710449,courtroom,1,would
1,reconditioning,9.114240646362305,courtroom,5,reconditioning
2,final reconditioning,6.345750331878662,courtroom,5,reconditioning
4,do the final reconditioning,6.011175632476807,courtroom,5,reconditioning
1,for,11.576336860656738,courtroom,3,for
2,nothing for,8.876749992370605,courtroom,3,for
4,There was nothing for,7.3822736740112305,courtroom,3,for
1,was,10.896289825439453,courtroom,1,was
2,There was,5.128911018371582,courtroom,1,was
1,do,10.671449661254883,courtroom,6,do
2,to do,6.433040142059326,courtroom,6,do
4,for you to do,5.615050315856934,courtroom,6,do
1,of,12.024920463562012,courtroom,2,of
2,June of,6.603794097900391,courtroom,2,of
1,'64,10.045713424682617,courtroom,3,'64
2,of '64,8.323747634887695,courtroom,3,'64
4,Probably June of '64,7.028378486633301,courtroom,3,'64
1,of,12.024920463562012,courtroom,6,of
2,August of,7.237240791320801,courtroom,6,of
4,'64 to August of,6.964868068695068,courtroom,6,of
1,at,11.502521514892578,courtroom,5,at
2,memory at,9.419161796569824,courtroom,5,at
4,my best memory at,6.527641296386719,courtroom,5,at
1,that,10.947566986083984,courtroom,6,that
2,at that,9.758613586425781,courtroom,6,that
4,best memory at that,4.845457553863525,courtroom,6,that
1,was,10.896289825439453,courtroom,1,was
2,That was,7.756771087646484,courtroom,1,was
1,"there,",9.630797386169434,courtroom,4,"there,"
2,"was there,",7.983885288238525,courtroom,4,"there,"
4,"long it was there,",7.514182090759277,courtroom,4,"there,"
1,was,10.896289825439453,courtroom,3,was
2,it was,9.499979019165039,courtroom,3,was
4,How long it was,5.242834091186523,courtroom,3,was
1,don't,7.345463752746582,courtroom,6,don't
2,I don't,4.23712158203125,courtroom,6,don't
4,"was there, I don't",2.912390947341919,courtroom,6,don't
1,a,11.316549301147461,courtroom,5,a
2,is a,11.68295669555664,courtroom,5,a
4,stenotype and is a,11.204938888549805,courtroom,5,a
1,and,11.574933052062988,courtroom,3,and
2,stenotype and,12.222613334655762,courtroom,3,and
4,in computerized stenotype and,11.263071060180664,courtroom,3,and
1,is,11.129858016967773,courtroom,4,is
2,and is,9.433622360229492,courtroom,4,is
4,computerized stenotype and is,9.005487442016602,courtroom,4,is
1,a,11.316549301147461,courtroom,5,a
2,get a,11.216796875,courtroom,5,a
4,just to get a,9.541741371154785,courtroom,5,a
1,to,11.301959037780762,courtroom,3,to
2,just to,8.734832763671875,courtroom,3,to
4,repeat but just to,7.526921272277832,courtroom,3,to
1,get,11.412823677062988,courtroom,4,get
2,to get,7.472585201263428,courtroom,4,get
4,but just to get,6.4729695320129395,courtroom,4,get
1,sure,10.030720710754395,courtroom,1,sure
2,make sure,4.547501564025879,courtroom,1,sure
1,"clear,",10.95888900756836,courtroom,3,"clear,"
2,"it's clear,",7.924270153045654,courtroom,3,"clear,"
4,"make sure it's clear,",7.719681739807129,courtroom,3,"clear,"
1,not,10.92558479309082,courtroom,6,not
2,are not,9.823641777038574,courtroom,6,not
4,"clear, you are not",8.021934509277344,courtroom,6,not
1,out,10.346115112304688,courtroom,1,out
2,going out,5.308192253112793,courtroom,1,out
1,the,12.734390258789062,courtroom,3,the
2,to the,12.121143341064453,courtroom,3,the
4,going out to the,11.527101516723633,courtroom,3,the
1,river,10.380720138549805,courtroom,6,river
2,the river,7.876283645629883,courtroom,6,river
4,"the tailrace, the river",9.204191207885742,courtroom,6,river
1,that,10.947566986083984,courtroom,5,that
2,direction that,9.019083023071289,courtroom,5,that
4,the-- whatever direction that,8.427934646606445,courtroom,5,that
1,the--,10.64271354675293,courtroom,2,the--
2,to the--,10.52402114868164,courtroom,2,the--
1,to,11.301959037780762,courtroom,1,to
2,burner to,10.749832153320312,courtroom,1,to
1,was,10.896289825439453,courtroom,1,was
2,And was,6.639580726623535,courtroom,1,was
1,that,10.947566986083984,courtroom,2,that
2,was that,8.941490173339844,courtroom,2,that
1,Dumpster,8.85240364074707,courtroom,3,Dumpster
2,that Dumpster,9.04319953918457,courtroom,3,Dumpster
4,And was that Dumpster,9.47896957397461,courtroom,3,Dumpster
1,I,11.117331504821777,courtroom,3,I
2,"have, I",5.8919830322265625,courtroom,3,I
4,"if we have, I",5.752507209777832,courtroom,3,I
1,apologize,7.420066833496094,courtroom,4,apologize
2,I apologize,3.346404790878296,courtroom,4,apologize
4,"we have, I apologize",3.891469955444336,courtroom,4,apologize
1,we,11.5739107131958,courtroom,1,we
2,if we,7.609607219696045,courtroom,1,we
1,pulling,8.735692977905273,courtroom,3,pulling
2,was pulling,6.659880638122559,courtroom,3,pulling
4,station that was pulling,7.940594673156738,courtroom,3,pulling
1,drums,8.221752166748047,courtroom,5,drums
2,the drums,6.64790153503418,courtroom,5,drums
4,was pulling the drums,5.699759483337402,courtroom,5,drums
1,through,11.072386741638184,courtroom,6,through
2,drums through,7.297301292419434,courtroom,6,through
4,pulling the drums through,6.015954494476318,courtroom,6,through
1,can,10.825804710388184,courtroom,3,can
2,I can,5.415952682495117,courtroom,3,can
4,near as I can,6.0975871086120605,courtroom,3,can
1,as,11.068653106689453,courtroom,1,as
2,near as,8.386713981628418,courtroom,1,as
1,were,11.316572189331055,courtroom,5,were
2,"remember, were",8.054685592651367,courtroom,5,were
4,"I can remember, were",7.996462821960449,courtroom,5,were
1,that,10.947566986083984,courtroom,5,that
2,what that,6.641568660736084,courtroom,5,that
4,tell us what that,6.427371978759766,courtroom,5,that
1,was,10.896289825439453,courtroom,6,was
2,that was,8.553487777709961,courtroom,6,was
4,us what that was,5.817302703857422,courtroom,6,was
1,us,11.194427490234375,courtroom,3,us
2,tell us,5.367675304412842,courtroom,3,us
4,Can you tell us,4.16379451751709,courtroom,3,us
1,to,11.301959037780762,courtroom,2,to
2,pointing to,9.843952178955078,courtroom,2,to
1,the,12.734390258789062,courtroom,6,the
2,inside the,11.919632911682129,courtroom,6,the
4,a region inside the,10.65250015258789,courtroom,6,the
1,inside,11.155008316040039,courtroom,5,inside
2,region inside,6.4687089920043945,courtroom,5,inside
4,to a region inside,6.201528549194336,courtroom,5,inside
1,time,10.924384117126465,courtroom,1,time
2,the time,6.469259262084961,courtroom,1,time
1,were,11.316572189331055,courtroom,3,were
2,you were,9.302709579467773,courtroom,3,were
4,the time you were,8.714221000671387,courtroom,3,were
1,Metro-Atlantic,10.112173080444336,courtroom,6,Metro-Atlantic
2,at Metro-Atlantic,9.705769538879395,courtroom,6,Metro-Atlantic
4,were working at Metro-Atlantic,7.354090690612793,courtroom,6,Metro-Atlantic
1,since,11.121576309204102,courtroom,1,since
2,two since,7.882174015045166,courtroom,1,since
1,the,12.734390258789062,courtroom,2,the
2,since the,11.729009628295898,courtroom,2,the
1,concluded,6.211592674255371,courtroom,6,concluded
2,NECC concluded,4.022243499755859,courtroom,6,concluded
4,Government and NECC concluded,3.8496735095977783,courtroom,6,concluded
1,rectangle,8.990222930908203,courtroom,5,rectangle
2,a rectangle,6.098470211029053,courtroom,5,rectangle
4,"Street, there's a rectangle",5.870970249176025,courtroom,5,rectangle
1,there's,5.328185558319092,courtroom,3,there's
2,"Street, there's",5.416821479797363,courtroom,3,there's
4,"from Smith Street, there's",4.919042587280273,courtroom,3,there's
1,a,11.316549301147461,courtroom,4,a
2,there's a,8.692606925964355,courtroom,4,a
4,"Smith Street, there's a",10.329602241516113,courtroom,4,a
1,it,10.897254943847656,courtroom,6,it
2,on it,6.836071491241455,courtroom,6,it
4,seeing ripples on it,5.023905277252197,courtroom,6,it
1,seeing,10.873600006103516,courtroom,3,seeing
2,remember seeing,7.598941326141357,courtroom,3,seeing
4,I don't remember seeing,6.445026397705078,courtroom,3,seeing
1,on,11.154274940490723,courtroom,5,on
2,ripples on,7.995195388793945,courtroom,5,on
4,remember seeing ripples on,5.614447116851807,courtroom,5,on
1,as,11.068653106689453,courtroom,2,as
2,brothers as,9.208576202392578,courtroom,2,as
1,brothers,7.384516716003418,courtroom,1,brothers
2,by brothers,8.206457138061523,courtroom,1,brothers
1,everybody,6.9471516609191895,courtroom,3,everybody
2,as everybody,6.91909646987915,courtroom,3,everybody
4,by brothers as everybody,6.352908611297607,courtroom,3,everybody
1,school,10.843304634094238,courtroom,5,school
2,to school,6.885643005371094,courtroom,5,school
4,were going to school,5.885295391082764,courtroom,5,school
1,were,11.316572189331055,courtroom,2,were
2,you were,9.302709579467773,courtroom,2,were
1,to,11.301959037780762,courtroom,4,to
2,going to,9.507628440856934,courtroom,4,to
4,you were going to,8.351649284362793,courtroom,4,to
1,worked,9.954773902893066,courtroom,1,worked
2,I worked,5.066489219665527,courtroom,1,worked
1,in,11.458725929260254,courtroom,2,in
2,worked in,9.31496524810791,courtroom,2,in
1,corner,9.207651138305664,courtroom,4,corner
2,the corner,4.586786270141602,courtroom,4,corner
4,worked in the corner,5.122648239135742,courtroom,4,corner
1,was,10.896289825439453,courtroom,3,was
2,it was,9.499979019165039,courtroom,3,was
4,I think it was,8.124359130859375,courtroom,3,was
1,think,9.863617897033691,courtroom,1,think
2,I think,5.887979984283447,courtroom,1,think
1,off,10.427752494812012,courtroom,6,off
2,up off,6.695722579956055,courtroom,6,off
4,was raised up off,3.9505796432495117,courtroom,6,off
1,solid,11.547689437866211,courtroom,6,solid
2,more solid,10.296813011169434,courtroom,6,solid
4,that was more solid,5.814091682434082,courtroom,6,solid
1,more,11.137571334838867,courtroom,5,more
2,was more,8.242212295532227,courtroom,5,more
4,material that was more,9.220317840576172,courtroom,5,more
1,that,10.947566986083984,courtroom,3,that
2,material that,8.674407005310059,courtroom,3,that
4,disposing of material that,6.2273712158203125,courtroom,3,that
1,liquid,11.584403991699219,courtroom,6,liquid
2,that liquid,9.994117736816406,courtroom,6,liquid
4,"went, where that liquid",9.464441299438477,courtroom,6,liquid
1,where,11.376585006713867,courtroom,4,where
2,"went, where",7.645740032196045,courtroom,4,where
4,"that material went, where",5.862623691558838,courtroom,4,where
1,that,10.947566986083984,courtroom,5,that
2,where that,9.83576488494873,courtroom,5,that
4,"material went, where that",11.05527400970459,courtroom,5,that
1,away,10.657820701599121,courtroom,6,away
2,tossing away,7.466207504272461,courtroom,6,away
4,we were tossing away,7.982832908630371,courtroom,6,away
1,whatever,10.403085708618164,courtroom,2,whatever
2,toss whatever,8.334628105163574,courtroom,2,whatever
1,were,11.316572189331055,courtroom,4,were
2,we were,9.283015251159668,courtroom,4,were
4,toss whatever we were,6.52933931350708,courtroom,4,were
1,you,10.660537719726562,courtroom,2,you
2,did you,7.061986446380615,courtroom,2,you
1,boundaries,7.130480766296387,courtroom,6,boundaries
2,any boundaries,5.799537181854248,courtroom,6,boundaries
4,know where any boundaries,4.760478973388672,courtroom,6,boundaries
1,did,10.002723693847656,courtroom,1,did
2,And did,5.030570983886719,courtroom,1,did
1,main,11.415353775024414,courtroom,1,main
2,The main,9.061861991882324,courtroom,1,main
1,was,10.896289825439453,courtroom,3,was
2,building was,9.551403045654297,courtroom,3,was
4,The main building was,8.309072494506836,courtroom,3,was
1,left,10.82538890838623,courtroom,6,left
2,the left,6.899465560913086,courtroom,6,left
4,was on the left,5.174071311950684,courtroom,6,left
1,was,10.896289825439453,courtroom,6,was
2,there was,5.148713111877441,courtroom,6,was
4,"area, too, there was",5.913721561431885,courtroom,6,was
1,this,10.959673881530762,courtroom,2,this
2,in this,9.135798454284668,courtroom,2,this
1,"too,",9.288590431213379,courtroom,4,"too,"
2,"area, too,",8.391279220581055,courtroom,4,"too,"
4,"in this area, too,",8.210201263427734,courtroom,4,"too,"
1,driveway,9.261757850646973,courtroom,2,driveway
2,the driveway,5.5230631828308105,courtroom,2,driveway
1,the,12.734390258789062,courtroom,5,the
2,on the,12.704998970031738,courtroom,5,the
4,driveway was on the,9.649345397949219,courtroom,5,the
1,was,10.896289825439453,courtroom,3,was
2,driveway was,9.367546081542969,courtroom,3,was
4,And the driveway was,8.427806854248047,courtroom,3,was
1,try,9.615035057067871,courtroom,6,try
2,to try,4.399443626403809,courtroom,6,try
4,ask you to try,6.245731353759766,courtroom,6,try
1,to,11.301959037780762,courtroom,5,to
2,you to,9.09115982055664,courtroom,5,to
4,to ask you to,8.593218803405762,courtroom,5,to
1,you,10.660537719726562,courtroom,4,you
2,ask you,7.939122200012207,courtroom,4,you
4,going to ask you,5.101686477661133,courtroom,4,you
1,materials,7.184159755706787,courtroom,6,materials
2,raw materials,6.315694808959961,courtroom,6,materials
4,products or raw materials,5.972184181213379,courtroom,6,materials
1,delivered,7.2018914222717285,courtroom,1,delivered
2,and delivered,6.154832363128662,courtroom,1,delivered
1,raw,11.905319213867188,courtroom,5,raw
2,or raw,9.827024459838867,courtroom,5,raw
4,raw products or raw,8.4000244140625,courtroom,5,raw
1,just,11.214090347290039,courtroom,3,just
2,I just,6.858152866363525,courtroom,3,just
4,today but I just,6.695258140563965,courtroom,3,just
1,I,11.117331504821777,courtroom,2,I
2,but I,6.577347755432129,courtroom,2,I
1,see,10.684712409973145,courtroom,6,see
2,to see,6.500743865966797,courtroom,6,see
4,just want to see,7.1046142578125,courtroom,6,see
1,some,11.931933403015137,courtroom,3,some
2,"others, some",9.624921798706055,courtroom,3,some
4,"sizes than others, some",9.369697570800781,courtroom,3,some
1,"others,",9.95168399810791,courtroom,2,"others,"
2,"than others,",9.493700981140137,courtroom,2,"others,"
1,than,11.535079956054688,courtroom,1,than
2,sizes than,8.642852783203125,courtroom,1,than
1,as,11.068653106689453,courtroom,1,as
2,"""But as",6.55475378036499,courtroom,1,as
1,"today,",10.484688758850098,courtroom,5,"today,"
2,"here today,",8.378005027770996,courtroom,5,"today,"
4,"you sit here today,",7.488308429718018,courtroom,5,"today,"
1,do,10.671449661254883,courtroom,6,do
2,"today, do",4.580042362213135,courtroom,6,do
4,"sit here today, do",2.9453577995300293,courtroom,6,do
1,"16,",10.83414077758789,courtroom,4,"16,"
2,"were 16,",9.472232818603516,courtroom,4,"16,"
4,"so you were 16,",6.574084758758545,courtroom,4,"16,"
1,so,11.06381893157959,courtroom,1,so
2,And so,6.0055623054504395,courtroom,1,so
1,you,10.660537719726562,courtroom,2,you
2,so you,5.956129550933838,courtroom,2,you
1,that,10.947566986083984,courtroom,6,that
2,on that,9.866190910339355,courtroom,6,that
4,other building on that,8.340673446655273,courtroom,6,that
1,other,11.661579132080078,courtroom,3,other
2,any other,9.227420806884766,courtroom,3,other
4,-- or any other,10.604436874389648,courtroom,3,other
1,or,11.46521282196045,courtroom,1,or
2,-- or,9.87863540649414,courtroom,1,or
1,work,10.086380004882812,courtroom,2,work
2,you work,5.823207378387451,courtroom,2,work
1,you,10.660537719726562,courtroom,1,you
2,Did you,6.972372531890869,courtroom,1,you
1,there,9.811803817749023,courtroom,3,there
2,work there,5.532008647918701,courtroom,3,there
4,Did you work there,4.115314483642578,courtroom,3,there
1,you,10.660537719726562,courtroom,6,you
2,when you,7.518013954162598,courtroom,6,you
4,have been when you,6.973966121673584,courtroom,6,you
1,when,10.965540885925293,courtroom,5,when
2,been when,6.867743492126465,courtroom,5,when
4,would have been when,7.085718154907227,courtroom,5,when
1,have,10.692431449890137,courtroom,3,have
2,would have,7.024572849273682,courtroom,3,have
4,So that would have,4.552103042602539,courtroom,3,have
1,be,11.872392654418945,courtroom,4,be
2,can't be,9.64113998413086,courtroom,4,be
4,-- they can't be,10.249859809875488,courtroom,4,be
1,filled,11.229516983032227,courtroom,5,filled
2,be filled,4.511920928955078,courtroom,5,filled
4,they can't be filled,5.612551689147949,courtroom,5,filled
1,they,10.613469123840332,courtroom,2,they
2,-- they,7.090299606323242,courtroom,2,they
1,there,9.811803817749023,courtroom,4,there
2,that there,3.298707962036133,courtroom,4,there
4,an assumption that there,3.3672714233398438,courtroom,4,there
1,an,11.774314880371094,courtroom,1,an
2,was an,9.870467185974121,courtroom,1,an
1,assumption,7.330728530883789,courtroom,2,assumption
2,an assumption,4.623183727264404,courtroom,2,assumption
1,today,9.722012519836426,courtroom,1,today
2,me today,4.933770656585693,courtroom,1,today
1,a,11.316549301147461,courtroom,3,a
2,is a,11.68295669555664,courtroom,3,a
4,me today is a,10.78215217590332,courtroom,3,a
1,is,11.129858016967773,courtroom,2,is
2,today is,8.720200538635254,courtroom,2,is
1,controlled,11.020528793334961,courtroom,6,controlled
2,somebody controlled,7.875377655029297,courtroom,6,controlled
4,was just somebody controlled,3.436945915222168,courtroom,6,controlled
1,assumed,10.421850204467773,courtroom,1,assumed
2,just assumed,5.895956516265869,courtroom,1,assumed
1,somebody,8.393484115600586,courtroom,5,somebody
2,just somebody,7.722144603729248,courtroom,5,somebody
4,it was just somebody,5.820050239562988,courtroom,5,somebody
1,of,12.024920463562012,courtroom,6,of
2,side of,7.3907952308654785,courtroom,6,of
4,to the side of,4.791219234466553,courtroom,6,of
1,side,10.695328712463379,courtroom,5,side
2,the side,4.650858402252197,courtroom,5,side
4,piled to the side,4.8565354347229,courtroom,5,side
1,piled,8.672502517700195,courtroom,2,piled
2,were piled,4.7693328857421875,courtroom,2,piled
1,disconnected,9.073787689208984,courtroom,5,disconnected
2,he disconnected,5.910732269287109,courtroom,5,disconnected
4,burned because he disconnected,4.75800085067749,courtroom,5,disconnected
1,a,11.316549301147461,courtroom,6,a
2,disconnected a,10.901782035827637,courtroom,6,a
4,because he disconnected a,9.612166404724121,courtroom,6,a
1,because,9.705339431762695,courtroom,3,because
2,burned because,5.106790542602539,courtroom,3,because
4,got badly burned because,4.625558853149414,courtroom,3,because
1,don't,7.345463752746582,courtroom,6,don't
2,I don't,4.23712158203125,courtroom,6,don't
4,"that plant, I don't",3.236553430557251,courtroom,6,don't
1,that,10.947566986083984,courtroom,3,that
2,in that,9.856125831604004,courtroom,3,that
4,was happening in that,9.303525924682617,courtroom,3,that
1,"plant,",10.904989242553711,courtroom,4,"plant,"
2,"that plant,",8.449902534484863,courtroom,4,"plant,"
4,"happening in that plant,",7.947859764099121,courtroom,4,"plant,"
1,you,10.660537719726562,courtroom,3,you
2,like you,7.324793815612793,courtroom,3,you
4,Looking-- I'd like you,1.8540066480636597,courtroom,3,you
1,to,11.301959037780762,courtroom,4,to
2,you to,9.09115982055664,courtroom,4,to
4,I'd like you to,7.837643146514893,courtroom,4,to
1,I'd,5.353448390960693,courtroom,1,I'd
2,Looking-- I'd,5.286110877990723,courtroom,1,I'd
1,was,10.896289825439453,courtroom,2,was
2,there was,5.148713111877441,courtroom,2,was
1,building,10.376143455505371,courtroom,4,building
2,a building,6.5622477531433105,courtroom,4,building
4,there was a building,6.618119716644287,courtroom,4,building
1,a,11.316549301147461,courtroom,3,a
2,was a,11.245882987976074,courtroom,3,a
4,"Well, there was a",9.026132583618164,courtroom,3,a
1,would,10.050649642944336,courtroom,4,would
2,work would,6.07493782043457,courtroom,4,would
4,the summer work would,5.363378524780273,courtroom,4,would
1,summer,9.060385704040527,courtroom,2,summer
2,the summer,5.255473613739014,courtroom,2,summer
1,work,10.086380004882812,courtroom,3,work
2,summer work,7.649953842163086,courtroom,3,work
4,So the summer work,7.5185041427612305,courtroom,3,work
1,"vertical,",10.586878776550293,courtroom,1,"vertical,"
2,"were vertical,",8.749080657958984,courtroom,1,"vertical,"
1,as,11.068653106689453,courtroom,2,as
2,"vertical, as",7.190232276916504,courtroom,2,as
1,as,11.068653106689453,courtroom,4,as
2,near as,8.386713981628418,courtroom,4,as
4,"vertical, as near as",6.154062747955322,courtroom,4,as
1,I,11.117331504821777,courtroom,6,I
2,and I,6.904555797576904,courtroom,6,I
4,was here and I,6.493474006652832,courtroom,6,I
1,and,11.574933052062988,courtroom,5,and
2,here and,12.015179634094238,courtroom,5,and
4,them was here and,7.540421962738037,courtroom,5,and
1,here,9.959783554077148,courtroom,4,here
2,was here,5.785106658935547,courtroom,4,here
4,of them was here,5.946137428283691,courtroom,4,here
1,were,11.316572189331055,courtroom,4,were
2,tanks were,10.307352066040039,courtroom,4,were
4,of the tanks were,10.00615119934082,courtroom,4,were
1,"filled,",10.843965530395508,courtroom,5,"filled,"
2,"were filled,",8.195533752441406,courtroom,5,"filled,"
4,"the tanks were filled,",6.970256805419922,courtroom,5,"filled,"
1,the,12.734390258789062,courtroom,2,the
2,of the,12.293905258178711,courtroom,2,the
1,the,12.734390258789062,courtroom,5,the
2,much the,10.097753524780273,courtroom,5,the
4,see pretty much the,2.931231737136841,courtroom,5,the
1,much,10.719216346740723,courtroom,4,much
2,pretty much,7.9916672706604,courtroom,4,much
4,could see pretty much,5.000079154968262,courtroom,4,much
1,could,10.399933815002441,courtroom,1,could
2,You could,7.165962219238281,courtroom,1,could
1,seeing,10.873600006103516,courtroom,2,seeing
2,ever seeing,7.634337425231934,courtroom,2,seeing
1,after,11.275282859802246,courtroom,6,after
2,color after,9.556281089782715,courtroom,6,after
4,water change color after,9.31355094909668,courtroom,6,after
1,ever,10.817558288574219,courtroom,1,ever
2,remember ever,8.579633712768555,courtroom,1,ever
1,on,11.154274940490723,courtroom,2,on
2,was on,6.739248275756836,courtroom,2,on
1,top,11.014169692993164,courtroom,4,top
2,the top,6.9398651123046875,courtroom,4,top
4,was on the top,5.188632488250732,courtroom,4,top
1,the,12.734390258789062,courtroom,6,the
2,of the,12.293905258178711,courtroom,6,the
4,the top of the,10.625836372375488,courtroom,6,the
1,it,10.897254943847656,courtroom,4,it
2,"case, it",6.017265796661377,courtroom,4,it
4,"Home Insurance case, it",5.8872857093811035,courtroom,4,it
1,your,12.634740829467773,courtroom,6,your
2,was your,10.075900077819824,courtroom,6,your
4,"case, it was your",9.659350395202637,courtroom,6,your
1,Home,11.13204288482666,courtroom,1,Home
2,the Home,8.380671501159668,courtroom,1,Home
1,the,12.734390258789062,courtroom,3,the
2,-- the,12.475828170776367,courtroom,3,the
4,And those -- the,11.176490783691406,courtroom,3,the
1,those,11.217927932739258,courtroom,1,those
2,And those,7.819342136383057,courtroom,1,those
1,station,10.230897903442383,courtroom,5,station
2,paint station,6.892934799194336,courtroom,5,station
4,-- the paint station,7.104954719543457,courtroom,5,station
1,"17,",10.655344009399414,courtroom,1,"17,"
2,"December 17,",5.199358940124512,courtroom,1,"17,"
1,testified,8.56330394744873,courtroom,4,testified
2,you testified,4.509915828704834,courtroom,4,testified
4,"17, 2002 you testified",4.749777793884277,courtroom,4,testified
1,you,10.660537719726562,courtroom,3,you
2,2002 you,6.906662940979004,courtroom,3,you
4,"December 17, 2002 you",5.862871170043945,courtroom,3,you
1,it,10.897254943847656,courtroom,2,it
2,is it,8.688315391540527,courtroom,2,it
1,correct,11.391404151916504,courtroom,3,correct
2,it correct,5.993300437927246,courtroom,3,correct
4,And is it correct,2.893691301345825,courtroom,3,correct
1,testified,8.56330394744873,courtroom,6,testified
2,you testified,4.509915828704834,courtroom,6,testified
4,correct that you testified,5.236179351806641,courtroom,6,testified
1,a,11.316549301147461,courtroom,1,a
2,had a,10.857023239135742,courtroom,1,a
1,over,11.29223346710205,courtroom,4,over
2,grate over,8.664985656738281,courtroom,4,over
4,a metal grate over,3.791404962539673,courtroom,4,over
1,metal,11.534119606018066,courtroom,2,metal
2,a metal,10.50705623626709,courtroom,2,metal
1,one,10.6817045211792,courtroom,4,one
2,doing one,7.015761375427246,courtroom,4,one
4,main building doing one,4.890994548797607,courtroom,4,one
1,main,11.415353775024414,courtroom,1,main
2,the main,10.313385009765625,courtroom,1,main
1,doing,10.143821716308594,courtroom,3,doing
2,building doing,7.945717811584473,courtroom,3,doing
4,the main building doing,6.575378894805908,courtroom,3,doing
1,guy,10.258659362792969,courtroom,5,guy
2,the guy,6.297641277313232,courtroom,5,guy
4,the time the guy,7.70485782623291,courtroom,5,guy
1,the,12.734390258789062,courtroom,2,the
2,of the,12.293905258178711,courtroom,2,the
1,time,10.924384117126465,courtroom,3,time
2,the time,6.469259262084961,courtroom,3,time
4,most of the time,5.354247570037842,courtroom,3,time
1,was,10.896289825439453,courtroom,5,was
2,that was,8.553487777709961,courtroom,5,was
4,of documents that was,8.661545753479004,courtroom,5,was
1,of,12.024920463562012,courtroom,2,of
2,set of,12.173868179321289,courtroom,2,of
1,that,10.947566986083984,courtroom,4,that
2,documents that,8.319425582885742,courtroom,4,that
4,set of documents that,8.67223072052002,courtroom,4,that
1,to,11.301959037780762,courtroom,3,to
2,back to,10.462959289550781,courtroom,3,to
4,I moved back to,8.718017578125,courtroom,3,to
1,Rhode,4.291497230529785,courtroom,4,Rhode
2,to Rhode,0.25974199175834656,courtroom,4,Rhode
4,moved back to Rhode,0.0701405256986618,courtroom,4,Rhode
1,back,10.862462043762207,courtroom,2,back
2,moved back,4.5658063888549805,courtroom,2,back
1,north,11.035490036010742,courtroom,4,north
2,area north,2.472560167312622,courtroom,4,north
4,from what area north,2.9494807720184326,courtroom,4,north
1,area,10.593823432922363,courtroom,3,area
2,what area,5.581526279449463,courtroom,3,area
4,And from what area,5.238381385803223,courtroom,3,area
1,south,11.04465103149414,courtroom,6,south
2,to south,6.219390392303467,courtroom,6,south
4,area north to south,4.853003025054932,courtroom,6,south
1,that,10.947566986083984,courtroom,2,that
2,certify that,6.13301420211792,courtroom,2,that
1,first,11.162483215332031,courtroom,6,first
2,was first,8.468517303466797,courtroom,6,first
4,the witness was first,7.902726173400879,courtroom,6,first
1,witness,7.9084320068359375,courtroom,4,witness
2,the witness,6.929042339324951,courtroom,4,witness
4,certify that the witness,6.559093475341797,courtroom,4,witness
1,no,11.925097465515137,courtroom,3,no
2,was no,10.337575912475586,courtroom,3,no
4,And that was no,7.705677509307861,courtroom,3,no
1,was,10.896289825439453,courtroom,2,was
2,that was,8.553487777709961,courtroom,2,was
1,your,12.634740829467773,courtroom,6,your
2,of your,11.270902633666992,courtroom,6,your
4,no part of your,10.101027488708496,courtroom,6,your
1,I,11.117331504821777,courtroom,5,I
2,name I,8.316399574279785,courtroom,5,I
4,"secretary, whose name I",6.03628396987915,courtroom,5,I
1,whose,12.82918930053711,courtroom,3,whose
2,"secretary, whose",9.892342567443848,courtroom,3,whose
4,"sat, the secretary, whose",9.955023765563965,courtroom,3,whose
1,"secretary,",10.319215774536133,courtroom,2,"secretary,"
2,"the secretary,",9.00571346282959,courtroom,2,"secretary,"
1,in,11.458725929260254,courtroom,4,in
2,anything in,6.390352249145508,courtroom,4,in
4,there was anything in,6.144001483917236,courtroom,4,in
1,there,9.811803817749023,courtroom,1,there
2,whether there,3.2290735244750977,courtroom,1,there
1,any,11.360147476196289,courtroom,5,any
2,in any,8.24119758605957,courtroom,5,any
4,was anything in any,2.6006553173065186,courtroom,5,any
1,you,10.660537719726562,courtroom,1,you
2,Do you,5.721115589141846,courtroom,1,you
1,was,10.896289825439453,courtroom,5,was
2,that was,8.553487777709961,courtroom,5,was
4,know whether that was,7.338342189788818,courtroom,5,was
1,that,10.947566986083984,courtroom,4,that
2,whether that,7.949438571929932,courtroom,4,that
4,you know whether that,4.550039768218994,courtroom,4,that
1,also,10.951159477233887,courtroom,5,also
2,were also,10.139513969421387,courtroom,5,also
4,-- they were also,10.616251945495605,courtroom,5,also
1,painted,10.62073802947998,courtroom,6,painted
2,also painted,6.406608581542969,courtroom,6,painted
4,they were also painted,5.887925624847412,courtroom,6,painted
1,--,10.854382514953613,courtroom,2,--
2,were --,8.716622352600098,courtroom,2,--
1,know,10.400792121887207,courtroom,1,know
2,wouldn't know,5.836403846740723,courtroom,1,know
1,any,11.360147476196289,courtroom,3,any
2,whether any,8.722256660461426,courtroom,3,any
4,wouldn't know whether any,6.270543098449707,courtroom,3,any
1,whether,10.63432788848877,courtroom,2,whether
2,know whether,6.832921981811523,courtroom,2,whether
1,would,10.050649642944336,courtroom,5,would
2,drums would,6.677712917327881,courtroom,5,would
4,is the drums would,6.640417098999023,courtroom,5,would
1,the,12.734390258789062,courtroom,3,the
2,is the,11.345335006713867,courtroom,3,the
4,What happens is the,11.832796096801758,courtroom,3,the
1,come,10.260955810546875,courtroom,6,come
2,would come,5.463855266571045,courtroom,6,come
4,the drums would come,5.627167224884033,courtroom,6,come
1,"""A""",10.659225463867188,courtroom,4,"""A"""
2,"letter ""A""",9.262907028198242,courtroom,4,"""A"""
4,"is a letter ""A""",6.699525356292725,courtroom,4,"""A"""
1,a,11.316549301147461,courtroom,2,a
2,is a,11.68295669555664,courtroom,2,a
1,letter,11.560583114624023,courtroom,3,letter
2,a letter,5.7093119621276855,courtroom,3,letter
4,There is a letter,5.367268085479736,courtroom,3,letter
1,into,11.359146118164062,courtroom,6,into
2,went into,8.181780815124512,courtroom,6,into
4,whether it went into,8.069819450378418,courtroom,6,into
1,whether,10.63432788848877,courtroom,3,whether
2,remember whether,6.695353984832764,courtroom,3,whether
4,Do you remember whether,5.915378570556641,courtroom,3,whether
1,remember,9.751459121704102,courtroom,2,remember
2,you remember,6.299363136291504,courtroom,2,remember
1,it's,9.313949584960938,twitch,2,it's
2,"me, it's",8.034440994262695,twitch,2,it's
1,it's,9.313949584960938,twitch,6,it's
2,"me, it's",8.034440994262695,twitch,6,it's
4,"me, it's me, it's",7.64990758895874,twitch,6,it's
1,"me,",10.894597053527832,twitch,5,"me,"
2,"it's me,",8.958786010742188,twitch,5,"me,"
4,"it's me, it's me,",5.429876327514648,twitch,5,"me,"
1,I'm,7.25425910949707,twitch,6,I'm
2,coming I'm,8.38160514831543,twitch,6,I'm
4,coming I'm coming I'm,2.6545825004577637,twitch,6,I'm
1,coming,10.756954193115234,twitch,1,coming
2,I'm coming,5.083137035369873,twitch,1,coming
1,I'm,7.25425910949707,twitch,4,I'm
2,coming I'm,8.38160514831543,twitch,4,I'm
4,coming I'm coming I'm,2.6545825004577637,twitch,4,I'm
1,of,12.024920463562012,twitch,2,of
2,bit of,10.565462112426758,twitch,2,of
1,little,11.699698448181152,twitch,4,little
2,"healing, little",10.595344543457031,twitch,4,little
4,"bit of healing, little",8.488718032836914,twitch,4,little
1,bit,11.3079252243042,twitch,5,bit
2,little bit,6.142994403839111,twitch,5,bit
4,"of healing, little bit",3.9945285320281982,twitch,5,bit
1,you're,7.940345764160156,twitch,5,you're
2,bone you're,8.210980415344238,twitch,5,you're
4,that's a bone you're,5.846028804779053,twitch,5,you're
1,"dawg,",11.281425476074219,twitch,1,"dawg,"
2,"Fuck, dawg,",9.09228515625,twitch,1,"dawg,"
1,that's,6.693538665771484,twitch,2,that's
2,"dawg, that's",7.640829563140869,twitch,2,that's
1,wait,10.69627571105957,twitch,2,wait
2,don't wait,4.437248229980469,twitch,2,wait
1,don't,7.345463752746582,twitch,1,don't
2,You don't,4.966607570648193,twitch,1,don't
1,fertile,11.260050773620605,twitch,4,fertile
2,in fertile,8.541728973388672,twitch,4,fertile
4,don't wait in fertile,5.2726054191589355,twitch,4,fertile
1,your,12.634740829467773,twitch,4,your
2,There's your,11.50773811340332,twitch,4,your
4,giant dinosaurs! There's your,9.697636604309082,twitch,4,your
1,troika,8.162201881408691,twitch,5,troika
2,your troika,7.617486000061035,twitch,5,troika
4,dinosaurs! There's your troika,6.2186279296875,twitch,5,troika
1,There's,5.10862922668457,twitch,3,There's
2,dinosaurs! There's,5.616757869720459,twitch,3,There's
4,There's giant dinosaurs! There's,8.802911758422852,twitch,3,There's
1,tree,10.39547348022461,twitch,6,tree
2,the tree,7.350780010223389,twitch,6,tree
4,go through the tree,6.264198303222656,twitch,6,tree
1,going,10.563369750976562,twitch,1,going
2,We're going,0.8247948288917542,twitch,1,going
1,go,10.900910377502441,twitch,3,go
2,to go,6.861752510070801,twitch,3,go
4,We're going to go,6.232072353363037,twitch,3,go
1,to,11.301959037780762,twitch,3,to
2,going to,9.507628440856934,twitch,3,to
4,Are you going to,7.983424186706543,twitch,3,to
1,my,12.444364547729492,twitch,6,my
2,on my,10.981941223144531,twitch,6,my
4,to bite on my,9.478954315185547,twitch,6,my
1,bite,10.365228652954102,twitch,4,bite
2,to bite,6.331233024597168,twitch,4,bite
4,you going to bite,5.245697975158691,twitch,4,bite
1,oikers,7.687872886657715,twitch,6,oikers
2,and oikers,6.943314552307129,twitch,6,oikers
4,damn hoovers and oikers,6.950350761413574,twitch,6,oikers
1,damn,10.401288032531738,twitch,3,damn
2,these damn,11.248344421386719,twitch,3,damn
4,Where are these damn,11.437885284423828,twitch,3,damn
1,these,11.89498519897461,twitch,2,these
2,are these,10.4423246383667,twitch,2,these
1,got,11.186014175415039,twitch,1,got
2,I got,7.47769021987915,twitch,1,got
1,just,11.214090347290039,twitch,4,just
2,I just,6.858152866363525,twitch,4,just
4,got you. I just,6.651321887969971,twitch,4,just
1,I,11.117331504821777,twitch,3,I
2,you. I,6.423598289489746,twitch,3,I
4,I got you. I,5.868260860443115,twitch,3,I
1,small,11.787541389465332,twitch,3,small
2,Macs small,10.913005828857422,twitch,3,small
4,Couple big Macs small,7.261735916137695,twitch,3,small
1,and,11.574933052062988,twitch,5,and
2,fry and,12.071852684020996,twitch,5,and
4,Macs small fry and,10.898951530456543,twitch,5,and
1,a,11.316549301147461,twitch,6,a
2,and a,11.278395652770996,twitch,6,a
4,small fry and a,9.459692001342773,twitch,6,a
1,car,11.39967155456543,twitch,1,car
2,The car,7.003887176513672,twitch,1,car
1,come,10.260955810546875,twitch,3,come
2,doesn't come,4.89365816116333,twitch,3,come
4,The car doesn't come,2.393153429031372,twitch,3,come
1,doesn't,7.223078727722168,twitch,2,doesn't
2,car doesn't,7.240161895751953,twitch,2,doesn't
1,about,11.107869148254395,twitch,5,about
2,say about,7.828178882598877,twitch,5,about
4,have to say about,7.435573577880859,twitch,5,about
1,have,10.692431449890137,twitch,2,have
2,guys have,8.446504592895508,twitch,2,have
1,"that,",7.383519172668457,twitch,6,"that,"
2,"about that,",8.286799430847168,twitch,6,"that,"
4,"to say about that,",7.018285751342773,twitch,6,"that,"
1,where,11.376585006713867,twitch,3,where
2,"bike, where",7.595088005065918,twitch,3,where
4,"If you bike, where",4.4564971923828125,twitch,3,where
1,"bike,",8.989790916442871,twitch,2,"bike,"
2,"you bike,",7.8860039710998535,twitch,2,"bike,"
1,you,10.660537719726562,twitch,5,you
2,do you,5.67453145980835,twitch,5,you
4,"bike, where do you",6.3230390548706055,twitch,5,you
1,open,10.900903701782227,twitch,3,open
2,peepers open,6.372645378112793,twitch,3,open
4,keep your peepers open,4.953199863433838,twitch,3,open
1,little,11.699698448181152,twitch,6,little
2,a little,9.63410758972168,twitch,6,little
4,open for a little,2.9121100902557373,twitch,6,little
1,peepers,7.242073059082031,twitch,2,peepers
2,your peepers,6.863622665405273,twitch,2,peepers
1,know,10.400792121887207,twitch,2,know
2,don't know,5.081944465637207,twitch,2,know
1,to,11.301959037780762,twitch,5,to
2,want to,8.155804634094238,twitch,5,to
4,know you want to,7.791660785675049,twitch,5,to
1,don't,7.345463752746582,twitch,1,don't
2,I don't,4.23712158203125,twitch,1,don't
1,road,11.003538131713867,twitch,3,road
2,the road,6.770889759063721,twitch,3,road
4,We're following the road,6.781615257263184,twitch,3,road
1,you,10.660537719726562,twitch,4,you
2,road you,6.695315361022949,twitch,4,you
4,following the road you,6.6768479347229,twitch,4,you
1,to,11.301959037780762,twitch,6,to
2,need to,8.330086708068848,twitch,6,to
4,road you need to,8.166986465454102,twitch,6,to
1,do,10.671449661254883,twitch,1,do
2,How do,2.736572265625,twitch,1,do
1,by,11.555146217346191,twitch,6,by
2,dived by,10.814018249511719,twitch,6,by
4,use streams dived by,10.769393920898438,twitch,6,by
1,dived,8.917829513549805,twitch,5,dived
2,streams dived,4.744105815887451,twitch,5,dived
4,you use streams dived,6.956615924835205,twitch,5,dived
1,I,11.117331504821777,twitch,3,I
2,"wait, I",6.368758678436279,twitch,3,I
4,"Oh, wait, wait, I",5.410798072814941,twitch,3,I
1,"wait,",10.122462272644043,twitch,1,"wait,"
2,"Oh, wait,",6.036884307861328,twitch,1,"wait,"
1,little,11.699698448181152,twitch,6,little
2,a little,9.63410758972168,twitch,6,little
4,I lagged a little,3.1308047771453857,twitch,6,little
1,we,11.5739107131958,twitch,3,we
2,"no, we",6.649203777313232,twitch,3,we
4,"No, no, no, we",4.672738552093506,twitch,3,we
1,got,11.186014175415039,twitch,4,got
2,we got,7.2924604415893555,twitch,4,got
4,"no, no, we got",7.502647876739502,twitch,4,got
1,"no,",10.201715469360352,twitch,2,"no,"
2,"no, no,",5.523804187774658,twitch,2,"no,"
1,What,10.5620756149292,twitch,4,What
2,that? What,6.280541896820068,twitch,4,What
4,that? What's that? What,4.050025463104248,twitch,4,What
1,behind,11.124430656433105,twitch,6,behind
2,is behind,5.97165060043335,twitch,6,behind
4,that? What is behind,4.540138244628906,twitch,6,behind
1,is,11.129858016967773,twitch,5,is
2,What is,8.665983200073242,twitch,5,is
4,What's that? What is,5.629963397979736,twitch,5,is
1,"God,",8.844258308410645,twitch,2,"God,"
2,"my God,",9.351699829101562,twitch,2,"God,"
1,my,12.444364547729492,twitch,1,my
2,Oh my,3.530229091644287,twitch,1,my
1,stuck,8.849407196044922,twitch,4,stuck
2,I'm stuck,4.807616710662842,twitch,4,stuck
4,"my God, I'm stuck",4.926412105560303,twitch,4,stuck
1,I,11.117331504821777,twitch,2,I
2,do I,7.058943271636963,twitch,2,I
1,on,11.154274940490723,twitch,6,on
2,spawn on,8.875974655151367,twitch,6,on
4,let you spawn on,8.019286155700684,twitch,6,on
1,you,10.660537719726562,twitch,4,you
2,let you,8.588472366333008,twitch,4,you
4,do I let you,7.285150527954102,twitch,4,you
1,going,10.563369750976562,twitch,3,going
2,i'm going,1.5899155139923096,twitch,3,going
4,so maybe i'm going,2.119478464126587,twitch,3,going
1,see,10.684712409973145,twitch,5,see
2,to see,6.500743865966797,twitch,5,see
4,i'm going to see,6.9777703285217285,twitch,5,see
1,i'm,8.213395118713379,twitch,2,i'm
2,maybe i'm,7.635300636291504,twitch,2,i'm
1,chicken,9.670852661132812,twitch,1,chicken
2,One chicken,8.4752779006958,twitch,1,chicken
1,it.,9.278916358947754,twitch,5,it.
2,fuck it.,7.504383087158203,twitch,5,it.
4,"once. Yeah, fuck it.",6.913235664367676,twitch,5,it.
1,You're,8.159443855285645,twitch,6,You're
2,it. You're,8.123997688293457,twitch,6,You're
4,"Yeah, fuck it. You're",7.472340106964111,twitch,6,You're
1,those,11.217927932739258,twitch,6,those
2,they're those,8.518426895141602,twitch,6,those
4,"little attack, they're those",8.040020942687988,twitch,6,those
1,little,11.699698448181152,twitch,3,little
2,a little,9.63410758972168,twitch,3,little
4,They're having a little,6.15938138961792,twitch,3,little
1,they're,8.73033332824707,twitch,5,they're
2,"attack, they're",8.756683349609375,twitch,5,they're
4,"a little attack, they're",8.095178604125977,twitch,5,they're
1,on,11.154274940490723,twitch,3,on
2,you on,8.365743637084961,twitch,3,on
4,"Pino, are you on",7.378631114959717,twitch,3,on
1,are,11.507725715637207,twitch,1,are
2,"Pino, are",10.13075065612793,twitch,1,are
1,team,10.583955764770508,twitch,5,team
2,a team,6.749124050140381,twitch,5,team
4,you on a team,6.156954288482666,twitch,5,team
1,"disappeared,",9.149354934692383,twitch,4,"disappeared,"
2,"body disappeared,",7.832230091094971,twitch,4,"disappeared,"
4,"the deer body disappeared,",7.200576305389404,twitch,4,"disappeared,"
1,body,10.47280502319336,twitch,3,body
2,deer body,7.732700824737549,twitch,3,body
4,Prog the deer body,6.689178943634033,twitch,3,body
1,the,12.734390258789062,twitch,1,the
2,Prog the,12.948974609375,twitch,1,the
1,I'll,7.0371527671813965,twitch,4,I'll
2,"fair, I'll",7.301560878753662,twitch,4,I'll
4,"not fucking fair, I'll",6.7771148681640625,twitch,4,I'll
1,fucking,6.474433422088623,twitch,2,fucking
2,not fucking,10.060772895812988,twitch,2,fucking
1,not,10.92558479309082,twitch,1,not
2,You're not,7.7919206619262695,twitch,1,not
1,even,11.04362964630127,twitch,4,even
2,pun even,7.5858025550842285,twitch,4,even
4,a good pun even,5.08808708190918,twitch,4,even
1,temporary,11.304670333862305,twitch,6,temporary
2,with temporary,11.231658935546875,twitch,6,temporary
4,pun even with temporary,10.886089324951172,twitch,6,temporary
1,with,11.736027717590332,twitch,5,with
2,even with,9.568537712097168,twitch,5,with
4,good pun even with,8.244150161743164,twitch,5,with
1,for,11.576336860656738,twitch,6,for
2,time for,9.94258975982666,twitch,6,for
4,"T-Rex, it's time for",7.516805171966553,twitch,6,for
1,"T-Rex,",10.734251976013184,twitch,3,"T-Rex,"
2,"for T-Rex,",10.361470222473145,twitch,3,"T-Rex,"
4,"It's time for T-Rex,",10.382848739624023,twitch,3,"T-Rex,"
1,time,10.924384117126465,twitch,5,time
2,it's time,2.73919677734375,twitch,5,time
4,"for T-Rex, it's time",1.899815559387207,twitch,5,time
1,you,10.660537719726562,twitch,2,you
2,wish you,6.860385894775391,twitch,2,you
1,with,11.736027717590332,twitch,5,with
2,out with,9.670833587646484,twitch,5,with
4,you come out with,6.949372291564941,twitch,5,with
1,come,10.260955810546875,twitch,3,come
2,you come,5.444520950317383,twitch,3,come
4,We wish you come,4.729610443115234,twitch,3,come
1,a,11.316549301147461,twitch,4,a
2,like a,12.12984848022461,twitch,4,a
4,click is like a,11.598207473754883,twitch,4,a
1,inside,11.155008316040039,twitch,6,inside
2,knockback inside,6.485421180725098,twitch,6,inside
4,like a knockback inside,5.817790985107422,twitch,6,inside
1,knockback,9.400827407836914,twitch,5,knockback
2,a knockback,7.094756126403809,twitch,5,knockback
4,is like a knockback,7.082791805267334,twitch,5,knockback
1,I'm,7.25425910949707,twitch,5,I'm
2,"drag, I'm",7.5784101486206055,twitch,5,I'm
4,"gonna starve, drag, I'm",7.017335414886475,twitch,5,I'm
1,"drag,",11.430005073547363,twitch,4,"drag,"
2,"starve, drag,",11.086749076843262,twitch,4,"drag,"
4,"I'm gonna starve, drag,",8.528597831726074,twitch,4,"drag,"
1,I'm,7.25425910949707,twitch,1,I'm
2,Now I'm,6.910031795501709,twitch,1,I'm
1,"shit,",9.02711009979248,twitch,1,"shit,"
2,"Oh shit,",7.531517505645752,twitch,1,"shit,"
1,he's,10.79698371887207,twitch,2,he's
2,"shit, he's",8.251399993896484,twitch,2,he's
1,on,11.154274940490723,twitch,6,on
2,He's on,6.057058334350586,twitch,6,on
4,on you! He's on,6.432085037231445,twitch,6,on
1,still,10.723008155822754,twitch,1,still
2,I still,6.001503944396973,twitch,1,still
1,"move,",11.253218650817871,twitch,3,"move,"
2,"can't move,",7.951696872711182,twitch,3,"move,"
4,"I still can't move,",5.636157989501953,twitch,3,"move,"
1,my,12.444364547729492,twitch,4,my
2,"move, my",11.511710166931152,twitch,4,my
4,"still can't move, my",9.798436164855957,twitch,4,my
1,take,10.94829273223877,twitch,3,take
2,you take,6.590673923492432,twitch,3,take
4,"Jawa, can you take",4.6587677001953125,twitch,3,take
1,to,11.301959037780762,twitch,5,to
2,us to,10.78658676147461,twitch,5,to
4,you take us to,8.177434921264648,twitch,5,to
1,us,11.194427490234375,twitch,4,us
2,take us,5.878702640533447,twitch,4,us
4,can you take us,5.253960132598877,twitch,4,us
1,and,11.574933052062988,twitch,6,and
2,up and,12.289124488830566,twitch,6,and
4,"again, he's up and",6.5963311195373535,twitch,6,and
1,he's,10.79698371887207,twitch,4,he's
2,"again, he's",8.427237510681152,twitch,4,he's
4,"up and again, he's",8.801359176635742,twitch,4,he's
1,up,10.697288513183594,twitch,1,up
2,He's up,4.405077934265137,twitch,1,up
1,a,11.316549301147461,twitch,4,a
2,up a,11.402335166931152,twitch,4,a
4,we're digging up a,9.079157829284668,twitch,4,a
1,little,11.699698448181152,twitch,5,little
2,a little,9.63410758972168,twitch,5,little
4,digging up a little,5.251697540283203,twitch,5,little
1,up,10.697288513183594,twitch,3,up
2,digging up,8.347517967224121,twitch,3,up
4,"Oh, we're digging up",6.975928783416748,twitch,3,up
1,the,12.734390258789062,twitch,2,the
2,on the,12.704998970031738,twitch,2,the
1,on,11.154274940490723,twitch,5,on
2,turtles on,6.78145694732666,twitch,5,on
4,"the beach, turtles on",4.392778396606445,twitch,5,on
1,the,12.734390258789062,twitch,6,the
2,on the,12.704998970031738,twitch,6,the
4,"beach, turtles on the",8.993228912353516,twitch,6,the
1,"on,",10.979357719421387,twitch,1,"on,"
2,"Come on,",10.378730773925781,twitch,1,"on,"
1,come,10.260955810546875,twitch,2,come
2,"on, come",6.145468235015869,twitch,2,come
1,on,11.154274940490723,twitch,5,on
2,come on,9.599469184875488,twitch,5,on
4,"come on, come on",4.846432209014893,twitch,5,on
1,I'm,7.25425910949707,twitch,1,I'm
2,Like I'm,7.726689338684082,twitch,1,I'm
1,like,11.612746238708496,twitch,2,like
2,I'm like,5.3973798751831055,twitch,2,like
1,great,11.726061820983887,twitch,6,great
2,other great,10.184401512145996,twitch,6,great
4,better than other great,10.985065460205078,twitch,6,great
1,to,11.301959037780762,twitch,2,to
2,need to,8.330086708068848,twitch,2,to
1,an,11.774314880371094,twitch,4,an
2,do an,9.844823837280273,twitch,4,an
4,need to do an,9.220511436462402,twitch,4,an
1,do,10.671449661254883,twitch,3,do
2,to do,6.433040142059326,twitch,3,do
4,you need to do,5.61089563369751,twitch,3,do
1,get,11.412823677062988,twitch,4,get
2,to get,7.472585201263428,twitch,4,get
4,don't need to get,8.249032974243164,twitch,4,get
1,to,11.301959037780762,twitch,3,to
2,need to,8.330086708068848,twitch,3,to
4,We don't need to,8.066261291503906,twitch,3,to
1,need,10.85104751586914,twitch,2,need
2,don't need,5.046441555023193,twitch,2,need
1,just,11.214090347290039,twitch,4,just
2,what just,4.551999092102051,twitch,4,just
4,don't know what just,2.7366862297058105,twitch,4,just
1,what,10.599081993103027,twitch,3,what
2,know what,6.800109386444092,twitch,3,what
4,I don't know what,6.045905590057373,twitch,3,what
1,know,10.400792121887207,twitch,2,know
2,don't know,5.081944465637207,twitch,2,know
1,hear,10.831530570983887,twitch,1,hear
2,I hear,6.860929489135742,twitch,1,hear
1,on,11.154274940490723,twitch,3,on
2,something on,7.622681617736816,twitch,3,on
4,I hear something on,5.556522369384766,twitch,3,on
1,by,11.555146217346191,twitch,5,by
2,us by,11.555659294128418,twitch,5,by
4,something on us by,10.037931442260742,twitch,5,by
1,can,10.825804710388184,twitch,4,can
2,you can,7.526995658874512,twitch,4,can
4,"Rook, since you can",5.631227493286133,twitch,4,can
1,since,11.121576309204102,twitch,2,since
2,"Rook, since",8.640560150146484,twitch,2,since
1,a,11.316549301147461,twitch,6,a
2,use a,11.796443939208984,twitch,6,a
4,you can use a,11.376423835754395,twitch,6,a
1,could,10.399933815002441,twitch,5,could
2,I could,7.051412582397461,twitch,5,could
4,I wish I could,6.749426364898682,twitch,5,could
1,wish,9.21462631225586,twitch,3,wish
2,I wish,4.474743366241455,twitch,3,wish
4,"Holy shit, I wish",3.9603865146636963,twitch,3,wish
1,I,11.117331504821777,twitch,2,I
2,"shit, I",6.332425117492676,twitch,2,I
1,in,11.458725929260254,twitch,6,in
2,war in,9.556402206420898,twitch,6,in
4,see you war in,8.780138969421387,twitch,6,in
1,war,11.078688621520996,twitch,5,war
2,you war,8.877494812011719,twitch,5,war
4,don't see you war,5.030608654022217,twitch,5,war
1,you,10.660537719726562,twitch,4,you
2,see you,8.374963760375977,twitch,4,you
4,I don't see you,8.07043743133545,twitch,4,you
1,go,10.900910377502441,twitch,1,go
2,Let's go,6.089264869689941,twitch,1,go
1,beat,11.9293212890625,twitch,2,beat
2,go beat,8.363496780395508,twitch,2,beat
1,shit,10.392616271972656,twitch,4,shit
2,that shit,6.557351589202881,twitch,4,shit
4,go beat that shit,5.215637683868408,twitch,4,shit
1,feel,10.539145469665527,twitch,5,feel
2,can't feel,6.866269588470459,twitch,5,feel
4,"actually, I can't feel",5.68796443939209,twitch,5,feel
1,can't,7.6911139488220215,twitch,4,can't
2,I can't,6.68705415725708,twitch,4,can't
4,"well, actually, I can't",5.884946823120117,twitch,4,can't
1,that,10.947566986083984,twitch,6,that
2,feel that,7.70618200302124,twitch,6,that
4,I can't feel that,8.131683349609375,twitch,6,that
1,a,11.316549301147461,twitch,5,a
2,that's a,9.055657386779785,twitch,5,a
4,"good idea, that's a",7.947680473327637,twitch,5,a
1,good,10.838345527648926,twitch,6,good
2,a good,9.664921760559082,twitch,6,good
4,"idea, that's a good",7.3832502365112305,twitch,6,good
1,that's,6.693538665771484,twitch,4,that's
2,"idea, that's",7.456312656402588,twitch,4,that's
4,"a good idea, that's",5.828139305114746,twitch,4,that's
1,stuck,8.849407196044922,twitch,6,stuck
2,one stuck,5.567883491516113,twitch,6,stuck
4,there's no one stuck,4.402780532836914,twitch,6,stuck
1,there's,5.328185558319092,twitch,3,there's
2,don't there's,5.273353099822998,twitch,3,there's
4,Can't I don't there's,6.58525276184082,twitch,3,there's
1,one,10.6817045211792,twitch,5,one
2,no one,7.431745529174805,twitch,5,one
4,don't there's no one,6.384342670440674,twitch,5,one
1,don't,7.345463752746582,twitch,2,don't
2,I don't,4.23712158203125,twitch,2,don't
1,hear,10.831530570983887,twitch,5,hear
2,to hear,6.901635646820068,twitch,5,hear
4,don't want to hear,5.860605716705322,twitch,5,hear
1,want,10.154277801513672,twitch,3,want
2,don't want,2.9178061485290527,twitch,3,want
4,"No, I don't want",2.653440237045288,twitch,3,want
1,with,11.736027717590332,twitch,3,with
2,stiff with,9.323129653930664,twitch,3,with
4,I'll be stiff with,4.793112277984619,twitch,3,with
1,some,11.931933403015137,twitch,4,some
2,with some,11.508625984191895,twitch,4,some
4,be stiff with some,11.549734115600586,twitch,4,some
1,food,10.676980972290039,twitch,5,food
2,some food,8.033746719360352,twitch,5,food
4,stiff with some food,7.1881279945373535,twitch,5,food
1,gotta,9.61825942993164,twitch,1,gotta
2,I gotta,6.314777374267578,twitch,1,gotta
1,B,11.827631950378418,twitch,6,B
2,type B,9.968082427978516,twitch,6,B
4,a body type B,8.634994506835938,twitch,6,B
1,a,11.316549301147461,twitch,3,a
2,get a,11.216796875,twitch,3,a
4,I gotta get a,9.583451271057129,twitch,3,a
1,was,10.896289825439453,twitch,1,was
2,I was,8.877824783325195,twitch,1,was
1,right,10.864727020263672,twitch,6,right
2,bluffing right,6.418671131134033,twitch,6,right
4,of just bluffing right,3.0028038024902344,twitch,6,right
1,of,12.024920463562012,twitch,3,of
2,kind of,11.920049667358398,twitch,3,of
4,I was kind of,8.630492210388184,twitch,3,of
1,you're,7.940345764160156,twitch,2,you're
2,"yeah, you're",7.988409042358398,twitch,2,you're
1,"right,",11.24286937713623,twitch,5,"right,"
2,"you're right,",7.512479305267334,twitch,5,"right,"
4,"you're right, you're right,",5.965472221374512,twitch,5,"right,"
1,"right,",11.24286937713623,twitch,3,"right,"
2,"you're right,",7.512479305267334,twitch,3,"right,"
4,"Oh, yeah, you're right,",7.036049842834473,twitch,3,"right,"
1,it's,9.313949584960938,twitch,6,it's
2,"said, it's",7.403491020202637,twitch,6,it's
4,"job, I said, it's",7.142332553863525,twitch,6,it's
1,"job,",10.772622108459473,twitch,1,"job,"
2,"That's job,",7.966814041137695,twitch,1,"job,"
1,"job,",10.772622108459473,twitch,3,"job,"
2,"oh job,",8.742350578308105,twitch,3,"job,"
4,"That's job, oh job,",7.71612024307251,twitch,3,"job,"
1,of,12.024920463562012,twitch,6,of
2,out of,10.487857818603516,twitch,6,of
4,"god, I'm out of",7.533374309539795,twitch,6,of
1,I'm,7.25425910949707,twitch,4,I'm
2,"god, I'm",7.572454452514648,twitch,4,I'm
4,"Oh my god, I'm",6.921041488647461,twitch,4,I'm
1,"god,",9.819499015808105,twitch,3,"god,"
2,"my god,",7.821787357330322,twitch,3,"god,"
4,"Yes. Oh my god,",6.668208122253418,twitch,3,"god,"
1,I,11.117331504821777,twitch,2,I
2,"Ajax, I",8.090250015258789,twitch,2,I
1,straight,11.08015251159668,twitch,5,straight
2,just straight,6.746165752410889,twitch,5,straight
4,I might just straight,2.127685070037842,twitch,5,straight
1,"Ajax,",11.362361907958984,twitch,1,"Ajax,"
2,"Yeah, Ajax,",8.40241527557373,twitch,1,"Ajax,"
1,little,11.699698448181152,twitch,6,little
2,that little,10.537280082702637,twitch,6,little
4,experience with that little,10.076881408691406,twitch,6,little
1,my,12.444364547729492,twitch,2,my
2,got my,10.651029586791992,twitch,2,my
1,got,11.186014175415039,twitch,1,got
2,You got,6.208295822143555,twitch,1,got
1,you,10.660537719726562,twitch,1,you
2,So you,5.696753978729248,twitch,1,you
1,been,10.934855461120605,twitch,4,been
2,have been,10.350520133972168,twitch,4,been
4,you would have been,9.02952766418457,twitch,4,been
1,even,11.04362964630127,twitch,6,even
2,winning even,5.739873886108398,twitch,6,even
4,have been winning even,6.09475564956665,twitch,6,even
1,the,12.734390258789062,twitch,4,the
2,did the,12.016401290893555,twitch,4,the
4,because I did the,9.57183837890625,twitch,4,the
1,did,10.002723693847656,twitch,3,did
2,I did,5.933742046356201,twitch,3,did
4,"Oh, because I did",6.293073654174805,twitch,3,did
1,I,11.117331504821777,twitch,2,I
2,because I,6.382903099060059,twitch,2,I
1,thing,10.63368034362793,twitch,3,thing
2,fucking thing,5.883970260620117,twitch,3,thing
4,find a fucking thing,6.359921932220459,twitch,3,thing
1,find,11.10165786743164,twitch,5,find
2,you find,6.545294284820557,twitch,5,find
4,fucking thing you find,7.267541885375977,twitch,5,find
1,a,11.316549301147461,twitch,1,a
2,find a,11.242583274841309,twitch,1,a
1,to,11.301959037780762,twitch,3,to
2,trying to,8.693740844726562,twitch,3,to
4,I was trying to,7.887060165405273,twitch,3,to
1,him,11.09859561920166,twitch,5,him
2,kill him,5.671715259552002,twitch,5,him
4,trying to kill him,5.669734477996826,twitch,5,him
1,kill,10.769107818603516,twitch,4,kill
2,to kill,7.459692478179932,twitch,4,kill
4,was trying to kill,6.4789628982543945,twitch,4,kill
1,"two,",10.592264175415039,twitch,2,"two,"
2,"one, two,",3.8480803966522217,twitch,2,"two,"
1,of,12.024920463562012,twitch,6,of
2,six of,5.798476219177246,twitch,6,of
4,"three, four, six of",5.823512554168701,twitch,6,of
1,"four,",10.468917846679688,twitch,4,"four,"
2,"three, four,",3.7304158210754395,twitch,4,"four,"
4,"one, two, three, four,",2.1200339794158936,twitch,4,"four,"
1,I,11.117331504821777,twitch,3,I
2,like I,7.844658374786377,twitch,3,I
4,I feel like I,4.6432695388793945,twitch,3,I
1,like,11.612746238708496,twitch,2,like
2,feel like,7.446840763092041,twitch,2,like
1,use,11.06351089477539,twitch,4,use
2,I use,8.724390029907227,twitch,4,use
4,feel like I use,7.6340813636779785,twitch,4,use
1,in,11.458725929260254,twitch,2,in
2,I'm in,7.543304443359375,twitch,2,in
1,giant,11.129050254821777,twitch,6,giant
2,like giant,11.32300853729248,twitch,6,giant
4,sanctuary with like giant,11.161465644836426,twitch,6,giant
1,with,11.736027717590332,twitch,4,with
2,sanctuary with,9.325244903564453,twitch,4,with
4,I'm in sanctuary with,6.546731472015381,twitch,4,with
1,Pin,11.7575101852417,twitch,4,Pin
2,slot! Pin,8.763056755065918,twitch,4,Pin
4,a pin slot! Pin,9.103106498718262,twitch,4,Pin
1,slot!,9.147811889648438,twitch,3,slot!
2,pin slot!,6.9586567878723145,twitch,3,slot!
4,It's a pin slot!,7.163366317749023,twitch,3,slot!
1,pin,11.509469985961914,twitch,2,pin
2,a pin,8.068511962890625,twitch,2,pin
1,over,11.29223346710205,twitch,5,over
2,jumping over,7.774744510650635,twitch,5,over
4,chicken is jumping over,6.395379066467285,twitch,5,over
1,me,10.572490692138672,twitch,6,me
2,over me,6.235934734344482,twitch,6,me
4,is jumping over me,4.968206882476807,twitch,6,me
1,fucking,6.474433422088623,twitch,1,fucking
2,That fucking,11.228564262390137,twitch,1,fucking
1,out,10.346115112304688,twitch,4,out
2,cry out,8.616217613220215,twitch,4,out
4,does one cry out,4.895796775817871,twitch,4,out
1,one,10.6817045211792,twitch,2,one
2,does one,8.5784912109375,twitch,2,one
1,cry,11.25146770477295,twitch,3,cry
2,one cry,8.37320613861084,twitch,3,cry
4,How does one cry,6.100851058959961,twitch,3,cry
1,grown,11.083446502685547,twitch,6,grown
2,fully grown,7.744098663330078,twitch,6,grown
4,it's a fully grown,8.125097274780273,twitch,6,grown
1,"god,",9.819499015808105,twitch,2,"god,"
2,"my god,",7.821787357330322,twitch,2,"god,"
1,my,12.444364547729492,twitch,1,my
2,Oh my,3.530229091644287,twitch,1,my
1,your,12.634740829467773,twitch,5,your
2,snap your,11.050623893737793,twitch,5,your
4,I would snap your,7.303850173950195,twitch,5,your
1,would,10.050649642944336,twitch,3,would
2,I would,6.116856098175049,twitch,3,would
4,"You know, I would",5.757631778717041,twitch,3,would
1,"know,",8.246770858764648,twitch,1,"know,"
2,"You know,",6.714511394500732,twitch,1,"know,"
1,buying,9.167980194091797,twitch,4,buying
2,enjoyed buying,7.939140319824219,twitch,4,buying
4,if you enjoyed buying,7.4914774894714355,twitch,4,buying
1,you,10.660537719726562,twitch,2,you
2,if you,6.188261985778809,twitch,2,you
1,installing,9.198789596557617,twitch,6,installing
2,and installing,7.765920639038086,twitch,6,installing
4,enjoyed buying and installing,8.592245101928711,twitch,6,installing
1,put,11.452770233154297,twitch,3,put
2,you put,6.518835067749023,twitch,3,put
4,Me like you put,5.974208354949951,twitch,3,put
1,this,10.959673881530762,twitch,4,this
2,put this,9.832303047180176,twitch,4,this
4,like you put this,7.9824676513671875,twitch,4,this
1,like,11.612746238708496,twitch,1,like
2,Me like,8.017477035522461,twitch,1,like
1,our,11.373416900634766,twitch,6,our
2,on our,11.868029594421387,twitch,6,our
4,but he's on our,6.1489362716674805,twitch,6,our
1,technically,7.299108982086182,twitch,1,technically
2,Drunk technically,5.9898786544799805,twitch,1,technically
1,he's,10.79698371887207,twitch,4,he's
2,but he's,8.219547271728516,twitch,4,he's
4,technically is but he's,7.83419132232666,twitch,4,he's
1,eaten,10.275191307067871,twitch,3,eaten
2,getting eaten,6.454900741577148,twitch,3,eaten
4,"Oh, he's getting eaten",4.677814960479736,twitch,3,eaten
1,getting,10.920502662658691,twitch,2,getting
2,he's getting,8.322145462036133,twitch,2,getting
1,big,12.034542083740234,twitch,6,big
2,the big,9.899658203125,twitch,6,big
4,eaten by the big,10.228511810302734,twitch,6,big
1,"yes,",8.981555938720703,twitch,6,"yes,"
2,"yes, yes,",6.155998706817627,twitch,6,"yes,"
4,"yes, yes, yes, yes,",2.7243077754974365,twitch,6,"yes,"
1,"yes,",8.981555938720703,twitch,4,"yes,"
2,"yes, yes,",6.155998706817627,twitch,4,"yes,"
4,"yes, yes, yes, yes,",2.7243077754974365,twitch,4,"yes,"
1,"yes,",8.981555938720703,twitch,2,"yes,"
2,"yes, yes,",6.155998706817627,twitch,2,"yes,"
1,good,10.838345527648926,twitch,5,good
2,doing good,8.46161937713623,twitch,5,good
4,okay we're doing good,5.579617977142334,twitch,5,good
1,we're,7.409038543701172,twitch,3,we're
2,okay we're,7.364859580993652,twitch,3,we're
4,I'm saying okay we're,5.500918388366699,twitch,3,we're
1,saying,7.357372760772705,twitch,1,saying
2,I'm saying,5.7232666015625,twitch,1,saying
1,killed,10.51333999633789,twitch,4,killed
2,pterodactyls killed,8.385498046875,twitch,4,killed
4,of the pterodactyls killed,6.255027770996094,twitch,4,killed
1,pterodactyls,7.975047588348389,twitch,3,pterodactyls
2,the pterodactyls,8.797074317932129,twitch,3,pterodactyls
4,One of the pterodactyls,7.470464706420898,twitch,3,pterodactyls
1,the,12.734390258789062,twitch,5,the
2,killed the,11.915899276733398,twitch,5,the
4,the pterodactyls killed the,11.017545700073242,twitch,5,the
1,your,12.634740829467773,twitch,5,your
2,for your,10.009960174560547,twitch,5,your
4,you depict for your,6.5256757736206055,twitch,5,your
1,one,10.6817045211792,twitch,1,one
2,It's one,3.299077272415161,twitch,1,one
1,for,11.576336860656738,twitch,4,for
2,depict for,10.23176097869873,twitch,4,for
4,one you depict for,7.664350986480713,twitch,4,for
1,bit,11.3079252243042,twitch,5,bit
2,Little bit,5.644124507904053,twitch,5,bit
4,of healing. Little bit,5.855436325073242,twitch,5,bit
1,bit,11.3079252243042,twitch,1,bit
2,Little bit,5.644124507904053,twitch,1,bit
1,of,12.024920463562012,twitch,6,of
2,bit of,10.565462112426758,twitch,6,of
4,healing. Little bit of,11.367307662963867,twitch,6,of
1,I'm,7.25425910949707,twitch,5,I'm
2,what I'm,5.672217845916748,twitch,5,I'm
4,"yeah, it's what I'm",6.03849458694458,twitch,5,I'm
1,talking,11.032435417175293,twitch,6,talking
2,I'm talking,3.1893672943115234,twitch,6,talking
4,it's what I'm talking,0.04127444699406624,twitch,6,talking
1,it's,9.313949584960938,twitch,3,it's
2,"yeah, it's",7.678024768829346,twitch,3,it's
4,"Yeah, yeah, yeah, it's",7.605437755584717,twitch,3,it's
1,I,11.117331504821777,twitch,4,I
2,"servers, I",7.686774253845215,twitch,4,I
4,"the official servers, I",7.177499771118164,twitch,4,I
1,copied,9.207525253295898,twitch,6,copied
2,just copied,7.19679594039917,twitch,6,copied
4,"servers, I just copied",5.2915520668029785,twitch,6,copied
1,official,11.905435562133789,twitch,2,official
2,the official,10.621033668518066,twitch,2,official
1,we're,7.409038543701172,twitch,2,we're
2,once we're,7.228419780731201,twitch,2,we're
1,once,10.7865571975708,twitch,1,once
2,"Jay, once",7.572198867797852,twitch,1,once
1,better,10.959725379943848,twitch,5,better
2,nobody's better,3.9805867671966553,twitch,5,better
4,"we're big, nobody's better",3.5971715450286865,twitch,5,better
1,that's,6.693538665771484,twitch,1,that's
2,But that's,6.222468376159668,twitch,1,that's
1,got,11.186014175415039,twitch,3,got
2,you got,6.812966823577881,twitch,3,got
4,But that's you got,5.407305717468262,twitch,3,got
1,you,10.660537719726562,twitch,2,you
2,that's you,6.576634883880615,twitch,2,you
1,down.,8.4717378616333,twitch,6,down.
2,I'm down.,6.427973747253418,twitch,6,down.
4,you selling? I'm down.,6.988086700439453,twitch,6,down.
1,what,10.599081993103027,twitch,1,what
2,"Wait, what",5.562844753265381,twitch,1,what
1,I'm,7.25425910949707,twitch,5,I'm
2,selling? I'm,6.448530673980713,twitch,5,I'm
4,are you selling? I'm,6.604910850524902,twitch,5,I'm
1,boy,10.904241561889648,twitch,6,boy
2,tell boy,8.969742774963379,twitch,6,boy
4,I could tell boy,5.454714298248291,twitch,6,boy
1,I,11.117331504821777,twitch,3,I
2,boy. I,6.908259391784668,twitch,3,I
4,Could tell boy. I,6.234381198883057,twitch,3,I
1,tell,10.891951560974121,twitch,5,tell
2,could tell,5.367288112640381,twitch,5,tell
4,boy. I could tell,5.308191299438477,twitch,5,tell
1,zone,10.251338005065918,twitch,4,zone
2,troll zone,7.046448707580566,twitch,4,zone
4,be a troll zone,6.182380676269531,twitch,4,zone
1,troll,9.104272842407227,twitch,3,troll
2,a troll,8.191733360290527,twitch,3,troll
4,Could be a troll,7.1455864906311035,twitch,3,troll
1,migration,8.426774978637695,twitch,6,migration
2,and migration,7.193174839019775,twitch,6,migration
4,troll zone and migration,8.025613784790039,twitch,6,migration
1,I'm,7.25425910949707,twitch,2,I'm
2,back I'm,8.185371398925781,twitch,2,I'm
1,back,10.862462043762207,twitch,1,back
2,I'm back,5.129647254943848,twitch,1,back
1,I'm,7.25425910949707,twitch,4,I'm
2,back I'm,8.185371398925781,twitch,4,I'm
4,back I'm back I'm,3.778714179992676,twitch,4,I'm
1,time,10.924384117126465,twitch,3,time
2,it's time,2.73919677734375,twitch,3,time
4,I think it's time,2.5726187229156494,twitch,3,time
1,think,9.863617897033691,twitch,1,think
2,I think,5.887979984283447,twitch,1,think
1,for,11.576336860656738,twitch,4,for
2,time for,9.94258975982666,twitch,4,for
4,think it's time for,7.458094596862793,twitch,4,for
1,time,10.924384117126465,twitch,1,time
2,It's time,2.542062997817993,twitch,1,time
1,it's,9.313949584960938,twitch,4,it's
2,"T-Rex, it's",8.117452621459961,twitch,4,it's
4,"time for T-Rex, it's",8.030250549316406,twitch,4,it's
1,for,11.576336860656738,twitch,2,for
2,time for,9.94258975982666,twitch,2,for
1,situation,6.558211326599121,twitch,5,situation
2,vagina situation,5.623701572418213,twitch,5,situation
4,a crazy vagina situation,5.700182914733887,twitch,5,situation
1,vagina,8.551761627197266,twitch,4,vagina
2,crazy vagina,6.90587854385376,twitch,4,vagina
4,got a crazy vagina,6.768798351287842,twitch,4,vagina
1,crazy,10.86516284942627,twitch,3,crazy
2,a crazy,9.985004425048828,twitch,3,crazy
4,I've got a crazy,9.544581413269043,twitch,3,crazy
1,it,10.897254943847656,twitch,2,it
2,make it,8.202009201049805,twitch,2,it
1,make,10.938591003417969,twitch,1,make
2,People make,7.952958106994629,twitch,1,make
1,sound,11.006141662597656,twitch,3,sound
2,it sound,8.292742729187012,twitch,3,sound
4,People make it sound,2.7897093296051025,twitch,3,sound
1,"no,",10.201715469360352,twitch,1,"no,"
2,"Oh, no,",5.710402965545654,twitch,1,"no,"
1,Nick.,8.310233116149902,twitch,4,Nick.
2,not Nick.,8.298413276672363,twitch,4,Nick.
4,"no, that's not Nick.",6.218361854553223,twitch,4,Nick.
1,not,10.92558479309082,twitch,3,not
2,that's not,7.079346656799316,twitch,3,not
4,"Oh, no, that's not",5.523003101348877,twitch,3,not
1,cellular,11.313199996948242,twitch,3,cellular
2,for cellular,9.299460411071777,twitch,3,cellular
4,I'm short for cellular,8.709929466247559,twitch,3,cellular
1,"osservish,",11.249821662902832,twitch,4,"osservish,"
2,"cellular osservish,",9.957076072692871,twitch,4,"osservish,"
4,"short for cellular osservish,",9.4069242477417,twitch,4,"osservish,"
1,or,11.46521282196045,twitch,6,or
2,"regeneration, or",10.76452922821045,twitch,6,or
4,"cellular osservish, regeneration, or",10.59239387512207,twitch,6,or
1,out,10.346115112304688,twitch,2,out
2,coming out,4.798079490661621,twitch,2,out
1,coming,10.756954193115234,twitch,6,coming
2,I'm coming,5.083137035369873,twitch,6,coming
4,from there. I'm coming,5.3585615158081055,twitch,6,coming
1,coming,10.756954193115234,twitch,1,coming
2,I'm coming,5.083137035369873,twitch,1,coming
1,buddy!,8.81937313079834,twitch,4,buddy!
2,"alone, buddy!",7.598864555358887,twitch,4,buddy!
4,"Leave me alone, buddy!",6.414714813232422,twitch,4,buddy!
1,me,10.572490692138672,twitch,6,me
2,Leave me,6.894296169281006,twitch,6,me
4,"alone, buddy! Leave me",3.515007972717285,twitch,6,me
1,"alone,",11.529362678527832,twitch,3,"alone,"
2,"me alone,",8.706520080566406,twitch,3,"alone,"
4,"Hey! Leave me alone,",8.847607612609863,twitch,3,"alone,"
1,"him,",10.795534133911133,twitch,3,"him,"
2,"bite him,",8.72114372253418,twitch,3,"him,"
4,"Trying to bite him,",8.700927734375,twitch,3,"him,"
1,to,11.301959037780762,twitch,5,to
2,trying to,8.693740844726562,twitch,5,to
4,"bite him, trying to",8.675057411193848,twitch,5,to
1,to,11.301959037780762,twitch,1,to
2,Trying to,8.771757125854492,twitch,1,to
1,but,10.735779762268066,twitch,4,but
2,"bleeding, but",8.30728816986084,twitch,4,but
4,"I'm done bleeding, but",5.660741806030273,twitch,4,but
1,I'm,7.25425910949707,twitch,5,I'm
2,but I'm,6.613962173461914,twitch,5,I'm
4,"done bleeding, but I'm",6.412596225738525,twitch,5,I'm
1,"bleeding,",10.595315933227539,twitch,3,"bleeding,"
2,"done bleeding,",9.785905838012695,twitch,3,"bleeding,"
4,"Well, I'm done bleeding,",7.30987548828125,twitch,3,"bleeding,"
1,tell,10.891951560974121,twitch,5,tell
2,to tell,5.727994441986084,twitch,5,tell
4,know how to tell,6.782268524169922,twitch,5,tell
1,to,11.301959037780762,twitch,4,to
2,how to,9.038185119628906,twitch,4,to
4,don't know how to,8.086355209350586,twitch,4,to
1,don't,7.345463752746582,twitch,1,don't
2,I don't,4.23712158203125,twitch,1,don't
1,how,10.923521041870117,twitch,1,how
2,I'm how,5.665067195892334,twitch,1,how
1,wish,9.21462631225586,twitch,3,wish
2,you wish,2.9821503162384033,twitch,3,wish
4,I'm how you wish,4.518198490142822,twitch,3,wish
1,I,11.117331504821777,twitch,4,I
2,wish I,7.073482513427734,twitch,4,I
4,how you wish I,3.3615970611572266,twitch,4,I
1,"pee,",10.690694808959961,twitch,3,"pee,"
2,"to pee,",8.54060173034668,twitch,3,"pee,"
4,"I have to pee,",7.17714262008667,twitch,3,"pee,"
1,to,11.301959037780762,twitch,6,to
2,have to,7.693484306335449,twitch,6,to
4,"pee, I have to",7.369477272033691,twitch,6,to
1,have,10.692431449890137,twitch,5,have
2,I have,7.546214580535889,twitch,5,have
4,"to pee, I have",6.369912147521973,twitch,5,have
1,bite,10.365228652954102,twitch,4,bite
2,to bite,6.331233024597168,twitch,4,bite
4,and try to bite,5.92675256729126,twitch,4,bite
1,try,9.615035057067871,twitch,2,try
2,and try,4.506875991821289,twitch,2,try
1,and,11.574933052062988,twitch,1,and
2,back and,12.373189926147461,twitch,1,and
1,is,11.129858016967773,twitch,5,is
2,dancer is,9.141571998596191,twitch,5,is
4,where the dancer is,9.325896263122559,twitch,5,is
1,where,11.376585006713867,twitch,2,where
2,"here, where",8.105819702148438,twitch,2,where
1,running,11.214588165283203,twitch,6,running
2,is running,7.0497894287109375,twitch,6,running
4,the dancer is running,6.505400657653809,twitch,6,running
1,he,11.501636505126953,twitch,1,he
2,"Bro, he",7.780560493469238,twitch,1,he
1,"tree,",11.706589698791504,twitch,6,"tree,"
2,"fucking tree,",8.767401695251465,twitch,6,"tree,"
4,"up that fucking tree,",8.264734268188477,twitch,6,"tree,"
1,is,11.129858016967773,twitch,2,is
2,he is,9.084331512451172,twitch,2,is
1,to,11.301959037780762,twitch,2,to
2,mean to,9.779498100280762,twitch,2,to
1,mean,10.580961227416992,twitch,1,mean
2,i mean,8.191202163696289,twitch,1,mean
1,literally,10.685724258422852,twitch,5,literally
2,you literally,7.8832502365112305,twitch,5,literally
4,to the you literally,8.918659210205078,twitch,5,literally
1,let,10.744215965270996,twitch,3,let
2,"growl, let",4.501904010772705,twitch,3,let
4,"Growl, growl, growl, let",6.130819797515869,twitch,3,let
1,you,10.660537719726562,twitch,6,you
2,hear you,8.133277893066406,twitch,6,you
4,let me hear you,7.5795698165893555,twitch,6,you
1,hear,10.831530570983887,twitch,5,hear
2,me hear,7.068829536437988,twitch,5,hear
4,"growl, let me hear",4.04672384262085,twitch,5,hear
1,out,10.346115112304688,twitch,4,out
2,fuck out,6.09529447555542,twitch,4,out
4,get the fuck out,1.7669289112091064,twitch,4,out
1,fuck,10.033944129943848,twitch,3,fuck
2,the fuck,6.755163192749023,twitch,3,fuck
4,Let's get the fuck,1.6598021984100342,twitch,3,fuck
1,Jesus,10.313319206237793,twitch,6,Jesus
2,of Jesus,6.6947150230407715,twitch,6,Jesus
4,fuck out of Jesus,6.230877876281738,twitch,6,Jesus
1,little,11.699698448181152,twitch,4,little
2,nice little,11.362076759338379,twitch,4,little
4,was a nice little,10.86490249633789,twitch,4,little
1,"Sarah,",10.10421085357666,twitch,5,"Sarah,"
2,"little Sarah,",9.452107429504395,twitch,5,"Sarah,"
4,"a nice little Sarah,",8.272955894470215,twitch,5,"Sarah,"
1,was,10.896289825439453,twitch,1,was
2,It was,8.293855667114258,twitch,1,was
1,like,11.612746238708496,twitch,3,like
2,look like,7.82311487197876,twitch,3,like
4,He doesn't look like,4.958712577819824,twitch,3,like
1,an,11.774314880371094,twitch,6,an
2,has an,9.91754150390625,twitch,6,an
4,like he has an,9.771849632263184,twitch,6,an
1,has,10.887011528015137,twitch,5,has
2,he has,8.015862464904785,twitch,5,has
4,look like he has,8.103182792663574,twitch,5,has
1,shake,10.340320587158203,twitch,2,shake
2,me shake,7.110970973968506,twitch,2,shake
1,shake,10.340320587158203,twitch,6,shake
2,me shake,7.110970973968506,twitch,6,shake
4,"him, let me shake",4.214277744293213,twitch,6,shake
1,me,10.572490692138672,twitch,5,me
2,let me,7.642204761505127,twitch,5,me
4,"shake him, let me",6.522653579711914,twitch,5,me
1,might,10.476730346679688,twitch,1,might
2,You might,5.696287155151367,twitch,1,might
1,in,11.458725929260254,twitch,3,in
2,be in,9.213696479797363,twitch,3,in
4,You might be in,6.797464370727539,twitch,3,in
1,completely,11.112523078918457,twitch,6,completely
2,almost completely,10.251973152160645,twitch,6,completely
4,in A almost completely,10.37905216217041,twitch,6,completely
1,deer,10.703659057617188,twitch,6,deer
2,those deer,7.375423908233643,twitch,6,deer
4,to cut those deer,6.47289514541626,twitch,6,deer
1,need,10.85104751586914,twitch,2,need
2,we need,4.308902740478516,twitch,2,need
1,to,11.301959037780762,twitch,3,to
2,need to,8.330086708068848,twitch,3,to
4,Okay we need to,8.123190879821777,twitch,3,to
1,see,10.684712409973145,twitch,2,see
2,I see,7.055421829223633,twitch,2,see
1,in,11.458725929260254,twitch,4,in
2,him in,9.049903869628906,twitch,4,in
4,I see him in,7.380345344543457,twitch,4,in
1,him,11.09859561920166,twitch,3,him
2,see him,7.713222980499268,twitch,3,him
4,"Yeah, I see him",7.69659948348999,twitch,3,him
1,bushes,8.202374458312988,twitch,4,bushes
2,the bushes,6.081973552703857,twitch,4,bushes
4,went through the bushes,4.894618988037109,twitch,4,bushes
1,the,12.734390258789062,twitch,6,the
2,on the,12.704998970031738,twitch,6,the
4,the bushes on the,7.821208953857422,twitch,6,the
1,went,10.454033851623535,twitch,1,went
2,I went,4.517210006713867,twitch,1,went
1,been,10.934855461120605,twitch,1,been
2,Have been,9.212713241577148,twitch,1,been
1,three,11.1368408203125,twitch,4,three
2,killed three,9.10415267944336,twitch,4,three
4,been team killed three,7.069906234741211,twitch,4,three
1,or,11.46521282196045,twitch,5,or
2,three or,4.87864875793457,twitch,5,or
4,team killed three or,1.5688421726226807,twitch,5,or
1,icon,11.399871826171875,twitch,3,icon
2,the icon,6.877223014831543,twitch,3,icon
4,"Guys, guys, the icon",7.069891452789307,twitch,3,icon
1,"guys,",10.106283187866211,twitch,1,"guys,"
2,"Guys, guys,",7.41800594329834,twitch,1,"guys,"
1,getting,10.920502662658691,twitch,5,getting
2,is getting,8.610258102416992,twitch,5,getting
4,the icon is getting,8.403146743774414,twitch,5,getting
1,I'm,7.25425910949707,twitch,4,I'm
2,back I'm,8.185371398925781,twitch,4,I'm
4,back I'm back I'm,3.778714179992676,twitch,4,I'm
1,back,10.862462043762207,twitch,5,back
2,I'm back,5.129647254943848,twitch,5,back
4,I'm back I'm back,6.4178466796875,twitch,5,back
1,back,10.862462043762207,twitch,1,back
2,I'm back,5.129647254943848,twitch,1,back
1,the,12.734390258789062,twitch,6,the
2,got the,12.073562622070312,twitch,6,the
4,"front, I got the",10.571205139160156,twitch,6,the
1,got,11.186014175415039,twitch,5,got
2,I got,7.47769021987915,twitch,5,got
4,"the front, I got",7.5908660888671875,twitch,5,got
1,I,11.117331504821777,twitch,4,I
2,"front, I",7.762170791625977,twitch,4,I
4,"get the front, I",6.836377143859863,twitch,4,I
1,a,11.316549301147461,twitch,4,a
2,there's a,8.692606925964355,twitch,4,a
4,"a sound, there's a",9.266965866088867,twitch,4,a
1,"sound,",11.159255027770996,twitch,2,"sound,"
2,"a sound,",8.690534591674805,twitch,2,"sound,"
1,right,10.864727020263672,twitch,6,right
2,sound right,5.137624740600586,twitch,6,right
4,there's a sound right,3.7671897411346436,twitch,6,right
1,get,11.412823677062988,twitch,2,get
2,gotta get,7.377147674560547,twitch,2,get
1,the,12.734390258789062,twitch,5,the
2,for the,10.603531837463379,twitch,5,the
4,get this for the,10.437326431274414,twitch,5,the
1,gotta,9.61825942993164,twitch,1,gotta
2,We've gotta,6.268080711364746,twitch,1,gotta
1,trying,1.9951716661453247,twitch,1,trying
2,I'm trying,1.3820250034332275,twitch,1,trying
1,get,11.412823677062988,twitch,3,get
2,to get,7.472585201263428,twitch,3,get
4,I'm trying to get,7.00201416015625,twitch,3,get
1,this,10.959673881530762,twitch,4,this
2,get this,10.1505765914917,twitch,4,this
4,trying to get this,9.399633407592773,twitch,4,this
1,behind,11.124430656433105,twitch,3,behind
2,packed behind,6.799458026885986,twitch,3,behind
4,Raps are packed behind,6.844473838806152,twitch,3,behind
1,"us,",11.021738052368164,twitch,4,"us,"
2,"behind us,",9.227104187011719,twitch,4,"us,"
4,"are packed behind us,",9.216665267944336,twitch,4,"us,"
1,the,12.734390258789062,twitch,6,the
2,by the,12.546070098876953,twitch,6,the
4,"behind us, by the",9.224279403686523,twitch,6,the
1,"double,",10.426026344299316,twitch,4,"double,"
2,"double, double,",2.398554801940918,twitch,4,"double,"
4,"double, double, double, double,",1.0774210691452026,twitch,4,"double,"
1,"double,",10.426026344299316,twitch,5,"double,"
2,"double, double,",2.398554801940918,twitch,5,"double,"
4,"double, double, double, double,",1.0774210691452026,twitch,5,"double,"
1,"double,",10.426026344299316,twitch,1,"double,"
2,"The double,",10.756119728088379,twitch,1,"double,"
1,need,10.85104751586914,twitch,4,need
2,we need,4.308902740478516,twitch,4,need
4,"no, but we need",4.318473815917969,twitch,4,need
1,"no,",10.201715469360352,twitch,1,"no,"
2,"Yeah, no,",5.572483539581299,twitch,1,"no,"
1,to,11.301959037780762,twitch,5,to
2,need to,8.330086708068848,twitch,5,to
4,but we need to,7.657811641693115,twitch,5,to
1,been,10.934855461120605,twitch,1,been
2,Something's been,8.11128044128418,twitch,1,been
1,on,11.154274940490723,twitch,6,on
2,been on,6.5875678062438965,twitch,6,on
4,"here, something's been on",3.5180134773254395,twitch,6,on
1,something's,9.437122344970703,twitch,4,something's
2,"here, something's",6.190009117126465,twitch,4,something's
4,"been on here, something's",6.1243977546691895,twitch,4,something's
1,right,10.864727020263672,twitch,3,right
2,you right,5.535021781921387,twitch,3,right
4,Is this you right,4.355624675750732,twitch,3,right
1,you,10.660537719726562,twitch,2,you
2,this you,6.548614025115967,twitch,2,you
1,this,10.959673881530762,twitch,1,this
2,Is this,7.696563243865967,twitch,1,this
1,right,10.864727020263672,twitch,5,right
2,the right,7.222172260284424,twitch,5,right
4,I cancel the right,3.3477134704589844,twitch,5,right
1,I,11.117331504821777,twitch,2,I
2,do I,7.058943271636963,twitch,2,I
1,click,10.52001953125,twitch,6,click
2,right click,7.208489894866943,twitch,6,click
4,cancel the right click,7.0838775634765625,twitch,6,click
1,broken,10.72067928314209,twitch,4,broken
2,a broken,10.067166328430176,twitch,4,broken
4,just have a broken,8.142339706420898,twitch,4,broken
1,leg,11.538175582885742,twitch,5,leg
2,broken leg,6.973156929016113,twitch,5,leg
4,have a broken leg,5.194610118865967,twitch,5,leg
1,have,10.692431449890137,twitch,2,have
2,just have,6.646618843078613,twitch,2,have
1,"because,",7.98794412612915,twitch,1,"because,"
2,"Just because,",6.534018516540527,twitch,1,"because,"
1,you,10.660537719726562,twitch,3,you
2,"yeah, you",6.312392711639404,twitch,3,you
4,"Just because, yeah, you",5.668671607971191,twitch,3,you
1,this,10.959673881530762,twitch,5,this
2,"know, this",6.925405025482178,twitch,5,this
4,"yeah, you know, this",6.253379821777344,twitch,5,this
1,that,10.947566986083984,twitch,6,that
2,guy's that,9.969734191894531,twitch,6,that
4,know this guy's that,9.264909744262695,twitch,6,that
1,this,10.959673881530762,twitch,4,this
2,know this,7.614182949066162,twitch,4,this
4,did you know this,7.615763187408447,twitch,4,this
1,you,10.660537719726562,twitch,2,you
2,did you,7.061986446380615,twitch,2,you
1,I'm,7.25425910949707,twitch,1,I'm
2,"Yeah, I'm",6.8823957443237305,twitch,1,I'm
1,this,10.959673881530762,twitch,6,this
2,finding this,10.27733039855957,twitch,6,this
4,have fun finding this,9.300788879394531,twitch,6,this
1,fun,10.914020538330078,twitch,4,fun
2,have fun,5.763360023498535,twitch,4,fun
4,I'm gonna have fun,5.57927942276001,twitch,4,fun
1,Sarah,10.640583992004395,twitch,6,Sarah
2,Sarah's Sarah,9.379274368286133,twitch,6,Sarah
4,there's a Sarah's Sarah,9.768284797668457,twitch,6,Sarah
1,he,11.501636505126953,twitch,1,he
2,But he,7.291297912597656,twitch,1,he
1,there's,5.328185558319092,twitch,3,there's
2,said there's,4.839025974273682,twitch,3,there's
4,But he said there's,4.74653959274292,twitch,3,there's
1,fell,10.81712818145752,twitch,4,fell
2,guys fell,5.999281406402588,twitch,4,fell
4,think those guys fell,5.540525913238525,twitch,4,fell
1,those,11.217927932739258,twitch,2,those
2,think those,9.31209945678711,twitch,2,those
1,think,9.863617897033691,twitch,1,think
2,i think,6.220488548278809,twitch,1,think
1,on,11.154274940490723,twitch,1,on
2,Focus on,9.94631576538086,twitch,1,on
1,"mission,",12.027523040771484,twitch,3,"mission,"
2,"the mission,",8.743340492248535,twitch,3,"mission,"
4,"Focus on the mission,",9.091808319091797,twitch,3,"mission,"
1,on,11.154274940490723,twitch,5,on
2,focus on,8.845174789428711,twitch,5,on
4,"the mission, focus on",8.986157417297363,twitch,5,on
1,I'm,7.25425910949707,twitch,1,I'm
2,"Guys, I'm",7.697592735290527,twitch,1,I'm
1,this,10.959673881530762,twitch,6,this
2,in this,9.135798454284668,twitch,6,this
4,to lay in this,10.43083381652832,twitch,6,this
1,going,10.563369750976562,twitch,2,going
2,I'm going,1.0406122207641602,twitch,2,going
1,go,10.900910377502441,twitch,3,go
2,gonna go,6.8915181159973145,twitch,3,go
4,Now we're gonna go,6.437004089355469,twitch,3,go
1,gonna,9.22776985168457,twitch,2,gonna
2,we're gonna,6.667779445648193,twitch,2,gonna
1,chicken's,12.536521911621094,twitch,6,chicken's
2,that chicken's,9.620244979858398,twitch,6,chicken's
4,go eat that chicken's,8.853219985961914,twitch,6,chicken's
1,a,11.316549301147461,twitch,1,a
2,There's a,8.183293342590332,twitch,1,a
1,lot,11.106003761291504,twitch,2,lot
2,a lot,2.5886969566345215,twitch,2,lot
1,on,11.154274940490723,twitch,5,on
2,bullshit on,8.593057632446289,twitch,5,on
4,lot of bullshit on,7.519131660461426,twitch,5,on
1,vision,10.531577110290527,twitch,3,vision
2,a vision,5.232611179351807,twitch,3,vision
4,We need a vision,4.382787704467773,twitch,3,vision
1,on,11.154274940490723,twitch,4,on
2,vision on,9.53454303741455,twitch,4,on
4,need a vision on,5.648356914520264,twitch,4,on
1,a,11.316549301147461,twitch,2,a
2,need a,11.373122215270996,twitch,2,a
1,back,10.862462043762207,twitch,2,back
2,go back,4.450287818908691,twitch,2,back
1,more,11.137571334838867,twitch,5,more
2,get more,8.429878234863281,twitch,5,more
4,back to get more,10.015366554260254,twitch,5,more
1,go,10.900910377502441,twitch,1,go
2,We'll go,5.689110279083252,twitch,1,go
1,right,10.864727020263672,twitch,6,right
2,guy right,4.9598469734191895,twitch,6,right
4,there's a guy right,3.7488861083984375,twitch,6,right
1,guy,10.258659362792969,twitch,2,guy
2,that guy,7.038732528686523,twitch,2,guy
1,there's,5.328185558319092,twitch,3,there's
2,guy there's,5.896551609039307,twitch,3,there's
4,Who's that guy there's,7.997108459472656,twitch,3,there's
1,slash,8.955038070678711,twitch,1,slash
2,Do slash,8.415410041809082,twitch,1,slash
1,bring,10.839658737182617,twitch,2,bring
2,slash bring,7.6275835037231445,twitch,2,bring
1,then,11.280230522155762,twitch,4,then
2,and then,10.076716423034668,twitch,4,then
4,slash bring and then,10.312973976135254,twitch,4,then
1,all,11.139111518859863,twitch,5,all
2,we're all,9.340925216674805,twitch,5,all
4,just because we're all,9.86273193359375,twitch,5,all
1,just,11.214090347290039,twitch,2,just
2,"no, just",9.302410125732422,twitch,2,just
1,we're,7.409038543701172,twitch,4,we're
2,because we're,7.975045204162598,twitch,4,we're
4,"no, just because we're",9.12036418914795,twitch,4,we're
1,just,11.214090347290039,twitch,4,just
2,me just,9.173125267028809,twitch,4,just
4,"on, let me just",4.516725540161133,twitch,4,just
1,"on,",10.979357719421387,twitch,1,"on,"
2,"Hold on,",10.284894943237305,twitch,1,"on,"
1,let,10.744215965270996,twitch,2,let
2,"on, let",3.500314235687256,twitch,2,let
1,B,11.827631950378418,twitch,4,B
2,more B,10.121956825256348,twitch,4,B
4,need some more B,9.721845626831055,twitch,4,B
1,and,11.574933052062988,twitch,5,and
2,B and,11.0837984085083,twitch,5,and
4,some more B and,4.922755241394043,twitch,5,and
1,need,10.85104751586914,twitch,1,need
2,I need,4.480420112609863,twitch,1,need
1,pack,11.154749870300293,twitch,6,pack
2,a pack,6.037746906280518,twitch,6,pack
4,think there's a pack,2.724864959716797,twitch,6,pack
1,think,9.863617897033691,twitch,3,think
2,I think,5.887979984283447,twitch,3,think
4,what guys I think,6.020235061645508,twitch,3,think
1,a,11.316549301147461,twitch,5,a
2,there's a,8.692606925964355,twitch,5,a
4,I think there's a,7.372437000274658,twitch,5,a
1,were,11.316572189331055,twitch,4,were
2,you were,9.302709579467773,twitch,4,were
4,I thought you were,7.8714728355407715,twitch,4,were
1,reading,10.456832885742188,twitch,5,reading
2,were reading,7.365795612335205,twitch,5,reading
4,thought you were reading,6.0302605628967285,twitch,5,reading
1,you,10.660537719726562,twitch,3,you
2,thought you,6.989407539367676,twitch,3,you
4,"No, I thought you",4.723788261413574,twitch,3,you
1,that,10.947566986083984,twitch,3,that
2,"god, that",7.700490951538086,twitch,3,that
4,"Oh my god, that",5.743325233459473,twitch,3,that
1,my,12.444364547729492,twitch,1,my
2,Oh my,3.530229091644287,twitch,1,my
1,"god,",9.819499015808105,twitch,2,"god,"
2,"my god,",7.821787357330322,twitch,2,"god,"
1,wait,10.69627571105957,twitch,3,wait
2,wait wait,7.430974006652832,twitch,3,wait
4,dinos wait wait wait,6.694319725036621,twitch,3,wait
1,how,10.923521041870117,twitch,6,how
2,miss how,7.239123821258545,twitch,6,how
4,wait I miss how,8.075438499450684,twitch,6,how
1,wait,10.69627571105957,twitch,1,wait
2,dinos wait,5.396658897399902,twitch,1,wait
1,makes,10.663723945617676,twitch,4,makes
2,girls makes,7.061863899230957,twitch,4,makes
4,two X girls makes,6.332698822021484,twitch,4,makes
1,fucking,6.474433422088623,twitch,6,fucking
2,it fucking,11.552738189697266,twitch,6,fucking
4,girls makes it fucking,6.764960765838623,twitch,6,fucking
1,X,11.181742668151855,twitch,2,X
2,two X,9.671661376953125,twitch,2,X
1,see,10.684712409973145,twitch,3,see
2,to see,6.500743865966797,twitch,3,see
4,Let's try to see,3.5900344848632812,twitch,3,see
1,if,11.083032608032227,twitch,4,if
2,see if,5.488685131072998,twitch,4,if
4,try to see if,6.471242427825928,twitch,4,if
1,to,11.301959037780762,twitch,2,to
2,try to,9.438179016113281,twitch,2,to
1,just,11.214090347290039,twitch,2,just
2,can just,8.562043190002441,twitch,2,just
1,embalm,9.35783576965332,twitch,5,embalm
2,the embalm,6.710189342498779,twitch,5,embalm
4,just do the embalm,7.696878433227539,twitch,5,embalm
1,can,10.825804710388184,twitch,1,can
2,We can,6.885356903076172,twitch,1,can
1,him,11.09859561920166,twitch,6,him
2,getting him,7.418554782867432,twitch,6,him
4,"again, I'm getting him",7.506012916564941,twitch,6,him
1,getting,10.920502662658691,twitch,1,getting
2,I'm getting,8.004703521728516,twitch,1,getting
1,I'm,7.25425910949707,twitch,4,I'm
2,"again, I'm",7.308721542358398,twitch,4,I'm
4,"getting him again, I'm",6.333010196685791,twitch,4,I'm
1,got,11.186014175415039,twitch,1,got
2,I got,7.47769021987915,twitch,1,got
1,a,11.316549301147461,twitch,2,a
2,got a,10.395454406738281,twitch,2,a
1,"nibble,",11.239883422851562,twitch,3,"nibble,"
2,"a nibble,",8.576512336730957,twitch,3,"nibble,"
4,"I got a nibble,",6.18280029296875,twitch,3,"nibble,"
1,kill,10.769107818603516,twitch,5,kill
2,Let's kill,6.794912338256836,twitch,5,kill
4,that thing. Let's kill,5.773687362670898,twitch,5,kill
1,kill,10.769107818603516,twitch,1,kill
2,Let's kill,6.794912338256836,twitch,1,kill
1,that,10.947566986083984,twitch,6,that
2,kill that,9.685081481933594,twitch,6,that
4,thing. Let's kill that,9.167308807373047,twitch,6,that
1,Am,11.731012344360352,twitch,5,Am
2,nits. Am,9.399677276611328,twitch,5,Am
4,a quarter nits. Am,9.566904067993164,twitch,5,Am
1,nits.,8.669744491577148,twitch,4,nits.
2,quarter nits.,8.450241088867188,twitch,4,nits.
4,only a quarter nits.,7.916709899902344,twitch,4,nits.
1,I,11.117331504821777,twitch,6,I
2,Am I,8.794240951538086,twitch,6,I
4,quarter nits. Am I,8.510449409484863,twitch,6,I
1,of,12.024920463562012,twitch,3,of
2,two of,5.18009614944458,twitch,3,of
4,I got two of,3.309239149093628,twitch,3,of
1,a,11.316549301147461,twitch,6,a
2,in a,11.482857704162598,twitch,6,a
4,of them in a,11.032474517822266,twitch,6,a
1,two,11.198701858520508,twitch,2,two
2,got two,10.971322059631348,twitch,2,two
1,that,10.947566986083984,twitch,3,that
2,is that,9.734794616699219,twitch,3,that
4,"Wait, what is that",7.192825794219971,twitch,3,that
1,"B,",10.981213569641113,twitch,5,"B,"
2,"A, B,",3.4996719360351562,twitch,5,"B,"
4,"is that A, B,",2.61344313621521,twitch,5,"B,"
1,"A,",10.836973190307617,twitch,4,"A,"
2,"that A,",3.5249149799346924,twitch,4,"A,"
4,"what is that A,",7.68234920501709,twitch,4,"A,"
1,those,11.217927932739258,twitch,6,those
2,know those,9.775147438049316,twitch,6,those
4,if you know those,9.197107315063477,twitch,6,those
1,you,10.660537719726562,twitch,4,you
2,if you,6.188261985778809,twitch,4,you
4,powers only if you,7.019413948059082,twitch,4,you
1,if,11.083032608032227,twitch,3,if
2,only if,6.721378326416016,twitch,3,if
4,mom powers only if,5.565256118774414,twitch,3,if
1,was,10.896289825439453,twitch,5,was
2,that was,8.553487777709961,twitch,5,was
4,"the deer, that was",8.560251235961914,twitch,5,was
1,the,12.734390258789062,twitch,6,the
2,was the,9.750276565551758,twitch,6,the
4,"deer, that was the",10.443801879882812,twitch,6,the
1,"deer,",11.508210182189941,twitch,3,"deer,"
2,"the deer,",8.32845687866211,twitch,3,"deer,"
4,"That was the deer,",7.689752578735352,twitch,3,"deer,"
1,at,11.502521514892578,twitch,6,at
2,icon at,9.567218780517578,twitch,6,at
4,see the icon at,1.6878612041473389,twitch,6,at
1,see,10.684712409973145,twitch,3,see
2,don't see,6.117515563964844,twitch,3,see
4,You guys don't see,6.675695896148682,twitch,3,see
1,guys,9.345287322998047,twitch,1,guys
2,You guys,7.104531764984131,twitch,1,guys
1,us,11.194427490234375,twitch,3,us
2,get us,6.130684852600098,twitch,3,us
4,That's gonna get us,6.283652305603027,twitch,3,us
1,fucking,6.474433422088623,twitch,5,fucking
2,the fucking,11.985102653503418,twitch,5,fucking
4,get us the fucking,11.034299850463867,twitch,5,fucking
1,infernal,11.333613395690918,twitch,6,infernal
2,fucking infernal,11.002739906311035,twitch,6,infernal
4,us the fucking infernal,11.048209190368652,twitch,6,infernal
1,out,10.346115112304688,twitch,4,out
2,play out,6.73558235168457,twitch,4,out
4,we just play out,6.165667533874512,twitch,4,out
1,play,11.014034271240234,twitch,3,play
2,just play,8.102646827697754,twitch,3,play
4,So we just play,7.3795599937438965,twitch,3,play
1,we,11.5739107131958,twitch,1,we
2,So we,6.506175994873047,twitch,1,we
1,watch,10.758004188537598,twitch,4,watch
2,to watch,6.9976677894592285,twitch,4,watch
4,was going to watch,7.482417106628418,twitch,4,watch
1,right,10.864727020263672,twitch,6,right
2,these right,7.3343963623046875,twitch,6,right
4,to watch these right,2.61387038230896,twitch,6,right
1,was,10.896289825439453,twitch,1,was
2,I was,8.877824783325195,twitch,1,was
1,is,11.129858016967773,twitch,1,is
2,Rose is,8.810789108276367,twitch,1,is
1,a,11.316549301147461,twitch,2,a
2,is a,11.68295669555664,twitch,2,a
1,cry,11.25146770477295,twitch,3,cry
2,a cry,7.171960830688477,twitch,3,cry
4,Rose is a cry,5.431765556335449,twitch,3,cry
1,"actually,",9.178235054016113,twitch,1,"actually,"
2,"You actually,",7.665166854858398,twitch,1,"actually,"
1,a,11.316549301147461,twitch,4,a
2,heard a,9.42922306060791,twitch,4,a
4,"actually, I heard a",8.835058212280273,twitch,4,a
1,heard,10.74002742767334,twitch,3,heard
2,I heard,7.071305274963379,twitch,3,heard
4,"You actually, I heard",6.406300067901611,twitch,3,heard
1,I'm,7.25425910949707,twitch,6,I'm
2,"coming, I'm",7.961707592010498,twitch,6,I'm
4,"coming, I'm coming, I'm",3.396206855773926,twitch,6,I'm
1,"coming,",9.93675708770752,twitch,5,"coming,"
2,"I'm coming,",8.547797203063965,twitch,5,"coming,"
4,"I'm coming, I'm coming,",4.832621097564697,twitch,5,"coming,"
1,"coming,",9.93675708770752,twitch,1,"coming,"
2,"I'm coming,",8.547797203063965,twitch,1,"coming,"
1,let,10.744215965270996,twitch,1,let
2,Just let,4.455565929412842,twitch,1,let
1,him,11.09859561920166,twitch,2,him
2,let him,7.775203704833984,twitch,2,him
1,there,9.811803817749023,twitch,4,there
2,stay there,6.033691883087158,twitch,4,there
4,let him stay there,5.066196441650391,twitch,4,there
1,if,11.083032608032227,twitch,1,if
2,What if,6.881237983703613,twitch,1,if
1,never,11.493278503417969,twitch,4,never
2,was never,8.475752830505371,twitch,4,never
4,if I was never,8.22433090209961,twitch,4,never
1,I,11.117331504821777,twitch,2,I
2,if I,7.218029499053955,twitch,2,I
1,"us,",11.021738052368164,twitch,6,"us,"
2,"behind us,",9.227104187011719,twitch,6,"us,"
4,"right here behind us,",8.755829811096191,twitch,6,"us,"
1,here,9.959783554077148,twitch,4,here
2,right here,6.076265811920166,twitch,4,here
4,some food right here,4.973504066467285,twitch,4,here
1,food,10.676980972290039,twitch,2,food
2,some food,8.033746719360352,twitch,2,food
1,fat,11.274648666381836,twitch,1,fat
2,I'm fat,4.192048072814941,twitch,1,fat
1,know,10.400792121887207,twitch,4,know
2,don't know,5.081944465637207,twitch,4,know
4,fat I don't know,5.001666069030762,twitch,4,know
1,he,11.501636505126953,twitch,6,he
2,where he,7.85174560546875,twitch,6,he
4,don't know where he,4.76809549331665,twitch,6,he
1,anyone,9.789441108703613,twitch,4,anyone
2,find anyone,6.054190158843994,twitch,4,anyone
4,you can find anyone,4.637019634246826,twitch,4,anyone
1,can,10.825804710388184,twitch,2,can
2,you can,7.526995658874512,twitch,2,can
1,my,12.444364547729492,twitch,6,my
2,see my,10.48664665222168,twitch,6,my
4,find anyone see my,10.901859283447266,twitch,6,my
1,just,11.214090347290039,twitch,1,just
2,That's just,7.061495304107666,twitch,1,just
1,a,11.316549301147461,twitch,2,a
2,just a,9.194709777832031,twitch,2,a
1,I,11.117331504821777,twitch,4,I
2,threshold I,9.643728256225586,twitch,4,I
4,just a threshold I,6.088381767272949,twitch,4,I
1,"Y,",11.454575538635254,twitch,6,"Y,"
2,"little Y,",10.087170600891113,twitch,6,"Y,"
4,"get a little Y,",7.742372989654541,twitch,6,"Y,"
1,need,10.85104751586914,twitch,1,need
2,We need,3.6051461696624756,twitch,1,need
1,get,11.412823677062988,twitch,3,get
2,to get,7.472585201263428,twitch,3,get
4,We need to get,7.037808418273926,twitch,3,get
1,catch,11.185097694396973,twitch,3,catch
2,gotta catch,5.843535423278809,twitch,3,catch
4,"Yeah, I gotta catch",4.588949203491211,twitch,3,catch
1,I,11.117331504821777,twitch,1,I
2,"Yeah, I",5.890807151794434,twitch,1,I
1,gotta,9.61825942993164,twitch,2,gotta
2,I gotta,6.314777374267578,twitch,2,gotta
1,be,11.872392654418945,twitch,2,be
2,might be,9.367895126342773,twitch,2,be
1,"or,",11.239046096801758,twitch,4,"or,"
2,"Varian, or,",7.751692295074463,twitch,4,"or,"
4,"might be Varian, or,",6.672878265380859,twitch,4,"or,"
1,"yeah,",7.744340896606445,twitch,6,"yeah,"
2,"uh, yeah,",7.00895357131958,twitch,6,"yeah,"
4,"Varian, or, uh, yeah,",8.970915794372559,twitch,6,"yeah,"
1,in,11.458725929260254,twitch,1,in
2,I'm in,7.543304443359375,twitch,1,in
1,in,11.458725929260254,twitch,5,in
2,I'm in,7.543304443359375,twitch,5,in
4,"your bush, I'm in",7.437400817871094,twitch,5,in
1,your,12.634740829467773,twitch,2,your
2,in your,10.915826797485352,twitch,2,your
1,one,10.6817045211792,twitch,5,one
2,this one,7.594642639160156,twitch,5,one
4,already got this one,6.905439376831055,twitch,5,one
1,this,10.959673881530762,twitch,4,this
2,got this,9.810843467712402,twitch,4,this
4,we already got this,9.727005004882812,twitch,4,this
1,clip,10.91192626953125,twitch,6,clip
2,one clip,7.1178741455078125,twitch,6,clip
4,got this one clip,6.2092509269714355,twitch,6,clip
1,the,12.734390258789062,twitch,6,the
2,in the,11.499937057495117,twitch,6,the
4,the hallway in the,9.753605842590332,twitch,6,the
1,in,11.458725929260254,twitch,2,in
2,I'm in,7.543304443359375,twitch,2,in
1,I'm,7.25425910949707,twitch,1,I'm
2,no I'm,6.9265923500061035,twitch,1,I'm
1,do,10.671449661254883,twitch,2,do
2,gotta do,6.355926036834717,twitch,2,do
1,our,11.373416900634766,twitch,3,our
2,do our,9.441442489624023,twitch,3,our
4,we gotta do our,4.950554370880127,twitch,3,our
1,him,11.09859561920166,twitch,6,him
2,wish him,6.615234851837158,twitch,6,him
4,"our part, wish him",5.017338752746582,twitch,6,him
1,too,10.66748046875,twitch,2,too
2,way too,5.810775279998779,twitch,2,too
1,way,10.513489723205566,twitch,1,way
2,I'm way,5.06204891204834,twitch,1,way
1,too,10.66748046875,twitch,6,too
2,way too,5.810775279998779,twitch,6,too
4,"big, I'm way too",8.47646427154541,twitch,6,too
1,I'm,7.25425910949707,twitch,6,I'm
2,"coming, I'm",7.961707592010498,twitch,6,I'm
4,"coming, I'm coming, I'm",3.396206855773926,twitch,6,I'm
1,I'm,7.25425910949707,twitch,2,I'm
2,"coming, I'm",7.961707592010498,twitch,2,I'm
1,"coming,",9.93675708770752,twitch,5,"coming,"
2,"I'm coming,",8.547797203063965,twitch,5,"coming,"
4,"I'm coming, I'm coming,",4.832621097564697,twitch,5,"coming,"
1,like,11.612746238708496,twitch,4,like
2,sound like,8.291963577270508,twitch,4,like
4,make it sound like,7.458746910095215,twitch,4,like
1,sound,11.006141662597656,twitch,3,sound
2,it sound,8.292742729187012,twitch,3,sound
4,People make it sound,2.7897093296051025,twitch,3,sound
1,it,10.897254943847656,twitch,2,it
2,make it,8.202009201049805,twitch,2,it
1,me,10.572490692138672,twitch,5,me
2,ask me,6.17759895324707,twitch,5,me
4,turn around ask me,5.1486992835998535,twitch,5,me
1,around,10.504321098327637,twitch,3,around
2,turn around,5.962374687194824,twitch,3,around
4,Turn around turn around,7.073792934417725,twitch,3,around
1,ask,11.095863342285156,twitch,4,ask
2,around ask,8.214173316955566,twitch,4,ask
4,around turn around ask,7.028480529785156,twitch,4,ask
1,"God,",8.844258308410645,twitch,1,"God,"
2,"Please, God,",7.542452335357666,twitch,1,"God,"
1,out,10.346115112304688,twitch,5,out
2,that's out,3.509976863861084,twitch,5,out
4,kill everything that's out,0.5806493759155273,twitch,5,out
1,that's,6.693538665771484,twitch,4,that's
2,everything that's,7.5642571449279785,twitch,4,that's
4,"God, kill everything that's",7.471543788909912,twitch,4,that's
1,is,11.129858016967773,twitch,5,is
2,"Rogue, is",7.864378452301025,twitch,5,is
4,"this one? Rogue, is",5.3533735275268555,twitch,5,is
1,one?,8.678847312927246,twitch,3,one?
2,this one?,8.35366439819336,twitch,3,one?
4,What about this one?,6.680066108703613,twitch,3,one?
1,this,10.959673881530762,twitch,2,this
2,about this,10.162248611450195,twitch,2,this
1,you,10.660537719726562,twitch,1,you
2,Can you,7.312708377838135,twitch,1,you
1,little,11.699698448181152,twitch,4,little
2,these little,11.012884140014648,twitch,4,little
4,you get these little,11.153088569641113,twitch,4,little
1,guys,9.345287322998047,twitch,5,guys
2,little guys,6.604366302490234,twitch,5,guys
4,get these little guys,7.592340469360352,twitch,5,guys
1,start,10.791396141052246,twitch,3,start
2,we start,6.757042407989502,twitch,3,start
4,I should we start,6.4494428634643555,twitch,3,start
1,the,12.734390258789062,twitch,5,the
2,killing the,12.04440975189209,twitch,5,the
4,we start killing the,11.41987419128418,twitch,5,the
1,little,11.699698448181152,twitch,6,little
2,the little,10.098429679870605,twitch,6,little
4,start killing the little,7.880736827850342,twitch,6,little
1,chicken,9.670852661132812,twitch,4,chicken
2,here chicken,8.233543395996094,twitch,4,chicken
4,chicken up here chicken,9.010799407958984,twitch,4,chicken
1,gonna,9.22776985168457,twitch,5,gonna
2,chicken gonna,8.14413833618164,twitch,5,gonna
4,up here chicken gonna,7.970118045806885,twitch,5,gonna
1,here,9.959783554077148,twitch,3,here
2,up here,5.556390762329102,twitch,3,here
4,Oh chicken up here,6.029308795928955,twitch,3,here
1,the,12.734390258789062,twitch,6,the
2,across the,10.450942993164062,twitch,6,the
4,something right across the,8.022939682006836,twitch,6,the
1,there's,5.328185558319092,twitch,2,there's
2,"know, there's",5.2986321449279785,twitch,2,there's
1,something,10.092069625854492,twitch,3,something
2,there's something,6.5098676681518555,twitch,3,something
4,"You know, there's something",5.870864391326904,twitch,3,something
1,walk,10.271895408630371,twitch,6,walk
2,we walk,6.012482643127441,twitch,6,walk
4,one as we walk,5.4391255378723145,twitch,6,walk
1,killing,11.146571159362793,twitch,1,killing
2,I'm killing,6.474298000335693,twitch,1,killing
1,we,11.5739107131958,twitch,5,we
2,as we,8.124707221984863,twitch,5,we
4,this one as we,7.079475402832031,twitch,5,we
1,you,10.660537719726562,twitch,6,you
2,of you,7.768048286437988,twitch,6,you
4,or any of you,7.023970603942871,twitch,6,you
1,any,11.360147476196289,twitch,4,any
2,or any,8.900201797485352,twitch,4,any
4,that'll happen or any,6.0230841636657715,twitch,4,any
1,that'll,6.446727275848389,twitch,1,that'll
2,"Yeah, that'll",4.857934951782227,twitch,1,that'll
1,these,11.89498519897461,twitch,2,these
2,run these,11.001392364501953,twitch,2,these
1,these,11.89498519897461,twitch,6,these
2,run these,11.001392364501953,twitch,6,these
4,"streets, we run these",11.091513633728027,twitch,6,these
1,"streets,",11.713287353515625,twitch,3,"streets,"
2,"these streets,",8.871136665344238,twitch,3,"streets,"
4,"We run these streets,",6.234682559967041,twitch,3,"streets,"
1,we're,7.409038543701172,twitch,1,we're
2,"Ok, we're",7.17828369140625,twitch,1,we're
1,that,10.947566986083984,twitch,5,that
2,What's that,7.695963382720947,twitch,5,that
4,gonna- oohh! What's that,6.355892181396484,twitch,5,that
1,gonna-,10.870755195617676,twitch,2,gonna-
2,we're gonna-,9.086531639099121,twitch,2,gonna-
1,to,11.301959037780762,twitch,4,to
2,want to,8.155804634094238,twitch,4,to
4,do you want to,7.94656229019165,twitch,4,to
1,you,10.660537719726562,twitch,2,you
2,do you,5.67453145980835,twitch,2,you
1,want,10.154277801513672,twitch,3,want
2,you want,3.4359631538391113,twitch,3,want
4,What do you want,4.298863887786865,twitch,3,want
1,corpse,9.024768829345703,twitch,6,corpse
2,a corpse,6.567392349243164,twitch,6,corpse
4,command for a corpse,6.848361492156982,twitch,6,corpse
1,a,11.316549301147461,twitch,5,a
2,for a,10.343778610229492,twitch,5,a
4,a command for a,11.148847579956055,twitch,5,a
1,command,10.787811279296875,twitch,3,command
2,a command,7.187408447265625,twitch,3,command
4,Is there a command,5.392942428588867,twitch,3,command
1,going,10.563369750976562,twitch,1,going
2,I'm going,1.0406122207641602,twitch,1,going
1,see,10.684712409973145,twitch,3,see
2,to see,6.500743865966797,twitch,3,see
4,I'm going to see,6.212806224822998,twitch,3,see
1,of,12.024920463562012,twitch,6,of
2,rest of,10.258005142211914,twitch,6,of
4,see the rest of,3.090392827987671,twitch,6,of
1,don't,7.345463752746582,twitch,1,don't
2,I don't,4.23712158203125,twitch,1,don't
1,see,10.684712409973145,twitch,2,see
2,don't see,6.117515563964844,twitch,2,see
1,see,10.684712409973145,twitch,6,see
2,don't see,6.117515563964844,twitch,6,see
4,"you, I don't see",4.663537979125977,twitch,6,see
1,use,11.06351089477539,twitch,4,use
2,to use,7.421321392059326,twitch,4,use
4,you're going to use,7.357614040374756,twitch,4,use
1,"right,",11.24286937713623,twitch,6,"right,"
2,"it, right,",10.086538314819336,twitch,6,"right,"
4,"to use it, right,",7.775968551635742,twitch,6,"right,"
1,going,10.563369750976562,twitch,2,going
2,you're going,1.2440835237503052,twitch,2,going
1,don't,7.345463752746582,twitch,5,don't
2,you don't,5.241204261779785,twitch,5,don't
4,"run away, you don't",5.229687690734863,twitch,5,don't
1,run,10.866025924682617,twitch,2,run
2,don't run,7.09867000579834,twitch,2,run
1,"away,",11.228331565856934,twitch,3,"away,"
2,"run away,",9.139238357543945,twitch,3,"away,"
4,"You don't run away,",6.586928367614746,twitch,3,"away,"
1,feel,10.539145469665527,twitch,1,feel
2,I feel,5.996219635009766,twitch,1,feel
1,be,11.872392654418945,twitch,4,be
2,it'll be,8.301080703735352,twitch,4,be
4,feel like it'll be,8.361751556396484,twitch,4,be
1,or,11.46521282196045,twitch,6,or
2,easier or,7.145598411560059,twitch,6,or
4,it'll be easier or,4.586297512054443,twitch,6,or
1,can't,7.6911139488220215,twitch,5,can't
2,I can't,6.68705415725708,twitch,5,can't
4,get him I can't,7.20135498046875,twitch,5,can't
1,him,11.09859561920166,twitch,3,him
2,get him,7.734395980834961,twitch,3,him
4,I can't get him,4.380685806274414,twitch,3,him
1,I,11.117331504821777,twitch,4,I
2,him I,9.327896118164062,twitch,4,I
4,can't get him I,5.629915237426758,twitch,4,I
1,"you,",9.85675048828125,twitch,3,"you,"
2,"help you,",8.023395538330078,twitch,3,"you,"
4,"I can't help you,",8.464574813842773,twitch,3,"you,"
1,help,11.075180053710938,twitch,2,help
2,can't help,3.2717220783233643,twitch,2,help
1,can't,7.6911139488220215,twitch,5,can't
2,I can't,6.68705415725708,twitch,5,can't
4,"help you, I can't",6.682196140289307,twitch,5,can't
1,but,10.735779762268066,twitch,2,but
2,"Rogan, but",8.580886840820312,twitch,2,but
1,I,11.117331504821777,twitch,5,I
2,know I,6.420668601989746,twitch,5,I
4,but you know I,5.830259799957275,twitch,5,I
1,you,10.660537719726562,twitch,3,you
2,but you,5.525574684143066,twitch,3,you
4,"Okay, Rogan, but you",5.908565044403076,twitch,3,you
1,left,10.82538890838623,twitch,5,left
2,your left,6.667985916137695,twitch,5,left
4,up to your left,5.150432586669922,twitch,5,left
1,to,11.301959037780762,twitch,3,to
2,up to,10.544133186340332,twitch,3,to
4,"By chance, up to",6.339959621429443,twitch,3,to
1,"chance,",11.38170051574707,twitch,1,"chance,"
2,"By chance,",7.880402088165283,twitch,1,"chance,"
1,one,10.6817045211792,twitch,5,one
2,the one,7.059289455413818,twitch,5,one
4,there and the one,8.32857894897461,twitch,5,one
1,and,11.574933052062988,twitch,3,and
2,there and,10.612112045288086,twitch,3,and
4,There's one there and,4.622722148895264,twitch,3,and
1,the,12.734390258789062,twitch,4,the
2,and the,12.488967895507812,twitch,4,the
4,one there and the,12.06800651550293,twitch,4,the
1,a,11.316549301147461,twitch,2,a
2,hear a,11.956204414367676,twitch,2,a
1,a,11.316549301147461,twitch,6,a
2,hear a,11.956204414367676,twitch,6,a
4,"boar, I hear a",9.401689529418945,twitch,6,a
1,hear,10.831530570983887,twitch,1,hear
2,I hear,6.860929489135742,twitch,1,hear
1,me,10.572490692138672,twitch,1,me
2,"Yeah, me",4.022371768951416,twitch,1,me
1,hit,10.918015480041504,twitch,3,hit
2,he hit,6.998711585998535,twitch,3,hit
4,"Yeah, me he hit",6.485509872436523,twitch,3,hit
1,he,11.501636505126953,twitch,2,he
2,me he,8.995338439941406,twitch,2,he
1,saw,10.641938209533691,twitch,2,saw
2,you saw,6.745554447174072,twitch,2,saw
1,saw,10.641938209533691,twitch,4,saw
2,you saw,6.745554447174072,twitch,4,saw
4,you saw you saw,6.170228958129883,twitch,4,saw
1,you,10.660537719726562,twitch,1,you
2,So you,5.696753978729248,twitch,1,you
1,the,12.734390258789062,twitch,3,the
2,not the,9.010754585266113,twitch,3,the
4,"Yeah, that's not the",6.714545726776123,twitch,3,the
1,that's,6.693538665771484,twitch,1,that's
2,"Yeah, that's",6.683780193328857,twitch,1,that's
1,been,10.934855461120605,twitch,6,been
2,he's been,9.264891624450684,twitch,6,been
4,the first he's been,7.772335529327393,twitch,6,been
1,It's,7.384812831878662,twitch,4,It's
2,it. It's,7.805172443389893,twitch,4,It's
4,can't eat it. It's,7.622122764587402,twitch,4,It's
1,on,11.154274940490723,twitch,6,on
2,big on,10.19912338256836,twitch,6,on
4,it. It's big on,11.016670227050781,twitch,6,on
1,eat,10.640091896057129,twitch,2,eat
2,can't eat,7.667625904083252,twitch,2,eat
1,get,11.412823677062988,twitch,1,get
2,"Yeah, get",6.168829441070557,twitch,1,get
1,You,10.525386810302734,twitch,6,You
2,you. You,6.373922824859619,twitch,6,You
4,nose for you. You,6.33941125869751,twitch,6,You
1,nose,10.411944389343262,twitch,3,nose
2,his nose,7.643447399139404,twitch,3,nose
4,"Yeah, get his nose",6.504608154296875,twitch,3,nose
1,this,10.959673881530762,twitch,1,this
2,Who's this,8.18345832824707,twitch,1,this
1,with,11.736027717590332,twitch,6,with
2,bush with,8.695244789123535,twitch,6,with
4,in the bush with,8.657060623168945,twitch,6,with
1,in,11.458725929260254,twitch,3,in
2,guy in,8.76885986328125,twitch,3,in
4,Who's this guy in,7.424330711364746,twitch,3,in
1,my,12.444364547729492,twitch,6,my
2,without my,9.589990615844727,twitch,6,my
4,releasing though without my,7.4459309577941895,twitch,6,my
1,though,10.585819244384766,twitch,4,though
2,releasing though,7.010300636291504,twitch,4,though
4,he's just releasing though,5.006363868713379,twitch,4,though
1,he's,10.79698371887207,twitch,1,he's
2,Why he's,8.84801197052002,twitch,1,he's
1,I,11.117331504821777,twitch,2,I
2,Where I,7.385664463043213,twitch,2,I
1,there's,5.328185558319092,twitch,4,there's
2,apparently there's,4.953133583068848,twitch,4,there's
4,Where I apparently there's,5.933080673217773,twitch,4,there's
1,above,10.351202964782715,twitch,6,above
2,rappers above,6.700021266937256,twitch,6,above
4,apparently there's rappers above,7.0731353759765625,twitch,6,above
1,me,10.572490692138672,twitch,1,me
2,excuse me,5.501058101654053,twitch,1,me
1,you're,7.940345764160156,twitch,6,you're
2,when you're,8.591085433959961,twitch,6,you're
4,getting bit when you're,8.73379135131836,twitch,6,you're
1,bit,11.3079252243042,twitch,4,bit
2,getting bit,6.691739559173584,twitch,4,bit
4,me keep getting bit,4.298036575317383,twitch,4,bit
1,That's,6.251898288726807,twitch,4,That's
2,it. That's,6.395659923553467,twitch,4,That's
4,it. That's it. That's,5.260823726654053,twitch,4,That's
1,it.,9.278916358947754,twitch,5,it.
2,That's it.,7.058840274810791,twitch,5,it.
4,That's it. That's it.,6.069832801818848,twitch,5,it.
1,it.,9.278916358947754,twitch,1,it.
2,That's it.,7.058840274810791,twitch,1,it.
1,know,10.400792121887207,twitch,2,know
2,you know,4.4257073402404785,twitch,2,know
1,you,10.660537719726562,twitch,1,you
2,Do you,5.721115589141846,twitch,1,you
1,this,10.959673881530762,twitch,5,this
2,big this,8.306731224060059,twitch,5,this
4,know how big this,8.938858032226562,twitch,5,this
1,you,10.660537719726562,twitch,2,you
2,"guys, you",6.084803104400635,twitch,2,you
1,one,10.6817045211792,twitch,6,one
2,any one,7.702650547027588,twitch,6,one
4,can find any one,3.9922609329223633,twitch,6,one
1,find,11.10165786743164,twitch,4,find
2,can find,6.979520320892334,twitch,4,find
4,"guys, you can find",7.114236354827881,twitch,4,find
1,guys,9.345287322998047,twitch,2,guys
2,you guys,7.338253498077393,twitch,2,guys
1,perfect,11.552505493164062,twitch,5,perfect
2,hit perfect,8.838790893554688,twitch,5,perfect
4,guys already hit perfect,9.798919677734375,twitch,5,perfect
1,hit,10.918015480041504,twitch,4,hit
2,already hit,7.4009175300598145,twitch,4,hit
4,you guys already hit,7.164960861206055,twitch,4,hit
1,inconsistent,11.202112197875977,courtroom,3,inconsistent
2,is inconsistent,3.9556591510772705,courtroom,3,inconsistent
4,just said is inconsistent,2.9130303859710693,courtroom,3,inconsistent
1,is,11.129858016967773,courtroom,2,is
2,said is,8.178672790527344,courtroom,2,is
1,with,11.736027717590332,courtroom,4,with
2,inconsistent with,8.294988632202148,courtroom,4,with
4,said is inconsistent with,7.4922099113464355,courtroom,4,with
1,your,12.634740829467773,courtroom,6,your
2,of your,11.270902633666992,courtroom,6,your
4,Page 29 of your,10.929140090942383,courtroom,6,your
1,29,9.443480491638184,courtroom,4,29
2,Page 29,6.87089729309082,courtroom,4,29
4,24 on Page 29,5.498785972595215,courtroom,4,29
1,Home,11.13204288482666,courtroom,7,Home
2,your Home,8.028971672058105,courtroom,7,Home
4,29 of your Home,9.357831954956055,courtroom,7,Home
8,through 24 on Page 29 of your Home,4.900946140289307,courtroom,7,Home
1,"pointed,",11.139387130737305,courtroom,7,"pointed,"
2,"spray pointed,",9.248498916625977,courtroom,7,"pointed,"
4,"they'd be spray pointed,",8.908945083618164,courtroom,7,"pointed,"
8,"off a feeder station, they'd be spray pointed,",8.603492736816406,courtroom,7,"pointed,"
1,feeder,9.203315734863281,courtroom,2,feeder
2,a feeder,8.390050888061523,courtroom,2,feeder
1,be,11.872392654418945,courtroom,5,be
2,they'd be,9.420772552490234,courtroom,5,be
4,"feeder station, they'd be",9.39010238647461,courtroom,5,be
1,only,11.529606819152832,courtroom,5,only
2,this only,8.866328239440918,courtroom,5,only
4,Metro-Atlantic or this only,10.022757530212402,courtroom,5,only
1,Metro-Atlantic,10.112173080444336,courtroom,2,Metro-Atlantic
2,for Metro-Atlantic,9.310162544250488,courtroom,2,Metro-Atlantic
1,for,11.576336860656738,courtroom,1,for
2,only for,11.078557014465332,courtroom,1,for
1,was,10.896289825439453,courtroom,1,was
2,There was,5.128911018371582,courtroom,1,was
1,by,11.555146217346191,courtroom,4,by
2,gentleman by,11.356473922729492,courtroom,4,by
4,was a gentleman by,4.293766021728516,courtroom,4,by
1,gentleman,9.072062492370605,courtroom,3,gentleman
2,a gentleman,6.566911697387695,courtroom,3,gentleman
4,There was a gentleman,5.323564052581787,courtroom,3,gentleman
1,there,9.811803817749023,courtroom,2,there
2,so there,4.227160930633545,courtroom,2,there
1,a,11.316549301147461,courtroom,4,a
2,is a,11.68295669555664,courtroom,4,a
4,so there is a,10.32217025756836,courtroom,4,a
1,can,10.825804710388184,courtroom,6,can
2,"record, can",7.496957778930664,courtroom,6,can
4,"is a record, can",7.3503594398498535,courtroom,6,can
1,worked,9.954773902893066,courtroom,1,worked
2,people worked,6.009343147277832,courtroom,1,worked
1,was,10.896289825439453,courtroom,6,was
2,one was,9.983491897583008,courtroom,6,was
4,the other one was,9.895158767700195,courtroom,6,was
1,and,11.574933052062988,courtroom,2,and
2,worked and,11.711071968078613,courtroom,2,and
1,basement,8.084311485290527,courtroom,5,basement
2,the basement,5.648885250091553,courtroom,5,basement
4,washed in the basement,4.709787368774414,courtroom,5,basement
1,was,10.896289825439453,courtroom,1,was
2,floor was,9.883197784423828,courtroom,1,was
1,the,12.734390258789062,courtroom,4,the
2,in the,11.499937057495117,courtroom,4,the
4,was washed in the,8.976571083068848,courtroom,4,the
1,in,11.458725929260254,courtroom,3,in
2,Metro-Atlantic in,9.090531349182129,courtroom,3,in
4,did for Metro-Atlantic in,7.644508361816406,courtroom,3,in
1,for,11.576336860656738,courtroom,1,for
2,did for,8.8406400680542,courtroom,1,for
1,particular,10.472590446472168,courtroom,5,particular
2,a particular,10.881019592285156,courtroom,5,particular
4,Metro-Atlantic in a particular,8.8316650390625,courtroom,5,particular
1,in,11.458725929260254,courtroom,7,in
2,1 in,10.30264663696289,courtroom,7,in
4,as Exhibit 1 in,6.852904319763184,courtroom,7,in
8,It was previously marked as Exhibit 1 in,5.366281032562256,courtroom,7,in
1,Exhibit,7.8455915451049805,courtroom,5,Exhibit
2,as Exhibit,5.120746612548828,courtroom,5,Exhibit
4,previously marked as Exhibit,3.817951202392578,courtroom,5,Exhibit
1,was,10.896289825439453,courtroom,1,was
2,It was,8.293855667114258,courtroom,1,was
1,"drum,",11.328178405761719,courtroom,4,"drum,"
2,"that drum,",9.229666709899902,courtroom,4,"drum,"
4,"would take that drum,",7.759225845336914,courtroom,4,"drum,"
1,would,10.050649642944336,courtroom,1,would
2,He would,7.1090264320373535,courtroom,1,would
1,it,10.897254943847656,courtroom,6,it
2,tip it,6.056159019470215,courtroom,6,it
4,"that drum, tip it",4.827902793884277,courtroom,6,it
1,"that,",7.383519172668457,courtroom,2,"that,"
2,"about that,",8.286799430847168,courtroom,2,"that,"
1,was,10.896289825439453,courtroom,4,was
2,but was,9.823538780212402,courtroom,4,was
4,"about that, but was",9.099997520446777,courtroom,4,was
1,but,10.735779762268066,courtroom,3,but
2,"that, but",7.027019023895264,courtroom,3,but
4,"testimony about that, but",6.721737384796143,courtroom,3,but
1,different,11.98682975769043,courtroom,7,different
2,two different,10.939661026000977,courtroom,7,different
4,used for two different,9.615682601928711,courtroom,7,different
8,filter but it was used for two different,9.289506912231445,courtroom,7,different
1,was,10.896289825439453,courtroom,3,was
2,it was,9.499979019165039,courtroom,3,was
4,filter but it was,8.568748474121094,courtroom,3,was
1,for,11.576336860656738,courtroom,5,for
2,used for,11.050745010375977,courtroom,5,for
4,it was used for,10.556905746459961,courtroom,5,for
1,have,10.692431449890137,courtroom,1,have
2,just have,6.646618843078613,courtroom,1,have
1,upon,11.066892623901367,courtroom,7,upon
2,based upon,6.4669599533081055,courtroom,7,upon
4,follow-up questions based upon,7.786348819732666,courtroom,7,upon
8,just have a few follow-up questions based upon,5.293133735656738,courtroom,7,upon
1,questions,6.7628703117370605,courtroom,5,questions
2,follow-up questions,5.944323539733887,courtroom,5,questions
4,a few follow-up questions,5.158006191253662,courtroom,5,questions
1,the,12.734390258789062,courtroom,5,the
2,to the,12.121143341064453,courtroom,5,the
4,would wash to the,8.593097686767578,courtroom,5,the
1,drain,8.252342224121094,courtroom,6,drain
2,the drain,6.970455169677734,courtroom,6,drain
4,wash to the drain,5.241531848907471,courtroom,6,drain
1,wash,10.408881187438965,courtroom,3,wash
2,would wash,6.27712869644165,courtroom,3,wash
4,"floor, it would wash",5.915695667266846,courtroom,3,wash
1,ever,10.817558288574219,courtroom,4,ever
2,we've ever,5.131143569946289,courtroom,4,ever
4,know if we've ever,6.147079944610596,courtroom,4,ever
1,you,10.660537719726562,courtroom,6,you
2,asked you,5.9797844886779785,courtroom,6,you
4,we've ever asked you,4.190950393676758,courtroom,6,you
1,know,10.400792121887207,courtroom,1,know
2,don't know,5.081944465637207,courtroom,1,know
1,"in,",11.317089080810547,courtroom,2,"in,"
2,"coming in,",9.18868637084961,courtroom,2,"in,"
1,this,10.959673881530762,courtroom,6,this
2,in this,9.135798454284668,courtroom,6,this
4,they were in this,9.24038028717041,courtroom,6,this
1,in,11.458725929260254,courtroom,5,in
2,were in,8.515585899353027,courtroom,5,in
4,"in, they were in",8.18764877319336,courtroom,5,in
1,to,11.301959037780762,courtroom,7,to
2,ready to,9.277817726135254,courtroom,7,to
4,that were ready to,8.572295188903809,courtroom,7,to
8,that's where empty barrels that were ready to,3.937246561050415,courtroom,7,to
1,that,10.947566986083984,courtroom,4,that
2,barrels that,9.162836074829102,courtroom,4,that
4,where empty barrels that,7.938672065734863,courtroom,4,that
1,were,11.316572189331055,courtroom,5,were
2,that were,10.17459774017334,courtroom,5,were
4,empty barrels that were,9.266400337219238,courtroom,5,were
1,on,11.154274940490723,courtroom,4,on
2,in on,9.736349105834961,courtroom,4,on
4,building coming in on,7.831383228302002,courtroom,4,on
1,in,11.458725929260254,courtroom,3,in
2,coming in,9.708097457885742,courtroom,3,in
4,first building coming in,7.322478294372559,courtroom,3,in
1,coming,10.756954193115234,courtroom,2,coming
2,building coming,5.091841220855713,courtroom,2,coming
1,you,10.660537719726562,courtroom,4,you
2,have you,5.4588236808776855,courtroom,4,you
4,can I have you,7.946229934692383,courtroom,4,you
1,look,10.315814971923828,courtroom,5,look
2,you look,5.233838081359863,courtroom,5,look
4,I have you look,3.864022970199585,courtroom,5,look
1,I,11.117331504821777,courtroom,2,I
2,can I,7.914618968963623,courtroom,2,I
1,stacked,8.813477516174316,courtroom,4,stacked
2,be stacked,5.9146881103515625,courtroom,4,stacked
4,they would be stacked,5.588008880615234,courtroom,4,stacked
1,and,11.574933052062988,courtroom,5,and
2,stacked and,11.420939445495605,courtroom,5,and
4,would be stacked and,9.884496688842773,courtroom,5,and
1,would,10.050649642944336,courtroom,2,would
2,they would,7.093630790710449,courtroom,2,would
1,you,10.660537719726562,courtroom,3,you
2,ask you,7.939122200012207,courtroom,3,you
4,Can I ask you,4.925177574157715,courtroom,3,you
1,ask,11.095863342285156,courtroom,2,ask
2,I ask,6.144417762756348,courtroom,2,ask
1,to,11.301959037780762,courtroom,6,to
2,turn to,10.117390632629395,courtroom,6,to
4,you to turn to,9.703235626220703,courtroom,6,to
1,because,9.705339431762695,courtroom,4,because
2,up because,5.7578277587890625,courtroom,4,because
4,were picked up because,4.493643283843994,courtroom,4,because
1,were,11.316572189331055,courtroom,1,were
2,them were,10.46969985961914,courtroom,1,were
1,you,10.660537719726562,courtroom,5,you
2,because you,6.283843517303467,courtroom,5,you
4,picked up because you,6.541165828704834,courtroom,5,you
1,it,10.897254943847656,courtroom,1,it
2,Would it,4.776278495788574,courtroom,1,it
1,that,10.947566986083984,courtroom,6,that
2,say that,8.510945320129395,courtroom,6,that
4,correct to say that,8.579865455627441,courtroom,6,that
1,to,11.301959037780762,courtroom,4,to
2,correct to,9.69937515258789,courtroom,4,to
4,it be correct to,7.787962436676025,courtroom,4,to
1,was,10.896289825439453,courtroom,2,was
2,that was,8.553487777709961,courtroom,2,was
1,14,9.653605461120605,courtroom,5,14
2,September 14,3.305354356765747,courtroom,5,14
4,was on September 14,2.9803659915924072,courtroom,5,14
1,that,10.947566986083984,courtroom,1,that
2,And that,5.664247512817383,courtroom,1,that
1,the,12.734390258789062,courtroom,7,the
2,for the,10.603531837463379,courtroom,7,the
4,page which for the,8.010079383850098,courtroom,7,the
8,-- on the same page which for the,7.549036502838135,courtroom,7,the
1,the,12.734390258789062,courtroom,2,the
2,on the,12.704998970031738,courtroom,2,the
1,for,11.576336860656738,courtroom,6,for
2,which for,8.388811111450195,courtroom,6,for
4,same page which for,6.577520847320557,courtroom,6,for
1,off,10.427752494812012,courtroom,7,off
2,was off,5.805692195892334,courtroom,7,off
4,parking lot was off,3.1258656978607178,courtroom,7,off
8,sloped slightly because the parking lot was off,3.814089775085449,courtroom,7,off
1,parking,8.940179824829102,courtroom,4,parking
2,the parking,3.6201441287994385,courtroom,4,parking
4,slightly because the parking,5.581700325012207,courtroom,4,parking
1,the,12.734390258789062,courtroom,3,the
2,because the,12.438872337341309,courtroom,3,the
4,sloped slightly because the,12.094611167907715,courtroom,3,the
1,a,11.316549301147461,courtroom,2,a
2,"point, a",12.009599685668945,courtroom,2,a
1,"point,",10.939696311950684,courtroom,1,"point,"
2,"some point,",8.649255752563477,courtroom,1,"point,"
1,"time,",9.830911636352539,courtroom,5,"time,"
2,"of time,",9.027284622192383,courtroom,5,"time,"
4,"a period of time,",8.3397798538208,courtroom,5,"time,"
1,so,11.06381893157959,courtroom,1,so
2,"something, so",7.148807525634766,courtroom,1,so
1,of,12.024920463562012,courtroom,4,of
2,lot of,12.078988075256348,courtroom,4,of
4,so a lot of,8.044669151306152,courtroom,4,of
1,these,11.89498519897461,courtroom,5,these
2,of these,10.580893516540527,courtroom,5,these
4,a lot of these,9.460471153259277,courtroom,5,these
1,going,10.563369750976562,courtroom,2,going
2,not going,1.5066359043121338,courtroom,2,going
1,not,10.92558479309082,courtroom,1,not
2,I'm not,6.414231300354004,courtroom,1,not
1,testimony,6.126471996307373,courtroom,7,testimony
2,that testimony,6.4840569496154785,courtroom,7,testimony
4,go over that testimony,5.201745510101318,courtroom,7,testimony
8,I'm not going to go over that testimony,5.493546009063721,courtroom,7,testimony
1,the,12.734390258789062,courtroom,3,the
2,at the,11.857196807861328,courtroom,3,the
4,you worked at the,11.275212287902832,courtroom,3,the
1,at,11.502521514892578,courtroom,2,at
2,worked at,8.67971420288086,courtroom,2,at
1,Centredale,7.37496280670166,courtroom,4,Centredale
2,the Centredale,9.96015739440918,courtroom,4,Centredale
4,worked at the Centredale,9.632158279418945,courtroom,4,Centredale
1,drains,9.305557250976562,courtroom,3,drains
2,French drains,6.845126628875732,courtroom,3,drains
4,from the French drains,5.531354904174805,courtroom,3,drains
1,out,10.346115112304688,courtroom,4,out
2,drains out,7.907168388366699,courtroom,4,out
4,the French drains out,5.98190450668335,courtroom,4,out
1,the,12.734390258789062,courtroom,1,the
2,from the,12.40151309967041,courtroom,1,the
1,bid,11.588943481445312,courtroom,5,bid
2,union bid,5.986269474029541,courtroom,5,bid
4,was a union bid,5.760977745056152,courtroom,5,bid
1,a,11.316549301147461,courtroom,3,a
2,was a,11.245882987976074,courtroom,3,a
4,time there was a,10.88170337677002,courtroom,3,a
1,was,10.896289825439453,courtroom,2,was
2,there was,5.148713111877441,courtroom,2,was
1,right,10.864727020263672,courtroom,1,right
2,the right,7.222172260284424,courtroom,1,right
1,where,11.376585006713867,courtroom,7,where
2,uphill where,6.705356597900391,courtroom,7,where
4,parked slightly uphill where,5.870648384094238,courtroom,7,where
8,the right and we parked slightly uphill where,4.6378865242004395,courtroom,7,where
1,and,11.574933052062988,courtroom,2,and
2,right and,12.116950988769531,courtroom,2,and
1,a,11.316549301147461,courtroom,4,a
2,been a,10.345593452453613,courtroom,4,a
4,could have been a,10.341694831848145,courtroom,4,a
1,raw,11.905319213867188,courtroom,5,raw
2,a raw,10.715242385864258,courtroom,5,raw
4,have been a raw,8.07300853729248,courtroom,5,raw
1,product,10.50231647491455,courtroom,6,product
2,raw product,8.0228271484375,courtroom,6,product
4,been a raw product,5.244734764099121,courtroom,6,product
1,then,11.280230522155762,courtroom,7,then
2,"in, then",10.890753746032715,courtroom,7,then
4,"door coming in, then",8.729788780212402,courtroom,7,then
8,"If this is the door coming in, then",6.644706726074219,courtroom,7,then
1,coming,10.756954193115234,courtroom,5,coming
2,door coming,5.302894115447998,courtroom,5,coming
4,is the door coming,4.035284996032715,courtroom,5,coming
1,door,11.238622665405273,courtroom,4,door
2,the door,6.442956924438477,courtroom,4,door
4,this is the door,6.672651290893555,courtroom,4,door
1,pointing,9.587226867675781,courtroom,3,pointing
2,is pointing,4.575720310211182,courtroom,3,pointing
4,The arrow is pointing,5.2560930252075195,courtroom,3,pointing
1,of,12.024920463562012,courtroom,7,of
2,area of,10.156315803527832,courtroom,7,of
4,in the area of,10.766975402832031,courtroom,7,of
8,The arrow is pointing in the area of,5.763247013092041,courtroom,7,of
1,is,11.129858016967773,courtroom,2,is
2,arrow is,9.138863563537598,courtroom,2,is
1,at,11.502521514892578,courtroom,5,at
2,worked at,8.67971420288086,courtroom,5,at
4,that you worked at,9.143643379211426,courtroom,5,at
1,worked,9.954773902893066,courtroom,4,worked
2,you worked,5.275872230529785,courtroom,4,worked
4,time that you worked,5.254459857940674,courtroom,4,worked
1,"Metro-Atlantic,",10.728922843933105,courtroom,6,"Metro-Atlantic,"
2,"at Metro-Atlantic,",10.114629745483398,courtroom,6,"Metro-Atlantic,"
4,"you worked at Metro-Atlantic,",7.679816246032715,courtroom,6,"Metro-Atlantic,"
1,a,11.316549301147461,courtroom,1,a
2,me a,11.718503952026367,courtroom,1,a
1,"moment,",9.707855224609375,courtroom,2,"moment,"
2,"a moment,",8.339065551757812,courtroom,2,"moment,"
1,no,11.925097465515137,courtroom,6,no
2,have no,9.906698226928711,courtroom,6,no
4,I may have no,7.051104545593262,courtroom,6,no
1,was,10.896289825439453,courtroom,2,was
2,Murphy was,8.689022064208984,courtroom,2,was
1,for,11.576336860656738,courtroom,7,for
2,-- for,8.477372169494629,courtroom,7,for
4,for both -- for,8.668790817260742,courtroom,7,for
8,Mr. Murphy was working for both -- for,8.486785888671875,courtroom,7,for
1,--,10.854382514953613,courtroom,6,--
2,both --,12.372652053833008,courtroom,6,--
4,working for both --,9.4516019821167,courtroom,6,--
1,truth,9.109553337097168,courtroom,7,truth
2,whole truth,5.2576375007629395,courtroom,7,truth
4,"truth, the whole truth",5.182339191436768,courtroom,7,truth
8,"sworn to tell the truth, the whole truth",5.304755210876465,courtroom,7,truth
1,whole,9.041929244995117,courtroom,6,whole
2,the whole,8.965812683105469,courtroom,6,whole
4,"the truth, the whole",7.879952907562256,courtroom,6,whole
1,the,12.734390258789062,courtroom,5,the
2,"truth, the",11.851224899291992,courtroom,5,the
4,"tell the truth, the",10.507609367370605,courtroom,5,the
1,to,11.301959037780762,courtroom,4,to
2,as to,11.099897384643555,courtroom,4,to
4,your recollection as to,5.463377952575684,courtroom,4,to
1,worked,9.954773902893066,courtroom,7,worked
2,you worked,5.275872230529785,courtroom,7,worked
4,to when you worked,4.479857444763184,courtroom,7,worked
8,refresh your recollection as to when you worked,4.860897541046143,courtroom,7,worked
1,you,10.660537719726562,courtroom,6,you
2,when you,7.518013954162598,courtroom,6,you
4,as to when you,7.97491979598999,courtroom,6,you
1,side,10.695328712463379,courtroom,1,side
2,right side,4.744926929473877,courtroom,1,side
1,the,12.734390258789062,courtroom,3,the
2,of the,12.293905258178711,courtroom,3,the
4,right side of the,10.815670013427734,courtroom,3,the
1,because,9.705339431762695,courtroom,5,because
2,building because,5.711376667022705,courtroom,5,because
4,of the building because,4.910547733306885,courtroom,5,because
1,"it,",11.110934257507324,courtroom,3,"it,"
2,"did it,",7.899717330932617,courtroom,3,"it,"
4,"When I did it,",4.282295227050781,courtroom,3,"it,"
1,did,10.002723693847656,courtroom,2,did
2,I did,5.933742046356201,courtroom,2,did
1,it,10.897254943847656,courtroom,4,it
2,"it, it",5.495795249938965,courtroom,4,it
4,"I did it, it",5.114095687866211,courtroom,4,it
1,page,10.402233123779297,courtroom,6,page
2,Bates page,8.073328018188477,courtroom,6,page
4,at the Bates page,5.861576557159424,courtroom,6,page
1,the,12.734390258789062,courtroom,4,the
2,at the,11.857196807861328,courtroom,4,the
4,can look at the,11.743168830871582,courtroom,4,the
1,look,10.315814971923828,courtroom,2,look
2,can look,4.572525978088379,courtroom,2,look
1,of,12.024920463562012,courtroom,6,of
2,most of,4.829327583312988,courtroom,6,of
4,"the products, most of",1.8784515857696533,courtroom,6,of
1,"products,",10.352147102355957,courtroom,4,"products,"
2,"the products,",8.911799430847168,courtroom,4,"products,"
4,"else -- the products,",9.216710090637207,courtroom,4,"products,"
1,else,10.10682487487793,courtroom,1,else
2,anyone else,7.140949249267578,courtroom,1,else
1,your,12.634740829467773,courtroom,6,your
2,on your,11.769221305847168,courtroom,6,your
4,to be on your,8.177081108093262,courtroom,6,your
1,on,11.154274940490723,courtroom,5,on
2,be on,9.143274307250977,courtroom,5,on
4,had to be on,7.291184425354004,courtroom,5,on
1,left-hand,8.22494888305664,courtroom,7,left-hand
2,your left-hand,5.265198230743408,courtroom,7,left-hand
4,be on your left-hand,1.7711950540542603,courtroom,7,left-hand
8,"driveway, it had to be on your left-hand",1.3312324285507202,courtroom,7,left-hand
1,never,11.493278503417969,courtroom,2,never
2,I never,7.523129463195801,courtroom,2,never
1,if,11.083032608032227,courtroom,6,if
2,see if,5.488685131072998,courtroom,6,if
4,looked to see if,6.606203079223633,courtroom,6,if
1,it,10.897254943847656,courtroom,7,it
2,if it,5.955586910247803,courtroom,7,it
4,to see if it,5.841090679168701,courtroom,7,it
8,"said, I never looked to see if it",3.2139217853546143,courtroom,7,it
1,was,10.896289825439453,courtroom,2,was
2,"Metro-Atlantic, was",9.458711624145508,courtroom,2,was
1,most,11.586576461791992,courtroom,3,most
2,was most,8.184154510498047,courtroom,3,most
4,"for Metro-Atlantic, was most",7.000648498535156,courtroom,3,most
1,"Metro-Atlantic,",10.728922843933105,courtroom,1,"Metro-Atlantic,"
2,"for Metro-Atlantic,",9.810853958129883,courtroom,1,"Metro-Atlantic,"
1,confused,6.96029806137085,courtroom,3,confused
2,get confused,5.120121479034424,courtroom,3,confused
4,I don't get confused,3.9560587406158447,courtroom,3,confused
1,I,11.117331504821777,courtroom,6,I
2,and I,6.904555797576904,courtroom,6,I
4,confused now and I,6.391755104064941,courtroom,6,I
1,now,10.869876861572266,courtroom,4,now
2,confused now,6.368939399719238,courtroom,4,now
4,don't get confused now,5.403092384338379,courtroom,4,now
1,in,11.458725929260254,courtroom,3,in
2,came in,9.156083106994629,courtroom,3,in
4,When you came in,5.590782165527344,courtroom,3,in
1,of,12.024920463562012,courtroom,5,of
2,off of,10.627277374267578,courtroom,5,of
4,came in off of,9.500978469848633,courtroom,5,of
1,you,10.660537719726562,courtroom,1,you
2,When you,7.421469211578369,courtroom,1,you
1,as,11.068653106689453,courtroom,5,as
2,memory as,8.062581062316895,courtroom,5,as
4,have a memory as,7.126972675323486,courtroom,5,as
1,memory,10.381927490234375,courtroom,4,memory
2,a memory,8.784232139587402,courtroom,4,memory
4,you have a memory,6.306607723236084,courtroom,4,memory
1,have,10.692431449890137,courtroom,2,have
2,you have,7.3626508712768555,courtroom,2,have
1,of,12.024920463562012,courtroom,2,of
2,17 of,7.441705703735352,courtroom,2,of
1,transcript,7.481739044189453,courtroom,4,transcript
2,this transcript,3.0474722385406494,courtroom,4,transcript
4,17 of this transcript,3.9013800621032715,courtroom,4,transcript
1,of,12.024920463562012,courtroom,5,of
2,transcript of,8.808796882629395,courtroom,5,of
4,of this transcript of,6.932793617248535,courtroom,5,of
1,rows,10.507925987243652,courtroom,4,rows
2,were rows,4.582012176513672,courtroom,4,rows
4,remember there were rows,3.3198533058166504,courtroom,4,rows
1,out,10.346115112304688,courtroom,7,out
2,drums out,7.666507244110107,courtroom,7,out
4,rows of drums out,5.199796676635742,courtroom,7,out
8,just remember there were rows of drums out,4.177329063415527,courtroom,7,out
1,drums,8.221752166748047,courtroom,6,drums
2,of drums,5.411773204803467,courtroom,6,drums
4,were rows of drums,5.279458045959473,courtroom,6,drums
1,where,11.376585006713867,courtroom,6,where
2,for where,6.713799953460693,courtroom,6,where
4,"a ""W"" for where",6.594094276428223,courtroom,6,where
1,a,11.316549301147461,courtroom,3,a
2,put a,11.431944847106934,courtroom,3,a
4,could you put a,10.677291870117188,courtroom,3,a
1,put,11.452770233154297,courtroom,2,put
2,you put,6.518835067749023,courtroom,2,put
1,the,12.734390258789062,courtroom,5,the
2,in the,11.499937057495117,courtroom,5,the
4,the truth in the,9.963531494140625,courtroom,5,the
1,truth,9.109553337097168,courtroom,3,truth
2,the truth,5.245010852813721,courtroom,3,truth
4,nothing but the truth,4.896116256713867,courtroom,3,truth
1,but,10.735779762268066,courtroom,1,but
2,nothing but,8.889989852905273,courtroom,1,but
1,because,9.705339431762695,courtroom,3,because
2,ownership because,5.097508907318115,courtroom,3,because
4,line of ownership because,5.847100257873535,courtroom,3,because
1,ownership,7.800441741943359,courtroom,2,ownership
2,of ownership,5.85138463973999,courtroom,2,ownership
1,see,10.684712409973145,courtroom,7,see
2,to see,6.500743865966797,courtroom,7,see
4,I used to see,8.645943641662598,courtroom,7,see
8,line of ownership because I used to see,8.380678176879883,courtroom,7,see
1,it,10.897254943847656,courtroom,5,it
2,betting it,6.035825252532959,courtroom,5,it
4,"cloudy, I'm betting it",4.110470294952393,courtroom,5,it
1,did,10.002723693847656,courtroom,6,did
2,it did,4.9837188720703125,courtroom,6,did
4,I'm betting it did,5.986142158508301,courtroom,6,did
1,but,10.735779762268066,courtroom,7,but
2,did but,9.385763168334961,courtroom,7,but
4,betting it did but,7.1798553466796875,courtroom,7,but
8,"water turn cloudy, I'm betting it did but",6.464532852172852,courtroom,7,but
1,there,9.811803817749023,courtroom,1,there
2,so there,4.227160930633545,courtroom,1,there
1,probably,11.00655746459961,courtroom,3,probably
2,was probably,7.889571189880371,courtroom,3,probably
4,so there was probably,5.298538684844971,courtroom,3,probably
1,drums,8.221752166748047,courtroom,6,drums
2,bad drums,5.7615580558776855,courtroom,6,drums
4,probably little bad drums,6.38755989074707,courtroom,6,drums
1,brought,6.836131572723389,courtroom,6,brought
2,were brought,4.049374580383301,courtroom,6,brought
4,barrels that were brought,4.046613693237305,courtroom,6,brought
1,were,11.316572189331055,courtroom,5,were
2,that were,10.17459774017334,courtroom,5,were
4,some barrels that were,9.46033763885498,courtroom,5,were
1,--,10.854382514953613,courtroom,1,--
2,had --,10.05837345123291,courtroom,1,--
1,"hose,",11.02379322052002,courtroom,6,"hose,"
2,"the hose,",8.933907508850098,courtroom,6,"hose,"
4,"it with the hose,",8.378639221191406,courtroom,6,"hose,"
1,it,10.897254943847656,courtroom,3,it
2,hit it,6.3021135330200195,courtroom,3,it
4,Once I hit it,4.632951736450195,courtroom,3,it
1,I,11.117331504821777,courtroom,1,I
2,Once I,7.777241230010986,courtroom,1,I
1,to,11.301959037780762,courtroom,2,to
2,back to,10.462959289550781,courtroom,2,to
1,what,10.599081993103027,courtroom,3,what
2,to what,7.295022487640381,courtroom,3,what
4,Going back to what,6.2246856689453125,courtroom,3,what
1,back,10.862462043762207,courtroom,1,back
2,Going back,3.51698899269104,courtroom,1,back
1,to,11.301959037780762,courtroom,1,to
2,moving to,9.902203559875488,courtroom,1,to
1,strike,10.884613037109375,courtroom,2,strike
2,to strike,6.930103778839111,courtroom,2,strike
1,it,10.897254943847656,courtroom,6,it
2,think it,5.381387710571289,courtroom,6,it
4,because I think it,4.009027481079102,courtroom,6,it
1,the,12.734390258789062,courtroom,1,the
2,where the,12.527472496032715,courtroom,1,the
1,burned,10.052210807800293,courtroom,5,burned
2,be burned,5.732302665710449,courtroom,5,burned
4,barrels to be burned,5.348370552062988,courtroom,5,burned
1,were,11.316572189331055,courtroom,6,were
2,burned were,10.833105087280273,courtroom,6,were
4,to be burned were,10.240650177001953,courtroom,6,were
1,time,10.924384117126465,courtroom,6,time
2,the time,6.469259262084961,courtroom,6,time
4,closer to the time,5.468245029449463,courtroom,6,time
1,closer,7.090526580810547,courtroom,3,closer
2,was closer,2.1374194622039795,courtroom,3,closer
4,So that was closer,2.9741804599761963,courtroom,3,closer
1,that,10.947566986083984,courtroom,1,that
2,So that,5.386443138122559,courtroom,1,that
1,they,10.613469123840332,courtroom,4,they
2,if they,7.178382396697998,courtroom,4,they
4,on them if they,6.914218902587891,courtroom,4,they
1,weren't,8.807559967041016,courtroom,5,weren't
2,they weren't,9.596198081970215,courtroom,5,weren't
4,them if they weren't,9.944289207458496,courtroom,5,weren't
1,if,11.083032608032227,courtroom,3,if
2,them if,5.320215225219727,courtroom,3,if
4,work on them if,4.532571315765381,courtroom,3,if
1,are,11.507725715637207,courtroom,6,are
2,Italians are,10.056318283081055,courtroom,6,are
4,families as Italians are,9.54930591583252,courtroom,6,are
1,close,10.470686912536621,courtroom,2,close
2,were close,4.38751745223999,courtroom,2,close
1,and,11.574933052062988,courtroom,7,and
2,are and,12.507355690002441,courtroom,7,and
4,as Italians are and,8.074953079223633,courtroom,7,and
8,they were close families as Italians are and,8.726119995117188,courtroom,7,and
1,"here,",10.569401741027832,courtroom,2,"here,"
2,"in here,",8.657100677490234,courtroom,2,"here,"
1,where,11.376585006713867,courtroom,3,where
2,"here, where",8.105819702148438,courtroom,3,where
4,"probably in here, where",6.552328109741211,courtroom,3,where
1,we,11.5739107131958,courtroom,4,we
2,where we,7.516524314880371,courtroom,4,we
4,"in here, where we",7.296601295471191,courtroom,4,we
1,this,10.959673881530762,courtroom,1,this
2,So this,7.263731956481934,courtroom,1,this
1,--,10.854382514953613,courtroom,5,--
2,been --,9.279321670532227,courtroom,5,--
4,may have been --,8.193471908569336,courtroom,5,--
1,may,10.549492835998535,courtroom,2,may
2,this may,5.107027053833008,courtroom,2,may
1,and,11.574933052062988,courtroom,4,and
2,-- and,10.24380111694336,courtroom,4,and
4,"building, and -- and",8.47023868560791,courtroom,4,and
1,--,10.854382514953613,courtroom,3,--
2,and --,11.620068550109863,courtroom,3,--
4,"the building, and --",8.377721786499023,courtroom,3,--
1,not,10.92558479309082,courtroom,5,not
2,and not,9.597297668457031,courtroom,5,not
4,and -- and not,7.6328558921813965,courtroom,5,not
1,pretty,11.616284370422363,courtroom,6,pretty
2,right pretty,6.9716105461120605,courtroom,6,pretty
4,that was right pretty,3.4128122329711914,courtroom,6,pretty
1,"door,",10.302789688110352,courtroom,1,"door,"
2,"that door,",8.584050178527832,courtroom,1,"door,"
1,was,10.896289825439453,courtroom,4,was
2,that was,8.553487777709961,courtroom,4,was
4,"door, and that was",7.438737869262695,courtroom,4,was
1,we,11.5739107131958,courtroom,6,we
2,sure we,6.2138543128967285,courtroom,6,we
4,to make sure we,5.748269081115723,courtroom,6,we
1,just,11.214090347290039,courtroom,1,just
2,And just,6.248793125152588,courtroom,1,just
1,have,10.692431449890137,courtroom,7,have
2,we have,7.850134372711182,courtroom,7,have
4,make sure we have,6.68270206451416,courtroom,7,have
8,And just trying to make sure we have,6.096271991729736,courtroom,7,have
1,--,10.854382514953613,courtroom,2,--
2,what --,8.814740180969238,courtroom,2,--
1,that,10.947566986083984,courtroom,6,that
2,recall that,9.04126262664795,courtroom,6,that
4,do you recall that,8.95668888092041,courtroom,6,that
1,what,10.599081993103027,courtroom,1,what
2,recall what,7.020586967468262,courtroom,1,what
1,on,11.154274940490723,courtroom,1,on
2,start on,9.72143840789795,courtroom,1,on
1,way,10.513489723205566,courtroom,7,way
2,my way,5.14098596572876,courtroom,7,way
4,and work my way,3.2238755226135254,courtroom,7,way
8,start on Smith Street and work my way,4.416610240936279,courtroom,7,way
1,Street,10.88773250579834,courtroom,3,Street
2,Smith Street,6.282095909118652,courtroom,3,Street
4,start on Smith Street,5.5730462074279785,courtroom,3,Street
1,memory,10.381927490234375,courtroom,6,memory
2,fuzzy memory,9.130474090576172,courtroom,6,memory
4,it's a fuzzy memory,5.506824493408203,courtroom,6,memory
1,it's,9.313949584960938,courtroom,3,it's
2,been-- it's,7.699115753173828,courtroom,3,it's
4,have even been-- it's,7.317861080169678,courtroom,3,it's
1,a,11.316549301147461,courtroom,4,a
2,it's a,10.077677726745605,courtroom,4,a
4,even been-- it's a,9.807028770446777,courtroom,4,a
1,duly,10.945247650146484,courtroom,5,duly
2,was duly,9.069181442260742,courtroom,5,duly
4,said witness was duly,7.908201217651367,courtroom,5,duly
1,by,11.555146217346191,courtroom,7,by
2,recorded by,10.810378074645996,courtroom,7,by
4,was duly recorded by,6.914517879486084,courtroom,7,by
8,testimony of said witness was duly recorded by,6.783213138580322,courtroom,7,by
1,said,9.272993087768555,courtroom,2,said
2,of said,7.622359275817871,courtroom,2,said
1,could,10.399933815002441,courtroom,4,could
2,we could,7.290517807006836,courtroom,4,could
4,"Dumpster, so we could",8.29452133178711,courtroom,4,could
1,to,11.301959037780762,courtroom,7,to
2,go to,10.341914176940918,courtroom,7,to
4,could just go to,7.730420112609863,courtroom,7,to
8,"that Dumpster, so we could just go to",7.539153099060059,courtroom,7,to
1,we,11.5739107131958,courtroom,3,we
2,so we,7.084828853607178,courtroom,3,we
4,"that Dumpster, so we",6.444733619689941,courtroom,3,we
1,"sorry,",8.111830711364746,courtroom,1,"sorry,"
2,"I'm sorry,",6.6229963302612305,courtroom,1,"sorry,"
1,Page,10.672101974487305,courtroom,5,Page
2,-- Page,8.335112571716309,courtroom,5,Page
4,wrong page -- Page,9.219645500183105,courtroom,5,Page
1,page,10.402233123779297,courtroom,3,page
2,wrong page,7.145240783691406,courtroom,3,page
4,"I'm sorry, wrong page",5.3337931632995605,courtroom,3,page
1,arrow,10.89774227142334,courtroom,5,arrow
2,an arrow,7.662726402282715,courtroom,5,arrow
4,there is an arrow,6.349663734436035,courtroom,5,arrow
1,and,11.574933052062988,courtroom,6,and
2,arrow and,12.416793823242188,courtroom,6,and
4,is an arrow and,8.598428726196289,courtroom,6,and
1,is,11.129858016967773,courtroom,3,is
2,there is,5.1836724281311035,courtroom,3,is
4,And then there is,6.275925159454346,courtroom,3,is
1,nasty,10.589051246643066,courtroom,3,nasty
2,were nasty,6.27768087387085,courtroom,3,nasty
4,drums that were nasty,5.66955041885376,courtroom,3,nasty
1,didn't,6.80245304107666,courtroom,5,didn't
2,and didn't,7.478423595428467,courtroom,5,didn't
4,were nasty and didn't,6.720519542694092,courtroom,5,didn't
1,any,11.360147476196289,courtroom,7,any
2,have any,9.952287673950195,courtroom,7,any
4,and didn't have any,10.603570938110352,courtroom,7,any
8,drums that were nasty and didn't have any,10.596686363220215,courtroom,7,any
1,look,10.315814971923828,courtroom,6,look
2,to look,4.0913801193237305,courtroom,6,look
4,ask you to look,5.169837474822998,courtroom,6,look
1,and,11.574933052062988,courtroom,1,and
2,E-000002.000602 and,10.094852447509766,courtroom,1,and
1,at,11.502521514892578,courtroom,7,at
2,look at,6.2171478271484375,courtroom,7,at
4,you to look at,6.999872207641602,courtroom,7,at
8,E-000002.000602 and I'll ask you to look at,5.016730308532715,courtroom,7,at
1,and,11.574933052062988,courtroom,6,and
2,leakers and,12.327033042907715,courtroom,6,and
4,were called leakers and,9.842121124267578,courtroom,6,and
1,were,11.316572189331055,courtroom,3,were
2,that were,10.17459774017334,courtroom,3,were
4,weren't -- that were,10.255619049072266,courtroom,3,were
1,that,10.947566986083984,courtroom,2,that
2,-- that,7.738865852355957,courtroom,2,that
1,of,12.024920463562012,courtroom,4,of
2,end of,9.070483207702637,courtroom,4,of
4,at the end of,5.458755970001221,courtroom,4,of
1,of,12.024920463562012,courtroom,6,of
2,one of,5.783963203430176,courtroom,6,of
4,end of one of,4.768825531005859,courtroom,6,of
1,end,10.93889045715332,courtroom,3,end
2,the end,2.8435750007629395,courtroom,3,end
4,was at the end,1.1927610635757446,courtroom,3,end
1,the,12.734390258789062,courtroom,2,the
2,-- the,12.475828170776367,courtroom,2,the
1,"facilities,",10.1425142288208,courtroom,7,"facilities,"
2,"storage facilities,",9.41506290435791,courtroom,7,"facilities,"
4,"to those storage facilities,",8.186023712158203,courtroom,7,"facilities,"
8,"the -- the tank to those storage facilities,",7.126970291137695,courtroom,7,"facilities,"
1,tank,10.72249698638916,courtroom,3,tank
2,the tank,7.952896595001221,courtroom,3,tank
4,the -- the tank,8.61888599395752,courtroom,3,tank
1,Maryanne,9.890871047973633,courtroom,5,Maryanne
2,was Maryanne,7.923580169677734,courtroom,5,Maryanne
4,her name was Maryanne,9.988102912902832,courtroom,5,Maryanne
1,something,10.092069625854492,courtroom,7,something
2,or something,7.005733966827393,courtroom,7,something
4,was Maryanne or something,4.583230018615723,courtroom,7,something
8,I think her name was Maryanne or something,4.0751566886901855,courtroom,7,something
1,think,9.863617897033691,courtroom,1,think
2,I think,5.887979984283447,courtroom,1,think
1,used,10.730368614196777,courtroom,2,used
2,you used,4.70567512512207,courtroom,2,used
1,with,11.736027717590332,courtroom,6,with
2,along with,9.72608470916748,courtroom,6,with
4,the hose along with,5.510738372802734,courtroom,6,with
1,along,9.855757713317871,courtroom,5,along
2,hose along,4.095832347869873,courtroom,5,along
4,used the hose along,2.74772310256958,courtroom,5,along
1,the,12.734390258789062,courtroom,7,the
2,of the,12.293905258178711,courtroom,7,the
4,this -- of the,12.58716869354248,courtroom,7,the
8,"more or less, of this -- of the",12.176382064819336,courtroom,7,the
1,or,11.46521282196045,courtroom,1,or
2,more or,9.214690208435059,courtroom,1,or
1,this,10.959673881530762,courtroom,4,this
2,of this,9.890580177307129,courtroom,4,this
4,"or less, of this",10.3838472366333,courtroom,4,this
1,and,11.574933052062988,courtroom,1,and
2,inspected and,11.325578689575195,courtroom,1,and
1,do,10.671449661254883,courtroom,6,do
2,to do,6.433040142059326,courtroom,6,do
4,weren't going to do,4.921658039093018,courtroom,6,do
1,to,11.301959037780762,courtroom,5,to
2,going to,9.507628440856934,courtroom,5,to
4,they weren't going to,7.977311611175537,courtroom,5,to
1,NEC,9.789653778076172,courtroom,7,NEC
2,with NEC,9.139100074768066,courtroom,7,NEC
4,to do with NEC,9.54711627960205,courtroom,7,NEC
8,That loading area had to do with NEC,10.036581039428711,courtroom,7,NEC
1,had,11.16131591796875,courtroom,3,had
2,area had,8.156591415405273,courtroom,3,had
4,That loading area had,7.34466028213501,courtroom,3,had
1,to,11.301959037780762,courtroom,4,to
2,had to,8.512750625610352,courtroom,4,to
4,loading area had to,2.425157308578491,courtroom,4,to
1,the,12.734390258789062,courtroom,7,the
2,at the,11.857196807861328,courtroom,7,the
4,to look at the,11.702396392822266,courtroom,7,the
8,Can I ask you to look at the,11.623613357543945,courtroom,7,the
1,I,11.117331504821777,courtroom,1,I
2,Can I,7.919334888458252,courtroom,1,I
1,at,11.502521514892578,courtroom,6,at
2,look at,6.2171478271484375,courtroom,6,at
4,you to look at,6.999872207641602,courtroom,6,at
1,Home,11.13204288482666,courtroom,4,Home
2,v. Home,9.24561882019043,courtroom,4,Home
4,the Emhart v. Home,7.16658878326416,courtroom,4,Home
1,the,12.734390258789062,courtroom,1,the
2,from the,12.40151309967041,courtroom,1,the
1,"case,",11.11263370513916,courtroom,6,"case,"
2,"Insurance case,",10.799620628356934,courtroom,6,"case,"
4,"v. Home Insurance case,",11.072853088378906,courtroom,6,"case,"
1,--,10.854382514953613,courtroom,1,--
2,They --,7.860482692718506,courtroom,1,--
1,they,10.613469123840332,courtroom,2,they
2,-- they,7.090299606323242,courtroom,2,they
1,had,11.16131591796875,courtroom,3,had
2,they had,8.330668449401855,courtroom,3,had
4,They -- they had,7.709371566772461,courtroom,3,had
1,"piles,",11.203969955444336,courtroom,4,"piles,"
2,"long piles,",10.044870376586914,courtroom,4,"piles,"
4,"stacked in long piles,",9.518625259399414,courtroom,4,"piles,"
1,stacked,8.813477516174316,courtroom,1,stacked
2,were stacked,5.7240118980407715,courtroom,1,stacked
1,long,11.913646697998047,courtroom,3,long
2,in long,9.027739524841309,courtroom,3,long
4,were stacked in long,5.043113708496094,courtroom,3,long
1,and,11.574933052062988,courtroom,1,and
2,yourself and,8.765305519104004,courtroom,1,and
1,read,10.640660285949707,courtroom,7,read
2,you've read,6.031660556793213,courtroom,7,read
4,know when you've read,6.351406097412109,courtroom,7,read
8,yourself and let me know when you've read,4.3098273277282715,courtroom,7,read
1,let,10.744215965270996,courtroom,2,let
2,and let,4.548616886138916,courtroom,2,let
1,the,12.734390258789062,courtroom,7,the
2,to the,12.121143341064453,courtroom,7,the
4,tail was to the,11.788263320922852,courtroom,7,the
8,the west and the tail was to the,3.6040756702423096,courtroom,7,the
1,and,11.574933052062988,courtroom,2,and
2,west and,11.504005432128906,courtroom,2,and
1,the,12.734390258789062,courtroom,3,the
2,and the,12.488967895507812,courtroom,3,the
4,the west and the,4.2835540771484375,courtroom,3,the
1,and,11.574933052062988,courtroom,4,and
2,there and,10.612112045288086,courtroom,4,and
4,Tower wasn't there and,8.135422706604004,courtroom,4,and
1,was,10.896289825439453,courtroom,7,was
2,it was,9.499979019165039,courtroom,7,was
4,and then it was,8.973885536193848,courtroom,7,was
8,Texas Tower wasn't there and then it was,8.716742515563965,courtroom,7,was
1,then,11.280230522155762,courtroom,5,then
2,and then,10.076716423034668,courtroom,5,then
4,wasn't there and then,5.454580783843994,courtroom,5,then
1,see,10.684712409973145,courtroom,7,see
2,you see,6.7522711753845215,courtroom,7,see
4,building; do you see,6.2921833992004395,courtroom,7,see
8,there is a trapezoidal building; do you see,5.452542781829834,courtroom,7,see
1,a,11.316549301147461,courtroom,2,a
2,is a,11.68295669555664,courtroom,2,a
1,you,10.660537719726562,courtroom,6,you
2,do you,5.67453145980835,courtroom,6,you
4,trapezoidal building; do you,5.811781883239746,courtroom,6,you
1,and,11.574933052062988,courtroom,1,and
2,drums and,11.925851821899414,courtroom,1,and
1,it's,9.313949584960938,courtroom,4,it's
2,so it's,8.035276412963867,courtroom,4,it's
4,"and covers, so it's",6.917567729949951,courtroom,4,it's
1,"covers,",10.907471656799316,courtroom,2,"covers,"
2,"and covers,",10.991569519042969,courtroom,2,"covers,"
1,water,11.01176643371582,courtroom,6,water
2,the water,8.202545166015625,courtroom,6,water
4,ever see the water,8.830650329589844,courtroom,6,water
1,outside,10.25705623626709,courtroom,7,outside
2,water outside,6.45277214050293,courtroom,7,outside
4,see the water outside,6.1063947677612305,courtroom,7,outside
8,"""And did you ever see the water outside",4.881452560424805,courtroom,7,outside
1,ever,10.817558288574219,courtroom,3,ever
2,you ever,8.062797546386719,courtroom,3,ever
4,"""And did you ever",6.575046062469482,courtroom,3,ever
1,at,11.502521514892578,courtroom,5,at
2,because at,4.582820892333984,courtroom,5,at
4,each building because at,4.716197967529297,courtroom,5,at
1,in,11.458725929260254,courtroom,1,in
2,timecard in,8.852274894714355,courtroom,1,in
1,building,10.376143455505371,courtroom,3,building
2,each building,7.079662322998047,courtroom,3,building
4,timecard in each building,5.863765716552734,courtroom,3,building
1,summers,9.901643753051758,courtroom,6,summers
2,the summers,6.011214256286621,courtroom,6,summers
4,one of the summers,6.009729862213135,courtroom,6,summers
1,there,9.811803817749023,courtroom,2,there
2,was there,6.32039213180542,courtroom,2,there
1,one,10.6817045211792,courtroom,3,one
2,there one,9.343563079833984,courtroom,3,one
4,It was there one,4.223892688751221,courtroom,3,one
1,man,10.682339668273926,courtroom,1,man
2,strong man,7.28628396987915,courtroom,1,man
1,drums,8.221752166748047,courtroom,4,drums
2,those drums,6.798089027404785,courtroom,4,drums
4,man throwing those drums,6.331409931182861,courtroom,4,drums
1,those,11.217927932739258,courtroom,3,those
2,throwing those,10.875883102416992,courtroom,3,those
4,strong man throwing those,10.438504219055176,courtroom,3,those
1,a,11.316549301147461,courtroom,7,a
2,"catwalk, a",11.60316276550293,courtroom,7,a
4,"was a catwalk, a",11.01357650756836,courtroom,7,a
8,"you that, because there was a catwalk, a",10.35073184967041,courtroom,7,a
1,there,9.811803817749023,courtroom,3,there
2,because there,3.3262887001037598,courtroom,3,there
4,"you that, because there",3.2073593139648438,courtroom,3,there
1,because,9.705339431762695,courtroom,2,because
2,"that, because",5.908855438232422,courtroom,2,because
1,can,10.825804710388184,courtroom,4,can
2,I can,5.415952682495117,courtroom,4,can
4,near as I can,6.0975871086120605,courtroom,4,can
1,I,11.117331504821777,courtroom,6,I
2,"remember, I",6.118150234222412,courtroom,6,I
4,"I can remember, I",5.896097660064697,courtroom,6,I
1,"remember,",8.159923553466797,courtroom,5,"remember,"
2,"can remember,",8.419418334960938,courtroom,5,"remember,"
4,"as I can remember,",7.972265243530273,courtroom,5,"remember,"
1,that's,6.693538665771484,courtroom,3,that's
2,if that's,5.561262607574463,courtroom,3,that's
4,"I did, if that's",4.211773872375488,courtroom,3,that's
1,this,10.959673881530762,courtroom,5,this
2,on this,10.626091003417969,courtroom,5,this
4,if that's on this,7.2350640296936035,courtroom,5,this
1,if,11.083032608032227,courtroom,2,if
2,"did, if",6.0725626945495605,courtroom,2,if
1,the,12.734390258789062,courtroom,5,the
2,-- the,12.475828170776367,courtroom,5,the
4,filled the -- the,12.094531059265137,courtroom,5,the
1,pulled,7.937251567840576,courtroom,7,pulled
2,truck pulled,4.825730323791504,courtroom,7,pulled
4,-- the truck pulled,3.252655029296875,courtroom,7,pulled
8,When they filled the -- the truck pulled,3.045051097869873,courtroom,7,pulled
1,--,10.854382514953613,courtroom,4,--
2,the --,11.623086929321289,courtroom,4,--
4,they filled the --,10.48582649230957,courtroom,4,--
1,could,10.399933815002441,courtroom,3,could
2,you could,7.507578372955322,courtroom,3,could
4,"Metro-Atlantic, if you could",8.110847473144531,courtroom,3,could
1,at,11.502521514892578,courtroom,5,at
2,look at,6.2171478271484375,courtroom,5,at
4,you could look at,6.292349338531494,courtroom,5,at
1,Page,10.672101974487305,courtroom,6,Page
2,at Page,8.58680248260498,courtroom,6,Page
4,could look at Page,6.507226943969727,courtroom,6,Page
1,would,10.050649642944336,courtroom,4,would
2,customer would,6.639810562133789,courtroom,4,would
4,to a customer would,6.67738676071167,courtroom,4,would
1,be,11.872392654418945,courtroom,5,be
2,would be,9.17898941040039,courtroom,5,be
4,a customer would be,8.796937942504883,courtroom,5,be
1,on,11.154274940490723,courtroom,7,on
2,loaded on,9.53931999206543,courtroom,7,on
4,would be loaded on,6.835999011993408,courtroom,7,on
8,shipped to a customer would be loaded on,5.176777362823486,courtroom,7,on
1,the,12.734390258789062,courtroom,3,the
2,where the,12.527472496032715,courtroom,3,the
4,and that's where the,11.743791580200195,courtroom,3,the
1,be,11.872392654418945,courtroom,6,be
2,would be,9.17898941040039,courtroom,6,be
4,the drums would be,9.530312538146973,courtroom,6,be
1,painted,10.62073802947998,courtroom,7,painted
2,be painted,6.8881916999816895,courtroom,7,painted
4,drums would be painted,6.1080474853515625,courtroom,7,painted
8,and that's where the drums would be painted,5.236495018005371,courtroom,7,painted
1,have,10.692431449890137,courtroom,5,have
2,you have,7.3626508712768555,courtroom,5,have
4,"NECC, did you have",5.48447322845459,courtroom,5,have
1,you,10.660537719726562,courtroom,4,you
2,did you,7.061986446380615,courtroom,4,you
4,"for NECC, did you",6.658647060394287,courtroom,4,you
1,an,11.774314880371094,courtroom,6,an
2,have an,9.893959045410156,courtroom,6,an
4,did you have an,7.909147262573242,courtroom,6,an
1,owned,10.980941772460938,courtroom,5,owned
2,being owned,2.968393087387085,courtroom,5,owned
4,other place being owned,2.6401522159576416,courtroom,5,owned
1,other,11.661579132080078,courtroom,2,other
2,the other,9.178586959838867,courtroom,2,other
1,the,12.734390258789062,courtroom,1,the
2,and the,12.488967895507812,courtroom,1,the
1,to,11.301959037780762,courtroom,7,to
2,foggy to,10.08857250213623,courtroom,7,to
4,thing is foggy to,7.013879776000977,courtroom,7,to
8,"I said, that whole thing is foggy to",3.3124945163726807,courtroom,7,to
1,thing,10.63368034362793,courtroom,4,thing
2,whole thing,5.960029125213623,courtroom,4,thing
4,"said, that whole thing",5.932852745056152,courtroom,4,thing
1,is,11.129858016967773,courtroom,5,is
2,thing is,9.059996604919434,courtroom,5,is
4,that whole thing is,8.359514236450195,courtroom,5,is
1,that,10.947566986083984,courtroom,7,that
2,underneath that,10.340953826904297,courtroom,7,that
4,an area underneath that,10.73565673828125,courtroom,7,that
8,It would drain into an area underneath that,9.77163314819336,courtroom,7,that
1,area,10.593823432922363,courtroom,5,area
2,an area,5.571434497833252,courtroom,5,area
4,drain into an area,5.502779483795166,courtroom,5,area
1,would,10.050649642944336,courtroom,1,would
2,It would,4.547184467315674,courtroom,1,would
1,the,12.734390258789062,courtroom,2,the
2,to the,12.121143341064453,courtroom,2,the
1,Tower,5.9764909744262695,courtroom,7,Tower
2,Texas Tower,7.243223190307617,courtroom,7,Tower
4,of the Texas Tower,7.689908981323242,courtroom,7,Tower
8,"Now, to the east of the Texas Tower",4.4565324783325195,courtroom,7,Tower
1,of,12.024920463562012,courtroom,4,of
2,east of,8.921637535095215,courtroom,4,of
4,to the east of,6.865684509277344,courtroom,4,of
1,a,11.316549301147461,courtroom,5,a
2,there a,9.557626724243164,courtroom,5,a
4,have been there a,4.301054954528809,courtroom,5,a
1,been,10.934855461120605,courtroom,3,been
2,have been,10.350520133972168,courtroom,3,been
4,It might have been,8.337298393249512,courtroom,3,been
1,have,10.692431449890137,courtroom,2,have
2,might have,8.045845985412598,courtroom,2,have
1,was,10.896289825439453,courtroom,4,was
2,it was,9.499979019165039,courtroom,4,was
4,didn't say it was,8.460978507995605,courtroom,4,was
1,say,9.818024635314941,courtroom,2,say
2,didn't say,6.210485935211182,courtroom,2,say
1,going,10.563369750976562,courtroom,5,going
2,was going,1.7791283130645752,courtroom,5,going
4,say it was going,1.7417488098144531,courtroom,5,going
1,his,12.49317741394043,courtroom,3,his
2,taking his,9.140067100524902,courtroom,3,his
4,I am taking his,9.632105827331543,courtroom,3,his
1,I,11.117331504821777,courtroom,7,I
2,so I,7.107552528381348,courtroom,7,I
4,place today so I,5.850013256072998,courtroom,7,I
8,I am taking his place today so I,4.207082748413086,courtroom,7,I
1,place,10.633182525634766,courtroom,4,place
2,his place,5.011587619781494,courtroom,4,place
4,am taking his place,4.38722038269043,courtroom,4,place
1,was,10.896289825439453,courtroom,2,was
2,it was,9.499979019165039,courtroom,2,was
1,below,9.977163314819336,courtroom,3,below
2,was below,6.524613857269287,courtroom,3,below
4,If it was below,7.283397674560547,courtroom,3,below
1,how,10.923521041870117,courtroom,5,how
2,"grade, how",7.082670211791992,courtroom,5,how
4,"was below grade, how",5.434589385986328,courtroom,5,how
1,you,10.660537719726562,courtroom,5,you
2,"map, you",4.798142910003662,courtroom,5,you
4,"at the map, you",4.8076372146606445,courtroom,5,you
1,the,12.734390258789062,courtroom,3,the
2,at the,11.857196807861328,courtroom,3,the
4,were looking at the,11.514947891235352,courtroom,3,the
1,a,11.316549301147461,courtroom,7,a
2,made a,10.970732688903809,courtroom,7,a
4,"map, you made a",10.47877311706543,courtroom,7,a
8,"were looking at the map, you made a",7.955759048461914,courtroom,7,a
1,"side,",11.265108108520508,courtroom,5,"side,"
2,"other side,",9.0076322555542,courtroom,5,"side,"
4,"on the other side,",9.188170433044434,courtroom,5,"side,"
1,the,12.734390258789062,courtroom,3,the
2,on the,12.704998970031738,courtroom,3,the
4,tanks were on the,8.773819923400879,courtroom,3,the
1,were,11.316572189331055,courtroom,1,were
2,tanks were,10.307352066040039,courtroom,1,were
1,or,11.46521282196045,courtroom,7,or
2,'64 or,9.728940963745117,courtroom,7,or
4,and maybe '64 or,3.6900599002838135,courtroom,7,or
8,"have been '62, '63 and maybe '64 or",3.3769731521606445,courtroom,7,or
1,'63,9.539386749267578,courtroom,3,'63
2,"'62, '63",4.171627998352051,courtroom,3,'63
4,"have been '62, '63",2.6235451698303223,courtroom,3,'63
1,been,10.934855461120605,courtroom,1,been
2,have been,10.350520133972168,courtroom,1,been
1,come,10.260955810546875,courtroom,2,come
2,to come,5.665483474731445,courtroom,2,come
1,to,11.301959037780762,courtroom,1,to
2,going to,9.507628440856934,courtroom,1,to
1,you,10.660537719726562,courtroom,6,you
2,if you,6.188261985778809,courtroom,6,you
4,"around there, if you",6.204109191894531,courtroom,6,you
1,did,10.002723693847656,courtroom,2,did
2,or did,5.478621482849121,courtroom,2,did
1,or,11.46521282196045,courtroom,1,or
2,-- or,9.87863540649414,courtroom,1,or
1,up,10.697288513183594,courtroom,7,up
2,pull up,8.192344665527344,courtroom,7,up
4,tanker truck pull up,5.2133049964904785,courtroom,7,up
8,-- or did the tanker truck pull up,5.8860039710998535,courtroom,7,up
1,a,11.316549301147461,courtroom,5,a
2,of a,11.749037742614746,courtroom,5,a
4,a copy of a,10.834799766540527,courtroom,5,a
1,is,11.129858016967773,courtroom,1,is
2,This is,6.711753845214844,courtroom,1,is
1,of,12.024920463562012,courtroom,4,of
2,copy of,8.770500183105469,courtroom,4,of
4,is a copy of,7.580349445343018,courtroom,4,of
1,of,12.024920463562012,courtroom,1,of
2,One of,3.386672258377075,courtroom,1,of
1,final,11.652894020080566,courtroom,3,final
2,the final,10.152021408081055,courtroom,3,final
4,One of the final,9.855704307556152,courtroom,3,final
1,to,11.301959037780762,courtroom,7,to
2,drums to,10.631064414978027,courtroom,7,to
4,steps for drums to,8.237412452697754,courtroom,7,to
8,One of the final steps for drums to,6.749504089355469,courtroom,7,to
1,fair,11.342724800109863,courtroom,4,fair
2,be fair,5.722150802612305,courtroom,4,fair
4,it would be fair,1.5893903970718384,courtroom,4,fair
1,say,9.818024635314941,courtroom,6,say
2,to say,5.430280685424805,courtroom,6,say
4,be fair to say,3.5948715209960938,courtroom,6,say
1,be,11.872392654418945,courtroom,3,be
2,would be,9.17898941040039,courtroom,3,be
4,So it would be,7.52177095413208,courtroom,3,be
1,recollection,8.20818042755127,courtroom,5,recollection
2,your recollection,5.232285499572754,courtroom,5,recollection
4,that refreshes your recollection,3.8856987953186035,courtroom,5,recollection
1,if,11.083032608032227,courtroom,1,if
2,you if,2.860112190246582,courtroom,1,if
1,refreshes,8.631546020507812,courtroom,3,refreshes
2,that refreshes,6.280725955963135,courtroom,3,refreshes
4,you if that refreshes,4.033395290374756,courtroom,3,refreshes
1,it,10.897254943847656,courtroom,7,it
2,that it,5.432468891143799,courtroom,7,it
4,and after that it,5.239405155181885,courtroom,7,it
8,but it got murky and after that it,4.986774921417236,courtroom,7,it
1,and,11.574933052062988,courtroom,4,and
2,murky and,12.111814498901367,courtroom,4,and
4,it got murky and,9.707275390625,courtroom,4,and
1,got,11.186014175415039,courtroom,2,got
2,it got,8.30621337890625,courtroom,2,got
1,that,10.947566986083984,courtroom,1,that
2,"""Burner,"" that",8.42002010345459,courtroom,1,that
1,be,11.872392654418945,courtroom,3,be
2,would be,9.17898941040039,courtroom,3,be
4,"""Burner,"" that would be",7.786667346954346,courtroom,3,be
1,would,10.050649642944336,courtroom,2,would
2,that would,6.216805934906006,courtroom,2,would
1,of,12.024920463562012,courtroom,1,of
2,Most of,4.716998100280762,courtroom,1,of
1,the,12.734390258789062,courtroom,7,the
2,in the,11.499937057495117,courtroom,7,the
4,I was in the,9.489068984985352,courtroom,7,the
8,Most of the time I was in the,9.81454849243164,courtroom,7,the
1,the,12.734390258789062,courtroom,2,the
2,of the,12.293905258178711,courtroom,2,the
1,up,10.697288513183594,courtroom,7,up
2,pull up,8.192344665527344,courtroom,7,up
4,"was, would pull up",6.14031982421875,courtroom,7,up
8,"delivery truck, whatever it was, would pull up",4.673081874847412,courtroom,7,up
1,"was,",7.897464752197266,courtroom,4,"was,"
2,"it was,",7.109054088592529,courtroom,4,"was,"
4,"truck, whatever it was,",7.85250997543335,courtroom,4,"was,"
1,it,10.897254943847656,courtroom,3,it
2,whatever it,3.759934425354004,courtroom,3,it
4,"delivery truck, whatever it",2.8955371379852295,courtroom,3,it
1,good,10.838345527648926,courtroom,5,good
2,a good,9.664921760559082,courtroom,5,good
4,there for a good,7.035611152648926,courtroom,5,good
1,a,11.316549301147461,courtroom,4,a
2,for a,10.343778610229492,courtroom,4,a
4,was there for a,7.904666900634766,courtroom,4,a
1,months,9.397747993469238,courtroom,7,months
2,eight months,5.621975898742676,courtroom,7,months
4,a good eight months,5.767833709716797,courtroom,7,months
8,it was there for a good eight months,4.681641578674316,courtroom,7,months
1,in,11.458725929260254,courtroom,3,in
2,interest in,10.11674690246582,courtroom,3,in
4,have any interest in,9.633700370788574,courtroom,3,in
1,interest,10.074525833129883,courtroom,2,interest
2,any interest,6.2180070877075195,courtroom,2,interest
1,and,11.574933052062988,courtroom,6,and
2,matter and,11.866294860839844,courtroom,6,and
4,in said matter and,10.516374588012695,courtroom,6,and
1,the,12.734390258789062,courtroom,7,the
2,of the,12.293905258178711,courtroom,7,the
4,right side of the,10.815670013427734,courtroom,7,the
8,the inflow on the right side of the,10.317658424377441,courtroom,7,the
1,of,12.024920463562012,courtroom,6,of
2,side of,7.3907952308654785,courtroom,6,of
4,the right side of,3.604907989501953,courtroom,6,of
1,on,11.154274940490723,courtroom,2,on
2,inflow on,10.029766082763672,courtroom,2,on
1,salt,9.89249038696289,courtroom,4,salt
2,reserve salt,7.174619674682617,courtroom,4,salt
4,and the reserve salt,7.66328239440918,courtroom,4,salt
1,outside,10.25705623626709,courtroom,6,outside
2,made outside,5.263142108917236,courtroom,6,outside
4,reserve salt made outside,5.406553268432617,courtroom,6,outside
1,reserve,10.207207679748535,courtroom,3,reserve
2,the reserve,8.538496017456055,courtroom,3,reserve
4,press and the reserve,9.79421329498291,courtroom,3,reserve
1,one,10.6817045211792,courtroom,6,one
2,other one,7.486537456512451,courtroom,6,one
4,salt; the other one,6.405050277709961,courtroom,6,one
1,was,10.896289825439453,courtroom,7,was
2,one was,9.983491897583008,courtroom,7,was
4,the other one was,9.895158767700195,courtroom,7,was
8,One was reserve salt; the other one was,10.651189804077148,courtroom,7,was
1,reserve,10.207207679748535,courtroom,2,reserve
2,was reserve,8.457244873046875,courtroom,2,reserve
1,the,12.734390258789062,courtroom,3,the
2,"1, the",12.394813537597656,courtroom,3,the
4,"of Exhibit 1, the",12.24378776550293,courtroom,3,the
1,"17,",10.655344009399414,courtroom,7,"17,"
2,"December 17,",5.199358940124512,courtroom,7,"17,"
4,"deposition of December 17,",7.217287540435791,courtroom,7,"17,"
8,"of Exhibit 1, the deposition of December 17,",5.488743305206299,courtroom,7,"17,"
1,"1,",10.199150085449219,courtroom,2,"1,"
2,"Exhibit 1,",10.634058952331543,courtroom,2,"1,"
1,so,11.06381893157959,courtroom,3,so
2,map so,6.117201805114746,courtroom,3,so
4,turn this map so,5.550312519073486,courtroom,3,so
1,see,10.684712409973145,courtroom,7,see
2,can see,6.77379035949707,courtroom,7,see
4,Mr. Nadeau can see,5.797990322113037,courtroom,7,see
8,turn this map so Mr. Nadeau can see,6.1553568840026855,courtroom,7,see
1,can,10.825804710388184,courtroom,6,can
2,Nadeau can,6.976773262023926,courtroom,6,can
4,so Mr. Nadeau can,7.297577381134033,courtroom,6,can
1,had,11.16131591796875,courtroom,2,had
2,they had,8.330668449401855,courtroom,2,had
1,that,10.947566986083984,courtroom,7,that
2,outside that,9.78439998626709,courtroom,7,that
4,on the outside that,8.976417541503906,courtroom,7,that
8,because they had pipes on the outside that,6.715195178985596,courtroom,7,that
1,pipes,7.177602291107178,courtroom,3,pipes
2,had pipes,6.310563564300537,courtroom,3,pipes
4,because they had pipes,6.470306396484375,courtroom,3,pipes
1,controlled,11.020528793334961,courtroom,5,controlled
2,one controlled,9.723051071166992,courtroom,5,controlled
4,the other one controlled,3.695862293243408,courtroom,5,controlled
1,other,11.661579132080078,courtroom,3,other
2,the other,9.178586959838867,courtroom,3,other
4,part and the other,11.033319473266602,courtroom,3,other
1,one,10.6817045211792,courtroom,4,one
2,other one,7.486537456512451,courtroom,4,one
4,and the other one,7.3037614822387695,courtroom,4,one
1,that,10.947566986083984,courtroom,1,that
2,drums that,9.31564998626709,courtroom,1,that
1,were,11.316572189331055,courtroom,2,were
2,that were,10.17459774017334,courtroom,2,were
1,to,11.301959037780762,courtroom,4,to
2,prepared to,9.019325256347656,courtroom,4,to
4,that were prepared to,8.873950958251953,courtroom,4,to
1,Metro-Atlantic,10.112173080444336,courtroom,4,Metro-Atlantic
2,that Metro-Atlantic,9.93574333190918,courtroom,4,Metro-Atlantic
4,said is that Metro-Atlantic,8.427159309387207,courtroom,4,Metro-Atlantic
1,and,11.574933052062988,courtroom,5,and
2,Metro-Atlantic and,10.773555755615234,courtroom,5,and
4,is that Metro-Atlantic and,8.920072555541992,courtroom,5,and
1,is,11.129858016967773,courtroom,2,is
2,said is,8.178672790527344,courtroom,2,is
1,turtles,7.106278419494629,courtroom,6,turtles
2,and turtles,6.415487289428711,courtroom,6,turtles
4,the fish and turtles,7.41151762008667,courtroom,6,turtles
1,see,10.684712409973145,courtroom,2,see
2,could see,7.760810852050781,courtroom,2,see
1,and,11.574933052062988,courtroom,5,and
2,fish and,11.806356430053711,courtroom,5,and
4,see the fish and,9.112476348876953,courtroom,5,and
1,area,10.593823432922363,courtroom,1,area
2,processing area,6.039733409881592,courtroom,1,area
1,guessing,7.04457950592041,courtroom,5,guessing
2,I'm guessing,5.675169467926025,courtroom,5,guessing
4,"No. 2, I'm guessing",5.021722793579102,courtroom,5,guessing
1,"2,",10.700950622558594,courtroom,3,"2,"
2,"No. 2,",11.120634078979492,courtroom,3,"2,"
4,"processing area No. 2,",11.2080717086792,courtroom,3,"2,"
1,the,12.734390258789062,courtroom,3,the
2,that the,12.474541664123535,courtroom,3,the
4,particular color that the,11.675865173339844,courtroom,3,the
1,the,12.734390258789062,courtroom,6,the
2,that the,12.474541664123535,courtroom,6,the
4,the -- that the,11.96423053741455,courtroom,6,the
1,color,11.309632301330566,courtroom,1,color
2,particular color,7.659293174743652,courtroom,1,color
1,like,11.612746238708496,courtroom,3,like
2,I'd like,1.216470718383789,courtroom,3,like
4,"Mr. Nadeau, I'd like",1.034163236618042,courtroom,3,like
1,I'd,5.353448390960693,courtroom,2,I'd
2,"Nadeau, I'd",6.308407783508301,courtroom,2,I'd
1,to,11.301959037780762,courtroom,7,to
2,you to,9.09115982055664,courtroom,7,to
4,to ask you to,8.593218803405762,courtroom,7,to
8,"Mr. Nadeau, I'd like to ask you to",7.75637149810791,courtroom,7,to
1,could,10.399933815002441,courtroom,3,could
2,trucks could,6.880126953125,courtroom,3,could
4,the tanker trucks could,6.573548793792725,courtroom,3,could
1,trucks,6.572322845458984,courtroom,2,trucks
2,tanker trucks,6.173374652862549,courtroom,2,trucks
1,and,11.574933052062988,courtroom,6,and
2,onto and,11.821282386779785,courtroom,6,and
4,could lock onto and,10.029790878295898,courtroom,6,and
1,was,10.896289825439453,courtroom,2,was
2,salt was,9.900403022766113,courtroom,2,was
1,"dried,",10.191258430480957,courtroom,3,"dried,"
2,"was dried,",8.74962043762207,courtroom,3,"dried,"
4,"reserve salt was dried,",8.263006210327148,courtroom,3,"dried,"
1,was,10.896289825439453,courtroom,5,was
2,I was,8.877824783325195,courtroom,5,was
4,"was dried, I was",9.435375213623047,courtroom,5,was
1,of,12.024920463562012,courtroom,2,of
2,kind of,11.920049667358398,courtroom,2,of
1,mind's,12.472626686096191,courtroom,7,mind's
2,your mind's,7.208608150482178,courtroom,7,mind's
4,that into your mind's,0.7711981534957886,courtroom,7,mind's
8,you kind of get that into your mind's,0.3985210359096527,courtroom,7,mind's
1,your,12.634740829467773,courtroom,6,your
2,into your,11.043778419494629,courtroom,6,your
4,get that into your,10.621479034423828,courtroom,6,your
1,killed,10.51333999633789,twitch,7,killed
2,it killed,8.02097225189209,twitch,7,killed
4,stream when it killed,7.74838399887085,twitch,7,killed
8,It was watching the stream when it killed,6.077293872833252,twitch,7,killed
1,when,10.965540885925293,twitch,5,when
2,stream when,8.432808876037598,twitch,5,when
4,watching the stream when,6.1129865646362305,twitch,5,when
1,it,10.897254943847656,twitch,6,it
2,when it,5.643795490264893,twitch,6,it
4,the stream when it,6.920255661010742,twitch,6,it
1,stake,9.15880012512207,twitch,6,stake
2,big stake,4.325572967529297,twitch,6,stake
4,have a big stake,1.6146330833435059,twitch,6,stake
1,have,10.692431449890137,twitch,3,have
2,to have,8.26603889465332,twitch,3,have
4,He's going to have,3.9188404083251953,twitch,3,have
1,to,11.301959037780762,twitch,2,to
2,going to,9.507628440856934,twitch,2,to
1,wait,10.69627571105957,twitch,3,wait
2,way wait,6.180023670196533,twitch,3,wait
4,yeah this way wait,5.503658294677734,twitch,3,wait
1,this,10.959673881530762,twitch,1,this
2,yeah this,6.671870708465576,twitch,1,this
1,way,10.513489723205566,twitch,2,way
2,this way,5.846922397613525,twitch,2,way
1,gotta,9.61825942993164,twitch,4,gotta
2,you gotta,7.036972522735596,twitch,4,gotta
4,"wait, wait, you gotta",7.034765720367432,twitch,4,gotta
1,"wait,",10.122462272644043,twitch,2,"wait,"
2,"wait, wait,",1.7779994010925293,twitch,2,"wait,"
1,organs,8.593427658081055,twitch,7,organs
2,the organs,5.156408786773682,twitch,7,organs
4,gotta get the organs,6.42524528503418,twitch,7,organs
8,"Wait, wait, wait, you gotta get the organs",5.982703685760498,twitch,7,organs
1,when,10.965540885925293,twitch,1,when
2,"Guys, when",6.576996326446533,twitch,1,when
1,I,11.117331504821777,twitch,2,I
2,when I,7.644721508026123,twitch,2,I
1,I,11.117331504821777,twitch,7,I
2,do I,7.058943271636963,twitch,7,I
4,"to pee, do I",6.126774787902832,twitch,7,I
8,"Guys, when I have to pee, do I",6.530073642730713,twitch,7,I
1,to,11.301959037780762,twitch,4,to
2,go to,10.341914176940918,twitch,4,to
4,do you go to,8.495318412780762,twitch,4,to
1,you,10.660537719726562,twitch,2,you
2,do you,5.67453145980835,twitch,2,you
1,floor,10.450469970703125,twitch,6,floor
2,the floor,5.81513786315918,twitch,6,floor
4,go to the floor,5.555727005004883,twitch,6,floor
1,You're,8.159443855285645,twitch,2,You're
2,good. You're,7.951077938079834,twitch,2,You're
1,good.,8.31037712097168,twitch,1,good.
2,You're good.,6.632144927978516,twitch,1,good.
1,go.,8.321144104003906,twitch,5,go.
2,Let's go.,6.132991790771484,twitch,5,go.
4,You're good. Let's go.,6.91160249710083,twitch,5,go.
1,him,11.09859561920166,twitch,1,him
2,Skin him,7.211356163024902,twitch,1,him
1,gotta,9.61825942993164,twitch,4,gotta
2,I gotta,6.314777374267578,twitch,4,gotta
4,"him yeah, I gotta",6.469087600708008,twitch,4,gotta
1,"yeah,",7.744340896606445,twitch,2,"yeah,"
2,"him yeah,",7.44266939163208,twitch,2,"yeah,"
1,the,12.734390258789062,twitch,1,the
2,Oh the,12.17732048034668,twitch,1,the
1,fight,10.315569877624512,twitch,3,fight
2,stagels fight,7.585500717163086,twitch,3,fight
4,Oh the stagels fight,7.173134803771973,twitch,3,fight
1,the,12.734390258789062,twitch,4,the
2,fight the,12.345207214355469,twitch,4,the
4,the stagels fight the,11.541147232055664,twitch,4,the
1,there's,5.328185558319092,twitch,1,there's
2,"Yeah, there's",5.516448497772217,twitch,1,there's
1,"big,",10.828237533569336,twitch,4,"big,"
2,"big, big,",1.806620478630066,twitch,4,"big,"
4,"there's a big, big,",2.154900312423706,twitch,4,"big,"
1,big,12.034542083740234,twitch,5,big
2,"big, big",8.922284126281738,twitch,5,big
4,"a big, big, big",9.077468872070312,twitch,5,big
1,know,10.400792121887207,twitch,3,know
2,to know,6.143891334533691,twitch,3,know
4,I'd love to know,4.003504753112793,twitch,3,know
1,place,10.633182525634766,twitch,6,place
2,this place,6.756068706512451,twitch,6,place
4,know where this place,3.5133957862854004,twitch,6,place
1,where,11.376585006713867,twitch,4,where
2,know where,5.939553260803223,twitch,4,where
4,love to know where,6.248929977416992,twitch,4,where
1,the,12.734390258789062,twitch,4,the
2,on the,12.704998970031738,twitch,4,the
4,rocker like on the,11.356583595275879,twitch,4,the
1,sand,11.341263771057129,twitch,5,sand
2,the sand,8.559514045715332,twitch,5,sand
4,like on the sand,6.861658573150635,twitch,5,sand
1,on,11.154274940490723,twitch,3,on
2,like on,8.743189811706543,twitch,3,on
4,the rocker like on,7.644423961639404,twitch,3,on
1,mountain,10.173561096191406,twitch,7,mountain
2,the mountain,7.469013690948486,twitch,7,mountain
4,He's against the mountain,6.924610614776611,twitch,7,mountain
8,You can't see him. He's against the mountain,4.859247207641602,twitch,7,mountain
1,see,10.684712409973145,twitch,2,see
2,can't see,6.510914325714111,twitch,2,see
1,against,11.393451690673828,twitch,5,against
2,He's against,8.66063117980957,twitch,5,against
4,see him. He's against,9.109322547912598,twitch,5,against
1,with,11.736027717590332,twitch,7,with
2,Wednesday with,10.384804725646973,twitch,7,with
4,on a Wednesday with,8.907608985900879,twitch,7,with
8,let me go talk on a Wednesday with,7.4866228103637695,twitch,7,with
1,on,11.154274940490723,twitch,4,on
2,talk on,8.402419090270996,twitch,4,on
4,me go talk on,8.402352333068848,twitch,4,on
1,talk,9.441736221313477,twitch,3,talk
2,go talk,5.267725467681885,twitch,3,talk
4,let me go talk,1.598325490951538,twitch,3,talk
1,"just,",9.289301872253418,twitch,1,"just,"
2,"Let's just,",7.888210773468018,twitch,1,"just,"
1,"let's,",9.86579704284668,twitch,7,"let's,"
2,"be, let's,",8.653024673461914,twitch,7,"let's,"
4,"we gotta be, let's,",7.007447242736816,twitch,7,"let's,"
8,"Let's just, oh yeah, we gotta be, let's,",5.80197811126709,twitch,7,"let's,"
1,oh,10.938493728637695,twitch,2,oh
2,"just, oh",5.677495956420898,twitch,2,oh
1,road,11.003538131713867,twitch,4,road
2,this road,7.941262245178223,twitch,4,road
4,go down this road,5.3583984375,twitch,4,road
1,this,10.959673881530762,twitch,3,this
2,down this,9.812251091003418,twitch,3,this
4,We'll go down this,5.817047119140625,twitch,3,this
1,down,10.773820877075195,twitch,2,down
2,go down,6.2055277824401855,twitch,2,down
1,to,11.301959037780762,twitch,2,to
2,need to,8.330086708068848,twitch,2,to
1,I,11.117331504821777,twitch,6,I
2,"Yeah, I",5.890807151794434,twitch,6,I
4,"go peanut. Yeah, I",5.979726791381836,twitch,6,I
1,got,11.186014175415039,twitch,7,got
2,I got,7.47769021987915,twitch,7,got
4,"peanut. Yeah, I got",7.094905853271484,twitch,7,got
8,"We need to go peanut. Yeah, I got",6.8067946434021,twitch,7,got
1,this,10.959673881530762,twitch,6,this
2,down this,9.812251091003418,twitch,6,this
4,we lay down this,9.798263549804688,twitch,6,this
1,I,11.117331504821777,twitch,1,I
2,And I,6.398507595062256,twitch,1,I
1,we,11.5739107131958,twitch,3,we
2,see we,6.780088424682617,twitch,3,we
4,And I see we,4.602007865905762,twitch,3,we
1,right,10.864727020263672,twitch,7,right
2,guy right,4.9598469734191895,twitch,7,right
4,a little guy right,3.9584290981292725,twitch,7,right
8,There's a little- there's a little guy right,3.4505271911621094,twitch,7,right
1,guy,10.258659362792969,twitch,6,guy
2,little guy,5.710942268371582,twitch,6,guy
4,there's a little guy,5.8802056312561035,twitch,6,guy
1,there's,5.328185558319092,twitch,3,there's
2,little- there's,5.74459171295166,twitch,3,there's
4,There's a little- there's,4.238402843475342,twitch,3,there's
1,this,10.959673881530762,twitch,4,this
2,is this,9.967951774597168,twitch,4,this
4,matter this is this,8.531606674194336,twitch,4,this
1,this,10.959673881530762,twitch,2,this
2,matter this,8.92518138885498,twitch,2,this
1,is,11.129858016967773,twitch,5,is
2,this is,7.515775203704834,twitch,5,is
4,this is this is,7.421198844909668,twitch,5,is
1,There,9.425668716430664,twitch,3,There
2,food? There,3.0738236904144287,twitch,3,There
4,Where's this food? There,2.77388596534729,twitch,3,There
1,is!,8.601835250854492,twitch,5,is!
2,he is!,7.730040550231934,twitch,5,is!
4,food? There he is!,7.83914852142334,twitch,5,is!
1,There,9.425668716430664,twitch,6,There
2,is! There,3.7584068775177,twitch,6,There
4,There he is! There,2.9311227798461914,twitch,6,There
1,which,10.866917610168457,twitch,2,which
2,casino which,6.839569568634033,twitch,2,which
1,been,10.934855461120605,twitch,4,been
2,I've been,8.06264877319336,twitch,4,been
4,casino which I've been,7.817326545715332,twitch,4,been
1,on.,8.168004035949707,twitch,5,on.
2,been on.,7.083489894866943,twitch,5,on.
4,which I've been on.,7.21549654006958,twitch,5,on.
1,my,12.444364547729492,twitch,5,my
2,on my,10.981941223144531,twitch,5,my
4,pack symbol on my,9.784292221069336,twitch,5,my
1,symbol,8.163455963134766,twitch,3,symbol
2,pack symbol,6.953036308288574,twitch,3,symbol
4,see a pack symbol,6.388252258300781,twitch,3,symbol
1,pack,11.154749870300293,twitch,2,pack
2,a pack,6.037746906280518,twitch,2,pack
1,dead,11.196372032165527,twitch,7,dead
2,he dead,6.317816257476807,twitch,7,dead
4,"Oh, is he dead",2.935866594314575,twitch,7,dead
8,"Maybe he's not here. Oh, is he dead",2.6950206756591797,twitch,7,dead
1,he's,10.79698371887207,twitch,1,he's
2,Maybe he's,8.326299667358398,twitch,1,he's
1,he,11.501636505126953,twitch,6,he
2,is he,9.972282409667969,twitch,6,he
4,"here. Oh, is he",8.789406776428223,twitch,6,he
1,it's,9.313949584960938,twitch,2,it's
2,"buddy, it's",8.035232543945312,twitch,2,it's
1,one,10.6817045211792,twitch,3,one
2,it's one,3.54560923576355,twitch,3,one
4,"Okay, buddy, it's one",4.047114372253418,twitch,3,one
1,chicken.,5.65439510345459,twitch,4,chicken.
2,one chicken.,7.522959232330322,twitch,4,chicken.
4,"buddy, it's one chicken.",6.814065456390381,twitch,4,chicken.
1,be,11.872392654418945,twitch,1,be
2,To be,6.929900646209717,twitch,1,be
1,"fair,",11.025391578674316,twitch,2,"fair,"
2,"be fair,",8.118364334106445,twitch,2,"fair,"
1,stealing,9.284387588500977,twitch,5,stealing
2,are stealing,7.838736057281494,twitch,5,stealing
4,"fair, we are stealing",6.148343086242676,twitch,5,stealing
1,go,10.900910377502441,twitch,5,go
2,should go,6.7343034744262695,twitch,5,go
4,that? You should go,6.698051452636719,twitch,5,go
1,on,11.154274940490723,twitch,6,on
2,go on,9.22242546081543,twitch,6,on
4,You should go on,7.4532694816589355,twitch,6,on
1,should,10.274287223815918,twitch,4,should
2,You should,6.964150905609131,twitch,4,should
4,was that? You should,6.09295129776001,twitch,4,should
1,you,10.660537719726562,twitch,1,you
2,Don't you,5.216153621673584,twitch,1,you
1,of,12.024920463562012,twitch,6,of
2,care of,9.973454475402832,twitch,6,of
4,we'll take care of,4.51836633682251,twitch,6,of
1,"you,",9.85675048828125,twitch,7,"you,"
2,"of you,",8.914774894714355,twitch,7,"you,"
4,"take care of you,",8.600196838378906,twitch,7,"you,"
8,"Don't you worry, we'll take care of you,",9.388139724731445,twitch,7,"you,"
1,don't,7.345463752746582,twitch,1,don't
2,I don't,4.23712158203125,twitch,1,don't
1,what,10.599081993103027,twitch,3,what
2,care what,6.582311153411865,twitch,3,what
4,I don't care what,6.824159622192383,twitch,3,what
1,care,10.959562301635742,twitch,2,care
2,don't care,4.625856399536133,twitch,2,care
1,a,11.316549301147461,twitch,7,a
2,with a,11.642330169677734,twitch,7,a
4,take turns with a,11.659685134887695,twitch,7,a
8,"Wait, can we all take turns with a",10.650708198547363,twitch,7,a
1,we,11.5739107131958,twitch,2,we
2,can we,7.681988716125488,twitch,2,we
1,can,10.825804710388184,twitch,1,can
2,"Wait, can",3.4419162273406982,twitch,1,can
1,out,10.346115112304688,twitch,5,out
2,it out,6.085093021392822,twitch,5,out
4,was bought it out,3.9495468139648438,twitch,5,out
1,she,11.092260360717773,twitch,1,she
2,"Hey, she",5.677433013916016,twitch,1,she
1,bought,8.593082427978516,twitch,3,bought
2,was bought,4.474122524261475,twitch,3,bought
4,"Hey, she was bought",5.717393398284912,twitch,3,bought
1,there's,5.328185558319092,twitch,3,there's
2,"white, there's",5.318572044372559,twitch,3,there's
4,"There's a white, there's",1.8809809684753418,twitch,3,there's
1,there's,5.328185558319092,twitch,6,there's
2,"white, there's",5.318572044372559,twitch,6,there's
4,"there's a white, there's",1.8050569295883179,twitch,6,there's
1,a,11.316549301147461,twitch,1,a
2,There's a,8.183293342590332,twitch,1,a
1,of,12.024920463562012,twitch,6,of
2,one of,5.783963203430176,twitch,6,of
4,just kill one of,3.733353853225708,twitch,6,of
1,just,11.214090347290039,twitch,3,just
2,we just,7.768327713012695,twitch,3,just
4,"Wait, should we just",8.027762413024902,twitch,3,just
1,kill,10.769107818603516,twitch,4,kill
2,just kill,6.97028923034668,twitch,4,kill
4,should we just kill,6.230334758758545,twitch,4,kill
1,right,10.864727020263672,twitch,7,right
2,two right,7.621137619018555,twitch,7,right
4,pinned these two right,6.0680036544799805,twitch,7,right
8,"Rock, I should be pinned these two right",4.2743916511535645,twitch,7,right
1,pinned,9.322067260742188,twitch,4,pinned
2,be pinned,7.753297805786133,twitch,4,pinned
4,I should be pinned,5.032217025756836,twitch,4,pinned
1,be,11.872392654418945,twitch,3,be
2,should be,9.865177154541016,twitch,3,be
4,"Rock, I should be",7.585495948791504,twitch,3,be
1,to,11.301959037780762,twitch,5,to
2,ability to,10.39633560180664,twitch,5,to
4,"god, the ability to",9.296265602111816,twitch,5,to
1,kill,10.769107818603516,twitch,6,kill
2,to kill,7.459692478179932,twitch,6,kill
4,the ability to kill,8.374601364135742,twitch,6,kill
1,ability,9.480632781982422,twitch,4,ability
2,the ability,1.360819697380066,twitch,4,ability
4,"my god, the ability",1.809054970741272,twitch,4,ability
1,I,11.117331504821777,twitch,6,I
2,have I,6.887374401092529,twitch,6,I
4,I don't have I,8.52656364440918,twitch,6,I
1,not,10.92558479309082,twitch,2,not
2,or not,10.322368621826172,twitch,2,not
1,or,11.46521282196045,twitch,1,or
2,edible or,10.762201309204102,twitch,1,or
1,to,11.301959037780762,twitch,1,to
2,Have to,7.951542854309082,twitch,1,to
1,think,9.863617897033691,twitch,4,think
2,I think,5.887979984283447,twitch,4,think
4,to restart. I think,5.65420389175415,twitch,4,think
1,can,10.825804710388184,twitch,6,can
2,I can,5.415952682495117,twitch,6,can
4,I think I can,7.786790370941162,twitch,6,can
1,the,12.734390258789062,twitch,7,the
2,out the,12.475030899047852,twitch,7,the
4,Just testing out the,10.803595542907715,twitch,7,the
8,"Oh, shit. Oh, shit. Just testing out the",11.17412281036377,twitch,7,the
1,shit.,8.008996963500977,twitch,1,shit.
2,"Oh, shit.",6.777142524719238,twitch,1,shit.
1,shit.,8.008996963500977,twitch,3,shit.
2,"Oh, shit.",6.777142524719238,twitch,3,shit.
4,"Oh, shit. Oh, shit.",5.8439202308654785,twitch,3,shit.
1,don't,7.345463752746582,twitch,2,don't
2,we don't,5.751813888549805,twitch,2,don't
1,we,11.5739107131958,twitch,1,we
2,Yeah we,5.912321090698242,twitch,1,we
1,know,10.400792121887207,twitch,3,know
2,don't know,5.081944465637207,twitch,3,know
4,Yeah we don't know,4.92470121383667,twitch,3,know
1,some,11.931933403015137,twitch,7,some
2,need some,10.309724807739258,twitch,7,some
4,water. We need some,10.22127628326416,twitch,7,some
8,"Yeah, we need some water. We need some",8.158478736877441,twitch,7,some
1,need,10.85104751586914,twitch,2,need
2,we need,4.308902740478516,twitch,2,need
1,we,11.5739107131958,twitch,1,we
2,"Yeah, we",5.6652936935424805,twitch,1,we
1,to,11.301959037780762,twitch,6,to
2,take to,10.152823448181152,twitch,6,to
4,does it take to,8.47754192352295,twitch,6,to
1,many,11.224255561828613,twitch,1,many
2,How many,10.075263977050781,twitch,1,many
1,pin,11.509469985961914,twitch,7,pin
2,to pin,7.632051944732666,twitch,7,pin
4,it take to pin,8.00247859954834,twitch,7,pin
8,How many sets does it take to pin,5.653329372406006,twitch,7,pin
1,and,11.574933052062988,twitch,7,and
2,air and,12.396248817443848,twitch,7,and
4,find the air and,9.5813627243042,twitch,7,and
8,Did I have to find the air and,8.84206771850586,twitch,7,and
1,I,11.117331504821777,twitch,1,I
2,Did I,7.380054950714111,twitch,1,I
1,air,11.491446495056152,twitch,6,air
2,the air,7.933566570281982,twitch,6,air
4,to find the air,8.894010543823242,twitch,6,air
1,us,11.194427490234375,twitch,1,us
2,other us,8.102789878845215,twitch,1,us
1,had,11.16131591796875,twitch,7,had
2,never had,5.7141008377075195,twitch,7,had
4,god I've never had,5.93220329284668,twitch,7,had
8,other us oh my god I've never had,5.735243797302246,twitch,7,had
1,my,12.444364547729492,twitch,3,my
2,oh my,9.950507164001465,twitch,3,my
4,other us oh my,5.553893089294434,twitch,3,my
1,"move,",11.253218650817871,twitch,2,"move,"
2,"can't move,",7.951696872711182,twitch,2,"move,"
1,no,11.925097465515137,twitch,7,no
2,there's no,8.839916229248047,twitch,7,no
4,"just can't, there's no",8.416291236877441,twitch,7,no
8,"I can't move, I just can't, there's no",6.274277687072754,twitch,7,no
1,there's,5.328185558319092,twitch,6,there's
2,"can't, there's",5.261075496673584,twitch,6,there's
4,"I just can't, there's",4.74932336807251,twitch,6,there's
1,"it,",11.110934257507324,twitch,5,"it,"
2,"on it,",8.710723876953125,twitch,5,"it,"
4,"it, hop on it,",8.48256778717041,twitch,5,"it,"
1,"it,",11.110934257507324,twitch,2,"it,"
2,"on it,",8.710723876953125,twitch,2,"it,"
1,on,11.154274940490723,twitch,7,on
2,hop on,8.870511054992676,twitch,7,on
4,"on it, hop on",5.022076606750488,twitch,7,on
8,"Hop on it, hop on it, hop on",0.44880375266075134,twitch,7,on
1,you?,7.833011627197266,twitch,3,you?
2,behind you?,7.506096839904785,twitch,3,you?
4,Are you behind you?,6.950824737548828,twitch,3,you?
1,on,11.154274940490723,twitch,6,on
2,was on,6.739248275756836,twitch,6,on
4,you? He was on,6.5780792236328125,twitch,6,on
1,behind,11.124430656433105,twitch,2,behind
2,you behind,5.998737812042236,twitch,2,behind
1,Over,10.934874534606934,twitch,5,Over
2,B. Over,7.608190536499023,twitch,5,Over
4,"B, B, B. Over",7.819740295410156,twitch,5,Over
1,over,11.29223346710205,twitch,7,over
2,"here, over",8.501663208007812,twitch,7,over
4,"B. Over here, over",2.2629554271698,twitch,7,over
8,"B, B, B, B, B. Over here, over",1.7662725448608398,twitch,7,over
1,B.,10.236065864562988,twitch,4,B.
2,"B, B.",8.623377799987793,twitch,4,B.
4,"B, B, B, B.",9.805355072021484,twitch,4,B.
1,that's,6.693538665771484,twitch,7,that's
2,so that's,6.773218154907227,twitch,7,that's
4,"eyeballs now, so that's",6.88540506362915,twitch,7,that's
8,"OK, we're in the eyeballs now, so that's",6.645273208618164,twitch,7,that's
1,"now,",10.380014419555664,twitch,5,"now,"
2,"eyeballs now,",8.418556213378906,twitch,5,"now,"
4,"in the eyeballs now,",7.854677200317383,twitch,5,"now,"
1,in,11.458725929260254,twitch,2,in
2,we're in,7.123323917388916,twitch,2,in
1,little,11.699698448181152,twitch,2,little
2,the little,10.098429679870605,twitch,2,little
1,thing,10.63368034362793,twitch,3,thing
2,little thing,5.820279121398926,twitch,3,thing
4,Do the little thing,8.272700309753418,twitch,3,thing
1,"teeth,",10.478058815002441,twitch,6,"teeth,"
2,"your teeth,",8.858369827270508,twitch,6,"teeth,"
4,"thing with your teeth,",8.44540023803711,twitch,6,"teeth,"
1,"on,",10.979357719421387,twitch,6,"on,"
2,"come on,",8.566449165344238,twitch,6,"on,"
4,"come on, come on,",3.8900904655456543,twitch,6,"on,"
1,come,10.260955810546875,twitch,1,come
2,"Alright, come",3.769721031188965,twitch,1,come
1,"on,",10.979357719421387,twitch,2,"on,"
2,"come on,",8.566449165344238,twitch,2,"on,"
1,people,9.81640911102295,twitch,2,people
2,need people,6.340344429016113,twitch,2,people
1,you,10.660537719726562,twitch,7,you
2,are you,8.426103591918945,twitch,7,you
4,back. How are you,5.775938034057617,twitch,7,you
8,I need people coming back. How are you,4.059463977813721,twitch,7,you
1,are,11.507725715637207,twitch,6,are
2,How are,5.81211519241333,twitch,6,are
4,coming back. How are,3.7949235439300537,twitch,6,are
1,just,11.214090347290039,twitch,2,just
2,might just,7.168705463409424,twitch,2,just
1,just,11.214090347290039,twitch,6,just
2,neck just,8.511978149414062,twitch,6,just
4,snap his neck just,5.517504692077637,twitch,6,just
1,might,10.476730346679688,twitch,1,might
2,I might,6.182271957397461,twitch,1,might
1,how,10.923521041870117,twitch,3,how
2,that's how,6.409252166748047,twitch,3,how
4,I-I think that's how,6.150353908538818,twitch,3,how
1,think,9.863617897033691,twitch,1,think
2,I-I think,6.135976314544678,twitch,1,think
1,many,11.224255561828613,twitch,4,many
2,how many,10.095606803894043,twitch,4,many
4,think that's how many,9.066122055053711,twitch,4,many
1,to,11.301959037780762,twitch,2,to
2,got to,8.610681533813477,twitch,2,to
1,got,11.186014175415039,twitch,1,got
2,We got,6.964138507843018,twitch,1,got
1,got,11.186014175415039,twitch,5,got
2,we got,7.2924604415893555,twitch,5,got
4,"to eat, we got",8.20188045501709,twitch,5,got
1,good,10.838345527648926,twitch,6,good
2,we're good,5.468100070953369,twitch,6,good
4,break. Then we're good,3.6525421142578125,twitch,6,good
1,we're,7.409038543701172,twitch,5,we're
2,Then we're,7.231398105621338,twitch,5,we're
4,be break. Then we're,7.013347148895264,twitch,5,we're
1,to,11.301959037780762,twitch,7,to
2,good to,6.052720546722412,twitch,7,to
4,Then we're good to,0.39617371559143066,twitch,7,to
8,"Yeah, we'll be break. Then we're good to",0.16692262887954712,twitch,7,to
1,any,11.360147476196289,twitch,5,any
2,or any,8.900201797485352,twitch,5,any
4,Z lead or any,6.295339107513428,twitch,5,any
1,lead,10.9238920211792,twitch,3,lead
2,Z lead,8.84412956237793,twitch,3,lead
4,We got Z lead,8.412635803222656,twitch,3,lead
1,got,11.186014175415039,twitch,1,got
2,We got,6.964138507843018,twitch,1,got
1,turtle,8.725728988647461,twitch,4,turtle
2,the turtle,7.963575839996338,twitch,4,turtle
4,got you the turtle,8.663208961486816,twitch,4,turtle
1,it,10.897254943847656,twitch,6,it
2,catch it,6.423785209655762,twitch,6,it
4,the turtle catch it,6.342443466186523,twitch,6,it
1,you,10.660537719726562,twitch,2,you
2,got you,8.48663330078125,twitch,2,you
1,us,11.194427490234375,twitch,5,us
2,to us,6.594420433044434,twitch,5,us
4,it back to us,5.7219977378845215,twitch,5,us
1,back,10.862462043762207,twitch,3,back
2,it back,6.181331157684326,twitch,3,back
4,he telephoned it back,4.344547271728516,twitch,3,back
1,telephoned,8.171270370483398,twitch,1,telephoned
2,he telephoned,7.938541412353516,twitch,1,telephoned
1,"wait,",10.122462272644043,twitch,4,"wait,"
2,"wait, wait,",1.7779994010925293,twitch,4,"wait,"
4,"wait, wait, wait, wait,",1.300235629081726,twitch,4,"wait,"
1,I'm,7.25425910949707,twitch,5,I'm
2,"wait, I'm",7.40838623046875,twitch,5,I'm
4,"wait, wait, wait, I'm",7.085177421569824,twitch,5,I'm
1,"wait,",10.122462272644043,twitch,2,"wait,"
2,"wait, wait,",1.7779994010925293,twitch,2,"wait,"
1,that?,9.205883979797363,twitch,5,that?
2,hear that?,7.4062323570251465,twitch,5,that?
4,"know, you hear that?",7.564943313598633,twitch,5,that?
1,you,10.660537719726562,twitch,1,you
2,"Oh, you",6.250689506530762,twitch,1,you
1,you,10.660537719726562,twitch,3,you
2,"know, you",6.182026386260986,twitch,3,you
4,"Oh, you know, you",5.916713237762451,twitch,3,you
1,my,12.444364547729492,twitch,1,my
2,"Yeah, my",9.273898124694824,twitch,1,my
1,It,9.794121742248535,twitch,6,It
2,queen. It,5.429195880889893,twitch,6,It
4,fucking the queen. It,4.719594955444336,twitch,6,It
1,is,11.129858016967773,twitch,7,is
2,It is,7.893787860870361,twitch,7,is
4,the queen. It is,8.294078826904297,twitch,7,is
8,"Yeah, my shit's fucking the queen. It is",6.340507984161377,twitch,7,is
1,not,10.92558479309082,twitch,1,not
2,That's not,6.66375732421875,twitch,1,not
1,shit,10.392616271972656,twitch,7,shit
2,um shit,6.801898956298828,twitch,7,shit
4,damn it um shit,7.914044380187988,twitch,7,shit
8,That's not working either damn it um shit,5.273796558380127,twitch,7,shit
1,it,10.897254943847656,twitch,5,it
2,damn it,6.594972133636475,twitch,5,it
4,working either damn it,4.304795742034912,twitch,5,it
1,to,11.301959037780762,twitch,2,to
2,close to,8.584565162658691,twitch,2,to
1,rock,11.153223991394043,twitch,5,rock
2,big rock,8.20543098449707,twitch,5,rock
4,to this big rock,7.121757507324219,twitch,5,rock
1,this,10.959673881530762,twitch,3,this
2,to this,9.669021606445312,twitch,3,this
4,He's close to this,8.611614227294922,twitch,3,this
1,I'm,7.25425910949707,twitch,1,I'm
2,"Well, I'm",6.479818344116211,twitch,1,I'm
1,gonna,9.22776985168457,twitch,2,gonna
2,I'm gonna,7.192975044250488,twitch,2,gonna
1,farm,10.77731704711914,twitch,5,farm
2,a farm,6.511645793914795,twitch,5,farm
4,gonna want a farm,7.278804779052734,twitch,5,farm
1,like,11.612746238708496,twitch,5,like
2,directly like,9.078343391418457,twitch,5,like
4,you guys directly like,7.159117698669434,twitch,5,like
1,guys,9.345287322998047,twitch,3,guys
2,you guys,7.338253498077393,twitch,3,guys
4,"Wait, are you guys",7.630270004272461,twitch,3,guys
1,are,11.507725715637207,twitch,1,are
2,"Wait, are",2.4359426498413086,twitch,1,are
1,on,11.154274940490723,twitch,1,on
2,I'm on,7.028753757476807,twitch,1,on
1,"boys,",10.555705070495605,twitch,4,"boys,"
2,"way boys,",9.581104278564453,twitch,4,"boys,"
4,"on the way boys,",7.478952407836914,twitch,4,"boys,"
1,I,11.117331504821777,twitch,5,I
2,"boys, I",7.16996431350708,twitch,5,I
4,"the way boys, I",6.34945011138916,twitch,5,I
1,job,10.593584060668945,twitch,4,job
2,a job,7.009997844696045,twitch,4,job
4,I buy a job,5.919064044952393,twitch,4,job
1,of,12.024920463562012,twitch,6,of
2,out of,10.487857818603516,twitch,6,of
4,a job out of,8.190933227539062,twitch,6,of
1,out,10.346115112304688,twitch,5,out
2,job out,4.247142314910889,twitch,5,out
4,buy a job out,1.2468913793563843,twitch,5,out
1,for,11.576336860656738,twitch,1,for
2,"Also, for",7.578274250030518,twitch,1,for
1,this,10.959673881530762,twitch,4,this
2,"purposes, this",9.54438304901123,twitch,4,this
4,"for legal purposes, this",9.57884693145752,twitch,4,this
1,all,11.139111518859863,twitch,6,all
2,is all,9.316570281982422,twitch,6,all
4,"purposes, this is all",8.4374418258667,twitch,6,all
1,at?,8.555536270141602,twitch,5,at?
2,guys at?,8.492613792419434,twitch,5,at?
4,are you guys at?,6.568160057067871,twitch,5,at?
1,are,11.507725715637207,twitch,2,are
2,percentage are,10.415855407714844,twitch,2,are
1,I'm,7.25425910949707,twitch,6,I'm
2,at? I'm,7.276849746704102,twitch,6,I'm
4,you guys at? I'm,7.292863368988037,twitch,6,I'm
1,a,11.316549301147461,twitch,4,a
2,is a,11.68295669555664,twitch,4,a
4,whole book is a,10.583535194396973,twitch,4,a
1,they,10.613469123840332,twitch,6,they
2,chance they,6.809418678283691,twitch,6,they
4,is a chance they,5.0692973136901855,twitch,6,they
1,whole,9.041929244995117,twitch,1,whole
2,My whole,6.9586181640625,twitch,1,whole
1,our,11.373416900634766,twitch,7,our
2,of our,11.42602825164795,twitch,7,our
4,first day of our,10.196158409118652,twitch,7,our
8,I think it's the first day of our,9.86929988861084,twitch,7,our
1,day,10.5936279296875,twitch,5,day
2,first day,4.9217376708984375,twitch,5,day
4,it's the first day,3.656351089477539,twitch,5,day
1,first,11.162483215332031,twitch,4,first
2,the first,9.22966194152832,twitch,4,first
4,think it's the first,4.963427543640137,twitch,4,first
1,you,10.660537719726562,twitch,1,you
2,are you,8.426103591918945,twitch,1,you
1,good.,8.31037712097168,twitch,5,good.
2,I'm good.,5.872159481048584,twitch,5,good.
4,"okay? Yeah, I'm good.",6.602017879486084,twitch,5,good.
1,good.,8.31037712097168,twitch,7,good.
2,I'm good.,5.872159481048584,twitch,7,good.
4,I'm good. I'm good.,4.689924240112305,twitch,7,good.
8,"are you okay? Yeah, I'm good. I'm good.",5.938335418701172,twitch,7,good.
1,already,10.248457908630371,twitch,4,already
2,you already,4.9745965003967285,twitch,4,already
4,you can't you already,6.816823959350586,twitch,4,already
1,had,11.16131591796875,twitch,5,had
2,already had,8.314950942993164,twitch,5,had
4,can't you already had,6.369969367980957,twitch,5,had
1,you,10.660537719726562,twitch,3,you
2,can't you,5.634272575378418,twitch,3,you
4,"No, you can't you",6.558771133422852,twitch,3,you
1,I'm,7.25425910949707,twitch,5,I'm
2,can't I'm,7.31687068939209,twitch,5,I'm
4,nothing I can't I'm,7.161482810974121,twitch,5,I'm
1,nothing,9.949542045593262,twitch,2,nothing
2,do nothing,5.891782283782959,twitch,2,nothing
1,can't,7.6911139488220215,twitch,4,can't
2,I can't,6.68705415725708,twitch,4,can't
4,do nothing I can't,6.279827117919922,twitch,4,can't
1,my,12.444364547729492,twitch,5,my
2,go my,10.600496292114258,twitch,5,my
4,got to go my,5.288150787353516,twitch,5,my
1,to,11.301959037780762,twitch,3,to
2,got to,8.610681533813477,twitch,3,to
4,"oh, you got to",6.956263065338135,twitch,3,to
1,you,10.660537719726562,twitch,1,you
2,"oh, you",6.650713920593262,twitch,1,you
1,the,12.734390258789062,twitch,7,the
2,off the,12.695199966430664,twitch,7,the
4,the corpses off the,9.019956588745117,twitch,7,the
8,Where it wipes all the corpses off the,7.7436933517456055,twitch,7,the
1,the,12.734390258789062,twitch,4,the
2,all the,12.253433227539062,twitch,4,the
4,it wipes all the,9.546483039855957,twitch,4,the
1,corpses,7.218952655792236,twitch,5,corpses
2,the corpses,4.500284671783447,twitch,5,corpses
4,wipes all the corpses,5.805968761444092,twitch,5,corpses
1,what,10.599081993103027,twitch,4,what
2,out what,6.7239909172058105,twitch,4,what
4,do go out what,6.744553089141846,twitch,4,what
1,are,11.507725715637207,twitch,5,are
2,what are,4.461749076843262,twitch,5,are
4,go out what are,5.430850505828857,twitch,5,are
1,do,10.671449661254883,twitch,1,do
2,You do,4.645359516143799,twitch,1,do
1,a,11.316549301147461,twitch,7,a
2,by a,12.01905632019043,twitch,7,a
4,or grew by a,8.508906364440918,twitch,7,a
8,We look he diminished or grew by a,7.374411582946777,twitch,7,a
1,or,11.46521282196045,twitch,4,or
2,diminished or,9.874314308166504,twitch,4,or
4,look he diminished or,9.399921417236328,twitch,4,or
1,he,11.501636505126953,twitch,2,he
2,look he,7.41020393371582,twitch,2,he
1,fuck,10.033944129943848,twitch,3,fuck
2,the fuck,6.755163192749023,twitch,3,fuck
4,"Spockham, what the fuck",5.277140140533447,twitch,3,fuck
1,to,11.301959037780762,twitch,7,to
2,say to,10.453168869018555,twitch,7,to
4,do you say to,7.413240909576416,twitch,7,to
8,"Spockham, what the fuck do you say to",6.777116298675537,twitch,7,to
1,do,10.671449661254883,twitch,4,do
2,fuck do,7.358311653137207,twitch,4,do
4,what the fuck do,2.6862363815307617,twitch,4,do
1,bird,10.432181358337402,twitch,4,bird
2,the bird,7.745906829833984,twitch,4,bird
4,then wait the bird,6.4483723640441895,twitch,4,bird
1,attack,10.461462020874023,twitch,7,attack
2,to attack,7.756464004516602,twitch,7,attack
4,bird tried to attack,7.447741508483887,twitch,7,attack
8,but then wait the bird tried to attack,4.770521640777588,twitch,7,attack
1,then,11.280230522155762,twitch,1,then
2,but then,7.944767951965332,twitch,1,then
1,I'm,7.25425910949707,twitch,7,I'm
2,god I'm,8.12177562713623,twitch,7,I'm
4,oh my god I'm,6.915900230407715,twitch,7,I'm
8,right into the right oh my god I'm,7.086899757385254,twitch,7,I'm
1,oh,10.938493728637695,twitch,4,oh
2,right oh,7.432366847991943,twitch,4,oh
4,into the right oh,7.451582431793213,twitch,4,oh
1,god,10.316972732543945,twitch,6,god
2,my god,5.7062177658081055,twitch,6,god
4,right oh my god,5.535725116729736,twitch,6,god
1,kind,10.186878204345703,twitch,3,kind
2,generates kind,2.7230429649353027,twitch,3,kind
4,My stupidity generates kind,0.5951085686683655,twitch,3,kind
1,stupidity,6.255631446838379,twitch,1,stupidity
2,My stupidity,6.472302436828613,twitch,1,stupidity
1,so,11.06381893157959,twitch,6,so
2,bad so,7.579923629760742,twitch,6,so
4,kind of bad so,7.329882621765137,twitch,6,so
1,I,11.117331504821777,twitch,1,I
2,"Oh, I",5.91914701461792,twitch,1,I
1,shake,10.340320587158203,twitch,4,shake
2,to shake,5.576929569244385,twitch,4,shake
4,I need to shake,4.913046360015869,twitch,4,shake
1,the,12.734390258789062,twitch,7,the
2,beat the,12.534089088439941,twitch,7,the
4,shake that beat the,11.311370849609375,twitch,7,the
8,"Oh, I need to shake that beat the",7.227359771728516,twitch,7,the
1,content.,10.069479942321777,twitch,5,content.
2,the content.,8.120960235595703,twitch,5,content.
4,to see the content.,6.334057807922363,twitch,5,content.
1,the,12.734390258789062,twitch,4,the
2,see the,10.900222778320312,twitch,4,the
4,wants to see the,11.636636734008789,twitch,4,the
1,to,11.301959037780762,twitch,2,to
2,wants to,7.969051361083984,twitch,2,to
1,part,11.022899627685547,twitch,5,part
2,it's part,2.4918782711029053,twitch,5,part
4,know. Maybe it's part,0.3331144452095032,twitch,5,part
1,don't,7.345463752746582,twitch,1,don't
2,I don't,4.23712158203125,twitch,1,don't
1,know.,7.476657867431641,twitch,2,know.
2,don't know.,6.793943881988525,twitch,2,know.
1,course,10.092283248901367,twitch,4,course
2,of course,4.8319993019104,twitch,4,course
4,yes yes of course,7.163349151611328,twitch,4,course
1,of,12.024920463562012,twitch,3,of
2,yes of,11.061442375183105,twitch,3,of
4,Yes yes yes of,8.40330696105957,twitch,3,of
1,no,11.925097465515137,twitch,5,no
2,course no,7.468166828155518,twitch,5,no
4,yes of course no,9.320441246032715,twitch,5,no
1,up,10.697288513183594,twitch,5,up
2,road up,6.011149883270264,twitch,5,up
4,up the road up,5.4253621101379395,twitch,5,up
1,we'll,6.779449462890625,twitch,1,we'll
2,We're we'll,6.700404167175293,twitch,1,we'll
1,the,12.734390258789062,twitch,6,the
2,up the,12.676187515258789,twitch,6,the
4,the road up the,6.704209327697754,twitch,6,the
1,right,10.864727020263672,twitch,7,right
2,them right,6.25700044631958,twitch,7,right
4,to devour them right,4.786154747009277,twitch,7,right
8,I'll pay five bucks to devour them right,3.1283490657806396,twitch,7,right
1,five,11.335679054260254,twitch,2,five
2,pay five,7.308323383331299,twitch,2,five
1,to,11.301959037780762,twitch,4,to
2,bucks to,9.859564781188965,twitch,4,to
4,pay five bucks to,7.887959003448486,twitch,4,to
1,counted,10.4776029586792,twitch,5,counted
2,me counted,7.825723648071289,twitch,5,counted
4,even get me counted,6.305701732635498,twitch,5,counted
1,don't,7.345463752746582,twitch,1,don't
2,And don't,6.7284088134765625,twitch,1,don't
1,on,11.154274940490723,twitch,6,on
2,counted on,9.937590599060059,twitch,6,on
4,get me counted on,7.218019962310791,twitch,6,on
1,hiding,8.950942993164062,twitch,7,hiding
2,I'm hiding,6.118048667907715,twitch,7,hiding
4,"hiding you, I'm hiding",6.149334907531738,twitch,7,hiding
8,"I'm hiding you, I'm hiding you, I'm hiding",0.8479166030883789,twitch,7,hiding
1,hiding,8.950942993164062,twitch,4,hiding
2,I'm hiding,6.118048667907715,twitch,4,hiding
4,"hiding you, I'm hiding",6.149334907531738,twitch,4,hiding
1,hiding,8.950942993164062,twitch,1,hiding
2,I'm hiding,6.118048667907715,twitch,1,hiding
1,at,11.502521514892578,twitch,4,at
2,go at,9.82970142364502,twitch,4,at
4,We all go at,4.204336166381836,twitch,4,at
1,same,11.373035430908203,twitch,6,same
2,the same,9.165023803710938,twitch,6,same
4,go at the same,1.1887032985687256,twitch,6,same
1,the,12.734390258789062,twitch,5,the
2,at the,11.857196807861328,twitch,5,the
4,all go at the,9.444723129272461,twitch,5,the
1,both,11.42912769317627,twitch,3,both
2,you're both,10.113186836242676,twitch,3,both
4,You're up you're both,8.148344039916992,twitch,3,both
1,sources,6.7336249351501465,twitch,5,sources
2,Alice sources,6.355535507202148,twitch,5,sources
4,you're both Alice sources,5.456478595733643,twitch,5,sources
1,dumbass,10.507979393005371,twitch,7,dumbass
2,you dumbass,5.922230243682861,twitch,7,dumbass
4,Alice sources you dumbass,8.321521759033203,twitch,7,dumbass
8,You're up you're both Alice sources you dumbass,6.593549728393555,twitch,7,dumbass
1,on,11.154274940490723,twitch,6,on
2,use on,8.906838417053223,twitch,6,on
4,how to use on,8.312987327575684,twitch,6,on
1,that.,9.50003433227539,twitch,7,that.
2,on that.,7.08330774307251,twitch,7,that.
4,to use on that.,7.170323371887207,twitch,7,that.
8,I don't know how to use on that.,6.220466613769531,twitch,7,that.
1,to,11.301959037780762,twitch,4,to
2,how to,9.038185119628906,twitch,4,to
4,don't know how to,8.086355209350586,twitch,4,to
1,Second,10.646084785461426,twitch,6,Second
2,good. Second,5.588080883026123,twitch,6,Second
4,It's pretty good. Second,6.654126167297363,twitch,6,Second
1,It's,7.384812831878662,twitch,3,It's
2,know. It's,7.604578018188477,twitch,3,It's
4,I don't know. It's,6.758533477783203,twitch,3,It's
1,pretty,11.616284370422363,twitch,4,pretty
2,It's pretty,6.825809955596924,twitch,4,pretty
4,don't know. It's pretty,7.646129608154297,twitch,4,pretty
1,just,11.214090347290039,twitch,3,just
2,I just,6.858152866363525,twitch,3,just
4,"Wait, did I just",6.692392349243164,twitch,3,just
1,you,10.660537719726562,twitch,7,you
2,past you,7.755062580108643,twitch,7,you
4,walk right past you,4.650259494781494,twitch,7,you
8,"Wait, did I just walk right past you",4.475539207458496,twitch,7,you
1,past,11.601433753967285,twitch,6,past
2,right past,8.122360229492188,twitch,6,past
4,just walk right past,5.387423515319824,twitch,6,past
1,got,11.186014175415039,twitch,2,got
2,just got,7.323810577392578,twitch,2,got
1,two,11.198701858520508,twitch,3,two
2,got two,10.971322059631348,twitch,3,two
4,I just got two,9.893829345703125,twitch,3,two
1,by,11.555146217346191,twitch,5,by
2,tapped by,10.58460807800293,twitch,5,by
4,got two tapped by,10.753351211547852,twitch,5,by
1,best,11.61880111694336,twitch,5,best
2,the best,9.287226676940918,twitch,5,best
4,swamped as the best,10.098498344421387,twitch,5,best
1,swamped,10.147985458374023,twitch,2,swamped
2,you swamped,6.136889934539795,twitch,2,swamped
1,you,10.660537719726562,twitch,1,you
2,Are you,8.059492111206055,twitch,1,you
1,I,11.117331504821777,twitch,1,I
2,"Yeah, I",5.890807151794434,twitch,1,I
1,that,10.947566986083984,twitch,3,that
2,need that,10.008855819702148,twitch,3,that
4,"Yeah, I need that",9.150934219360352,twitch,3,that
1,food,10.676980972290039,twitch,4,food
2,that food,7.674346446990967,twitch,4,food
4,I need that food,6.27613639831543,twitch,4,food
1,you,10.660537719726562,twitch,5,you
2,do you,5.67453145980835,twitch,5,you
4,Bob. What do you,2.93289852142334,twitch,5,you
1,you've,6.253358840942383,twitch,7,you've
2,think you've,5.628513336181641,twitch,7,you've
4,do you think you've,6.5466718673706055,twitch,7,you've
8,"Thank you, Bob. What do you think you've",4.158276557922363,twitch,7,you've
1,do,10.671449661254883,twitch,4,do
2,What do,2.142984390258789,twitch,4,do
4,"you, Bob. What do",0.9706605076789856,twitch,4,do
1,know,10.400792121887207,twitch,3,know
2,you know,4.4257073402404785,twitch,3,know
4,You know you know,5.40886926651001,twitch,3,know
1,you,10.660537719726562,twitch,2,you
2,know you,7.4684343338012695,twitch,2,you
1,know,10.400792121887207,twitch,1,know
2,You know,4.364285945892334,twitch,1,know
1,prime,11.24075698852539,twitch,7,prime
2,be prime,5.291335582733154,twitch,7,prime
4,we're gonna be prime,6.827662944793701,twitch,7,prime
8,"Same oh my god, we're gonna be prime",6.325718879699707,twitch,7,prime
1,"god,",9.819499015808105,twitch,3,"god,"
2,"my god,",7.821787357330322,twitch,3,"god,"
4,"Same oh my god,",7.725847244262695,twitch,3,"god,"
1,my,12.444364547729492,twitch,2,my
2,oh my,9.950507164001465,twitch,2,my
1,ice,11.016258239746094,twitch,4,ice
2,be ice,6.811306476593018,twitch,4,ice
4,the we be ice,8.270158767700195,twitch,4,ice
1,you,10.660537719726562,twitch,5,you
2,ice you,8.080057144165039,twitch,5,you
4,we be ice you,8.485897064208984,twitch,5,you
1,be,11.872392654418945,twitch,3,be
2,we be,10.440322875976562,twitch,3,be
4,We the we be,10.746750831604004,twitch,3,be
1,by,11.555146217346191,twitch,5,by
2,me by,11.667366981506348,twitch,5,by
4,mad at me by,8.878687858581543,twitch,5,by
1,guy,10.258659362792969,twitch,1,guy
2,this guy,7.007938385009766,twitch,1,guy
1,way,10.513489723205566,twitch,7,way
2,the way,6.396049976348877,twitch,7,way
4,me by the way,3.9790198802948,twitch,7,way
8,this guy mad at me by the way,5.754546642303467,twitch,7,way
1,for,11.576336860656738,twitch,3,for
2,dinos for,10.42728042602539,twitch,3,for
4,I killed dinos for,8.277453422546387,twitch,3,for
1,me,10.572490692138672,twitch,7,me
2,at me,7.036491870880127,twitch,7,me
4,just looking at me,6.588762283325195,twitch,7,me
8,I killed dinos for just looking at me,5.267421722412109,twitch,7,me
1,at,11.502521514892578,twitch,6,at
2,looking at,6.523719310760498,twitch,6,at
4,for just looking at,7.298974514007568,twitch,6,at
1,and,11.574933052062988,twitch,6,and
2,deers and,12.542569160461426,twitch,6,and
4,go get deers and,11.530400276184082,twitch,6,and
1,get,11.412823677062988,twitch,4,get
2,go get,8.774225234985352,twitch,4,get
4,we're gonna go get,6.550582408905029,twitch,4,get
1,go,10.900910377502441,twitch,3,go
2,gonna go,6.8915181159973145,twitch,3,go
4,so we're gonna go,6.923305034637451,twitch,3,go
1,over,11.29223346710205,twitch,2,over
2,coming over,7.944127082824707,twitch,2,over
1,can,10.825804710388184,twitch,4,can
2,peanut can,5.917823791503906,twitch,4,can
4,coming over peanut can,6.576397895812988,twitch,4,can
1,see,10.684712409973145,twitch,6,see
2,you see,6.7522711753845215,twitch,6,see
4,peanut can you see,6.187065601348877,twitch,6,see
1,there's,5.328185558319092,twitch,3,there's
2,"GD, there's",5.420717716217041,twitch,3,there's
4,"Oh, yo, GD, there's",6.0585551261901855,twitch,3,there's
1,a,11.316549301147461,twitch,4,a
2,there's a,8.692606925964355,twitch,4,a
4,"yo, GD, there's a",9.137580871582031,twitch,4,a
1,there's,5.328185558319092,twitch,6,there's
2,"GD, there's",5.420717716217041,twitch,6,there's
4,"there's a GD, there's",4.634613513946533,twitch,6,there's
1,whatsoever,7.303965091705322,twitch,7,whatsoever
2,size whatsoever,4.816822528839111,twitch,7,whatsoever
4,the pack size whatsoever,5.184620380401611,twitch,7,whatsoever
8,We've not been respecting the pack size whatsoever,4.239475250244141,twitch,7,whatsoever
1,respecting,8.588717460632324,twitch,3,respecting
2,been respecting,6.092441558837891,twitch,3,respecting
4,We've not been respecting,6.641685962677002,twitch,3,respecting
1,been,10.934855461120605,twitch,2,been
2,not been,9.032499313354492,twitch,2,been
1,going,10.563369750976562,twitch,1,going
2,we're going,1.1249552965164185,twitch,1,going
1,planes,9.823481559753418,twitch,4,planes
2,sell planes,5.670219421386719,twitch,4,planes
4,going to sell planes,5.405654430389404,twitch,4,planes
1,sell,10.87656307220459,twitch,3,sell
2,to sell,7.7118353843688965,twitch,3,sell
4,we're going to sell,6.943843364715576,twitch,3,sell
1,"Yeah,",6.628565311431885,twitch,3,"Yeah,"
2,"good. Yeah,",6.250555515289307,twitch,3,"Yeah,"
4,"Good, good, good. Yeah,",6.563807964324951,twitch,3,"Yeah,"
1,good.,8.31037712097168,twitch,2,good.
2,"good, good.",7.4511308670043945,twitch,2,good.
1,I've,6.024299621582031,twitch,4,I've
2,"Yeah, I've",5.124046325683594,twitch,4,I've
4,"good, good. Yeah, I've",5.262564659118652,twitch,4,I've
1,of,12.024920463562012,twitch,6,of
2,advantage of,10.821617126464844,twitch,6,of
4,you taking advantage of,6.933346748352051,twitch,6,of
1,taking,10.83063793182373,twitch,4,taking
2,you taking,7.274265766143799,twitch,4,taking
4,looking at you taking,6.436264991760254,twitch,4,taking
1,you,10.660537719726562,twitch,3,you
2,at you,8.310171127319336,twitch,3,you
4,professional looking at you,6.275731086730957,twitch,3,you
1,fairy,9.980355262756348,twitch,5,fairy
2,little fairy,5.1079230308532715,twitch,5,fairy
4,there's a little fairy,5.9339470863342285,twitch,5,fairy
1,there's,5.328185558319092,twitch,2,there's
2,"yeah, there's",5.605963706970215,twitch,2,there's
1,in,11.458725929260254,twitch,6,in
2,fairy in,8.87331485748291,twitch,6,in
4,a little fairy in,6.8207926750183105,twitch,6,in
1,a,11.316549301147461,twitch,4,a
2,there's a,8.692606925964355,twitch,4,a
4,"my god, there's a",9.354917526245117,twitch,4,a
1,for,11.576336860656738,twitch,7,for
2,coming for,10.1871337890625,twitch,7,for
4,a pack coming for,7.871018886566162,twitch,7,for
8,"Oh my god, there's a pack coming for",3.338503122329712,twitch,7,for
1,my,12.444364547729492,twitch,1,my
2,Oh my,3.530229091644287,twitch,1,my
1,my,12.444364547729492,twitch,1,my
2,Oh my,3.530229091644287,twitch,1,my
1,think,9.863617897033691,twitch,4,think
2,I think,5.887979984283447,twitch,4,think
4,"my God, I think",5.348109245300293,twitch,4,think
1,I,11.117331504821777,twitch,3,I
2,"God, I",6.932767868041992,twitch,3,I
4,"Oh my God, I",5.432788372039795,twitch,3,I
1,go,10.900910377502441,twitch,3,go
2,here go,8.242203712463379,twitch,3,go
4,Go up here go,7.504619598388672,twitch,3,go
1,east,10.87403678894043,twitch,5,east
2,north east,6.081958293914795,twitch,5,east
4,here go north east,5.91190767288208,twitch,5,east
1,north,11.035490036010742,twitch,4,north
2,go north,5.170915603637695,twitch,4,north
4,up here go north,5.917052268981934,twitch,4,north
1,on,11.154274940490723,twitch,4,on
2,bull on,8.60308837890625,twitch,4,on
4,got a bull on,6.276459217071533,twitch,4,on
1,bull,10.90941047668457,twitch,3,bull
2,a bull,8.009119987487793,twitch,3,bull
4,We got a bull,7.110876083374023,twitch,3,bull
1,it,10.897254943847656,twitch,5,it
2,on it,6.836071491241455,twitch,5,it
4,a bull on it,5.198648929595947,twitch,5,it
1,find,11.10165786743164,twitch,2,find
2,gonna find,6.396054744720459,twitch,2,find
1,gotta,9.61825942993164,twitch,7,gotta
2,we gotta,6.768539905548096,twitch,7,gotta
4,"and borer, we gotta",7.116204261779785,twitch,7,gotta
8,"We're gonna find beer and borer, we gotta",5.590185165405273,twitch,7,gotta
1,"borer,",11.374556541442871,twitch,5,"borer,"
2,"and borer,",9.457222938537598,twitch,5,"borer,"
4,"find beer and borer,",8.90382194519043,twitch,5,"borer,"
1,looks,8.334588050842285,twitch,2,looks
2,"okay, looks",6.278189659118652,twitch,2,looks
1,like,11.612746238708496,twitch,3,like
2,looks like,8.54409122467041,twitch,3,like
4,"Well, okay, looks like",5.738775253295898,twitch,3,like
1,both,11.42912769317627,twitch,5,both
2,we're both,10.026934623718262,twitch,5,both
4,looks like we're both,9.795695304870605,twitch,5,both
1,kill,10.769107818603516,twitch,7,kill
2,"him, kill",6.203086853027344,twitch,7,kill
4,"him, kill him, kill",2.1886346340179443,twitch,7,kill
8,"You get him, kill him, kill him, kill",0.5943759679794312,twitch,7,kill
1,"him,",10.795534133911133,twitch,2,"him,"
2,"get him,",8.116300582885742,twitch,2,"him,"
1,kill,10.769107818603516,twitch,3,kill
2,"him, kill",6.203086853027344,twitch,3,kill
4,"You get him, kill",3.3656370639801025,twitch,3,kill
1,"bad,",11.163029670715332,twitch,7,"bad,"
2,"fucking bad,",8.985244750976562,twitch,7,"bad,"
4,"die so fucking bad,",7.955777645111084,twitch,7,"bad,"
8,"I want you to die so fucking bad,",8.38473892211914,twitch,7,"bad,"
1,to,11.301959037780762,twitch,3,to
2,you to,9.09115982055664,twitch,3,to
4,I want you to,7.024597644805908,twitch,3,to
1,you,10.660537719726562,twitch,2,you
2,want you,5.045981407165527,twitch,2,you
1,"no,",10.201715469360352,twitch,1,"no,"
2,"No, no,",4.79182767868042,twitch,1,"no,"
1,we,11.5739107131958,twitch,3,we
2,"no, we",6.649203777313232,twitch,3,we
4,"No, no, no, we",4.672738552093506,twitch,3,we
1,"anything,",8.726168632507324,twitch,6,"anything,"
2,"kill anything,",8.093276023864746,twitch,6,"anything,"
4,"we didn't kill anything,",5.3393874168396,twitch,6,"anything,"
1,but,10.735779762268066,twitch,5,but
2,"ready, but",8.126213073730469,twitch,5,but
4,"is almost ready, but",8.037711143493652,twitch,5,but
1,is,11.129858016967773,twitch,2,is
2,healing is,8.533366203308105,twitch,2,is
1,almost,11.25799560546875,twitch,3,almost
2,is almost,8.862100601196289,twitch,3,almost
4,My healing is almost,4.915987491607666,twitch,3,almost
1,come,10.260955810546875,twitch,2,come
2,him come,6.352358818054199,twitch,2,come
1,come,10.260955810546875,twitch,5,come
2,come come,6.008878707885742,twitch,5,come
4,come come come come,5.926675796508789,twitch,5,come
1,come,10.260955810546875,twitch,4,come
2,come come,6.008878707885742,twitch,4,come
4,him come come come,7.150463581085205,twitch,4,come
1,"no,",10.201715469360352,twitch,2,"no,"
2,"no, no,",5.523804187774658,twitch,2,"no,"
1,eat,10.640091896057129,twitch,4,eat
2,don't eat,7.768599510192871,twitch,4,eat
4,"no, no, don't eat",7.376348495483398,twitch,4,eat
1,the,12.734390258789062,twitch,5,the
2,eat the,12.704833984375,twitch,5,the
4,"no, don't eat the",10.065507888793945,twitch,5,the
1,his,12.49317741394043,twitch,7,his
2,upon his,11.064549446105957,twitch,7,his
4,and feast upon his,10.511592864990234,twitch,7,his
8,Rip out his guts and feast upon his,10.339534759521484,twitch,7,his
1,his,12.49317741394043,twitch,2,his
2,out his,10.336159706115723,twitch,2,his
1,feast,8.648959159851074,twitch,5,feast
2,and feast,5.6775102615356445,twitch,5,feast
4,his guts and feast,5.29279088973999,twitch,5,feast
1,on,11.154274940490723,twitch,6,on
2,oops on,9.404027938842773,twitch,6,on
4,it Ollie oops on,8.79197883605957,twitch,6,on
1,do,10.671449661254883,twitch,2,do
2,chickens do,5.959640979766846,twitch,2,do
1,it,10.897254943847656,twitch,3,it
2,do it,7.040089130401611,twitch,3,it
4,The chickens do it,5.930583953857422,twitch,3,it
1,fuck,10.033944129943848,twitch,2,fuck
2,can fuck,6.961514949798584,twitch,2,fuck
1,fuck,10.033944129943848,twitch,7,fuck
2,to fuck,7.368264675140381,twitch,7,fuck
4,I'm going to fuck,5.064493179321289,twitch,7,fuck
8,I can fuck you. I'm going to fuck,0.8756683468818665,twitch,7,fuck
1,going,10.563369750976562,twitch,5,going
2,I'm going,1.0406122207641602,twitch,5,going
4,fuck you. I'm going,1.0818125009536743,twitch,5,going
1,I,11.117331504821777,twitch,4,I
2,said I,6.786078453063965,twitch,4,I
4,said we said I,5.369707107543945,twitch,4,I
1,said,9.272993087768555,twitch,3,said
2,we said,5.859172344207764,twitch,3,said
4,We said we said,4.235749244689941,twitch,3,said
1,think,9.863617897033691,twitch,5,think
2,I think,5.887979984283447,twitch,5,think
4,we said I think,5.7802019119262695,twitch,5,think
1,die.,8.602561950683594,twitch,4,die.
2,me die.,8.266947746276855,twitch,4,die.
4,don't let me die.,6.759406566619873,twitch,4,die.
1,let,10.744215965270996,twitch,6,let
2,Don't let,5.65934944152832,twitch,6,let
4,me die. Don't let,5.873017311096191,twitch,6,let
1,me,10.572490692138672,twitch,3,me
2,let me,7.642204761505127,twitch,3,me
4,Don't don't let me,7.2377777099609375,twitch,3,me
1,"know,",8.246770858764648,twitch,2,"know,"
2,"don't know,",6.671835422515869,twitch,2,"know,"
1,don't,7.345463752746582,twitch,4,don't
2,I don't,4.23712158203125,twitch,4,don't
4,"don't know, I don't",3.668550729751587,twitch,4,don't
1,know,10.400792121887207,twitch,5,know
2,don't know,5.081944465637207,twitch,5,know
4,"know, I don't know",5.0000104904174805,twitch,5,know
1,in,11.458725929260254,twitch,1,in
2,I'm in,7.543304443359375,twitch,1,in
1,That's,6.251898288726807,twitch,5,That's
2,wrong. That's,6.512679100036621,twitch,5,That's
4,fear dragon wrong. That's,6.757167816162109,twitch,5,That's
1,wrong.,8.704118728637695,twitch,4,wrong.
2,dragon wrong.,8.233335494995117,twitch,4,wrong.
4,in fear dragon wrong.,8.128457069396973,twitch,4,wrong.
1,"Carno,",10.996986389160156,twitch,1,"Carno,"
2,"Baby Carno,",11.424549102783203,twitch,1,"Carno,"
1,here,9.959783554077148,twitch,5,here
2,right here,6.076265811920166,twitch,5,here
4,"baby Carno, right here",4.8697638511657715,twitch,5,here
1,baby,11.249263763427734,twitch,2,baby
2,"Carno, baby",6.943930625915527,twitch,2,baby
1,"question,",10.442317962646484,twitch,4,"question,"
2,"the question,",6.928627967834473,twitch,4,"question,"
4,"I got the question,",5.587376117706299,twitch,4,"question,"
1,got,11.186014175415039,twitch,2,got
2,I got,7.47769021987915,twitch,2,got
1,but,10.735779762268066,twitch,5,but
2,"question, but",7.675823211669922,twitch,5,but
4,"got the question, but",6.929396152496338,twitch,5,but
1,"shit,",9.02711009979248,twitch,1,"shit,"
2,"No shit,",8.045501708984375,twitch,1,"shit,"
1,we,11.5739107131958,twitch,3,we
2,would we,7.299788951873779,twitch,3,we
4,"No shit, would we",6.819912910461426,twitch,3,we
1,donkey,9.347403526306152,twitch,7,donkey
2,double donkey,8.367921829223633,twitch,7,donkey
4,just fucking double donkey,8.153696060180664,twitch,7,donkey
8,"No shit, would we just fucking double donkey",9.080279350280762,twitch,7,donkey
1,to,11.301959037780762,twitch,4,to
2,it to,10.504074096679688,twitch,4,to
4,can take it to,6.526533126831055,twitch,4,to
1,eat,10.640091896057129,twitch,5,eat
2,to eat,7.46858549118042,twitch,5,eat
4,take it to eat,6.760761737823486,twitch,5,eat
1,"up,",10.928927421569824,twitch,6,"up,"
2,"eat up,",9.362085342407227,twitch,6,"up,"
4,"it to eat up,",8.059661865234375,twitch,6,"up,"
1,I,11.117331504821777,twitch,1,I
2,"Yeah, I",5.890807151794434,twitch,1,I
1,got,11.186014175415039,twitch,2,got
2,I got,7.47769021987915,twitch,2,got
1,back,10.862462043762207,twitch,7,back
2,it back,6.181331157684326,twitch,7,back
4,I'll bring it back,5.121466159820557,twitch,7,back
8,"Yeah, I got it. I'll bring it back",4.741919040679932,twitch,7,back
1,know,10.400792121887207,twitch,1,know
2,You know,4.364285945892334,twitch,1,know
1,by,11.555146217346191,twitch,5,by
2,surrounded by,10.21045970916748,twitch,5,by
4,you're getting surrounded by,9.38573169708252,twitch,5,by
1,chicken,9.670852661132812,twitch,7,chicken
2,a chicken,8.28526782989502,twitch,7,chicken
4,surrounded by a chicken,7.5014848709106445,twitch,7,chicken
8,You know you're getting surrounded by a chicken,6.675914764404297,twitch,7,chicken
1,on,11.154274940490723,twitch,6,on
2,dollars on,9.480907440185547,twitch,6,on
4,we're throwing dollars on,6.897874355316162,twitch,6,on
1,we're,7.409038543701172,twitch,3,we're
2,"pal, we're",7.655731201171875,twitch,3,we're
4,"All right pal, we're",6.914325714111328,twitch,3,we're
1,"pal,",10.804096221923828,twitch,2,"pal,"
2,"right pal,",10.3076171875,twitch,2,"pal,"
1,right,10.864727020263672,twitch,7,right
2,A right,7.065700531005859,twitch,7,right
4,B and A right,8.076211929321289,twitch,7,right
8,"Guys, we gotta get B and A right",4.5528483390808105,twitch,7,right
1,we,11.5739107131958,twitch,1,we
2,"Guys, we",6.1867523193359375,twitch,1,we
1,get,11.412823677062988,twitch,3,get
2,gotta get,7.377147674560547,twitch,3,get
4,"Guys, we gotta get",6.947630882263184,twitch,3,get
1,click,10.52001953125,twitch,6,click
2,left click,6.9863362312316895,twitch,6,click
4,old hold left click,6.727435111999512,twitch,6,click
1,hold,10.308622360229492,twitch,4,hold
2,old hold,7.153275012969971,twitch,4,hold
4,this this old hold,7.946467399597168,twitch,4,hold
1,not,10.92558479309082,twitch,7,not
2,click not,8.488762855529785,twitch,7,not
4,hold left click not,5.165709495544434,twitch,7,not
8,"Dude, this this old hold left click not",8.553277015686035,twitch,7,not
1,one's,12.316391944885254,twitch,6,one's
2,that one's,10.339707374572754,twitch,6,one's
4,"not good, that one's",8.966779708862305,twitch,6,one's
1,not,10.92558479309082,twitch,3,not
2,one's not,8.589179039001465,twitch,3,not
4,No that one's not,8.388568878173828,twitch,3,not
1,"good,",9.869667053222656,twitch,4,"good,"
2,"not good,",7.911967754364014,twitch,4,"good,"
4,"that one's not good,",6.4262166023254395,twitch,4,"good,"
1,"know,",8.246770858764648,twitch,1,"know,"
2,"You know,",6.714511394500732,twitch,1,"know,"
1,you,10.660537719726562,twitch,2,you
2,"know, you",6.182026386260986,twitch,2,you
1,get,11.412823677062988,twitch,5,get
2,to get,7.472585201263428,twitch,5,get
4,you got to get,6.96655797958374,twitch,5,get
1,gotta,9.61825942993164,twitch,4,gotta
2,just gotta,7.073011875152588,twitch,4,gotta
4,"wait, we just gotta",6.563557147979736,twitch,4,gotta
1,we,11.5739107131958,twitch,2,we
2,"wait, we",6.209719657897949,twitch,2,we
1,"wait,",10.122462272644043,twitch,1,"wait,"
2,"Wait, wait,",1.6404428482055664,twitch,1,"wait,"
1,can,10.825804710388184,twitch,6,can
2,we can,7.198447227478027,twitch,6,can
4,"female, so we can",7.635742664337158,twitch,6,can
1,we,11.5739107131958,twitch,5,we
2,so we,7.084828853607178,twitch,5,we
4,"a female, so we",7.149112701416016,twitch,5,we
1,"female,",9.703246116638184,twitch,3,"female,"
2,"a female,",9.769413948059082,twitch,3,"female,"
4,"Job is a female,",9.60602855682373,twitch,3,"female,"
1,of,12.024920463562012,twitch,5,of
2,part of,7.577640056610107,twitch,5,of
4,be a part of,6.818238258361816,twitch,5,of
1,our,11.373416900634766,twitch,6,our
2,of our,11.42602825164795,twitch,6,our
4,a part of our,10.343165397644043,twitch,6,our
1,"pack,",10.941924095153809,twitch,7,"pack,"
2,"our pack,",9.87984848022461,twitch,7,"pack,"
4,"part of our pack,",7.832877159118652,twitch,7,"pack,"
8,"You can't be a part of our pack,",6.603315353393555,twitch,7,"pack,"
1,is,11.129858016967773,twitch,2,is
2,mutation is,9.050500869750977,twitch,2,is
1,best,11.61880111694336,twitch,6,best
2,is best,8.453285217285156,twitch,6,best
4,the- is- is best,8.73332691192627,twitch,6,best
1,is-,11.492648124694824,twitch,4,is-
2,the- is-,11.579093933105469,twitch,4,is-
4,mutation is the- is-,10.26795482635498,twitch,4,is-
1,over,11.29223346710205,twitch,6,over
2,see over,8.524019241333008,twitch,6,over
4,Oh you see over,2.555295944213867,twitch,6,over
1,see,10.684712409973145,twitch,5,see
2,you see,6.7522711753845215,twitch,5,see
4,ready. Oh you see,5.1553144454956055,twitch,5,see
1,"there,",9.630797386169434,twitch,7,"there,"
2,"over there,",8.60223388671875,twitch,7,"there,"
4,"you see over there,",7.9628825187683105,twitch,7,"there,"
8,"Ready ready ready. Oh you see over there,",8.861612319946289,twitch,7,"there,"
1,a,11.316549301147461,twitch,7,a
2,kill a,11.493979454040527,twitch,7,a
4,be to kill a,10.46342945098877,twitch,7,a
8,How big would it be to kill a,10.08383560180664,twitch,7,a
1,would,10.050649642944336,twitch,2,would
2,big would,6.714742183685303,twitch,2,would
1,kill,10.769107818603516,twitch,6,kill
2,to kill,7.459692478179932,twitch,6,kill
4,it be to kill,7.667397499084473,twitch,6,kill
1,the,12.734390258789062,twitch,4,the
2,what the,4.970401763916016,twitch,4,the
4,"yeah, uh, what the",2.5440151691436768,twitch,4,the
1,"fuck,",9.022435188293457,twitch,5,"fuck,"
2,"the fuck,",8.171485900878906,twitch,5,"fuck,"
4,"uh, what the fuck,",8.757974624633789,twitch,5,"fuck,"
1,"uh,",10.512859344482422,twitch,2,"uh,"
2,"yeah, uh,",8.532163619995117,twitch,2,"uh,"
1,to,11.301959037780762,courtroom,1,to
2,you to,9.09115982055664,courtroom,1,to
1,yourself,6.903914928436279,courtroom,6,yourself
2,to yourself,5.557799816131592,courtroom,6,yourself
4,those lines to yourself,5.799949645996094,courtroom,6,yourself
1,to,11.301959037780762,courtroom,5,to
2,lines to,10.245393753051758,courtroom,5,to
4,read those lines to,7.744947910308838,courtroom,5,to
1,a,11.316549301147461,courtroom,6,a
2,do a,10.60631275177002,courtroom,6,a
4,me to do a,10.823389053344727,courtroom,6,a
1,to,11.301959037780762,courtroom,4,to
2,me to,10.712076187133789,courtroom,4,to
4,you want me to,8.22819709777832,courtroom,4,to
1,do,10.671449661254883,courtroom,5,do
2,to do,6.433040142059326,courtroom,5,do
4,want me to do,5.006199359893799,courtroom,5,do
1,"sand,",11.3222017288208,courtroom,6,"sand,"
2,"the sand,",9.139680862426758,courtroom,6,"sand,"
4,"line in the sand,",8.985311508178711,courtroom,6,"sand,"
1,line,10.927467346191406,courtroom,3,line
2,a line,7.019858360290527,courtroom,3,line
4,there was a line,6.083585262298584,courtroom,3,line
1,I,11.117331504821777,courtroom,7,I
2,"sand, I",7.344340801239014,courtroom,7,I
4,"in the sand, I",7.748387336730957,courtroom,7,I
8,"there was a line in the sand, I",6.637059211730957,courtroom,7,I
1,was,10.896289825439453,courtroom,2,was
2,land was,9.435516357421875,courtroom,2,was
1,between,11.613738059997559,courtroom,4,between
2,as between,9.890724182128906,courtroom,4,between
4,land was as between,9.39697265625,courtroom,4,between
1,person,10.50843620300293,courtroom,8,person
2,one person,7.484686374664307,courtroom,8,person
4,ownership of one person,6.100282669067383,courtroom,8,person
8,land was as between ownership of one person,2.729055643081665,courtroom,8,person
1,the,12.734390258789062,courtroom,6,the
2,of the,12.293905258178711,courtroom,6,the
4,the level of the,12.436272621154785,courtroom,6,the
1,that,10.947566986083984,courtroom,8,that
2,tanks that,9.245945930480957,courtroom,8,that
4,of the tanks that,7.9361186027526855,courtroom,8,that
8,that was the level of the tanks that,7.282604217529297,courtroom,8,that
1,the,12.734390258789062,courtroom,3,the
2,was the,9.750276565551758,courtroom,3,the
4,because that was the,8.908807754516602,courtroom,3,the
1,know,10.400792121887207,courtroom,4,know
2,me know,6.293372631072998,courtroom,4,know
4,and let me know,3.43160080909729,courtroom,4,know
1,done,10.182465553283691,courtroom,7,done
2,you're done,6.093738555908203,courtroom,7,done
4,know when you're done,6.776487827301025,courtroom,7,done
8,"18, and let me know when you're done",5.097404479980469,courtroom,7,done
1,me,10.572490692138672,courtroom,3,me
2,let me,7.642204761505127,courtroom,3,me
4,"18, and let me",6.1831793785095215,courtroom,3,me
1,read,10.640660285949707,courtroom,3,read
2,to read,6.462827682495117,courtroom,3,read
4,just going to read,6.33043098449707,courtroom,3,read
1,if,11.083032608032227,courtroom,8,if
2,and if,5.423353672027588,courtroom,8,if
4,testimony aloud and if,6.132753849029541,courtroom,8,if
8,going to read your testimony aloud and if,3.5052671432495117,courtroom,8,if
1,aloud,8.734682083129883,courtroom,6,aloud
2,testimony aloud,5.710829734802246,courtroom,6,aloud
4,read your testimony aloud,4.8551764488220215,courtroom,6,aloud
1,Mr.,11.020536422729492,courtroom,4,Mr.
2,"page, Mr.",11.125179290771484,courtroom,4,Mr.
4,"of the page, Mr.",11.309040069580078,courtroom,4,Mr.
1,you,10.660537719726562,courtroom,7,you
2,if you,6.188261985778809,courtroom,7,you
4,"Mr. Nadeau, if you",6.279876708984375,courtroom,7,you
8,"corner of the page, Mr. Nadeau, if you",6.26750373840332,courtroom,7,you
1,"Nadeau,",10.122615814208984,courtroom,5,"Nadeau,"
2,"Mr. Nadeau,",7.491036415100098,courtroom,5,"Nadeau,"
4,"the page, Mr. Nadeau,",8.776920318603516,courtroom,5,"Nadeau,"
1,and,11.574933052062988,courtroom,6,and
2,4 and,10.36150074005127,courtroom,6,and
4,you Exhibit 4 and,7.394372463226318,courtroom,6,and
1,show,11.013467788696289,courtroom,2,show
2,me show,7.202661514282227,courtroom,2,show
1,you,10.660537719726562,courtroom,3,you
2,show you,7.076379299163818,courtroom,3,you
4,Let me show you,5.193160533905029,courtroom,3,you
1,talked,6.761512279510498,courtroom,8,talked
2,we talked,3.307600975036621,courtroom,8,talked
4,"-- well, we talked",2.081696033477783,courtroom,8,talked
8,"so ago, you observed -- well, we talked",1.933398962020874,courtroom,8,talked
1,observed,8.863089561462402,courtroom,4,observed
2,you observed,6.585062503814697,courtroom,4,observed
4,"so ago, you observed",6.202937126159668,courtroom,4,observed
1,"well,",10.818679809570312,courtroom,6,"well,"
2,"-- well,",7.3898420333862305,courtroom,6,"well,"
4,"you observed -- well,",7.200747013092041,courtroom,6,"well,"
1,in,11.458725929260254,courtroom,1,in
2,down in,9.1002836227417,courtroom,1,in
1,facility,8.291653633117676,courtroom,7,facility
2,the facility,6.600273609161377,courtroom,7,facility
4,part of the facility,6.416407585144043,courtroom,7,facility
8,down in the back part of the facility,5.037759780883789,courtroom,7,facility
1,of,12.024920463562012,courtroom,5,of
2,part of,7.577640056610107,courtroom,5,of
4,the back part of,4.014047622680664,courtroom,5,of
1,a,11.316549301147461,courtroom,2,a
2,by a,12.01905632019043,courtroom,2,a
1,by,11.555146217346191,courtroom,1,by
2,delivered by,10.734673500061035,courtroom,1,by
1,storage,10.471068382263184,courtroom,6,storage
2,for storage,6.715635299682617,courtroom,6,storage
4,vendor used for storage,6.847801208496094,courtroom,6,storage
1,work,10.086380004882812,courtroom,5,work
2,the work,5.82886266708374,courtroom,5,work
4,most of the work,7.294830799102783,courtroom,5,work
1,of,12.024920463562012,courtroom,3,of
2,most of,4.829327583312988,courtroom,3,of
4,So was most of,4.984992980957031,courtroom,3,of
1,was,10.896289825439453,courtroom,1,was
2,So was,7.782435894012451,courtroom,1,was
1,8,10.345931053161621,courtroom,7,8
2,Exhibit 8,6.767167568206787,courtroom,7,8
4,look at Exhibit 8,6.035294532775879,courtroom,7,8
8,I'd ask you to look at Exhibit 8,5.420164585113525,courtroom,7,8
1,look,10.315814971923828,courtroom,4,look
2,to look,4.0913801193237305,courtroom,4,look
4,ask you to look,5.169837474822998,courtroom,4,look
1,Exhibit,7.8455915451049805,courtroom,6,Exhibit
2,at Exhibit,7.63001823425293,courtroom,6,Exhibit
4,to look at Exhibit,4.307178974151611,courtroom,6,Exhibit
1,a,11.316549301147461,courtroom,3,a
2,legs a,11.197757720947266,courtroom,3,a
4,stretch our legs a,3.0332882404327393,courtroom,3,a
1,legs,7.72194766998291,courtroom,2,legs
2,our legs,6.1932291984558105,courtroom,2,legs
1,minute,10.864307403564453,courtroom,4,minute
2,a minute,6.455413818359375,courtroom,4,minute
4,our legs a minute,4.880051612854004,courtroom,4,minute
1,was,10.896289825439453,courtroom,7,was
2,whatever was,8.614371299743652,courtroom,7,was
4,color of whatever was,8.018013000488281,courtroom,7,was
8,would change to the color of whatever was,7.752047538757324,courtroom,7,was
1,color,11.309632301330566,courtroom,4,color
2,the color,6.568571090698242,courtroom,4,color
4,change to the color,7.521374702453613,courtroom,4,color
1,on,11.154274940490723,courtroom,8,on
2,was on,6.739248275756836,courtroom,8,on
4,of whatever was on,5.253472328186035,courtroom,8,on
8,change to the color of whatever was on,4.080077648162842,courtroom,8,on
1,to,11.301959037780762,courtroom,8,to
2,hose to,10.806758880615234,courtroom,8,to
4,big flexible hose to,8.397810935974121,courtroom,8,to
8,get ported by a big flexible hose to,7.935763359069824,courtroom,8,to
1,flexible,10.241130828857422,courtroom,6,flexible
2,big flexible,9.887845993041992,courtroom,6,flexible
4,by a big flexible,10.741623878479004,courtroom,6,flexible
1,big,12.034542083740234,courtroom,5,big
2,a big,10.342395782470703,courtroom,5,big
4,ported by a big,9.943559646606445,courtroom,5,big
1,one,10.6817045211792,courtroom,7,one
2,and one,8.196887969970703,courtroom,7,one
4,was dried and one,7.990035057067871,courtroom,7,one
8,where the reserve salt was dried and one,7.595035552978516,courtroom,7,one
1,and,11.574933052062988,courtroom,6,and
2,dried and,9.999870300292969,courtroom,6,and
4,salt was dried and,9.068840980529785,courtroom,6,and
1,salt,9.89249038696289,courtroom,3,salt
2,reserve salt,7.174619674682617,courtroom,3,salt
4,where the reserve salt,7.4132795333862305,courtroom,3,salt
1,"cleaned,",9.749187469482422,courtroom,3,"cleaned,"
2,"was cleaned,",8.77905559539795,courtroom,3,"cleaned,"
4,"was -- was cleaned,",8.494836807250977,courtroom,3,"cleaned,"
1,--,10.854382514953613,courtroom,1,--
2,was --,8.51216983795166,courtroom,1,--
1,that,10.947566986083984,courtroom,6,that
2,of that,10.360599517822266,courtroom,6,that
4,"cleaned, some of that",9.974571228027344,courtroom,6,that
1,the,12.734390258789062,courtroom,6,the
2,to the,12.121143341064453,courtroom,6,the
4,what happened to the,12.572447776794434,courtroom,6,the
1,to,11.301959037780762,courtroom,5,to
2,happened to,8.404107093811035,courtroom,5,to
4,or what happened to,8.208813667297363,courtroom,5,to
1,where,11.376585006713867,courtroom,1,where
2,to where,6.8359456062316895,courtroom,1,where
1,with,11.736027717590332,courtroom,5,with
2,it with,10.095296859741211,courtroom,5,with
4,said mark it with,6.569304943084717,courtroom,5,with
1,an,11.774314880371094,courtroom,6,an
2,with an,10.487286567687988,courtroom,6,an
4,mark it with an,10.383262634277344,courtroom,6,an
1,mark,11.035113334655762,courtroom,3,mark
2,said mark,6.5985026359558105,courtroom,3,mark
4,conversation you said mark,8.191829681396484,courtroom,3,mark
1,the,12.734390258789062,courtroom,1,the
2,that the,12.474541664123535,courtroom,1,the
1,to,11.301959037780762,courtroom,8,to
2,fed to,10.75192928314209,courtroom,8,to
4,reconditioned were fed to,8.980953216552734,courtroom,8,to
8,the drums to be reconditioned were fed to,7.243392467498779,courtroom,8,to
1,to,11.301959037780762,courtroom,3,to
2,drums to,10.631064414978027,courtroom,3,to
4,that the drums to,7.6148762702941895,courtroom,3,to
1,it,10.897254943847656,courtroom,1,it
2,put it,6.357696056365967,courtroom,1,it
1,start,10.791396141052246,courtroom,8,start
2,would start,7.968000411987305,courtroom,8,start
4,and it would start,7.014355182647705,courtroom,8,start
8,it on this rack and it would start,7.542690277099609,courtroom,8,start
1,this,10.959673881530762,courtroom,3,this
2,on this,10.626091003417969,courtroom,3,this
4,put it on this,8.826936721801758,courtroom,3,this
1,or,11.46521282196045,courtroom,8,or
2,metal or,11.889420509338379,courtroom,8,or
4,it was metal or,8.740884780883789,courtroom,8,or
8,"it was constructed, whether it was metal or",6.776895999908447,courtroom,8,or
1,metal,11.534119606018066,courtroom,7,metal
2,was metal,8.416123390197754,courtroom,7,metal
4,whether it was metal,6.271719455718994,courtroom,7,metal
8,"how it was constructed, whether it was metal",5.079146862030029,courtroom,7,metal
1,"constructed,",10.915794372558594,courtroom,3,"constructed,"
2,"was constructed,",8.383768081665039,courtroom,3,"constructed,"
4,"how it was constructed,",7.795196533203125,courtroom,3,"constructed,"
1,when,10.965540885925293,courtroom,1,when
2,"knowledge, when",7.91813325881958,courtroom,1,when
1,it,10.897254943847656,courtroom,2,it
2,when it,5.643795490264893,courtroom,2,it
1,the,12.734390258789062,courtroom,6,the
2,of the,12.293905258178711,courtroom,6,the
4,ran out of the,10.060463905334473,courtroom,6,the
1,was,10.896289825439453,courtroom,4,was
2,customer was,9.667637825012207,courtroom,4,was
4,to a customer was,9.8634614944458,courtroom,4,was
1,be,11.872392654418945,courtroom,8,be
2,to be,10.100297927856445,courtroom,8,be
4,they needed to be,9.740516662597656,courtroom,8,be
8,to a customer was they needed to be,8.650721549987793,courtroom,8,be
1,to,11.301959037780762,courtroom,1,to
2,sold to,10.358336448669434,courtroom,1,to
1,on,11.154274940490723,courtroom,5,on
2,are on,8.260778427124023,courtroom,5,on
4,folks who are on,6.775554180145264,courtroom,5,on
1,folks,7.600397109985352,courtroom,2,folks
2,the folks,4.625580310821533,courtroom,2,folks
1,the,12.734390258789062,courtroom,1,the
2,Could the,12.46895980834961,courtroom,1,the
1,the,12.734390258789062,courtroom,4,the
2,him the,12.192306518554688,courtroom,4,the
4,I fed him the,10.913880348205566,courtroom,4,the
1,which,10.866917610168457,courtroom,6,which
2,"drums, which",7.987411022186279,courtroom,6,which
4,"him the drums, which",8.359064102172852,courtroom,6,which
1,taking,10.83063793182373,courtroom,8,taking
2,is taking,7.4555535316467285,courtroom,8,taking
4,"drums, which is taking",6.895998477935791,courtroom,8,taking
8,"I fed him the drums, which is taking",6.1821675300598145,courtroom,8,taking
1,chided,8.680959701538086,courtroom,6,chided
2,be chided,7.270545959472656,courtroom,6,chided
4,he would be chided,3.077376365661621,courtroom,6,chided
1,that,10.947566986083984,courtroom,8,that
2,so that,7.478549957275391,courtroom,8,that
4,be chided so that,6.662807941436768,courtroom,8,that
8,"at all, he would be chided so that",4.986643314361572,courtroom,8,that
1,"all,",11.302806854248047,courtroom,2,"all,"
2,"at all,",8.774703979492188,courtroom,2,"all,"
1,and,11.574933052062988,courtroom,1,and
2,drums and,11.925851821899414,courtroom,1,and
1,passing,9.729854583740234,courtroom,3,passing
2,just passing,7.899835109710693,courtroom,3,passing
4,drums and just passing,6.738689422607422,courtroom,3,passing
1,to,11.301959037780762,courtroom,5,to
2,them to,10.432343482971191,courtroom,5,to
4,just passing them to,7.592105865478516,courtroom,5,to
1,third,10.729498863220215,courtroom,8,third
2,or third,5.480441570281982,courtroom,8,third
4,the second or third,9.4046049118042,courtroom,8,third
8,mixed or blended on the second or third,7.434453964233398,courtroom,8,third
1,mixed,9.538619995117188,courtroom,1,mixed
2,were mixed,6.837717056274414,courtroom,1,mixed
1,the,12.734390258789062,courtroom,5,the
2,on the,12.704998970031738,courtroom,5,the
4,or blended on the,10.3704833984375,courtroom,5,the
1,as,11.068653106689453,courtroom,1,as
2,-- as,8.049094200134277,courtroom,1,as
1,a,11.316549301147461,courtroom,7,a
2,do a,10.60631275177002,courtroom,7,a
4,you didn't do a,7.976396560668945,courtroom,7,a
8,-- as opposed to you didn't do a,7.314910888671875,courtroom,7,a
1,do,10.671449661254883,courtroom,6,do
2,didn't do,5.0832695960998535,courtroom,6,do
4,to you didn't do,5.064412593841553,courtroom,6,do
1,to,11.301959037780762,courtroom,5,to
2,fair to,9.56130313873291,courtroom,5,to
4,would be fair to,4.347846984863281,courtroom,5,to
1,be,11.872392654418945,courtroom,3,be
2,would be,9.17898941040039,courtroom,3,be
4,So it would be,7.52177095413208,courtroom,3,be
1,the,12.734390258789062,courtroom,7,the
2,say the,12.029172897338867,courtroom,7,the
4,fair to say the,10.727961540222168,courtroom,7,the
8,So it would be fair to say the,11.786839485168457,courtroom,7,the
1,had,11.16131591796875,courtroom,8,had
2,it had,8.339319229125977,courtroom,8,had
4,I know it had,4.970665454864502,courtroom,8,had
8,"know, in my mind I know it had",4.688884258270264,courtroom,8,had
1,"know,",8.246770858764648,courtroom,1,"know,"
2,"You know,",6.714511394500732,courtroom,1,"know,"
1,in,11.458725929260254,courtroom,2,in
2,"know, in",7.691078186035156,courtroom,2,in
1,sides,7.919297695159912,courtroom,7,sides
2,their sides,6.996461868286133,courtroom,7,sides
4,time on their sides,5.184388160705566,courtroom,7,sides
8,"sides, most of the time on their sides",3.8772237300872803,courtroom,7,sides
1,in,11.458725929260254,courtroom,8,in
2,sides in,9.638298988342285,courtroom,8,in
4,on their sides in,7.95892858505249,courtroom,8,in
8,most of the time on their sides in,8.357601165771484,courtroom,8,in
1,their,12.651253700256348,courtroom,6,their
2,on their,11.853912353515625,courtroom,6,their
4,the time on their,10.002880096435547,courtroom,6,their
1,it,10.897254943847656,courtroom,4,it
2,actually it,4.9921555519104,courtroom,4,it
4,river or actually it,5.993851661682129,courtroom,4,it
1,went,10.454033851623535,courtroom,5,went
2,it went,5.986276626586914,courtroom,5,went
4,or actually it went,6.801310062408447,courtroom,5,went
1,river,10.380720138549805,courtroom,1,river
2,the river,7.876283645629883,courtroom,1,river
1,of,12.024920463562012,courtroom,6,of
2,State of,9.61417007446289,courtroom,6,of
4,for the State of,6.336997032165527,courtroom,6,of
1,in,11.458725929260254,courtroom,1,in
2,Public in,9.68058967590332,courtroom,1,in
1,and,11.574933052062988,courtroom,2,and
2,in and,12.582795143127441,courtroom,2,and
1,same,11.373035430908203,courtroom,6,same
2,the same,9.165023803710938,courtroom,6,same
4,it was the same,8.304821968078613,courtroom,6,same
1,it,10.897254943847656,courtroom,3,it
2,-- it,5.640810489654541,courtroom,3,it
4,It was -- it,2.924239158630371,courtroom,3,it
1,the,12.734390258789062,courtroom,5,the
2,was the,9.750276565551758,courtroom,5,the
4,-- it was the,10.365849494934082,courtroom,5,the
1,the,12.734390258789062,courtroom,2,the
2,take the,11.739736557006836,courtroom,2,the
1,take,10.94829273223877,courtroom,1,take
2,would take,7.330458641052246,courtroom,1,take
1,shake,10.340320587158203,courtroom,8,shake
2,"track, shake",6.486355304718018,courtroom,8,shake
4,"of that track, shake",5.044796943664551,courtroom,8,shake
8,"take the drums off of that track, shake",4.557774066925049,courtroom,8,shake
1,was,10.896289825439453,courtroom,7,was
2,it was,9.499979019165039,courtroom,7,was
4,as if it was,9.469395637512207,courtroom,7,was
8,"Tower, did it appear as if it was",9.17683219909668,courtroom,7,was
1,did,10.002723693847656,courtroom,1,did
2,"Tower, did",5.641261577606201,courtroom,1,did
1,constructed,9.906354904174805,courtroom,8,constructed
2,was constructed,5.2434587478637695,courtroom,8,constructed
4,if it was constructed,6.051827430725098,courtroom,8,constructed
8,did it appear as if it was constructed,5.336536407470703,courtroom,8,constructed
1,--,10.854382514953613,courtroom,3,--
2,or --,11.786995887756348,courtroom,3,--
4,just Bernie or --,8.47957992553711,courtroom,3,--
1,guy's,12.299357414245605,courtroom,7,guy's
2,the guy's,9.611185073852539,courtroom,7,guy's
4,or whatever the guy's,6.624871730804443,courtroom,7,guy's
8,just Bernie or -- or whatever the guy's,4.2894744873046875,courtroom,7,guy's
1,or,11.46521282196045,courtroom,2,or
2,Bernie or,8.639379501342773,courtroom,2,or
1,that,10.947566986083984,courtroom,2,that
2,-- that,7.738865852355957,courtroom,2,that
1,was,10.896289825439453,courtroom,3,was
2,that was,8.553487777709961,courtroom,3,was
4,was -- that was,7.971103191375732,courtroom,3,was
1,truck,8.9494047164917,courtroom,7,truck
2,the truck,7.427495002746582,courtroom,7,truck
4,connected to the truck,6.444168567657471,courtroom,7,truck
8,was -- that was connected to the truck,6.402753829956055,courtroom,7,truck
1,in,11.458725929260254,courtroom,2,in
2,and in,8.659971237182617,courtroom,2,in
1,some,11.931933403015137,courtroom,3,some
2,in some,8.786172866821289,courtroom,3,some
4,"truck, and in some",4.333017349243164,courtroom,3,some
1,and,11.574933052062988,courtroom,1,and
2,"truck, and",10.520984649658203,courtroom,1,and
1,like,11.612746238708496,courtroom,1,like
2,seemed like,5.0417962074279785,courtroom,1,like
1,the,12.734390258789062,courtroom,8,the
2,at the,11.857196807861328,courtroom,8,the
4,to do at the,9.307904243469238,courtroom,8,the
8,like the logical thing to do at the,5.333238124847412,courtroom,8,the
1,the,12.734390258789062,courtroom,2,the
2,like the,12.446467399597168,courtroom,2,the
1,Lines,7.646891117095947,courtroom,8,Lines
2,at Lines,8.540270805358887,courtroom,8,Lines
4,a look at Lines,7.525265216827393,courtroom,8,Lines
8,like you to take a look at Lines,7.641964912414551,courtroom,8,Lines
1,to,11.301959037780762,courtroom,3,to
2,you to,9.09115982055664,courtroom,3,to
4,I'd like you to,7.837643146514893,courtroom,3,to
1,take,10.94829273223877,courtroom,4,take
2,to take,7.1508917808532715,courtroom,4,take
4,like you to take,6.744991779327393,courtroom,4,take
1,drums,8.221752166748047,courtroom,2,drums
2,the drums,6.64790153503418,courtroom,2,drums
1,until,10.430421829223633,courtroom,3,until
2,drums until,7.379639148712158,courtroom,3,until
4,off the drums until,6.1424150466918945,courtroom,3,until
1,came,8.2034912109375,courtroom,5,came
2,they came,5.369210243225098,courtroom,5,came
4,drums until they came,4.249223232269287,courtroom,5,came
1,that,10.947566986083984,courtroom,3,that
2,is that,9.734794616699219,courtroom,3,that
4,French drain is that,7.252009391784668,courtroom,3,that
1,drain,8.252342224121094,courtroom,1,drain
2,French drain,7.356891632080078,courtroom,1,drain
1,that,10.947566986083984,courtroom,6,that
2,-- that,7.738865852355957,courtroom,6,that
4,that runs -- that,7.203110694885254,courtroom,6,that
1,to,11.301959037780762,courtroom,4,to
2,turn to,10.117390632629395,courtroom,4,to
4,you to turn to,9.703235626220703,courtroom,4,to
1,of,12.024920463562012,courtroom,7,of
2,59 of,8.042147636413574,courtroom,7,of
4,to Page 59 of,8.314315795898438,courtroom,7,of
8,ask you to turn to Page 59 of,5.459018707275391,courtroom,7,of
1,to,11.301959037780762,courtroom,2,to
2,you to,9.09115982055664,courtroom,2,to
1,because,9.705339431762695,courtroom,8,because
2,time because,5.618118762969971,courtroom,8,because
4,at the time because,5.771975517272949,courtroom,8,because
8,put in a barrel at the time because,5.882307529449463,courtroom,8,because
1,barrel,8.225847244262695,courtroom,4,barrel
2,a barrel,6.206494331359863,courtroom,4,barrel
4,put in a barrel,5.669471740722656,courtroom,4,barrel
1,a,11.316549301147461,courtroom,3,a
2,in a,11.482857704162598,courtroom,3,a
4,was put in a,10.667269706726074,courtroom,3,a
1,the,12.734390258789062,courtroom,7,the
2,at the,11.857196807861328,courtroom,7,the
4,a look at the,12.174174308776855,courtroom,7,the
8,If we could take a look at the,11.434871673583984,courtroom,7,the
1,take,10.94829273223877,courtroom,3,take
2,could take,7.16549825668335,courtroom,3,take
4,If we could take,6.609286308288574,courtroom,3,take
1,we,11.5739107131958,courtroom,1,we
2,If we,7.708562850952148,courtroom,1,we
1,to,11.301959037780762,courtroom,4,to
2,gone to,10.023353576660156,courtroom,4,to
4,who's long gone to,8.536306381225586,courtroom,4,to
1,long,11.913646697998047,courtroom,2,long
2,who's long,5.834827423095703,courtroom,2,long
1,his,12.49317741394043,courtroom,5,his
2,to his,10.8195219039917,courtroom,5,his
4,long gone to his,9.551136016845703,courtroom,5,his
1,be,11.872392654418945,courtroom,2,be
2,would be,9.17898941040039,courtroom,2,be
1,up,10.697288513183594,courtroom,4,up
2,put up,7.674066543579102,courtroom,4,up
4,would be put up,5.043635845184326,courtroom,4,up
1,a,11.316549301147461,courtroom,6,a
2,on a,12.133975982666016,courtroom,6,a
4,put up on a,11.404766082763672,courtroom,6,a
1,from,11.629947662353516,courtroom,4,from
2,it from,10.392961502075195,courtroom,4,from
4,side taking it from,8.029070854187012,courtroom,4,from
1,"belt,",11.130166053771973,courtroom,6,"belt,"
2,"the belt,",9.437891006469727,courtroom,6,"belt,"
4,"it from the belt,",8.938714981079102,courtroom,6,"belt,"
1,side,10.695328712463379,courtroom,1,side
2,other side,5.1448974609375,courtroom,1,side
1,not,10.92558479309082,courtroom,5,not
2,was not,9.121697425842285,courtroom,5,not
4,that it was not,9.247861862182617,courtroom,5,not
1,the,12.734390258789062,courtroom,8,the
2,to the,12.121143341064453,courtroom,8,the
4,not going to the,11.306221008300781,courtroom,8,the
8,mind that it was not going to the,11.45616340637207,courtroom,8,the
1,it,10.897254943847656,courtroom,3,it
2,that it,5.432468891143799,courtroom,3,it
4,your mind that it,4.146934509277344,courtroom,3,it
1,to,11.301959037780762,courtroom,2,to
2,used to,10.338134765625,courtroom,2,to
1,was,10.896289825439453,courtroom,7,was
2,it was,9.499979019165039,courtroom,7,was
4,"but yes, it was",8.554207801818848,courtroom,7,was
8,"they used to filter, but yes, it was",8.598332405090332,courtroom,7,was
1,used,10.730368614196777,courtroom,1,used
2,they used,5.1977386474609375,courtroom,1,used
1,barrel,8.225847244262695,courtroom,1,barrel
2,that barrel,7.485357761383057,courtroom,1,barrel
1,their,12.651253700256348,courtroom,4,their
2,burn their,11.67757797241211,courtroom,4,their
4,barrel and burn their,9.23831844329834,courtroom,4,their
1,and,11.574933052062988,courtroom,6,and
2,papers and,11.13956069946289,courtroom,6,and
4,burn their papers and,10.762375831604004,courtroom,6,and
1,outside,10.25705623626709,courtroom,5,outside
2,the outside,5.454772472381592,courtroom,5,outside
4,was on the outside,4.773819446563721,courtroom,5,outside
1,the,12.734390258789062,courtroom,7,the
2,of the,12.293905258178711,courtroom,7,the
4,the outside of the,10.799230575561523,courtroom,7,the
8,pipe which was on the outside of the,10.209050178527832,courtroom,7,the
1,on,11.154274940490723,courtroom,3,on
2,was on,6.739248275756836,courtroom,3,on
4,pipe which was on,6.305867671966553,courtroom,3,on
1,a,11.316549301147461,courtroom,8,a
2,-- a,11.903508186340332,courtroom,8,a
4,a couple -- a,10.184229850769043,courtroom,8,a
8,in your earlier deposition a couple -- a,9.086723327636719,courtroom,8,a
1,in,11.458725929260254,courtroom,1,in
2,then in,8.700499534606934,courtroom,1,in
1,your,12.634740829467773,courtroom,2,your
2,in your,10.915826797485352,courtroom,2,your
1,to,11.301959037780762,courtroom,4,to
2,going to,9.507628440856934,courtroom,4,to
4,we were going to,8.08010482788086,courtroom,4,to
1,in,11.458725929260254,courtroom,7,in
2,"or, in",8.641310691833496,courtroom,7,in
4,"to make or, in",6.168302536010742,courtroom,7,in
8,"whatever we were going to make or, in",5.343898296356201,courtroom,7,in
1,were,11.316572189331055,courtroom,2,were
2,we were,9.283015251159668,courtroom,2,were
1,at,11.502521514892578,courtroom,1,at
2,worked at,8.67971420288086,courtroom,1,at
1,did,10.002723693847656,courtroom,5,did
2,as did,6.399696350097656,courtroom,5,did
4,both facilities as did,9.466090202331543,courtroom,5,did
1,both,11.42912769317627,courtroom,2,both
2,at both,9.86792278289795,courtroom,2,both
1,picked,10.75144100189209,courtroom,3,picked
2,were picked,2.570934772491455,courtroom,3,picked
4,when they were picked,3.6043343544006348,courtroom,3,picked
1,they,10.613469123840332,courtroom,5,they
2,"up, they",7.771918296813965,courtroom,5,they
4,"were picked up, they",6.803115367889404,courtroom,5,they
1,in,11.458725929260254,courtroom,8,in
2,put in,9.286362648010254,courtroom,8,in
4,they were put in,7.451465129852295,courtroom,8,in
8,"they were picked up, they were put in",7.004542350769043,courtroom,8,in
1,would,10.050649642944336,courtroom,8,would
2,we would,6.756349563598633,courtroom,8,would
4,"a product, we would",6.639664173126221,courtroom,8,would
8,"the kettles to make a product, we would",7.341269493103027,courtroom,8,would
1,kettles,8.497085571289062,courtroom,2,kettles
2,the kettles,7.586267471313477,courtroom,2,kettles
1,we,11.5739107131958,courtroom,7,we
2,"product, we",7.1923909187316895,courtroom,7,we
4,"make a product, we",6.789633750915527,courtroom,7,we
8,"into the kettles to make a product, we",7.802061080932617,courtroom,7,we
1,so,11.06381893157959,courtroom,5,so
2,or so,8.929540634155273,courtroom,5,so
4,a week or so,4.613630771636963,courtroom,5,so
1,during,11.064109802246094,courtroom,7,during
2,ago during,4.816298961639404,courtroom,7,during
4,or so ago during,5.6692681312561035,courtroom,7,during
8,today and a week or so ago during,5.928022861480713,courtroom,7,during
1,week,10.660839080810547,courtroom,3,week
2,a week,5.625133037567139,courtroom,3,week
4,today and a week,3.69659686088562,courtroom,3,week
1,do,10.671449661254883,courtroom,7,do
2,-- do,5.970935821533203,courtroom,7,do
4,with the -- do,5.262226104736328,courtroom,7,do
8,Can you mark that with the -- do,4.744064807891846,courtroom,7,do
1,that,10.947566986083984,courtroom,3,that
2,mark that,9.62850284576416,courtroom,3,that
4,Can you mark that,8.890320777893066,courtroom,3,that
1,the,12.734390258789062,courtroom,5,the
2,with the,12.026729583740234,courtroom,5,the
4,mark that with the,11.775400161743164,courtroom,5,the
1,first,11.162483215332031,courtroom,7,first
2,the first,9.22966194152832,courtroom,7,first
4,the -- the first,9.49670124053955,courtroom,7,first
8,Take a look at the -- the first,8.729796409606934,courtroom,7,first
1,page,10.402233123779297,courtroom,8,page
2,first page,7.051465034484863,courtroom,8,page
4,-- the first page,4.111027240753174,courtroom,8,page
8,a look at the -- the first page,5.7422261238098145,courtroom,8,page
1,look,10.315814971923828,courtroom,2,look
2,a look,4.133141040802002,courtroom,2,look
1,that,10.947566986083984,courtroom,7,that
2,aware that,7.940575122833252,courtroom,7,that
4,you were aware that,8.145699501037598,courtroom,7,that
8,"floor at that time, you were aware that",6.8589677810668945,courtroom,7,that
1,that,10.947566986083984,courtroom,2,that
2,at that,9.758613586425781,courtroom,2,that
1,at,11.502521514892578,courtroom,1,at
2,floor at,8.37481689453125,courtroom,1,at
1,were,11.316572189331055,courtroom,8,were
2,products were,9.136436462402344,courtroom,8,were
4,-- raw products were,9.042597770690918,courtroom,8,were
8,were -- that were -- raw products were,9.03079605102539,courtroom,8,were
1,raw,11.905319213867188,courtroom,6,raw
2,-- raw,9.086004257202148,courtroom,6,raw
4,that were -- raw,9.205063819885254,courtroom,6,raw
1,that,10.947566986083984,courtroom,3,that
2,-- that,7.738865852355957,courtroom,3,that
4,that were -- that,6.6556220054626465,courtroom,3,that
1,when,10.965540885925293,courtroom,3,when
2,days when,7.796631336212158,courtroom,3,when
4,There were days when,7.128137111663818,courtroom,3,when
1,you,10.660537719726562,courtroom,4,you
2,when you,7.518013954162598,courtroom,4,you
4,were days when you,6.5946431159973145,courtroom,4,you
1,do,10.671449661254883,courtroom,7,do
2,not do,7.0854387283325195,courtroom,7,do
4,you could not do,4.922669887542725,courtroom,7,do
8,There were days when you could not do,5.8057403564453125,courtroom,7,do
1,think,9.863617897033691,courtroom,3,think
2,I think,5.887979984283447,courtroom,3,think
4,"places, and I think",5.830226898193359,courtroom,3,think
1,there,9.811803817749023,courtroom,4,there
2,think there,3.3799221515655518,courtroom,4,there
4,and I think there,2.8881001472473145,courtroom,4,there
1,others,8.114253997802734,courtroom,8,others
2,few others,7.172302722930908,courtroom,8,others
4,were a few others,5.867536544799805,courtroom,8,others
8,and I think there were a few others,5.765730857849121,courtroom,8,others
1,this,10.959673881530762,courtroom,7,this
2,if this,8.971772193908691,courtroom,7,this
4,basement and if this,8.013943672180176,courtroom,7,this
8,filter presses in that basement and if this,7.966699600219727,courtroom,7,this
1,if,11.083032608032227,courtroom,6,if
2,and if,5.423353672027588,courtroom,6,if
4,that basement and if,5.236577987670898,courtroom,6,if
1,and,11.574933052062988,courtroom,5,and
2,basement and,11.490116119384766,courtroom,5,and
4,in that basement and,10.241042137145996,courtroom,5,and
1,was,10.896289825439453,courtroom,6,was
2,or was,9.954254150390625,courtroom,6,was
4,it flow or was,8.981363296508789,courtroom,6,was
1,"tailrace,",11.964170455932617,courtroom,1,"tailrace,"
2,"the tailrace,",9.135087966918945,courtroom,1,"tailrace,"
1,or,11.46521282196045,courtroom,5,or
2,flow or,12.0692720413208,courtroom,5,or
4,did it flow or,6.679932117462158,courtroom,5,or
1,happen,7.7130889892578125,courtroom,8,happen
2,it happen,5.979682445526123,courtroom,8,happen
4,I saw it happen,5.497438430786133,courtroom,8,happen
8,I can't remember whether I saw it happen,4.361191272735596,courtroom,8,happen
1,I,11.117331504821777,courtroom,1,I
2,but I,6.577347755432129,courtroom,1,I
1,remember,9.751459121704102,courtroom,3,remember
2,can't remember,6.078930854797363,courtroom,3,remember
4,but I can't remember,5.6661272048950195,courtroom,3,remember
1,they,10.613469123840332,courtroom,4,they
2,were they,9.199963569641113,courtroom,4,they
4,way -- were they,9.473421096801758,courtroom,4,they
1,right,10.864727020263672,courtroom,8,right
2,the right,7.222172260284424,courtroom,8,right
4,filled from the right,6.911868095397949,courtroom,8,right
8,way -- were they filled from the right,5.875909805297852,courtroom,8,right
1,--,10.854382514953613,courtroom,2,--
2,way --,9.464579582214355,courtroom,2,--
1,was,10.896289825439453,courtroom,4,was
2,it was,9.499979019165039,courtroom,4,was
4,guessing now it was,8.3516206741333,courtroom,4,was
1,was,10.896289825439453,courtroom,8,was
2,it was,9.499979019165039,courtroom,8,was
4,steam because it was,8.99417495727539,courtroom,8,was
8,guessing now it was steam because it was,8.80130672454834,courtroom,8,was
1,now,10.869876861572266,courtroom,2,now
2,guessing now,5.407741546630859,courtroom,2,now
1,the,12.734390258789062,courtroom,8,the
2,across the,10.450942993164062,courtroom,8,the
4,I was across the,6.219995498657227,courtroom,8,the
8,of my time when I was across the,6.452260971069336,courtroom,8,the
1,was,10.896289825439453,courtroom,6,was
2,I was,8.877824783325195,courtroom,6,was
4,time when I was,7.741357326507568,courtroom,6,was
1,time,10.924384117126465,courtroom,3,time
2,my time,6.635853290557861,courtroom,3,time
4,percentage of my time,6.861539840698242,courtroom,3,time
1,something,10.092069625854492,courtroom,8,something
2,or something,7.005733966827393,courtroom,8,something
4,a grate or something,5.990508556365967,courtroom,8,something
8,there some kind of a grate or something,6.286017417907715,courtroom,8,something
1,or,11.46521282196045,courtroom,7,or
2,grate or,11.67959976196289,courtroom,7,or
4,of a grate or,9.437250137329102,courtroom,7,or
8,Was there some kind of a grate or,5.481095314025879,courtroom,7,or
1,kind,10.186878204345703,courtroom,3,kind
2,some kind,1.7359862327575684,courtroom,3,kind
4,Was there some kind,0.21811436116695404,courtroom,3,kind
1,the,12.734390258789062,courtroom,3,the
2,from the,12.40151309967041,courtroom,3,the
4,I know from the,10.258271217346191,courtroom,3,the
1,know,10.400792121887207,courtroom,1,know
2,I know,5.813540458679199,courtroom,1,know
1,maps,9.550061225891113,courtroom,4,maps
2,the maps,6.803699493408203,courtroom,4,maps
4,know from the maps,6.644900321960449,courtroom,4,maps
1,poured,7.92805814743042,courtroom,6,poured
2,either poured,7.754857063293457,courtroom,6,poured
4,stuff was either poured,4.845815658569336,courtroom,6,poured
1,or,11.46521282196045,courtroom,8,or
2,in or,12.22529411315918,courtroom,8,or
4,either poured in or,9.17704963684082,courtroom,8,or
8,the raw stuff was either poured in or,9.393633842468262,courtroom,8,or
1,raw,11.905319213867188,courtroom,2,raw
2,the raw,8.501253128051758,courtroom,2,raw
1,ago,11.041464805603027,courtroom,1,ago
2,weeks ago,4.569891452789307,courtroom,1,ago
1,you,10.660537719726562,courtroom,2,you
2,ago you,7.3521318435668945,courtroom,2,you
1,of,12.024920463562012,courtroom,7,of
2,amount of,11.294883728027344,courtroom,7,of
4,a fair amount of,9.468814849853516,courtroom,7,of
8,weeks ago you gave a fair amount of,7.243788719177246,courtroom,7,of
1,for,11.576336860656738,courtroom,3,for
2,good for,9.121357917785645,courtroom,3,for
4,was not good for,8.445656776428223,courtroom,3,for
1,formaldehyde,6.440647602081299,courtroom,7,formaldehyde
2,knew formaldehyde,7.40025520324707,courtroom,7,formaldehyde
4,"me, I knew formaldehyde",4.688807010650635,courtroom,7,formaldehyde
8,"was not good for me, I knew formaldehyde",4.720869541168213,courtroom,7,formaldehyde
1,I,11.117331504821777,courtroom,5,I
2,"me, I",7.279181003570557,courtroom,5,I
4,"good for me, I",6.343922138214111,courtroom,5,I
1,you,10.660537719726562,courtroom,7,you
2,when you,7.518013954162598,courtroom,7,you
4,record of when you,7.697639465332031,courtroom,7,you
8,clear as possible a record of when you,7.74344539642334,courtroom,7,you
1,a,11.316549301147461,courtroom,3,a
2,possible a,11.834123611450195,courtroom,3,a
4,clear as possible a,11.654550552368164,courtroom,3,a
1,possible,10.00991439819336,courtroom,2,possible
2,as possible,5.755016803741455,courtroom,2,possible
1,and,11.574933052062988,courtroom,5,and
2,places and,11.945643424987793,courtroom,5,and
4,in both places and,9.44918441772461,courtroom,5,and
1,places,9.906545639038086,courtroom,4,places
2,both places,6.118147850036621,courtroom,4,places
4,gentlemen in both places,6.1731791496276855,courtroom,4,places
1,--,10.854382514953613,courtroom,6,--
2,and --,11.620068550109863,courtroom,6,--
4,both places and --,9.290897369384766,courtroom,6,--
1,when,10.965540885925293,courtroom,1,when
2,platform when,8.447103500366211,courtroom,1,when
1,but,10.735779762268066,courtroom,4,but
2,happened but,7.628551483154297,courtroom,4,but
4,when it happened but,7.420365810394287,courtroom,4,but
1,to,11.301959037780762,courtroom,5,to
2,but to,8.783661842346191,courtroom,5,to
4,it happened but to,8.18949031829834,courtroom,5,to
1,4,10.274768829345703,courtroom,5,4
2,No. 4,8.551942825317383,courtroom,5,4
4,to Exhibit No. 4,6.346960544586182,courtroom,5,4
1,back,10.862462043762207,courtroom,1,back
2,you back,5.688343048095703,courtroom,1,back
1,which,10.866917610168457,courtroom,6,which
2,4 which,7.608365535736084,courtroom,6,which
4,Exhibit No. 4 which,7.100457668304443,courtroom,6,which
1,them,10.87720012664795,courtroom,8,them
2,pick them,6.074931621551514,courtroom,8,them
4,and then pick them,1.9338706731796265,courtroom,8,them
8,them on the ground and then pick them,0.7319760322570801,courtroom,8,them
1,ground,10.720986366271973,courtroom,4,ground
2,the ground,6.946935176849365,courtroom,4,ground
4,them on the ground,6.522007465362549,courtroom,4,ground
1,pick,10.627740859985352,courtroom,7,pick
2,then pick,5.091067790985107,courtroom,7,pick
4,ground and then pick,3.8714516162872314,courtroom,7,pick
8,dump them on the ground and then pick,2.684502601623535,courtroom,7,pick
1,driver,9.980070114135742,courtroom,6,driver
2,the driver,6.540309429168701,courtroom,6,driver
4,part if the driver,7.411326885223389,courtroom,6,driver
1,part,11.022899627685547,courtroom,3,part
2,most part,5.084290027618408,courtroom,3,part
4,For the most part,1.9831994771957397,courtroom,3,part
1,the,12.734390258789062,courtroom,5,the
2,if the,12.415213584899902,courtroom,5,the
4,most part if the,12.214620590209961,courtroom,5,the
1,away,10.657820701599121,courtroom,2,away
2,were away,5.069780349731445,courtroom,2,away
1,that,10.947566986083984,courtroom,6,that
2,areas that,9.129962921142578,courtroom,6,that
4,from the areas that,7.80147647857666,courtroom,6,that
1,from,11.629947662353516,courtroom,3,from
2,away from,9.613895416259766,courtroom,3,from
4,They were away from,6.090390205383301,courtroom,3,from
1,area,10.593823432922363,courtroom,4,area
2,the area,6.016833305358887,courtroom,4,area
4,may be the area,5.59550666809082,courtroom,4,area
1,Johnny,11.786310195922852,courtroom,7,Johnny
2,which Johnny,9.968500137329102,courtroom,7,Johnny
4,area in which Johnny,9.40073013305664,courtroom,7,Johnny
8,that may be the area in which Johnny,8.992304801940918,courtroom,7,Johnny
1,Joyal,8.444489479064941,courtroom,8,Joyal
2,Johnny Joyal,7.352020263671875,courtroom,8,Joyal
4,in which Johnny Joyal,7.294651985168457,courtroom,8,Joyal
8,may be the area in which Johnny Joyal,7.055732250213623,courtroom,8,Joyal
1,35,10.22093677520752,courtroom,4,35
2,Page 35,7.456243991851807,courtroom,4,35
4,13 on Page 35,5.752882480621338,courtroom,4,35
1,and,11.574933052062988,courtroom,5,and
2,35 and,11.068198204040527,courtroom,5,and
4,on Page 35 and,10.8145751953125,courtroom,5,and
1,just,11.214090347290039,courtroom,6,just
2,and just,8.293087005615234,courtroom,6,just
4,Page 35 and just,8.820615768432617,courtroom,6,just
1,the,12.734390258789062,courtroom,6,the
2,to the,12.121143341064453,courtroom,6,the
4,a connection to the,12.496269226074219,courtroom,6,the
1,so,11.06381893157959,courtroom,8,so
2,river so,7.464975357055664,courtroom,8,so
4,to the river so,4.843050003051758,courtroom,8,so
8,there was a connection to the river so,6.085920810699463,courtroom,8,so
1,there,9.811803817749023,courtroom,1,there
2,"to, there",3.9731242656707764,courtroom,1,there
1,been,10.934855461120605,courtroom,8,been
2,have been,10.350520133972168,courtroom,8,been
4,may not have been,9.868494033813477,courtroom,8,been
8,residue that may or may not have been,9.352651596069336,courtroom,8,been
1,or,11.46521282196045,courtroom,4,or
2,may or,11.517691612243652,courtroom,4,or
4,residue that may or,0.027677036821842194,courtroom,4,or
1,that,10.947566986083984,courtroom,2,that
2,residue that,9.97539234161377,courtroom,2,that
1,I,11.117331504821777,courtroom,7,I
2,"apart, I",8.122701644897461,courtroom,7,I
4,"weren't far apart, I",7.252443790435791,courtroom,7,I
8,"they went -- they weren't far apart, I",4.927883148193359,courtroom,7,I
1,far,11.225980758666992,courtroom,5,far
2,weren't far,4.092158794403076,courtroom,5,far
4,-- they weren't far,3.630920886993408,courtroom,5,far
1,they,10.613469123840332,courtroom,3,they
2,-- they,7.090299606323242,courtroom,3,they
4,they went -- they,6.701423645019531,courtroom,3,they
1,it,10.897254943847656,courtroom,2,it
2,"process, it",5.941140651702881,courtroom,2,it
1,the,12.734390258789062,courtroom,6,the
2,of the,12.293905258178711,courtroom,6,the
4,ran out of the,10.060463905334473,courtroom,6,the
1,of,12.024920463562012,courtroom,5,of
2,out of,10.487857818603516,courtroom,5,of
4,it ran out of,9.489301681518555,courtroom,5,of
1,which,10.866917610168457,courtroom,6,which
2,that which,6.703372478485107,courtroom,6,which
4,prior to that which,6.292579174041748,courtroom,6,which
1,prior,9.924758911132812,courtroom,3,prior
2,there prior,5.792231559753418,courtroom,3,prior
4,I worked there prior,0.4231943190097809,courtroom,3,prior
1,there,9.811803817749023,courtroom,2,there
2,worked there,5.7610554695129395,courtroom,2,there
1,look,10.315814971923828,courtroom,7,look
2,a look,4.133141040802002,courtroom,7,look
4,can take a look,1.4454370737075806,courtroom,7,look
8,Let's see if we can take a look,1.1523488759994507,courtroom,7,look
1,a,11.316549301147461,courtroom,6,a
2,take a,7.385312557220459,courtroom,6,a
4,we can take a,7.584839820861816,courtroom,6,a
1,we,11.5739107131958,courtroom,3,we
2,if we,7.609607219696045,courtroom,3,we
4,Let's see if we,1.504761815071106,courtroom,3,we
1,like,11.612746238708496,courtroom,1,like
2,I'd like,1.216470718383789,courtroom,1,like
1,you,10.660537719726562,courtroom,2,you
2,like you,7.324793815612793,courtroom,2,you
1,to,11.301959037780762,courtroom,3,to
2,you to,9.09115982055664,courtroom,3,to
4,I'd like you to,7.837643146514893,courtroom,3,to
1,or,11.46521282196045,courtroom,5,or
2,north or,10.063658714294434,courtroom,5,or
4,was moving north or,3.0685322284698486,courtroom,5,or
1,"south,",10.519024848937988,courtroom,6,"south,"
2,"or south,",9.49195671081543,courtroom,6,"south,"
4,"moving north or south,",8.35122299194336,courtroom,6,"south,"
1,or,11.46521282196045,courtroom,8,or
2,east or,10.464692115783691,courtroom,8,or
4,"or south, east or",2.3688182830810547,courtroom,8,or
8,"it was moving north or south, east or",0.6985771059989929,courtroom,8,or
1,that,10.947566986083984,courtroom,4,that
2,to that,9.209742546081543,courtroom,4,that
4,dry off to that,10.643524169921875,courtroom,4,that
1,off,10.427752494812012,courtroom,6,off
2,-- off,6.656901836395264,courtroom,6,off
4,to that -- off,6.378399848937988,courtroom,6,off
1,off,10.427752494812012,courtroom,2,off
2,dry off,7.194153308868408,courtroom,2,off
1,"P.M.,",10.881158828735352,courtroom,1,"P.M.,"
2,"1:00 P.M.,",9.254388809204102,courtroom,1,"P.M.,"
1,the,12.734390258789062,courtroom,3,the
2,at the,11.857196807861328,courtroom,3,the
4,"1:00 P.M., at the",11.565168380737305,courtroom,3,the
1,&,11.551033973693848,courtroom,7,&
2,DUFFY &,8.346632957458496,courtroom,7,&
4,offices of DUFFY &,8.87862777709961,courtroom,7,&
8,"1:00 P.M., at the offices of DUFFY &",7.742226600646973,courtroom,7,&
1,burn,10.883994102478027,courtroom,2,burn
2,the burn,8.395658493041992,courtroom,2,burn
1,--,10.854382514953613,courtroom,3,--
2,burn --,11.354881286621094,courtroom,3,--
4,That's the burn --,7.329312801361084,courtroom,3,--
1,the,12.734390258789062,courtroom,8,the
2,"area, the",12.44822883605957,courtroom,8,the
4,"the burn area, the",11.899953842163086,courtroom,8,the
8,"the burn -- that's the burn area, the",10.021702766418457,courtroom,8,the
1,but,10.735779762268066,courtroom,8,but
2,"it, but",8.18996810913086,courtroom,8,but
4,"vague about it, but",7.3449201583862305,courtroom,8,but
8,"was and I'm still vague about it, but",5.660860061645508,courtroom,8,but
1,still,10.723008155822754,courtroom,4,still
2,I'm still,7.630587100982666,courtroom,4,still
4,was and I'm still,7.897051811218262,courtroom,4,still
1,and,11.574933052062988,courtroom,2,and
2,was and,9.126911163330078,courtroom,2,and
1,there,9.811803817749023,twitch,3,there
2,go there,5.817396640777588,twitch,3,there
4,yeah you go there,6.685781002044678,twitch,3,there
1,you,10.660537719726562,twitch,4,you
2,there you,1.7331690788269043,twitch,4,you
4,you go there you,5.195522785186768,twitch,4,you
1,dancer,8.393601417541504,twitch,7,dancer
2,my dancer,8.601531982421875,twitch,7,dancer
4,you go my dancer,7.878149509429932,twitch,7,dancer
8,yeah you go there you go my dancer,8.456445693969727,twitch,7,dancer
1,we'll,6.779449462890625,twitch,4,we'll
2,me we'll,7.161656856536865,twitch,4,we'll
4,on by me we'll,7.074564456939697,twitch,4,we'll
1,away,10.657820701599121,twitch,6,away
2,run away,5.6943535804748535,twitch,6,away
4,me we'll run away,5.216257572174072,twitch,6,away
1,by,11.555146217346191,twitch,2,by
2,on by,11.561500549316406,twitch,2,by
1,dinosaur,9.313802719116211,twitch,8,dinosaur
2,the dinosaur,9.053679466247559,twitch,8,dinosaur
4,do with the dinosaur,8.064541816711426,twitch,8,dinosaur
8,yeah what do I do with the dinosaur,8.209738731384277,twitch,8,dinosaur
1,yeah,9.705076217651367,twitch,1,yeah
2,Oh yeah,3.7916383743286133,twitch,1,yeah
1,what,10.599081993103027,twitch,2,what
2,yeah what,5.9983625411987305,twitch,2,what
1,where,11.376585006713867,twitch,3,where
2,know where,5.939553260803223,twitch,3,where
4,I don't know where,5.239288806915283,twitch,3,where
1,I'm,7.25425910949707,twitch,7,I'm
2,though. I'm,6.9748663902282715,twitch,7,I'm
4,he is though. I'm,6.990501880645752,twitch,7,I'm
8,I don't know where he is though. I'm,5.963428974151611,twitch,7,I'm
1,he,11.501636505126953,twitch,4,he
2,where he,7.85174560546875,twitch,4,he
4,don't know where he,4.76809549331665,twitch,4,he
1,"Pino,",10.66620922088623,twitch,1,"Pino,"
2,"Now, Pino,",8.53245735168457,twitch,1,"Pino,"
1,crashed,7.5950493812561035,twitch,4,crashed
2,game crashed,5.855100154876709,twitch,4,crashed
4,"Pino, my game crashed",5.901617050170898,twitch,4,crashed
1,not,10.92558479309082,twitch,7,not
2,that's not,7.079346656799316,twitch,7,not
4,crashed and that's not,6.538464546203613,twitch,7,not
8,"Now, Pino, my game crashed and that's not",6.040131568908691,twitch,7,not
1,you,10.660537719726562,twitch,6,you
2,"you, you",6.859328746795654,twitch,6,you
4,"peeping on you, you",6.319697380065918,twitch,6,you
1,peeping,9.85150146484375,twitch,3,peeping
2,literally peeping,6.099524974822998,twitch,3,peeping
4,I was literally peeping,4.181010723114014,twitch,3,peeping
1,absolute,11.820209503173828,twitch,7,absolute
2,you absolute,9.689987182617188,twitch,7,absolute
4,"on you, you absolute",9.950081825256348,twitch,7,absolute
8,"I was literally peeping on you, you absolute",8.508341789245605,twitch,7,absolute
1,himself,6.7714314460754395,twitch,8,himself
2,offered himself,2.7428476810455322,twitch,8,himself
4,think he offered himself,3.2930748462677,twitch,8,himself
8,"you, Mr. Petty, I think he offered himself",3.9942402839660645,twitch,8,himself
1,he,11.501636505126953,twitch,6,he
2,think he,5.760216236114502,twitch,6,he
4,"Petty, I think he",5.783548831939697,twitch,6,he
1,Mr.,11.020536422729492,twitch,2,Mr.
2,"you, Mr.",10.940986633300781,twitch,2,Mr.
1,for,11.576336860656738,twitch,8,for
2,it for,10.653227806091309,twitch,8,for
4,you take it for,1.9916101694107056,twitch,8,for
8,"a little guy, can you take it for",3.4850480556488037,twitch,8,for
1,"guy,",10.38255786895752,twitch,3,"guy,"
2,"little guy,",8.469356536865234,twitch,3,"guy,"
4,"He's a little guy,",5.412468910217285,twitch,3,"guy,"
1,it,10.897254943847656,twitch,7,it
2,take it,6.678735733032227,twitch,7,it
4,can you take it,5.6792707443237305,twitch,7,it
8,"He's a little guy, can you take it",5.14241361618042,twitch,7,it
1,we,11.5739107131958,twitch,1,we
2,Will we,6.749217510223389,twitch,1,we
1,the,12.734390258789062,twitch,3,the
2,in the,11.499937057495117,twitch,3,the
4,Will we in the,9.38216781616211,twitch,3,the
1,zone?,10.307947158813477,twitch,5,zone?
2,patrol zone?,6.610857963562012,twitch,5,zone?
4,in the patrol zone?,6.4946112632751465,twitch,5,zone?
1,not,10.92558479309082,twitch,6,not
2,I'm not,6.414231300354004,twitch,6,not
4,bruised myself. I'm not,7.13847541809082,twitch,6,not
1,I'm,7.25425910949707,twitch,1,I'm
2,"No, I'm",4.281330108642578,twitch,1,I'm
1,my,12.444364547729492,twitch,8,my
2,on my,10.981941223144531,twitch,8,my
4,I'm not on my,7.542404651641846,twitch,8,my
8,I'm not bruised myself. I'm not on my,5.905398845672607,twitch,8,my
1,don't,7.345463752746582,twitch,1,don't
2,"No, don't",7.371405124664307,twitch,1,don't
1,"puke,",11.013599395751953,twitch,2,"puke,"
2,"don't puke,",7.7586774826049805,twitch,2,"puke,"
1,just,11.214090347290039,twitch,5,just
2,"puke, just",7.083076477050781,twitch,5,just
4,"puke, don't puke, just",8.445154190063477,twitch,5,just
1,that's,6.693538665771484,twitch,1,that's
2,"No, that's",3.7997636795043945,twitch,1,that's
1,Java,11.33154582977295,twitch,6,Java
2,have Java,8.217875480651855,twitch,6,Java
4,Java. I have Java,7.2320451736450195,twitch,6,Java
1,my,12.444364547729492,twitch,8,my
2,on my,10.981941223144531,twitch,8,my
4,have Java on my,6.299788951873779,twitch,8,my
8,that's not Java. I have Java on my,5.680362701416016,twitch,8,my
1,is,11.129858016967773,twitch,2,is
2,this is,7.515775203704834,twitch,2,is
1,is,11.129858016967773,twitch,5,is
2,this is,7.515775203704834,twitch,5,is
4,is not this is,7.055903434753418,twitch,5,is
1,not,10.92558479309082,twitch,6,not
2,is not,9.08083438873291,twitch,6,not
4,not this is not,7.141634941101074,twitch,6,not
1,just,11.214090347290039,twitch,2,just
2,guys just,8.87872314453125,twitch,2,just
1,to,11.301959037780762,twitch,4,to
2,have to,7.693484306335449,twitch,4,to
4,guys just have to,7.723536014556885,twitch,4,to
1,part,11.022899627685547,twitch,6,part
2,get part,3.5928101539611816,twitch,6,part
4,have to get part,2.4452297687530518,twitch,6,part
1,up,10.697288513183594,twitch,8,up
2,standing up,5.6708598136901855,twitch,8,up
4,you I'm standing up,5.446855545043945,twitch,8,up
8,quencheses man we need you I'm standing up,5.578107833862305,twitch,8,up
1,you,10.660537719726562,twitch,5,you
2,need you,6.160007953643799,twitch,5,you
4,man we need you,3.6460864543914795,twitch,5,you
1,standing,10.849822044372559,twitch,7,standing
2,I'm standing,4.881710052490234,twitch,7,standing
4,need you I'm standing,5.193323135375977,twitch,7,standing
8,abby quencheses man we need you I'm standing,5.400566577911377,twitch,7,standing
1,a,11.316549301147461,twitch,8,a
2,in a,11.482857704162598,twitch,8,a
4,my t-peen in a,11.383421897888184,twitch,8,a
8,need to fucking stick my t-peen in a,10.200247764587402,twitch,8,a
1,in,11.458725929260254,twitch,7,in
2,t-peen in,9.812643051147461,twitch,7,in
4,stick my t-peen in,7.461225509643555,twitch,7,in
8,I need to fucking stick my t-peen in,6.001579761505127,twitch,7,in
1,to,11.301959037780762,twitch,2,to
2,need to,8.330086708068848,twitch,2,to
1,this,10.959673881530762,twitch,4,this
2,Is this,7.696563243865967,twitch,4,this
4,one's you? Is this,7.8251447677612305,twitch,4,this
1,you?,7.833011627197266,twitch,2,you?
2,one's you?,7.579802989959717,twitch,2,you?
1,you,10.660537719726562,twitch,5,you
2,this you,6.548614025115967,twitch,5,you
4,you? Is this you,4.63729190826416,twitch,5,you
1,of,12.024920463562012,twitch,4,of
2,out of,10.487857818603516,twitch,4,of
4,the fuck out of,7.2012505531311035,twitch,4,of
1,the,12.734390258789062,twitch,1,the
2,Locobot the,12.426169395446777,twitch,1,the
1,out,10.346115112304688,twitch,3,out
2,fuck out,6.09529447555542,twitch,3,out
4,Locobot the fuck out,3.3359971046447754,twitch,3,out
1,to,11.301959037780762,twitch,2,to
2,up to,10.544133186340332,twitch,2,to
1,giant,11.129050254821777,twitch,7,giant
2,the giant,11.492790222167969,twitch,7,giant
4,left toward the giant,11.15150260925293,twitch,7,giant
8,Look up to your left toward the giant,10.991727828979492,twitch,7,giant
1,up,10.697288513183594,twitch,1,up
2,Look up,7.486164093017578,twitch,1,up
1,need,10.85104751586914,twitch,2,need
2,we need,4.308902740478516,twitch,2,need
1,A.,10.47487735748291,twitch,5,A.
2,and A.,9.458782196044922,twitch,5,A.
4,need Y and A.,10.257895469665527,twitch,5,A.
1,and,11.574933052062988,twitch,4,and
2,Y and,11.732254981994629,twitch,4,and
4,we need Y and,7.861798286437988,twitch,4,and
1,sanctuary,7.86378288269043,twitch,7,sanctuary
2,nearest sanctuary,5.549661636352539,twitch,7,sanctuary
4,to the nearest sanctuary,5.424222946166992,twitch,7,sanctuary
8,We need to get to the nearest sanctuary,5.038106441497803,twitch,7,sanctuary
1,like,11.612746238708496,twitch,8,like
2,sanctuary like,8.679654121398926,twitch,8,like
4,the nearest sanctuary like,8.673389434814453,twitch,8,like
8,need to get to the nearest sanctuary like,8.584932327270508,twitch,8,like
1,the,12.734390258789062,twitch,5,the
2,to the,12.121143341064453,twitch,5,the
4,to get to the,9.733386993408203,twitch,5,the
1,good,10.838345527648926,twitch,5,good
2,what good,6.0599284172058105,twitch,5,good
4,"ThunderLive, imagine what good",7.9322509765625,twitch,5,good
1,"man,",10.404977798461914,twitch,6,"man,"
2,"good man,",8.807083129882812,twitch,6,"man,"
4,"imagine what good man,",8.441740989685059,twitch,6,"man,"
1,"ThunderLive,",11.290632247924805,twitch,2,"ThunderLive,"
2,"Mr. ThunderLive,",8.571459770202637,twitch,2,"ThunderLive,"
1,around,10.504321098327637,twitch,7,around
2,come around,7.299808502197266,twitch,7,around
4,when you come around,5.355102062225342,twitch,7,around
8,"Yeah, this what happens when you come around",5.514547348022461,twitch,7,around
1,come,10.260955810546875,twitch,6,come
2,you come,5.444520950317383,twitch,6,come
4,happens when you come,4.316187381744385,twitch,6,come
1,you,10.660537719726562,twitch,5,you
2,when you,7.518013954162598,twitch,5,you
4,what happens when you,8.039312362670898,twitch,5,you
1,I'm,7.25425910949707,twitch,5,I'm
2,time. I'm,7.240321159362793,twitch,5,I'm
4,no more time. I'm,7.359549522399902,twitch,5,I'm
1,time.,8.308613777160645,twitch,4,time.
2,more time.,7.675322532653809,twitch,4,time.
4,buy no more time.,7.647258281707764,twitch,4,time.
1,ripping,8.626653671264648,twitch,6,ripping
2,I'm ripping,5.951133728027344,twitch,6,ripping
4,more time. I'm ripping,6.129546165466309,twitch,6,ripping
1,guys,9.345287322998047,twitch,4,guys
2,the guys,6.745163440704346,twitch,4,guys
4,we do the guys,7.159507751464844,twitch,4,guys
1,that,10.947566986083984,twitch,5,that
2,guys that,8.651445388793945,twitch,5,that
4,do the guys that,7.6640777587890625,twitch,5,that
1,do,10.671449661254883,twitch,2,do
2,we do,4.519106388092041,twitch,2,do
1,a,11.316549301147461,twitch,1,a
2,That's a,8.631867408752441,twitch,1,a
1,good,10.838345527648926,twitch,5,good
2,is good,6.48550271987915,twitch,5,good
4,good point is good,7.3677449226379395,twitch,5,good
1,good,10.838345527648926,twitch,2,good
2,a good,9.664921760559082,twitch,2,good
1,middle,10.923980712890625,twitch,6,middle
2,the middle,5.2663469314575195,twitch,6,middle
4,guy in the middle,2.9609575271606445,twitch,6,middle
1,of,12.024920463562012,twitch,7,of
2,middle of,6.6962971687316895,twitch,7,of
4,in the middle of,5.649434566497803,twitch,7,of
8,I'm a small guy in the middle of,4.110210418701172,twitch,7,of
1,the,12.734390258789062,twitch,8,the
2,of the,12.293905258178711,twitch,8,the
4,the middle of the,8.762465476989746,twitch,8,the
8,a small guy in the middle of the,7.848623275756836,twitch,8,the
1,"me,",10.894597053527832,twitch,3,"me,"
2,"on me,",8.908100128173828,twitch,3,"me,"
4,"There's something on me,",7.310461044311523,twitch,3,"me,"
1,on,11.154274940490723,twitch,8,on
2,something on,7.622681617736816,twitch,8,on
4,"on me, something on",5.690714359283447,twitch,8,on
8,"something on me, something on me, something on",0.9617285132408142,twitch,8,on
1,something,10.092069625854492,twitch,1,something
2,There's something,6.451108455657959,twitch,1,something
1,being,10.280539512634277,twitch,4,being
2,clearly being,9.869852066040039,twitch,4,being
4,we're very clearly being,9.120667457580566,twitch,4,being
1,clearly,10.75186824798584,twitch,3,clearly
2,very clearly,9.090232849121094,twitch,3,clearly
4,Since we're very clearly,8.292360305786133,twitch,3,clearly
1,to,11.301959037780762,twitch,8,to
2,teleport to,9.32004165649414,twitch,8,to
4,"stream-scived, we teleport to",6.65329122543335,twitch,8,to
8,"we're very clearly being stream-scived, we teleport to",6.7611846923828125,twitch,8,to
1,"had,",9.704822540283203,twitch,3,"had,"
2,"I had,",6.7480998039245605,twitch,3,"had,"
4,"I wish I had,",5.532088756561279,twitch,3,"had,"
1,I,11.117331504821777,twitch,2,I
2,wish I,7.073482513427734,twitch,2,I
1,gotta,9.61825942993164,twitch,5,gotta
2,we gotta,6.768539905548096,twitch,5,gotta
4,"I had, we gotta",6.467609882354736,twitch,5,gotta
1,here,9.959783554077148,twitch,6,here
2,Right here,4.4806976318359375,twitch,6,here
4,the road! Right here,4.62363862991333,twitch,6,here
1,Right,10.182733535766602,twitch,5,Right
2,road! Right,5.115354061126709,twitch,5,Right
4,on the road! Right,5.549641132354736,twitch,5,Right
1,road!,7.771071910858154,twitch,4,road!
2,the road!,8.319246292114258,twitch,4,road!
4,here on the road!,7.1431193351745605,twitch,4,road!
1,"well,",10.818679809570312,twitch,4,"well,"
2,"oh, well,",7.150888919830322,twitch,4,"well,"
4,"bet you oh, well,",7.547754287719727,twitch,4,"well,"
1,you,10.660537719726562,twitch,2,you
2,bet you,8.14049243927002,twitch,2,you
1,bet,11.3316650390625,twitch,1,bet
2,I bet,5.731667995452881,twitch,1,bet
1,this,10.959673881530762,twitch,1,this
2,Is this,7.696563243865967,twitch,1,this
1,a,11.316549301147461,twitch,4,a
2,to a,11.758371353149414,twitch,4,a
4,this job to a,10.683201789855957,twitch,4,a
1,to,11.301959037780762,twitch,3,to
2,job to,9.807755470275879,twitch,3,to
4,Is this job to,5.9614152908325195,twitch,3,to
1,already,10.248457908630371,twitch,1,already
2,I'm already,8.8001708984375,twitch,1,already
1,calling.,8.589492797851562,twitch,2,calling.
2,already calling.,7.5936598777771,twitch,2,calling.
1,do,10.671449661254883,twitch,5,do
2,should do,6.321377754211426,twitch,5,do
4,calling. I should do,5.281157493591309,twitch,5,do
1,have,10.692431449890137,twitch,6,have
2,might have,8.045845985412598,twitch,6,have
4,"this, this might have",5.704639434814453,twitch,6,have
1,might,10.476730346679688,twitch,5,might
2,this might,4.383098602294922,twitch,5,might
4,"eat this, this might",5.0507097244262695,twitch,5,might
1,"this,",10.760679244995117,twitch,3,"this,"
2,"eat this,",8.411659240722656,twitch,3,"this,"
4,"yeah but eat this,",7.630849361419678,twitch,3,"this,"
1,"back,",11.047807693481445,twitch,1,"back,"
2,"Come back,",9.873462677001953,twitch,1,"back,"
1,"back,",11.047807693481445,twitch,7,"back,"
2,"come back,",8.748499870300293,twitch,7,"back,"
4,"come back, come back,",4.470116138458252,twitch,7,"back,"
8,"Come back, come back, come back, come back,",4.2530598640441895,twitch,7,"back,"
1,come,10.260955810546875,twitch,8,come
2,"back, come",6.543754577636719,twitch,8,come
4,"back, come back, come",0.9754848480224609,twitch,8,come
8,"back, come back, come back, come back, come",0.4005885720252991,twitch,8,come
1,faster,8.56252670288086,twitch,2,faster
2,run faster,4.161865234375,twitch,2,faster
1,the,12.734390258789062,twitch,7,the
2,on the,12.704998970031738,twitch,7,the
4,30 seconds on the,11.186365127563477,twitch,7,the
8,You run faster like 30 seconds on the,10.511685371398926,twitch,7,the
1,bottom,10.694440841674805,twitch,8,bottom
2,the bottom,5.117857456207275,twitch,8,bottom
4,seconds on the bottom,6.180366516113281,twitch,8,bottom
8,run faster like 30 seconds on the bottom,6.29661226272583,twitch,8,bottom
1,you,10.660537719726562,twitch,8,you
2,if you,6.188261985778809,twitch,8,you
4,look look if you,5.73680305480957,twitch,8,you
8,tell you look look look look if you,6.160833358764648,twitch,8,you
1,you,10.660537719726562,twitch,2,you
2,tell you,6.171473503112793,twitch,2,you
1,look,10.315814971923828,twitch,5,look
2,look look,5.737161636352539,twitch,5,look
4,you look look look,6.886038303375244,twitch,5,look
1,road,11.003538131713867,twitch,8,road
2,teleport road,7.767413139343262,twitch,8,road
4,can I teleport road,8.257186889648438,twitch,8,road
8,know cat can I can I teleport road,8.978777885437012,twitch,8,road
1,I,11.117331504821777,twitch,6,I
2,can I,7.914618968963623,twitch,6,I
4,can I can I,7.2656755447387695,twitch,6,I
1,cat,11.163272857666016,twitch,2,cat
2,know cat,9.117310523986816,twitch,2,cat
1,here,9.959783554077148,twitch,2,here
2,up here,5.556390762329102,twitch,2,here
1,here,9.959783554077148,twitch,7,here
2,up here,5.556390762329102,twitch,7,here
4,"yourself, I'm up here",7.237778663635254,twitch,7,here
8,"I'm up here to yourself, I'm up here",1.0296192169189453,twitch,7,here
1,to,11.301959037780762,twitch,3,to
2,here to,9.779753684997559,twitch,3,to
4,I'm up here to,7.97042989730835,twitch,3,to
1,I'll,7.0371527671813965,twitch,4,I'll
2,here I'll,7.52546501159668,twitch,4,I'll
4,"off, well here I'll",6.643664360046387,twitch,4,I'll
1,you,10.660537719726562,twitch,6,you
2,show you,7.076379299163818,twitch,6,you
4,here I'll show you,5.75924825668335,twitch,6,you
1,show,11.013467788696289,twitch,5,show
2,I'll show,1.6025129556655884,twitch,5,show
4,well here I'll show,1.2053831815719604,twitch,5,show
1,two,11.198701858520508,twitch,1,two
2,Even two,8.458820343017578,twitch,1,two
1,still,10.723008155822754,twitch,3,still
2,is still,9.365554809570312,twitch,3,still
4,Even two is still,8.180818557739258,twitch,3,still
1,"little,",9.50723934173584,twitch,6,"little,"
2,"a little,",8.324175834655762,twitch,6,"little,"
4,"still like a little,",7.597870826721191,twitch,6,"little,"
1,guy.,8.794523239135742,twitch,4,guy.
2,little guy.,6.905184745788574,twitch,4,guy.
4,got a little guy.,6.808765888214111,twitch,4,guy.
1,We,10.645977973937988,twitch,5,We
2,guy. We,6.67221212387085,twitch,5,We
4,a little guy. We,6.758462905883789,twitch,5,We
1,got,11.186014175415039,twitch,1,got
2,We got,6.964138507843018,twitch,1,got
1,my,12.444364547729492,twitch,3,my
2,in my,9.192947387695312,twitch,3,my
4,He's coming in my,8.923890113830566,twitch,3,my
1,"bush,",10.206344604492188,twitch,4,"bush,"
2,"my bush,",9.478574752807617,twitch,4,"bush,"
4,"coming in my bush,",8.343611717224121,twitch,4,"bush,"
1,he's,10.79698371887207,twitch,5,he's
2,"bush, he's",8.385828971862793,twitch,5,he's
4,"in my bush, he's",8.278521537780762,twitch,5,he's
1,"god,",9.819499015808105,twitch,1,"god,"
2,"Thank god,",7.174994945526123,twitch,1,"god,"
1,my,12.444364547729492,twitch,3,my
2,oh my,9.950507164001465,twitch,3,my
4,"Thank god, oh my",2.9846858978271484,twitch,3,my
1,oh,10.938493728637695,twitch,2,oh
2,"god, oh",7.398464679718018,twitch,2,oh
1,T-Rex,10.275748252868652,twitch,7,T-Rex
2,female T-Rex,9.083117485046387,twitch,7,T-Rex
4,find a female T-Rex,7.155131816864014,twitch,7,T-Rex
8,"Guys, we need to find a female T-Rex",7.0165300369262695,twitch,7,T-Rex
1,need,10.85104751586914,twitch,2,need
2,we need,4.308902740478516,twitch,2,need
1,female,11.20843505859375,twitch,6,female
2,a female,10.641080856323242,twitch,6,female
4,to find a female,10.39702033996582,twitch,6,female
1,not,10.92558479309082,twitch,5,not
2,might not,5.916416168212891,twitch,5,not
4,"well, that might not",3.950681447982788,twitch,5,not
1,that's,6.693538665771484,twitch,1,that's
2,"Oh, that's",7.215308666229248,twitch,1,that's
1,for,11.576336860656738,twitch,8,for
2,good for,9.121357917785645,twitch,8,for
4,not be good for,7.132530212402344,twitch,8,for
8,"that's well, that might not be good for",6.623649597167969,twitch,8,for
1,personality,6.848113059997559,twitch,5,personality
2,of personality,6.798890113830566,twitch,5,personality
4,a dusting of personality,6.252400875091553,twitch,5,personality
1,dusting,9.180463790893555,twitch,3,dusting
2,a dusting,7.006261825561523,twitch,3,dusting
4,That's basically a dusting,4.9343719482421875,twitch,3,dusting
1,a,11.316549301147461,twitch,7,a
2,for a,10.343778610229492,twitch,7,a
4,of personality for a,10.326329231262207,twitch,7,a
8,That's basically a dusting of personality for a,9.295044898986816,twitch,7,a
1,and,11.574933052062988,twitch,5,and
2,shelf and,11.905915260314941,twitch,5,and
4,your back shelf and,10.18598461151123,twitch,5,and
1,always,11.110249519348145,twitch,1,always
2,I'm always,7.565165996551514,twitch,1,always
1,then,11.280230522155762,twitch,6,then
2,and then,10.076716423034668,twitch,6,then
4,back shelf and then,10.383913040161133,twitch,6,then
1,any,11.360147476196289,twitch,5,any
2,got any,10.367433547973633,twitch,5,any
4,"god, anybody got any",8.541423797607422,twitch,5,any
1,"god,",9.819499015808105,twitch,2,"god,"
2,"my god,",7.821787357330322,twitch,2,"god,"
1,got,11.186014175415039,twitch,4,got
2,anybody got,7.9432525634765625,twitch,4,got
4,"my god, anybody got",7.304693698883057,twitch,4,got
1,see,10.684712409973145,twitch,5,see
2,I see,7.055421829223633,twitch,5,see
4,"see it, I see",5.19688081741333,twitch,5,see
1,see,10.684712409973145,twitch,8,see
2,I see,7.055421829223633,twitch,8,see
4,"see it, I see",5.19688081741333,twitch,8,see
8,"I see it, I see it, I see",0.6310701370239258,twitch,8,see
1,I,11.117331504821777,twitch,7,I
2,"it, I",7.491160869598389,twitch,7,I
4,"I see it, I",5.414795875549316,twitch,7,I
8,"Oh, I see it, I see it, I",2.7194530963897705,twitch,7,I
1,the,12.734390258789062,twitch,8,the
2,by the,12.546070098876953,twitch,8,the
4,it sung by the,11.8777437210083,twitch,8,the
8,maybe do you knock it sung by the,11.402835845947266,twitch,8,the
1,it,10.897254943847656,twitch,5,it
2,knock it,5.104778289794922,twitch,5,it
4,do you knock it,3.565516233444214,twitch,5,it
1,sung,11.33536434173584,twitch,6,sung
2,it sung,7.097205638885498,twitch,6,sung
4,you knock it sung,6.664499282836914,twitch,6,sung
1,the,12.734390258789062,twitch,4,the
2,that's the,9.5038480758667,twitch,4,the
4,I saying that's the,8.523948669433594,twitch,4,the
1,"Oh,",7.328317642211914,twitch,7,"Oh,"
2,"person? Oh,",7.016693115234375,twitch,7,"Oh,"
4,"the right person? Oh,",6.636958122253418,twitch,7,"Oh,"
8,"Am I saying that's the right person? Oh,",5.7617621421813965,twitch,7,"Oh,"
1,I,11.117331504821777,twitch,1,I
2,Am I,8.794240951538086,twitch,1,I
1,called,11.60775089263916,twitch,6,called
2,game called,8.337571144104004,twitch,6,called
4,at a game called,9.386170387268066,twitch,6,called
1,scan,11.336851119995117,twitch,7,scan
2,called scan,7.724484443664551,twitch,7,scan
4,a game called scan,7.379377841949463,twitch,7,scan
8,Do me does at a game called scan,8.279784202575684,twitch,7,scan
1,does,9.734188079833984,twitch,2,does
2,me does,4.10099983215332,twitch,2,does
1,you're,7.940345764160156,twitch,8,you're
2,"you're, you're",7.995767593383789,twitch,8,you're
4,"it's because you're, you're",7.859013080596924,twitch,8,you're
8,"no, no. I think it's because you're, you're",8.065690040588379,twitch,8,you're
1,"you're,",6.53400993347168,twitch,7,"you're,"
2,"because you're,",5.801007270812988,twitch,7,"you're,"
4,"think it's because you're,",4.665609836578369,twitch,7,"you're,"
8,"No, no, no. I think it's because you're,",4.2088141441345215,twitch,7,"you're,"
1,I,11.117331504821777,twitch,3,I
2,no. I,6.856373310089111,twitch,3,I
4,"No, no, no. I",5.328729629516602,twitch,3,I
1,track,11.33780574798584,twitch,1,track
2,You track,7.712985038757324,twitch,1,track
1,on,11.154274940490723,twitch,7,on
2,footprint on,6.702845573425293,twitch,7,on
4,cue their footprint on,6.21584415435791,twitch,7,on
8,You track people by cue their footprint on,6.109814643859863,twitch,7,on
1,by,11.555146217346191,twitch,3,by
2,people by,10.73828125,twitch,3,by
4,You track people by,7.918455600738525,twitch,3,by
1,loom,9.334354400634766,twitch,1,loom
2,It's loom,4.70246696472168,twitch,1,loom
1,It's,7.384812831878662,twitch,5,It's
2,it. It's,7.805172443389893,twitch,5,It's
4,out of it. It's,7.378620147705078,twitch,5,It's
1,out,10.346115112304688,twitch,7,out
2,loom out,5.265024662017822,twitch,7,out
4,it. It's loom out,6.091927528381348,twitch,7,out
8,It's loom out of it. It's loom out,0.48412492871284485,twitch,7,out
1,was,10.896289825439453,twitch,7,was
2,it was,9.499979019165039,twitch,7,was
4,"just us, it was",8.407195091247559,twitch,7,was
8,"Oh, no, it was just us, it was",7.258693218231201,twitch,7,was
1,"no,",10.201715469360352,twitch,1,"no,"
2,"Oh, no,",5.710402965545654,twitch,1,"no,"
1,just,11.214090347290039,twitch,8,just
2,was just,7.816351413726807,twitch,8,just
4,"us, it was just",7.187074184417725,twitch,8,just
8,"no, it was just us, it was just",7.226826190948486,twitch,8,just
1,wipe,7.592822074890137,twitch,3,wipe
2,to wipe,5.545018672943115,twitch,3,wipe
4,I'd love to wipe,4.965090751647949,twitch,3,wipe
1,corpses,7.218952655792236,twitch,6,corpses
2,the corpses,4.500284671783447,twitch,6,corpses
4,wipe all the corpses,4.796481132507324,twitch,6,corpses
1,the,12.734390258789062,twitch,8,the
2,off the,12.695199966430664,twitch,8,the
4,the corpses off the,9.019956588745117,twitch,8,the
8,love to wipe all the corpses off the,8.235650062561035,twitch,8,the
1,of,12.024920463562012,twitch,5,of
2,way of,10.525745391845703,twitch,5,of
4,in the way of,10.837739944458008,twitch,5,of
1,in,11.458725929260254,twitch,2,in
2,I'm in,7.543304443359375,twitch,2,in
1,the,12.734390258789062,twitch,6,the
2,of the,12.293905258178711,twitch,6,the
4,the way of the,11.85050106048584,twitch,6,the
1,let,10.744215965270996,twitch,6,let
2,Don't let,5.65934944152832,twitch,6,let
4,kill you! Don't let,5.523397445678711,twitch,6,let
1,kill,10.769107818603516,twitch,8,kill
2,me kill,9.486871719360352,twitch,8,kill
4,Don't let me kill,1.6772680282592773,twitch,8,kill
8,let me kill you! Don't let me kill,0.5026344060897827,twitch,8,kill
1,Don't,7.490874290466309,twitch,5,Don't
2,you! Don't,7.168478965759277,twitch,5,Don't
4,me kill you! Don't,7.100374221801758,twitch,5,Don't
1,tell,10.891951560974121,twitch,2,tell
2,I tell,4.4912872314453125,twitch,2,tell
1,killed,10.51333999633789,twitch,7,killed
2,have killed,7.702773571014404,twitch,7,killed
4,he could have killed,7.177859306335449,twitch,7,killed
8,"No, I tell you, he could have killed",6.006017208099365,twitch,7,killed
1,me,10.572490692138672,twitch,8,me
2,killed me,6.16586446762085,twitch,8,me
4,could have killed me,5.442592144012451,twitch,8,me
8,"I tell you, he could have killed me",4.877119064331055,twitch,8,me
1,bunch,8.668734550476074,twitch,3,bunch
2,a bunch,1.6431020498275757,twitch,3,bunch
4,We've got a bunch,0.6809396147727966,twitch,3,bunch
1,old,11.37612247467041,twitch,8,old
2,good old,10.6461181640625,twitch,8,old
4,"good man, good old",8.846694946289062,twitch,8,old
8,"got a bunch of good man, good old",9.882856369018555,twitch,8,old
1,good,10.838345527648926,twitch,5,good
2,of good,9.160006523132324,twitch,5,good
4,a bunch of good,8.483033180236816,twitch,5,good
1,it,10.897254943847656,twitch,1,it
2,and it,5.709614276885986,twitch,1,it
1,is,11.129858016967773,twitch,7,is
2,okay is,8.53158950805664,twitch,7,is
4,of be okay is,8.51949691772461,twitch,7,is
8,"and it like, kind of be okay is",7.344085216522217,twitch,7,is
1,of,12.024920463562012,twitch,4,of
2,kind of,11.920049667358398,twitch,4,of
4,"it like, kind of",7.687100887298584,twitch,4,of
1,like,11.612746238708496,twitch,1,like
2,Little like,8.508522033691406,twitch,1,like
1,her,11.613869667053223,twitch,2,her
2,like her,10.167817115783691,twitch,2,her
1,beer,10.029470443725586,twitch,5,beer
2,little beer,7.395361423492432,twitch,5,beer
4,her a little beer,6.278471946716309,twitch,5,beer
1,guys,9.345287322998047,twitch,4,guys
2,you guys,7.338253498077393,twitch,4,guys
4,things interesting you guys,5.753626823425293,twitch,4,guys
1,near,11.175019264221191,twitch,8,near
2,water near,9.35080337524414,twitch,8,near
4,find the water near,5.68077278137207,twitch,8,near
8,things interesting you guys find the water near,7.472994804382324,twitch,8,near
1,water,11.01176643371582,twitch,7,water
2,the water,8.202545166015625,twitch,7,water
4,guys find the water,8.352373123168945,twitch,7,water
8,make things interesting you guys find the water,8.98243522644043,twitch,7,water
1,that,10.947566986083984,twitch,4,that
2,one that,8.770772933959961,twitch,4,that
4,you the one that,8.370281219482422,twitch,4,that
1,a,11.316549301147461,twitch,7,a
2,killed a,10.425844192504883,twitch,7,a
4,that just killed a,8.887450218200684,twitch,7,a
8,Are you the one that just killed a,9.167954444885254,twitch,7,a
1,one,10.6817045211792,twitch,3,one
2,the one,7.059289455413818,twitch,3,one
4,Are you the one,3.8936927318573,twitch,3,one
1,"good,",9.869667053222656,twitch,7,"good,"
2,"man, good,",9.451020240783691,twitch,7,"good,"
4,"boys, good man, good,",5.420261383056641,twitch,7,"good,"
8,"I'm gonna find some boys, good man, good,",6.11158561706543,twitch,7,"good,"
1,find,11.10165786743164,twitch,2,find
2,gonna find,6.396054744720459,twitch,2,find
1,"ah,",10.379317283630371,twitch,8,"ah,"
2,"good, ah,",9.235573768615723,twitch,8,"ah,"
4,"good man, good, ah,",7.216847896575928,twitch,8,"ah,"
8,"gonna find some boys, good man, good, ah,",8.242951393127441,twitch,8,"ah,"
1,can,10.825804710388184,twitch,5,can
2,You can,7.251712322235107,twitch,5,can
4,"you, Jack. You can",6.3540849685668945,twitch,5,can
1,Jack.,8.036014556884766,twitch,3,Jack.
2,"you, Jack.",7.399835109710693,twitch,3,Jack.
4,"I see you, Jack.",6.729316711425781,twitch,3,Jack.
1,You,10.525386810302734,twitch,7,You
2,go. You,5.999120712280273,twitch,7,You
4,You can go. You,3.6665472984313965,twitch,7,You
8,"I see you, Jack. You can go. You",4.782187461853027,twitch,7,You
1,this,10.959673881530762,twitch,1,this
2,who's this,8.003779411315918,twitch,1,this
1,that's,6.693538665771484,twitch,4,that's
2,that's that's,6.43537712097168,twitch,4,that's
4,this one that's that's,9.042956352233887,twitch,4,that's
1,on,11.154274940490723,twitch,5,on
2,that's on,7.1123785972595215,twitch,5,on
4,one that's that's on,6.7305216789245605,twitch,5,on
1,find,11.10165786743164,twitch,1,find
2,I'll find,4.735267162322998,twitch,1,find
1,me,10.572490692138672,twitch,6,me
2,send me,6.242685794830322,twitch,6,me
4,guys to send me,8.654565811157227,twitch,6,me
1,send,10.871127128601074,twitch,5,send
2,to send,7.091052532196045,twitch,5,send
4,you guys to send,6.345405101776123,twitch,5,send
1,and,11.574933052062988,twitch,4,and
2,here and,12.015179634094238,twitch,4,and
4,going over here and,8.872390747070312,twitch,4,and
1,going,10.563369750976562,twitch,1,going
2,I'm going,1.0406122207641602,twitch,1,going
1,over,11.29223346710205,twitch,2,over
2,going over,7.052841663360596,twitch,2,over
1,for,11.576336860656738,twitch,7,for
2,this for,9.549555778503418,twitch,7,for
4,gonna watch this for,6.560713291168213,twitch,7,for
8,"Oh my god, I'm gonna watch this for",5.726808071136475,twitch,7,for
1,this,10.959673881530762,twitch,6,this
2,watch this,9.237106323242188,twitch,6,this
4,I'm gonna watch this,7.86869478225708,twitch,6,this
1,a,11.316549301147461,twitch,8,a
2,for a,10.343778610229492,twitch,8,a
4,watch this for a,8.690892219543457,twitch,8,a
8,"my god, I'm gonna watch this for a",4.818299293518066,twitch,8,a
1,anything.,8.554865837097168,twitch,2,anything.
2,eat anything.,7.3689866065979,twitch,2,anything.
1,is,11.129858016967773,twitch,7,is
2,that is,6.137125492095947,twitch,7,is
4,don't eat that is,8.55324649810791,twitch,7,is
8,Can't eat anything. I don't eat that is,8.71558952331543,twitch,7,is
1,eat,10.640091896057129,twitch,1,eat
2,Can't eat,8.32845401763916,twitch,1,eat
1,"wounded,",10.281042098999023,twitch,7,"wounded,"
2,"he's wounded,",8.395636558532715,twitch,7,"wounded,"
4,"me and he's wounded,",6.488956928253174,twitch,7,"wounded,"
8,"Yeah, yeah, dude on me and he's wounded,",6.4945759773254395,twitch,7,"wounded,"
1,on,11.154274940490723,twitch,3,on
2,dude on,8.351242065429688,twitch,3,on
4,"Yeah, yeah, dude on",7.63978385925293,twitch,3,on
1,he's,10.79698371887207,twitch,6,he's
2,and he's,8.418893814086914,twitch,6,he's
4,on me and he's,8.053301811218262,twitch,6,he's
1,found,11.049341201782227,twitch,3,found
2,I found,5.976130962371826,twitch,3,found
4,I think I found,5.01861572265625,twitch,3,found
1,think,9.863617897033691,twitch,1,think
2,I think,5.887979984283447,twitch,1,think
1,found,11.049341201782227,twitch,8,found
2,I found,5.976130962371826,twitch,8,found
4,I think I found,5.01861572265625,twitch,8,found
8,think I found some! I think I found,4.050327777862549,twitch,8,found
1,stamina.,9.915692329406738,twitch,4,stamina.
2,regenerating stamina.,7.502999782562256,twitch,4,stamina.
4,have not regenerating stamina.,7.078952789306641,twitch,4,stamina.
1,we,11.5739107131958,twitch,6,we
2,Should we,8.003976821899414,twitch,6,we
4,regenerating stamina. Should we,7.923193454742432,twitch,6,we
1,regenerating,10.029935836791992,twitch,3,regenerating
2,not regenerating,8.00808334350586,twitch,3,regenerating
4,We have not regenerating,7.772350788116455,twitch,3,regenerating
1,kind,10.186878204345703,twitch,7,kind
2,I'm kind,0.10085990279912949,twitch,7,kind
4,"I'm actually, I'm kind",0.0641486644744873,twitch,7,kind
8,"Oh my god, wait, I'm actually, I'm kind",0.09254826605319977,twitch,7,kind
1,"god,",9.819499015808105,twitch,2,"god,"
2,"my god,",7.821787357330322,twitch,2,"god,"
1,I'm,7.25425910949707,twitch,4,I'm
2,"wait, I'm",7.40838623046875,twitch,4,I'm
4,"my god, wait, I'm",6.672972679138184,twitch,4,I'm
1,that,10.947566986083984,twitch,6,that
2,stairs that,9.146183013916016,twitch,6,that
4,of those stairs that,7.549102783203125,twitch,6,that
1,like,11.612746238708496,twitch,8,like
2,seems like,6.291382312774658,twitch,8,like
4,stairs that seems like,3.6688318252563477,twitch,8,like
8,is one of those stairs that seems like,3.3421852588653564,twitch,8,like
1,seems,5.394196510314941,twitch,7,seems
2,that seems,4.636612415313721,twitch,7,seems
4,those stairs that seems,4.722290515899658,twitch,7,seems
8,There is one of those stairs that seems,5.120271682739258,twitch,7,seems
1,gotta,9.61825942993164,twitch,5,gotta
2,we gotta,6.768539905548096,twitch,5,gotta
4,"move on, we gotta",6.8572096824646,twitch,5,gotta
1,B,11.827631950378418,twitch,7,B
2,get B,10.46197509765625,twitch,7,B
4,we gotta get B,9.616279602050781,twitch,7,B
8,"I can't move on, we gotta get B",9.273807525634766,twitch,7,B
1,"on,",10.979357719421387,twitch,3,"on,"
2,"move on,",9.233101844787598,twitch,3,"on,"
4,"I can't move on,",6.688404560089111,twitch,3,"on,"
1,to,11.301959037780762,twitch,4,to
2,pronounced to,7.711606979370117,twitch,4,to
4,guys are pronounced to,6.373021125793457,twitch,4,to
1,guys,9.345287322998047,twitch,1,guys
2,You guys,7.104531764984131,twitch,1,guys
1,H,11.63295841217041,twitch,5,H
2,to H,10.081711769104004,twitch,5,H
4,are pronounced to H,9.087367057800293,twitch,5,H
1,to,11.301959037780762,twitch,8,to
2,happening to,9.030060768127441,twitch,8,to
4,shit was happening to,5.845015525817871,twitch,8,to
8,other side the same shit was happening to,6.065515995025635,twitch,8,to
1,shit,10.392616271972656,twitch,5,shit
2,same shit,7.201877117156982,twitch,5,shit
4,side the same shit,6.447782039642334,twitch,5,shit
1,the,12.734390258789062,twitch,3,the
2,side the,12.630748748779297,twitch,3,the
4,the other side the,12.462198257446289,twitch,3,the
1,it,10.897254943847656,twitch,1,it
2,If it,5.704942226409912,twitch,1,it
1,"rotten,",10.62287712097168,twitch,3,"rotten,"
2,"was rotten,",8.703195571899414,twitch,3,"rotten,"
4,"If it was rotten,",6.536075115203857,twitch,3,"rotten,"
1,have,10.692431449890137,twitch,6,have
2,would have,7.024572849273682,twitch,6,have
4,"rotten, it would have",4.151322364807129,twitch,6,have
1,say,9.818024635314941,twitch,4,say
2,"it, say",5.276998519897461,twitch,4,say
4,"it, say it, say",2.3561341762542725,twitch,4,say
1,say,9.818024635314941,twitch,8,say
2,"it, say",5.276998519897461,twitch,8,say
4,"it, say it, say",2.3561341762542725,twitch,8,say
8,"it, say it, say it, say it, say",0.39267098903656006,twitch,8,say
1,"it,",11.110934257507324,twitch,1,"it,"
2,"Say it,",10.359920501708984,twitch,1,"it,"
1,eat,10.640091896057129,twitch,2,eat
2,I eat,8.132479667663574,twitch,2,eat
1,I,11.117331504821777,twitch,1,I
2,Should I,8.742300033569336,twitch,1,I
1,gotta,9.61825942993164,twitch,7,gotta
2,he gotta,6.880863189697266,twitch,7,gotta
4,"chat, since he gotta",7.278791427612305,twitch,7,gotta
8,"Should I eat him chat, since he gotta",6.263806343078613,twitch,7,gotta
1,can,10.825804710388184,twitch,6,can
2,I can,5.415952682495117,twitch,6,can
4,"reach him, I can",6.192893028259277,twitch,6,can
1,"him,",10.795534133911133,twitch,4,"him,"
2,"reach him,",8.493382453918457,twitch,4,"him,"
4,"can almost reach him,",7.37371826171875,twitch,4,"him,"
1,reach,10.496294021606445,twitch,3,reach
2,almost reach,6.557700157165527,twitch,3,reach
4,I can almost reach,6.5448737144470215,twitch,3,reach
1,in,11.458725929260254,twitch,7,in
2,Russian in,8.930295944213867,twitch,7,in
4,chat no Russian in,10.538575172424316,twitch,7,in
8,No Russian in the chat no Russian in,2.053363800048828,twitch,7,in
1,Russian,12.14891242980957,twitch,1,Russian
2,No Russian,10.841672897338867,twitch,1,Russian
1,no,11.925097465515137,twitch,5,no
2,chat no,8.919744491577148,twitch,5,no
4,in the chat no,5.553805828094482,twitch,5,no
1,a,11.316549301147461,twitch,2,a
2,have a,10.886540412902832,twitch,2,a
1,will,10.549927711486816,twitch,5,will
2,that will,7.225799560546875,twitch,5,will
4,a watch that will,7.9345526695251465,twitch,5,will
1,be,11.872392654418945,twitch,6,be
2,will be,10.02577018737793,twitch,6,be
4,watch that will be,8.721076965332031,twitch,6,be
1,testing,10.553726196289062,twitch,1,testing
2,Just testing,6.497420310974121,twitch,1,testing
1,merchandise.,4.972482681274414,twitch,4,merchandise.
2,the merchandise.,7.505339622497559,twitch,4,merchandise.
4,testing out the merchandise.,6.8617072105407715,twitch,4,merchandise.
1,Don't,7.490874290466309,twitch,5,Don't
2,merchandise. Don't,6.660902500152588,twitch,5,Don't
4,out the merchandise. Don't,7.2451910972595215,twitch,5,Don't
1,the,12.734390258789062,twitch,5,the
2,send the,12.026453018188477,twitch,5,the
4,"no, no, send the",10.988371849060059,twitch,5,the
1,"no,",10.201715469360352,twitch,3,"no,"
2,"no, no,",5.523804187774658,twitch,3,"no,"
4,"Oh, yeah, no, no,",4.844695091247559,twitch,3,"no,"
1,"no,",10.201715469360352,twitch,2,"no,"
2,"yeah, no,",5.920356750488281,twitch,2,"no,"
1,get,11.412823677062988,twitch,6,get
2,gonna get,7.9791178703308105,twitch,6,get
4,"here, I'm gonna get",7.224112033843994,twitch,6,get
1,gonna,9.22776985168457,twitch,5,gonna
2,I'm gonna,7.192975044250488,twitch,5,gonna
4,"see here, I'm gonna",7.601694107055664,twitch,5,gonna
1,I'm,7.25425910949707,twitch,4,I'm
2,"here, I'm",7.72268009185791,twitch,4,I'm
4,"guys see here, I'm",7.167227745056152,twitch,4,I'm
1,on,11.154274940490723,twitch,1,on
2,Come on,6.7331223487854,twitch,1,on
1,on,11.154274940490723,twitch,4,on
2,come on,9.599469184875488,twitch,4,on
4,"on guys, come on",5.744180202484131,twitch,4,on
1,go,10.900910377502441,twitch,8,go
2,gotta go,7.616121292114258,twitch,8,go
4,guys. We gotta go,7.405795097351074,twitch,8,go
8,"on guys, come on guys. We gotta go",6.786638259887695,twitch,8,go
1,I'll,7.0371527671813965,twitch,6,I'll
2,then I'll,7.3235039710998535,twitch,6,I'll
4,water and then I'll,7.372923851013184,twitch,6,I'll
1,and,11.574933052062988,twitch,4,and
2,water and,11.778975486755371,twitch,4,and
4,just drinking water and,10.047628402709961,twitch,4,and
1,be,11.872392654418945,twitch,7,be
2,I'll be,7.685668468475342,twitch,7,be
4,and then I'll be,8.580621719360352,twitch,7,be
8,I'm just drinking water and then I'll be,7.571466445922852,twitch,7,be
1,check,10.618690490722656,twitch,3,check
2,mean check,7.46791934967041,twitch,3,check
4,I was mean check,6.570153713226318,twitch,3,check
1,turn,10.807074546813965,twitch,7,turn
2,and turn,6.88981819152832,twitch,7,turn
4,the enough and turn,5.693049430847168,twitch,7,turn
8,I was mean check the enough and turn,5.279210090637207,twitch,7,turn
1,mean,10.580961227416992,twitch,2,mean
2,was mean,5.316773891448975,twitch,2,mean
1,no,11.925097465515137,twitch,1,no
2,no no,9.258729934692383,twitch,1,no
1,should,10.274287223815918,twitch,7,should
2,we should,7.278731822967529,twitch,7,should
4,need water we should,6.6686553955078125,twitch,7,should
8,no no food I need water we should,6.631982326507568,twitch,7,should
1,food,10.676980972290039,twitch,2,food
2,no food,7.852534770965576,twitch,2,food
1,"Oh,",7.328317642211914,twitch,3,"Oh,"
2,"go? Oh,",7.185161590576172,twitch,3,"Oh,"
4,"Where'd they go? Oh,",7.047834396362305,twitch,3,"Oh,"
1,over,11.29223346710205,twitch,5,over
2,they're over,7.911264896392822,twitch,5,over
4,"go? Oh, they're over",4.602200984954834,twitch,5,over
1,go?,9.603407859802246,twitch,2,go?
2,they go?,7.4623026847839355,twitch,2,go?
1,you're,7.940345764160156,twitch,6,you're
2,source you're,7.909418106079102,twitch,6,you're
4,trying to source you're,9.839743614196777,twitch,6,you're
1,to,11.301959037780762,twitch,4,to
2,trying to,8.693740844726562,twitch,4,to
4,was just trying to,7.33485746383667,twitch,4,to
1,just,11.214090347290039,twitch,2,just
2,was just,7.816351413726807,twitch,2,just
1,the,12.734390258789062,twitch,4,the
2,with the,12.026729583740234,twitch,4,the
4,the one with the,11.597272872924805,twitch,4,the
1,big,12.034542083740234,twitch,5,big
2,the big,9.899658203125,twitch,5,big
4,one with the big,10.611335754394531,twitch,5,big
1,one,10.6817045211792,twitch,2,one
2,the one,7.059289455413818,twitch,2,one
1,good,10.838345527648926,twitch,8,good
2,a good,9.664921760559082,twitch,8,good
4,is not a good,7.634706974029541,twitch,8,good
8,a good record that is not a good,5.418467044830322,twitch,8,good
1,good,10.838345527648926,twitch,2,good
2,a good,9.664921760559082,twitch,2,good
1,record,10.907768249511719,twitch,3,record
2,good record,5.817657470703125,twitch,3,record
4,Not a good record,5.929752349853516,twitch,3,record
1,don't,7.345463752746582,twitch,2,don't
2,don't don't,7.552779674530029,twitch,2,don't
1,that,10.947566986083984,twitch,4,that
2,drop that,9.774155616760254,twitch,4,that
4,don't don't drop that,10.156771659851074,twitch,4,that
1,drop,10.586565017700195,twitch,6,drop
2,don't drop,6.604940891265869,twitch,6,drop
4,drop that don't drop,7.689792633056641,twitch,6,drop
1,other,11.661579132080078,twitch,7,other
2,the other,9.178586959838867,twitch,7,other
4,just let the other,8.974296569824219,twitch,7,other
8,"Whoever gets up first, just let the other",5.4352288246154785,twitch,7,other
1,let,10.744215965270996,twitch,5,let
2,just let,5.301234722137451,twitch,5,let
4,"up first, just let",4.825308322906494,twitch,5,let
1,up,10.697288513183594,twitch,2,up
2,gets up,7.464392185211182,twitch,2,up
1,down,10.773820877075195,courtroom,9,down
2,come down,5.841908931732178,courtroom,9,down
4,when you come down,4.602834701538086,courtroom,9,down
8,to be on -- when you come down,4.791192531585693,courtroom,9,down
1,had,11.16131591796875,courtroom,1,had
2,It had,6.698814868927002,courtroom,1,had
1,to,11.301959037780762,courtroom,2,to
2,had to,8.512750625610352,courtroom,2,to
1,of,12.024920463562012,courtroom,9,of
2,34 of,7.620396614074707,courtroom,9,of
4,to Page 34 of,8.025419235229492,courtroom,9,of
8,ask you to turn to Page 34 of,5.6859235763549805,courtroom,9,of
1,Page,10.672101974487305,courtroom,7,Page
2,to Page,7.808313846588135,courtroom,7,Page
4,to turn to Page,7.828059196472168,courtroom,7,Page
8,May I ask you to turn to Page,7.5978922843933105,courtroom,7,Page
1,34,9.707763671875,courtroom,8,34
2,Page 34,7.0070905685424805,courtroom,8,34
4,turn to Page 34,5.613811492919922,courtroom,8,34
8,I ask you to turn to Page 34,4.32218074798584,courtroom,8,34
1,ammonia,8.97655963897705,courtroom,5,ammonia
2,knew ammonia,8.496490478515625,courtroom,5,ammonia
4,"me, I knew ammonia",5.709336280822754,courtroom,5,ammonia
1,was,10.896289825439453,courtroom,6,was
2,ammonia was,9.370112419128418,courtroom,6,was
4,I knew ammonia was,7.50702428817749,courtroom,6,was
1,good,10.838345527648926,courtroom,8,good
2,not good,6.625227928161621,courtroom,8,good
4,ammonia was not good,4.50621223449707,courtroom,8,good
8,"for me, I knew ammonia was not good",3.251863718032837,courtroom,8,good
1,"side,",11.265108108520508,courtroom,9,"side,"
2,"one side,",9.257122993469238,courtroom,9,"side,"
4,"was on one side,",8.190732955932617,courtroom,9,"side,"
8,"the -- the river was on one side,",5.079892158508301,courtroom,9,"side,"
1,--,10.854382514953613,courtroom,3,--
2,the --,11.623086929321289,courtroom,3,--
4,pointed but the --,11.450313568115234,courtroom,3,--
1,on,11.154274940490723,courtroom,7,on
2,was on,6.739248275756836,courtroom,7,on
4,the river was on,4.9247589111328125,courtroom,7,on
8,pointed but the -- the river was on,4.9673051834106445,courtroom,7,on
1,I,11.117331504821777,courtroom,6,I
2,"now, I",6.90365743637085,courtroom,6,I
4,"about it now, I",6.0417680740356445,courtroom,6,I
1,think,9.863617897033691,courtroom,2,think
2,I think,5.887979984283447,courtroom,2,think
1,do,10.671449661254883,courtroom,7,do
2,I do,4.724712371826172,courtroom,7,do
4,"it now, I do",4.870982646942139,courtroom,7,do
8,"more I think about it now, I do",6.062005996704102,courtroom,7,do
1,are,11.507725715637207,courtroom,1,are
2,that are,10.144783020019531,courtroom,1,are
1,the,12.734390258789062,courtroom,3,the
2,to the,12.121143341064453,courtroom,3,the
4,that are to the,8.404031753540039,courtroom,3,the
1,west,10.702654838562012,courtroom,8,west
2,the west,6.5202860832214355,courtroom,8,west
4,and to the west,4.880890846252441,courtroom,8,west
8,are to the east and to the west,4.205187797546387,courtroom,8,west
1,want,10.154277801513672,courtroom,8,want
2,I want,3.1437084674835205,courtroom,8,want
4,you and I want,3.643364429473877,courtroom,8,want
8,a few questions for you and I want,1.1048332452774048,courtroom,8,want
1,and,11.574933052062988,courtroom,6,and
2,you and,9.282472610473633,courtroom,6,and
4,questions for you and,6.627394199371338,courtroom,6,and
1,for,11.576336860656738,courtroom,4,for
2,questions for,9.831589698791504,courtroom,4,for
4,a few questions for,7.904071807861328,courtroom,4,for
1,from,11.629947662353516,courtroom,8,from
2,"time, from",10.069206237792969,courtroom,8,from
4,"of the time, from",8.896587371826172,courtroom,8,from
8,"I said here, most of the time, from",6.993195056915283,courtroom,8,from
1,what,10.599081993103027,courtroom,9,what
2,from what,7.24692440032959,courtroom,9,what
4,"the time, from what",3.204710006713867,courtroom,9,what
8,"said here, most of the time, from what",5.272177219390869,courtroom,9,what
1,"here,",10.569401741027832,courtroom,3,"here,"
2,"said here,",8.054167747497559,courtroom,3,"here,"
4,"like I said here,",7.932733535766602,courtroom,3,"here,"
1,going,10.563369750976562,courtroom,6,going
2,was going,1.7791283130645752,courtroom,6,going
4,"drums, he was going",1.7504523992538452,courtroom,6,going
1,be,11.872392654418945,courtroom,8,be
2,to be,10.100297927856445,courtroom,8,be
4,was going to be,8.412042617797852,courtroom,8,be
8,"with bad drums, he was going to be",8.600764274597168,courtroom,8,be
1,in,11.458725929260254,courtroom,9,in
2,be in,9.213696479797363,courtroom,9,in
4,going to be in,8.060052871704102,courtroom,9,in
8,"bad drums, he was going to be in",7.428588390350342,courtroom,9,in
1,would,10.050649642944336,courtroom,1,would
2,arm would,6.9766926765441895,courtroom,1,would
1,they,10.613469123840332,courtroom,6,they
2,and they,7.159318447113037,courtroom,6,they
4,it out and they,7.090731620788574,courtroom,6,they
1,be,11.872392654418945,courtroom,8,be
2,would be,9.17898941040039,courtroom,8,be
4,and they would be,10.362540245056152,courtroom,8,be
8,would kick it out and they would be,8.946721076965332,courtroom,8,be
1,look,10.315814971923828,courtroom,3,look
2,and look,4.592405319213867,courtroom,3,look
4,go out and look,4.418118953704834,courtroom,3,look
1,the,12.734390258789062,courtroom,5,the
2,in the,11.499937057495117,courtroom,5,the
4,and look in the,4.93805456161499,courtroom,5,the
1,was,10.896289825439453,courtroom,9,was
2,that was,8.553487777709961,courtroom,9,was
4,tanks but that was,7.796141624450684,courtroom,9,was
8,and look in the tanks but that was,7.384328365325928,courtroom,9,was
1,end,10.93889045715332,courtroom,5,end
2,an end,7.174476623535156,courtroom,5,end
4,come to an end,6.6915459632873535,courtroom,5,end
1,"and,",8.436591148376465,courtroom,6,"and,"
2,"end and,",7.355993747711182,courtroom,6,"and,"
4,"to an end and,",7.40005350112915,courtroom,6,"and,"
1,at,11.502521514892578,courtroom,7,at
2,"and, at",4.547573566436768,courtroom,7,at
4,"an end and, at",5.513620376586914,courtroom,7,at
8,"burner would come to an end and, at",4.539782524108887,courtroom,7,at
1,or,11.46521282196045,courtroom,1,or
2,ash or,12.581160545349121,courtroom,1,or
1,tip,10.704880714416504,courtroom,7,tip
2,"off, tip",7.359330177307129,courtroom,7,tip
4,"in them off, tip",6.098738193511963,courtroom,7,tip
8,"ash or whatever was in them off, tip",6.781796455383301,courtroom,7,tip
1,"off,",10.947434425354004,courtroom,6,"off,"
2,"them off,",8.7573823928833,courtroom,6,"off,"
4,"was in them off,",7.600080490112305,courtroom,6,"off,"
1,Page,10.672101974487305,courtroom,7,Page
2,"sorry, Page",8.932958602905273,courtroom,7,Page
4,"-- I'm sorry, Page",6.099504470825195,courtroom,7,Page
8,"of the Home Insurance -- I'm sorry, Page",8.185105323791504,courtroom,7,Page
1,"sorry,",8.111830711364746,courtroom,6,"sorry,"
2,"I'm sorry,",6.6229963302612305,courtroom,6,"sorry,"
4,"Insurance -- I'm sorry,",5.886622905731201,courtroom,6,"sorry,"
1,--,10.854382514953613,courtroom,4,--
2,Insurance --,10.47852897644043,courtroom,4,--
4,the Home Insurance --,10.159637451171875,courtroom,4,--
1,be,11.872392654418945,courtroom,7,be
2,to be,10.100297927856445,courtroom,7,be
4,the side to be,10.387621879577637,courtroom,7,be
8,and move it to the side to be,9.091639518737793,courtroom,7,be
1,move,10.777840614318848,courtroom,1,move
2,and move,6.925513744354248,courtroom,1,move
1,to,11.301959037780762,courtroom,3,to
2,it to,10.504074096679688,courtroom,3,to
4,and move it to,6.700243949890137,courtroom,3,to
1,kind,10.186878204345703,courtroom,3,kind
2,some kind,1.7359862327575684,courtroom,3,kind
4,been on some kind,0.24284930527210236,courtroom,3,kind
1,or,11.46521282196045,courtroom,6,or
2,pile-ons or,11.710801124572754,courtroom,6,or
4,kind of pile-ons or,11.936241149902344,courtroom,6,or
1,on,11.154274940490723,courtroom,1,on
2,been on,6.5875678062438965,courtroom,1,on
1,of,12.024920463562012,courtroom,7,of
2,period of,9.743366241455078,courtroom,7,of
4,was a period of,9.867782592773438,courtroom,7,of
8,'63 and then there was a period of,9.054319381713867,courtroom,7,of
1,period,10.635198593139648,courtroom,6,period
2,a period,3.9887754917144775,courtroom,6,period
4,there was a period,3.5278759002685547,courtroom,6,period
1,was,10.896289825439453,courtroom,4,was
2,there was,5.148713111877441,courtroom,4,was
4,and then there was,7.472227096557617,courtroom,4,was
1,no,11.925097465515137,courtroom,7,no
2,in no,9.650270462036133,courtroom,7,no
4,I am in no,2.3876006603240967,courtroom,7,no
8,"COMPANY, et al.; that I am in no",1.616626262664795,courtroom,7,no
1,am,11.342445373535156,courtroom,5,am
2,I am,8.244901657104492,courtroom,5,am
4,al.; that I am,8.3767671585083,courtroom,5,am
1,I,11.117331504821777,courtroom,4,I
2,that I,6.800164699554443,courtroom,4,I
4,et al.; that I,8.066082954406738,courtroom,4,I
1,belt,10.592641830444336,courtroom,4,belt
2,the belt,7.213341236114502,courtroom,4,belt
4,salt on the belt,6.248474597930908,courtroom,4,belt
1,the,12.734390258789062,courtroom,3,the
2,on the,12.704998970031738,courtroom,3,the
4,reserve salt on the,10.571754455566406,courtroom,3,the
1,on,11.154274940490723,courtroom,9,on
2,or on,9.1997709274292,courtroom,9,on
4,be dried or on,6.9893083572387695,courtroom,9,on
8,on the belt to be dried or on,5.88077974319458,courtroom,9,on
1,was,10.896289825439453,courtroom,7,was
2,it was,9.499979019165039,courtroom,7,was
4,and -- it was,9.155645370483398,courtroom,7,was
8,where the old paint and -- it was,8.761666297912598,courtroom,7,was
1,old,11.37612247467041,courtroom,2,old
2,the old,10.541971206665039,courtroom,2,old
1,paint,9.562273025512695,courtroom,3,paint
2,old paint,6.961322784423828,courtroom,3,paint
4,where the old paint,7.550074100494385,courtroom,3,paint
1,was,10.896289825439453,courtroom,1,was
2,there was,5.148713111877441,courtroom,1,was
1,"in,",11.317089080810547,courtroom,8,"in,"
2,"opened in,",9.055121421813965,courtroom,8,"in,"
4,"doors that opened in,",8.902215957641602,courtroom,8,"in,"
8,"was a set of doors that opened in,",7.636281967163086,courtroom,8,"in,"
1,opened,10.408452033996582,courtroom,7,opened
2,that opened,5.612781047821045,courtroom,7,opened
4,of doors that opened,5.956956386566162,courtroom,7,opened
8,there was a set of doors that opened,5.418447494506836,courtroom,7,opened
1,you,10.660537719726562,courtroom,3,you
2,ask you,7.939122200012207,courtroom,3,you
4,May I ask you,4.547131061553955,courtroom,3,you
1,ask,11.095863342285156,courtroom,2,ask
2,I ask,6.144417762756348,courtroom,2,ask
1,I,11.117331504821777,courtroom,1,I
2,May I,8.820690155029297,courtroom,1,I
1,we,11.5739107131958,courtroom,4,we
2,if we,7.609607219696045,courtroom,4,we
4,me see if we,3.0917842388153076,courtroom,4,we
1,we,11.5739107131958,courtroom,9,we
2,best we,5.237473487854004,courtroom,9,we
4,get the best we,0.8292055130004883,courtroom,9,we
8,see if we can get the best we,0.7983421683311462,courtroom,9,we
1,the,12.734390258789062,courtroom,7,the
2,get the,11.722474098205566,courtroom,7,the
4,we can get the,11.44555950164795,courtroom,7,the
8,Let me see if we can get the,11.914436340332031,courtroom,7,the
1,rack,10.533231735229492,courtroom,6,rack
2,that rack,7.39033317565918,courtroom,6,rack
4,to below that rack,5.923492431640625,courtroom,6,rack
1,below,9.977163314819336,courtroom,4,below
2,to below,6.765782833099365,courtroom,4,below
4,that drum to below,7.995881080627441,courtroom,4,below
1,that,10.947566986083984,courtroom,5,that
2,below that,9.51567268371582,courtroom,5,that
4,drum to below that,8.955577850341797,courtroom,5,that
1,worked,9.954773902893066,courtroom,8,worked
2,I worked,5.066489219665527,courtroom,8,worked
4,"of fact, I worked",4.633261203765869,courtroom,8,worked
8,"-- as a matter of fact, I worked",5.427826881408691,courtroom,8,worked
1,for,11.576336860656738,courtroom,9,for
2,worked for,9.612269401550293,courtroom,9,for
4,"fact, I worked for",8.103424072265625,courtroom,9,for
8,"as a matter of fact, I worked for",8.007189750671387,courtroom,9,for
1,--,10.854382514953613,courtroom,1,--
2,worked --,9.795658111572266,courtroom,1,--
1,be,11.872392654418945,courtroom,7,be
2,to be,10.100297927856445,courtroom,7,be
4,in time to be,10.257365226745605,courtroom,7,be
8,at some other point in time to be,7.732364177703857,courtroom,7,be
1,some,11.931933403015137,courtroom,1,some
2,at some,9.923628807067871,courtroom,1,some
1,in,11.458725929260254,courtroom,9,in
2,used in,9.498018264770508,courtroom,9,in
4,to be used in,9.961748123168945,courtroom,9,in
8,other point in time to be used in,9.013937950134277,courtroom,9,in
1,the,12.734390258789062,courtroom,6,the
2,called the,10.378185272216797,courtroom,6,the
4,what you called the,12.261092185974121,courtroom,6,the
1,what,10.599081993103027,courtroom,3,what
2,to what,7.295022487640381,courtroom,3,what
4,an arrow to what,6.931168079376221,courtroom,3,what
1,in,11.458725929260254,courtroom,9,in
2,coming in,9.708097457885742,courtroom,9,in
4,the door coming in,6.255846977233887,courtroom,9,in
8,to what you called the door coming in,5.2129106521606445,courtroom,9,in
1,with,11.736027717590332,courtroom,4,with
2,again with,9.315361976623535,courtroom,4,with
4,the -- again with,7.77420711517334,courtroom,4,with
1,Street,10.88773250579834,courtroom,9,Street
2,Smith Street,6.282095909118652,courtroom,9,Street
4,back to Smith Street,5.7605462074279785,courtroom,9,Street
8,-- again with your back to Smith Street,4.692943572998047,courtroom,9,Street
1,Smith,10.416609764099121,courtroom,8,Smith
2,to Smith,6.7437262535095215,courtroom,8,Smith
4,your back to Smith,6.595267295837402,courtroom,8,Smith
8,the -- again with your back to Smith,5.449238300323486,courtroom,8,Smith
1,that,10.947566986083984,courtroom,1,that
2,was that,8.941490173339844,courtroom,1,that
1,to,11.301959037780762,courtroom,9,to
2,back to,10.462959289550781,courtroom,9,to
4,drums were back to,7.025375843048096,courtroom,9,to
8,to make sure the drums were back to,5.819399833679199,courtroom,9,to
1,were,11.316572189331055,courtroom,7,were
2,drums were,9.941981315612793,courtroom,7,were
4,sure the drums were,9.20438003540039,courtroom,7,were
8,was that to make sure the drums were,8.630857467651367,courtroom,7,were
1,going,10.563369750976562,twitch,5,going
2,not going,1.5066359043121338,twitch,5,going
4,my stamina not going,2.8930680751800537,twitch,5,going
1,it's,9.313949584960938,twitch,7,it's
2,up it's,9.256691932678223,twitch,7,it's
4,not going up it's,7.988292694091797,twitch,7,it's
8,Why is my stamina not going up it's,7.524204254150391,twitch,7,it's
1,stamina,9.114990234375,twitch,3,stamina
2,my stamina,7.010360240936279,twitch,3,stamina
4,Why is my stamina,8.374958038330078,twitch,3,stamina
1,"here,",10.569401741027832,twitch,9,"here,"
2,"Right here,",8.24122142791748,twitch,9,"here,"
4,"the road! Right here,",7.176811218261719,twitch,9,"here,"
8,"chicken! No chicken on the road! Right here,",6.847099781036377,twitch,9,"here,"
1,chicken!,8.542749404907227,twitch,2,chicken!
2,no chicken!,8.119802474975586,twitch,2,chicken!
1,No,11.355318069458008,twitch,3,No
2,chicken! No,8.540844917297363,twitch,3,No
4,"Oh, no chicken! No",8.265450477600098,twitch,3,No
1,can't,7.6911139488220215,twitch,6,can't
2,we can't,7.704914569854736,twitch,6,can't
4,"was done, we can't",7.600988864898682,twitch,6,can't
1,we,11.5739107131958,twitch,5,we
2,"done, we",7.246283531188965,twitch,5,we
4,"it was done, we",7.493358135223389,twitch,5,we
1,"done,",10.824337005615234,twitch,4,"done,"
2,"was done,",7.70108699798584,twitch,4,"done,"
4,"if it was done,",7.483479022979736,twitch,4,"done,"
1,pig,9.751799583435059,twitch,3,pig
2,oh pig,8.686409950256348,twitch,3,pig
4,You think oh pig,6.489742279052734,twitch,3,pig
1,what,10.599081993103027,twitch,8,what
2,that's what,6.357784271240234,twitch,8,what
4,"here, okay, that's what",4.8466410636901855,twitch,8,what
8,"think oh pig right here, okay, that's what",4.9181437492370605,twitch,8,what
1,think,9.863617897033691,twitch,1,think
2,You think,6.100380897521973,twitch,1,think
1,you?,7.833011627197266,twitch,3,you?
2,are you?,7.280664920806885,twitch,3,you?
4,me. What are you?,8.009242057800293,twitch,3,you?
1,What,10.5620756149292,twitch,1,What
2,me. What,6.890114784240723,twitch,1,What
1,Come,9.481868743896484,twitch,9,Come
2,on. Come,6.397390842437744,twitch,9,Come
4,on. Come on. Come,1.1094017028808594,twitch,9,Come
8,"are you? Oh, come on. Come on. Come",0.8383825421333313,twitch,9,Come
1,with,11.736027717590332,twitch,4,with
2,that with,9.220500946044922,twitch,4,with
4,what is that with,8.899616241455078,twitch,4,with
1,feathers?,10.275796890258789,twitch,6,feathers?
2,the feathers?,7.431823253631592,twitch,6,feathers?
4,that with the feathers?,7.5724568367004395,twitch,6,feathers?
1,that,10.947566986083984,twitch,3,that
2,is that,9.734794616699219,twitch,3,that
4,"Yo, what is that",7.312034606933594,twitch,3,that
1,the,12.734390258789062,twitch,9,the
2,on the,12.704998970031738,twitch,9,the
4,a boy on the,9.276631355285645,twitch,9,the
8,that for you. There's a boy on the,8.129435539245605,twitch,9,the
1,boy,10.904241561889648,twitch,7,boy
2,a boy,7.469244003295898,twitch,7,boy
4,you. There's a boy,6.071617603302002,twitch,7,boy
8,I'll hold that for you. There's a boy,5.603240013122559,twitch,7,boy
1,that,10.947566986083984,twitch,2,that
2,hold that,8.876667022705078,twitch,2,that
1,pull,11.105443954467773,twitch,5,pull
2,to pull,6.411052703857422,twitch,5,pull
4,big enough to pull,6.274835586547852,twitch,5,pull
1,organs,8.593427658081055,twitch,7,organs
2,the organs,5.156408786773682,twitch,7,organs
4,to pull the organs,3.6521968841552734,twitch,7,organs
8,We're not big enough to pull the organs,3.0632171630859375,twitch,7,organs
1,big,12.034542083740234,twitch,2,big
2,not big,6.446878910064697,twitch,2,big
1,"yeah,",7.744340896606445,twitch,3,"yeah,"
2,"uh, yeah,",7.00895357131958,twitch,3,"yeah,"
4,"We say, uh, yeah,",7.050077438354492,twitch,3,"yeah,"
1,buddy,9.464828491210938,twitch,7,buddy
2,cheating buddy,7.68060827255249,twitch,7,buddy
4,that'll be cheating buddy,5.69622802734375,twitch,7,buddy
8,"We say, uh, yeah, that'll be cheating buddy",3.2911646366119385,twitch,7,buddy
1,be,11.872392654418945,twitch,9,be
2,that'll be,8.275396347045898,twitch,9,be
4,cheating buddy that'll be,9.650880813598633,twitch,9,be
8,"uh, yeah, that'll be cheating buddy that'll be",8.022064208984375,twitch,9,be
1,at?,8.555536270141602,twitch,5,at?
2,he at?,8.233452796936035,twitch,5,at?
4,name? Where's he at?,7.1503448486328125,twitch,5,at?
1,Do,10.208419799804688,twitch,6,Do
2,at? Do,3.7020583152770996,twitch,6,Do
4,Where's he at? Do,3.1877667903900146,twitch,6,Do
1,see,10.684712409973145,twitch,9,see
2,guys see,7.856328964233398,twitch,9,see
4,Do you guys see,6.15174674987793,twitch,9,see
8,name? Where's he at? Do you guys see,4.184144020080566,twitch,9,see
1,it's,9.313949584960938,twitch,3,it's
2,think it's,7.924493312835693,twitch,3,it's
4,"Well, I think it's",7.1947550773620605,twitch,3,it's
1,if,11.083032608032227,twitch,5,if
2,best if,5.542553424835205,twitch,5,if
4,think it's best if,4.527264595031738,twitch,5,if
1,we,11.5739107131958,twitch,6,we
2,if we,7.609607219696045,twitch,6,we
4,it's best if we,7.255082607269287,twitch,6,we
1,the,12.734390258789062,twitch,5,the
2,in the,11.499937057495117,twitch,5,the
4,servers are in the,9.880949020385742,twitch,5,the
1,servers,7.342456340789795,twitch,2,servers
2,the servers,6.889894962310791,twitch,2,servers
1,the,12.734390258789062,twitch,8,the
2,of the,12.293905258178711,twitch,8,the
4,the discord of the,11.652941703796387,twitch,8,the
8,the servers are in the discord of the,9.893163681030273,twitch,8,the
1,just,11.214090347290039,twitch,3,just
2,I'm just,7.121546745300293,twitch,3,just
4,What if I'm just,8.176658630371094,twitch,3,just
1,an,11.774314880371094,twitch,9,an
2,half an,3.4841651916503906,twitch,9,an
4,for like half an,0.4731796979904175,twitch,9,an
8,I'm just shooting blanks for like half an,0.11143526434898376,twitch,9,an
1,for,11.576336860656738,twitch,6,for
2,blanks for,10.822481155395508,twitch,6,for
4,just shooting blanks for,9.276559829711914,twitch,6,for
1,behind,11.124430656433105,twitch,4,behind
2,AREDA behind,6.165112495422363,twitch,4,behind
4,there's an AREDA behind,5.244264602661133,twitch,4,behind
1,talking,11.032435417175293,twitch,6,talking
2,us talking,3.745391845703125,twitch,6,talking
4,AREDA behind us talking,4.225439548492432,twitch,6,talking
1,there's,5.328185558319092,twitch,1,there's
2,"Bro, there's",5.520063877105713,twitch,1,there's
1,my,12.444364547729492,twitch,1,my
2,Oh my,3.530229091644287,twitch,1,my
1,"here,",10.569401741027832,twitch,6,"here,"
2,"over here,",8.398621559143066,twitch,6,"here,"
4,"there's blood over here,",7.520322799682617,twitch,6,"here,"
1,there's,5.328185558319092,twitch,3,there's
2,"god, there's",4.932380199432373,twitch,3,there's
4,"Oh my god, there's",5.707216262817383,twitch,3,there's
1,it,10.897254943847656,twitch,3,it
2,is it,8.688315391540527,twitch,3,it
4,"Yeah, well, is it",7.857717037200928,twitch,3,it
1,"well,",10.818679809570312,twitch,1,"well,"
2,"Yeah, well,",6.387723922729492,twitch,1,"well,"
1,the,12.734390258789062,twitch,6,the
2,be the,10.922423362731934,twitch,6,the
4,it gonna be the,8.578995704650879,twitch,6,the
1,three,11.1368408203125,twitch,8,three
2,and three,9.60476303100586,twitch,8,three
4,you guys and three,8.914423942565918,twitch,8,three
8,like nine rafters on you guys and three,10.03891372680664,twitch,8,three
1,rafters,8.35781478881836,twitch,3,rafters
2,nine rafters,6.216114521026611,twitch,3,rafters
4,There's like nine rafters,5.604603290557861,twitch,3,rafters
1,and,11.574933052062988,twitch,7,and
2,guys and,11.838234901428223,twitch,7,and
4,on you guys and,8.897582054138184,twitch,7,and
8,There's like nine rafters on you guys and,5.7974114418029785,twitch,7,and
1,gives,8.197647094726562,twitch,7,gives
2,That gives,4.672237873077393,twitch,7,gives
4,some B. That gives,4.977978229522705,twitch,7,gives
8,"Wait, that gives me some B. That gives",0.6919923424720764,twitch,7,gives
1,me,10.572490692138672,twitch,8,me
2,gives me,7.080871105194092,twitch,8,me
4,B. That gives me,5.849558353424072,twitch,8,me
8,that gives me some B. That gives me,4.081697940826416,twitch,8,me
1,gives,8.197647094726562,twitch,2,gives
2,that gives,5.960967063903809,twitch,2,gives
1,reality,8.912073135375977,twitch,8,reality
2,the reality,3.9685428142547607,twitch,8,reality
4,is sick the reality,4.0103559494018555,twitch,8,reality
8,as fuck this game is sick the reality,4.0748772621154785,twitch,8,reality
1,game,10.93022632598877,twitch,4,game
2,this game,6.872413158416748,twitch,4,game
4,as fuck this game,7.526656627655029,twitch,4,game
1,the,12.734390258789062,twitch,7,the
2,sick the,12.301909446716309,twitch,7,the
4,game is sick the,9.166309356689453,twitch,7,the
8,Boring as fuck this game is sick the,8.200965881347656,twitch,7,the
1,not,10.92558479309082,twitch,1,not
2,We're not,7.348635196685791,twitch,1,not
1,close,10.470686912536621,twitch,4,close
2,that close,6.144914627075195,twitch,4,close
4,not necessarily that close,4.229855060577393,twitch,4,close
1,that,10.947566986083984,twitch,3,that
2,necessarily that,8.050701141357422,twitch,3,that
4,We're not necessarily that,8.002266883850098,twitch,3,that
1,shabby,9.368452072143555,twitch,1,shabby
2,Who's shabby,6.182501316070557,twitch,1,shabby
1,shabby,9.368452072143555,twitch,2,shabby
2,shabby shabby,8.687965393066406,twitch,2,shabby
1,mega,11.20274829864502,twitch,9,mega
2,not mega,8.575202941894531,twitch,9,mega
4,here? We're not mega,7.289436340332031,twitch,9,mega
8,shabby get out of here? We're not mega,8.842409133911133,twitch,9,mega
1,is,11.129858016967773,twitch,9,is
2,This is,6.711753845214844,twitch,9,is
4,is drastic. This is,6.639369487762451,twitch,9,is
8,need to get this is drastic. This is,6.903432369232178,twitch,9,is
1,this,10.959673881530762,twitch,5,this
2,get this,10.1505765914917,twitch,5,this
4,need to get this,8.990535736083984,twitch,5,this
1,This,11.315389633178711,twitch,8,This
2,drastic. This,8.388935089111328,twitch,8,This
4,this is drastic. This,6.311707973480225,twitch,8,This
8,we need to get this is drastic. This,6.290960311889648,twitch,8,This
1,history.,7.968855857849121,twitch,4,history.
2,fossil history.,7.224896430969238,twitch,4,history.
4,institution shaping fossil history.,7.3585205078125,twitch,4,history.
1,shaping,8.480185508728027,twitch,2,shaping
2,institution shaping,8.679913520812988,twitch,2,shaping
1,institution,7.358607292175293,twitch,1,institution
2,Frisianian institution,7.184145450592041,twitch,1,institution
1,right,10.864727020263672,twitch,3,right
2,girls right,5.620464324951172,twitch,3,right
4,We need girls right,1.7166227102279663,twitch,3,right
1,need,10.85104751586914,twitch,6,need
2,We need,3.6051461696624756,twitch,6,need
4,right now. We need,4.0327043533325195,twitch,6,need
1,We,10.645977973937988,twitch,5,We
2,now. We,6.832487106323242,twitch,5,We
4,girls right now. We,5.909852027893066,twitch,5,We
1,kind,10.186878204345703,twitch,3,kind
2,just kind,1.3101916313171387,twitch,3,kind
4,moving you just kind,0.09728305786848068,twitch,3,kind
1,my,12.444364547729492,twitch,8,my
2,on my,10.981941223144531,twitch,8,my
4,left hand on my,7.0057783126831055,twitch,8,my
8,you just kind of left hand on my,8.115431785583496,twitch,8,my
1,of,12.024920463562012,twitch,4,of
2,kind of,11.920049667358398,twitch,4,of
4,you just kind of,10.069084167480469,twitch,4,of
1,drag,9.413601875305176,twitch,1,drag
2,You drag,5.255572319030762,twitch,1,drag
1,scan,11.336851119995117,twitch,9,scan
2,we'll scan,5.235700607299805,twitch,9,scan
4,open and we'll scan,4.787163734436035,twitch,9,scan
8,him out of the open and we'll scan,4.835064888000488,twitch,9,scan
1,the,12.734390258789062,twitch,5,the
2,of the,12.293905258178711,twitch,5,the
4,him out of the,9.978934288024902,twitch,5,the
1,with,11.736027717590332,twitch,5,with
2,me with,9.520345687866211,twitch,5,with
4,not hit me with,7.252163410186768,twitch,5,with
1,they,10.613469123840332,twitch,8,they
2,drag they,7.556864261627197,twitch,8,they
4,with the drag they,7.312340259552002,twitch,8,they
8,better not hit me with the drag they,6.873543739318848,twitch,8,they
1,better,10.959725379943848,twitch,1,better
2,You better,6.585416316986084,twitch,1,better
1,just,11.214090347290039,twitch,4,just
2,He just,8.069657325744629,twitch,4,just
4,know man. He just,8.3200044631958,twitch,4,just
1,a,11.316549301147461,twitch,8,a
2,like a,12.12984848022461,twitch,8,a
4,doesn't seem like a,7.269050121307373,twitch,8,a
8,know man. He just doesn't seem like a,6.069655895233154,twitch,8,a
1,like,11.612746238708496,twitch,7,like
2,seem like,8.710115432739258,twitch,7,like
4,just doesn't seem like,4.99061918258667,twitch,7,like
8,Don't know man. He just doesn't seem like,3.413203239440918,twitch,7,like
1,there,9.811803817749023,twitch,6,there
2,get there,6.850929260253906,twitch,6,there
4,I gotta get there,5.010456562042236,twitch,6,there
1,I,11.117331504821777,twitch,3,I
2,67% I,8.137699127197266,twitch,3,I
4,I'm at 67% I,4.663379192352295,twitch,3,I
1,67%,8.825730323791504,twitch,2,67%
2,at 67%,9.253127098083496,twitch,2,67%
1,do,10.671449661254883,courtroom,9,do
2,and do,5.9680495262146,courtroom,9,do
4,"Page 35, and do",2.864034652709961,courtroom,9,do
8,"you to turn to Page 35, and do",5.137460708618164,courtroom,9,do
1,Page,10.672101974487305,courtroom,6,Page
2,to Page,7.808313846588135,courtroom,6,Page
4,to turn to Page,7.828059196472168,courtroom,6,Page
1,you,10.660537719726562,courtroom,10,you
2,do you,5.67453145980835,courtroom,10,you
4,"35, and do you",5.808459281921387,courtroom,10,you
8,"to turn to Page 35, and do you",6.007373332977295,courtroom,10,you
1,if,11.083032608032227,courtroom,1,if
2,easier if,4.99569845199585,courtroom,1,if
1,up,10.697288513183594,courtroom,5,up
2,this up,7.253762722015381,courtroom,5,up
4,we double this up,5.090762138366699,courtroom,5,up
1,we,11.5739107131958,courtroom,7,we
2,so we,7.084828853607178,courtroom,7,we
4,this up so we,2.043484926223755,courtroom,7,we
8,easier if we double this up so we,4.084177494049072,courtroom,7,we
1,"""B""",10.828845977783203,courtroom,9,"""B"""
2,"or ""B""",9.879653930664062,courtroom,9,"""B"""
4,"that ""A"" or ""B""",7.146576881408691,courtroom,9,"""B"""
8,"a ""B"" and what that ""A"" or ""B""",4.628092288970947,courtroom,9,"""B"""
1,refers,6.692679405212402,courtroom,10,refers
2,"""B"" refers",0.2896864414215088,courtroom,10,refers
4,"""A"" or ""B"" refers",0.41419440507888794,courtroom,10,refers
8,"""B"" and what that ""A"" or ""B"" refers",0.22157220542430878,courtroom,10,refers
1,with,11.736027717590332,courtroom,1,with
2,it with,10.095296859741211,courtroom,1,with
1,look,10.315814971923828,courtroom,6,look
2,a look,4.133141040802002,courtroom,6,look
4,you take a look,1.81854248046875,courtroom,6,look
1,a,11.316549301147461,courtroom,5,a
2,take a,7.385312557220459,courtroom,5,a
4,-- you take a,9.35677719116211,courtroom,5,a
1,at,11.502521514892578,courtroom,7,at
2,look at,6.2171478271484375,courtroom,7,at
4,take a look at,6.155189037322998,courtroom,7,at
8,of those -- you take a look at,5.667864799499512,courtroom,7,at
1,time,10.924384117126465,courtroom,9,time
2,my time,6.635853290557861,courtroom,9,time
4,bulk of my time,6.374470233917236,courtroom,9,time
8,I would say the bulk of my time,5.0062336921691895,courtroom,9,time
1,of,12.024920463562012,courtroom,7,of
2,bulk of,10.483405113220215,courtroom,7,of
4,say the bulk of,5.8651933670043945,courtroom,7,of
8,the time I would say the bulk of,5.336187839508057,courtroom,7,of
1,say,9.818024635314941,courtroom,4,say
2,would say,6.8629560470581055,courtroom,4,say
4,time I would say,6.5100579261779785,courtroom,4,say
1,"him,",10.795534133911133,twitch,5,"him,"
2,"wish him,",8.337757110595703,twitch,5,"him,"
4,"God, drag wish him,",9.365754127502441,twitch,5,"him,"
1,wish,9.21462631225586,twitch,6,wish
2,"him, wish",5.656427383422852,twitch,6,wish
4,"drag wish him, wish",3.9854938983917236,twitch,6,wish
1,my,12.444364547729492,twitch,1,my
2,Oh my,3.530229091644287,twitch,1,my
1,"it,",11.110934257507324,twitch,8,"it,"
2,"to it,",8.123747825622559,twitch,8,"it,"
4,"the whoo to it,",9.377284049987793,twitch,8,"it,"
8,"ain't got to add the whoo to it,",7.229715824127197,twitch,8,"it,"
1,ain't,9.11442756652832,twitch,1,ain't
2,You ain't,7.616207599639893,twitch,1,ain't
1,whoo,7.496833324432373,twitch,6,whoo
2,the whoo,6.937385082244873,twitch,6,whoo
4,to add the whoo,7.712690353393555,twitch,6,whoo
1,a,11.316549301147461,twitch,8,a
2,have a,10.886540412902832,twitch,8,a
4,when you have a,11.32247543334961,twitch,8,a
8,what's the answer key when you have a,10.878358840942383,twitch,8,a
1,key,11.444663047790527,twitch,4,key
2,answer key,8.13864517211914,twitch,4,key
4,what's the answer key,5.124183654785156,twitch,4,key
1,it's,9.313949584960938,twitch,10,it's
2,60% it's,8.749322891235352,twitch,10,it's
4,have a 60% it's,7.970125198364258,twitch,10,it's
8,answer key when you have a 60% it's,8.292461395263672,twitch,10,it's
1,holding,11.035907745361328,twitch,4,holding
2,I'm holding,5.306217670440674,twitch,4,holding
4,pressing E. I'm holding,6.3233489990234375,twitch,4,holding
1,E.,10.043429374694824,twitch,5,E.
2,holding E.,6.6850690841674805,twitch,5,E.
4,E. I'm holding E.,7.1480183601379395,twitch,5,E.
1,I'm,7.25425910949707,twitch,6,I'm
2,E. I'm,7.434239387512207,twitch,6,I'm
4,I'm holding E. I'm,6.792031288146973,twitch,6,I'm
1,best,11.61880111694336,twitch,5,best
2,the best,9.287226676940918,twitch,5,best
4,vision know the best,6.494579315185547,twitch,5,best
1,get,11.412823677062988,twitch,10,get
2,to get,7.472585201263428,twitch,10,get
4,to go to get,7.565954208374023,twitch,10,get
8,know the best way to go to get,7.297968864440918,twitch,10,get
1,to,11.301959037780762,twitch,9,to
2,go to,10.341914176940918,twitch,9,to
4,way to go to,8.904634475708008,twitch,9,to
8,vision know the best way to go to,8.734172821044922,twitch,9,to
