condition,word_count,text,perplexity,mean_entropy,mean_surprisal,mean_word_entropy,mean_word_surprisal,n_tokens,n_words
courtroom,4,And you can use--,255.36273193359375,7.686878085136414,7.996398738378918,7.686878085136414,7.996398738378918,4,4
courtroom,4,they filled those tanks.,418.28472900390625,7.419108867645264,8.708341697879904,7.419108867645264,8.708341697879904,4,4
courtroom,4,recollection at that time,383.47283935546875,8.604844093322754,8.582977279925068,8.155898571014404,7.233631041913157,4,4
courtroom,4,"Maybe five, four, five.",49.361209869384766,6.200783173243205,5.625305740580685,6.678579747676849,6.305615060520701,6,4
courtroom,4,had that same arrangement.,258.156982421875,8.952821850776672,8.012104189305326,8.952821850776672,8.012104189305326,4,4
courtroom,4,I'm assuming all of,100.8680648803711,7.582539677619934,6.656325898871145,7.048120180765788,5.963430639553299,4,4
courtroom,4,"Mr. Nadeau, thank you.",32.6783561706543,6.264570962637663,5.030263379321099,5.119832716882229,3.6610346667666023,8,4
courtroom,4,And what was shipping?,575.273193359375,7.828103542327881,9.168095945001454,7.828103542327881,9.168095945001454,4,4
courtroom,4,It was somewhere here.,298.9702453613281,7.081291675567627,8.223857296737664,7.081291675567627,8.223857296737664,4,4
courtroom,4,"""Reserve salt filter press""?",3751.706787109375,8.355056285858154,11.873328844790144,8.079339345296225,12.203421957811928,6,4
courtroom,4,I'm not really sure.,24.123720169067383,6.998740291595459,4.592380625927103,6.4519758224487305,4.42315493800897,5,4
courtroom,4,-- to be reconditioned?,50.47496795654297,6.158001080155373,5.657496118110517,8.507036565802991,6.974183587746921,7,4
courtroom,4,"run the filter press,",733.1477661132812,9.752139568328857,9.517958967414389,9.752139568328857,9.517958967414389,4,4
courtroom,4,Metro-Atlantic and NECC facilities?,821.7672729492188,9.522941316877093,9.682584347571746,9.111477931340536,10.858221777979324,7,4
courtroom,4,That was the basement.,136.24392700195312,8.354721069335938,7.090045918891784,8.354721069335938,7.090045918891784,4,4
courtroom,4,Is that the Texas,227.74899291992188,9.64013417561849,7.831299955502852,9.64013417561849,7.831299955502852,3,4
courtroom,4,I'm not quite sure.,33.098148345947266,6.327578353881836,5.048678497610696,5.613023400306702,4.9935272776134605,5,4
courtroom,4,-- if you remember?,203.4732666015625,7.660206079483032,7.668695615184111,7.660206079483032,7.668695615184111,4,4
courtroom,4,Is that a different,60.41115951538086,9.567876497904459,5.916742675113116,9.567876497904459,5.916742675113116,3,4
courtroom,4,back to that building.,97.13064575195312,9.219205856323242,6.601854343028855,9.219205856323242,6.601854343028855,4,4
courtroom,4,-- at your deposition?,969.9374389648438,7.9864174127578735,9.92174627822744,7.9864174127578735,9.92174627822744,4,4
courtroom,4,This is 50 years,160.40135192871094,7.969539483388265,7.3255412661039605,7.969539483388265,7.3255412661039605,3,4
courtroom,4,Do you recall that?,72.3768539428711,7.726930499076843,6.177456219026703,7.726930499076843,6.177456219026703,4,4
courtroom,4,eight or nine months?,101.14279174804688,7.868663430213928,6.660249967990287,7.868663430213928,6.660249967990287,4,4
courtroom,4,Thank you for the,11.925664901733398,6.441887855529785,3.5759979223413985,6.441887855529785,3.5759979223413985,3,4
courtroom,4,-- not schooltime work?,1855.02392578125,7.498314571380615,10.85722130174375,7.780312597751617,10.446921270891343,5,4
courtroom,4,"No, I don't remember.",9.934992790222168,5.765337948842595,3.3125189318598487,5.759454790386371,3.1618346703358107,6,4
courtroom,4,We'll use your words.,90.17784881591797,8.08063325881958,6.494701193629615,7.898439049720764,6.203850331024362,5,4
courtroom,4,where they -- they,512.683349609375,8.9450577100118,9.001922063282466,8.9450577100118,9.001922063282466,3,4
courtroom,4,And what was there?,89.09423065185547,6.454800724983215,6.477259765374507,6.454800724983215,6.477259765374507,4,4
courtroom,4,copy of a plan.,54.97176742553711,9.163567662239075,5.780618641696646,9.163567662239075,5.780618641696646,4,4
courtroom,4,That I need clarification.,169.80393981933594,6.5922383069992065,7.407726827112761,6.5922383069992065,7.407726827112761,4,4
courtroom,4,I didn't walk those,268.4743347167969,5.729747322387993,8.068639868320362,6.6280278544873,8.929341631753687,4,4
courtroom,4,I just can't remember.,27.491453170776367,6.029666751623154,4.780911213218772,6.719715680927038,5.15325768383499,5,4
courtroom,4,things into the Dumpster?,75.40747833251953,8.124645352363586,6.236635405751102,8.940805653731028,6.96250132569224,6,4
courtroom,4,know when you're done.,28.15802001953125,7.819392585754395,4.815473979287789,7.869309902191162,4.998040695418646,5,4
courtroom,4,"This is Andrea Leshak,",249.12203979492188,8.27604071299235,7.96070152751419,8.61076577504476,9.017119025427274,6,4
courtroom,4,What does that mean?,11.004958152770996,6.116854727268219,3.46008172798009,6.116854727268219,3.46008172798009,4,4
courtroom,4,drying the reserve salt.,843.3406372070312,9.562526512145997,9.719968994019556,9.326485395431519,9.713339664590016,5,4
courtroom,4,I have no idea.,19.010639190673828,7.077270030975342,4.248735381308888,7.077270030975342,4.248735381308888,4,4
courtroom,4,Let me withdraw that,799.6617431640625,7.517611980438232,9.643244593928847,7.517611980438232,9.643244593928847,3,4
courtroom,4,look at Page 28.,240.4456024169922,7.215481519699097,7.9095665829876625,7.215481519699097,7.9095665829876625,4,4
courtroom,4,I can't remember that.,26.587514877319336,7.338827991485596,4.7326771483595005,7.660660684108734,5.096091052594852,5,4
courtroom,4,think it was --,315.546875,7.941818873087565,8.301709514966872,7.941818873087565,8.301709514966872,3,4
courtroom,4,I'd like to ask,15.069038391113281,6.073665767908096,3.913515372994072,5.353089054425557,3.5106071731798174,4,4
courtroom,4,They had bungs and,720.1563110351562,6.038162253797054,9.49216194793322,7.101516738533974,10.209430611262961,4,4
courtroom,4,And you've written previously,256.0181884765625,6.80644428730011,8.00010227502646,7.289096117019653,8.397756690567228,4,4
courtroom,4,There was a river,135.82566833496094,8.053796450297037,7.085611816744798,8.053796450297037,7.085611816744798,3,4
courtroom,4,Mr. Pirozzolo asked you,224.5738525390625,7.9955059460231235,7.811046192482045,8.079808076222738,7.896899379239225,7,4
courtroom,4,made before you left?,245.74288940429688,8.360791683197021,7.941005786867039,8.360791683197021,7.941005786867039,4,4
courtroom,4,That's a rough guess.,42.84364700317383,7.687987422943115,5.421008963607286,7.508846819400787,5.750598328244776,5,4
courtroom,4,I'm not sure --,96.35689544677734,7.318560361862183,6.590315494334656,6.696147759755452,7.030659533246329,4,4
courtroom,4,that track -- that,1538.72412109375,9.46499252319336,10.587517906805688,9.46499252319336,10.587517906805688,3,4
courtroom,4,'62 I believe was,1218.908935546875,9.286389827728271,10.251373743597252,8.831969420115152,9.446242900302423,4,4
courtroom,4,I'm not sure what,14.978079795837402,7.318560361862183,3.904780753603873,6.696147759755452,3.4499465456052847,4,4
courtroom,4,I believe it is.,52.0510139465332,7.241321921348572,5.7018542978314635,7.241321921348572,5.7018542978314635,4,4
courtroom,4,I'm not trying to,16.950651168823242,6.253896798938513,4.083269012806807,5.276596342523892,3.687930891209197,4,4
courtroom,4,In view of the,21.040725708007812,5.794412126143773,4.3951122044501405,5.794412126143773,4.3951122044501405,3,4
courtroom,4,reserve salt was dried.,1767.6942138671875,8.70545129776001,10.787651195613847,8.216900825500488,9.734601472183977,5,4
courtroom,4,I would -- it,748.2882690429688,7.983290672302246,9.547445199862782,7.983290672302246,9.547445199862782,3,4
courtroom,4,If you had your,69.28743743896484,7.846734205881755,6.1145215081103865,7.846734205881755,6.1145215081103865,3,4
courtroom,4,There was a Dumpster.,49.645225524902344,7.193711996078491,5.63358307827414,7.623754223187764,6.156032572863388,6,4
courtroom,4,"Department of Justice, I-K-E-D-A.",42.86865997314453,7.2521269504840555,5.421851468504982,8.016874061690437,4.665802119405538,13,4
courtroom,4,would work both sites.,736.4799194335938,5.859244555234909,9.524500481194362,5.859244555234909,9.524500481194362,4,4
courtroom,4,the product was pumped,1779.115234375,9.659966468811035,10.796942135267846,9.659966468811035,10.796942135267846,3,4
courtroom,4,We did stuff there.,210.11026000976562,6.743803024291992,7.715002231422644,6.743803024291992,7.715002231422644,4,4
courtroom,4,So the question was:,27.885208129882812,7.839061141014099,4.80142792678522,7.839061141014099,4.80142792678522,4,4
courtroom,4,"wrote ""Pit"" or ""B""?",126.9110336303711,8.589886248111725,6.98767290567362,8.237706363201141,6.162124845105175,8,4
courtroom,4,"Something like that, yes.",28.430660247802734,7.0445027351379395,4.829375544225316,7.049882113933563,4.721611759820843,5,4
courtroom,4,you said you worked.,194.86962890625,6.9851826429367065,7.606365014977584,6.9851826429367065,7.606365014977584,4,4
courtroom,4,"tells me it did.""",132.09169006347656,6.760789585113526,7.04539622702147,6.218468248844147,6.997884835142035,5,4
courtroom,4,"AIR FORCE, et al.",36.266510009765625,7.053072253863017,5.1805657637540525,5.99929835398992,4.792702289156972,6,4
courtroom,4,represent New England Container.,1452.257080078125,8.059130787849426,10.504076613279473,8.059130787849426,10.504076613279473,4,4
courtroom,4,Where am I looking?,96.22897338867188,4.171284109354019,6.588398643811296,4.171284109354019,6.588398643811296,4,4
courtroom,4,Actually that's where the,19.095535278320312,7.440422892570496,4.255163229624365,7.7339779535929365,4.37284789829075,4,4
courtroom,4,"""tailrace"" and ""Woonasquatucket River""?",703.640625,7.797630016620342,9.458692320366119,7.40579896739551,7.704264489463053,13,4
courtroom,4,You move to strike?,538.3599853515625,7.970883131027222,9.072425834590971,7.970883131027222,9.072425834590971,4,4
courtroom,4,I would say yes.,43.143638610839844,6.820326328277588,5.43107615749914,6.820326328277588,5.43107615749914,4,4
courtroom,4,Do you recall that?,72.3768539428711,7.726930499076843,6.177456219026703,7.726930499076843,6.177456219026703,4,4
courtroom,4,"says September 14, 2006?",450.50909423828125,7.292723099390666,8.815410486980495,7.3239962458610535,8.601161896882363,6,4
courtroom,4,did the windows operate?,473.7762451171875,9.127665877342224,8.88806127044354,9.127665877342224,8.88806127044354,4,4
courtroom,4,wasn't there full time.,66.790283203125,6.329814657568932,6.061566224868632,6.262170108656089,6.634008086445491,6,4
courtroom,4,record of the trial,62.03361892700195,11.09134610493978,5.954978770815944,11.09134610493978,5.954978770815944,3,4
courtroom,4,Was there a smokestack?,24.37499237060547,4.998542975102152,4.6073293351934135,6.630714976228774,6.400712726363339,7,4
courtroom,4,And you've labeled that?,316.9023132324219,7.290163230895996,8.307893662683151,7.773081839084625,7.847624449695834,5,4
courtroom,4,I just don't remember.,27.372329711914062,5.6595001723617315,4.77464605698187,6.538748772582039,5.027253152372715,5,4
courtroom,4,back to Smith Street,803.684326171875,9.177162488301596,9.650483902309249,9.177162488301596,9.650483902309249,3,4
courtroom,4,How did that work?,32.96373748779297,6.152723520994186,5.042807740930774,6.152723520994186,5.042807740930774,4,4
courtroom,4,"today, I don't remember.",18.374061584472656,6.4568928414955735,4.199598583341452,6.589096213458106,4.395039801729802,6,4
courtroom,4,There was no sewer.,172.86338806152344,7.759025692939758,7.4334847004741125,7.759025692939758,7.4334847004741125,4,4
courtroom,4,"away later, dump them.",528.8179321289062,7.18495397567749,9.046619067531147,7.275055885314941,8.586742592950387,5,4
courtroom,4,"""interchangeable,"" the employees were",216.47628784179688,8.258241176605225,7.7580642181401975,8.49553518295288,8.16736261374488,7,4
courtroom,4,So I didn't --,141.2977752685547,5.589161614654586,7.142592387603456,6.472053594111155,6.802432948339071,4,4
courtroom,4,"Came from the presses.""",507.5814514160156,9.256192493438721,8.98749103798394,9.190580129623413,8.901076429224595,5,4
courtroom,4,I believe those presses,4896.09814453125,8.277514616648356,12.257402420217616,8.277514616648356,12.257402420217616,3,4
courtroom,4,in the 40-S filter.,396.5003662109375,8.192636887232462,8.631177180743066,9.198241114616394,7.815559025798673,6,4
courtroom,4,into them through pipes.,360.2845764160156,7.579891324043274,8.49299273486073,7.579891324043274,8.49299273486073,4,4
courtroom,4,reconditioning had plastic liners?,336.9991149902344,6.729464620351791,8.39659585779101,6.759473733603954,10.138306986249164,8,4
courtroom,4,I have a few.,77.39013671875,9.169067621231079,6.274077901111607,9.169067621231079,6.274077901111607,4,4
courtroom,4,"It was going outside.""",410.6523132324219,6.421188235282898,8.681772799112597,6.421188235282898,8.681772799112597,4,4
courtroom,4,This is one filter.,279.9647216796875,7.040406942367554,8.12909671404888,7.040406942367554,8.12909671404888,4,4
courtroom,4,"Reporter/Certified Realtime Reporter, Notary",375.8811950683594,8.77508511543274,8.554131743297338,8.918359696865082,7.919677510378605,10,4
courtroom,4,direction of the dump?,207.92259216308594,8.959781646728516,7.699901591136372,8.959781646728516,7.699901591136372,4,4
courtroom,4,"Your full-time employment, how",70.09615325927734,8.319092909495035,6.1312636756061,9.259874900182089,7.277325518056124,6,4
courtroom,4,It's just that I,20.39488410949707,7.901213526725769,4.350135351085274,7.671794652938843,4.138281058408437,4,4
courtroom,4,Would you state your,142.15428161621094,7.309838930765788,7.151313489261908,7.309838930765788,7.151313489261908,3,4
courtroom,4,whether this is a--,160.50640869140625,9.386826515197754,7.326482794611859,9.386826515197754,7.326482794611859,4,4
courtroom,4,Tiffany Ikeda with the,96.912841796875,7.836905404925346,6.598615650540846,8.238397434353828,5.924762285829474,7,4
courtroom,4,were in the drums,269.70135498046875,9.98986848195394,8.075215318250734,9.98986848195394,8.075215318250734,3,4
courtroom,4,Do you see that?,23.4915771484375,7.710828423500061,4.554071326353682,7.710828423500061,4.554071326353682,4,4
courtroom,4,There were two wet,427.3915710449219,9.110365708669027,8.739412159490747,9.110365708669027,8.739412159490747,3,4
courtroom,4,Was there a powerhouse?,327.39556884765625,7.73892879486084,8.354871119064914,7.73892879486084,8.354871119064914,4,4
courtroom,4,the -- the maintenance,3589.73583984375,12.012430508931478,11.809661264425372,12.012430508931478,11.809661264425372,3,4
courtroom,4,Do you recall that?,72.3768539428711,7.726930499076843,6.177456219026703,7.726930499076843,6.177456219026703,4,4
courtroom,4,I can't remember anymore.,34.69181442260742,6.894146251678467,5.116523502035549,7.104808509349823,5.575898994689913,5,4
courtroom,4,for about two summers?,617.2731323242188,6.59020471572876,9.26976431551814,6.59020471572876,9.26976431551814,4,4
courtroom,4,Is this being marked?,624.220947265625,7.283594965934753,9.285910557639575,7.283594965934753,9.285910557639575,4,4
courtroom,4,"Now, this is --",112.95362854003906,8.016473054885864,6.819583164209819,7.7188864549001055,7.571872407071976,4,4
courtroom,4,-- with Mr. Pirozzolo.,162.1862030029297,8.483805537223816,7.341506959532555,9.074909955263138,7.6521219928864035,8,4
courtroom,4,"know, I probably did.",44.285709381103516,7.538895320892334,5.468769660014944,7.092673063278198,5.920428310447326,5,4
courtroom,4,"There was fire, and",63.8697624206543,6.936829209327698,5.997061273195488,7.0503162542978925,7.0848909700736895,4,4
courtroom,4,I'm sure it was,29.288135528564453,7.069747447967529,4.872244241469966,6.364397207895915,4.418892938173692,4,4
courtroom,4,"They joined somewhere, yes.",520.0120239257812,6.661086511611939,9.022398209029857,6.589570462703705,9.530515524454232,5,4
courtroom,4,flow into the tailrace?,472.9234924316406,8.183929824829102,8.885462232104953,8.833885610103607,8.484872271743935,5,4
courtroom,4,What does that mean?,11.004958152770996,6.116854727268219,3.46008172798009,6.116854727268219,3.46008172798009,4,4
courtroom,4,Metro -- New England,305.7454833984375,9.620670636494955,8.256187396773905,9.620670636494955,8.256187396773905,3,4
courtroom,4,happened to those liners?,247.37933349609375,7.1318327358790805,7.9505566363420215,7.156189958254496,9.723471760546749,7,4
courtroom,4,eventually into the river.,270.8997802734375,8.813024520874023,8.081614044309049,8.458252906799316,6.885661321148955,5,4
courtroom,4,I happen to know,44.03142166137695,5.385069986184438,5.46046084930213,5.385069986184438,5.46046084930213,3,4
courtroom,4,were they close together?,163.7458038330078,7.084760010242462,7.355313717478236,7.084760010242462,7.355313717478236,4,4
courtroom,4,The looks of it?,119.18550109863281,8.119532108306885,6.897064515207892,8.119532108306885,6.897064515207892,4,4
courtroom,4,Lines 10 through 15.,171.8055419921875,7.416477394104004,7.424631939658205,6.858301758766174,6.499472378124335,5,4
courtroom,4,40-S was always filtered,1109.7884521484375,9.692307472229004,10.116067994699076,9.43310832977295,11.132791705555436,5,4
courtroom,4,of a cheap material?,1272.2186279296875,10.185890555381775,10.313129414186918,10.185890555381775,10.313129414186918,4,4
courtroom,4,and what the percentage,565.42724609375,9.704645474751791,9.1431970381272,9.704645474751791,9.1431970381272,3,4
courtroom,4,I was inducted into,44.36760330200195,5.597443349659443,5.471433198278014,7.064156219363213,7.207576204687553,4,4
courtroom,4,-- that they joined?,454.0442199707031,7.9763970375061035,8.826689107148013,7.9763970375061035,8.826689107148013,4,4
courtroom,4,Where the other one,89.00408172607422,11.221562703450521,6.475798981894161,11.221562703450521,6.475798981894161,3,4
courtroom,4,"label here, ""Storage tanks""?",968.4881591796875,9.240517139434814,9.91959010831335,9.159761905670166,10.080387272987794,6,4
courtroom,4,I'm assuming there were.,202.2630157470703,6.85981936454773,7.660088306553989,6.278324663639069,7.3913574639863135,5,4
courtroom,4,Do you see that?,23.4915771484375,7.710828423500061,4.554071326353682,7.710828423500061,4.554071326353682,4,4
courtroom,4,You've heard of dioxin?,44.9748420715332,6.726266912051609,5.49104637561495,7.003520001967748,5.943478136219768,7,4
courtroom,4,They were along there?,1121.6806640625,7.703341841697693,10.131445835471556,7.703341841697693,10.131445835471556,4,4
courtroom,4,considered them one body.,799.8021240234375,6.975319838523864,9.643497690842732,6.42683807015419,9.266118854626747,5,4
courtroom,4,Smith Street is drum,7371.8017578125,8.30591074625651,12.847764921271661,8.30591074625651,12.847764921271661,3,4
courtroom,4,best of your recollection?,624.8070068359375,8.249876260757446,9.28726008292551,8.249876260757446,9.28726008292551,4,4
courtroom,4,extend this far north?,845.2352294921875,8.222391700744629,9.723209037132886,7.746501088142395,9.942353429446523,5,4
courtroom,4,able to work there.,52.86735534667969,7.8505460023880005,5.724305309670805,7.8505460023880005,5.724305309670805,4,4
courtroom,4,And that included black,802.1268920898438,8.574177265167236,9.64768676216673,8.574177265167236,9.64768676216673,3,4
courtroom,4,If you say --,473.0157470703125,7.434763113657634,8.885744552747964,7.434763113657634,8.885744552747964,3,4
courtroom,4,Are you talking about,27.96757698059082,6.929052670796712,4.8056836049817315,6.929052670796712,4.8056836049817315,3,4
courtroom,4,This is Darrell Johnson,1688.00244140625,9.001282691955566,10.721024593781927,9.001282691955566,10.721024593781927,3,4
courtroom,4,connected to the building?,79.5031967163086,9.602431774139404,6.312941205685249,9.602431774139404,6.312941205685249,4,4
courtroom,4,-- do you know?,47.77442169189453,6.833292126655579,5.578166651031577,6.833292126655579,5.578166651031577,4,4
courtroom,4,question in my mind.,21.67660140991211,8.137730836868286,4.438066330983916,8.137730836868286,4.438066330983916,4,4
courtroom,4,It didn't stay there.,28.351808547973633,5.065888309106231,4.825368290198566,5.566541135078296,4.930485225219034,5,4
courtroom,4,What does that indicate?,65.82302856445312,6.421854376792908,6.040520413608877,6.421854376792908,6.040520413608877,4,4
courtroom,4,They were called tights.,171.08367919921875,8.116911888122559,7.418558134961776,8.518224358558655,7.8406945473287735,5,4
courtroom,4,It's testimony I gave.,324.11358642578125,6.4952469825744625,8.34035278517376,5.971691191196442,7.792005761133227,5,4
courtroom,4,Again with an arrow?,279.9266662597656,8.501798868179321,8.128905079635539,8.501798868179321,8.128905079635539,4,4
courtroom,4,Reserve salt was always,2559.779296875,9.58264172077179,11.321801334370388,9.166359106699625,10.286354693067045,4,4
courtroom,4,explain if you want.,60.028507232666016,7.042230653762817,5.907575934733825,6.314077198505402,5.137966773447288,5,4
courtroom,4,"East Greenwich, RI 02818",121.61564636230469,7.873572111129761,6.926176269574619,8.28024446964264,7.893619829228585,6,4
courtroom,4,truthfully then and now.,119.83172607421875,6.879604911804199,6.904865667820472,6.384491801261902,5.543241223859415,5,4
courtroom,4,What does that mean?,11.004958152770996,6.116854727268219,3.46008172798009,6.116854727268219,3.46008172798009,4,4
courtroom,4,went through the fire?,269.540283203125,8.932966709136963,8.07435750151042,8.932966709136963,8.07435750151042,4,4
courtroom,4,or a nearby building?,341.13189697265625,10.217651724815369,8.41418603232733,10.217651724815369,8.41418603232733,4,4
courtroom,4,Can you read it?,28.428239822387695,7.227017521858215,4.8292529556032004,7.227017521858215,4.8292529556032004,4,4
courtroom,4,That's your best memory?,159.4629669189453,7.576658725738525,7.317077451500078,7.36968594789505,7.470878451125165,5,4
twitch,4,wear glasses. Stupid bitch.,544.98583984375,7.480475425720215,9.090070777285668,7.779882073402405,9.101585824361006,5,4
twitch,4,Stop away we more,5139.82373046875,7.17359193166097,12.327502983134616,7.17359193166097,12.327502983134616,3,4
twitch,4,I'll eat that right?,320.8862609863281,7.308917713165283,8.325918173696651,6.866836130619049,7.960711345314532,5,4
twitch,4,I'm not doing that.,23.788774490356445,6.932255268096924,4.572209254908303,6.3688695430755615,4.397940724235469,5,4
twitch,4,We're doing something funny.,73.65666198730469,6.945898723602295,6.20274415023749,6.4239014983177185,6.043385868026322,5,4
twitch,4,"Oh, he killed it.",50.48141860961914,7.117562389373779,5.657680597869932,6.6475014090538025,5.761574604746237,5,4
twitch,4,"Well, we gotta go.",30.807567596435547,7.021569728851318,4.9452130386493085,6.75800359249115,5.2188242797691515,5,4
twitch,4,Don't look behind us.,39.1221809387207,6.25960340499878,5.2899144819513095,5.588584303855896,5.366888755074405,5,4
twitch,4,B is the best.,51.85362243652344,10.367221117019653,5.696372856034374,10.367221117019653,5.696372856034374,4,4
twitch,4,Got him got him!,221.4952392578125,7.963387966156006,7.7911318536760374,7.963387966156006,7.7911318536760374,4,4
twitch,4,How useful is that?,37.82978439331055,6.771614074707031,5.2414499785639,6.771614074707031,5.2414499785639,4,4
twitch,4,He's a large T-Rex.,54.14045333862305,7.330971922193255,5.7586352720628495,7.96881761153539,7.734375803254227,7,4
twitch,4,Squeezing some milk out.,217.62530517578125,7.826935887336731,7.7657030126386495,7.107215901215872,7.354418671110329,6,4
twitch,4,I got you food.,458.6114807128906,7.960368990898132,8.841128071914882,7.960368990898132,8.841128071914882,4,4
twitch,4,I want my revenge,407.33209228515625,7.969937086105347,8.670061827052727,7.969937086105347,8.670061827052727,3,4
twitch,4,Are you that job?,171.67123413085938,8.603605508804321,7.423504227552666,8.603605508804321,7.423504227552666,4,4
twitch,4,"Oh, he's a female.",34.522117614746094,8.290922164916992,5.109448942518294,8.430985391139984,5.7101370873807635,6,4
twitch,4,What are the 3DXUX's?,332.44476318359375,9.431452751159668,8.376968237937884,8.818651676177979,7.314389998698902,7,4
twitch,4,"Yes, we'll catch him.",42.722694396972656,6.669949213663737,5.416930420348733,6.2815070152282715,5.159166341012444,6,4
twitch,4,Where's the weasel ward?,222.9032440185547,8.643855969111124,7.800265876759096,8.831954181194305,7.995985320891734,6,4
twitch,4,Iples on your cube.,932.0150146484375,10.052933502197266,9.86420534370377,9.884037494659424,9.371090989499733,5,4
twitch,4,Lot of B boys.,910.3858642578125,9.964032649993896,9.830295371235499,9.964032649993896,9.830295371235499,4,4
twitch,4,Disc behind his horns.,433.0054016113281,8.247380137443542,8.758239513443273,8.247380137443542,8.758239513443273,4,4
twitch,4,This is our territory!,192.26174926757812,7.850862741470337,7.586927793046623,7.850862741470337,7.586927793046623,4,4
twitch,4,"Yes, there's one nurse",101.7730712890625,6.523416805267334,6.669209828014877,6.6972997188568115,8.266360855964905,5,4
twitch,4,Don't look behind us.,39.1221809387207,6.25960340499878,5.2899144819513095,5.588584303855896,5.366888755074405,5,4
twitch,4,Did you get him?,44.2150764465332,7.579241752624512,5.4664666993932665,7.579241752624512,5.4664666993932665,4,4
twitch,4,"Uh, uh, you're strong.",31.77260971069336,6.909774575914655,4.989711516926357,6.673144996166229,4.67642318366884,7,4
twitch,4,I can't see anything,24.268644332885742,7.305088043212891,4.6010214565126955,7.722951650619507,5.049569006021993,4,4
twitch,4,I'm burning that guy.,216.75692749023438,8.304257869720459,7.759933115641886,8.08387279510498,6.9375728909468775,5,4
twitch,4,"Boom, boom. We are...",129.9312286376953,7.829990182604108,7.021604498578611,7.387307842572531,7.10788824641333,7,4
twitch,4,You want my bus,1052.0758056640625,8.149166027704874,10.039021824068227,8.149166027704874,10.039021824068227,3,4
twitch,4,"Peanut, come to yourself.",285.730712890625,7.334041277567546,8.158510318841481,6.480931997299194,6.518344974793056,6,4
twitch,4,You follow somebody else.,543.371826171875,6.416134238243103,9.085788173320125,6.416134238243103,9.085788173320125,4,4
twitch,4,"Quick, stiff, quick, stiff.",38.91267395019531,7.929653031485421,5.2821676224716825,7.550341546535492,4.937338341430697,7,4
twitch,4,we're gonna die java,4745.07666015625,7.993207216262817,12.210678620955118,7.4937857786814375,13.834713314984876,4,4
twitch,4,"Oh, maybe you're right.",15.094042778015137,6.490476926167806,3.915907672822923,6.066499769687653,3.6453003012616128,6,4
twitch,4,He's a dinosaur soapy.,381.86309814453125,7.788819869359334,8.576902900729399,7.695601999759674,9.115280227222396,6,4
twitch,4,God I'm not nice,100.71590423583984,8.624082803726196,6.65414723124305,8.793424924214682,7.621566632549722,4,4
twitch,4,well I'm getting bit,170.3133544921875,8.344846487045288,7.412047571186392,8.577492237091064,8.09168494312519,4,4
twitch,4,I am temporarily infertile,210.15484619140625,6.54211206920445,7.715308193679843,7.641244712518528,9.135392153805904,5,4
twitch,4,Is this your puke?,105.19307708740234,8.854917049407959,6.716895605661486,9.134209036827087,7.369771633932389,5,4
twitch,4,"Kill him, please, God.",50.60301971435547,7.582602580388387,5.661151318716335,7.805596888065338,5.819950561868799,6,4
twitch,4,Let me get this.,76.12345886230469,6.26663076877594,6.25026927587273,6.26663076877594,6.25026927587273,4,4
twitch,4,Let's go eat it.,49.0898323059082,6.986082744598389,5.617352163142589,6.595919370651245,5.781836728579391,5,4
twitch,4,"Kill him, kill him!",21.39794921875,6.795861101150512,4.419400370442835,6.6293516755104065,4.5278346399151355,5,4
twitch,4,"Oh, he got it!",36.76605224609375,7.514500713348388,5.200302162277824,7.143674314022064,5.1898515602561,5,4
twitch,4,You say to me,91.63603973388672,7.832887490590413,6.517843071798331,7.832887490590413,6.517843071798331,3,4
twitch,4,It's right down there.,43.4045295715332,5.848809432983399,5.43977369873039,5.163644254207611,5.054878604138416,5,4
twitch,4,"Guys, guys, guys, guys!",23.772796630859375,6.847050130367279,4.571239889696221,6.095993260542551,4.170546969961352,8,4
twitch,4,Do a little sip.,185.8777313232422,8.172532200813293,7.538209321758964,8.172532200813293,7.538209321758964,4,4
twitch,4,Another one another one,1496.2540283203125,7.768970489501953,10.547138239132638,7.768970489501953,10.547138239132638,3,4
twitch,4,Dino chair and want,4801.18408203125,10.499945402145386,12.229169100540753,10.390554428100586,11.239505706471554,4,4
twitch,4,We'll get big again.,159.1817169189453,7.423860263824463,7.314530668392907,7.077472805976868,7.434377969738954,5,4
twitch,4,"Okay, who are what?",68.45158386230469,6.424612903594971,6.09701109404579,5.920899271965027,6.223703469086014,5,4
twitch,4,"You roll, you roll.",62.4608268737793,7.303609943389892,5.96487929025606,7.370612621307373,6.24869277667461,5,4
twitch,4,There's only over here.,162.65182495117188,5.935933256149292,7.345643707268119,5.6031306982040405,7.797484292101766,5,4
twitch,4,"Let's move, let's move.",21.552268981933594,5.753968226058142,4.429767635980115,5.68931745365262,4.170384619818884,7,4
twitch,4,Invision? Where's Invision at?,405.3557434082031,6.932766020298004,8.66304272610282,6.314966241518656,7.236898745505406,8,4
twitch,4,It's with the eyeballs.,119.87910461425781,6.274204174677531,6.905432838568404,6.596510589122772,7.92701508571519,6,4
twitch,4,Can you see that?,21.46633529663086,8.123998165130615,4.424004155998126,8.123998165130615,4.424004155998126,4,4
twitch,4,Why you some bees,5762.228515625,8.781404495239258,12.492404644272218,8.781404495239258,12.492404644272218,3,4
twitch,4,Everybody roar at him!,373.7559509277344,6.171674609184265,8.545935750540176,6.171674609184265,8.545935750540176,4,4
twitch,4,He's on me. Oh,109.7175521850586,7.3045858383178714,6.777650548781864,7.096664587656657,7.253108947652599,5,4
twitch,4,This little feather fuck.,2211.569091796875,9.08698308467865,11.110852448837862,9.08698308467865,11.110852448837862,4,4
twitch,4,"Feast, feast, feast, feast.",27.318477630615234,6.753387928009033,4.771804879671461,6.028955181439718,3.9132446458892485,8,4
twitch,4,I miss a major,1329.6617431640625,7.411409219106038,10.376842740847385,7.411409219106038,10.376842740847385,3,4
twitch,4,"Okay, pull the organs.",349.9951171875,6.8968103408813475,8.451186443292103,6.511146068572998,8.504564824486346,5,4
twitch,4,You got the bird.,155.37954711914062,8.91140079498291,7.279652074958074,8.91140079498291,7.279652074958074,4,4
twitch,4,click eat very fast,1990.018310546875,8.759699821472168,10.958561890325997,8.759699821472168,10.958561890325997,3,4
twitch,4,"Saw you, good boy.",163.343017578125,8.755354404449463,7.351761562753114,8.014392733573914,6.372750819351346,6,4
twitch,4,"Thank you, my wife.",30.18461036682129,7.118107795715332,4.915741546229635,7.087222158908844,4.990525292452407,5,4
twitch,4,"Stay back, stay back.",36.39491271972656,7.333285999298096,5.185664937199343,7.13812780380249,5.003582168794435,5,4
twitch,4,"Okay, yeah, yeah, yeah.",8.822858810424805,5.496335642678397,3.141246213533026,5.1919761300086975,2.9490249971183693,7,4
twitch,4,I'm dead. I'm dead.,14.76611614227295,6.102218798228672,3.8842185301446386,5.7169279754161835,3.548434226279571,7,4
twitch,4,I just got wounded.,265.9994201660156,7.3238444328308105,8.055277189109468,7.3238444328308105,8.055277189109468,4,4
twitch,4,They're in the water.,50.53601837158203,8.387061023712159,5.659240257965869,8.131855368614197,5.3386948479313885,5,4
twitch,4,Very true very true,376.4095764160156,6.6451616287231445,8.556158365384226,6.6451616287231445,8.556158365384226,3,4
twitch,4,My slide my slide,3878.4365234375,8.538550535837809,11.921256750554862,8.538550535837809,11.921256750554862,3,4
twitch,4,We got to move.,60.27744674682617,7.318112850189209,5.913546918121979,7.318112850189209,5.913546918121979,4,4
twitch,4,I can't go anywhere.,29.528247833251953,6.709371948242188,4.884023472480954,6.873840630054474,5.0929863347261435,5,4
twitch,4,Climb in the rock!,164.02032470703125,9.119518518447876,7.357730408207405,9.327202439308167,7.178023654322235,6,4
twitch,4,Get somebody beef first.,2698.19970703125,7.459623575210571,11.397772157969579,7.459623575210571,11.397772157969579,4,4
twitch,4,Look at this peanut.,242.62535095214844,7.031226217746735,7.922580297523613,7.031226217746735,7.922580297523613,4,4
twitch,4,"Yep, that's a Y.",36.54314422607422,7.63161023457845,5.1915288826748425,7.933845639228821,6.222743558714024,6,4
twitch,4,we hover over them,243.12635803222656,8.152937889099121,7.925554668554695,8.152937889099121,7.925554668554695,3,4
twitch,4,"Smoke him, smoke him?",149.98521423339844,7.053314924240112,7.228675823786271,6.065987050533295,6.789568122087888,6,4
twitch,4,Teach me that trick.,168.43826293945312,8.404197502136231,7.39607613005033,7.9532310962677,7.255022941513474,5,4
twitch,4,a gang over here.,562.6210327148438,8.007633566856384,9.136018499648113,8.007633566856384,9.136018499648113,4,4
twitch,4,"Scurry off, scurry off.",57.04929733276367,6.685608642441886,5.834137336919263,6.384069487452507,5.4434297749570755,7,4
twitch,4,good work or form.,488.4923095703125,8.373338222503662,8.932191388959737,8.373338222503662,8.932191388959737,4,4
twitch,4,I'm burning that guy.,216.75692749023438,8.304257869720459,7.759933115641886,8.08387279510498,6.9375728909468775,5,4
twitch,4,it's definitely noticeably slower,757.9483642578125,8.532646656036377,9.565947941437619,8.00832748413086,10.29544013849336,4,4
twitch,4,Just a quick hum.,184.43270874023438,7.870411157608032,7.526949558332596,7.870411157608032,7.526949558332596,4,4
twitch,4,see what it is.,38.7667236328125,6.988243222236633,5.276746760151929,6.988243222236633,5.276746760151929,4,4
twitch,4,What's a low guy?,193.27249145507812,8.218965244293212,7.594492190058517,8.136584520339966,8.128955666269135,5,4
twitch,4,"Space. Oh, too funny.",124.44940948486328,6.329388340314229,6.959415234336542,5.749913513660431,6.622662329488742,6,4
twitch,4,"Wait, you got it.",15.848617553710938,7.276079368591309,3.9862852649807743,6.765023708343506,3.8330473053404845,5,4
twitch,4,I don't have powers.,66.89358520507812,5.227290331944824,6.063795931341791,6.001363686984405,7.008274543389067,5,4
twitch,4,on me on me,694.6776733398438,8.203213691711426,9.440200393563938,8.203213691711426,9.440200393563938,3,4
twitch,4,Is it a chicken?,72.58599090576172,9.463726282119751,6.181618844517229,9.463726282119751,6.181618844517229,4,4
twitch,4,Hold the button down.,34.66525650024414,8.939721941947937,5.115418674275206,8.939721941947937,5.115418674275206,4,4
twitch,4,He comes the chicken!,1741.2623291015625,7.402009606361389,10.765915974720341,7.402009606361389,10.765915974720341,4,4
twitch,4,I've got tons of...,142.4326171875,6.854276669025421,7.154135305502618,6.425140097737312,7.425179939600243,5,4
twitch,4,"Wait, that's a Christ",67.2353744506836,7.905618190765381,6.07114634489062,8.14459760983785,7.78941009516365,5,4
twitch,4,"Oh, sorry, sorry, sorry.",9.687032699584961,5.990336315972464,3.276054892860901,5.718291282653809,3.080215269113007,7,4
twitch,4,I see a bird.,218.3988494873047,8.460369348526001,7.770821201386323,8.460369348526001,7.770821201386323,4,4
twitch,4,You gotta come in,381.53912353515625,7.521867593129476,8.575685721202612,7.521867593129476,8.575685721202612,3,4
twitch,4,Get him six times.,298.62860107421875,7.776341795921326,8.222207749200047,7.776341795921326,8.222207749200047,4,4
twitch,4,These guys are genius,422.4517822265625,9.064375877380371,8.722641991347508,9.064375877380371,8.722641991347508,3,4
twitch,4,Are you guys in?,99.87872314453125,8.649607181549072,6.642105592074563,8.649607181549072,6.642105592074563,4,4
twitch,4,"Yeah, that's my puke.",36.4621467590332,7.2326122011457175,5.188327198894202,7.5156333446502686,6.20445483379927,7,4
twitch,4,I'm representing my set.,444.9762878417969,7.660237407684326,8.797583347427366,7.2788472175598145,8.258043170435243,5,4
twitch,4,Should we kill him?,40.09465026855469,7.534252882003784,5.32533796428843,7.534252882003784,5.32533796428843,4,4
twitch,4,You're right here! Boom!,85.88995361328125,6.501638253529866,6.424417111761337,5.8828266859054565,5.6655888598512085,6,4
twitch,4,"Hey, come on now.",20.05331039428711,6.234728813171387,4.3257684335765685,5.5224133133888245,3.8982948757633724,5,4
twitch,4,wait why won't we,104.199462890625,5.8330228962004185,6.703203794459406,6.802090051273505,8.33505872194937,4,4
twitch,4,"Yeah, block is crazy",656.0231323242188,8.327693939208984,9.35759750104929,8.482072194417318,9.047323458402303,4,4
twitch,4,"Oh, here's a deer.",67.11375427246094,7.3215575615564985,6.068535233136636,7.668173760175705,6.924192473646478,6,4
twitch,4,Little gash of the...,375.6419982910156,9.212800216674804,8.553213790110345,9.657613754272461,9.1898796316589,5,4
twitch,4,What do you mean?,17.162540435791016,5.375529766082764,4.101191070968793,5.375529766082764,4.101191070968793,4,4
twitch,4,Where's the T-Rex? Where?,42.569549560546875,7.552327752113342,5.411749784898646,7.581504315137863,6.767275416012198,8,4
twitch,4,I don't know what.,22.970090866088867,5.161093318089843,4.521684462456902,5.918617419665679,5.429198648660466,5,4
twitch,4,Hold up. Hold up.,20.18669891357422,6.639202308654785,4.335333187419737,6.418765366077423,4.041971025568545,5,4
twitch,4,Is that a raptor?,68.24860382080078,7.349730062484741,6.092721201573569,8.181534975767136,7.193420274562066,5,4
twitch,4,Let's get more Y.,220.68695068359375,8.197121524810791,7.785856573722296,8.109717845916748,8.540561858824997,5,4
twitch,4,Your body's still there.,80.24478149414062,8.388058471679688,6.326335896293868,8.469266176223755,6.028797598331245,5,4
twitch,4,"Oh, it'll be crew.",85.12358856201172,6.901240507761638,6.411480272753079,7.137415289878845,7.547255294492296,6,4
twitch,4,"Here, what the hell?",32.456695556640625,7.841266250610351,5.020444691883434,7.659746408462524,4.940932396945984,5,4
twitch,4,Get him seven times?,656.927490234375,8.04643726348877,9.359589662384208,8.04643726348877,9.359589662384208,4,4
twitch,4,I think I'm sorry.,51.32463836669922,6.977213764190674,5.6815798858807725,7.07588791847229,5.48218327452142,5,4
twitch,4,We're good to go.,31.764633178710938,6.5561422348022464,4.989349315034754,5.9367058873176575,4.1437759337742355,5,4
twitch,4,Can't deal with 4x,83.62335968017578,7.716927909851075,6.385833761779176,7.259131669998169,5.865021783484674,5,4
twitch,4,We'll do it later.,38.580543518066406,6.647501754760742,5.269801301065528,6.107024669647217,4.8223283680546505,5,4
twitch,4,Make sure they're bleeding.,122.3055419921875,7.175752401351929,6.93434520968791,7.205938279628754,6.89808456292644,5,4
twitch,4,We'll get big again.,159.1817169189453,7.423860263824463,7.314530668392907,7.077472805976868,7.434377969738954,5,4
twitch,4,"Where'd you go, Rogue?",71.25421142578125,7.317232092221578,6.1549035186818495,7.027389377355576,5.4852270119365265,6,4
twitch,4,"Damn, this is mine.",31.301849365234375,7.6659143447875975,4.968175965180574,7.222633242607117,5.045481679014605,5,4
twitch,4,"Ah, f**k it, nah.",22.86191177368164,6.492084052827623,4.514874033506349,6.688788672288259,4.711435378627529,9,4
twitch,4,"Oh, this is chicken-chicken-chicken-chicken-chicken-chicken-chicken-chicken-",4.6227126121521,3.8533235616408863,2.208739439069632,6.487506219270554,5.581216413600659,26,4
twitch,4,"It's a me, yeah.",92.91741943359375,7.287876526514689,6.537876764797527,7.164034187793732,6.865659641424834,6,4
twitch,4,Wait Pino which one?,1180.8826904296875,8.343327808380128,10.205649411480696,8.227295398712158,9.648422389592964,5,4
twitch,4,"I'm serious, I'm not.",28.95785140991211,6.9101899691990445,4.855882473044491,6.94638192653656,4.971421998578509,7,4
twitch,4,"Die, you wretched beast!",150.0261993408203,8.906369018554688,7.229069148213901,8.295183181762695,7.621424066446805,5,4
twitch,4,Get a four times?,1164.909423828125,8.217677116394043,10.186001061504488,8.217677116394043,10.186001061504488,4,4
twitch,4,Did you hear that?,18.190767288208008,7.155439615249634,4.185134395893384,7.155439615249634,4.185134395893384,4,4
twitch,4,"Yeah, no thanks, chief.",75.14713287353516,6.2177192370096845,6.2316455762116165,5.891932785511017,5.9323038197236375,6,4
twitch,4,"Oh shit, my bad.",78.40748596191406,7.172600364685058,6.292918221953552,7.49815434217453,6.936046152621218,5,4
twitch,4,Iples on my cube.,820.4270629882812,10.166135597229005,9.680227455703015,10.025540113449097,9.14111862949879,5,4
twitch,4,spending the same time.,79.938720703125,8.5142578125,6.320822439120899,7.955808162689209,5.7992703103460155,5,4
twitch,4,I'm full with that.,178.418701171875,6.998625445365906,7.479123458378287,6.451832264661789,6.876182093361815,5,4
twitch,4,"Well, we see water",203.25526428222656,7.1642502546310425,7.667148188213155,6.8603889147440595,8.939274892894227,4,4
twitch,4,Get out of here!,28.17881202697754,7.6949310302734375,4.816538884508936,7.6949310302734375,4.816538884508936,4,4
twitch,4,There is that chicken!,419.9646911621094,8.351118683815002,8.714124128504112,8.351118683815002,8.714124128504112,4,4
twitch,4,Like an hour ago?,137.7693634033203,7.347076654434204,7.106111091802335,7.347076654434204,7.106111091802335,4,4
twitch,4,All right. Look here,169.38140869140625,6.563524127006531,7.404131881919529,6.813491662343343,7.956438590178435,4,4
twitch,4,"Packer Raptors, Packer Raptors!",922.4938354492188,8.893432310649327,9.849381215439621,8.153046905994415,9.931674319406094,7,4
twitch,4,"Rogue, is this you?",109.38990783691406,9.152189540863038,6.773336173653499,8.661406874656677,6.801608903324285,5,4
twitch,4,"God, what the fuck!",68.89391326904297,7.834891510009766,6.106304245699222,7.438157916069031,6.394133623102788,5,4
twitch,4,but then before 75.,1516.584228515625,7.963705539703369,10.566604645770642,7.963705539703369,10.566604645770642,4,4
twitch,4,"Rogue, run over here.",180.19967651367188,8.32583703994751,7.4934518198584374,7.628466248512268,7.128758392156782,5,4
twitch,4,Are we for real?,31.91349983215332,6.718900501728058,4.996094823599715,6.718900501728058,4.996094823599715,4,4
twitch,4,"Oh, we're touching tips.",150.08837890625,6.971226692199707,7.22966682676966,6.633969306945801,7.637842219234228,6,4
twitch,4,We're fighting an alo,1292.49658203125,6.315513777732849,10.335942070976268,5.635920315980911,10.82168955762378,5,4
twitch,4,Don't wait for me.,20.89043426513672,6.220594882965088,4.384770531465724,5.539823651313782,4.059395382823714,5,4
twitch,4,"That thing, see that?",141.6631622314453,7.597884941101074,7.146320925959071,7.82001519203186,6.974909636487394,5,4
twitch,4,Should we eat that?,91.51251220703125,8.706334352493286,6.515897497557806,8.706334352493286,6.515897497557806,4,4
twitch,4,I'm leading the charge.,54.2417106628418,7.287824916839599,5.761330530648887,6.813331604003906,4.615586525293281,5,4
twitch,4,"All right, if any...",163.79257202148438,6.988142108917236,7.355725813523219,7.2225353717803955,8.286500249114024,5,4
courtroom,5,Does reading through Lines 11,3313.380859375,6.973766565322876,11.694062393750798,6.973766565322876,11.694062393750798,4,5
courtroom,5,vicinity of the Metro-Atlantic/NECC facility?,455.4927673339844,8.397543946901957,8.83128300817254,9.028643839699882,8.676864160318788,12,5
courtroom,5,Some -- there was a,113.9244613647461,7.0082926750183105,6.8319337519329135,7.0082926750183105,6.8319337519329135,4,5
courtroom,5,Why would you guess plywood?,338.26129150390625,6.486584623654683,8.401599967026886,6.713097071647644,9.599021993486117,6,5
courtroom,5,"number, if there is one.",14.13895320892334,6.9378297328948975,3.8216031803911448,6.167154598236084,3.3903634356558983,6,5
courtroom,5,ever see any discolored water?,135.99026489257812,7.779175281524658,7.087358686538316,8.326192824045817,8.218948137267123,7,5
courtroom,5,"You know, I don't remember.",16.263444900512695,5.6295096739860515,4.0235610773918085,6.315203347336501,4.6310210750790635,7,5
courtroom,5,I don't know for sure.,12.72492790222168,4.232398479866485,3.669585555303641,4.652678793482482,4.225177122835841,6,5
courtroom,5,side of the main building?,73.31278228759766,9.122591972351074,6.195993137188736,9.122591972351074,6.195993137188736,5,5
courtroom,5,What do you need to,16.84765625,4.758663296699524,4.074475978775836,4.758663296699524,4.074475978775836,4,5
courtroom,5,Let's go one by one.,18.128524780273438,5.0163836137702065,4.180189452150396,4.310313088446856,4.024344562301399,6,5
courtroom,5,I don't have any more,19.081377029418945,6.08578451834619,4.254093553413387,7.074481419986114,4.746146570978562,5,5
courtroom,5,Do I read that correctly?,41.045928955078125,6.984522438049316,5.359167223111393,6.984522438049316,5.359167223111393,5,5
courtroom,5,They weren't fit for holding,188.62059020996094,6.246503598429262,7.559342942880525,6.621088836924173,7.997283460416063,5,5
courtroom,5,"Now, you've written the words",65.09153747558594,7.315946658452352,6.02439828861723,7.441973149776459,6.202879672095038,6,5
courtroom,5,you remember giving that testimony?,422.1116943359375,7.679733753204346,8.721480836087116,7.679733753204346,8.721480836087116,5,5
courtroom,5,I wasn't there that much.,33.84461212158203,5.264365700383981,5.0808542442407125,5.56781300753355,5.550757058016419,6,5
courtroom,5,"You know, it was one",24.643115997314453,6.555953073501587,4.623112385660312,6.810091316699982,5.10222087793938,5,5
courtroom,5,You are not saying he,79.88484191894531,8.087143182754517,6.319849435443219,8.087143182754517,6.319849435443219,4,5
courtroom,5,I'm not saying I didn't,14.6279878616333,5.95220666398139,3.8706595044262557,5.305488363141194,3.590934729791581,6,5
courtroom,5,It ran out the hole,498.8843078613281,7.300372004508972,8.962560798401153,7.300372004508972,8.962560798401153,4,5
courtroom,5,Is there a Bates number?,565.8056640625,7.495829916000366,9.143859388149,7.495829916000366,9.143859388149,5,5
courtroom,5,"there we go, Exhibit 1",192.38775634765625,6.523745203018189,7.587858668859764,6.200807750225067,6.757352648139385,5,5
courtroom,5,I don't have a Bates,187.0319366455078,5.983925044164062,7.5469889385665,6.947157077258453,8.862265802419952,5,5
courtroom,5,You talked a little bit,37.01449966430664,4.556397616863251,5.210018150860525,4.556397616863251,5.210018150860525,4,5
courtroom,5,when you worked for Metro-Atlantic?,730.5687866210938,6.459704944065639,9.512874181955711,7.245075098673503,9.10270585914814,7,5
courtroom,5,read what you wrote here?,74.55305480957031,6.4909059524536135,6.220195020260638,6.4909059524536135,6.220195020260638,5,5
courtroom,5,If there was a maintenance,116.97029113769531,7.258276283740997,6.869996802213406,7.258276283740997,6.869996802213406,4,5
courtroom,5,I read that as connection.,482.21636962890625,8.196557807922364,8.913530702079195,8.196557807922364,8.913530702079195,5,5
courtroom,5,Do you recall that testimony?,139.21917724609375,7.202644920349121,7.121214117077438,7.202644920349121,7.121214117077438,5,5
courtroom,5,And do you remember answering:,229.3953094482422,6.383584785461426,7.8416908093688225,6.383584785461426,7.8416908093688225,5,5
courtroom,5,sold as burn barrels and,674.6898803710938,8.522181987762451,9.398078076622378,8.522181987762451,9.398078076622378,4,5
courtroom,5,could not see the bottom.,74.87786865234375,8.129515266418457,6.22646775554623,8.129515266418457,6.22646775554623,5,5
courtroom,5,"side, you know, logically placed.",149.31771850585938,8.183744566781181,7.222237842511225,7.981662654876709,7.145296484184345,7,5
courtroom,5,Do you remember that subject,145.38333129882812,7.860220551490784,7.183717638789066,7.860220551490784,7.183717638789066,4,5
courtroom,5,It was inside the building.,64.02307891845703,7.949168872833252,6.000519495676739,7.949168872833252,6.000519495676739,5,5
courtroom,5,"I read that as ""Drum",235.5272979736328,8.016188939412435,7.879750608925367,8.210103130340576,7.649898117833452,6,5
courtroom,5,I think that's Exhibit 3.,108.35717010498047,6.296114047368367,6.759647013216926,6.168365955352783,6.124964482933617,6,5
courtroom,5,but I'm not a chemist.,25.319812774658203,7.292899449666341,4.662194303157793,7.432349109649659,5.065735728660613,6,5
courtroom,5,They would be fed to,102.99129486083984,8.968822836875916,6.686378824572165,8.968822836875916,6.686378824572165,4,5
courtroom,5,"testimony, Lines 11 through 24.",435.27532958984375,6.388472080230713,8.765757161778689,5.363065624237061,6.900419413001276,7,5
courtroom,5,were further into the building.,93.98410034179688,9.006145858764649,6.5543445302390495,9.006145858764649,6.5543445302390495,5,5
courtroom,5,would be just a guess.,57.153499603271484,8.003208255767822,5.836769943813709,8.003208255767822,5.836769943813709,5,5
courtroom,5,"written the word ""Texas Tower.""",241.9633331298828,7.781751116116841,7.918642773792745,7.793512582778931,6.60921450475256,6,5
courtroom,5,him with prior inconsistent statements.,1331.3150634765625,8.932201385498047,10.378631285886772,8.932201385498047,10.378631285886772,5,5
courtroom,5,That's what I'm driving at.,19.87480926513672,6.46428108215332,4.312869029391079,6.195636796951294,3.7204082918355375,7,5
courtroom,5,It was a work area.,125.13878631591797,7.291485118865967,6.96738525374452,7.291485118865967,6.96738525374452,5,5
courtroom,5,Bates numbers E-000003.003225 through 227.,640.0360107421875,8.509652853012085,9.322007526540379,7.268657517433167,10.170992907831362,13,5
courtroom,5,description of the main building?,110.68463897705078,9.373488998413086,6.790310819645654,9.373488998413086,6.790310819645654,5,5
courtroom,5,It showed up somewhere between,193.9738006591797,6.583792090415955,7.599718148764213,6.583792090415955,7.599718148764213,4,5
courtroom,5,Which day of his testimony?,328.2365417480469,6.787128734588623,8.358591567894544,6.787128734588623,8.358591567894544,5,5
courtroom,5,parked -- where I worked.,188.79568481445312,8.52563738822937,7.560681975551447,8.171361637115478,6.994206199534828,6,5
courtroom,5,"facility, what did you mean?",71.6741714477539,7.335048948015485,6.163381872976477,6.20313097635905,5.065912516719829,7,5
courtroom,5,How tall was it approximately?,270.9322204589844,6.65533857345581,8.08178594504091,6.65533857345581,8.08178594504091,5,5
courtroom,5,I couldn't remember where that,60.29225158691406,5.5993481449782845,5.91390013548052,6.15078281192109,6.535752212232733,5,5
courtroom,5,And what was that building?,80.7789535522461,7.549408340454102,6.335907364586022,7.549408340454102,6.335907364586022,5,5
courtroom,5,ground but I'm not sure.,20.70509910583496,6.985373020172119,4.371913970896605,7.098453521728516,4.730657691958926,6,5
courtroom,5,I think it might be,27.083377838134766,5.886345088481903,4.759335615777699,5.886345088481903,4.759335615777699,4,5
courtroom,5,They had ridges in it.,234.04612731933594,6.107978185017903,7.870647613921029,6.438884496688843,8.193446546977578,6,5
courtroom,5,those empty bags in there.,225.11410522460938,7.72116756439209,7.814511921322709,7.72116756439209,7.814511921322709,5,5
courtroom,5,"Yeah, but that was wrong.",23.321617126464844,6.408926248550415,4.543596129979865,6.1177996635437015,4.635638488388471,6,5
courtroom,5,But I just wanted to,15.807137489318848,5.97707399725914,3.982504284910994,5.97707399725914,3.982504284910994,4,5
courtroom,5,do you see this here?,40.41883087158203,7.124758052825928,5.336955283560754,7.124758052825928,5.336955283560754,5,5
courtroom,5,It was a different location.,58.60432052612305,8.205513381958008,5.872934998636596,8.205513381958008,5.872934998636596,5,5
courtroom,5,Finished product was stored there.,355.1377258300781,7.406133691469829,8.472234990200908,6.820861005783081,8.18876395508301,6,5
courtroom,5,Do you remember they were,95.25492095947266,7.2437217235565186,6.573721962753452,7.2437217235565186,6.573721962753452,4,5
courtroom,5,I knew what was bad.,99.97120666503906,5.895668601989746,6.643440655156591,5.895668601989746,6.643440655156591,5,5
courtroom,5,and we never mixed them.,230.60939025878906,7.358119678497315,7.849306730630531,7.358119678497315,7.849306730630531,5,5
courtroom,5,And you are an intern?,175.34437561035156,7.910530662536621,7.454047256912548,7.910530662536621,7.454047256912548,5,5
courtroom,5,accurate transcription of my notes.,344.4672546386719,8.412174860636393,8.428222455046642,8.012434959411621,7.341654266483724,6,5
courtroom,5,Not that I can remember.,20.56617546081543,7.522589588165284,4.362201495214098,7.522589588165284,4.362201495214098,5,5
courtroom,5,"previously ""Process area No. 2"".",546.6830444335938,7.430176734924316,9.09455893533207,6.959378576278686,9.011095943735896,8,5
courtroom,5,then another building replaced it?,828.18408203125,7.581500720977783,9.69380679792351,7.581500720977783,9.69380679792351,5,5
courtroom,5,I have a couple of,17.395153045654297,8.197553157806396,4.120613750829083,8.197553157806396,4.120613750829083,4,5
courtroom,5,would feed along that track.,421.0374450683594,7.769061756134033,8.717804470178965,7.769061756134033,8.717804470178965,5,5
courtroom,5,When you washed off the,278.8304138183594,6.751052737236023,8.123215339018133,6.751052737236023,8.123215339018133,4,5
courtroom,5,the tanks or the filter,2034.135986328125,10.08505380153656,10.990195567614649,10.08505380153656,10.990195567614649,4,5
courtroom,5,Let me know when you're,16.248863220214844,5.916427230834961,4.022267003342904,5.916427230834961,4.022267003342904,5,5
courtroom,5,I promise to be short.,172.37930297851562,7.1410540580749515,7.429441312271533,7.1410540580749515,7.429441312271533,5,5
courtroom,5,wash out of the building.,23.40926742553711,8.53105812072754,4.549007615719054,8.53105812072754,4.549007615719054,5,5
courtroom,5,do to figure out when.,67.12232971191406,6.471168863773346,6.068720546058236,6.471168863773346,6.068720546058236,5,5
courtroom,5,"from Smith Street is ""Shipping.""",1454.8077392578125,8.574249744415283,10.50660700705552,8.37437801361084,10.25197110026983,6,5
courtroom,5,-- of the main building?,234.26698303222656,10.061061573028564,7.872009126932857,10.061061573028564,7.872009126932857,5,5
courtroom,5,area where they were stored?,167.2874755859375,7.847169017791748,7.386185658241205,7.847169017791748,7.386185658241205,5,5
courtroom,5,"Metro-Atlantic, to your best recollection?",277.3663024902344,8.898363471031189,8.115649229329374,8.084098100662231,8.507797517714328,8,5
courtroom,5,""" ... who were interchangeable.""",628.2396240234375,9.394594764709472,9.29516683305621,9.394594764709472,9.29516683305621,5,5
courtroom,5,I don't know for sure.,12.72492790222168,4.232398479866485,3.669585555303641,4.652678793482482,4.225177122835841,6,5
courtroom,5,It should be at the,45.45868682861328,5.674898982048035,5.506484350176747,5.674898982048035,5.506484350176747,4,5
courtroom,5,And you gave your best,203.830810546875,7.497633218765259,7.671228548553918,7.497633218765259,7.671228548553918,4,5
courtroom,5,One was the maintenance shop,488.50396728515625,9.748006105422974,8.932225036334973,9.748006105422974,8.932225036334973,4,5
courtroom,5,Rhode Island Hospital is now.,256.5962829589844,7.886415561040242,8.00335572256723,7.856626510620117,8.505631856455611,6,5
courtroom,5,"Now, does that complete your",178.50099182128906,6.434404277801514,7.4797860796052,5.815697133541107,7.4991341652724035,5,5
courtroom,5,couldn't say for a fact.,34.05022048950195,4.819817521742412,5.089592184104744,4.428357114394506,5.018038964725199,7,5
courtroom,5,And the trapezoidal building is,155.57266235351562,7.266257087389628,7.281444102844373,8.442868133385975,7.6153839386691216,6,5
courtroom,5,I just noticed that it,62.281639099121094,7.648295044898987,5.960734794041605,7.648295044898987,5.960734794041605,4,5
courtroom,5,"Let me see that, sir,",32.8240852355957,7.0758834679921465,5.036682806742709,6.788710403442383,5.027086368736272,6,5
courtroom,5,"I can remember, by being",226.0645751953125,7.300186634063721,7.820591312631623,7.269198179244995,7.904029077093934,5,5
courtroom,5,I would think that's true.,29.90873146057129,6.939210653305054,4.902494447850441,6.8791131496429445,4.671721315585397,6,5
courtroom,5,and then later picked up.,133.29812622070312,7.758616161346436,7.058512771641257,7.758616161346436,7.058512771641257,5,5
courtroom,5,don't you have a seat?,35.9351806640625,7.347773710886638,5.167325049826164,7.022042465209961,5.088303811807682,6,5
courtroom,5,Let me just finish the,65.30150604248047,6.981343865394592,6.02904469961512,6.981343865394592,6.02904469961512,4,5
courtroom,5,That was also the basement?,390.45428466796875,7.5534423828125,8.609007642719428,7.5534423828125,8.609007642719428,5,5
courtroom,5,"The word ""Office"" appears there.",127.81324768066406,7.678389821733747,6.997893008346546,7.861060015360513,6.7006687011292,7,5
courtroom,5,And what was that for?,23.164512634277344,6.594611167907715,4.533844408383315,6.594611167907715,4.533844408383315,5,5
courtroom,5,When you graduated from high,55.24869155883789,6.746108412742615,5.787867657795458,6.746108412742615,5.787867657795458,4,5
courtroom,5,Which date of his testimony?,257.9106750488281,7.217574691772461,8.010727133773116,7.217574691772461,8.010727133773116,5,5
courtroom,5,were sold to state parks.,176.64639282226562,7.4862135887146,7.464720563246405,7.4862135887146,7.464720563246405,5,5
courtroom,5,I'm guessing that's the driveway.,103.32056427001953,7.517237935747419,6.690974433107121,7.326132774353027,7.08180467911355,7,5
courtroom,5,approximate time hexachlorophene was manufactured.,174.0117645263672,6.783372142098167,7.443001829239609,6.713261521657307,9.196539825988742,11,5
courtroom,5,I think it's Exhibit 3.,99.08549499511719,5.686028063297272,6.630597633071474,5.763351798057556,6.144960729023233,6,5
courtroom,5,"Now, do you recall previously",125.51641845703125,6.649663066864013,6.971731660487707,6.084770619869232,7.140193191941587,5,5
courtroom,5,Did you give that testimony?,103.03511047363281,6.913164043426514,6.686993065035537,6.913164043426514,6.686993065035537,5,5
courtroom,5,Environment and Natural Resources Division.,20.113115310668945,6.560708403587341,4.330064723899473,6.560708403587341,4.330064723899473,5,5
courtroom,5,We can argue some day.,300.4910888671875,6.576335334777832,8.231177804367054,6.576335334777832,8.231177804367054,5,5
courtroom,5,It was just a building.,50.748329162597656,8.21991262435913,5.665288203560951,8.21991262435913,5.665288203560951,5,5
courtroom,5,And at that time you,43.692893981933594,6.062108099460602,5.449326610378309,6.062108099460602,5.449326610378309,4,5
courtroom,5,Do you remember storage tanks?,354.7418518066406,6.927830600738526,8.470584659621522,6.927830600738526,8.470584659621522,5,5
courtroom,5,That I'm not sure of.,15.695486068725586,6.842973947525024,3.972277740286637,6.852146291732788,4.12713988149416,6,5
courtroom,5,This is John Ferroli for,1240.980712890625,6.714129010836284,10.27726315606863,7.942663609981537,10.403480195995332,6,5
courtroom,5,"of June, July and August?",73.09196472167969,6.073181261618932,6.191640940727264,5.677347886562347,6.240366794016043,6,5
courtroom,5,"Well, I'd like to know.",10.387690544128418,5.708297865731375,3.3768030802034557,5.249855899810791,3.3977872265946516,7,5
courtroom,5,down for the time being.,11.617463111877441,7.125764060020447,3.538222974729686,7.125764060020447,3.538222974729686,5,5
courtroom,5,I read this as 40-S.,350.6584777832031,7.531194755009243,8.453921492184815,7.764512157440185,8.926718936447728,7,5
courtroom,5,"school --well, let's back up.",76.62229919433594,5.403116390109062,6.259689396400998,5.32634688615799,5.7441150082794445,8,5
courtroom,5,I think it might have,43.709999084472656,5.886345088481903,5.449891370030349,5.886345088481903,5.449891370030349,4,5
courtroom,5,"the water outside the building?""",204.58351135253906,8.524117469787598,7.676546148316163,8.524117469787598,7.676546148316163,5,5
courtroom,5,from the Department of Justice.,21.8769588470459,7.0902862548828125,4.451340103625503,7.0902862548828125,4.451340103625503,5,5
courtroom,5,and I think they might,51.80002212524414,7.625641465187073,5.6948807650944495,7.625641465187073,5.6948807650944495,4,5
courtroom,5,today about tight drums --,17914.974609375,8.304908871650696,14.128856874439071,8.304908871650696,14.128856874439071,4,5
courtroom,5,left side of the peninsula?,132.55406188964844,7.24172077178955,7.050436969201435,7.24172077178955,7.050436969201435,5,5
courtroom,5,ago when you didn't care.,72.1645736694336,5.897499651027222,6.17321875201144,6.463737875409424,6.647106890545594,6,5
courtroom,5,And your observations regarding the,339.58941650390625,9.098177313804626,8.407647026096893,9.098177313804626,8.407647026096893,4,5
courtroom,5,Thank you for coming today.,22.692529678344727,5.711673069000244,4.504145646543537,5.711673069000244,4.504145646543537,5,5
courtroom,5,When you worked for either,184.4700927734375,7.763706564903259,7.527243241986728,7.763706564903259,7.527243241986728,4,5
courtroom,5,I saw it go out.,112.1039047241211,7.3746930122375485,6.808692053514747,7.3746930122375485,6.808692053514747,5,5
courtroom,5,"Just for the record, the",7.768589496612549,7.1027867794036865,2.9576528414799172,7.718539327383041,3.177215809886472,5,5
courtroom,5,"Somewhere in that area, yes.",40.508113861083984,6.41435794532299,5.340138310669509,6.621952096621195,5.041776281174612,8,5
courtroom,5,The end of that peninsula.,290.2449951171875,7.8061604499816895,8.181121731868215,7.8061604499816895,8.181121731868215,5,5
courtroom,5,And you'll note the --,221.4760284423828,7.324103784561157,7.791005841007021,7.707005679607391,8.122198086072224,5,5
courtroom,5,How did it look murky?,413.79534912109375,5.494761562347412,8.692684073589167,5.494761562347412,8.692684073589167,5,5
courtroom,5,Could you make a green,143.24407958984375,8.283970832824707,7.162331566767705,8.283970832824707,7.162331566767705,4,5
courtroom,5,You are not a chemist?,82.90461730957031,8.370836353302002,6.37338050074637,8.370836353302002,6.37338050074637,5,5
courtroom,5,area outside of the building.,26.861698150634766,8.224569129943848,4.747478341360728,8.224569129943848,4.747478341360728,5,5
courtroom,5,"Now, there is an orange",51.10541915893555,6.9347038745880125,5.675404245383115,6.441071629524231,5.990884304235838,5,5
courtroom,5,I haven't found it yet.,19.073476791381836,5.401640065635244,4.253495562073474,5.840835218504071,4.561291696136761,6,5
courtroom,5,I know it went outside.,219.7677764892578,6.403398418426514,7.779835889355361,6.403398418426514,7.779835889355361,5,5
courtroom,5,just a general work area.,305.0201721191406,8.66481809616089,8.252760482945101,8.66481809616089,8.252760482945101,5,5
courtroom,5,And the material that was,78.1932144165039,9.618138790130615,6.288971659963306,9.618138790130615,6.288971659963306,4,5
courtroom,5,They weren't touching each other.,37.554447174072266,5.2351286195529,5.230911607525174,5.332521814573556,5.044367613108939,6,5
courtroom,5,Let's do it this way.,12.919841766357422,5.268620510896047,3.6915163149659573,4.612997364997864,3.355037321601851,6,5
courtroom,5,you know what that was?,26.329662322998047,5.559591913223267,4.718617315810937,5.559591913223267,4.718617315810937,5,5
courtroom,5,"connection too, by the way.",25.892620086669922,6.846936543782552,4.694468950409151,6.843402290344239,4.521796017786472,6,5
courtroom,5,can't quite read that word.,82.92284393310547,7.378257433573405,6.373697959026867,7.002217483520508,6.155574740510564,6,5
courtroom,5,"Hell, no, I don't remember.",11.196257591247559,6.317822051118128,3.4849448512082315,6.180109176691621,3.3333100040685735,8,5
courtroom,5,I have a pink marker.,221.18948364257812,8.765843200683594,7.789137772481888,8.765843200683594,7.789137772481888,5,5
courtroom,5,They were also sold to,69.01655578613281,8.979926705360413,6.108870640110782,8.979926705360413,6.108870640110782,4,5
courtroom,5,And do you know that,17.515701293945312,6.118061542510986,4.130577002859488,6.118061542510986,4.130577002859488,4,5
courtroom,5,families of the two companies?,294.7879943847656,9.327083269755045,8.203533503976635,9.329951858520507,8.192093034381958,6,5
courtroom,5,"before Vivian S. Dafoulas, RMR/CRR.",225.54710388183594,7.851537227630615,7.817283430850892,8.528284940719605,8.73375077287115,15,5
courtroom,5,It looks like it does.,36.450992584228516,5.843637132644654,5.187886288127762,5.843637132644654,5.187886288127762,5,5
courtroom,5,While you were working at,64.19139099121094,7.476081013679504,6.0043084348134395,7.476081013679504,6.0043084348134395,4,5
courtroom,5,I can't remember looking out,65.25192260742188,6.625685596466065,6.027948092988899,6.76923269033432,6.7151797333816,5,5
courtroom,5,were close by each other.,72.16130828857422,5.732892036437988,6.173153221325543,5.732892036437988,6.173153221325543,5,5
courtroom,5,discarded in the dump area?,431.8025207519531,8.62156085173289,8.754227206204016,8.166228723526,8.657982424969822,6,5
courtroom,5,jobs there and other places.,66.53766632080078,7.7526047706604,6.056099536776488,7.7526047706604,6.056099536776488,5,5
courtroom,5,I'm guessing -- foggy memory,1810.607421875,7.674235423405965,10.822222382312527,7.3860474824905396,12.355223960639192,6,5
twitch,5,You got a little board.,141.6396484375,8.56783561706543,7.146080764327243,8.56783561706543,7.146080764327243,5,5
twitch,5,There's a border right here.,54.210514068603516,6.355040709177653,5.760500440810641,6.172620153427124,6.2049346217264905,6,5
twitch,5,Oh at least we're friends.,24.10533905029297,6.5454643567403155,4.591281278564035,6.67129955291748,4.272996507995804,6,5
twitch,5,"Oh, she's the water first.",115.77232360839844,7.588398592812674,6.855146512004723,7.42826476097107,7.792953618259489,7,5
twitch,5,He's jumping in the skipping,839.5718383789062,8.119703483581542,9.713390141683243,7.811510503292084,9.775064893730518,5,5
twitch,5,I might take a nibble.,80.74075317382812,6.570250511169434,6.335224498397043,7.081867933273315,7.1746762298316025,6,5
twitch,5,hold on left click attack,2496.053955078125,8.049539923667908,11.285432650201376,8.049539923667908,11.285432650201376,4,5
twitch,5,That's a T-Rex I think.,49.07514572143555,6.939431220293045,5.61692069632045,6.917247867584228,5.920146468293022,8,5
twitch,5,He brought me a crab,380.7745056152344,8.428468346595764,8.572791977243188,8.428468346595764,8.572791977243188,4,5
twitch,5,I'm going to bite you.,32.61265563964844,6.296410938103993,5.027359942287134,5.7185334920883175,4.832759724823289,6,5
twitch,5,"Oh, it's a little guy.",22.841224670410156,7.488392693655832,4.513567653089241,7.592307186126709,5.055969985306141,7,5
twitch,5,"Yeah, you're the little ones.",29.992271423339844,7.101481642041888,4.906518928064367,7.017052555084229,5.347970576367017,7,5
twitch,5,I don't really want it,27.531997680664062,4.439921605214477,4.783037282695605,5.017152778571472,5.279885720478658,5,5
twitch,5,"Get out of here, boy!",40.02211380004883,7.439351638158162,5.32272546594678,7.350927066802979,5.070875441319002,6,5
twitch,5,It said a whole G.,495.83563232421875,8.489095306396484,8.95371749229013,8.489095306396484,8.95371749229013,5,5
twitch,5,That's like a known bug.,110.23824310302734,8.464361111323038,6.784480234718036,8.476323366165161,6.859152103811615,6,5
twitch,5,"Teleport him, drag, teleport him.",250.96604919433594,6.802140012383461,7.971348339024145,6.3273685574531555,7.069813516216963,8,5
twitch,5,"Well, we gotta find him.",39.24325180053711,6.318138996760051,5.294373005829933,5.966599941253662,5.583093992161933,6,5
twitch,5,I just ate this thing.,106.49738311767578,7.594655609130859,6.734673895595952,7.594655609130859,6.734673895595952,5,5
twitch,5,I just got snatched up.,116.77317810058594,6.052583026885986,6.867563927634872,6.052583026885986,6.867563927634872,5,5
twitch,5,"Oh, where'd the be go?",194.40631103515625,6.905255896704538,7.602931040590972,7.0506205558776855,8.30422292986939,7,5
twitch,5,Me and my T-Rex brother.,71.37091827392578,8.696885585784912,6.157264315444384,9.260706615447997,6.405962869436891,7,5
twitch,5,I can't shake him off,87.61710357666016,6.178805637359619,6.453140274977571,6.210632741451263,6.742859860681321,5,5
twitch,5,He killed a little guy.,100.06607055664062,7.179409503936768,6.644809110430917,7.179409503936768,6.644809110430917,5,5
twitch,5,"Three, three, two, one, now.",17.83519744873047,6.705790360768636,4.156654788675194,6.745917129516601,4.258717659663121,9,5
twitch,5,"Yeah, you don't eat him.",33.39921188354492,5.797657686418721,5.061742400528067,6.008973020873964,5.313521572661076,7,5
twitch,5,What you doing up there?,83.62503814697266,5.763069772720337,6.385861557346265,5.763069772720337,6.385861557346265,5,5
twitch,5,guy. I feel like he's,15.641408920288086,7.144303957621257,3.9672986918988413,6.667847537994385,3.8724376257305706,6,5
twitch,5,You give me a group?,119.59009552001953,6.991771173477173,6.901953870348483,6.991771173477173,6.901953870348483,5,5
twitch,5,I'm being chased with something.,254.70919799804688,7.886018673578898,7.992706591110241,7.6260627746582035,7.909494413141682,6,5
twitch,5,Don't bite each other now.,84.06289672851562,5.440214549501737,6.393396536347027,4.739521497488022,6.021440572322256,6,5
twitch,5,"A little scrapple, a scrapple.",69.49092102050781,5.198679667711258,6.118751557955829,6.622989326715469,9.220574717502103,10,5
twitch,5,"All right, here's your eyeballs.",37.78656005859375,5.954356864094734,5.2398001821347,6.990009558200836,6.834041915151308,8,5
twitch,5,Look at that little bucket.,90.75853729248047,7.956753158569336,6.5039611611348604,7.956753158569336,6.5039611611348604,5,5
twitch,5,"Yeah, that's a good call.",12.406486511230469,6.44449394089835,3.6330229468570314,6.346017599105835,3.8665939805496614,7,5
twitch,5,"Oh God, I've got him.",31.60639190673828,6.3430134909493585,4.982144256732115,6.737959527969361,5.863959621475994,7,5
twitch,5,there's a lot of DM,52.678287506103516,7.309777307510376,5.719121912934118,7.244725048542023,6.268239882725557,5,5
twitch,5,All that dino is heave.,419.5613708496094,8.384977885654994,8.712737855877252,8.526903009414672,9.10426771053884,7,5
twitch,5,"Oh, that's our little comrade.",56.65177917480469,8.073802198682513,5.824048556027823,8.33027548789978,6.282799439267691,7,5
twitch,5,"Guys, it's friendly fire stop",459.5575866699219,7.288711581911359,8.84409795510719,6.469585547844568,10.30523620999619,7,5
twitch,5,there's a chicken right here,85.99026489257812,7.198910427093506,6.426101566386066,7.106141448020935,7.151964449540492,5,5
twitch,5,We gotta keep going north-west!,216.2269287109375,5.8894292286464145,7.7564022794336465,6.594423548380535,8.54098754929696,7,5
twitch,5,You see that little guy?,74.50920104980469,8.419987297058105,6.219346581557199,8.419987297058105,6.219346581557199,5,5
twitch,5,We can't kill that one,68.86927795410156,8.290328979492188,6.105788603607215,8.540601074695587,6.1550138209001775,5,5
twitch,5,Send him back to work.,36.180877685546875,7.276620101928711,5.177155133790232,7.276620101928711,5.177155133790232,5,5
twitch,5,Watch out with the chicken,378.039794921875,8.930107712745667,8.562393705713488,8.930107712745667,8.562393705713488,4,5
twitch,5,Give him the code there.,163.33413696289062,8.009029579162597,7.3516825933475705,8.009029579162597,7.3516825933475705,5,5
twitch,5,their how to grow fastest,1218.0467529296875,9.26450264453888,10.250350440706288,9.26450264453888,10.250350440706288,4,5
twitch,5,I put my coordinate in.,353.9872131347656,8.474258708953858,8.467545938424054,8.474258708953858,8.467545938424054,5,5
twitch,5,"Now, we're coming, we're coming.",14.57637882232666,6.069999469651116,3.865560482252977,5.885944354534149,3.732098300788852,9,5
twitch,5,I'm telling you the way.,62.02592849731445,6.230404496192932,5.954799248505521,5.639325761795044,5.533510815469353,6,5
twitch,5,You guys might be friends.,122.22590637207031,7.242996025085449,6.933405897033973,7.242996025085449,6.933405897033973,5,5
twitch,5,We're running out of time.,14.264150619506836,6.082877725362778,3.834321955284071,5.4926757454872135,2.9679883322515352,6,5
twitch,5,What's that? What's that noise?,12.773906707763672,6.246941834688187,3.6751278135829244,5.983102631568909,3.8550155317297268,8,5
twitch,5,"Come on, Rogue! Come out!",75.40694427490234,6.856581517628261,6.236625412711239,6.438973379135132,6.137209954625782,7,5
twitch,5,What do you have here?,30.622594833374023,4.646286821365356,4.936524527751468,4.646286821365356,4.936524527751468,5,5
twitch,5,I can't drop this organ.,144.60594177246094,7.624903281529744,7.175981777556319,7.939584493637085,7.213791332360394,6,5
twitch,5,How much did you charge?,37.11851501464844,6.990692806243897,5.214066669990067,6.990692806243897,5.214066669990067,5,5
twitch,5,I need a little bee.,243.45919799804688,8.484222030639648,7.9275340996270405,8.484222030639648,7.9275340996270405,5,5
twitch,5,"Got him, what's one bait?",269.5494079589844,7.218773773738316,8.07440076041659,7.375000810623169,8.758730600672724,7,5
twitch,5,What the fuck was that?,10.411773681640625,6.886793804168701,3.3801438683560265,6.886793804168701,3.3801438683560265,5,5
twitch,5,Is that not a T-Rex?,32.20268249511719,7.919042246682303,5.0091090343946325,8.562709140777589,5.935155546147592,7,5
twitch,5,"Oh, yeah, I got it.",9.618860244750977,6.429520675114223,3.2658662366621805,6.205508375167847,3.3028324720733706,7,5
twitch,5,What the fuck is that?,9.461854934692383,7.0165260314941404,3.2421230497170974,7.0165260314941404,3.2421230497170974,5,5
twitch,5,"Oh, that's actually, ooh, ooh.",24.05434226989746,5.734936622056094,4.5882255388344335,5.7693810323874155,4.721463656824521,11,5
twitch,5,"Alright, let's try this one.",7.866976261138916,5.646598747798374,2.9758095860565055,5.580937719345092,2.957919320112298,7,5
twitch,5,"Oh, I know. That's grandma.",34.01508712768555,6.301012873649597,5.088094394856553,6.114842128753662,4.781071323252593,8,5
twitch,5,He's coming in my bush?,434.6539306640625,7.59294056892395,8.763721559594488,7.241033601760864,9.177251683924098,6,5
twitch,5,What the fuck is that?,9.461854934692383,7.0165260314941404,3.2421230497170974,7.0165260314941404,3.2421230497170974,5,5
twitch,5,"I don't have Canada, though.",78.78875732421875,5.365521422188197,6.299914981394279,5.863986486010253,7.1814595721549015,7,5
twitch,5,Do not chase that chicken.,214.36978149414062,8.497608184814453,7.743957482330674,8.497608184814453,7.743957482330674,5,5
twitch,5,"We started 25, that's 7%.",632.093017578125,5.37264347076416,9.303992091324883,6.087408351898193,10.14212446209026,7,5
twitch,5,We're playing the LT Rex!,1455.0880126953125,8.378279129664103,10.50688465472261,8.247157430648803,11.026833366005524,6,5
twitch,5,Is he out right here?,134.49331665039062,5.750936555862427,7.071390854286605,5.750936555862427,7.071390854286605,5,5
twitch,5,burn that motherfucker no seriously,320.6883239746094,7.076284646987915,8.325027196856142,7.982070167859395,10.160011607079353,6,5
twitch,5,The horn's on the nose.,172.90121459960938,8.551086584726969,7.433802989086559,8.391855716705322,7.136964646763909,6,5
twitch,5,You guys find that out?,182.29904174804688,7.897554206848144,7.5101631467034995,7.897554206848144,7.5101631467034995,5,5
twitch,5,"Word, word, word, word, word.",7.591004848480225,5.895310428407457,2.9242909797710204,5.541094398498535,3.0921040007435243,9,5
twitch,5,Okay well that's the case.,38.039974212646484,6.902478933334351,5.249444105354823,7.014318466186523,5.65841705375761,6,5
twitch,5,Drag it just behind me.,171.31739807128906,6.133742332458496,7.420527918935403,6.133742332458496,7.420527918935403,5,5
twitch,5,"Okay, like a conga line.",40.20982360839844,6.926234790257046,5.3294765968655184,7.254962301254272,5.650813127682108,7,5
twitch,5,"Yeah, I'm on a roll.",14.365845680236816,7.071981225694929,3.844570988483532,7.050541591644287,3.765793652256047,7,5
twitch,5,You see where I'm going?,15.64830207824707,5.040645559628804,3.9679339536446627,5.483213543891907,4.596832423051712,6,5
twitch,5,It's just you right here.,55.029701232910156,6.222458799680074,5.7821387736850545,5.7490565299987795,5.9414268825989085,6,5
twitch,5,Can't seem to grab it,55.37431335449219,6.5038660049438475,5.791145068957954,5.742804288864136,5.403737192546503,5,5
twitch,5,He's gotta be the bush,218.38072204589844,8.188519287109376,7.7706962216902955,7.897530257701874,7.859795780864044,5,5
twitch,5,"Okay, they're out of us",40.58540344238281,7.381076415379842,5.342889014468874,7.129781484603882,5.510928303804748,6,5
twitch,5,Are you bigger than me?,32.44712448120117,6.00018835067749,5.020017899313957,6.00018835067749,5.020017899313957,5,5
twitch,5,"Well, we either should play.",242.27713012695312,7.326887607574463,7.920513813935926,7.177098274230957,8.734462961889125,6,5
twitch,5,Got turtles on the beach.,69.44637298583984,7.777684497833252,6.117819773259934,7.777684497833252,6.117819773259934,5,5
twitch,5,Spending spend here or something,1718.1553955078125,7.6602428436279295,10.746642947012687,6.979098677635193,10.051599081726671,5,5
twitch,5,Should there be going up?,67.66129302978516,5.3476768970489506,6.080258974897179,5.3476768970489506,6.080258974897179,5,5
twitch,5,down to the last 5?,149.7423095703125,10.13281602859497,7.22633806639989,10.13281602859497,7.22633806639989,5,5
twitch,5,Wasn't grown at an inch.,289.6893005371094,5.6124701755387445,8.178361631582046,5.397772705554962,8.034456119083094,7,5
twitch,5,"Different game, pick another one.",133.19659423828125,8.079217672348022,7.057413634451977,7.944388008117675,6.814359240512458,6,5
twitch,5,Who's you catch with it?,250.48878479003906,7.38462511698405,7.968600512766932,6.928545379638672,8.037506129739821,6,5
twitch,5,I snap the text immediately.,430.7249450683594,7.776463031768799,8.750621175331391,7.776463031768799,8.750621175331391,5,5
twitch,5,Cause where's it? Where's it?,34.99592971801758,6.151785045862198,5.129115218772869,6.436306691169738,5.2648987300024,8,5
twitch,5,You guys go do this.,128.87855529785156,7.795007228851318,7.0098677578515405,7.795007228851318,7.0098677578515405,5,5
twitch,5,"Yeah, so I'll say it",17.75071907043457,6.61946964263916,4.149805578649993,6.3773961663246155,3.6896700195179486,6,5
twitch,5,guys guys guys guys guys,480.9609069824219,8.11141939163208,8.909774726665866,7.491409182548523,7.973982944515962,5,5
twitch,5,Where's your fucking clocker at?,349.7156982421875,8.292136532919747,8.450028755336914,8.598552942276001,8.146185239157528,7,5
twitch,5,Which is what's your song,174.64060974121094,8.248971080780029,7.448245197508223,8.547515451908112,7.338876221802124,5,5
twitch,5,Fuck prime T-Rex is sick,402.4951477050781,7.995124181111653,8.65282597501161,8.432225227355957,10.846337484377905,6,5
twitch,5,Have all of you boys,96.34490203857422,6.807489097118378,6.590136309502067,6.807489097118378,6.590136309502067,4,5
twitch,5,Holy shit good work boys,1966.767333984375,8.43877387046814,10.941609522592545,8.43877387046814,10.941609522592545,4,5
twitch,5,You send me that map?,136.94110107421875,7.5820207595825195,7.097411375755614,7.5820207595825195,7.097411375755614,5,5
twitch,5,"Alright, little nibble, little nibble.",18.61139488220215,5.8070945458279715,4.2181140942814075,6.193695384760698,5.093557472181017,9,5
twitch,5,"Yes, sir. Yes, sir. I",6.838515758514404,4.878076985478401,2.77368322364638,4.878076985478401,2.77368322364638,8,5
twitch,5,I'm sure we find everything,228.59034729003906,6.818073272705078,7.836620533478919,6.226142048835754,8.23770112900895,5,5
twitch,5,I can see behind us.,100.0074462890625,6.7432451248168945,6.643963245065066,6.7432451248168945,6.643963245065066,5,5
twitch,5,Who's that little small guy?,111.13512420654297,9.106183052062988,6.796170963218716,8.994414901733398,7.063581890726593,6,5
twitch,5,Roy wavy bubble rawnnn identical,17888.255859375,7.474719660622733,14.126571205356836,8.550023118654886,13.909977350035996,7,5
twitch,5,we're just gonna eat rock,293.5565490722656,8.00605812072754,8.197494067364016,7.634704768657684,8.566726283550668,5,5
twitch,5,Are you guys dropping ports?,593.5255737304688,7.949814033508301,9.213161995805896,7.949814033508301,9.213161995805896,5,5
twitch,5,"You know, you hear that?",43.060882568359375,7.034749110539754,5.428305607400762,7.3338189125061035,5.911109130905237,6,5
twitch,5,I'm going to be weird.,32.94840621948242,7.003517846266429,5.042136778047903,6.56706178188324,4.850491927736211,6,5
twitch,5,"Fucking fuck it, let's move.",55.10451126098633,7.090802580118179,5.784098188777292,6.854855942726135,5.633315095403916,8,5
twitch,5,Everyone gets peanuts blood pressure.,2570.8017578125,7.172264099121094,11.327992255998236,7.172264099121094,11.327992255998236,5,5
twitch,5,Do you see the map?,41.6553840637207,7.9603447914123535,5.38043094299157,7.9603447914123535,5.38043094299157,5,5
twitch,5,"some of your thing, Jack.",132.3104248046875,8.098047097524008,7.047782602554243,8.074710607528687,6.98724538445759,6,5
twitch,5,I'm gonna hang them out.,74.49811553955078,6.589881658554077,6.219132408729315,6.070698356628418,6.008247815439499,6,5
twitch,5,Directly north and it'll be,287.1068420410156,7.303410092989604,8.16544316288937,6.495619773864746,8.069410185854679,6,5
twitch,5,"One, six, five, leg, two.",149.1046142578125,7.324651055865818,7.220161486521614,7.191552138328552,7.1602928564779145,9,5
twitch,5,I'm gonna go get B&A.,116.04745483398438,7.585222512483597,6.858570717282848,7.371591361363729,6.835480766679675,8,5
twitch,5,"OK, I'll go, go, go.",15.343181610107422,6.892031669616699,3.9395254821840715,6.653203105926513,3.7978361383480577,9,5
twitch,5,"Oh, I'm getting the idea!",23.694108963012695,7.648410660879953,4.56645648595791,7.655255603790283,4.8203197434040295,7,5
twitch,5,"Dude, we have the sickest.",81.48101806640625,8.20269513130188,6.348392002489364,8.172636604309082,6.573465249856025,8,5
twitch,5,"Yeah, let's go get B&A.",55.11809539794922,6.344660255644056,5.784454241862813,6.3062487284342446,6.238905088947467,9,5
twitch,5,"It's to be a soulless,",48.14101791381836,6.897863378049806,5.589191707916714,7.521754084651668,6.925163935018072,8,5
twitch,5,I have to eat something,86.54386138916016,8.161576747894287,6.435359427258371,8.161576747894287,6.435359427258371,4,5
twitch,5,I never ate at peanut.,1204.1666259765625,7.1103280544281,10.23381876211849,7.1103280544281,10.23381876211849,5,5
twitch,5,Are you winning or something?,156.4980926513672,6.37866063117981,7.290001182475912,6.37866063117981,7.290001182475912,5,5
twitch,5,You're the one biting everyone's,153.4203643798828,6.798808137575786,7.261344889280292,6.290086507797241,7.446749916486928,6,5
twitch,5,I'm a fresh human being.,87.87677001953125,7.120753308137258,6.457409040374092,6.7077443361282345,6.526719020450168,6,5
twitch,5,Somebody beat on me. Sorry,252.8666229248047,7.266537984212239,7.982232859874446,6.750658690929413,7.202262959643814,6,5
twitch,5,"Oh, good work, good work.",24.63544273376465,7.176168646131243,4.622663472603956,6.6244909286499025,4.299252848407805,7,5
twitch,5,But this is my long,89.61241912841797,8.264896154403687,6.485626366929141,8.264896154403687,6.485626366929141,4,5
twitch,5,"Yeah, yeah, yeah, I'm done.",11.65831184387207,5.778993209203084,3.5432869811182255,5.739859509468078,3.4361780008336353,9,5
twitch,5,"Go on Bleed mode, boys.",683.2056274414062,6.508350610733032,9.416172383145527,6.665508723258972,9.09157174419982,7,5
twitch,5,"Yeah, I think you're right.",6.5321455001831055,6.017973865781512,2.7075569571827907,5.6933145999908445,2.857934813923209,7,5
twitch,5,What? I'm on a T-Rex?,43.019466400146484,7.355556911892361,5.426917585317366,7.650676345825195,5.943410674137125,9,5
twitch,5,"So, are you doing fine?",26.631200790405273,6.5187151829401655,4.735045235490747,6.055181312561035,4.394192686206742,6,5
twitch,5,"I like that land, yep.",148.64993286132812,6.350720643997192,7.215774310933696,6.992947030067444,7.822665978577521,7,5
twitch,5,Oh there's two more crocodiles!,104.9599380493164,7.0781179411070685,6.7136937863513,7.99224779009819,7.611874452680344,7,5
twitch,5,I've killed dinos for less.,343.4880676269531,7.186861991882324,8.424115867108304,6.933123922348022,8.759903859479849,7,5
twitch,5,"Yeah, I need water bad.",192.0302276611328,5.9418439865112305,7.585187155894786,5.55730094909668,8.514050746352943,6,5
twitch,5,There's nothing by us. Nothing.,86.87127685546875,6.3402677944728305,6.440807286312155,6.307799863815307,7.051246934075186,7,5
twitch,5,You got tiny little organs,994.8743896484375,9.375352382659912,9.95836760918845,9.375352382659912,9.95836760918845,4,5
twitch,5,What did you guys see?,36.16314697265625,5.852707719802856,5.176448532139777,5.852707719802856,5.176448532139777,5,5
twitch,5,"Good work boys, good work",92.81109619140625,7.478424072265625,6.536224630729331,7.543024897575378,6.940467462597724,5,5
twitch,5,Time to force kill Drag.,2337.43994140625,9.217974758148193,11.19070736959639,9.217974758148193,11.19070736959639,5,5
twitch,5,You're going to kill you?,38.32067108154297,6.3428464730580645,5.260050762329222,5.742932510375977,5.145697569930247,6,5
twitch,5,I'm gonna slow around this,504.6846008300781,6.772403144836426,8.979237672503817,6.169054388999939,9.405658246835172,5,5
twitch,5,I hear it fucking clock.,858.8983154296875,7.885991954803467,9.746341762164121,7.885991954803467,9.746341762164121,5,5
twitch,5,I'll get rid of it.,24.777971267700195,5.951786441107591,4.630986013711244,5.326694920659065,4.0838686837835265,6,5
twitch,5,know. We're talking about the,14.677521705627441,7.709068934122722,3.875536371763116,7.56242036819458,3.39168723039858,6,5
twitch,5,What is your first one?,36.459835052490234,7.988481330871582,5.188236156186921,7.988481330871582,5.188236156186921,5,5
twitch,5,"Cool, we can do it.",18.17734146118164,8.122257630030314,4.184069001094552,7.493271255493164,3.909599551185856,6,5
twitch,5,Think small one right here,1084.978515625,7.186994671821594,10.083450347975562,7.186994671821594,10.083450347975562,4,5
twitch,5,"Great, Jack, can you roar?",162.6182403564453,7.913325377873012,7.345343401042356,7.461917209625244,7.3401337047680375,7,5
twitch,5,"Rogue, are you on the...",203.8070068359375,9.179653724034628,7.671057682115954,8.792520427703858,7.706191740463533,6,5
twitch,5,Because we can get prime.,369.91485595703125,7.193446159362793,8.531045551479348,7.193446159362793,8.531045551479348,5,5
twitch,5,"Sam, yes, yes, yes, yes,",11.323517799377441,6.280283795462714,3.5012502882766285,6.032148623466492,3.2701515665260685,9,5
twitch,5,"How'd you live it, A?",149.77316284179688,7.186271565301078,7.2266356010834505,7.074894499778748,7.472278355320401,7,5
twitch,5,I can never see it.,46.9831657409668,7.36049633026123,5.554072283647945,7.36049633026123,5.554072283647945,5,5
courtroom,6,And that's consistent with the testimony,39.8000602722168,6.715112100044887,5.314698536579738,6.855341351032257,4.967652590406134,6,6
courtroom,6,"around-- around that level, concrete I'm",934.4384765625,8.54528796672821,9.867952173026046,8.509608070055643,9.21314290061631,8,6
courtroom,6,And you never went into it?,174.17921447753906,6.223131060600281,7.444428395425976,6.223131060600281,7.444428395425976,6,6
courtroom,6,I don't agree that what he,44.695064544677734,5.50266205240041,5.482043491153138,6.176995080523193,5.748840191177113,6,6
courtroom,6,I know the plant was there.,119.90054321289062,8.327528874079386,6.905693192586088,8.327528874079386,6.905693192586088,6,6
courtroom,6,"When you say you're guessing, are",71.87315368652344,6.772421836853027,6.167380279545365,7.119491529464722,5.997480711897704,7,6
courtroom,6,"What percentage of them it was,",138.12779235839844,6.99889334042867,7.10985971408562,6.99889334042867,7.10985971408562,6,6
courtroom,6,Do you want me to explain?,19.722253799438477,5.377725074688594,4.301752534410019,5.377725074688594,4.301752534410019,6,6
courtroom,6,material that was chipped out went?,452.3920593261719,7.056875092642648,8.821429571968624,7.403686086336772,9.570893099040928,7,6
courtroom,6,what each of these labels represents.,61.907413482666016,7.6458585659662885,5.952040164968307,7.6458585659662885,5.952040164968307,6,6
courtroom,6,"Now, was the basement level entirely",472.689697265625,9.222224712371826,8.884748391319654,9.284823083877564,9.14632308466152,6,6
courtroom,6,In your testimony in this Home,833.7408447265625,7.21967134475708,9.703440100186404,7.21967134475708,9.703440100186404,5,6
courtroom,6,You weren't involved in any of,26.934253692626953,6.285527351001899,4.751369943283506,6.7105987325310705,4.754378927024247,6,6
courtroom,6,And that's where those activities took,102.76921844482422,7.868988116582234,6.683264273064268,8.239992570877074,7.392807403089227,6,6
courtroom,6,And was that the office of,74.5895004272461,8.082891845703125,6.220900496741236,8.082891845703125,6.220900496741236,5,6
courtroom,6,That was at a different location?,116.72029113769531,6.775201916694641,6.8669119500734865,6.775201916694641,6.8669119500734865,6,6
courtroom,6,"No, I have it in my",19.788726806640625,6.8242495854695635,4.306606832398834,6.358270978927612,4.397108220454949,6,6
courtroom,6,And you were testifying about the,126.69161224365234,7.621054744720459,6.985175959956237,7.621054744720459,6.985175959956237,5,6
courtroom,6,The page with the Bates number,890.7567138671875,9.708247852325439,9.798867782018974,9.708247852325439,9.798867782018974,5,6
courtroom,6,"labeled with an arrow ""Wash station""?",514.239013671875,9.31384695900811,9.006294483617909,9.12891994582282,8.508304990619257,9,6
courtroom,6,material of which it was constructed?,174.86843872070312,7.438247998555501,7.450125870502716,7.438247998555501,7.450125870502716,6,6
courtroom,6,What was -- what's your best,107.30767822265625,7.006095727284749,6.745609415767995,7.334271383285523,7.18162025873981,6,6
courtroom,6,"when you saw discolored water, correct?",158.7310333251953,7.250514719221327,7.310433950651421,7.400295919842191,8.311185291475491,9,6
courtroom,6,Do you know where it went?,24.909025192260742,5.864833116531372,4.638596698760906,5.864833116531372,4.638596698760906,6,6
courtroom,6,remember stuff being pumped off there.,793.2106323242188,6.869794209798177,9.631559985007387,6.869794209798177,9.631559985007387,6,6
courtroom,6,Mr. Pirozzolo about the Texas Tower.,302.99420166015625,8.63890528678894,8.24314547848137,9.109989245732626,8.135286797845902,10,6
courtroom,6,I'm just making it for the,48.7487907409668,6.9395129680633545,5.607294553233026,6.49025592803955,5.433082034484238,6,6
courtroom,6,they were put aside and sold.,108.12140655517578,7.407666842142741,6.7565087565300095,7.407666842142741,6.7565087565300095,6,6
courtroom,6,And do you remember being asked,57.845157623291016,6.824942111968994,5.854124746509434,6.824942111968994,5.854124746509434,5,6
courtroom,6,I couldn't say that it did.,35.726158142089844,5.711381898926837,5.158908430075185,6.097677302546799,5.547543057618739,7,6
courtroom,6,"there was, I just don't remember.",28.528076171875,5.115655857603997,4.834310658173637,5.618362160709997,4.987580234946387,8,6
courtroom,6,referred to commonly as the dump.,338.44427490234375,7.4597977910723,8.402771829860502,7.258483290672302,8.493396021685397,7,6
courtroom,6,Could you mark that with a,54.17216491699219,7.404181671142578,5.759479887541864,7.404181671142578,5.759479887541864,5,6
courtroom,6,I just want to orient you.,97.78221130371094,6.059917628765106,6.611491480114879,6.059917628765106,6.611491480114879,6,6
courtroom,6,you saying that's your best memory?,90.71401977539062,7.535922867911203,6.503253541156636,7.571095983187358,6.569235212471547,7,6
courtroom,6,What do you mean there by,104.8692398071289,4.92497820854187,6.712447471896283,4.92497820854187,6.712447471896283,5,6
courtroom,6,And then there was the --,74.81059265136719,7.574879741668701,6.225169891641842,7.574879741668701,6.225169891641842,5,6
courtroom,6,You didn't want to be there.,11.779703140258789,5.878284308527197,3.558231363065334,6.30387013591826,3.8183801138983533,7,6
courtroom,6,"How many approximately, was it the",520.9886474609375,9.159646034240723,9.025094310286848,9.232997512817382,8.95217430971882,6,6
courtroom,6,I believe that's where it happened.,39.374481201171875,6.589323895318167,5.299188668605821,6.495929002761841,5.267117026284511,7,6
courtroom,6,looking at with Mr. Pirozzolo --,440.9723205566406,7.823427889082167,8.784543832641127,8.275182747840882,9.27594983256555,9,6
courtroom,6,they manufactured hexachlorophene there for around,399.9830627441406,6.253724853197734,8.643792583942362,7.4474075365066525,10.553907731945488,9,6
courtroom,6,I don't think what he said,19.58448028564453,5.182948340661824,4.291639026593676,5.793338626436889,4.939465944386554,6,6
courtroom,6,I'm not saying he didn't say,23.689449310302734,6.090806790028831,4.56617280782565,5.978778814757243,4.633385797308732,7,6
courtroom,6,but that could be a lie.,29.745447158813477,7.450144449869792,4.894596550470858,7.450144449869792,4.894596550470858,6,6
courtroom,6,Smith Street noted on the map?,995.5421142578125,6.552529652913411,9.959336888485254,6.552529652913411,9.959336888485254,6,6
courtroom,6,them to make the most room.,82.06324768066406,8.175628542900085,6.358663888559071,8.175628542900085,6.358663888559071,6,6
courtroom,6,Can I ask that this be,55.01687240600586,8.02426118850708,5.78180241098964,8.02426118850708,5.78180241098964,5,6
courtroom,6,"refreshed, where did those liners go?",107.55561828613281,6.555348467826843,6.748937577552977,6.374200880527496,7.505541209955466,10,6
courtroom,6,They could have been filled because,136.97323608398438,7.764325857162476,7.097750537964588,7.764325857162476,7.097750537964588,5,6
courtroom,6,were being shipped out to customers.,40.81217956542969,7.639122565587361,5.3509282716650866,7.639122565587361,5.3509282716650866,6,6
courtroom,6,That's --that's what I was told.,44.13813781738281,6.2052018377516,5.463953475423083,6.0613975392447585,4.694882976218559,9,6
courtroom,6,were in any building either way?,543.9572143554688,6.740365107854207,9.08734960867054,6.740365107854207,9.08734960867054,6,6
courtroom,6,Do you recall that hexachlorophene was,100.24119567871094,6.337109830644396,6.647323895733915,7.226595058441163,8.26366844103957,9,6
courtroom,6,previously marked in a prior deposition.,597.6195678710938,8.70928144454956,9.223079247963735,8.455824295679728,8.686710159884635,7,6
courtroom,6,Can you give us a reasonable,45.57278060913086,7.0551084041595455,5.5101003302016975,7.0551084041595455,5.5101003302016975,5,6
courtroom,6,"sludge, or some kind of sludge?""",52.31745147705078,7.868968721893099,5.709220315797662,7.523466360237863,5.402918813134785,9,6
courtroom,6,Were the windows full-size windows or,135.403076171875,7.2135147367204935,7.081116559328962,8.309659639994305,7.423714932231173,7,6
courtroom,6,I think it was carbon that,191.16412353515625,6.9477684020996096,7.578659883751337,6.9477684020996096,7.578659883751337,5,6
courtroom,6,"Continued deposition of JOSEPH NADEAU, a",117.08675384521484,7.454102129365007,6.871433064511794,8.130799705162644,7.203377523466321,12,6
courtroom,6,"labeled, according to your testimony, different",248.1035919189453,7.766487947199494,7.95479858050078,7.059777738402287,7.792238008500297,8,6
courtroom,6,"near where the word ""Pit"" is?",84.07969665527344,8.62111727396647,6.393684951134393,8.980838537216187,7.218711929607733,9,6
courtroom,6,Tower you previously told us about?,390.7124328613281,7.092065334320068,8.609963291723288,6.826802094777425,7.929180202599425,7,6
courtroom,6,"Whether there was separate ownerships, whether",289.99652099609375,6.759591715676444,8.179891626887196,7.124230861663818,8.930003995373491,7,6
courtroom,6,She is an attorney with the,25.148067474365234,8.220853519439697,4.6523755591423335,8.220853519439697,4.6523755591423335,5,6
courtroom,6,filtered in the reserve salt filter.,908.6926879882812,9.060235159737724,9.827644867702649,8.757534901301065,9.845400440460068,7,6
courtroom,6,"majority of them, some of them?",38.997711181640625,7.873805046081543,5.285317315838597,7.859922687212626,5.2700759003162405,7,6
courtroom,6,In this corner of the room,37.0938606262207,7.4883225440979,5.213108344907418,7.4883225440979,5.213108344907418,5,6
courtroom,6,"Now, can you today visualize the",217.62770080566406,7.047988494237264,7.765716691424504,6.6757396221160885,7.8943204836196825,6,6
courtroom,6,when he worked for NECC --,519.4586181640625,7.849798281987508,9.020864348333538,8.005938005447387,8.880813645317694,6,6
courtroom,6,Did the basement level have windows?,134.98507690429688,9.15450652440389,7.0766556602329915,9.15450652440389,7.0766556602329915,6,6
courtroom,6,appreciate your time and your cooperation.,65.32081604003906,7.258013099431992,6.029469433482652,7.4119846423467,5.383622233174019,8,6
courtroom,6,There was an area underneath there.,140.76832580566406,6.175861557324727,7.137179095687604,6.175861557324727,7.137179095687604,6,6
courtroom,6,I had a bunch of jobs,52.154354095458984,7.53106375336647,5.7047157573077465,7.53106375336647,5.7047157573077465,5,6
courtroom,6,They were cleaned and -- and,417.9103088378906,8.447195625305175,8.707046877796419,8.447195625305175,8.707046877796419,5,6
courtroom,6,And you described that operation the,802.0771484375,7.149476814270019,9.647595178014091,7.149476814270019,9.647595178014091,5,6
courtroom,6,catwalk that went to these tanks.,524.1832275390625,8.734748499734062,9.033926935883235,8.53610666592916,8.525795792896846,7,6
courtroom,6,rectangle that was drawn in orange.,169.6232452392578,8.386024406978063,7.4061899287764845,8.055555661519369,6.878731602094078,7,6
courtroom,6,They were along the back wall.,111.64002227783203,7.200676600138347,6.802710426932076,7.200676600138347,6.802710426932076,6,6
courtroom,6,Just so we're talking the same,42.12070846557617,7.42275071144104,5.396457462514893,7.643611812591553,5.804880132437402,6,6
courtroom,6,"Now, the next label going south",594.4426879882812,8.14654048283895,9.215391260190273,7.994002008438111,10.31967456734031,6,6
courtroom,6,that number for the court reporter.,442.796630859375,8.554786761601767,8.79049950860181,8.554786761601767,8.79049950860181,6,6
courtroom,6,Do you recall being asked this,89.62523651123047,6.8930079460144045,6.485832776978993,6.8930079460144045,6.485832776978993,5,6
courtroom,6,"That's where they washed the tights,",151.57058715820312,7.0109222531318665,7.243840477177948,7.040652592976888,7.877398825095313,8,6
courtroom,6,And you previously testified you never,377.1866760253906,6.607840299606323,8.559133282400627,6.607840299606323,8.559133282400627,5,6
courtroom,6,On Page 28 that number is,686.661376953125,7.512184047698975,9.423454682860037,7.512184047698975,9.423454682860037,5,6
courtroom,6,were fill pipes or fill valves?,473.5797424316406,8.091234922409058,8.887462046188247,8.091234922409058,8.887462046188247,6,6
courtroom,6,come in from the burn pit.,118.53451538085938,9.04480775197347,6.889162014729295,9.04480775197347,6.889162014729295,6,6
courtroom,6,long hexachlorophene was manufactured; do you,287.7762451171875,6.36309015750885,8.168802258898463,7.136673526763916,8.991707720180122,10,6
courtroom,6,remember where the other one was.,37.2646369934082,8.349616686503092,5.2197355298653605,8.349616686503092,5.2197355298653605,6,6
courtroom,6,Can you put an arrow to,70.15901947021484,7.476775074005127,6.132557049557274,7.476775074005127,6.132557049557274,5,6
courtroom,6,"1800 Financial Plaza, Providence, Rhode Island,",78.54241943359375,6.026332929730415,6.295397959617558,6.178521126508713,6.996639446711442,8,6
courtroom,6,And when you worked for Metro-Atlantic,545.4127197265625,6.198760747909546,9.091201639952894,6.697678784529368,8.630456927648511,7,6
courtroom,6,They would clean the drums off.,222.72146606445312,6.920740365982056,7.79909688066711,6.920740365982056,7.79909688066711,6,6
courtroom,6,through some of those outside pipes.,252.48287963867188,7.853449106216431,7.980039673547895,7.853449106216431,7.980039673547895,6,6
courtroom,6,"Can you describe, to your best",107.96556091308594,7.151934703191121,6.754427455229752,7.431483221054077,6.627934321841695,6,6
courtroom,6,Lines 1 through 10 to yourself?,657.896728515625,7.2504995209830145,9.361714952190379,6.850719451904297,9.297515702702285,7,6
courtroom,6,And can you visualize the site?,90.35884857177734,7.504697799682617,6.497593408718114,7.504697799682617,6.497593408718114,6,6
courtroom,6,hexachlorophene was manufactured in that building,124.18046569824219,6.490808327992757,6.956294775973644,6.543920154571533,7.4303602527786925,9,6
courtroom,6,they throw them away somehow --,631.1921997070312,6.598643589019775,9.301934810953892,6.598643589019775,9.301934810953892,5,6
courtroom,6,Because there was a foundation poured,350.9989013671875,6.785996627807617,8.455320511647473,6.785996627807617,8.455320511647473,5,6
courtroom,6,As much as I can remember.,26.977493286132812,5.990192612012227,4.753684453403482,5.990192612012227,4.753684453403482,6,6
courtroom,6,One thing that probably needs to,42.87685012817383,6.533839273452759,5.4221269116530415,6.533839273452759,5.4221269116530415,5,6
courtroom,6,So there was no question in,28.356809616088867,6.6789909362792965,4.82562369676232,6.6789909362792965,4.82562369676232,5,6
courtroom,6,the residue from the tight drums,1656.1390380859375,9.350871753692626,10.693602639754634,9.350871753692626,10.693602639754634,5,6
courtroom,6,And you served in the military,75.92251586914062,7.289629650115967,6.246454695651656,7.289629650115967,6.246454695651656,5,6
courtroom,6,because August 23rd I was --,381.39178466796875,7.526056369145711,8.57512710061015,7.909370708465576,9.31246655936178,6,6
courtroom,6,The maintenance people would work --,1390.7996826171875,8.101937389373779,10.441698552818341,8.101937389373779,10.441698552818341,5,6
courtroom,6,basement and looking out the windows?,127.1505355834961,6.924875157220023,6.990393880935628,6.426101009051005,6.654877508054338,7,6
courtroom,6,There was a Johnny Joyal and,410.67132568359375,8.24450937906901,8.681836950023792,8.257804107666015,8.577671365413673,6,6
courtroom,6,"Now, again moving to the south,",98.79854583740234,7.088288341249738,6.626415705786893,6.784797588984172,6.650034078887841,7,6
courtroom,6,Does that refresh your recollection --,457.3544616699219,5.537074422836303,8.837167356450601,5.537074422836303,8.837167356450601,5,6
courtroom,6,identifying various features on this map?,350.5909118652344,8.106828791754586,8.453644740454868,7.703341046969096,7.805902755459507,7,6
courtroom,6,Having reviewed the testimony from Home,790.4347534179688,7.7041209697723385,9.626498156439823,7.7041209697723385,9.626498156439823,5,6
courtroom,6,would you describe the Texas Tower?,341.4472961425781,8.490439653396606,8.415518387673425,8.490439653396606,8.415518387673425,6,6
courtroom,6,"And does ""Drum storage"" indicate the",496.6192932128906,6.793983161449432,8.955956889319907,6.887966775894165,8.032768851098222,8,6
courtroom,6,That's -- that's where I remember.,67.78125762939453,6.560880392789841,6.082813276692791,6.528749207655589,5.861089892767325,8,6
courtroom,6,And do you recall whether there,105.11204528808594,6.7112353324890135,6.715784457055108,6.7112353324890135,6.715784457055108,5,6
courtroom,6,I never worked in that building.,73.36698913574219,7.0353091557820635,6.197058886273379,7.0353091557820635,6.197058886273379,6,6
courtroom,6,Do you remember you were asked,61.601783752441406,7.444102096557617,5.944900654042872,7.444102096557617,5.944900654042872,5,6
courtroom,6,I didn't attribute that to be,119.60309600830078,6.302988467738032,6.902109560684832,6.956605016067624,6.74570903759022,6,6
courtroom,6,Then there's a rectangle and I,106.26631927490234,6.686522364616394,6.731537758093264,7.091157746315003,7.642444181083941,6,6
courtroom,6,some sort of work on them.,71.42259979248047,7.811684528986613,6.158308318480038,7.811684528986613,6.158308318480038,6,6
courtroom,6,Brian and we may be finished.,112.64945220947266,7.805124521255493,6.815696506329463,7.805124521255493,6.815696506329463,6,6
courtroom,6,I'm trying to be logical here.,36.245426177978516,6.165827683040074,5.1797269416233735,5.6624992688496905,4.851011863247298,7,6
courtroom,6,I want to get some clarification.,55.71685791015625,7.150068640708923,5.800042093311325,7.150068640708923,5.800042093311325,6,6
courtroom,6,That's the way I remember it.,10.69931411743164,6.123743091310773,3.419446305253507,5.743608633677165,3.3028160378167772,7,6
courtroom,6,"'62, '63 was the New England",151.10643005371094,8.38316798210144,7.23942068562615,7.91888001759847,6.813952329866886,8,6
courtroom,6,have the river on one side.,69.896728515625,7.009408195813497,6.127152890446787,7.009408195813497,6.127152890446787,6,6
courtroom,6,I'm guessing that's where we stored,81.9299545288086,7.0358894893101285,6.356318810956653,6.652244949340821,6.503946567693921,7,6
courtroom,6,I'd like to ask you --,22.215946197509766,5.546423455079396,4.473523905947997,5.008628964424133,4.343780692650229,6,6
courtroom,6,You've talked about plastic liners that,146.45248413085938,5.90794837474823,7.194288509059733,6.026447498798371,7.651732444640271,7,6
courtroom,6,"the United States Department of Justice,",13.464067459106445,5.259005035584171,3.751042719636296,5.259005035584171,3.751042719636296,6,6
courtroom,6,That's where I'm assuming the Buonannos,145.7993927001953,7.172280120849609,7.187839455856954,7.429682162072923,7.2551908241999845,10,6
courtroom,6,"We talked about stacking barrels, we",369.6205749511719,7.108602682749431,8.529899278571497,7.204231214523316,9.433122129323205,6,6
courtroom,6,"-- ""did you see the cutout?""",52.56524658203125,7.874233841896057,5.7160370533925935,8.173481225967407,5.781279089206926,8,6
courtroom,6,And then there is the words,55.72323226928711,7.314035415649414,5.800206592266671,7.314035415649414,5.800206592266671,5,6
courtroom,6,It's not a name I remember.,28.147367477416992,7.221195834023612,4.814928345064836,6.993150115013123,4.971758511939677,7,6
courtroom,6,"I can't clearly remember that, no.",64.33111572265625,6.595031261444092,6.007444715266968,6.753540476163228,5.772583238348635,8,6
courtroom,6,"observe the tailrace turn, change colors?",1903.7908935546875,8.414268445968627,10.894655606549104,8.081093271573385,11.147085302890142,10,6
courtroom,6,Do you recall being asked --,261.9277038574219,6.8930079460144045,8.03302466231061,6.8930079460144045,8.03302466231061,5,6
courtroom,6,"Now, I can't quite read this.",22.79163932800293,7.173293054103851,4.510432984605158,7.071741859118144,4.736465099833324,8,6
courtroom,6,picture that in your mind's eye?,47.36396789550781,7.122499639434474,5.565717487592992,7.746232133979599,6.036655441335199,7,6
courtroom,6,"We have a label ""Process area",1604.123779296875,8.767413139343262,10.647565504228682,8.64714207649231,9.699142258238654,6,6
courtroom,6,So when it was --when you're,164.00303649902344,6.817581994192941,7.357577811572733,6.892407854398091,7.200181265886305,7,6
courtroom,6,We may go back to it.,41.18946838378906,6.795951286951701,5.364203286015368,6.795951286951701,5.364203286015368,6,6
courtroom,6,I'm sure that somewhere during the,72.11273193359375,6.83398683865865,6.172181724909605,6.363624572753906,6.160158439619768,6,6
courtroom,6,could just read along with me.,74.35569763183594,7.099532047907512,6.216371475780448,7.099532047907512,6.216371475780448,6,6
courtroom,6,"What that space was, I don't",35.474674224853516,6.390828323750092,5.14871708343207,6.208080832613632,5.50566615625971,7,6
courtroom,6,the left-hand side of the building?,23.338653564453125,6.403628468513489,4.544649625959973,6.901219473944771,5.399535085494111,8,6
courtroom,6,gave during the trial in court?,267.84814453125,7.95376055581229,8.065271061672652,7.5949811935424805,7.2541977572571055,7,6
courtroom,6,I think that's all I have.,22.58073616027832,6.51890138217381,4.497020637593539,6.449575861295064,4.447249147523064,7,6
courtroom,6,understanding that you worked for Metro-Atlantic,798.770751953125,6.779955089092255,9.641634822644594,6.856146852175395,9.342834755880967,8,6
courtroom,6,I just know they were there.,47.077152252197266,6.961458762486775,5.556955454476101,6.961458762486775,5.556955454476101,6,6
courtroom,6,"Now, you gave some testimony about",173.40792846679688,6.902255535125732,7.43802556369388,6.500860071182251,8.066283888700024,6,6
courtroom,6,August of 1965 I left there.,145.5550079345703,7.015264511108398,7.185420523432641,7.015264511108398,7.185420523432641,6,6
courtroom,6,were here somewhere in this area.,106.73500061035156,7.242897272109985,6.737888930928747,7.242897272109985,6.737888930928747,6,6
courtroom,6,Had no reason to go there.,25.071264266967773,6.438937624295552,4.647962341983834,6.438937624295552,4.647962341983834,6,6
courtroom,6,Did I read that testimony correctly?,120.7000732421875,6.194528500239055,6.9152821816448595,6.194528500239055,6.9152821816448595,6,6
courtroom,6,Do you remember vertical storage tanks?,682.976318359375,7.280635595321655,9.415650597461811,7.280635595321655,9.415650597461811,6,6
courtroom,6,"I, VIVIAN S. DAFOULAS, Registered Merit",118.7026138305664,7.82958017985026,6.89120807455126,7.754642274644641,7.039148838542766,15,6
courtroom,6,pointing to the west wall --,220.85433959960938,8.766479253768921,7.78695188477369,8.507791423797608,7.862671261445658,6,6
courtroom,6,Most of that was fairly open.,136.23521423339844,7.995202859242757,7.089955159111678,7.995202859242757,7.089955159111678,6,6
courtroom,6,And you've testified previously for how,652.9403686523438,6.091129302978516,9.350806997372286,6.2376574039459225,9.182144282496203,6,6
courtroom,6,And the place where you would,43.71345901489258,8.521599674224854,5.45000575991918,8.521599674224854,5.45000575991918,5,6
courtroom,6,Is that what they called closed-head,115.21258544921875,6.91601916721889,6.8481537706594855,6.995704849561055,6.8833944604042445,7,6
courtroom,6,about your years of employment with,154.09664916992188,8.363831615447998,7.267691250249202,8.363831615447998,7.267691250249202,5,6
courtroom,6,Do you read that as connection?,298.29827880859375,7.45616340637207,8.22059941292879,7.45616340637207,8.22059941292879,6,6
courtroom,6,"Now, we have the words here",57.00505447387695,8.124146143595377,5.83301805566848,7.967128801345825,6.188555502404919,6,6
courtroom,6,"in orange the words ""Loading area.""",1260.8076171875,8.696920326777867,10.300128120965207,8.494309266408285,9.588286317774916,7,6
courtroom,6,And you testified truthfully in the,188.3431396484375,5.232193718353908,7.557215330678456,5.805280119180679,8.606682527390198,6,6
courtroom,6,Have you read that to yourself?,44.015689849853516,6.601130247116089,5.459946282180446,6.601130247116089,5.459946282180446,6,6
courtroom,6,It was there when I left.,35.64694595336914,7.051275650660197,5.155706260204087,7.051275650660197,5.155706260204087,6,6
courtroom,6,"To your knowledge, did that material",164.23092651367188,8.044754107793173,7.35958228917828,8.493692016601562,7.714707643529922,6,6
courtroom,6,"themselves for the court reporter, please?",795.5010986328125,7.842376887798309,9.635717291593203,7.857953508694966,9.850979051595468,8,6
courtroom,6,I think you can put that,38.64799118041992,7.146033573150635,5.2723215260698915,7.146033573150635,5.2723215260698915,5,6
courtroom,6,"You know, that's kind of fuzzy.",29.56974983215332,5.627986406907439,4.886049287392041,5.534656850000222,5.376493381667007,8,6
courtroom,6,"It was below that window, yes.",208.5499267578125,7.016033274786813,7.704247220329513,7.1168555816014605,7.747042258880459,7,6
courtroom,6,you could identify as containing dioxin?,300.2583312988281,7.102292761206627,8.230059113633319,7.817817893293168,9.444305213111004,8,6
courtroom,6,I don't remember going down there.,30.062952041625977,5.196445115708879,4.909914901298113,5.707353149695943,5.192874845109414,7,6
courtroom,6,And you gave the following answer:,124.1870346069336,7.482024669647217,6.95637052362101,7.482024669647217,6.95637052362101,6,6
twitch,6,"Oh, I'm too- No, that's Java.",72.9646224975586,6.421328848058527,6.189107328087405,6.365009347597758,5.824389313866127,11,6
twitch,6,Lost snake all of these boys,1384.1671142578125,8.235146617889404,10.434796977927856,8.235146617889404,10.434796977927856,5,6
twitch,6,I have to pee so bad!,70.66307067871094,6.956404844919841,6.142884395613284,6.956404844919841,6.142884395613284,6,6
twitch,6,"Is this you, Jack, right here?",68.68126678466797,7.117891877889633,6.101844234853408,6.931000153223674,5.919253899591624,8,6
twitch,6,No more distractions. No more distractions.,27.725528717041016,7.3604012216840475,4.79314358328639,7.572236220041911,4.854525827650996,7,6
twitch,6,But we've got no problem today.,53.077335357666016,6.3639751843043735,5.7300236648682015,6.384145736694336,6.120865371549397,7,6
twitch,6,"Oh my God, you're sending it.",36.56026077270508,5.982887357473373,5.192204385262684,6.016123016675313,5.41890772464761,8,6
twitch,6,Why can't I rip him open?,69.20515441894531,5.514777966908047,6.112807309921244,5.716516077518463,6.826089492412685,7,6
twitch,6,Nobody is stream sniping all along.,592.4513549804688,5.693571124758039,9.210526085753102,5.771311740080516,9.792101840239168,7,6
twitch,6,Invisious going to town the chicken,1586.8350830078125,8.72138329914638,10.631934499103933,8.363463560740154,9.528364265163075,7,6
twitch,6,He's leaving from tree to tree.,113.9625473022461,6.62148346219744,6.832403467448766,6.16631813844045,6.6249201522916765,7,6
twitch,6,"And we're, yeah, we're both one.",41.93236541748047,6.755118346214294,5.3899918543227106,7.2599976261456804,5.515066638565969,10,6
twitch,6,How'd you get it already? Oh,58.651676177978516,5.918196167264666,5.874100229735071,5.822196841239929,6.056103388310386,7,6
twitch,6,He's trying to kill my wife.,30.06110382080078,6.639906099864414,4.90982575552449,6.187811215718587,4.689030701701448,7,6
twitch,6,"Wait, a sanctuary, bees, other zones.",495.3842468261719,8.13064988454183,8.95239592352131,8.184721748034159,9.691899578370771,9,6
twitch,6,You can't eat my whole body.,53.399024963378906,7.941433838435581,5.7387413328353984,7.990488847096761,5.625720413693198,7,6
twitch,6,"Wait, Invision, are you a female?",122.04664611816406,7.8518897957272,6.931284097955287,7.854279981719124,6.191152357148457,9,6
twitch,6,I thought it was a raptor.,63.28937530517578,6.252189840589251,5.983885416691045,6.520720064640045,6.35730951849413,7,6
twitch,6,The whole family's back together again.,108.8385009765625,7.643318040030343,6.766045439578652,7.447188417116801,6.682776300131178,7,6
twitch,6,"Stand up, stand up, stand up.",8.174508094787598,5.403688073158264,3.0311319203688,5.144758303960164,3.0274259692877226,8,6
twitch,6,"Oh, let's go get some B&A.",39.76028060913086,6.7544831991195675,5.313256148798878,6.83402234978146,5.40717314176818,10,6
twitch,6,"A's and B's, they were alive?",80.89984130859375,8.297848184903463,6.33806468111698,8.372757891813913,7.264781638760026,9,6
twitch,6,"No, Sam, please. I said, no,",32.90141677856445,6.373165202140808,5.040077449976859,6.0752259492874146,4.951309233415687,10,6
twitch,6,"I'm back, I'm back, I'm back!",8.791431427001953,5.22162174094807,3.1360982281694763,5.087569365898768,3.291752053196548,11,6
twitch,6,"Oh, yeah, I found the raptors.",38.928993225097656,6.631112072202894,5.282772128503339,6.831217388312022,6.421274661305471,9,6
twitch,6,You ate it the tiniest nibble,153.9236297607422,5.1148029621108435,7.266069608090281,5.607374524878751,8.01649184833335,8,6
twitch,6,I'm at I'm at 38.9 percent,76.24253845214844,7.534886572096083,6.252523851293057,7.6732583999633786,7.263798874276087,9,6
twitch,6,"Uh, time to get a noosey.",112.26400756835938,6.882230228847927,6.810751058346207,6.96956463654836,6.268228049456276,9,6
twitch,6,"Mr. Fry, Mr. Spocky, Mr. Josie,",49.73064041137695,6.011700962383586,5.636061698296751,6.195142403839983,5.631922233945502,13,6
twitch,6,"No, because he's a lady dino.",85.08638000488281,7.600160916646321,6.410856348378413,7.582247296969096,7.202059054895108,9,6
twitch,6,"Oh, I never did third yet.",227.42385864257812,6.7213254656110495,7.829233513247059,6.341911991437276,8.567372636679432,7,6
twitch,6,"We're nicking the vision, I think?",297.5352783203125,7.178072081671821,8.216913871916356,7.001751184463501,8.90178429924281,9,6
twitch,6,You got me one of you,106.3497543334961,6.868176364898682,6.732672463307885,6.868176364898682,6.732672463307885,5,6
twitch,6,"Oh, I hear a music add-",127.99676513671875,7.338356290544782,6.999963262288245,7.061781287193298,7.5998906772274815,7,6
twitch,6,"Do, do, do, do, do, do.",3.900442600250244,3.914599136872725,1.9636379641289965,3.7537265022595725,2.173494575562561,11,6
twitch,6,My bad for taking a nibble,229.5618438720703,7.266695340474446,7.842737635258136,7.266695340474446,7.842737635258136,6,6
twitch,6,I walked around and- Good help.,666.8590698242188,7.057885851178851,9.381236708121202,7.015514413515727,8.625546463224175,7,6
twitch,6,I've hurt myself. I'm I'm bleeding,95.6647720336914,6.419209056430393,6.5799145942795,6.381300973892212,6.206856257914751,9,6
twitch,6,"I don't wanna play it, Loco.",91.06102752685547,5.920749816422661,6.50870735492548,6.591576173746337,6.59349829728341,9,6
twitch,6,Please just make up a game.,93.39408874511719,6.525877436002095,6.545259465223669,6.525877436002095,6.545259465223669,6,6
twitch,6,"Yes, please, go please, go please.",20.702882766723633,6.28567107518514,4.371759718385123,6.0115915934244795,4.580494412230757,9,6
twitch,6,This is all bad to eat.,141.40325927734375,6.8791656494140625,7.1436714294417305,6.8791656494140625,7.1436714294417305,6,6
twitch,6,He's laddering and glitching on you.,203.987548828125,6.827594598134358,7.6723006447232995,6.913650751113892,7.590720221475447,9,6
twitch,6,don't get milk. Daddy. don't get,134.05467224121094,6.371658171216647,7.066676979600783,6.462601809203624,7.894869146879856,9,6
twitch,6,"You bug-glitters, can you find out",158.11053466796875,7.221329159206814,7.304788487598994,7.34587303161621,6.729097376822461,9,6
twitch,6,But what you've got powers I,535.629638671875,5.862397074699402,9.064677683153679,6.036386585235595,10.138497139499751,6,6
twitch,6,"Up here, up here, up here",15.031497955322266,5.4625029393604825,3.9099167441317104,5.245344734191894,3.8678787125692984,7,6
twitch,6,Now Steve I need me nothing,3456.698974609375,7.382829666137695,11.755177256253349,7.382829666137695,11.755177256253349,5,6
twitch,6,You know come for your beat,889.28955078125,7.688698863983154,9.79650804994412,7.688698863983154,9.79650804994412,5,6
twitch,6,I see it on your screen.,34.02420425415039,7.625916798909505,5.088489940918508,7.625916798909505,5.088489940918508,6,6
twitch,6,Who wants to get somebody beef?,575.1097412109375,6.39800226688385,9.167682547678348,6.39800226688385,9.167682547678348,6,6
twitch,6,We said we said we said.,57.732540130615234,5.672138055165608,5.8513124912084935,5.672138055165608,5.8513124912084935,6,6
twitch,6,What do you think of this?,9.041252136230469,6.477794647216797,3.176522983503737,6.477794647216797,3.176522983503737,6,6
twitch,6,"Sad to see, sad to see.",29.48693084716797,6.48041227885655,4.882003476468183,6.244341929753621,3.937512340628809,7,6
twitch,6,I looked around and there is.,104.39436340332031,5.414931515852611,6.705900080811184,5.414931515852611,6.705900080811184,6,6
twitch,6,"Oh, no, this wasn't the pack.",34.36579513549805,6.1851009914858475,5.102900720500196,6.267423281290879,5.956250417508795,9,6
twitch,6,I don't know what it is.,8.069125175476074,4.7577647393835445,3.012412158295303,5.1955593773163855,3.3658762317374133,7,6
twitch,6,"He's wrapping up the rock, man.",147.5985870361328,7.009707421064377,7.205532279933809,6.473575433095296,6.404325610142478,8,6
twitch,6,Can somebody spot you on this?,156.18185424804688,7.225377639134725,7.287082449163903,7.225377639134725,7.287082449163903,6,6
twitch,6,Check for your fucking bone nose.,1398.223876953125,8.891086101531982,10.449372454938814,8.891086101531982,10.449372454938814,6,6
twitch,6,no abusing your monster is it,2383.381591796875,9.12856616973877,11.218782767396661,9.12856616973877,11.218782767396661,5,6
twitch,6,insert on your keyboard there's an,60.615570068359375,7.784872770309448,5.9216167668152835,8.368596649169922,6.379933624225234,6,6
twitch,6,What the fuck did he call?,30.09172248840332,6.465280930201213,4.911294423031987,6.465280930201213,4.911294423031987,6,6
twitch,6,I cannot believe you're that big.,59.324256896972656,7.24551146371024,5.890550632136183,7.279108007748921,5.873282458443886,7,6
twitch,6,That's over for the north better.,443.5294494628906,7.332282849720547,8.792873562847218,7.1535716851552325,8.93864779540627,7,6
twitch,6,There's a bunch of little dinosaurs,58.4892463684082,6.983812967936198,5.870098994351472,6.927146863937378,6.336452885975488,6,6
twitch,6,"Yeah, I can't find any rocks",42.185543060302734,6.920306750706264,5.398675909293123,6.95702109336853,6.1453420275633475,7,6
twitch,6,What's this right here? What's this?,20.430234909057617,6.1661787033081055,4.352633924064434,6.439217567443848,4.879161911257106,9,6
twitch,6,"No, no, no, no, no, no.",3.3713464736938477,4.760632233186201,1.753325022635473,4.629519919554393,1.8034582883670627,11,6
twitch,6,Is that edible what what's edible?,291.4051513671875,6.971042224339077,8.186881147522113,7.04091481367747,8.727146375535478,7,6
twitch,6,We don't die in the game.,42.62795639038086,6.218911820224354,5.413727602014694,6.805384498089552,5.092394775431104,7,6
twitch,6,"Oh my god, he's chasing me.",25.267587661743164,5.992226839065552,4.65921553108052,6.02815184990565,4.523871627274159,8,6
twitch,6,"Oh, God, yeah, okay, God, yeah",21.128829956054688,5.973329687118531,4.401141058234742,5.973329687118531,4.401141058234743,10,6
twitch,6,Did you all come up here?,54.38582229614258,5.707448701063792,5.7651585831964764,5.707448701063792,5.7651585831964764,6,6
twitch,6,"Oh wait, dude, it is dark.",94.48872375488281,5.758102506399155,6.56206979764039,6.040624598662059,7.231120319674651,8,6
twitch,6,"Come on, come on, come on.",6.963937759399414,5.599132776260376,2.7999032429175434,5.088256438573201,2.582291690028051,8,6
twitch,6,But that would kind of work,75.23719787597656,5.641736558079719,6.233373716756285,5.641736558079719,6.233373716756285,5,6
twitch,6,"I'm good, I'm sick, I'm sick",16.489246368408203,5.772152245044708,4.043453715131693,5.772152245044708,4.043453715131693,10,6
twitch,6,I don't see you up there.,32.5704231262207,5.4933448771813085,5.025490214167305,6.053736204747111,5.419159794022012,7,6
twitch,6,Look to the left of me.,9.99574089050293,6.921451489130656,3.3213131204970043,6.921451489130656,3.3213131204970043,6,6
twitch,6,We have a trick for that.,55.385005950927734,7.247017463048299,5.791422607741224,7.247017463048299,5.791422607741224,6,6
twitch,6,"You do a great job, chief.",50.072879791259766,6.079552429062979,5.645957333355655,5.948596298694611,5.134680816696304,7,6
twitch,6,"I mean, that's what somebody said.",28.663066864013672,6.536899387836456,4.8411210236141695,6.756628394126892,5.605432078345102,8,6
twitch,6,54% we still have some time,107.05096435546875,8.420714378356934,6.742153844045258,8.257597351074219,6.021164467644896,6,6
twitch,6,"Mm-hmm. Oh, it won't be soon",34.22090530395508,6.856641595562299,5.096805621028566,5.775319431225459,6.040071685051696,12,6
twitch,6,"Two other bridge, two other bridge.",279.90972900390625,9.455846922738212,8.128813862567013,9.4848051071167,8.340982347683253,7,6
twitch,6,"Hey, Mr. C, no more boys,",71.6654281616211,7.981477273835076,6.163204904204866,8.135981053113937,6.374263425822421,9,6
twitch,6,You got to leave the chickens,154.68701171875,8.122934722900391,7.273207714994141,8.122934722900391,7.273207714994141,5,6
twitch,6,Give me hug before you go.,202.26031494140625,7.0192577838897705,7.660062911058724,7.0192577838897705,7.660062911058724,6,6
twitch,6,where peanuts go and go east.,879.276123046875,7.533639192581177,9.780160654248858,7.533639192581177,9.780160654248858,6,6
twitch,6,He better kill the fucking thing.,127.50839233398438,8.37654980023702,6.994448088901742,8.37654980023702,6.994448088901742,6,6
twitch,6,"I'm falling Java, I'm falling Java.",110.39978790283203,6.908833927578396,6.7862400985003,6.742539008458455,7.601369641935393,9,6
twitch,6,Oh no way he's getting me!,70.85664367675781,6.844757829393659,6.146830849251179,6.923783143361409,6.488182046236585,7,6
twitch,6,"No, I'm a male. Okay, road",87.33055114746094,6.666462659835815,6.448403309758299,7.065713381767273,6.832775224350295,9,6
twitch,6,"Yeah, it is a chicken. Chicken.",36.1973762512207,7.140737622976303,5.177813238435034,7.0549244085947675,5.414340262813131,8,6
twitch,6,I think I'm right behind you.,36.61640167236328,6.7416902269635886,5.194417853397813,6.768219073613484,5.284542785522169,7,6
twitch,6,"Which is guys, come on guys.",42.21784973144531,6.55403641292027,5.399778013485258,6.486751357714335,5.439113328305893,7,6
twitch,6,I rip a roll right now.,324.9904479980469,6.862969636917114,8.344251437859116,6.862969636917114,8.344251437859116,6,6
twitch,6,"Just hold Q, just hold Q.",153.75747680664062,6.776264667510986,7.264504203844041,6.4998165766398115,7.251498360853709,7,6
twitch,6,"No, it should be already dead.",46.61347198486328,6.741767951420376,5.5426753164540585,6.339705506960551,5.82779185753045,7,6
twitch,6,"Oh, can we go go in?",52.17403030395508,6.691031353814261,5.705259878379402,6.30656886100769,5.587646999794373,7,6
twitch,6,Which is guys been following us,1009.5391235351562,7.965960597991943,9.97947638278908,7.965960597991943,9.97947638278908,5,6
twitch,6,"Are we, are we killing him?",91.86603546142578,6.162678326879229,6.5214594913186295,6.0338067809740705,6.193540636797375,7,6
twitch,6,You have died for hitting me.,219.36961364746094,7.028789758682251,7.777218062174955,7.028789758682251,7.777218062174955,6,6
twitch,6,I couldn't eat or throw it.,105.73070526123047,5.414341708911317,6.724249986328047,5.751130414195359,7.080041350639846,7,6
twitch,6,We go there is there's there,245.72120666503906,7.032077471415202,7.940878985562523,7.246267795562744,8.246830734796797,6,6
twitch,6,We'll be break if you will.,251.5652313232422,6.713501998356411,7.974777886045618,6.364183982213338,8.29358043912044,7,6
twitch,6,So we don't eat the organs.,71.84906768798828,6.165155995637178,6.166896893953251,6.764085594254236,6.239602854906362,7,6
twitch,6,Are we so fucking for real?,137.26934814453125,7.872479875882466,7.1008658731150165,7.872479875882466,7.1008658731150165,6,6
twitch,6,"Let's do it, let's do it.",8.756941795349121,5.294738670190175,3.130427242843582,4.814807057380676,2.764060409416528,9,6
twitch,6,You got another organ for you?,180.15826416015625,7.8312168916066485,7.4931199269363065,7.8312168916066485,7.4931199269363065,6,6
twitch,6,What do you have your organs?,194.92947387695312,5.619533658027649,7.606804351499426,5.619533658027649,7.606804351499426,6,6
twitch,6,I don't know what it is.,8.069125175476074,4.7577647393835445,3.012412158295303,5.1955593773163855,3.3658762317374133,7,6
twitch,6,okay right click knocks over small,6133.45654296875,7.380838076273601,12.582331506475661,6.937972831726074,12.70730193843973,6,6
twitch,6,"Oh, give him the fucking code.",88.90877532958984,7.390134164265224,6.474253413142664,7.1221888065338135,6.325630006534669,7,6
twitch,6,I haven't figured that part out.,50.7050666809082,3.285740361149822,5.664057737419323,3.299086371126274,5.927244238356167,7,6
twitch,6,We that's a massive that's mad,336.8092346191406,9.27223811830793,8.395786988362087,9.700190019607543,8.936397940402179,7,6
twitch,6,I think we should be moving.,48.87310028076172,7.154944181442261,5.6109684278579985,7.154944181442261,5.6109684278579985,6,6
twitch,6,Get me right out of here!,42.21790313720703,5.588411927223206,5.399783271381328,5.588411927223206,5.399783271381328,6,6
twitch,6,"Here you go, here you go!",12.403115272521973,5.006020937647138,3.6326301966926873,4.555897851785024,3.374063716720695,7,6
twitch,6,"So be careful, Daniel, over here.",57.49728775024414,6.556758642196655,5.8454216304584055,6.511074980099996,5.475503830076068,8,6
twitch,6,"Oh, they left it right click!",266.5714416503906,6.598808424813407,8.058376669746357,6.198975443840027,8.525354018303391,7,6
twitch,6,"Exway vision on, Exway vision on.",174.0197296142578,8.563659482532078,7.443105958239621,7.782373309135437,6.467500981026866,9,6
twitch,6,"Holy shit, wait, is that guy?",77.54069519042969,7.201856076717377,6.276881259576372,7.54143762588501,6.814819234438253,8,6
twitch,6,You don't eat by the way.,44.513450622558594,6.291038799232671,5.4761695338348915,6.923798410066714,5.575855602722382,7,6
twitch,6,How do you get somebody beef?,385.88604736328125,5.830551822980245,8.591976670983657,5.830551822980245,8.591976670983657,6,6
twitch,6,Hate this guy hit him once,316.93328857421875,8.344004392623901,8.308034462761858,7.829525661468506,8.162840114153257,6,6
twitch,6,We'll catch him. We'll catch him.,20.613327026367188,5.594969206386143,4.365505272872735,5.161843568086624,4.037715484003573,9,6
twitch,6,Is he something on our diet?,324.4302673339844,7.4271353880564375,8.341764332716789,7.4271353880564375,8.341764332716789,6,6
twitch,6,"Good work, lads, good fucking work.",46.525482177734375,7.019026385413276,5.539948988269391,7.134110834863452,5.914836758571766,9,6
twitch,6,I know it's to the right.,46.986595153808594,6.8705830574035645,5.554177055676206,7.100522001584371,5.553061528333501,7,6
twitch,6,He said Leo says please no.,1889.2799072265625,7.313513278961182,10.883609394366607,7.313513278961182,10.883609394366607,6,6
twitch,6,You've got to be kidding me.,7.004583835601807,6.002067259379795,2.808299398718616,5.6071973244349165,2.4283645349725327,7,6
twitch,6,he's just playing under your feet,166.7216796875,8.594813267389933,7.381296983506506,8.083914184570313,7.514909356899662,6,6
twitch,6,"Wait, is that B and A?",80.11387634277344,7.839422430310931,6.3239802927668665,7.592609167098999,6.376866002851883,7,6
twitch,6,"Oh, it's a- it's a patchy!",68.55963897705078,7.414643417705189,6.099287467431375,7.482485890388489,6.732253743364688,11,6
twitch,6,I'll find those to the right.,87.16326904296875,7.634190286908831,6.44564815070772,7.393681327501933,6.093117635266093,7,6
twitch,6,"Holy shit, that thing is huge.",50.680931091308594,7.211306640080044,5.663371219960619,7.308818499247233,6.066795044494353,7,6
twitch,6,Toward me look at my icon.,655.9824829101562,7.291463443211147,9.357511504979769,7.035827279090881,8.504784134608014,7,6
twitch,6,I'll come back are we at,223.98704528808594,6.84049121538798,7.807270017856972,6.393140649795532,7.657880812472579,6,6
twitch,6,I just saw the over here.,135.02537536621094,8.496732234954834,7.077086372083822,8.496732234954834,7.077086372083822,6,6
twitch,6,Belly I don't think you're hiding,71.82652282714844,6.714638888835907,6.166445241358423,6.793649625778198,5.773810093705901,8,6
twitch,6,Come come come come come come.,30.07326889038086,5.858132084210713,4.910409410318412,5.858132084210713,4.910409410318412,6,6
twitch,6,"Ooh, that's a big mama jumba!",55.09294891357422,7.568361580371857,5.783795755481535,7.735671149359809,6.103496933310558,12,6
twitch,6,uh... that's why you're here buddy,47.756690979003906,7.279961585998535,5.577630724601464,6.760069179534912,6.179619852091255,8,6
twitch,6,Guard me! Guard me! Guard me!,21.236984252929688,5.095193982124329,4.408506579475073,4.813739111026128,4.000503751611968,8,6
twitch,6,Are they pulling up toward us?,142.11260986328125,7.084547360738118,7.1508899774523345,7.084547360738118,7.1508899774523345,6,6
twitch,6,Here we go big restart I,2616.25244140625,6.66512508392334,11.353242236374042,6.66512508392334,11.353242236374042,5,6
twitch,6,That's right pal. That's right buddy.,33.763427734375,5.2960578600565595,5.077386368143665,4.930724004904429,6.029847250040142,9,6
twitch,6,"I got you, we got you.",34.30390548706055,6.88652503490448,5.100300970416065,6.572611510753632,4.991474322100789,7,6
twitch,6,Are you guys on a roll?,48.05518341064453,8.128208557764689,5.586620207562828,8.128208557764689,5.586620207562828,6,6
twitch,6,I'm also temporarily infertile I can't,132.7395782470703,5.831118487235573,7.052454321722228,6.211875946778389,7.498722040039785,9,6
twitch,6,"Yeah, that's so big now, buddy",55.45662307739258,6.207087337970734,5.793287628172713,6.205800294876099,6.423611919477116,8,6
twitch,6,"Well, I had to defend myself.",16.05900001525879,6.4275714329310825,4.005309708120942,6.152860959370931,4.196047084360593,7,6
twitch,6,"Here we go, here we go.",14.491610527038574,5.376812304769244,3.8571459868322164,5.0922466317812605,3.6728031032659003,7,6
twitch,6,"Oh wait, did he just miss?",92.55962371826172,6.445761476244245,6.532310426600808,6.669777035713196,6.9596358240811105,7,6
twitch,6,You can do an extra task.,87.8406982421875,7.923998594284058,6.456817063916909,7.923998594284058,6.456817063916909,6,6
twitch,6,Quick little heal. Quick little heal.,104.7740707397461,7.324415990284511,6.711137019671095,7.576062103112538,6.597891638836011,7,6
twitch,6,Come out rogue they found us.,506.64056396484375,6.8340795040130615,8.984809414822529,6.8340795040130615,8.984809414822529,6,6
twitch,6,"Okay, I know where to go.",15.243708610534668,5.87235038621085,3.9301418314646925,5.444497545560201,4.085561507715472,7,6
twitch,6,Do you not hear those dogs?,114.76362609863281,7.03513765335083,6.8425217808234,7.03513765335083,6.8425217808234,6,6
twitch,6,"No, no, I'll drown, I'll drown.",20.25132942199707,5.744371435858986,4.3399441919815684,5.681308408578237,4.202715715896122,11,6
twitch,6,"so in order to do crime,",80.69733428955078,6.880117684602737,6.334448232606719,6.880117684602737,6.334448232606719,6,6
twitch,6,wanting to fight look at him,264.3426513671875,7.779574712117513,8.046261380542314,7.609953165054321,7.9472960541709465,6,6
twitch,6,go west go west go west,103.46531677246094,5.212647008895874,6.693001954073937,5.212647008895874,6.693001954073937,5,6
twitch,6,Have we already been that way?,45.21469497680664,7.472068031628926,5.498719792261692,7.472068031628926,5.498719792261692,6,6
twitch,6,"Ooh, can you catch with it?",124.06291961669922,7.079763948917389,6.95492770203791,6.276199844148423,6.753612127907846,8,6
twitch,6,It's like the hardest to kill,119.56488800048828,8.36201786994934,6.90164999483844,8.3165274143219,7.286681798973882,6,6
twitch,6,Move you back to the pack.,31.665714263916016,7.719077666600545,4.984849902289978,7.719077666600545,4.984849902289978,6,6
twitch,6,"Yeah, yeah, what we fuck him.",121.52388000488281,5.472773432731628,6.925095249294641,5.201238930225372,7.660697039665407,8,6
twitch,6,"This guy, this guy right here.",52.91947555541992,5.8022006920405795,5.725727010707799,5.6213780244191485,5.741727409318923,7,6
twitch,6,How do I kill that bird?,52.25017547607422,6.719162901242574,5.707363450023763,6.719162901242574,5.707363450023763,6,6
twitch,6,"Uh, you might be checking that.",56.93827819824219,6.794412272317069,5.831326542261779,6.396984855333964,6.098188673518461,7,6
twitch,6,Is that the Raptor right there?,58.715084075927734,6.3801194088799615,5.875658981140609,6.694192777077357,5.7210028573813325,7,6
twitch,6,"I'm wounded, I'm wounded, I'm wounded.",11.996994018554688,5.2137414758855645,3.584599663090482,5.088850835959117,3.4572578417729756,11,6
twitch,6,"You got this, you got this.",16.356081008911133,7.123378004346575,4.031755261781876,6.7862192789713545,4.0768434054469465,7,6
twitch,6,"Yes I am, yes I am.",14.601360321044922,5.708529881068638,3.8680312456719306,5.349928458531697,3.4652357462243693,7,6
twitch,6,that you know you're milk daddy,213.02432250976562,6.747974713643392,7.734872742114189,6.9084282398223875,7.5274973352973165,6,6
twitch,6,"It was all a game, son.",55.09859848022461,7.014735426221575,5.783944184651946,7.32180901368459,5.302935559621951,7,6
twitch,6,"Well, you can hear him, right?",22.66501808166504,6.682563811540604,4.502395337113961,6.207677880922954,4.420693821245815,8,6
twitch,6,"Okay, I'm gonna go get rocks.",29.9080753326416,6.9069061279296875,4.902462505716005,6.7310324509938555,5.370334833474068,8,6
courtroom,7,We transferred materials from one drum to,406.5597839355469,7.421856800715129,8.667320767254251,7.421856800715129,8.667320767254251,6,7
courtroom,7,And do you remember giving the answer:,115.77326202392578,7.057983023779733,6.855158382483055,7.057983023779733,6.855158382483055,7,7
courtroom,7,Do you remember testifying at some point,140.06468200683594,5.713622649510701,7.129943439124889,5.713622649510701,7.129943439124889,6,7
courtroom,7,"As you sit here today, do you",31.3869686126709,5.206184642655509,4.972093866366335,5.258286615212758,5.1028230571729365,7,7
courtroom,7,"Yeah, I remember saying that but the",45.356361389160156,6.352083887372698,5.50323282315415,6.10000467300415,5.930293426412509,7,7
courtroom,7,So would the Dumpster have been below,110.56500244140625,8.551736116409302,6.788750814912587,8.661426650153265,7.331636904281134,8,7
courtroom,7,"in the main building, including the basement?",115.405517578125,8.724846422672272,6.850567921659137,8.957975830350604,7.081177982660736,8,7
courtroom,7,Where do you go with these things?,28.364519119262695,6.4390796933855325,4.826015327176282,6.4390796933855325,4.826015327176282,7,7
courtroom,7,That's the best from 50 years ago.,40.35823059082031,6.479324609041214,5.334790587920741,6.204292433602469,5.508442399070292,8,7
courtroom,7,know who owned what at that time?,51.69466018676758,5.998961857386997,5.691942998353936,5.998961857386997,5.691942998353936,7,7
courtroom,7,"Oh, I clearly remember every minute of",65.16327667236328,6.818534782954624,6.025986518414839,6.455322861671448,6.4635844760418415,7,7
courtroom,7,"Like I said, if the driver came",55.42500686645508,7.504988193511963,5.792464844992194,7.807144323984782,6.149587637905465,7,7
courtroom,7,You remember that was the location of,101.90705108642578,7.661507924397786,6.671109283576096,7.661507924397786,6.671109283576096,6,7
courtroom,7,And can you visualize the land around,130.80357360839844,7.629151900609334,7.031257906220368,7.629151900609334,7.031257906220368,6,7
courtroom,7,the tanks to your best memory --,1501.8594970703125,8.000255664189657,10.552532919745333,8.000255664189657,10.552532919745333,6,7
courtroom,7,testified truthfully about this as best you,488.1609802246094,7.263467639684677,8.931212378458245,7.0108100573221845,8.279687101918041,8,7
courtroom,7,"first paragraph of that affidavit, Mr. Nadeau.",80.35912322998047,6.64279859716242,6.328389723844189,6.814721612703233,6.832377934554471,11,7
courtroom,7,"""When you say the tail, you mean",49.714481353759766,7.092084527015686,5.635594227572282,7.054089188575745,6.036992221137841,8,7
courtroom,7,"Now, heading again south, you have a",94.18059539794922,5.906356900930405,6.557357767412976,5.369500398635864,6.723938815867114,8,7
courtroom,7,Was the filter press in the basement,232.76577758789062,9.613212744394938,7.862734582290144,9.613212744394938,7.862734582290144,6,7
courtroom,7,Between '62 and '65 I worked part-time,28.58653450012207,5.234495868906379,4.837264297373531,5.659408545653735,5.257318109049419,10,7
courtroom,7,And do you recognize that as the,51.109127044677734,6.762454430262248,5.675509182817368,6.762454430262248,5.675509182817368,6,7
courtroom,7,What those products were I don't know.,36.270538330078125,5.904166035819799,5.180726373267931,6.603759557274835,5.8872272180885465,8,7
courtroom,7,"maintenance building, and that area where the",270.1011047363281,8.348322331905365,8.077353344638537,8.093000650405884,7.536360144151547,8,7
courtroom,7,And do you see Mineral Spring Avenue?,471.77435302734375,7.059847286769322,8.881818960015691,7.059847286769322,8.881818960015691,7,7
courtroom,7,Where was the Dumpster in relation to,50.33507537841797,7.380458956584334,5.653492188565103,7.473958367274867,6.028305216742304,8,7
courtroom,7,Did you ever work on that yourself?,36.690147399902344,6.530277252197266,5.197321152403597,6.530277252197266,5.197321152403597,7,7
courtroom,7,attributed New England Container being owned by,2318.296875,7.109235235622951,11.178832691762647,6.790436605612437,10.709778690618387,7,7
courtroom,7,Somewhere down the end of that peninsula,105.25679779052734,5.206293269991875,6.7177686904239025,5.007740252547793,6.6204007074804245,8,7
courtroom,7,"Now, if we move farther south, you",39.83903884887695,6.187707155942917,5.316110906182695,5.995519856611888,5.773238151802836,8,7
courtroom,7,In some places there were; in other,114.8608627319336,6.427328382219587,6.843741531507893,5.9786224365234375,6.255396536993067,7,7
courtroom,7,I don't remember there being a distinct,52.10218048095703,5.606131715167846,5.703271569697087,6.185320849064738,6.118457624908218,7,7
courtroom,7,did you observe the tailrace become murky?,1499.701904296875,7.617116451263428,10.55045593643723,7.734753472464425,9.726305334867586,8,7
courtroom,7,metal instead of whatever color they were.,61.210506439208984,7.587954929896763,5.935707561926506,7.587954929896763,5.935707561926506,7,7
courtroom,7,"Insurance deposition, you stated bags were taken",2056.4697265625,7.846852719783783,11.005441135238886,7.304596980412801,11.00428964321828,8,7
courtroom,7,reconditioning area where the drums would be,102.97347259521484,7.645768549707201,6.686128659063745,7.596811677018802,6.2815932629007145,9,7
courtroom,7,And that was seven years ago --,32.21036911010742,5.369410167137782,5.009453576641306,5.369410167137782,5.009453576641306,6,7
courtroom,7,"I'm guessing maybe eight, nine months maybe.",109.11042022705078,6.365013175540501,6.769644718073703,6.097384895597186,7.034511335509516,9,7
courtroom,7,into the -- into that Dumpster also.,339.7891540527344,8.542439381281534,8.408492523897158,9.16029245512826,9.134779534918295,9,7
courtroom,7,assuming there was some sort of --,70.91718292236328,7.035659196476142,6.148062047908759,7.035659196476142,6.148062047908759,6,7
courtroom,7,There were times when the water was,34.54249572753906,7.7165900866190595,5.110300010466347,7.7165900866190595,5.110300010466347,6,7
courtroom,7,-- about -- could you give your,581.4171752929688,7.118006865183513,9.183429003952915,7.118006865183513,9.183429003952915,6,7
courtroom,7,At the time you testified at this,84.32147979736328,6.080185254414876,6.397827411158086,6.080185254414876,6.397827411158086,6,7
courtroom,7,the building out to the storage tanks.,186.4438018798828,7.71656996863229,7.542596387558295,7.71656996863229,7.542596387558295,7,7
courtroom,7,It could have gone into a sewer?,116.63922882080078,6.832335199628558,6.8659081333471335,6.832335199628558,6.8659081333471335,7,7
courtroom,7,I would say that's a true statement.,23.715404510498047,7.48024445772171,4.567752611842759,7.506875514984131,4.644460014909775,8,7
courtroom,7,"vertical rather than horizontal or if not,",92.40188598632812,7.167251694947481,6.529850352953282,6.60175410764558,5.72465658543598,8,7
courtroom,7,worked at Metro-Atlantic than it is now?,239.18817138671875,5.883076455858019,7.902000168388623,5.985137780507405,6.966898620789493,9,7
courtroom,7,and there was the tail something or,597.4178466796875,8.033730824788412,9.22259533437394,8.033730824788412,9.22259533437394,6,7
courtroom,7,is what I remembered at the time.,38.993350982666016,6.56706816809518,5.285156157296201,6.56706816809518,5.285156157296201,7,7
courtroom,7,It would be on my left-hand side.,26.95166778564453,5.82238601313697,4.7523026567291895,6.5661074831372215,5.385854751482909,9,7
courtroom,7,So if your back was to Smith,272.48211669921875,7.371881167093913,8.090013795329074,7.371881167093913,8.090013795329074,6,7
courtroom,7,"Now, you didn't actually see liquid come",171.77392578125,6.5928049485664815,7.424363034520711,6.749559508481373,8.565754356011164,8,7
courtroom,7,"'63, '64 may have also been with",114.62017822265625,7.783811622195774,6.8407166484657616,7.142946004867554,6.2202913934686785,9,7
courtroom,7,"And there's a word ""Pit"" in the",45.71730422973633,6.949784159660339,5.514668472075237,6.832945426305135,6.249430033971457,10,7
courtroom,7,I would say roughly a foot wide.,130.46035766601562,6.663857460021973,7.0274669658307785,6.663857460021973,7.0274669658307785,7,7
courtroom,7,real estate behind the building and then,216.44654846191406,8.591492573420206,7.757866610272806,8.591492573420206,7.757866610272806,6,7
courtroom,7,Can you describe when you say --,178.45733642578125,6.750553051630656,7.479435780755228,6.750553051630656,7.479435780755228,6,7
courtroom,7,On the outside of the main building.,32.74199295043945,7.44761231967381,5.033070194805657,7.44761231967381,5.033070194805657,7,7
courtroom,7,"visualizing something delivered by a vendor, was",443.92999267578125,8.360785186290741,8.79418208656256,8.116572578748068,8.683364402308563,8,7
courtroom,7,Can you remember actually being in the,54.877193450927734,7.62222417195638,5.778135042653507,7.62222417195638,5.778135042653507,6,7
courtroom,7,And the warehouse area has an orange,276.3114318847656,8.42713745435079,8.110151230676491,8.42713745435079,8.110151230676491,6,7
courtroom,7,Those two were close to each other.,28.087858200073242,7.188753727291312,4.811874794063391,7.188753727291312,4.811874794063391,7,7
courtroom,7,testified to the best of your recollection?,85.74774932861328,6.670799881219864,6.422026397290919,6.2287300995418,5.928886054722111,8,7
courtroom,7,company called Crown Chemical somewhere in the,741.8956298828125,8.006067355473837,9.535063962441264,8.006067355473837,9.535063962441264,6,7
courtroom,7,side of the building against the driveway.,63.100616455078125,7.731404917580741,5.979582495224776,7.731404917580741,5.979582495224776,7,7
courtroom,7,"And you, actually, either you or counsel",282.2851257324219,6.654835343360901,8.140994560630805,6.81308650970459,8.308939606496272,8,7
courtroom,7,And is it your -- to your,196.57395935058594,8.250526666641235,7.618927188936639,8.250526666641235,7.618927188936639,6,7
courtroom,7,manufactured for about eight or nine months?,84.775146484375,6.089865639805794,6.40556908835633,5.40778352533068,6.219456081297574,8,7
courtroom,7,recall discussing the Texas Tower with him?,990.1380004882812,8.983469784259796,9.951482601301212,8.706642695835658,9.506256967435084,8,7
courtroom,7,"To you, when you observed the Texas",247.36647033691406,8.756705556597028,7.950503075834027,8.77944827079773,8.234759756639576,7,7
courtroom,7,So they would be more vertical than,133.97703552246094,7.825013637542725,7.06584021165589,7.825013637542725,7.06584021165589,6,7
courtroom,7,"I have a few, not a lot.",32.98259735107422,6.955507010221481,5.043632691375964,6.94439298766,4.56986203884267,8,7
courtroom,7,"For the record, I'm Patrick Bryan from",79.33036804199219,7.1317805498838425,6.309799198411749,7.675013293822606,6.618482070467988,8,7
courtroom,7,across that driveway attached to the maintenance,723.5477294921875,7.777615989957537,9.498941752807058,7.2700133721033735,9.144872396093243,7,7
courtroom,7,pulled along that track towards the building,185.86070251464844,8.103881699698311,7.538077947733145,7.867637753486633,7.3071236129846655,7,7
courtroom,7,The drums that went through the wash,379.676513671875,8.09148367245992,8.568622679699903,8.09148367245992,8.568622679699903,6,7
courtroom,7,was the main building more on the,232.0088348388672,7.507445851961772,7.858035449128302,7.507445851961772,7.858035449128302,6,7
courtroom,7,With an arrow pointing to the building.,78.30813598632812,7.282781941550119,6.2910893768245995,7.282781941550119,6.2910893768245995,7,7
courtroom,7,"Now, if we continue to the west,",31.789316177368164,7.10878923535347,4.990470017586993,6.851583003997803,5.1048039926535225,8,7
courtroom,7,about chipping the solidified material out of,303.6766052246094,8.170196056365967,8.24639226910772,7.998636960983276,8.24583436544811,8,7
courtroom,7,There was a processing area -- so,312.25335693359375,7.538136641184489,8.286571174493092,7.538136641184489,8.286571174493092,6,7
courtroom,7,You don't remember it now but you,36.774837493896484,5.4032181807394535,5.200646755322372,5.888007688491295,5.37014981087335,7,7
courtroom,7,Dioxin is not a term I remember.,87.80891418457031,6.973214308420817,6.456292526110452,6.866023040953136,6.284542275937219,9,7
courtroom,7,And then the -- where you wrote,482.0444030761719,8.473408937454224,8.913020201627651,8.473408937454224,8.913020201627651,6,7
courtroom,7,Do you see the sentence that begins:,75.32112884521484,7.371757302965436,6.234981843357356,7.371757302965436,6.234981843357356,7,7
courtroom,7,"Do you recall, as you sit here",42.97993469238281,6.812567574637277,5.425591341037729,6.718168616294861,5.402697488641695,7,7
courtroom,7,You need to give me a number.,28.547500610351562,7.221012796674456,4.8352923838312005,7.221012796674456,4.8352923838312005,7,7
courtroom,7,And is that where they washed the,185.72401428222656,7.35513432820638,7.537007831911178,7.35513432820638,7.537007831911178,6,7
courtroom,7,Was that done -- there's been other,158.26185607910156,6.515193087714059,7.306169834002693,6.876326620578766,7.88305087677345,7,7
courtroom,7,"we manufactured that product, pumped it from",322.0744323730469,7.358626161302839,8.331238477411,7.538999875386556,7.912827529823951,7,7
courtroom,7,I'm not legally bound by any of,33.988685607910156,6.319594212940761,5.086982332248103,5.841893553733826,5.056598824689513,7,7
courtroom,7,I believe they were along this building,544.0900268554688,7.149923324584961,9.08770094382129,7.149923324584961,9.08770094382129,6,7
courtroom,7,"And what about the tailrace, did you",127.77619934082031,8.019465267658234,6.997474959783345,8.21731193860372,6.227230749022428,8,7
courtroom,7,First there was a tower-type building and,77.59606170654297,7.708646357059479,6.277911626964125,7.712409257888794,6.309891748793784,8,7
courtroom,7,And did that happen in this trapezoidal,120.55793762207031,6.091433525085449,6.913580956613298,6.70609906741551,7.346266149029355,8,7
courtroom,7,"It's the cheapest, neatest way to build",36.74021911621094,6.384830229812199,5.199288174216174,6.377634917696317,5.307535074906675,9,7
courtroom,7,"Insurance, does that refresh your recollection as",375.9222412109375,6.540771096944809,8.554284282531317,5.232332772678799,8.110025090517782,8,7
courtroom,7,"that drum, would fall into that pit.",286.3251037597656,7.507626056671143,8.161508609698103,7.355904613222394,8.06522212038709,8,7
courtroom,7,round -- approximate round shape or cylindrical,324.96319580078125,6.867100196192041,8.344125389742949,7.844349087482052,9.535798194508459,8,7
courtroom,7,What would be on your left-hand side?,25.510051727294922,5.1103508075078325,4.67299372503618,5.654150866326831,5.519129220285737,9,7
courtroom,7,line to the west of the building?,44.30533218383789,8.732546057019915,5.469408211300174,8.732546057019915,5.469408211300174,7,7
courtroom,7,There were times when we had to,15.535638809204102,6.474755605061849,3.957509786993741,6.474755605061849,3.957509786993741,6,7
courtroom,7,there was -- there were ports for,432.5722351074219,6.6105086008707685,8.756794295770717,6.6105086008707685,8.756794295770717,6,7
courtroom,7,Drums were put on a track and,98.34605407714844,8.061468396868024,6.619795214179693,7.854526122411092,6.057006740531578,7,7
courtroom,7,"Metro-Atlantic or for New England Container, you",542.0791625976562,8.914858553144667,9.082354959404958,8.455120537016127,9.400721105354318,9,7
courtroom,7,seemed still but I'm assuming it changed.,325.30999755859375,7.271113395690918,8.34567044429546,7.166327135903495,7.595731049149968,9,7
courtroom,7,So could you see into the trapezoidal,71.4665756225586,5.97836035490036,6.159194793384455,6.501295566558838,6.822707062315366,8,7
courtroom,7,We had two products that were filtered.,149.62840270996094,7.795244012560163,7.22523829291506,7.795244012560163,7.22523829291506,7,7
courtroom,7,make sure we have the right one.,34.3259162902832,7.268382276807513,5.101226745656727,7.268382276807513,5.101226745656727,7,7
courtroom,7,"In general, were they taller than they",138.9770050048828,7.46928334236145,7.118702033943786,7.772660692532857,7.097784578721712,7,7
courtroom,7,-- but some -- some products were,474.354248046875,8.81453561782837,8.889821213974402,8.81453561782837,8.889821213974402,6,7
courtroom,7,"workers to wash off the basement floor?""",162.92575073242188,7.687554155077253,7.348070534101732,7.687554155077253,7.348070534101732,7,7
courtroom,7,There was a gasket and it was,47.90494918823242,6.979167938232422,5.582102607369116,7.036492983500163,5.354453961408754,7,7
courtroom,7,On what level were the drains that,333.5311584472656,8.597487608591715,8.381674151957418,8.597487608591715,8.381674151957418,6,7
courtroom,7,I think that's the product that was,47.23196029663086,7.149150167192731,5.56169131809372,7.184866110483806,5.99461166726704,7,7
courtroom,7,"And then you have the words ""Drum",65.4051284790039,8.059241771697998,6.031331402525247,8.039384399141584,5.690191200045013,8,7
courtroom,7,It would be your testimony that on,137.96572875976562,7.110679070154826,7.108166512946035,7.110679070154826,7.108166512946035,6,7
courtroom,7,"Now, earlier today you said that there",45.82683563232422,6.191376720155988,5.51812120922291,5.73840069770813,5.111117125273852,7,7
courtroom,7,And were they stored all along the,175.25233459472656,6.984164873758952,7.453287779015693,6.984164873758952,7.453287779015693,6,7
courtroom,7,"shallow water, it was not extremely deep.",77.34143829345703,8.527612580193413,6.273169116306103,8.101863827024188,6.03649362273133,9,7
courtroom,7,It seems like the right time frame.,73.76045227050781,6.6978647368294855,6.204775621684219,6.6978647368294855,6.204775621684219,7,7
courtroom,7,So you just give your best memory.,142.76258850097656,7.456513336726597,7.157474420856272,7.456513336726597,7.157474420856272,7,7
courtroom,7,no other place for it to go.,26.727371215820312,7.313821928841727,4.740246265274494,7.313821928841727,4.740246265274494,7,7
courtroom,7,"Three, four, five high, however high the",130.86402893066406,6.757209883795844,7.031924055593161,6.215534369150798,7.412167614594612,9,7
courtroom,7,And that was a shorter time after,110.57460021972656,7.618671735127767,6.788876215130181,7.618671735127767,6.788876215130181,6,7
courtroom,7,"Do you recall after reading that, that",89.65647888183594,7.454708576202393,6.486335772350068,7.270219564437866,6.793291742963995,7,7
courtroom,7,substances you handled when you worked for,131.32423400878906,6.751376211643219,7.036989256958243,6.5697271294064,6.824855228375604,8,7
courtroom,7,looked at it earlier in this deposition.,101.42658233642578,6.123012185096741,6.664291549019564,5.717491218021938,6.827202928563872,8,7
courtroom,7,"what, sophomore, junior, senior in high school?",39.36869812011719,6.277481960132718,5.298965313916066,5.721981183226619,4.861162386298116,10,7
courtroom,7,and caustic acid went all over him.,89.7622299194336,5.671613034274843,6.48803504277202,5.874138390734083,7.112234083301371,9,7
courtroom,7,brother may have even polluted it --,418.6281433105469,7.394797166188558,8.70952457273154,7.394797166188558,8.70952457273154,6,7
courtroom,7,"Can you explain to us, did you",25.97650146484375,5.862824371882847,4.699134953030336,5.833832859992981,4.294261048112314,7,7
courtroom,7,There might have been more than one,14.205382347106934,6.031173785527547,3.8283657834145246,6.031173785527547,3.8283657834145246,6,7
courtroom,7,The storage tanks and the main building.,126.48704528808594,9.266769409179688,6.982844463581037,9.266769409179688,6.982844463581037,7,7
courtroom,7,-- and they had rubber gaskets too.,62.1460075378418,6.263992948147158,5.957587621168372,7.065835000281887,6.679862582959636,9,7
courtroom,7,I believe there was also one summer,230.8925018310547,6.570936878522237,7.851077462897369,6.570936878522237,7.851077462897369,6,7
courtroom,7,Two things happened in that building and,89.3068618774414,7.187617699305217,6.480699244143157,7.187617699305217,6.480699244143157,6,7
courtroom,7,I didn't handle every one that came,99.04769897460938,5.587819251098803,6.630051902953584,6.013304838600258,6.678612620488963,7,7
courtroom,7,The rack was raised off the ground,86.72737121582031,7.394601027170817,6.438413379003226,7.394601027170817,6.438413379003226,6,7
courtroom,7,"I may have worked one, maybe two",60.54696273803711,6.1100424017225,5.9199826856467075,6.2750510374705,5.973059350967229,7,7
courtroom,7,And do you recall talking about the,38.84663391113281,6.144910832246144,5.2797174117609025,6.144910832246144,5.2797174117609025,6,7
courtroom,7,I would assume with that flushing or,305.50970458984375,7.625331810542515,8.255074262903689,7.725962519645691,8.468153354770084,7,7
courtroom,7,I'm going to ask you to explain,15.238515853881836,6.421217697007315,3.929650571312529,5.960454285144806,3.5845321615968904,7,7
courtroom,7,"We just -- for expediency, we'd just",167.04843139648438,5.823240968916151,7.384116308971215,6.504854308234321,9.52260224433281,9,7
courtroom,7,Could you show where on this plan,306.8855285644531,6.478443145751953,8.261557058468608,6.478443145751953,8.261557058468608,6,7
courtroom,7,be coming in would be taken in.,148.42979431152344,7.320718969617571,7.213636819815045,7.320718969617571,7.213636819815045,7,7
courtroom,7,"can remember, were thrown into that Dumpster.",98.8168716430664,7.509076106548309,6.626686157346867,8.039408757573081,7.647884522777688,10,7
courtroom,7,That would be where the drums were,127.9891357421875,7.833491166432698,6.999876297720989,7.833491166432698,6.999876297720989,6,7
courtroom,7,It was a square building or relatively,672.5304565429688,8.180174986521402,9.39345389019738,8.180174986521402,9.39345389019738,6,7
courtroom,7,We had drums referred to as leakers.,390.39434814453125,6.410140670835972,8.608773813608078,6.336217752524784,9.040875048415762,8,7
courtroom,7,I'm not sure which way the compass,61.38286590576172,7.763829367501395,5.939763523332255,7.5268345673878985,6.051510214287692,7,7
courtroom,7,I don't know how long it was,12.29100513458252,4.714653721611414,3.619531152310787,5.145263189915568,4.074181724755477,7,7
courtroom,7,"IN WITNESS WHEREOF, I have hereunto set",6.956311225891113,4.121297635138035,2.7983223677527858,5.537366186827421,4.133855136854757,13,7
courtroom,7,Do you have any recollection of the,18.662662506103516,6.115442752838135,4.22208282701639,6.115442752838135,4.22208282701639,6,7
courtroom,7,This arrow seems to point to an,68.81754302978516,6.69496472676595,6.104703298246251,6.69496472676595,6.104703298246251,6,7
courtroom,7,"little while ago, the tailrace changing colors,",538.9163208007812,7.761119842529297,9.073913287495543,8.146624190466744,8.87248398174102,9,7
courtroom,7,"So I'm assuming that was done, and",46.57476806640625,6.767195522785187,5.541476705520115,6.958905299504598,5.5704298604647455,8,7
courtroom,7,joint ownership or the ownership among the,427.9301452636719,8.314916133880615,8.741230003866715,8.023391246795654,7.785400765005222,7,7
courtroom,7,"My foggy memory of those periods were,",189.89248657226562,8.450699746608734,7.569037571568032,8.500439405441284,7.782013782044731,8,7
courtroom,7,"Now, the next label moving south from",377.07012939453125,7.795927933284214,8.558686612317995,7.610377113024394,9.369471926964314,7,7
courtroom,7,I want to keep reading starting on,187.3345947265625,6.746498545010884,7.549473238776027,6.746498545010884,7.549473238776027,6,7
courtroom,7,"the Home Insurance transcript, Lines 14 through",3002.616455078125,7.793587616511753,11.551880584225728,7.806095520655314,11.71679478878031,7,7
courtroom,7,"Again, for the record, would that be",26.874650955200195,6.543991595506668,4.748173875985003,6.704396307468414,4.371762968934476,8,7
courtroom,7,explain what that was intended to represent?,97.37661743164062,5.87529182434082,6.605503351227661,5.292498588562012,6.484830941487291,8,7
courtroom,7,Did you ever see them being burned?,43.307777404785156,7.488154547555106,5.4365544694163415,7.488154547555106,5.4365544694163415,7,7
courtroom,7,This is -- you labeled this the,481.7629089355469,7.921515305836995,8.912173643662806,7.921515305836995,8.912173643662806,6,7
courtroom,7,You gave testimony about drains in the,1020.8977661132812,7.073434432347615,9.995465752441119,7.073434432347615,9.995465752441119,6,7
courtroom,7,Mr. Pirozzolo asking you questions about the,167.1886749267578,7.26999979019165,7.3853320984947946,6.828480084737142,6.2376273772817585,10,7
courtroom,7,questioning that Mr. Pirozzolo asked you earlier,232.61122131347656,7.33513331413269,7.861777069115193,7.157673180103302,7.833338007359104,11,7
courtroom,7,Can you explain for us what you,28.799148559570312,6.347105344136556,4.847954216055476,6.347105344136556,4.847954216055476,6,7
courtroom,7,this time I have no further questions.,39.05723190307617,7.523842470986502,5.287517734309032,7.523842470986502,5.287517734309032,7,7
courtroom,7,"And the thing that you just described,",49.860496520996094,7.102003608431135,5.63982526255388,7.102003608431135,5.63982526255388,7,7
courtroom,7,"During your testimony earlier today, when you",66.03548431396484,5.74596767766135,6.045169091966794,5.923425942659378,6.412958003289137,7,7
courtroom,7,Were there any drums that were actually,91.14239501953125,7.768598635991414,6.510047169668766,7.768598635991414,6.510047169668766,6,7
courtroom,7,"Like I said, this is all fuzzy.",26.050325393676758,6.796734929084778,4.703229238594026,6.954546860286167,4.998451131851487,8,7
courtroom,7,What did they do with those drums?,47.94967269897461,6.605166843959263,5.58344903332465,6.605166843959263,5.58344903332465,7,7
courtroom,7,"It's the affidavit, Mr. Nadeau's affidavit, and",53.2598762512207,6.257071779324458,5.734971191885302,6.610253433386485,6.942498724678656,13,7
courtroom,7,"And the words ""Wash station"" are written",96.49230194091797,8.62074507607354,6.5923402840410334,8.838932116826376,5.996051535215019,9,7
courtroom,7,And do you remember being asked this,57.506690979003906,6.499338944753011,5.845658585958364,6.499338944753011,5.845658585958364,6,7
courtroom,7,"to where it says ""Warehouse area. """,169.15097045898438,7.941510041554769,7.402166982619644,7.946233179834153,7.003903453669195,9,7
courtroom,7,delivered through an outside receptacle on the,180.54190063476562,6.9866652130149305,7.496186529594281,7.253766790963709,7.635198142845895,8,7
courtroom,7,It couldn't be on the right side.,25.12828254699707,5.704071153188124,4.651240241438497,6.246804043783674,5.2251795840456925,8,7
courtroom,7,"on the outside of the building, as",27.160598754882812,8.498113564082555,4.763443352952783,8.766868233680725,4.874665357450923,7,7
courtroom,7,Shipping was where the trucks came in,127.30159759521484,7.069478511810303,6.992105619234959,7.069478511810303,6.992105619234959,6,7
courtroom,7,"handling the accounting of either company, were",466.8604736328125,9.054155945777893,8.866845271613295,9.322492798169455,9.363645623399245,8,7
courtroom,7,"Can you describe how it appeared, the",75.93953704833984,6.450805255344936,6.246779488123242,6.654808878898621,6.334365845873273,7,7
courtroom,7,that came out after water was pumped,120.55224609375,7.701572418212891,6.913514418471624,7.701572418212891,6.913514418471624,6,7
courtroom,7,And was the cutout something you said,140.0383758544922,8.53485379900251,7.129678768396062,8.46881651878357,7.009780760892606,7,7
courtroom,7,talked about residue associated with the barrels.,298.26300048828125,7.438802249729633,8.22040299630149,7.344113256250109,8.477047696408635,8,7
courtroom,7,"Sometimes somebody would feed him the drums,",432.15106201171875,7.419835431235177,8.755389679752216,7.419835431235177,8.755389679752216,7,7
courtroom,7,"recollection, what the storage tanks looked like?",237.8013153076172,7.6133840373820725,7.8936113070825895,6.762360893899486,7.092048044001414,9,7
courtroom,7,want any cross-contamination going into any of,117.6611557006836,6.5949718952178955,6.878493721572567,6.797664493322372,7.528063121411743,9,7
courtroom,7,I'm only asking you what you remember.,55.1185188293457,6.103862762451172,5.784465431894527,5.663586275918143,5.471461595259515,8,7
courtroom,7,"Now, if we continue to the south",47.800079345703125,7.582324028015137,5.578940594482883,7.361172556877136,5.810408661543147,7,7
courtroom,7,"First of all, we are talking about",7.536887168884277,5.527966456753867,2.9139687977071964,5.552712212006251,3.00865603750775,7,7
courtroom,7,Do you recall from the maps --,633.5731811523438,7.324804464975993,9.307363604418658,7.324804464975993,9.307363604418658,6,7
courtroom,7,Did all the barrels that you handled,259.05816650390625,8.213339646657309,8.017132138339763,8.213339646657309,8.017132138339763,6,7
courtroom,7,"your next question, I do not know.",32.38220977783203,7.2724093198776245,5.017129508367773,7.342002051217215,5.227785297661375,8,7
courtroom,7,And you've made two green lines that,204.50392150878906,7.558792931692941,7.675983977027199,7.925510287284851,8.058600822607772,7,7
courtroom,7,I think '64 through '65 was at,217.59024047851562,7.310029745101929,7.765469653949458,7.349906484285991,7.7828997220637826,8,7
courtroom,7,Guessing I would say maybe a foot.,240.0570068359375,7.602121293544769,7.90723284928154,7.329896790640695,7.518249616829926,8,7
courtroom,7,I can't remember which-- was blown up,194.5181427001953,7.240610301494598,7.603759545614828,7.268980065981547,7.5012180183177755,8,7
courtroom,7,The tanks would have been filled in,103.17100524902344,7.450023293495178,6.6888925048936985,7.450023293495178,6.6888925048936985,6,7
courtroom,7,visualize what you called the Texas Tower.,330.53814697265625,8.681122958660126,8.36867270006003,8.328756128038679,8.11248539776511,8,7
courtroom,7,"so facing it, it's on my left.",65.31822967529297,7.313576963212755,6.0294129317315015,7.44581253187997,6.476839407711742,9,7
courtroom,7,I saw it when it was murky.,125.45448303222656,6.7237542016165595,6.971011323504206,6.7237542016165595,6.971011323504206,7,7
courtroom,7,After '65 I was in the Army.,48.634361267089844,8.53061705827713,5.603904056958551,8.505652666091919,5.125955577085021,8,7
courtroom,7,"You didn't actually see that, did you?",16.96280860900879,5.165027584466669,4.084302917116158,5.195196879229376,4.079189980999108,9,7
courtroom,7,"Let me have that, if I may.",33.446224212646484,6.64503738284111,5.063771005627988,6.2677857875823975,4.963035970949568,8,7
courtroom,7,How high off the floor were the,147.2644500732422,7.447182099024455,7.202264749733144,7.447182099024455,7.202264749733144,6,7
courtroom,7,"Other than that, it was inside work.",76.99734497070312,6.854112923145294,6.266735923946203,7.14995391028268,6.880628088624498,8,7
courtroom,7,"Not too sure of that, and then",56.51005554199219,6.846754005977085,5.820435507176769,6.974082072575887,6.110619721512287,7,7
courtroom,7,"I said, I never went in it.",69.2127456665039,5.994177132844925,6.112965666188243,6.174146839550564,6.404997399395024,8,7
courtroom,7,"Now, you pointed to a place where",63.42384338378906,6.778466497148786,5.9869522686044885,6.423338770866394,6.268655323594711,7,7
courtroom,7,The Dumpster was used for empty bags,145.10650634765625,8.634785801172256,7.180967955316558,8.714903447363112,7.86333443360133,8,7
courtroom,7,I think maybe I'm not asking the,58.33988952636719,6.665195328848703,5.866410642444332,6.7734594742457075,6.343700943255347,7,7
courtroom,7,I'm going to show you Exhibit 1.,42.89077377319336,5.354999840259552,5.422591944147794,4.807742936270578,5.340053503367999,8,7
courtroom,7,I may have been out on the,30.538122177124023,7.53218944867452,4.932539461632682,7.53218944867452,4.932539461632682,6,7
courtroom,7,"building, if you looked at that map.",46.3205680847168,7.223561108112335,5.53358130253606,6.773655278342111,5.446514243948857,8,7
courtroom,7,"(Whereupon, J. Nadeau Exhibit No. 8 was",165.10421752929688,6.449007708292741,7.367230476361646,6.494559269812373,6.546615631846845,13,7
courtroom,7,station were a different type of drum.,110.6086654663086,7.826609534876687,6.789320541754732,7.826609534876687,6.789320541754732,7,7
courtroom,7,"the books of account, keeping of accounts,",237.66607666015625,7.99027681350708,7.892791177308296,8.02101458821978,7.918191568064775,8,7
courtroom,7,And does the arrow point in the,67.53097534179688,8.01536766688029,6.077477291007459,8.01536766688029,6.077477291007459,6,7
courtroom,7,And do you recognize that as features,221.07550048828125,6.762454430262248,7.788392884229606,6.762454430262248,7.788392884229606,6,7
courtroom,7,I'm thinking it was in this area,88.9102554321289,7.606396675109863,6.47427769520218,7.343163092931111,6.232621192868745,7,7
courtroom,7,"Mr. Nadeau, I'm Megan Baroni and I",102.00126647949219,7.067434410254161,6.672434833112649,7.210036655267079,6.814458565690142,12,7
courtroom,7,And that's a different kind of filter?,47.6295280456543,6.84991370793432,5.573784196201387,6.969334831195218,5.979203379209152,8,7
courtroom,7,Do you remember about how many tanks,200.83517456054688,7.2890214920043945,7.649867916114384,7.2890214920043945,7.649867916114384,6,7
courtroom,7,"I don't remember the ""A"" or ""B"".",25.436298370361328,5.908644757318226,4.668816776439263,5.992472286602216,4.894360048484948,11,7
courtroom,7,"you gave earlier today, is that right?",124.69538879394531,6.627840667963028,6.962263402050555,6.646990197045462,7.243069187719335,8,7
courtroom,7,"holding thousands of gallons each, some different",317.47705078125,5.685133899961199,8.31050815069995,5.625833888848622,8.574662920020836,7,7
twitch,7,"Wait, is this one of you guys?",27.96912956237793,6.911288470029831,4.8057634767182895,6.567143678665161,4.634205968784222,8,7
twitch,7,I don't know it's kind of weird,22.59668731689453,5.103959940606728,4.498039702391212,5.335122461585949,4.79436391279906,8,7
twitch,7,"I think it's because you're weak, Peter.",52.647300720214844,6.19914813041687,5.718286591188351,6.380353518894741,5.319652198497586,10,7
twitch,7,That would be a good one. Yeah,31.08341407775879,6.907836539404733,4.958073595279038,7.215727508068085,4.748709773607469,7,7
twitch,7,Oh I'm coming I hear the roar,158.87649536132812,6.756593670163836,7.311762030195898,6.808882037798564,7.630021902421561,7,7
twitch,7,"Oh, got you, got you, got you.",15.399678230285645,5.996545267105103,3.944827998916891,5.416312064443316,3.4855320126380227,10,7
twitch,7,I got a full B right now,268.136962890625,8.749956846237183,8.06682585099093,8.749956846237183,8.06682585099093,6,7
twitch,7,That's a little bit of cheating bow,198.3789825439453,7.093191146850586,7.631928924507846,6.874631365140279,8.2201418277496,7,7
twitch,7,yeah let's go east let's go east,52.866085052490234,4.510476417839527,5.724270818584429,5.118074322740237,7.273719797735851,8,7
twitch,7,Was gonna do a quick AI wipe,489.5418701171875,8.566218852996826,8.935288005981464,8.566218852996826,8.935288005981464,6,7
twitch,7,I think it's pretty obvious what happened,19.21314239501953,6.374166965484619,4.264021130835891,6.553293228149414,4.444252463352276,7,7
twitch,7,it's a hold down left click attack,611.798095703125,7.956972462790353,9.25691105300454,7.598867177963257,10.083749896325164,7,7
twitch,7,I see an A to the northeast.,288.0725402832031,7.6244610377720425,8.170287552150233,7.6244610377720425,8.170287552150233,7,7
twitch,7,We're fine we can still at dumb,1049.656494140625,5.752452731132507,10.035663275930203,5.2055469155311584,10.219652431513795,7,7
twitch,7,"This is not about the T-Rexes, right?",42.240997314453125,7.372583183375272,5.400572325470193,7.882215775762285,5.21027671693711,11,7
twitch,7,It's baiting. It's baiting for some reason.,19.522472381591797,5.831461749660472,4.287057581385134,5.964475599516716,4.416111586236008,12,7
twitch,7,Don't ask that's what you fucking get,83.82769012451172,6.56217485666275,6.389354723846911,6.2786489725112915,6.80085008180805,8,7
twitch,7,"Oh, he's getting away! He's getting away!",14.06877613067627,6.203890800476074,3.8144246518521445,5.954790149416242,3.688243209187353,11,7
twitch,7,I don't even know what that means.,9.06615161895752,4.771559260552749,3.1804902830193926,5.148782453233642,3.18593267095227,8,7
twitch,7,What did you call these little guys?,47.45951843261719,7.138945170811245,5.568625940272571,7.138945170811245,5.568625940272571,7,7
twitch,7,I don't even know what that means.,9.06615161895752,4.771559260552749,3.1804902830193926,5.148782453233642,3.18593267095227,8,7
twitch,7,"It's somewhere up above me, I think.",67.00825500488281,6.033435026804606,6.06626642410413,5.6375008310590475,5.954290180588321,9,7
twitch,7,"Digging it, digging it, up digging it.",65.75279235839844,6.047118163108825,6.038980219283095,5.581561957086835,5.263891020170433,10,7
twitch,7,where we are on map real quick.,214.01026916503906,7.638477938515799,7.741535834918392,7.638477938515799,7.741535834918392,7,7
twitch,7,he's right behind his bush yeah huge,2040.65966796875,7.699386051722935,10.994814630494139,7.124398946762085,11.65071310189461,7,7
twitch,7,"gang, gang, gang, gang, gang, gang, gang...",5.879359722137451,3.8043925991425147,2.555658507225374,3.567153888089316,3.027744650128475,13,7
twitch,7,Give me a hug before you go!,32.06166076660156,7.060331208365304,5.002777463168031,7.060331208365304,5.002777463168031,7,7
twitch,7,"Oh my God, I know that T-Rex.",30.844314575195312,6.418951964378357,4.946932707616676,6.388960009529477,5.510412555194167,10,7
twitch,7,I just see just jump over here.,414.6506042480469,6.726545197623117,8.695752240338615,6.726545197623117,8.695752240338615,7,7
twitch,7,Are you going to increase bleed resistance?,158.4324188232422,6.477147902761187,7.307701400441061,6.477147902761187,7.307701400441061,7,7
twitch,7,why there's full before ever that's what,324.30853271484375,7.799201399087906,8.341222783636574,8.150888423124949,9.130150659756243,8,7
twitch,7,I'm about to see I cannot attack,218.21408081054688,7.167927299227033,7.76960066799939,6.831615487734477,7.720677421376144,7,7
twitch,7,Look at this guy. It's like anyone,23.233081817626953,6.497623801231384,4.538108371520389,6.894138892491658,5.166485954459142,8,7
twitch,7,We're banned get a boy get up,1874.4156494140625,7.4989383561270575,10.872221735638805,7.2431134780248,10.770287507183872,7,7
twitch,7,Do you have any animal for us?,62.4129524230957,6.818639721189227,5.963773161799838,6.818639721189227,5.963773161799838,7,7
twitch,7,I'm wiggling as fast as I can!,43.988487243652344,4.247466945648194,5.459053643147559,3.6545009329205462,4.807996329382847,10,7
twitch,7,"Gotta be quicker than that, my boy.",67.68094635009766,7.311350610521105,6.0806774448405525,6.981037957327707,5.72060199454563,9,7
twitch,7,Why is your hand not going up?,65.70085906982422,7.857781273978097,6.0378400854832766,7.857781273978097,6.0378400854832766,7,7
twitch,7,I need you to kill me now.,23.75174331665039,6.210970606122698,4.569961497477306,6.210970606122698,4.569961497477306,7,7
twitch,7,I see him in front of us.,26.918865203857422,6.435175699847085,4.750545677145397,6.435175699847085,4.750545677145397,7,7
twitch,7,I had a voodoo range in Tallboy.,681.7073974609375,7.147800869411892,9.413002337759815,7.422317845480783,9.28749068854232,9,7
twitch,7,And we follow Rogue into the first.,918.5916137695312,8.14108405794416,9.843269520654909,8.14108405794416,9.843269520654909,7,7
twitch,7,"I don't know, did I kill it?",30.494577407836914,5.272851566266683,4.93048116952064,5.7323064078976005,5.168347491114412,9,7
twitch,7,You either come out with DLCS five,1836.3004150390625,6.155244963509696,10.84258240776254,6.4246111313502,9.983825001991292,7,7
twitch,7,"We got sucked by bees, we're good.",208.48878479003906,6.458505445056492,7.703825835676946,6.485088620867048,8.47505235853012,9,7
twitch,7,"Down here, down here, look at that.",25.855440139770508,6.355742163128323,4.6923965909603025,6.425268990652902,4.434670076666344,9,7
twitch,7,We were almost devoured by little monsters.,89.18187713623047,7.353320389986038,6.478678280394412,7.880933165550232,7.24901500434877,8,7
twitch,7,Let me say it over and die.,162.10069274902344,4.951168413140944,7.340499327000452,4.951168413140944,7.340499327000452,7,7
twitch,7,I'll come back for some quick nibbles.,86.66461181640625,6.318359401490953,6.437370691820181,6.259930729866028,6.729396527147732,9,7
twitch,7,would you say right this is my,127.81483459472656,6.319430609544118,6.997911690147181,6.319430609544118,6.997911690147181,6,7
twitch,7,"Wait, there's another guy, there's another guy,",9.174293518066406,6.146839607845653,3.1975969162173072,6.310673160212381,3.2223836070719267,11,7
twitch,7,"Okay, here we go, here we go.",7.506200790405273,4.652691960334778,2.9080829470096985,3.780599287578038,2.3258712820140417,9,7
twitch,7,"Oh, just here. Follow me, follow me.",29.070552825927734,5.896875083446503,4.861486489867458,5.3722445113318305,4.282698785228242,10,7
twitch,7,"Oh my god, Trikes, chase him down.",152.90672302246094,5.896100616455078,7.256504267662047,5.915589202018012,5.961255159425961,10,7
twitch,7,"We got to move from here, guys.",45.480228424072266,6.6798467338085175,5.507167750961729,6.822123050689697,5.4183182766867315,8,7
twitch,7,lately to be like seven of them,276.1190185546875,8.510270459311348,8.109145466861571,8.380969206492106,7.667131987604054,7,7
twitch,7,How do I get rid of that?,12.249671936035156,6.461331098207405,3.6146710936296027,6.461331098207405,3.6146710936296027,7,7
twitch,7,I think he's that might be Nick,249.51043701171875,7.21078177860805,7.9629551082798065,7.274148901303609,8.297750815693421,7,7
twitch,7,over the small dino hey hold right,2265.642333984375,9.14793416431972,11.145689722875918,9.221041599909464,10.762472443221265,7,7
twitch,7,we eat very fast to get organs,468.4779052734375,7.455744902292888,8.871836514069514,7.455744902292888,8.871836514069514,6,7
twitch,7,"Well, I was a long time ago.",14.226200103759766,6.741626903414726,3.8304784110334613,6.55102585043226,3.968991691083523,8,7
twitch,7,"I have to pee, I have to.",36.37995529174805,6.345665879547596,5.185071988339159,6.2755431192261835,5.42964668490901,8,7
twitch,7,"Oh, I'm getting wide, I'm getting wide.",17.07748031616211,6.634047399867665,4.094023202122194,6.596885289464678,4.597784719561302,11,7
twitch,7,All of the boys where the bees,308.6835021972656,9.101632436116537,8.269983828680184,9.101632436116537,8.269983828680184,6,7
twitch,7,I'm up here boys I'm up here,85.2159423828125,6.005906954407692,6.413048607473143,5.489108741283417,6.770962432889831,8,7
twitch,7,"Oh my god, is that you pee?",49.626373291015625,6.296413242816925,5.633035012887805,6.430249469620841,5.894232877900288,8,7
twitch,7,"Protect me, I'm trying to figure out",18.08087158203125,6.229206785559654,4.17639223920091,5.991263131300609,4.16249108603412,8,7
twitch,7,That would be my teammate in vision.,216.52862548828125,7.500053133283343,7.75841200448034,7.500053133283343,7.75841200448034,7,7
twitch,7,"Yeah, raw, rar, rar, rar, rar, rar.",14.1819486618042,5.703365246454875,3.825980861235842,5.83158229362397,4.201479746284299,18,7
twitch,7,He just keeps making me eat gasolets.,445.7112731933594,7.201318952772352,8.799939165244034,7.561739739917573,8.377975893429486,9,7
twitch,7,This is the best sense I've died.,128.73483276367188,6.5759831964969635,7.008245005818898,7.103211743491037,6.4824740438805515,8,7
twitch,7,I'm popping open a truly tropical lemonade.,410.9802551269531,7.810220612419976,8.682923233825925,7.829832656042917,8.992408330412035,9,7
twitch,7,There's some gas roads up the road.,196.6918182373047,6.369259804487228,7.6197844940651365,6.240990706852505,7.930690774889987,8,7
twitch,7,I wasn't able to eat that deer.,70.99954223632812,5.73042001016438,6.149735946661621,6.013747273811272,6.711533453191152,8,7
twitch,7,They are maxing out of you man.,187.58828735351562,6.319196790456772,7.551424112560074,6.7326630013329645,8.320113675779279,8,7
twitch,7,These little chicken chickens are fucking me.,288.77227783203125,8.92873021534511,8.17378886266401,8.92873021534511,8.17378886266401,7,7
twitch,7,"Alright I'm coming, I'm coming, I'm coming.",6.619024753570557,4.829338033994039,2.7266185909203635,5.013135841914585,2.926127303405177,12,7
twitch,7,You got a little monkey around here?,79.02398681640625,7.750940050397601,6.304218107574774,7.750940050397601,6.304218107574774,7,7
twitch,7,I'm going to go like that once.,46.48309326171875,6.253169938921928,5.538633735373047,5.834223049027579,5.472672693339716,8,7
twitch,7,"Done good today, boys. Done good today.",52.94746780395508,6.474909252590603,5.726488985839961,6.4093179021562845,5.5480917493088215,9,7
twitch,7,that as a kid and now I,59.55593490600586,7.631465514500936,5.896173244272403,7.631465514500936,5.896173244272403,6,7
twitch,7,Just make it just manage the chicken.,295.6651611328125,7.402413197926113,8.207818802184809,7.402413197926113,8.207818802184809,7,7
twitch,7,That was not peanut. That was me,239.8309326171875,6.156662719590323,7.9058205671372574,6.62438749273618,8.165768762517722,7,7
twitch,7,Deep in this guy's ass. I could,57.86402893066406,7.6986663937568665,5.854594910280865,8.106932322184244,6.492856797414387,8,7
twitch,7,I'm chosen to I'm chosen to yeah,215.11093139648438,6.652213662862778,7.748933544311663,6.20701789855957,7.918959336344254,8,7
twitch,7,"Oh, oh, what's up with yours, dear?",29.80718231201172,5.934810465032404,4.897587982997965,5.735593114580427,5.125360331866036,11,7
twitch,7,"seconds a day. No, I think you",28.346738815307617,6.516960918903351,4.825110508580928,6.287220358848572,4.9183850289523905,8,7
twitch,7,Don't you worry. We're oral farming. Oh,177.0885772705078,6.283634328842163,7.468254145045333,6.294008533159892,8.217339156988354,10,7
twitch,7,"Nick, you go, I'm already down here.",41.64647674560547,7.533699989318848,5.380122579440955,7.208463021687099,5.410954835718928,10,7
twitch,7,You guys have to say about that?,72.7934341430664,7.898709774017334,6.185736708576157,7.898709774017334,6.185736708576157,7,7
twitch,7,"What you know, what's this right here?",47.88859558105469,6.107829941643609,5.581610367484999,6.141180106571743,5.736266246819744,9,7
twitch,7,He likes to have between my jaws.,643.77978515625,6.973090580531529,9.330421306060439,6.973090580531529,9.330421306060439,7,7
twitch,7,You pushed me while we were running?,153.20069885253906,6.200222287859235,7.259278118588603,6.200222287859235,7.259278118588603,7,7
twitch,7,"Oh, that guy's killing one of ours.",46.26087951660156,6.305935409333971,5.531720457009917,5.772250209535871,5.532924553329529,9,7
twitch,7,Because we got let's get some food,173.0991973876953,7.127280201230731,7.435454816191738,7.516202787558238,7.648709231740621,7,7
twitch,7,"Oh my god, I think it's huge!",27.727081298828125,5.513315015368992,4.793224455058124,5.578211920601981,4.999431615526781,9,7
twitch,7,let's not just dunk at the animations,917.483642578125,7.720152275902884,9.841523944297077,7.066952665646871,10.232560007037781,7,7
twitch,7,I said you're gonna kill that guy.,36.54856491088867,6.996028244495392,5.191742747019646,6.99695611000061,5.30053118890404,8,7
twitch,7,This is a little guy with him,111.93863677978516,7.898843924204509,6.806564442011848,7.898843924204509,6.806564442011848,6,7
twitch,7,"Oh, me and his all over fought.",303.8788146972656,7.749782025814056,8.247347658493151,7.571492842265537,8.421560641550872,8,7
twitch,7,"All right, go get your god mode",198.6676025390625,7.6652238709586005,7.6342127163404445,7.9343330065409345,8.030234584788296,7,7
twitch,7,"Wait, oh, this is why? Holy shit?",67.78559112548828,6.708347511291504,6.082906818082106,6.448562383651733,5.6749749918169465,10,7
twitch,7,It's really migrated to like fuck. Oh,769.817138671875,7.935793697834015,9.58819839864616,7.825000325838725,10.876950817466051,8,7
twitch,7,i think you're going for a shit,94.43413543701172,6.927827920232501,6.561236159747224,6.974140385786693,7.124100932492816,7,7
twitch,7,Giant fucking stegosaurus and other fucking mixbackers.,471.0013427734375,8.786796033382416,8.879584724465643,9.57317816643488,9.448904278575126,12,7
twitch,7,"Oh, it used to be real quick.",33.338722229003906,5.438860347494483,5.059126725817827,4.930439495614597,5.18636568221902,8,7
twitch,7,There's a mud pit right above us.,64.60218048095703,6.390871644020081,6.013508768844151,6.265689952032907,6.367105802074546,8,7
twitch,7,We need that guy just bit me,723.1031494140625,6.435545206069946,9.498056751634492,6.435545206069946,9.498056751634492,6,7
twitch,7,The cash is where are you fucking?,411.32196044921875,7.239041532788958,8.684124020849763,7.239041532788958,8.684124020849763,7,7
twitch,7,You guys have any mutations or no?,524.293701171875,7.110783236367362,9.034228592288562,7.110783236367362,9.034228592288562,7,7
twitch,7,"Okay, yeah, it's me. I'm inviting you",18.840402603149414,6.040147326209328,4.235757400561192,5.905270953973134,3.953092477702926,11,7
twitch,7,We already go to the four zones?,376.638671875,7.830387115478516,8.557036950073591,7.830387115478516,8.557036950073591,7,7
twitch,7,That's what was happening to me now.,20.516902923583984,6.195105046033859,4.358740754353758,5.879470075879778,4.3658020966495865,8,7
twitch,7,crush okay and pin right click knocks,9796.6474609375,8.224800791059222,13.25802107276137,7.846571604410808,12.995405814798708,7,7
twitch,7,Where's your where's your where's it bastard?,126.994873046875,7.211378002166748,6.988622118700308,7.337039811270578,7.729158258925916,10,7
twitch,7,There's another big one on the hill.,41.29482650756836,6.90425431728363,5.367888809192335,6.85241300719125,5.301665007369763,8,7
twitch,7,"other guy. Oh, if you know what",52.345550537109375,6.416866362094879,5.709994482639212,6.567186673482259,5.794502621063118,8,7
twitch,7,We are playing the LT Rex remember?,1434.081787109375,8.490545885903495,10.485901433690227,8.490545885903495,10.485901433690227,7,7
twitch,7,"Yeah, yeah, yeah, I'll get the front.",23.33850860595703,6.333003412593495,4.544640367782976,6.688800283840725,5.151779192277185,11,7
twitch,7,"And there's a dinosaur over here, too.",38.99680709838867,5.815508895450169,5.285283609584798,5.914143885884966,6.048117017263651,9,7
twitch,7,"Yeah, I don't know. I don't know.",3.4521632194519043,4.256533556787128,1.7875005579884726,4.390496440564415,1.9603490656580986,11,7
twitch,7,"Oh, I teleported myself to you, whoa.",75.78575897216797,6.303708184849132,6.243844993894902,6.2083408662251065,7.086384968878627,11,7
twitch,7,I'll scan him out of the open.,119.77168273925781,6.95382958650589,6.9041429339111975,6.650484664099557,6.246668889223145,8,7
twitch,7,"Okay, okay. Oh would you eat me?",58.334716796875,5.587443775600857,5.866281838094272,5.274477873529706,6.0042599033372595,9,7
twitch,7,"No, hold it down, hold it down.",14.112065315246582,5.2772970994313555,3.818856962909381,4.564147540501186,3.13501609427148,9,7
twitch,7,You mean Frames in not deal SSP?,5508.2080078125,8.757014453411102,12.427235312081407,8.701860427856445,13.256385646319563,8,7
twitch,7,"Okay, go up left, go up left.",41.22861099243164,5.169610301653544,5.365573735713095,4.619358829089573,5.64817354894286,9,7
twitch,7,"Get the trees. No, no come come",488.0013122558594,7.824267506599426,8.9307343487405,7.906698703765869,10.07373707705115,8,7
twitch,7,I see him. I see the deer.,52.93659973144531,7.7013099193573,5.7261937330842745,7.7347323553902765,5.995580293038843,8,7
twitch,7,"Hold on a second, I'm fully accrued.",164.50869750976562,8.158646742502848,7.361982732954274,8.26005847113473,7.8214833492957885,9,7
twitch,7,You can't go out to the water.,30.565343856811523,7.29574054479599,4.933824456306831,7.24554579598563,4.967169595941383,8,7
twitch,7,Can't spawn rogue we're both males I,2431.238037109375,8.522250473499298,11.247470210646508,8.516466816266378,11.801148053549861,8,7
twitch,7,"Alright, this one's Jama, this one's Jama.",47.49185562133789,5.713978740301999,5.5695640210753785,5.44495307973453,4.981544023336021,11,7
twitch,7,Sounds like Simba fucking growlin' at Lufasa.,575.2227172851562,7.25908546646436,9.167975035386204,7.756787975629171,10.31207750139423,12,7
twitch,7,"Now let's keep moving, I'll just starve.",76.11554718017578,6.0808443307876585,6.250118121275698,6.359689320836749,7.010248024573356,10,7
twitch,7,i don't think i can eat those,74.82301330566406,6.828992298671177,6.22541010220973,7.215657591819763,6.904879046781297,7,7
twitch,7,Guys we can't boost ourselves to big,242.5668182373047,8.109500885009766,7.922238062307546,7.920581022898356,7.352889992878107,8,7
twitch,7,Application of that shit just doesn't work,73.39266967773438,7.23443377151021,6.197563712690487,7.997489761095494,7.033395074644951,7,7
twitch,7,I'll always back it back some health.,570.275146484375,6.435064792633057,9.155513760989084,6.057610613959176,9.243886839923052,8,7
twitch,7,"Oh, he's not going to do it.",9.032724380493164,6.382045216030544,3.175161377151586,5.91668793133327,2.9515632008947823,9,7
twitch,7,"Chicken, chicken, chicken, chicken, chicken, chicken, chicken.",4.2468695640563965,4.391899090546828,2.0863996952772585,4.121459811925888,2.4515175684872825,13,7
twitch,7,I got an extra snack for us,190.18382263183594,8.064308087031046,7.571250557417208,8.064308087031046,7.571250557417208,6,7
twitch,7,Are you guys still near the water?,90.81069946289062,7.763916015625,6.504790258164422,7.763916015625,6.504790258164422,7,7
twitch,7,I'm gonna put that much in it.,80.44154357910156,7.0752012729644775,6.329869206780872,6.773687430790493,6.195056897009798,8,7
twitch,7,Growth rate 74 and I'm at 40.1,370.615966796875,7.210596656799316,8.533780617476504,6.992184128080096,9.21776905831483,10,7
twitch,7,I'm the one I'm the one sniffing,58.00137710571289,6.642980999416775,5.858014572117107,6.210526772907802,5.8760569842609245,9,7
twitch,7,easy as that one guy that attack,363.99859619140625,7.542073011398315,8.507787092927577,7.542073011398315,8.507787092927577,6,7
twitch,7,He's like 30 feet away from us,35.479488372802734,6.329153708049229,5.148913158689018,5.825266758600871,5.0383394671152555,7,7
twitch,7,"Boys, I was so close to dying.",47.61359786987305,7.691431469387478,5.573301393950041,7.132445971171061,4.962091707409785,9,7
twitch,7,Thank God there we go fucking snack,3856.6826171875,6.048463861147563,11.913130454439482,6.048463861147563,11.913130454439482,6,7
twitch,7,"No, he's not, he's not, he's not.",5.421115875244141,5.579100242027869,2.4385899322716598,5.509555918829782,2.4316377910888782,13,7
twitch,7,Kill everyone that is smaller than us!,86.04256439208984,6.879800421851022,6.42697804696279,6.879800421851022,6.42697804696279,7,7
twitch,7,I've got 160% growth rate right now.,81.76900482177734,6.264121784104241,6.3534810121816925,5.58085708958762,6.152246973575861,9,7
twitch,7,"No, you're back in get back in",94.48674011230469,6.466707646846771,6.562039879537844,6.156135559082031,6.881102007399671,8,7
twitch,7,It's you there peanut you're there bear,951.3740234375,7.141912072896957,9.893756740347406,6.833326657613118,11.216697046253357,8,7
twitch,7,"Okay, I gotta get in the bush.",41.950565338134766,6.544597864151001,5.390618319353682,6.273902211870466,5.732474682981348,8,7
twitch,7,We're right here by the Highland Lake.,204.70314025878906,7.178569495677948,7.677387595092245,6.9135240486689975,7.557141875143948,8,7
twitch,7,Go toward the apples on your cube.,395.2196350097656,8.028005736214775,8.626506843873424,8.028005736214775,8.626506843873424,7,7
twitch,7,Hop on my back and follow up.,83.90931701660156,7.8469447408403665,6.390758389631357,7.8469447408403665,6.390758389631357,7,7
twitch,7,I could set your hunger to zero.,117.5940170288086,7.727634361812046,6.877670390038843,7.727634361812046,6.877670390038843,7,7
twitch,7,"Oh, I need to eat Sarah then.",110.09236145019531,6.5371973514556885,6.7825694789431346,6.185681785855975,7.265736722698894,8,7
twitch,7,"Well, I bit the next to about",551.6400756835938,6.105906690870013,9.107576502574803,5.77758542696635,10.148691677890097,7,7
twitch,7,"No, no, no, no, watch the bottle.",20.38496208190918,5.966089205308394,4.349433156739842,6.3628455230167935,4.842715696584942,11,7
twitch,7,"One second, we're currently on the run.",45.415733337402344,7.795539167192247,5.50512012950348,7.721236365182059,5.555255403052121,9,7
twitch,7,She told me not to drink them.,58.44934844970703,5.863126235348838,5.869114754930755,5.863126235348838,5.869114754930755,7,7
twitch,7,"Now, pookie, I'll bring you some food.",50.66671371459961,7.640721191059459,5.662966065885716,7.258544467744373,4.758461607723143,11,7
twitch,7,Got an organ. I got an organ,35.163631439208984,6.624684606279645,5.136012151959294,6.511243104934692,5.294981998630171,7,7
twitch,7,This is what's gonna happen to you.,16.505939483642578,6.380847334861755,4.044913113168313,6.335510185786656,3.620714106156123,8,7
twitch,7,"Oh no, you get your own organ.",74.07142639160156,7.697723090648651,6.210845680611772,7.991834947041103,6.6945887343229105,8,7
twitch,7,Some trunks you're going to fuck off.,92.15283966064453,6.1309093832969666,6.5259564743446985,6.050236250673022,6.819386932586312,9,7
twitch,7,You got to get about my nipples.,116.96906280517578,7.7976564679827005,6.869983107304527,7.7976564679827005,6.869983107304527,7,7
twitch,7,You're fighting the wrong thing with shallow,271.90325927734375,7.503059591565814,8.086947692589465,7.196500142415364,7.929868530103903,7,7
twitch,7,We have to get out of here.,9.685395240783691,6.4900790963854105,3.2758108768105885,6.4900790963854105,3.2758108768105885,7,7
twitch,7,Did you do anything to cancel it?,32.625,6.280063084193638,5.027906006950173,6.280063084193638,5.027906006950173,7,7
twitch,7,"Oh my god, I'm in a freak.",32.97734451293945,6.288832426071167,5.043403328563844,6.443584663527353,5.673923012441606,9,7
twitch,7,"No, no, no, no, no, no, no.",3.0413031578063965,4.490549105864305,1.604689528136475,4.37779176235199,1.675649665715983,13,7
twitch,7,"Yeah, yeah, yeah, yeah, yeah, yeah, yeah.",3.296884298324585,4.0957289567360515,1.7211033539379426,4.000886057104383,1.7675445609148903,13,7
twitch,7,We have no idea. We can't see.,20.172588348388672,6.256921609242757,4.334324202828021,6.657769441604614,4.457508237225818,9,7
twitch,7,you just took a bite of your,48.483055114746094,7.21886161963145,5.599408922432836,7.21886161963145,5.599408922432836,6,7
twitch,7,You're one organ for P. Got it,1113.27392578125,7.3230931758880615,10.120579573732048,6.832105120023091,10.463238637155538,8,7
twitch,7,I see you on my map now.,57.48259353637695,7.469796112605503,5.84505292986082,7.469796112605503,5.84505292986082,7,7
twitch,7,"Oh, we're good. We are we going?",59.06097412109375,5.994037628173828,5.884133263714304,5.580153942108154,6.697045385899877,10,7
twitch,7,I'm dispersing this group with two barbells.,148.9276885986328,7.027710459449074,7.2184073539986136,7.412038593065171,7.824053559018607,11,7
twitch,7,you know you got my powers let's,213.56661987304688,6.409181714057922,7.738542289941585,6.409181714057922,7.738542289941585,7,7
twitch,7,Are you this little one right here?,97.03376007080078,7.031674930027553,6.600415273840481,7.031674930027553,6.600415273840481,7,7
twitch,7,"Boom, bam right here bees and Y's",804.8375244140625,7.734232330322266,9.652543755294767,7.366241466431391,10.020764541645855,10,7
twitch,7,"No bro, I might actually die here.",119.14419555664062,7.186392843723297,6.896563862586611,7.098186867577689,7.455558566434641,8,7
twitch,7,He has a partner fine. I saw,214.2411346435547,7.359784739358084,7.743085438556699,7.545670986175537,8.46022808274454,7,7
twitch,7,I chucked it by a baby owl.,184.97586059570312,7.4768452644348145,7.531192818077924,7.7281418187277655,8.042140843857487,8,7
twitch,7,When you have something in your mouth?,51.56770706176758,7.019249303000314,5.688395578861914,7.019249303000314,5.688395578861914,7,7
twitch,7,Do we do the throw up method?,227.3507843017578,7.108690466199603,7.828774419047088,7.108690466199603,7.828774419047088,7,7
twitch,7,The lead dev over at the Isle...,1985.8455810546875,8.601009028298515,10.955534289081141,8.601009028298515,10.955534289081141,7,7
twitch,7,"Oh, he's being Manganized, he's being Manganized.",32.70629119873047,6.328743720054627,5.031325854349542,7.225639558973767,6.804828602980058,15,7
twitch,7,What the hell is laddering and glitching?,96.71580505371094,6.6115827560424805,6.595578102718156,6.701650244849069,7.295748001961258,9,7
twitch,7,"No, you don't know my son hurts.",51.6640510559082,5.869670565447046,5.69108637447683,5.848029895885182,6.400802563313059,9,7
twitch,7,"Oh my God, that thing is huge.",19.34278678894043,5.939287334680557,4.273723654618302,6.054293189729963,4.518438213270761,8,7
twitch,7,"Wait, are you just behind here, guys?",67.98677062988281,6.226703643798828,6.08718195387795,5.715725115367344,6.1411928192506595,9,7
twitch,7,"Don't get it. Well, you'll get one",26.03310203552246,6.0176100730896,4.702275378092059,5.77006475130717,4.866398879656162,10,7
twitch,7,I don't think he's on a diet,21.99172592163086,6.31027328199707,4.458888817373957,6.9090882885890705,4.92609879484499,8,7
twitch,7,"Oh, the bees were somewhere out here.",137.0705108642578,7.295701742172241,7.098773879930258,7.052543946674892,7.393767126587345,8,7
twitch,7,"Oh, I hear them out of here.",62.81422424316406,6.611055552959442,5.973019065136261,6.270091159003122,6.3405362497767515,8,7
twitch,7,"Lot of dead dinosaurs here. Careful, P.",110.97085571289062,8.033862423896789,6.794035996974205,8.741633074624199,7.119994789412635,10,7
twitch,7,And I still eat him on full.,404.2392883300781,7.164251463753836,8.659065884781878,7.164251463753836,8.659065884781878,7,7
twitch,7,"Yeah, my Sam's also depleted Nick. I'm",286.12908935546875,7.562445831298828,8.160517004703381,7.49497297831944,9.492073025628311,10,7
twitch,7,Kind of like a cool bow hog.,238.3329315185547,9.599539756774902,7.896830837998334,9.599539756774902,7.896830837998334,7,7
twitch,7,Who can't roll their arms we mean,358.9323425292969,6.785718134471348,8.487567559850422,6.669811884562175,8.618374212765394,7,7
twitch,7,"Hey, God, all these tendons are chill.",112.2587661743164,6.917964816093445,6.810682689303681,7.044714161327907,7.505888280174365,10,7
twitch,7,The hell is Rogue dealing with it?,218.9656982421875,6.3525324038096835,7.774556919577349,6.3525324038096835,7.774556919577349,7,7
twitch,7,Listen to the sound of the deer.,47.37152099609375,8.792427744184222,5.565948301499813,8.792427744184222,5.565948301499813,7,7
twitch,7,Tell him to go fight that trike.,165.4440460205078,7.6330753564834595,7.37019692779616,7.8548146315983365,7.911037664303209,8,7
twitch,7,"Okay, I think I just got poisoned.",33.58271026611328,6.785763144493103,5.069646310822812,6.5495196751185825,5.365649530374639,8,7
twitch,7,I'm so sitting here stuck there goes,801.071533203125,6.192548888070243,9.645781527549124,5.693674008051555,10.1352320935696,7,7
twitch,7,look at him he's in this bush,228.59088134765625,7.860263960702079,7.836623340793037,7.858280936876933,8.352086110274277,7,7
twitch,7,"This way Michelle, who's that guy? Yeah",249.345703125,7.580396334330241,7.961988462670476,7.824137886365254,8.96469599582147,9,7
twitch,7,"Oh, right here on me, got him.",96.89352416992188,6.755201896031697,6.598328510330736,6.399676697594779,6.792229529853688,9,7
twitch,7,Did you hide a little guy's rug?,293.09063720703125,7.053309321403503,8.195200800943649,7.100439037595477,7.8772329312911,8,7
twitch,7,"Oh, you sure these are the allosaurus?",112.35944366455078,7.641835318671332,6.811977366895442,7.584542240415301,6.874567800715348,9,7
twitch,7,We have to get primed right now.,86.81322479248047,6.388788563864572,6.439824666411573,6.388788563864572,6.439824666411573,7,7
twitch,7,"Little Piggy, you like that little Piggy?",84.73893737792969,7.688912487030029,6.404953030232045,8.102745725995018,7.370095012466644,10,7
twitch,7,I got someone new on my team.,60.27190017700195,6.946968964168003,5.913413596819621,6.946968964168003,5.913413596819621,7,7
twitch,7,"Just keep losing, he teleports a lot.",201.17543029785156,6.443699677785237,7.652308707864606,6.680649995803833,8.370061201214346,9,7
twitch,7,He's like right behind this big rock.,108.73112487792969,7.337259232997894,6.764621417033846,7.049371208463397,6.90065943259131,8,7
twitch,7,they are messing with the gang buddy,515.714111328125,7.940891861915588,9.010424702923293,7.940891861915588,9.010424702923293,6,7
twitch,7,I'm assuming you dropped that right there.,87.17748260498047,6.646938502788544,6.445883482285237,6.28424426487514,6.118865168779602,8,7
twitch,7,"There's a tyrannosaurus rex on me, boys.",93.55258178710938,5.020218624648723,6.547703193681204,5.1555482769118885,7.247282641302382,11,7
twitch,7,I can't I don't want to bite,47.077938079833984,5.890090671367943,5.556978877575068,6.255205371106665,5.889512174206344,8,7
twitch,7,"Yep, it's like a two minute cooldown.",38.830726623535156,7.475639820098877,5.279126771362915,7.592936652047293,5.748713008323813,9,7
twitch,7,"Oh, we're so serious right now, guys.",21.217639923095703,5.774735245108604,4.407191797322662,5.213465464966638,4.308158061107611,10,7
twitch,7,"No muscle spasms, you're good on that.",51.34867477416992,6.471416866779327,5.682254993778345,6.704800009727478,6.606149917334063,10,7
twitch,7,your balls for you. Holy shit! Nine!,218.42822265625,7.705548286437988,7.771014914729483,8.086292334965297,7.536963479051119,9,7
twitch,7,We have five reserve slots for us,232.61810302734375,8.50124454498291,7.86181835562783,8.50124454498291,7.86181835562783,6,7
twitch,7,That guy was just making a mountain!,234.5062713623047,7.187444772039141,7.873482470507048,7.187444772039141,7.873482470507048,7,7
courtroom,8,the burning was a guy named Bud Larochelle.,332.4138488769531,8.087961721420289,8.376836083684298,8.715969661871592,9.379019123974146,10,8
courtroom,8,"Mr. Nadeau, it's been about a week or",33.201141357421875,6.503219028313954,5.053160951544991,6.030613047736032,4.928261610586274,12,8
courtroom,8,"worked for Metro-Atlantic and NECC, you worked as",572.932861328125,7.6893639456142076,9.162220825013497,7.782230712118603,9.985899534027201,11,8
courtroom,8,And people in those days used to take,53.85606384277344,6.931354233196804,5.751037112973032,6.931354233196804,5.751037112973032,7,8
courtroom,8,When you said the back part of the,69.08263397216797,7.260025330952236,6.1102510601678475,7.260025330952236,6.110251060167847,7,8
courtroom,8,"long it was going on, I don't know.",17.641767501831055,5.344358709733934,4.1409237277090964,5.727525251160841,4.7055844854255655,10,8
courtroom,8,The tanker pulled up to the -- the,297.0078125,8.283753599439349,8.214344425433739,8.283753599439349,8.214344425433739,7,8
courtroom,8,And I believe you testified as to how,102.03093719482422,6.349945408957345,6.672862780274594,6.349945408957345,6.672862780274595,7,8
courtroom,8,And do you recall that was testimony you,208.8582305908203,6.841703074319022,7.706379347158723,6.841703074319022,7.706379347158722,7,8
courtroom,8,"my hand this 27th day of June, 2013.",93.12113952636719,6.9623377323150635,6.541034825366516,6.916376769542694,7.038615875105561,10,8
courtroom,8,The time period when you were working at,62.09783935546875,7.996116570063999,5.956471708065307,7.996116570063999,5.956471708065307,7,8
courtroom,8,"Where they went from that point, if that's",40.60696792602539,7.421060774061415,5.343655183265655,7.6051822900772095,5.3259883374591315,9,8
courtroom,8,Do you remember what kind of work they,38.55448532104492,6.374255924352577,5.2688266791485905,6.374255924352577,5.26882667914859,7,8
courtroom,8,could not see to the bottom of that.,39.97958755493164,6.843026086688042,5.321191463506862,6.843026086688042,5.321191463506862,8,8
courtroom,8,Would you agree that the river was to,72.16075134277344,8.160204478672572,6.173142139606702,8.160204478672572,6.1731421396067025,7,8
courtroom,8,And that was the way you would dump,92.09779357910156,7.652001449040005,6.525092757592312,7.652001449040005,6.525092757592312,7,8
courtroom,8,I think the last two stints were at,86.5157241821289,6.9005833230912685,6.434889969637997,7.484264882547515,7.070462855675359,8,8
courtroom,8,And that was your best memory at that,96.63652038574219,7.371395621980939,6.594496537690796,7.371395621980939,6.594496537690797,7,8
courtroom,8,"assuming, and the windows were sitting upon that.",165.3560333251953,8.930198510487875,7.369431456362682,8.793958246707916,7.704623870161667,9,8
courtroom,8,through 16 on the page I just handed,331.1422119140625,8.789642810821533,8.371307427204805,8.789642810821533,8.371307427204805,7,8
courtroom,8,"And at the time of your deposition, in",36.60060501098633,6.1228983998298645,5.193795772500561,6.329126238822937,5.353108138449596,8,8
courtroom,8,here across from the maintenance area right along,331.4088439941406,7.2936128207615445,8.372467760572706,7.2936128207615445,8.372467760572706,7,8
courtroom,8,approximation of how long that product was being,170.11978149414062,7.496736261579725,7.410405939025312,7.390689463842484,7.353306052685781,9,8
courtroom,8,And do you see marked on the map,101.96581268310547,7.159940651484898,6.671935553228431,7.159940651484898,6.67193555322843,7,8
courtroom,8,And what level of the building was that?,69.0722885131836,7.256636768579483,6.110034995178529,7.256636768579483,6.110034995178529,8,8
courtroom,8,"drains that you described, do you remember the",107.10237884521484,7.335065417819553,6.742846418670135,6.969475337437221,6.452349688358522,9,8
courtroom,8,It was hauled out the top of the,62.80922317504883,5.673182078770229,5.9728961250602906,5.673182078770229,5.9728961250602906,7,8
courtroom,8,"So that when they were filled, was there",122.08541107177734,6.989450991153717,6.931746961316424,7.295962265559605,7.117683949515609,8,8
courtroom,8,What can you tell me today having been,66.33381652832031,5.21004673412868,6.051671920292745,5.21004673412868,6.051671920292743,7,8
courtroom,8,building change color after you washed the floor,1585.986328125,7.778604030609131,10.631152273738733,7.778604030609131,10.631152273738731,7,8
courtroom,8,"How far down they go, I don't remember.",16.838544845581055,5.257166614755988,4.073695218333309,5.601008081575856,4.392479364497865,10,8
courtroom,8,impeachment you -- you are attempting to impeach,211.26568603515625,6.98232918381691,7.7229139209514726,6.39837925384442,6.700892695172632,10,8
courtroom,8,"wall left to right, whatever compass point we're",310.12432861328125,7.882375081380208,8.276700066300323,7.905966490507126,8.096191548652307,9,8
courtroom,8,I think the removal area is drums would,2151.65087890625,6.841887133462088,11.071056142634927,6.841887133462088,11.071056142634925,7,8
courtroom,8,material that was chipped out of the vessels?,100.78849792480469,7.532405429416233,6.655187083420034,7.851954966783524,6.946504417655689,9,8
courtroom,8,removed from the drums that were brought into,134.32431030273438,8.98869127035141,7.069575260770266,8.781781332833427,6.901257949972979,8,8
courtroom,8,And do you recall what was done with,42.65087127685547,5.9478068351745605,5.414503078550122,5.9478068351745605,5.414503078550122,7,8
courtroom,8,"piece of real estate trucks were unloaded, drums",592.9535522460938,8.336702167987823,9.211769051420639,8.565488815307617,9.05786018324087,8,8
courtroom,8,Did you ever see drums that couldn't be,78.07968139648438,6.253589435014874,6.286865300014365,6.690996944106051,7.019130687023775,8,8
courtroom,8,"Metro-Atlantic or NECC, did you ever see dioxin?",169.2993621826172,7.927771210670471,7.403432616028414,7.565794875224432,7.839440224587099,14,8
courtroom,8,one of the summers that I wasn't there.,40.49709701538086,6.593870590440929,5.339742626299893,6.944903941999655,5.700281532909726,9,8
courtroom,8,Some were -- there was a hose that,199.4910125732422,7.9188544409615655,7.6401774325054435,7.9188544409615655,7.640177432505444,7,8
courtroom,8,rolled and put back into an acceptable shape.,66.04127502441406,7.886839747428894,6.045295520956923,7.886839747428894,6.045295520956923,8,8
courtroom,8,"And when you say they weren't far apart,",58.51420974731445,5.963315525506106,5.870715653535115,6.103191814676393,5.855662119759284,9,8
courtroom,8,directors or any of the management of the,48.2520637512207,7.890147805213928,5.592518358259911,7.6299302237374445,5.123057342362794,8,8
courtroom,8,"recollection now that you've read that, where the",158.21861267089844,7.649765729904175,7.305773831213583,7.527944190161569,6.7214570741657065,10,8
courtroom,8,I never looked at that by the way.,40.00748062133789,7.051981836557388,5.3221976615637185,7.051981836557388,5.3221976615637185,8,8
courtroom,8,"you gave -- not the deposition, the trial",324.55328369140625,8.041845798492432,8.342310028000249,8.439235176358904,8.996290376430181,8,8
courtroom,8,Was the land level or did it slope?,115.93296813964844,7.985623002052307,6.857146976081877,7.985623002052307,6.857146976081877,8,8
courtroom,8,And did you ever see any substance that,46.27082061767578,7.348170621054513,5.532030795451526,7.348170621054513,5.532030795451527,7,8
courtroom,8,So you recall testifying in 2002 that it,258.2147216796875,6.536348751613072,8.012424883422154,6.536348751613072,8.012424883422154,7,8
courtroom,8,"It had steps on one side, I believe.",99.45447540283203,5.978215508990818,6.635959449907855,6.106050804257393,6.740316619384579,9,8
courtroom,8,There was nothing for us to do outside.,25.2816162109375,5.551817983388901,4.660016381253871,5.551817983388901,4.660016381253871,8,8
courtroom,8,line pointing to an area inside the building?,111.7973861694336,7.478066444396973,6.8047409450018606,7.478066444396973,6.8047409450018606,8,8
courtroom,8,And you wouldn't be able to say where,23.283771514892578,5.170039135846309,4.54125263453356,5.536028678329395,4.93167537790606,8,8
courtroom,8,"Where it went from that, I don't know.",13.784781455993652,5.890958562400192,3.785004703908077,6.264366323070135,4.289645809360929,10,8
courtroom,8,"worked for New England Container one summer, maybe",1419.3680419921875,7.320092618465424,10.47100514656962,7.39307359286717,10.888710698567163,8,8
courtroom,8,a number at the bottom of the page?,24.28643035888672,5.688673570752144,4.602078496022257,5.688673570752144,4.602078496022257,8,8
courtroom,8,Why don't we go the other way because,23.762788772583008,4.886258860118687,4.570632481395744,5.366737636604479,5.1074704611228645,8,8
courtroom,8,"believe, shared because they were always in one",215.61062622070312,7.756126403808594,7.752283863000264,7.537737710135324,6.8567277419858454,9,8
courtroom,8,"about Mr. Buonanno and the family, the Buonanno",34.16575241088867,6.689895701408386,5.0944787575620625,8.103006375332672,6.5146430267548325,15,8
courtroom,8,colleague John Peloso was here during your last,1297.67529296875,7.699273692237006,10.341712717870136,7.61160557610648,9.973890896086752,9,8
courtroom,8,"L-E-S-H-A-K, and I'm an intern with the Department",24.407384872436523,7.196903115824649,4.609245504773021,8.580710413910094,5.520607323386298,19,8
courtroom,8,Last time you were here a couple of,42.196678161621094,7.096174001693726,5.399057504761066,7.096174001693726,5.399057504761067,7,8
courtroom,8,a certain amount of drums stored in that,335.2081298828125,7.236356496810913,8.388901286364217,7.236356496810913,8.388901286364217,7,8
courtroom,8,The storage tanks on the outside of the,37.42168426513672,6.868878671101162,5.2258021943900514,6.868878671101162,5.2258021943900514,7,8
courtroom,8,where heavy equipment could be brought in through,62.16853332519531,6.984967436109271,5.958112183724775,6.984967436109271,5.958112183724775,7,8
courtroom,8,It would have been in this area here,88.12320709228516,6.864021880286081,6.461450499867401,6.864021880286081,6.461450499867399,7,8
courtroom,8,washed off the basement floor came from the,102.4974594116211,7.45827225276402,6.67944430525218,7.45827225276402,6.67944430525218,7,8
courtroom,8,Do you know if that was a door?,43.33975601196289,7.0630271434783936,5.437618861477494,7.0630271434783936,5.437618861477494,8,8
courtroom,8,that you recall that the tailrace changed color?,904.1725463867188,8.205221811930338,9.820453410365765,8.308058381080627,9.319171430522355,9,8
courtroom,8,"When they came back with bad drums, did",182.6560516357422,6.5088964104652405,7.5129842928382065,6.664166450500488,7.74875107625425,8,8
courtroom,8,The pit was a holding area or a,184.98944091796875,8.389766693115234,7.531297527618837,8.389766693115234,7.531297527618837,7,8
courtroom,8,Would that be the place where liquid was,68.73099517822266,7.596090453011649,6.102887466304456,7.596090453011649,6.102887466304456,7,8
courtroom,8,"Now, it's important for us to get some",13.208708763122559,5.801764580938551,3.7234172891680686,5.3746777432305475,3.7846369556321853,9,8
courtroom,8,"Now, you have the word -- an arrow",142.8925323486328,8.029812693595886,7.15878722652795,7.904181241989136,7.567651981937208,8,8
courtroom,8,Along that river in that -- on that,471.0628967285156,8.337675094604492,8.879773097364533,8.337675094604492,8.879773097364534,7,8
courtroom,8,"there, the building that you've identified as the",53.36501693725586,8.036823007795546,5.737822535292219,8.003065688269478,5.683627802875906,9,8
courtroom,8,Just read those to yourself and I'll ask,152.67103576660156,6.938795864582062,7.2542825419610235,7.1030755043029785,7.572820875302631,8,8
courtroom,8,And were the storage tanks on the left,108.94847106933594,9.07450989314488,6.767500371463403,9.07450989314488,6.767500371463403,7,8
courtroom,8,What caused that -- if you ask me,90.44588470458984,7.254156930106027,6.498982558140308,7.254156930106027,6.498982558140308,7,8
courtroom,8,Do you recall about how deep they were?,111.8770523071289,6.817081272602081,6.8057696429490715,6.817081272602081,6.8057696429490715,8,8
courtroom,8,marked as the next exhibit to this deposition?,721.1648559570312,8.42163199186325,9.49416801779698,8.42163199186325,9.49416801779698,8,8
courtroom,8,unload those trucks and we'd pull the plastic,416.4819641113281,8.062746259901258,8.702109844592563,8.08203901563372,8.425633046273997,9,8
courtroom,8,recollection of what was done in process area,570.7577514648438,7.941900134086609,9.156732097677846,7.654788630349295,8.928667309667295,8,8
courtroom,8,I want to turn to your discussion with,77.92948913574219,7.4394873550959995,6.284096775484355,7.4394873550959995,6.284096775484353,7,8
courtroom,8,If you could look again at your Home,140.7357635498047,6.841030767985752,7.136845116046875,6.841030767985752,7.1368451160468735,7,8
courtroom,8,"problem, the crew would go to either/or buildings.",152.22557067871094,7.496777100996538,7.250066582403094,7.604383329550425,7.097902952635011,11,8
courtroom,8,feed him the drums was approximately where you,1108.327880859375,7.859794752938407,10.114165542487246,7.859794752938407,10.114165542487248,7,8
courtroom,8,Did the pipe go through the building to,93.57716369628906,8.067165442875453,6.548083598943477,8.067165442875453,6.548083598943476,7,8
courtroom,8,"about, the French drains, were in the basement",294.0353698730469,9.826042387220594,8.199813172693435,9.961284058434623,8.901305520390638,9,8
courtroom,8,Was that the way you would dump things,119.36090087890625,7.924817834581647,6.89918492330695,7.924817834581647,6.899184923306952,7,8
courtroom,8,"first of all, how many floors were there",45.164066314697266,7.752466678619385,5.497103287488767,7.668701921190534,5.506087576483721,8,8
courtroom,8,And do you recall what the Dumpster was,40.671043395996094,7.123570071326362,5.345929951583195,7.254562355223156,5.82410728221087,9,8
courtroom,8,For sure for full time it was '64,888.0564575195312,8.408189296722412,9.794507780025263,8.408189296722412,9.794507780025263,8,8
courtroom,8,I know there were times when I --,66.90679168701172,5.913180521556309,6.064079304624506,5.913180521556309,6.064079304624506,7,8
courtroom,8,"today, observing the water change color while you",413.5906066894531,8.715930461883545,8.692057687821064,8.517727511269706,8.475030628563903,8,8
courtroom,8,Let's make sure there is a record here.,26.692861557006836,6.082669152153863,4.738381626744683,5.774660766124725,4.670647614237945,9,8
courtroom,8,I was there about a year full time.,60.32929229736328,5.432374477386475,5.914786203151857,5.432374477386475,5.914786203151857,8,8
courtroom,8,"burned, whatever residue that was in those tanks",176.3758087158203,7.973171393076579,7.462507660982003,7.222683520544143,7.1343240617399335,9,8
courtroom,8,if you can orient yourself to the map.,56.36696243286133,7.257895648479462,5.8167755244854025,7.257895648479462,5.8167755244854025,8,8
courtroom,8,"what caused that coloration change, I don't know,",43.13984298706055,5.782644417136908,5.43094854404362,6.2797450826037675,6.107049218580093,11,8
courtroom,8,picked up products that were finished and they,343.67022705078125,7.472720554896763,8.424879678882848,7.472720554896763,8.424879678882848,7,8
courtroom,8,"You put a green line here, did you?",83.68443298339844,6.8432165251837835,6.386887390746877,7.053208261728287,6.2916346496973485,9,8
courtroom,8,The guy that worked in this place here,169.0474395751953,7.56569378716605,7.401283957311269,7.56569378716605,7.401283957311269,7,8
courtroom,8,"prior exhibit that we went over, your affidavit.",504.95684814453125,7.87617256641388,8.980011572301489,7.6749628484249115,8.549300944668525,10,8
courtroom,8,different buildings in the location of the Texas,120.08506774902344,8.541574954986572,6.907911850068572,8.541574954986572,6.907911850068572,7,8
courtroom,8,"happen very often, but drums came back that",260.05584716796875,6.994820976257325,8.022647939908666,6.665909676324754,8.477013618306088,10,8
courtroom,8,"Well, that's only way down to there so",88.6231918334961,6.322284433576796,6.469612125639787,6.161178929465158,7.188751863113466,9,8
courtroom,8,long did you work full time at Metro-Atlantic?,198.2107696533203,5.969314312934875,7.630889202498833,6.212170352538427,7.397466576368185,10,8
courtroom,8,site the tailrace and the river joining together,816.0521240234375,9.04751843214035,9.672516862860187,9.355257272720337,9.697250767436413,8,8
courtroom,8,might have been like two stories tall maybe.,179.88546752929688,8.0192249417305,7.490934412139751,8.0192249417305,7.490934412139751,8,8
courtroom,8,"your observations of the tailrace, do you recall",237.13233947753906,8.06875761349996,7.8895465285195785,8.12379713285537,7.438889523480214,9,8
courtroom,8,were at -- while you were working at,149.2357177734375,7.739323479788644,7.221447812701074,7.739323479788644,7.221447812701074,7,8
courtroom,8,I think that was the area that they,54.65162658691406,7.30769647870745,5.772192361631828,7.30769647870745,5.772192361631828,7,8
courtroom,8,"rack, from the rack where did it --",447.1995544433594,8.451431155204773,8.804774263826532,8.107755524771553,9.107634591874994,8,8
courtroom,8,-- to the right side of the building?,45.53744125366211,6.896663397550583,5.508981154955385,6.896663397550583,5.508981154955385,8,8
courtroom,8,was an area referred to as the dump.,83.38899230957031,6.1168905682861805,6.381784797615838,6.1168905682861805,6.381784797615838,8,8
courtroom,8,And you didn't sit on any boards of,96.01923370361328,5.6270924812415615,6.585250837223427,5.945561204970415,6.732496825260138,8,8
courtroom,8,So your best memory is the years would,404.5489807128906,7.946698188781738,8.660170011864682,7.946698188781738,8.66017001186468,7,8
courtroom,8,They were on this -- on this back,232.18402099609375,8.407914910997663,7.859124512770629,8.407914910997663,7.859124512770628,7,8
courtroom,8,So you wouldn't know one way or another,15.944144248962402,4.255008767591789,3.9949545691939354,4.4884078392226785,4.404275305508927,8,8
courtroom,8,"From the filter, from the tanks or from",171.5586395263672,8.587442219257355,7.422552714008573,8.721540178571429,7.618159428987304,8,8
courtroom,8,"That's the area of the storage tanks, is",74.94627380371094,7.719308482276069,6.2277851336276155,7.866175242832729,6.639606047883758,9,8
courtroom,8,Container I think I worked there one summer.,152.81735229492188,6.576634407043457,7.255664307260526,6.576634407043457,7.255664307260526,8,8
courtroom,8,Some of them were thrown on the ground,20.177879333496094,7.242924349648612,4.334703145681474,7.242924349648612,4.334703145681474,7,8
courtroom,8,The drains that I -- that I talked,742.0028076171875,7.90721675327846,9.53526017980541,7.90721675327846,9.53526017980541,7,8
courtroom,8,"have Mr. Nadeau's deposition of December 17, 2002?",127.05023193359375,6.939379857136653,6.9892545328002535,6.812297433614731,7.714838045458251,13,8
courtroom,8,"And by ""across the street,"" what do you",32.39107894897461,6.2026371717453,5.0175250506619244,6.482121694655646,5.005832617049022,10,8
courtroom,8,We talked about -- we talked today and,169.627685546875,5.057866879871914,7.406227527831972,5.057866879871914,7.406227527831971,7,8
courtroom,8,"As best I remembered it, I will testify",116.79405975341797,6.001355662941933,6.867822944097387,5.9556518111910135,7.5622754811549004,8,8
courtroom,8,and read to yourself Lines 8 through 20.,393.3616943359375,6.552307546138763,8.619404517328075,6.552307546138763,8.619404517328075,8,8
courtroom,8,to the nature of your work for Metro-Atlantic.,212.44296264648438,7.254133987426758,7.73093013275624,7.63308177391688,7.774719499086309,10,8
courtroom,8,It was right here somewhere off to the,107.25416564941406,6.022360801696777,6.7448900951691755,6.022360801696777,6.7448900951691755,7,8
courtroom,8,That was going to be my next question.,22.38312530517578,6.1434547156095505,4.484339484031529,6.1434547156095505,4.484339484031529,8,8
courtroom,8,Roughly above this area there was a --,263.3609313964844,6.916286574469672,8.040892709708274,6.38389946165539,7.600001090420172,9,8
courtroom,8,The area that you identified as the dump,185.88836669921875,7.804443427494594,7.538292421443457,7.804443427494594,7.538292421443457,7,8
courtroom,8,"And then after that, did you move back",69.93146514892578,6.8901671171188354,6.127869373984406,6.932896818433489,6.122290603889347,8,8
courtroom,8,"a deposition you gave on December 17, 2002.",91.77365112304688,6.168637381659614,6.520005637037453,6.427474707365036,6.964070833118069,9,8
courtroom,8,in the building and it went straight outside.,99.7409896850586,7.503135323524475,6.6401140387149,7.503135323524475,6.6401140387149,8,8
courtroom,8,building helping blend the products or draw off,2506.088623046875,8.212831701551165,11.29121718858111,8.212831701551165,11.29121718858111,7,8
courtroom,8,Also in that Dumpster if the filter press,367.31243896484375,8.436629083421495,8.520863188001755,8.474832761855351,8.819958542773183,9,8
courtroom,8,questions about Lines 5 through 16 of that,496.1622314453125,6.652166783809662,8.954636459015362,6.308712788990566,9.136998253767562,8,8
courtroom,8,Is it correct that when you first worked,100.47012329101562,7.697459629603794,6.650622704150342,7.697459629603794,6.650622704150342,7,8
courtroom,8,"You have a letter ""B"" next to a",43.262794494628906,6.67446477462848,5.4350545245458175,6.4554998097675185,5.713909329676554,9,8
courtroom,8,The river would have been on my right.,85.25406646728516,7.723665118217468,6.4136959477872475,7.723665118217468,6.4136959477872475,8,8
courtroom,8,they would do the final reconditioning and from,87.1004867553711,6.254921162128449,6.444608381019826,7.522511350257056,7.99796733833651,10,8
courtroom,8,There was nothing for you to do outside,30.87322235107422,6.0541244234357565,4.948283919535543,6.0541244234357565,4.948283919535543,7,8
courtroom,8,Probably June of '64 to August of '65,44.43292999267578,5.71381633149253,5.473557285278918,5.614422686398029,5.172503710211293,9,8
courtroom,8,That was my best memory at that time.,30.258298873901367,6.455945551395416,4.919258912296809,6.455945551395416,4.919258912296809,8,8
courtroom,8,"How long it was there, I don't know.",16.17584800720215,4.584464020002633,4.015769883320123,4.879368823312689,4.594799886970083,10,8
courtroom,8,in computerized stenotype and is a true and,385.2284240722656,9.022886912027994,8.589569393542781,9.567736830030169,8.520555932840741,9,8
courtroom,8,repeat but just to get a context here.,92.1381607055664,7.614631414413452,6.52572677079486,7.614631414413452,6.52572677079486,8,8
courtroom,8,"make sure it's clear, you are not questioning",69.06330108642578,7.073250187767877,6.109847403585646,7.216661691665649,6.503464713265479,9,8
courtroom,8,"going out to the tailrace, the river outside?""",403.0015869140625,8.206248831748962,8.654640400791347,8.831180562575659,8.85026314989316,10,8
courtroom,8,burner to the-- whatever direction that is --,348.00445556640625,8.961491213904488,8.442956238502985,8.45258378982544,7.526528252335199,9,8
courtroom,8,And was that Dumpster below some kind of,113.45282745361328,7.348214579953088,6.825948244407503,7.264744267577216,6.604258800982316,9,8
courtroom,8,"if we have, I apologize -- but how",156.15066528320312,6.938007414340973,7.286794531913535,6.9083366053445,7.42830297340537,8,8
courtroom,8,station that was pulling the drums through the,194.2412872314453,8.293537752968925,7.60170558486884,8.293537752968925,7.60170558486884,7,8
courtroom,8,"near as I can remember, were large cylinders",116.68896484375,8.092455685138702,6.866523902651766,8.292153937476021,7.082551175363418,8,8
courtroom,8,Can you tell us what that was intended,46.59566116333008,5.771534136363438,5.542123625043071,5.771534136363438,5.542123625043071,7,8
courtroom,8,arrow pointing to a region inside the building?,227.68177795410156,7.678172171115875,7.830871887200481,7.678172171115875,7.830871887200481,8,8
courtroom,8,the time you were working at Metro-Atlantic than,342.8451232910156,7.141762362586127,8.421412515455422,7.722668852124896,7.589231096021108,9,8
courtroom,8,two since the Government and NECC concluded their,545.0281982421875,8.214138448238373,9.090186034149834,8.230875900813512,9.030452496347282,8,8
courtroom,8,"from Smith Street, there's a rectangle and you've",136.91603088378906,6.761350750923157,7.097146579362549,6.95292441546917,7.894076338880003,10,8
courtroom,8,I don't remember seeing ripples on it as,76.49110412597656,5.94135347319146,6.257219754288469,6.336784460581839,6.897775515954707,9,8
courtroom,8,by brothers as everybody knows or relatives or,1314.7698974609375,7.513552597590855,10.360590904173165,7.513552597590855,10.360590904173165,7,8
courtroom,8,And you were going to school where at,131.3683319091797,6.546049748148237,7.0374728216088,6.546049748148237,7.0374728216088,7,8
courtroom,8,"I worked in the corner close to that,",162.32679748535156,7.009454980492592,7.342756794847977,7.009454980492592,7.342756794847977,8,8
courtroom,8,I think it was raised up off the,105.60302734375,6.39734240940639,6.722507332730085,6.39734240940639,6.722507332730086,7,8
courtroom,8,disposing of material that was more solid than,122.1194076538086,8.239124923944473,6.932149005701828,7.9132373332977295,6.829662460057084,8,8
courtroom,8,"Where that material went, where that liquid went,",60.62100601196289,6.7111401028103295,5.921745859850765,6.756629377603531,6.049841483583476,9,8
courtroom,8,"doorway, toss whatever we were tossing away into",309.5076904296875,7.328378730350071,8.273829028411729,6.6656606537955145,7.51768734244065,9,8
courtroom,8,And did you know where any boundaries of,225.83013916015625,6.204550402505057,7.819091998276364,6.204550402505057,7.819091998276364,7,8
courtroom,8,"The main building was on the left side,",41.43627166748047,6.945291370153427,5.372822652705051,6.945291370153427,5.372822652705051,8,8
courtroom,8,"Somewhere in this area, too, there was a",20.274011611938477,6.000231341882185,4.341559414345912,6.127020404452368,4.202941337360907,11,8
courtroom,8,And the driveway was on the right side,40.155609130859375,7.26106197493417,5.327527591743953,7.26106197493417,5.327527591743952,7,8
courtroom,8,I'm going to ask you to try and,16.08850860595703,6.330940887331963,4.007958438836077,5.923104132924761,3.723329497297466,8,8
courtroom,8,and delivered raw products or raw materials for,208.37826538085938,7.083516529628208,7.703059826266355,7.083516529628208,7.7030598262663545,7,8
courtroom,8,today but I just want to see if,27.548826217651367,6.617884431566511,4.783918681273888,6.617884431566511,4.783918681273889,7,8
courtroom,8,"sizes than others, some taller than others that",220.00694274902344,6.618663628896077,7.781404730047145,6.307108538491385,7.288699559041636,9,8
courtroom,8,"""But as you sit here today, do you",31.380638122558594,5.4011531008614435,4.971803031479977,5.015557748930795,4.6044160126682945,9,8
courtroom,8,"And so you were 16, 17 years old",40.40802001953125,5.788808286190033,5.336569652326179,5.897180386951992,5.731018151018266,8,8
courtroom,8,-- or any other building on that site?,71.49272155761719,7.599754333496094,6.159724721426352,7.599754333496094,6.159724721426352,8,8
courtroom,8,Did you work there when you were in,22.121335983276367,5.444067784718105,4.4673669537736655,5.444067784718105,4.4673669537736655,7,8
courtroom,8,So that would have been when you were,31.735383987426758,6.481123106820243,4.988020138370834,6.481123106820243,4.9880201383708345,7,8
courtroom,8,They -- they can't be filled from the,73.17050170898438,7.508566379547119,6.193190106022269,7.594356707164219,6.715850407714165,8,8
courtroom,8,was an assumption that there was a cutout?,113.20214080810547,7.2793809572855634,6.822757964918212,7.501871079206467,6.579340492930775,9,8
courtroom,8,me today is a different attorney from EPA.,717.4143676757812,7.438643217086792,9.486644230058896,7.438643217086792,9.486644230058896,8,8
courtroom,8,just assumed it was just somebody controlled one,558.697509765625,6.351955958775112,9.125919266459034,6.351955958775112,9.125919266459034,7,8
courtroom,8,Drums were piled to the side of the,61.17759323120117,6.389616310596466,5.934931197255528,5.973401205880301,5.3547033602822625,8,8
courtroom,8,got badly burned because he disconnected a hose,1151.1785888671875,7.178775719233921,10.168892294330801,7.178775719233921,10.168892294330801,7,8
courtroom,8,"was happening in that plant, I don't know.",39.08528137207031,5.868872387241572,5.288553021035677,6.435624171688687,6.121275569713335,10,8
courtroom,8,Looking-- I'd like you to look at the,30.554210662841797,6.033885465727912,4.933298934956003,5.4762386083602905,4.207762471356459,9,8
courtroom,8,"Well, there was a building across the --",150.25758361816406,5.301653549075127,7.2311814119986995,4.9053420169012885,7.657292619627602,8,8
courtroom,8,So the summer work would have been part,132.6010284423828,7.907316957201276,7.050947785057066,7.907316957201276,7.050947785057066,7,8
courtroom,8,"were vertical, as near as I can remember.",41.70895004272461,6.230582210752699,5.3822838552380095,5.932405263185501,5.470172694470049,9,8
courtroom,8,one of them was here and I can't,26.202817916870117,7.35424742102623,4.711650234373476,7.35424742102623,4.711650234373476,8,8
courtroom,8,"Most of the tanks were filled, from what",85.9969482421875,7.560427039861679,6.426213647142224,8.069544196128845,6.271211083071931,8,8
courtroom,8,You could see pretty much the whole area.,43.19129943847656,6.830261766910553,5.432668227995203,6.830261766910553,5.432668227995203,8,8
courtroom,8,remember ever seeing water change color after the,210.6993865966797,7.777942589351109,7.719042079299736,7.777942589351109,7.719042079299736,7,8
courtroom,8,that was on the top of the tank.,36.58528518676758,7.989051401615143,5.193191455654767,7.989051401615143,5.193191455654767,8,8
courtroom,8,"the Home Insurance case, it was your testimony",496.5939636230469,8.262443602085114,8.955922078892259,8.453951597213745,9.680831265744883,8,8
courtroom,8,And those -- the paint station has an,1049.205078125,8.097746576581683,10.035079610330934,8.097746576581683,10.035079610330934,7,8
courtroom,8,"December 17, 2002 you testified truthfully to the",157.6752166748047,4.993471935391426,7.300810829026547,5.558849024985518,8.557070156065484,9,8
courtroom,8,And is it correct that you testified as,69.92586517333984,6.91258031981332,6.127753947757104,6.91258031981332,6.127753947757104,7,8
courtroom,8,had a metal grate over some of them.,103.59416198730469,7.135928183794022,6.69479866896032,7.135928183794022,6.69479866896032,8,8
courtroom,8,the main building doing one thing or another.,110.02949523925781,6.460476398468018,6.781745630444554,6.460476398468018,6.781745630444554,8,8
courtroom,8,most of the time the guy that did,35.59051513671875,8.645058700016566,5.153421135800978,8.645058700016566,5.153421135800978,7,8
courtroom,8,the set of documents that was given you.,59.70985412597656,8.001589596271515,5.8998973301459205,8.001589596271515,5.8998973301459205,8,8
courtroom,8,I moved back to Rhode Island and I,37.70570755004883,5.849999933636615,5.236710775445212,5.849999933636615,5.236710775445212,7,8
courtroom,8,And from what area north to south were,312.1905517578125,5.508852413722447,8.28628198601866,5.508852413722447,8.28628198601866,7,8
courtroom,8,hereby certify that the witness was first duly,273.1217346191406,7.964975535869598,8.093374736512322,7.708501407078335,6.949751491761737,8,8
courtroom,8,"And that was no part of your duties,",91.11080169677734,6.268029254861176,6.509550163378136,6.268029254861176,6.509550163378136,8,8
courtroom,8,"sat, the secretary, whose name I can't remember.",28.32151985168457,7.423676837574352,4.823826780029043,7.502022743225098,5.069553608724608,11,8
courtroom,8,whether there was anything in any of the,25.213096618652344,5.928653682981219,4.6561012346938515,5.928653682981219,4.6561012346938515,7,8
courtroom,8,Do you know whether that was the area,66.1607666015625,7.241668360573905,6.04790386858519,7.241668360573905,6.047903868585189,7,8
courtroom,8,They were -- they were also painted and,185.13584899902344,8.298090151378087,7.532440471060516,8.298090151378087,7.532440471060515,7,8
courtroom,8,wouldn't know whether any of those things had,27.64055824279785,5.87620128525628,4.788714944252273,6.0236808118366065,4.663150508823951,9,8
courtroom,8,What happens is the drums would come in,176.00177001953125,7.07084447996957,7.459445419185753,7.07084447996957,7.459445419185753,7,8
courtroom,8,"There is a letter ""A"" with an arrow.",57.03713607788086,6.797682476043701,5.833829906281018,6.936806917190552,6.227570874131391,10,8
courtroom,8,Do you remember whether it went into the,83.31558227539062,6.347134181431362,6.380513731313018,6.347134181431362,6.380513731313018,7,8
twitch,8,"It's me, it's me, it's me, it's me.",4.791458606719971,4.369722012678782,2.2604648580512143,4.30268382653594,2.259369635061722,15,8
twitch,8,I'm coming I'm coming I'm coming I'm coming,8.592503547668457,3.9291005513884802,3.103078112306042,4.164816068751471,3.53331517075562,11,8
twitch,8,"Little bit of healing, little bit of healing.",28.16620445251465,6.791423731380039,4.8158932902416876,6.709296777844429,4.614804350904838,9,8
twitch,8,"Fuck, dawg, that's a bone you're gonna use.",35.4964599609375,6.7009449516023905,5.149603224284374,6.592363201081753,6.216298322730826,14,8
twitch,8,"You don't wait in fertile for a second,",314.1915588378906,5.819034401534332,8.29535121003253,6.234603559947573,8.597574286434082,9,8
twitch,8,There's giant dinosaurs! There's your troika over there!,179.65419006347656,6.228231618801753,7.4890745331525395,6.365052662789822,7.3189958864633144,12,8
twitch,8,We're going to go through the tree line.,29.50580596923828,6.8195861842897205,4.882926797065983,6.54279850423336,4.806539004359232,9,8
twitch,8,Are you going to bite on my ankles?,55.727752685546875,6.574760064482689,5.8003239869854895,6.574760064482689,5.8003239869854895,8,8
twitch,8,Where are these damn hoovers and oikers at?,242.13243103027344,7.636724298650568,7.919651132925853,8.26016589999199,7.970821155920884,11,8
twitch,8,I got you. I just crashed my game,161.8524627685547,7.291801929473877,7.3385351250758575,7.272697312491281,7.881027362333492,8,8
twitch,8,Couple big Macs small fry and a McFlurry,687.497802734375,8.357896620577032,9.42520951216346,8.642574183642864,9.360436067942802,11,8
twitch,8,The car doesn't come out of the car.,23.732887268066406,5.611727411341336,4.568815708351092,5.909494363586418,4.785320036650738,9,8
twitch,8,"You guys have to say about that, bitch?",101.88800048828125,7.544854640960693,6.6708405401359165,7.389271080493927,6.529287503857166,9,8
twitch,8,"If you bike, where do you aim to?",88.4266128540039,5.661201278368632,6.466405232659404,5.517950549721718,6.398644369333253,9,8
twitch,8,keep your peepers open for a little beer,89.97477722167969,7.362390624152289,6.491448588438052,7.929653576442173,7.231664406713047,9,8
twitch,8,I don't know you want to kill him?,35.28413391113281,5.057843837266167,5.140947293410921,5.423699702951126,5.672112240381956,9,8
twitch,8,We're following the road you need to follow.,52.10342025756836,6.5240150690078735,5.703306247411301,6.210280999541283,5.237099521170466,9,8
twitch,8,How do you use streams dived by gravity?,333.9686279296875,7.3032962216271295,8.383564214335092,7.162229895591736,8.474516728662968,9,8
twitch,8,"Oh, wait, wait, I lagged a little bit.",16.957887649536133,4.901954233646393,4.083883780182241,4.671106070280075,4.222206373702193,12,8
twitch,8,"No, no, no, we got a white field.",40.067474365234375,6.3646769523620605,5.324359498153164,6.578287303447723,6.135001475374676,11,8
twitch,8,What's that? What's that? What is behind me?,19.180723190307617,5.724616587162018,4.261584813278437,5.276092395186424,4.824382813005266,12,8
twitch,8,"Oh my God, I'm stuck in the rock.",24.55745506286621,6.334511303901673,4.61808915926159,6.504864394664764,4.797119914702133,10,8
twitch,8,How do I let you spawn on Peter?,306.18536376953125,6.781172603368759,8.258257226976111,6.781172603368759,8.258257226976111,8,8
twitch,8,so maybe i'm going to see the same,76.03780364990234,7.2043969333171844,6.248644971820772,7.393337999071393,6.498708998860523,8,8
twitch,8,"One chicken once. Yeah, fuck it. You're right",102.00603485107422,6.456100637262518,6.672510015451102,6.75914352280753,7.454734562241426,11,8
twitch,8,"They're having a little attack, they're those Phas.",227.51129150390625,6.799235701560974,7.8297924913372805,6.823178589344025,8.217752512870547,12,8
twitch,8,"Pino, are you on a team by yourself?",85.5679931640625,8.130192136764526,6.418998798285733,7.520542562007904,5.759465495589906,10,8
twitch,8,"Prog the deer body disappeared, swear to God.",932.592529296875,8.199531173706054,9.865075486524264,7.989630460739136,9.590918544819468,10,8
twitch,8,"You're not fucking fair, I'll tell you that.",28.841552734375,6.512733827937733,4.850077205275773,6.1754076182842255,5.0384108776144005,11,8
twitch,8,That's a good pun even with temporary infertile,279.3846130371094,6.14861696511507,8.126106993592765,6.417686273343861,9.037782987428386,10,8
twitch,8,"It's time for T-Rex, it's time for T-Rex.",12.892455101013184,5.450442536671956,3.688455348052554,5.3176358342170715,3.80363229812292,15,8
twitch,8,We wish you come out with your power,157.12379455566406,6.3370212486812045,7.295756999375081,6.3370212486812045,7.295756999375081,7,8
twitch,8,Right click is like a knockback inside the...,711.4873046875,7.548649575975206,9.47469323489004,7.87940576672554,9.4727929260325,9,8
twitch,8,"Now I'm gonna starve, drag, I'm gonna starve.",61.73328399658203,6.260476231575012,5.947976155888829,6.5332929491996765,6.29005480742478,12,8
twitch,8,"Oh shit, he's on you! He's on you!",18.388347625732422,5.977248291174571,4.2007193434219365,5.94044654071331,4.677746998194284,12,8
twitch,8,"I still can't move, my legs still fractured.",53.4093017578125,5.708518028259277,5.739018631965869,6.019687533378601,6.028962813082592,10,8
twitch,8,"Jawa, can you take us to the eyeballs?",70.15955352783203,7.176768823103472,6.132563825710189,6.803543870647748,5.798445775984659,11,8
twitch,8,"He's up and again, he's up and again.",16.774742126464844,5.8306297714060005,4.0682189049505055,5.11660934984684,4.052457392989355,11,8
twitch,8,"Oh, we're digging up a little bit again.",35.301998138427734,6.685736536979675,5.1416778449031195,6.445735305547714,4.889504120063279,10,8
twitch,8,"Turtles on the beach, turtles on the beach.",28.372966766357422,7.424797677993775,4.826442218808731,7.080496162176132,3.7606806535835027,10,8
twitch,8,"Come on, come on, come on to me.",10.659955024719238,5.6616052150726315,3.4141292371386824,5.294066071510315,3.404477071026848,10,8
twitch,8,Like I'm like better than other great diets,452.5176086425781,7.609767258167267,8.82182930527619,7.733010496412005,9.084129653587189,8,8
twitch,8,you need to do an exploration like fuck.,199.67108154296875,7.276886284351349,7.641480808348475,7.276886284351349,7.641480808348475,8,8
twitch,8,We don't need to get there before 50%.,57.73526382446289,6.250620923108524,5.851380707729557,6.694439069367945,6.312845703573839,9,8
twitch,8,I don't know what just happened right there.,25.161224365234375,4.215512480793728,4.653130190551017,4.476076926919632,5.123317999664564,9,8
twitch,8,I hear something on us by the way.,118.203369140625,7.363711833953857,6.885127573786393,7.363711833953857,6.885127573786393,8,8
twitch,8,"Wait, Rook, since you can use a map,",66.83201599121094,7.70411864194003,6.062468082994292,7.512561837832132,5.6218938129914555,11,8
twitch,8,"Holy shit, I wish I could do more,",26.938467025756836,6.278330538007948,4.751595984230957,6.234842419624329,5.069693507591066,9,8
twitch,8,"Bro, I don't see you war in here",104.45710754394531,6.524192635383871,6.70676599067228,6.444486744169678,7.395134309070116,9,8
twitch,8,Let's go beat that shit out of him.,29.642765045166016,6.270945866902669,4.889608025983109,5.986472070217133,4.880882291556575,9,8
twitch,8,"Oh, well, actually, I can't feel that now.",19.761245727539062,5.992964088916779,4.304602006728051,5.866397053003311,4.427826388720257,12,8
twitch,8,"That's a good idea, that's a good idea.",7.282815933227539,5.588857715780085,2.8644967027069064,5.38728791475296,2.670965263758049,11,8
twitch,8,Can't I don't there's no one stuck one,212.8916015625,6.494332498684526,7.733973776742019,6.590438464124288,8.625324465302022,10,8
twitch,8,"No, I don't want to hear him turtle.",32.702125549316406,5.686289098765701,5.031301500338954,5.663585307018366,5.589663577053552,10,8
twitch,8,"I'll be stiff with some food rookie, okay?",375.1188049316406,7.141416549682617,8.551176108270022,6.845958173274994,9.179447116131325,10,8
twitch,8,I gotta get a body type B T-Rex.,193.7782745361328,7.403175497055054,7.598263077403125,7.681983927885691,8.675091375985442,10,8
twitch,8,I was kind of just bluffing right now,65.9277572631836,5.868401136249304,6.042813448406246,6.328670689037868,6.234058722010171,8,8
twitch,8,"Oh, yeah, you're right, you're right, you're right.",4.9833855628967285,4.955977217356364,2.317126349773374,4.852650001645088,2.2787935423703107,15,8
twitch,8,"That's job, oh job, I said, it's me",63.054569244384766,6.317439834276835,5.978527394068984,6.172248261315482,5.913303926633326,12,8
twitch,8,"Yes. Oh my god, I'm out of it.",14.292364120483398,5.4546142708171494,3.8371728630655126,5.054747447371483,3.55378144956842,11,8
twitch,8,"Yeah, Ajax, I might just straight up die.",129.00816345214844,6.603584146499633,7.011311940384802,6.276507139205933,6.875511520289241,10,8
twitch,8,You got my experience with that little guy.,88.88494873046875,8.452183425426483,6.473866882301324,8.452183425426483,6.473866882301324,8,8
twitch,8,So you would have been winning even longer,261.3237609863281,6.17616833959307,8.029693714383983,6.17616833959307,8.029693714383983,7,8
twitch,8,"Oh, because I did the throw up technique.",132.10882568359375,7.265505419837104,7.045582618567653,7.048967808485031,7.129425438245546,9,8
twitch,8,find a fucking thing you find them on,274.0883483886719,8.685330595288958,8.098496850629443,8.685330595288958,8.098496850629443,7,8
twitch,8,I was trying to kill him but he-,51.36982345581055,6.553721733391285,5.682848787981891,6.553721733391285,5.682848787981891,8,8
twitch,8,"Yeah, one, two, three, four, six of them.",11.795528411865234,4.951205088542058,3.5601681817352597,4.997127041220665,3.697937476322369,13,8
twitch,8,I feel like I use him so fast.,119.1203384399414,6.079661935567856,6.89627568550959,6.079661935567856,6.89627568550959,8,8
twitch,8,"Bro, I'm in sanctuary with like giant fucking...",545.9739379882812,8.747080230712891,9.09268051127292,8.55562162399292,10.011653153252377,10,8
twitch,8,It's a pin slot! Pin slot! Pin slot!,51.9792594909668,7.027695178985596,5.699863455216529,6.7262479066848755,5.9476089002878885,11,8
twitch,8,That fucking chicken is jumping over me again.,251.01416015625,7.57880699634552,7.97162428676935,7.57880699634552,7.97162428676935,8,8
twitch,8,"How does one cry out to you, Rose?",107.88424682617188,7.059479501512316,6.753340805737232,7.008990436792374,6.648174291844605,9,8
twitch,8,"Oh my god, it's a fully grown T-Rex!",37.37257385253906,6.257660806179047,5.223907349708992,6.637932444612185,6.585794974056718,12,8
twitch,8,"You know, I would snap your neck first.",92.7553939819336,6.327122211456299,6.535358284581835,6.425587475299835,7.105261921406937,9,8
twitch,8,Screwed if you enjoyed buying and installing Minecraft,407.0357971191406,7.501572502983941,8.669010773427756,6.971145993187314,8.368640592888479,9,8
twitch,8,Me like you put this one in mine.,101.78302001953125,7.057660698890686,6.66935277633004,7.057660698890686,6.66935277633004,8,8
twitch,8,Drunk technically is but he's on our side,388.9988098144531,7.438508245680067,8.603569800782491,7.3298704624176025,7.937990452967285,9,8
twitch,8,"Oh, he's getting eaten by the big boy.",37.587955474853516,7.517120695114135,5.232199312530201,7.393701940774918,5.3698536834510495,10,8
twitch,8,"Yes, yes, yes, yes, yes, yes, yes, yes.",2.9103503227233887,3.467847990989685,1.5411928177739371,3.316958874464035,1.7399603898091982,15,8
twitch,8,I'm saying okay we're doing good I can't,100.09904479980469,5.791924595832825,6.64528464507085,5.444177687168121,6.7596583047044305,10,8
twitch,8,One of the pterodactyls killed the other pterodactyl.,11.75198745727539,4.363393612205982,3.5548327899080134,6.619721337469915,4.645795578578528,17,8
twitch,8,It's one you depict for your first one.,245.954833984375,6.633082336849636,7.9421989567717715,6.388533860445023,8.244919459557535,9,8
twitch,8,Little bit of healing. Little bit of healing.,28.488525390625,6.590433716773987,4.832308862179581,6.534610643982887,4.486045283512681,9,8
twitch,8,"Yeah, yeah, yeah, it's what I'm talking about.",8.017989158630371,4.9456701671274805,3.003240441516925,4.534923736471683,2.658999411288317,13,8
twitch,8,"Of the official servers, I just copied it.",119.9441146850586,8.13263856040107,6.906218137504215,8.21233394742012,7.24880070049746,9,8
twitch,8,"Jay, once we're big, nobody's better than us.",60.829315185546875,6.2333168387413025,5.926694743852598,5.823258802294731,5.226330329558259,12,8
twitch,8,But that's you got bio type of McFlurry,560.9393310546875,7.3387001037597654,9.131684540411062,7.535286754369736,10.033569215890044,10,8
twitch,8,"Wait, what are you selling? I'm down. Oh",32.025516510009766,6.1717705943367696,5.001149875590511,5.753863709313529,5.012527793951774,11,8
twitch,8,Could tell boy. I could tell boy you,100.20611572265625,6.021641403436661,6.646824985175802,5.938482284545898,7.127008315846253,8,8
twitch,8,Could be a troll zone and migration zone.,410.84210205078125,7.939220190048218,8.682421886524146,7.939220190048218,8.682421886524146,8,8
twitch,8,I'm back I'm back I'm back I'm back,7.996294975280762,4.4414845407009125,2.99933159624255,4.651354655623436,3.294535283098571,11,8
twitch,8,"I think it's time for a T-Rex, boys.",42.4929084777832,6.413424889246623,5.409149328662053,6.36370200663805,5.184114134829317,12,8
twitch,8,"It's time for T-Rex, it's time for T-Rex.",12.892455101013184,5.450442536671956,3.688455348052554,5.3176358342170715,3.80363229812292,15,8
twitch,8,I've got a crazy vagina situation going on.,102.88665008544922,6.655083921220568,6.6849110555713445,6.415616542100906,6.761780341378748,9,8
twitch,8,People make it sound like you have to.,35.31829833984375,6.604582756757736,5.142343891036296,6.604582756757736,5.142343891036296,8,8
twitch,8,"Oh, no, that's not Nick. That's someone else.",13.703254699707031,5.38048935853518,3.7764458728084827,5.147096075117588,4.207548820309155,13,8
twitch,8,"I'm short for cellular osservish, regeneration, or source.",696.1088256835938,7.21506930249078,9.443159967513921,7.800872173905373,9.431714687225199,14,8
twitch,8,I'm coming out from there. I'm coming in.,28.014598846435547,5.972267085855657,4.808107173841245,5.701488643884659,5.032279180351265,11,8
twitch,8,"Hey! Leave me alone, buddy! Leave me alone!",14.87182331085205,5.060440973802046,3.894509492514756,4.407932102680206,3.054709150748571,11,8
twitch,8,"Trying to bite him, trying to bite him.",44.21931457519531,6.168803882598877,5.466604767368862,5.981382302939892,5.179381699332869,10,8
twitch,8,"Well, I'm done bleeding, but I'm still wounded.",28.810081481933594,6.3353967269261675,4.848501853833215,6.166776567697525,5.358515636174087,12,8
twitch,8,"I don't know how to tell where, man.",27.21265983581543,5.176507586054504,4.766205934289578,5.532276566955261,4.696772908706998,10,8
twitch,8,I'm how you wish I was right now,41.6900520324707,6.225754082202911,5.381631014792304,5.802890641348703,4.6712409688301255,8,8
twitch,8,"I have to pee, I have to pee.",13.983381271362305,6.146389967865414,3.805641386513305,6.060123063623905,3.8472154207836935,9,8
twitch,8,back and try to bite one of you,77.59595489501953,7.269354854311262,6.277909718217461,7.269354854311262,6.27790971821746,7,8
twitch,8,"Up here, where the dancer is running to.",189.92652893066406,8.453074084387886,7.569297097356331,8.594048202037811,7.88352172883117,9,8
twitch,8,"Bro, he is up that fucking tree, dude.",146.42462158203125,7.910450983047485,7.194014572415814,7.6310611963272095,7.372465366306435,10,8
twitch,8,i mean to the you literally killed every,884.75244140625,9.076293468475342,9.789128846058878,9.076293468475342,9.789128846058881,7,8
twitch,8,"Growl, growl, growl, let me hear you growl",17.92216682434082,6.651924673716227,4.163672783287482,5.957961668570836,3.419620714359762,15,8
twitch,8,Let's get the fuck out of Jesus Christ.,37.19994354248047,6.010602964295281,5.217224155310272,5.693586304783821,5.273497745560119,9,8
twitch,8,"It was a nice little Sarah, I think",76.54995727539062,8.748461365699768,6.258320159797072,8.750045912606376,6.552703749140457,8,8
twitch,8,He doesn't look like he has an escape.,27.93492317199707,5.462933672385083,4.803998230629841,5.75208793557249,5.012258983506114,9,8
twitch,8,"Let me shake him, let me shake him!",60.288169860839844,5.638259437349108,5.913803105687562,5.512925326824188,5.936658938057338,9,8
twitch,8,You might be in A almost completely full.,812.2518920898438,8.379175186157227,9.665778586090266,8.379175186157227,9.665778586090266,8,8
twitch,8,Okay we need to cut those deer boys.,256.34228515625,6.841205149888992,8.001925803646632,6.841205149888992,8.001925803646632,8,8
twitch,8,"Yeah, I see him in front of us.",17.24593734741211,5.854597571823332,4.108185003390985,5.6033523716032505,4.254099478364358,9,8
twitch,8,I went through the bushes on the right.,53.06843948364258,6.723946273326874,5.729781797287882,6.723946273326874,5.729781797287882,8,8
twitch,8,Have been team killed three or four times,179.3964385986328,4.134584426879883,7.487005690334645,4.134584426879883,7.487005690334645,7,8
twitch,8,"Guys, guys, the icon is getting significantly larger.",103.91604614257812,7.8013575510545214,6.6992733471949615,7.610039656360944,6.912086801717623,11,8
twitch,8,I'm back I'm back I'm back I'm back,7.996294975280762,4.4414845407009125,2.99933159624255,4.651354655623436,3.294535283098571,11,8
twitch,8,"You get the front, I got the back.",26.449684143066406,6.063404930962457,4.7251781680741916,6.025713562965393,4.584437945392949,9,8
twitch,8,"There's a sound, there's a sound right here.",17.45543098449707,5.476173333146355,4.125604318293453,5.516722364351153,4.682397484315376,11,8
twitch,8,We've gotta get this for the whole team.,43.887062072753906,7.255692587958442,5.4557242047762,7.116997331380844,5.1362042759621565,9,8
twitch,8,I'm trying to get this deer for Rogue.,275.4835510253906,7.142092360390557,8.105800279730358,6.88662913441658,8.225023138211673,9,8
twitch,8,"Raps are packed behind us, by the way.",86.83926391601562,7.37925157546997,6.440275168274772,7.076687961816788,6.20334128132787,10,8
twitch,8,"The double, double, double, double, double, double, double.",6.742406368255615,5.5008408810411185,2.753263400144109,5.766813453286886,3.536021459760076,14,8
twitch,8,"Yeah, no, but we need to grow faster",32.7613410949707,6.112139966752794,5.033922609061808,5.9538228171212335,5.304818956994714,9,8
twitch,8,"Something's been on here, something's been on here.",20.353939056396484,5.99566160548817,4.347236062399724,5.784832790493965,4.271827185005584,11,8
twitch,8,Is this you right in here behind me?,142.2330780029297,6.017969131469727,7.152112826335925,6.017969131469727,7.152112826335925,8,8
twitch,8,How do I cancel the right click again?,133.04710388183594,6.810858070850372,7.055793919844337,6.810858070850372,7.055793919844337,8,8
twitch,8,I just have a broken leg right now.,31.302602767944336,5.753545919433236,4.968210449373781,5.753545919433236,4.968210449373781,8,8
twitch,8,"Just because, yeah, you know, this one time.",43.75659942626953,5.67624907060103,5.4514284501132515,6.004532754421234,5.741584224426997,11,8
twitch,8,What did you know this guy's that one?,64.67671203613281,6.627597755855984,6.015174655726393,6.641169458627701,5.902230021915137,9,8
twitch,8,"Yeah, I'm gonna have fun finding this man",46.77778625488281,6.420627382066515,5.5477513593971075,6.219212259565081,6.106129065622646,9,8
twitch,8,But he said there's a Sarah's Sarah Andrew,352.6283264160156,6.9358481831020775,8.461963550048035,7.296454293387277,9.181313681098045,9,8
twitch,8,i think those guys fell off this cliff,234.03955078125,6.965636048998151,7.870608966288673,6.965636048998151,7.870608966288672,7,8
twitch,8,"Focus on the mission, focus on the mission.",21.115604400634766,7.81697674592336,4.400237152090059,7.824963793158531,4.095134133245225,9,8
twitch,8,"Guys, I'm going to lay in this place.",34.06003952026367,6.651605378497731,5.090008234071842,5.866984312733014,5.1709796621987945,11,8
twitch,8,Now we're gonna go eat that chicken's organs,121.54862976074219,7.5186435911390515,6.925389396495228,7.663776091166905,6.834516944034542,9,8
twitch,8,There's a lot of bullshit on the internet.,11.825159072875977,6.424152029885186,3.563787811098654,6.318778097629547,3.5669700954570622,9,8
twitch,8,We need a vision on the water edge!,309.17596435546875,6.733988106250763,8.272284333501386,6.733988106250763,8.272284333501386,8,8
twitch,8,We'll go back to get more gas or,103.48435974121094,6.848445177078247,6.693269458796176,6.5683073316301614,6.585231504987882,8,8
twitch,8,Who's that guy there's a guy right here,58.7835807800293,7.46670855416192,5.8773415310541655,7.320854425430298,5.75981261925333,9,8
twitch,8,Do slash bring and then type in rogue.,1623.278076171875,8.67754465341568,10.664687598783818,8.67754465341568,10.664687598783818,8,8
twitch,8,"Well, no, just because we're all spotting it",59.80459976196289,7.342080926895141,5.902155734582772,7.440645592553275,6.556386795330054,10,8
twitch,8,"Hold on, let me just snack on them.",42.4033203125,6.558538807762994,5.406104247151366,6.2777566611766815,5.567241898915323,9,8
twitch,8,"I need some more B and Y, ASAP",363.29547119140625,8.585352540016174,8.504998107387712,8.564920221056257,8.261625232358012,8,8
twitch,8,what guys I think there's a pack I,239.79067993164062,6.400446683168411,7.905630720157388,6.671453390802656,8.662406426007289,8,8
twitch,8,"No, I thought you were reading the description.",33.540470123291016,7.023022757636176,5.067830936066852,6.756632775068283,5.219547316560427,9,8
twitch,8,"Oh my god, that guy's bigger than me.",17.361806869506836,5.463066565990448,4.117845137622048,5.2983585596084595,3.900007559792612,10,8
twitch,8,dinos wait wait wait I miss how much,885.8597412109375,7.6120352149009705,9.790932596004744,7.327808993203299,9.027551675264752,8,8
twitch,8,Our two X girls makes it fucking difficult,1714.30419921875,8.338973999023438,10.743405344370048,8.338973999023438,10.743405344370046,7,8
twitch,8,Let's try to see if we can share.,21.3177490234375,5.971414764722188,4.413983123236417,5.6494995802640915,4.30642162733284,9,8
twitch,8,We can just do the embalm and whatever.,166.26502990722656,7.271775086720784,7.37733756586709,7.42922630906105,7.626330643781659,9,8
twitch,8,"I'm getting him again, I'm getting him good.",39.05253219604492,6.402639692479914,5.287344198482464,6.248721241950989,5.768562010770568,11,8
twitch,8,"I got a nibble, I got a nibble.",20.089555740356445,6.495612159456042,4.3283739530812175,7.239848604173554,5.078146741081577,11,8
twitch,8,Let's kill that thing. Let's kill that thing.,11.372041702270508,5.689610459587791,3.507419215894407,5.651750102639198,3.185415436566506,11,8
twitch,8,It's only a quarter nits. Am I nine?,209.93809509277344,6.814886765046553,7.713818809589023,6.372137407461802,7.747538061163957,11,8
twitch,8,I got two of them in a bit.,44.30843734741211,7.32419428229332,5.469509349109849,7.32419428229332,5.469509349109849,8,8
twitch,8,"Wait, what is that A, B, or Y?",33.05448532104492,6.0339976440776475,5.0467735253605674,5.759761959314346,5.558235982954766,11,8
twitch,8,mom powers only if you know those so,562.4834594726562,7.814507348196847,9.135664697766408,7.814507348196847,9.135664697766408,7,8
twitch,8,"That was the deer, that was the deer.",30.442747116088867,7.4788540204366045,4.928022688588772,7.494277328252792,4.928682008241912,9,8
twitch,8,You guys don't see the icon at all?,65.05207061767578,6.188061221813162,6.0235221676980055,6.6062984528252855,6.350308272039443,9,8
twitch,8,That's gonna get us the fucking infernal bullshit.,172.404296875,7.513471794128418,7.429651362984039,7.379010379314423,7.28408922361518,10,8
twitch,8,So we just play out the game normal,183.5213165283203,7.364071777888706,7.519801814263951,7.364071777888706,7.519801814263951,7,8
twitch,8,I was going to watch these right here.,62.043113708496094,6.643059134483337,5.95519903295601,6.643059134483337,5.95519903295601,8,8
twitch,8,Rose is a cry out in your pack.,205.14031982421875,7.3292030692100525,7.68046670289038,7.3292030692100525,7.68046670289038,8,8
twitch,8,"You actually, I heard a boar up here.",149.85031127929688,7.00128755569458,7.227378045944215,6.977639228105545,7.288901241026803,10,8
twitch,8,"I'm coming, I'm coming, I'm coming, I'm coming.",4.925553321838379,4.060397229592005,2.30028572489591,4.0224150735884905,2.318465870982741,15,8
twitch,8,Just let him stay there and we'll see.,27.258562088012695,5.939987579981486,4.768637164873254,6.067486107349396,5.1414640891698395,9,8
twitch,8,What if I was never speed sniped I?,754.828857421875,6.794835938347711,9.559924625725118,7.057367295026779,9.789383027176271,9,8
twitch,8,"There's some food right here behind us, Rogue.",144.8420867919922,6.14258553981781,7.178330534296246,6.1272090673446655,6.980011086398685,10,8
twitch,8,I'm fat I don't know where he went,82.21846771240234,5.038334976571302,6.361389445979769,4.767842546704093,6.335716960113733,9,8
twitch,8,"No, you can find anyone see my D",308.648193359375,6.915889620780945,8.269817587160517,6.596139192581177,8.8088322178374,8,8
twitch,8,That's just a threshold I don't want that,51.13579559326172,5.599407444035427,5.676260607175012,5.727638165632795,6.430888760997448,9,8
twitch,8,"We need to get a little Y, yeah.",110.57090759277344,7.078144126468235,6.788825690395965,6.954165607690811,6.480218215577111,9,8
twitch,8,"Yeah, I gotta catch up with you guys.",16.089723587036133,6.118908193376329,4.008067607456408,5.900701820850372,4.14146740793796,9,8
twitch,8,"It might be Varian, or, uh, yeah, Varian.",63.8693962097168,6.847161454813821,5.997052290740262,6.8921529576182365,6.597513380047889,14,8
twitch,8,"I'm in your bush, I'm in your bush.",31.018362045288086,6.924204132773659,4.955047674204135,6.694979190826416,5.3375763461810735,11,8
twitch,8,Apparently we already got this one clip said,459.2259521484375,7.087111268724714,8.843056506935412,7.087111268724714,8.843056506935412,7,8
twitch,8,no I'm in the hallway in the front,51.940608978271484,8.026753723621368,5.698791193857206,8.186180830001831,5.823078262886404,8,8
twitch,8,"we gotta do our part, wish him luck.",73.43317413330078,5.972246196534899,6.198358571971493,5.980415433645248,5.864948689885445,9,8
twitch,8,"I'm way too big, I'm way too big.",14.081128120422363,5.773479223251343,3.815690891671356,5.528391450643539,3.4164889730381987,11,8
twitch,8,"I'm coming, I'm coming, I'm coming, I'm coming.",4.925553321838379,4.060397229592005,2.30028572489591,4.0224150735884905,2.318465870982741,15,8
twitch,8,People make it sound like it doesn't matter.,16.713294982910156,5.044956904215117,4.062924502405422,5.429125194379594,4.499598097434557,9,8
twitch,8,Turn around turn around ask me that question,306.661865234375,6.806357451847622,8.260504046821875,6.806357451847622,8.260504046821875,7,8
twitch,8,"Please, God, kill everything that's out of T-Rex.",58.577247619628906,6.451741768763616,5.872268143989542,5.802875071763992,6.351925501885907,13,8
twitch,8,"What about this one? Rogue, is this you?",70.07245635986328,8.017502403259277,6.1307753771537445,8.07460030913353,5.779333124506755,10,8
twitch,8,Can you get these little guys off me?,75.59307098388672,7.492606937885284,6.240181859297448,7.492606937885284,6.240181859297448,8,8
twitch,8,I should we start killing the little ones?,161.509765625,8.122644484043121,7.335477675776189,8.122644484043121,7.335477675776189,8,8
twitch,8,Oh chicken up here chicken gonna film me,1822.3455810546875,7.432329859052386,10.831578008310485,7.432329859052386,10.831578008310483,7,8
twitch,8,"You know, there's something right across the lake.",37.75533676147461,5.376129364967346,5.23860863166001,5.5317926704883575,5.7779022738119625,10,8
twitch,8,I'm killing this one as we walk by.,114.38381958007812,6.514251682493422,6.837738924978029,6.180308371782303,6.354467256261163,9,8
twitch,8,"Yeah, that'll happen or any of you females",168.35153198242188,5.476625045140584,7.395331072729909,5.260168348039899,8.057575544926747,9,8
twitch,8,"We run these streets, we run these streets.",32.00779724121094,7.245586448245579,5.000351486328007,7.363004565238953,5.288390453044144,9,8
twitch,8,"Ok, we're gonna- oohh! What's that right there?",41.321556091308594,6.4622760772705075,5.3688221052072675,6.037512540817261,5.151319600914874,15,8
twitch,8,What do you want to try to say?,27.41010284423828,4.961604595184326,4.776635994045211,4.961604595184326,4.776635994045211,8,8
twitch,8,Is there a command for a corpse wipe?,215.34564208984375,7.3559830486774445,7.7505096502818285,7.3559830486774445,7.7505096502818285,8,8
twitch,8,I'm going to see the rest of you.,19.200946807861328,6.33492730723487,4.2631055875629436,5.978568449616432,4.045948657307516,9,8
twitch,8,"I don't see you, I don't see you.",10.636748313903809,5.079942230135202,3.410985010729671,5.395249250112101,3.685408696237424,11,8
twitch,8,"Now you're going to use it, right, Jack?",27.561412811279297,5.615333080291748,4.784577449734281,5.572663202881813,4.458961113537455,11,8
twitch,8,"You don't run away, you don't run away.",9.880363464355469,4.853591737506742,3.304564346055771,5.2054823730723,3.4158443849077225,11,8
twitch,8,I feel like it'll be easier or not,55.72820281982422,5.661738812923431,5.800335702907347,5.914070078304836,6.056255512934434,8,8
twitch,8,I can't get him I can't get him,18.197776794433594,5.4491853846444025,4.185689893952131,5.685778149536678,4.805414552813004,9,8
twitch,8,"I can't help you, I can't help you.",7.668489456176758,4.88843537460674,2.9389421623081415,4.865191712975502,3.2379615610836128,11,8
twitch,8,"Okay, Rogan, but you know I need food.",64.51860046386719,6.215325030413541,6.0116337381166804,5.7921961049238835,5.8480390020596085,11,8
twitch,8,"By chance, up to your left of all.",247.73712158203125,6.783241589864095,7.952666933550258,6.813199132680893,8.1138720747457,9,8
twitch,8,There's one there and the one right here?,120.62326049804688,6.076556576622857,6.914363917949706,5.927733212709427,7.108466441468444,9,8
twitch,8,"I hear a boar, I hear a boar.",26.17531967163086,5.841002248904922,4.710135388647703,6.033814043737948,5.015178769078775,11,8
twitch,8,"Yeah, me he hit me he hit me",76.07319641113281,6.033831477165222,6.2493158239056825,5.772298949105399,6.117399238925539,8,8
twitch,8,So you saw you saw following the road,519.8843383789062,7.706625189099993,9.022042776260903,7.706625189099993,9.022042776260903,7,8
twitch,8,"Yeah, that's not the first he's been in.",18.246566772460938,6.037060390819203,4.1895534866643604,5.97029921412468,4.712224954245727,11,8
twitch,8,I can't eat it. It's big on me.,26.389711380004883,6.157983888279308,4.721903620908537,6.354192227125168,4.668071830877792,11,8
twitch,8,"Yeah, get his nose for you. You know",81.62100982666016,6.958871947394477,6.350867922144105,6.951082263674055,6.64541109203673,9,8
twitch,8,Who's this guy in the bush with me?,38.834678649902344,7.568478266398112,5.2792735404461375,7.306410074234009,5.229628189896838,9,8
twitch,8,Why he's just releasing though without my command,1086.8726806640625,7.3096742033958435,10.085965468569718,7.195140361785889,10.82730451634593,8,8
twitch,8,rocks. Where I apparently there's rappers above us.,1324.8076171875,7.497566093098033,10.371556548288218,7.194470594326655,10.272053612352797,11,8
twitch,8,excuse me keep getting bit when you're healing,379.005615234375,7.018089797761705,8.566072927194645,6.6479788848332,8.955636104095444,9,8
twitch,8,That's it. That's it. That's it. That's it,3.380000352859497,4.047829496009009,1.7570235259094964,4.047829496009009,1.7570235259094964,14,8
twitch,8,Do you know how big this map is?,21.098133087158203,5.820498704910278,4.399043444992692,5.820498704910278,4.399043444992692,8,8
twitch,8,"You guys, you can find any one steamydie!",450.1519775390625,7.611655842174184,8.814266653865559,7.386610319217046,8.835344833698645,11,8
twitch,8,Have you guys already hit perfect diet yet?,431.2352294921875,6.675323128700256,8.752331112498101,6.675323128700256,8.752331112498101,8,8
courtroom,9,just said is inconsistent with what he is saying,55.57887649536133,6.5875124633312225,5.796464678500389,6.5875124633312225,5.796464678500389,8,9
courtroom,9,through 24 on Page 29 of your Home Insurance,657.6715698242188,7.705907821655273,9.361222921073992,7.705907821655273,9.361222921073992,8,9
courtroom,9,"off a feeder station, they'd be spray pointed, an",252.49636840820312,7.697244048118591,7.980116284776623,7.92552587389946,9.28543280342534,12,9
courtroom,9,only for Metro-Atlantic or this only to be --,725.4896850585938,8.459267592430114,9.502809281646801,8.91645402709643,9.649406917113215,10,9
courtroom,9,There was a gentleman by the name of Walt,29.496057510375977,5.255165584385395,4.882450251270423,5.255165584385395,4.882450251270423,8,9
courtroom,9,"Just so there is a record, can you draw",102.40605163574219,7.065292278925578,6.678156791938475,7.045319736003876,6.563758130901241,9,9
courtroom,9,people worked and the other one was where the,119.71121978759766,8.25682121515274,6.903414124857334,8.25682121515274,6.903414124857334,8,9
courtroom,9,floor was washed in the basement of the main,58.136531829833984,7.682661175727844,5.861372920202761,7.682661175727844,5.861372920202761,8,9
courtroom,9,did for Metro-Atlantic in a particular area of the,169.34417724609375,7.379054379463196,7.403812865312503,7.714243819316229,7.058332062880643,10,9
courtroom,9,It was previously marked as Exhibit 1 in your,316.0270690917969,6.168673664331436,8.303903936749508,6.168673664331436,8.303903936749508,8,9
courtroom,9,"He would take that drum, tip it upside down,",94.75398254394531,6.074661695957184,6.566112743131834,5.913207994567023,6.215501775492225,10,9
courtroom,9,"testimony about that, but was that done after they",219.3894805908203,7.738668775558471,7.777348787428072,7.558819234371185,7.616384454763431,10,9
courtroom,9,filter but it was used for two different products,83.72582244873047,8.164175570011139,6.387600039841941,8.164175570011139,6.387600039841941,8,9
courtroom,9,just have a few follow-up questions based upon the,40.52631378173828,5.987534856796264,5.340787076443333,6.559142808119456,6.4020020779729006,10,9
courtroom,9,"floor, it would wash to the drain and exit.",79.97345733642578,6.794483375549317,6.321449460714498,6.420721901787652,6.4451321885920265,10,9
courtroom,9,don't know if we've ever asked you during this,33.580326080322266,6.027208566665649,5.069544429680567,5.724816083908081,5.2825063519563,10,9
courtroom,9,"door coming in, they were in this area somewhere.",81.96153259277344,7.684826040267945,6.35687486263369,7.717919270197551,6.517272147819757,10,9
courtroom,9,that's where empty barrels that were ready to be,160.72398376464844,6.9662882751888695,7.328435056588138,6.734505623579025,7.537178840128382,9,9
courtroom,9,first building coming in on the left-hand side off,79.07182312011719,5.782876497507095,6.30509146105822,6.432347717384498,7.3891375335294995,10,9
courtroom,9,And can I have you look at Pages 10,168.82286071777344,6.680359661579132,7.399304929626846,6.680359661579132,7.399304929626846,8,9
courtroom,9,there they would be stacked and painted and stored,288.8182678222656,7.93902200460434,8.174017483090427,7.93902200460434,8.174017483090427,8,9
courtroom,9,Can I ask you to turn to Page 43,128.5431365966797,7.070664286613464,7.00610795453729,7.070664286613464,7.00610795453729,8,9
courtroom,9,them were picked up because you just wouldn't be,68.93590545654297,5.979021899609102,6.107183264398239,6.305685791769065,6.5956769594036135,9,9
courtroom,9,Would it be correct to say that when you,13.12635612487793,6.343446582555771,3.714394578251269,6.343446582555771,3.714394578251269,8,9
courtroom,9,And that was on September 14 or 15 in,54.66937255859375,5.378665164113045,5.772660870412972,5.378665164113045,5.772660870412972,8,9
courtroom,9,-- on the same page which for the record,79.40916442871094,8.374807953834534,6.311233172227502,8.374807953834534,6.311233172227502,8,9
courtroom,9,sloped slightly because the parking lot was off on,279.5074462890625,7.5070821974012585,8.126743003374829,7.037426769733429,7.410312141276171,9,9
courtroom,9,"some point, a period of time, there were two",42.718048095703125,7.7336266994476315,5.416773775953878,7.900875478982925,5.528258146228641,10,9
courtroom,9,"something, so a lot of these areas were, I",45.686065673828125,7.619644105434418,5.513682544086479,7.332964673638344,5.454575203584209,10,9
courtroom,9,I'm not going to go over that testimony again,47.252437591552734,6.202429248227014,5.562315913554927,5.8295081332325935,5.598944980549338,9,9
courtroom,9,you worked at the Centredale site would have been,224.6953125,7.795521879196167,7.8118255388151585,7.645647943019867,7.408566448394222,10,9
courtroom,9,"from the French drains out into the tailrace, did",654.7212524414062,7.4180182933807375,9.354712997869104,7.66191158692042,9.21918890054412,10,9
courtroom,9,time there was a union bid or something and,163.1133270263672,7.2869956493377686,7.349730731505127,7.2869956493377686,7.349730731505127,8,9
courtroom,9,the right and we parked slightly uphill where I,693.048828125,6.838365912437439,9.436803479506622,6.838365912437439,9.436803479506622,8,9
courtroom,9,there could have been a raw product brought --,314.6848449707031,6.218585729598999,8.297762153283065,6.218585729598999,8.297762153283065,8,9
courtroom,9,"If this is the door coming in, then the",53.53690719604492,5.866550895902845,5.742460532181722,5.927443116903305,6.142877587590515,9,9
courtroom,9,The arrow is pointing in the area of the,37.38496017456055,6.663811028003693,5.224385485377354,6.663811028003693,5.224385485377354,8,9
courtroom,9,"the time that you worked at Metro-Atlantic, and I",116.10646057128906,7.113368337804621,6.8593034886708955,7.689995244145393,6.829746648777527,11,9
courtroom,9,"me a moment, I may have no more questions.",42.326011657714844,7.901703643798828,5.403472362672524,8.031050390667385,5.62603405003367,10,9
courtroom,9,Mr. Murphy was working for both -- for both,129.72879028320312,8.20401488410102,7.019354541397417,7.917002856731415,7.073560200256481,9,9
courtroom,9,"sworn to tell the truth, the whole truth and",46.379146575927734,8.248217964172364,5.5354045902154665,8.160949528217316,5.384232941522401,10,9
courtroom,9,refresh your recollection as to when you worked at,162.57737731933594,6.37770144144694,7.344981004883817,5.85437136888504,6.885872437179904,9,9
courtroom,9,right side of the building because they needed a,55.63941192626953,6.702987968921661,5.79803530381821,6.702987968921661,5.79803530381821,8,9
courtroom,9,"When I did it, it was put into buckets.",49.21809005737305,5.979931974411011,5.6211160012253325,6.180015193091498,6.029740059931702,10,9
courtroom,9,You can look at the Bates page of the,107.31535339355469,7.691633075475693,6.745677939357776,7.691633075475693,6.745677939357776,8,9
courtroom,9,"anyone else -- the products, most of the products",182.98374938964844,8.04248948097229,7.515570618234089,7.771619558334351,7.292215990607575,10,9
courtroom,9,"driveway, it had to be on your left-hand side",37.465213775634766,6.65824767947197,5.227479683299915,6.768839145700136,5.1796440266091786,12,9
courtroom,9,"said, I never looked to see if it changed.",53.33417510986328,6.2386788606643675,5.7369889257756235,6.085006872812907,5.690314837586434,10,9
courtroom,9,"for Metro-Atlantic, was most of the work that you",195.44369506835938,8.01331621950323,7.610608563895437,8.041729755699635,7.606399617577258,11,9
courtroom,9,I don't get confused now and I don't confuse,59.07714080810547,4.4190057998057455,5.8845281265988305,4.951609224401182,6.220926069522836,10,9
courtroom,9,"When you came in off of Route 44, it",105.63777923583984,6.474391990237766,6.722981979755018,6.617039769887924,7.224213119109001,9,9
courtroom,9,"Do you have a memory as to whether, at",71.9686279296875,6.298556831147936,6.169295916278143,6.406092077493668,6.091392358843903,9,9
courtroom,9,Line 17 of this transcript of your trial testimony,407.67291259765625,7.717246383428574,8.671269013056051,7.717246383428574,8.671269013056051,8,9
courtroom,9,just remember there were rows of drums out there.,147.775634765625,6.461995681126912,7.207264457498029,6.461995681126912,7.207264457498029,9,9
courtroom,9,"could you put a ""W"" for where you worked?",74.55408477783203,7.499755642630837,6.220215648814956,7.36109964935868,6.225560255471429,11,9
courtroom,9,nothing but the truth in the matter of EMHART,118.42643737792969,8.205320930480957,6.887844203656657,8.256228499942356,6.802278432923716,10,9
courtroom,9,line of ownership because I used to see these--,345.22894287109375,7.786757628122966,8.431406939640548,7.786757628122966,8.431406939640548,9,9
courtroom,9,"water turn cloudy, I'm betting it did but I",290.3616943359375,7.182200384140015,8.181703942236437,7.059487342834473,8.570127259474546,10,9
courtroom,9,so there was probably little bad drums that came,951.6231079101562,6.768966495990753,9.893358717393678,6.768966495990753,9.893358717393678,8,9
courtroom,9,had -- some barrels that were brought in for,194.131103515625,7.612851291894913,7.6008858609733325,7.612851291894913,7.6008858609733325,8,9
courtroom,9,"Once I hit it with the hose, the water",37.24518585205078,7.427648173438178,5.2189819228911185,7.772768825292587,5.603062774845124,9,9
courtroom,9,Going back to what you just talked about a,24.423526763916016,4.6743312031030655,4.610199654167159,4.6743312031030655,4.610199654167159,8,9
courtroom,9,moving to strike because I think it was improper,115.9125747680664,7.200143098831177,6.856893048703953,7.200143098831177,6.856893048703953,8,9
courtroom,9,where the barrels to be burned were placed on.,79.6680908203125,7.3103712399800616,6.315929489032701,7.3103712399800616,6.315929489032701,9,9
courtroom,9,So that was closer to the time that you,33.2287712097168,6.711486369371414,5.054360835077723,6.711486369371414,5.054360835077723,8,9
courtroom,9,work on them if they weren't fit for sale.,41.137237548828125,6.139463285822421,5.36237265115876,6.30155794058616,5.40249169916664,10,9
courtroom,9,they were close families as Italians are and I,513.0638427734375,6.947840601205826,9.002992842432699,6.947840601205826,9.002992842432699,8,9
courtroom,9,"probably in here, where we did -- we sandblasted",145.7443389892578,7.0282117616046555,7.187294053788008,7.373481031921175,7.893314917676632,11,9
courtroom,9,So this may have been -- when I'm saying,101.87867736816406,6.7145299381679955,6.670706548698895,6.722208470106125,6.652319923705512,9,9
courtroom,9,"the building, and -- and not all products went",358.7155456542969,8.128774642944336,8.486694992747001,8.203847616910934,9.112476262901083,9,9
courtroom,9,"that door, and that was right pretty much over",207.92041015625,7.406914393107097,7.699885669848407,7.353540658950806,8.0940356706231,9,9
courtroom,9,And just trying to make sure we have as,29.885814666748047,5.795495301485062,4.90138877860446,5.795495301485062,4.90138877860446,8,9
courtroom,9,recall what -- do you recall that the barrels,708.1007080078125,8.287237697177464,9.467806121875052,7.957984983921051,9.25636073526567,9,9
courtroom,9,start on Smith Street and work my way south.,122.40641784667969,6.701762252383762,6.9355338921835905,6.701762252383762,6.9355338921835905,9,9
courtroom,9,have even been-- it's a fuzzy memory and my,213.77426147460938,7.783723974227906,7.739942953447999,7.865322172641754,7.856670729889065,10,9
courtroom,9,testimony of said witness was duly recorded by me,143.93807983398438,7.950579643249512,7.169303045851947,7.876043319702148,6.837690834906725,9,9
courtroom,9,"that Dumpster, so we could just go to that",85.1743392944336,8.604262395338578,6.412347205919669,8.266937255859375,6.156623606956012,11,9
courtroom,9,"I'm sorry, wrong page -- Page 29 of that",356.5079650878906,7.371606302261353,8.477789818567953,7.382266700267792,8.860032533554104,10,9
courtroom,9,And then there is an arrow and the words,113.30404663085938,7.290663063526154,6.824054764191434,7.290663063526154,6.824054764191434,8,9
courtroom,9,drums that were nasty and didn't have any resale,111.67750549316406,7.944471211003309,6.8031939859660175,8.196442036630792,6.951179501447154,11,9
courtroom,9,E-000002.000602 and I'll ask you to look at Lines,205.27838134765625,7.397997458775838,7.681420914907745,6.64528062088149,6.742824006878581,15,9
courtroom,9,weren't -- that were called leakers and they were,177.14878845214844,7.654366027225148,7.468817086358655,7.853466793894768,7.150550312456201,11,9
courtroom,9,was at the end of one of the walls?,42.26198196411133,6.540140642060174,5.401288418088837,6.540140642060174,5.401288418088837,9,9
courtroom,9,"the -- the tank to those storage facilities, or",572.0903930664062,8.948936992221409,9.160098085218554,9.244245052337646,9.825364948795542,9,9
courtroom,9,I think her name was Maryanne or something like,77.30339050292969,8.233782768249512,6.272459282457698,8.131746411323547,6.006951448499793,9,9
courtroom,9,presume you used the hose along with the other,154.11024475097656,7.84255666202969,7.267818683879572,7.53960046172142,7.003425446774558,9,9
courtroom,9,"more or less, of this -- of the peninsula.",126.8206558227539,9.060710430145264,6.986645094553895,9.064936319986979,7.1386913597709025,10,9
courtroom,9,inspected and they weren't going to do any more,55.98039245605469,6.728161424770951,5.806848815860029,6.539429523283616,5.549530392965009,10,9
courtroom,9,That loading area had to do with NEC and,576.7613525390625,6.801544934511185,9.171802189410009,6.801544934511185,9.171802189410009,8,9
courtroom,9,Can I ask you to look at the deposition,39.76947784423828,7.2836692333221436,5.313589208144654,7.2836692333221436,5.313589208144654,8,9
courtroom,9,"from the Emhart v. Home Insurance case, so I'm",484.6719055175781,7.613425135612488,8.920862038703124,7.7502955595652265,8.87347921398498,12,9
courtroom,9,They -- they had some vats and they made,147.55889892578125,7.2883387141757545,7.205147085090484,7.55526602268219,7.4510231390372645,9,9
courtroom,9,"were stacked in long piles, long rows on their",168.42950439453125,6.4597353670332165,7.395999782918442,6.4358422458171844,7.48792127131834,9,9
courtroom,9,yourself and let me know when you've read them.,31.67074203491211,6.057515664534136,4.985078760533005,5.667524629169041,4.404187344983523,11,9
courtroom,9,the west and the tail was to the east?,197.35189819335938,6.523305177688599,7.62462577257976,6.523305177688599,7.62462577257976,9,9
courtroom,9,Texas Tower wasn't there and then it was built?,130.87794494628906,6.438726607337594,7.032077770863454,6.731370868161321,7.40333503315632,10,9
courtroom,9,there is a trapezoidal building; do you see that?,70.57488250732422,6.199546207984288,6.141082339124124,6.527337952896401,5.58995671523445,12,9
courtroom,9,"drums and covers, so it's another station in there",189.60702514648438,7.9651335369456895,7.566868422088788,7.930205672979355,8.040992002249952,11,9
courtroom,9,"""And did you ever see the water outside the",58.65872573852539,7.418895403544108,5.874273394125513,7.237798392772675,5.298734897919403,9,9
courtroom,9,timecard in each building because at one point in,229.2997283935547,6.759510331683689,7.841089274093548,6.43201145529747,7.307119509251656,9,9
courtroom,9,It was there one of the summers that I,81.02584838867188,6.358004540205002,6.340310018936492,6.358004540205002,6.340310018936492,8,9
courtroom,9,strong man throwing those drums was able to stack,767.8063354492188,7.502400049939752,9.58459720419721,7.502400049939752,9.58459720419721,8,9
courtroom,9,"you that, because there was a catwalk, a metal",81.62428283691406,7.764323841441762,6.350926438686854,7.7683620651563015,6.676125489266016,11,9
courtroom,9,"As near as I can remember, I never went",11.27258586883545,5.280429045359294,3.4947467584421097,5.276729837059975,3.7229875963297445,9,9
courtroom,9,"I did, if that's on this piece of paper.",57.682979583740234,5.704101042314009,5.850074106578356,5.8021416399214,5.732729806559693,11,9
courtroom,9,When they filled the -- the truck pulled up,288.7563171386719,8.250913798809052,8.173703859298339,8.250913798809052,8.173703859298339,8,9
courtroom,9,"Metro-Atlantic, if you could look at Page 35 --",266.3580017089844,7.6243321245366875,8.057220736861963,6.637654513120651,8.037550170052224,11,9
courtroom,9,shipped to a customer would be loaded on the,132.73849487304688,8.132871362898085,7.0524427911639584,7.8820608258247375,6.850969568663162,9,9
courtroom,9,and that's where the drums would be painted the,166.12579345703125,7.509571605258518,7.3761312365204725,7.538567990064621,7.821081596203182,9,9
courtroom,9,"and for NECC, did you have an understanding of",138.74757385253906,7.794340586662292,7.116281838007488,7.382142076889674,6.99662726060728,10,9
courtroom,9,and the other place being owned -- they were,343.3855285644531,8.59185104072094,8.4236846286482,8.59185104072094,8.4236846286482,8,9
courtroom,9,"I said, that whole thing is foggy to me.",41.09526824951172,5.600020506165245,5.360900307883564,5.992121968004438,5.582669570363808,11,9
courtroom,9,It would drain into an area underneath that rack.,408.65032958984375,6.682147608862983,8.674719069419899,6.682147608862983,8.674719069419899,9,9
courtroom,9,"Now, to the east of the Texas Tower is",68.874267578125,7.7245486577351885,6.10589240642149,7.576463133096695,6.256097934570263,9,9
courtroom,9,It might have been there a year or two.,29.76809310913086,4.9091614617241754,4.895695404455637,4.9091614617241754,4.895695404455637,9,9
courtroom,9,I didn't say it was going to fall down,21.072420120239258,5.271530587226152,4.397283976698087,5.551108694868162,4.541352047546902,9,9
courtroom,9,I am taking his place today so I just,154.1597137451172,6.839375853538513,7.268281507243165,6.839375853538513,7.268281507243165,8,9
courtroom,9,"If it was below grade, how did -- how",199.14573669433594,6.767847485012478,7.637677998503752,6.856075495481491,7.893866741027245,9,9
courtroom,9,"were looking at the map, you made a statement",65.38716125488281,7.150461594263713,6.030935144133483,7.273145794868469,6.204121055855069,9,9
courtroom,9,"tanks were on the other side, not against the",48.855403900146484,7.199468243122101,5.610445969132226,7.1071125119924545,5.040336804878645,10,9
courtroom,9,"have been '62, '63 and maybe '64 or --",73.94400024414062,5.408871948719025,6.2083601778543285,5.375437368949254,6.935267213343469,12,9
courtroom,9,"going to come around there, if you don't mind.",21.880985260009766,5.8868026891723275,4.451605988087939,6.188155766731749,4.769542473797053,11,9
courtroom,9,-- or did the tanker truck pull up to,176.21524047851562,8.476463377475739,7.461192766796081,8.476463377475739,7.461192766796081,8,9
courtroom,9,This is a copy of a plan that was,23.23362922668457,7.522811591625214,4.538142546134942,7.522811591625214,4.538142546134942,8,9
courtroom,9,One of the final steps for drums to be,88.68804168701172,7.32501345872879,6.470632114411515,7.32501345872879,6.470632114411515,8,9
courtroom,9,So it would be fair to say you didn't,15.73717975616455,4.0996201071474285,3.9761051185201737,4.0996201071474285,3.9761051185201737,9,9
courtroom,9,you if that refreshes your recollection as to the,72.48371124267578,4.678909262021382,6.179583303896345,4.971865393221378,6.843595078995088,9,9
courtroom,9,but it got murky and after that it becomes,231.45269775390625,7.126601696014404,7.854572852336614,7.126601696014404,7.854572852336614,8,9
courtroom,9,"""Burner,"" that would be where the actual fire was?",131.01968383789062,8.331441481908163,7.033638920403004,8.189724233415392,6.436023777443034,12,9
courtroom,9,Most of the time I was in the main,22.608402252197266,8.15183174610138,4.498787376877882,8.15183174610138,4.498787376877882,8,9
courtroom,9,"delivery truck, whatever it was, would pull up to",70.56256866455078,6.593348004601219,6.140829863771174,6.007002174854279,5.325222741883459,11,9
courtroom,9,"it was there for a good eight months anyhow.""",63.61396408081055,6.095959091186524,5.99127057862526,6.4432458480199175,6.382012198843444,10,9
courtroom,9,have any interest in said matter and that the,80.05327606201172,7.9769183695316315,6.322888620883753,7.9769183695316315,6.322888620883753,8,9
courtroom,9,the inflow on the right side of the building?,49.91531753540039,7.292532587051392,5.641410541354756,7.499536249372694,5.485734608558122,10,9
courtroom,9,press and the reserve salt made outside of the,352.86077880859375,9.053083717823029,8.462953307223565,9.053083717823029,8.462953307223565,8,9
courtroom,9,One was reserve salt; the other one was 40-S.,284.82611083984375,7.363722066084544,8.15392332899252,7.638516161176893,8.71805484766049,12,9
courtroom,9,"of Exhibit 1, the deposition of December 17, 2002",126.0550308227539,7.254075014591217,6.977904313353508,7.67136237770319,7.885947833453083,10,9
courtroom,9,turn this map so Mr. Nadeau can see it.,66.1511459350586,7.313714901606242,6.047693855113483,7.527199837896559,6.562248424815667,12,9
courtroom,9,because they had pipes on the outside that the,132.92991638183594,6.910457015037537,7.054515836217054,6.910457015037537,7.054515836217054,8,9
courtroom,9,part and the other one controlled the other part.,95.44387817382812,9.165037234624227,6.576580854385217,9.165037234624227,6.576580854385217,9,9
courtroom,9,drums that were prepared to be shipped or needed,140.46658325195312,8.18910519282023,7.1340825895424365,8.003350794315338,6.768016106412146,9,9
courtroom,9,be said is that Metro-Atlantic and NECC were run,1011.308837890625,7.764082182537425,9.98200178402201,8.216539864738783,10.343106292487768,11,9
courtroom,9,You could see the fish and turtles in it.,55.40788269042969,7.8475667635599775,5.792018888170848,7.8475667635599775,5.792018888170848,9,9
courtroom,9,"processing area No. 2, I'm guessing that was the",92.5909194946289,8.130237926136363,6.532797665302838,8.038240164518356,7.060200365951818,11,9
courtroom,9,particular color that the -- that the buyer wanted,716.9239501953125,9.560913456810844,9.485673496510096,9.412559866905212,9.018419699998406,9,9
courtroom,9,"Mr. Nadeau, I'd like to ask you to look",16.170379638671875,6.254844372089092,4.015281620602364,5.740123271942139,3.403543771578768,13,9
courtroom,9,the tanker trucks could lock onto and pump through,590.4833374023438,7.4607667326927185,9.205749050650505,7.4607667326927185,9.205749050650505,8,9
courtroom,9,"reserve salt was dried, I was either throwing the",687.1671142578125,8.311443662643432,9.42451539401075,8.189671635627747,9.157664647465193,10,9
courtroom,9,you kind of get that into your mind's eye?,31.70585823059082,6.427984222769737,4.986677411834166,6.7771136280563145,5.012830406709423,10,9
twitch,9,It was watching the stream when it killed me.,91.12574768066406,7.159328593148126,6.509785539433996,7.159328593148126,6.509785539433996,9,9
twitch,9,He's going to have a big stake over here.,45.828582763671875,5.7246324717998505,5.518176361271317,5.321538812584347,5.5542510755835846,10,9
twitch,9,yeah this way wait that doesn't make any sense,86.35375213623047,4.94326461210019,6.4321856413705545,5.163923674379475,7.007802097022125,9,9
twitch,9,"Wait, wait, wait, you gotta get the organs out.",27.59302520751953,5.6780800720055895,4.786231027759717,6.012320511870914,5.252219134282266,12,9
twitch,9,"Guys, when I have to pee, do I disappear?",63.56647872924805,7.016473313172658,5.990194376401283,6.618101958875303,5.905315479173856,12,9
twitch,9,How do you go to the floor for tracks?,126.09434509277344,6.471117814381917,6.978350708888092,6.471117814381917,6.978350708888092,9,9
twitch,9,You're good. You're good. Let's go. Let's go. Oh,8.502492904663086,4.945966586470604,3.087885930100062,4.945966586470604,3.0878859301000623,16,9
twitch,9,"Skin him yeah, I gotta relax for a second",117.64998626708984,6.65584052933587,6.878357401184862,6.589474052190781,7.377704101642809,9,9
twitch,9,Oh the stagels fight the t-rex no way oh,585.3773803710938,8.478660280054266,9.193222776882827,8.79696493347486,9.230048146468981,11,9
twitch,9,"Yeah, there's a big, big, big Rex right there.",31.318002700805664,6.276319311215327,4.968908236032956,6.290980186727312,5.813813021681055,13,9
twitch,9,I'd love to know where this place is I,40.25056076049805,5.544796678755018,5.330937040413795,5.208471775054932,5.244949271874631,9,9
twitch,9,the rocker like on the sand oh he was,530.4779663085938,8.634720166524252,9.051139536078855,8.678731262683868,9.175712548655397,9,9
twitch,9,You can't see him. He's against the mountain side.,64.94269561767578,6.920401970545451,6.0210947904715075,7.009888410568237,6.414997178321157,12,9
twitch,9,let me go talk on a Wednesday with me,252.6388397216797,7.034556418657303,7.980932642704855,7.034556418657303,7.980932642704855,8,9
twitch,9,"Let's just, oh yeah, we gotta be, let's, yeah.",44.873130798339844,5.737920198837916,5.487779853007625,5.629466894600126,5.394624118968266,15,9
twitch,9,We'll go down this road all the way first,48.94308853149414,5.443959010971917,5.613033377489308,5.023277625441551,5.383470657743692,9,9
twitch,9,"We need to go peanut. Yeah, I got some",119.09273529052734,5.699685728549957,6.895914799300546,6.065670974552631,7.2772243081339045,10,9
twitch,9,And I see we lay down this this whole,388.6172790527344,7.781742036342621,8.602205608827298,7.781742036342621,8.602205608827298,8,9
twitch,9,There's a little- there's a little guy right here.,47.0718994140625,5.385394791762034,5.5567711934616755,5.516828444268969,5.291668679411363,12,9
twitch,9,Another matter this is this is a New York's,228.87435913085938,7.4935790167914496,7.8384118400322285,7.4935790167914496,7.8384118400322285,9,9
twitch,9,Where's this food? There he is! There he is!,23.797935485839844,5.586022307475408,4.5727641669438635,4.89319203959571,4.344474030584021,12,9
twitch,9,the casino which I've been on. Black! Black! Black!,71.65882873535156,6.950793981552124,6.163071683500304,7.129659758673774,6.585397861115958,13,9
twitch,9,see a pack symbol on my screen I use,361.3182067871094,7.077625125646591,8.497124746145825,7.077625125646591,8.497124746145825,8,9
twitch,9,"Maybe he's not here. Oh, is he dead guy?",50.3948860168457,5.726001004378001,5.655204334047531,5.599902841779921,6.020331020729112,12,9
twitch,9,"Okay, buddy, it's one chicken. What do you think?",24.80473518371582,5.35199343241178,4.632543670584047,4.904761261410183,4.464618195931888,13,9
twitch,9,"To be fair, we are stealing his fucking shit.",63.21316146850586,7.372404980659485,5.982151971223808,7.62292042043474,6.3392491850889785,10,9
twitch,9,What was that? You should go on without you?,59.97325897216797,6.918809509277343,5.906247189449868,6.872544341617161,6.112991708533735,10,9
twitch,9,"Don't you worry, we'll take care of you, jeez.",13.192899703979492,5.67298806990896,3.721689652872724,5.0262428058518305,3.368684454688993,14,9
twitch,9,I don't care what type of dial they are!,49.35719680786133,5.285702383331954,5.625188165046311,5.636225213503672,5.950536312479714,10,9
twitch,9,"Wait, can we all take turns with a visitor?",80.72616577148438,6.94377875328064,6.334963082818517,6.679720613691542,6.418487650886373,10,9
twitch,9,"Hey, she was bought it out here. Holy shit",137.557861328125,6.586191034317016,7.103895078587135,6.326600104570389,7.109638042916464,10,9
twitch,9,"There's a white, there's a white, there's a white.",10.96496868133545,4.921741472823279,3.454829781516911,4.982810142967436,3.786006631753393,14,9
twitch,9,"Wait, should we just kill one of our friends?",32.18844985961914,6.8783907175064085,5.008470650054615,6.607067240609063,4.68228121043112,10,9
twitch,9,"Rock, I should be pinned these two right here.",138.67051696777344,7.407259178161621,7.115516976986773,6.98737457063463,7.241804871058276,10,9
twitch,9,"Oh my god, the ability to kill them, bro",79.7369155883789,6.82577965259552,6.317175063453936,7.047375932335854,6.266723055458787,10,9
twitch,9,edible or not I don't have I don't have,35.83742141723633,5.6260280267081475,5.163394725852381,5.950875586597249,5.400017380175759,11,9
twitch,9,Have to restart. I think I can do anything,60.95875930786133,6.730548805660671,5.929761677704911,6.729647070169449,5.910753599059815,9,9
twitch,9,"Oh, shit. Oh, shit. Just testing out the merchandise.",50.7569580078125,6.275973081588745,5.665530999071289,6.555773509873284,6.34440804896434,13,9
twitch,9,Yeah we don't know what we're doing without you.,12.69895076751709,4.996323094703257,3.666637434372969,5.405632328397284,4.1417898847077,11,9
twitch,9,"Yeah, we need some water. We need some water.",12.91877555847168,6.217318686571988,3.691397743313814,6.086664014392429,3.7949822548356917,11,9
twitch,9,How many sets does it take to pin him?,65.42402648925781,5.474227911896175,6.031747903897432,5.474227911896175,6.031747903897432,9,9
twitch,9,Did I have to find the air and pee?,122.97102355957031,7.98257123099433,6.942174788833108,7.98257123099433,6.942174788833108,9,9
twitch,9,other us oh my god I've never had my,71.03076171875,6.791870541042751,6.1503713117034975,6.978762835264206,6.452296013958454,9,9
twitch,9,"I can't move, I just can't, there's no chance.",18.590984344482422,5.311370685696602,4.216531403120699,5.650425240949348,4.4864570475241505,14,9
twitch,9,"Hop on it, hop on it, hop on it.",7.941133975982666,4.681274292143908,2.9893452100854248,4.446774995989269,2.7314018309776653,11,9
twitch,9,Are you behind you? He was on my back,83.39257049560547,7.22727452384101,6.381846521085355,7.433687835931778,6.503269065195235,9,9
twitch,9,"B, B, B, B, B. Over here, over here.",16.322824478149414,6.235210394859314,4.028818551047,5.95956634150611,4.10769474905405,15,9
twitch,9,"OK, we're in the eyeballs now, so that's good.",23.615169525146484,6.360545430864606,4.561641356226365,6.364926258722941,5.0565391502865715,14,9
twitch,9,"Do the little thing with your teeth, will you?",53.16648483276367,8.425967264175416,5.732444830087713,8.478506008783976,5.703039651538358,10,9
twitch,9,"Alright, come on, come on, come on, come on.",4.116683006286621,4.41338616838822,2.041482344171547,3.7532868219746485,1.6700684491538271,13,9
twitch,9,I need people coming back. How are you doing?,43.90712356567383,4.973869800567627,5.456383440219382,4.915448745091756,5.403513345447555,10,9
twitch,9,I might just snap his neck just for fun.,95.12165832519531,6.160140090518528,6.571701282205767,6.160140090518528,6.571701282205767,9,9
twitch,9,I-I think that's how many official servers are at.,153.15957641601562,7.8957135279973345,7.258891420225055,7.626116063859728,7.729986262070109,12,9
twitch,9,"We got to eat, we got to snack good.",72.81600189208984,5.565991771221161,6.1861816709405595,5.422837932904561,6.497929270818141,10,9
twitch,9,"Yeah, we'll be break. Then we're good to go.",39.118648529052734,4.8591026572080755,5.289780472888392,4.586445854769813,5.166194090616132,13,9
twitch,9,We got Z lead or any any muddies. Oh,761.3042602539062,7.988052931698886,9.572325654234378,8.229431480169296,11.020845347192513,11,9
twitch,9,It's got you the turtle catch it the turtle,515.9329833984375,7.477721373240153,9.01103859819657,7.338752776384354,9.309644476677217,9,9
twitch,9,he telephoned it back to us after he died.,40.96828842163086,5.743270471692085,5.356434971116557,6.1003101617097855,5.698862883591595,11,9
twitch,9,"Wait, wait, wait, wait, wait, I'm just following Peter.",15.813209533691406,4.617152198155721,3.983057929067311,4.896559702025519,4.961125418623245,15,9
twitch,9,"Oh, you know, you hear that? You heard that?",12.117755889892578,6.354892651240031,3.599050733669989,6.033782535129124,3.639873394176542,12,9
twitch,9,"Yeah, my shit's fucking the queen. It is depleting",172.5140838623047,6.63959139585495,7.430570482408165,6.589797841178046,8.395565695708838,12,9
twitch,9,That's not working either damn it um shit shit,1064.2564697265625,5.464007284906176,10.055619421460142,5.096439465880394,10.785318639585523,9,9
twitch,9,He's close to this big rock on our left.,105.84693145751953,7.277226567268372,6.725835165804691,7.046643363104926,6.53985073166427,10,9
twitch,9,"Well, I'm gonna want a farm for a second",69.13743591308594,6.847657322883606,6.111395378231265,6.767896682024002,6.701379983230105,10,9
twitch,9,"Wait, are you guys directly like west right now?",211.4043426513672,6.615866076946259,7.723857249671061,6.31537319554223,7.908777367503916,10,9
twitch,9,"I'm on the way boys, I hear a lot.",84.46417236328125,6.489166433160955,6.400261075427881,6.216432597902086,6.695649303593688,11,9
twitch,9,Can I buy a job out of my group?,57.805206298828125,7.331537988450792,5.85312803749791,7.331537988450792,5.85312803749791,9,9
twitch,9,"Also, for legal purposes, this is all a joke.",25.93016242980957,6.968927795236761,4.69655933317761,6.860009696748522,4.899026705456278,11,9
twitch,9,what percentage are you guys at? I'm at 27.8,55.55198287963867,6.831972082455953,5.795766054606999,6.979496796925862,6.4489531774322995,12,9
twitch,9,My whole book is a chance they crock oh,829.939697265625,6.394905063841078,9.696856014330626,6.693771049380302,9.700182720158802,9,9
twitch,9,I think it's the first day of our museum!,62.13365173339844,7.027105522155762,5.957302662643974,7.219071759117974,6.276731520551157,10,9
twitch,9,"are you okay? Yeah, I'm good. I'm good. I'm",8.927258491516113,5.203309392929077,3.158217445875105,5.588842882050408,3.609574316405473,15,9
twitch,9,"No, you can't you already had a red stomach",137.74183654785156,7.427390670776367,7.105822549875969,7.53578794002533,7.566983318282971,10,9
twitch,9,okay do nothing I can't I'm stuck I'm stuck,85.04122924804688,6.958256244659424,6.410090669426874,6.957345873117447,6.504091722244145,12,9
twitch,9,"oh, you got to go my me hold on",267.67706298828125,7.412098460727268,8.064345263597595,7.0050548911094666,8.47777667143938,9,9
twitch,9,Where it wipes all the corpses off the map?,114.3863296508789,6.404227389229669,6.837768046575473,6.404227389229669,6.837768046575473,9,9
twitch,9,You do go out what are we gonna? I?,283.74908447265625,5.683948087692261,8.148471750578205,5.718984815809462,8.23213004997502,10,9
twitch,9,We look he diminished or grew by a lot,734.5936889648438,7.573536515235901,9.52079474114166,7.573536515235901,9.52079474114166,8,9
twitch,9,"Spockham, what the fuck do you say to me?",35.25981521606445,6.943984905878703,5.139952365298479,5.8297594918145075,3.8827007372890225,12,9
twitch,9,but then wait the bird tried to attack me,246.92996215820312,6.530293136835098,7.947956958566391,6.530293136835098,7.947956958566391,8,9
twitch,9,right into the right oh my god I'm hurt,118.97098541259766,7.551537328296238,6.894459945671857,7.693369209766388,6.874154279735901,9,9
twitch,9,My stupidity generates kind of bad so is it,921.1132202148438,7.310781963169575,9.847232196547262,7.310781963169575,9.847232196547262,8,9
twitch,9,"Oh, I need to shake that beat the wrapper",294.4432373046875,6.664136250813802,8.20184100780623,6.3724274933338165,8.802021287200406,9,9
twitch,9,Everybody wants to see the content. I think you're,32.09687805175781,6.69735369682312,5.004361229101621,6.774701356887817,5.084206916053787,10,9
twitch,9,I don't know. Maybe it's part of our diet.,17.5552978515625,4.906895813687394,4.133834688854786,5.231016847718921,4.402431225574602,12,9
twitch,9,Yes yes yes of course no worries no worries.,87.21041107177734,7.7308346960279675,6.44642847298798,7.7308346960279675,6.44642847298798,9,9
twitch,9,We're we'll up the road up the road up,182.09869384765625,7.072657823562622,7.5085753479569295,6.848969787359238,6.708391978968324,10,9
twitch,9,I'll pay five bucks to devour them right now.,89.32197570800781,5.5526155991987745,6.480941802648812,5.316906995243496,6.521967438920161,11,9
twitch,9,And don't even get me counted on sperm count,247.39524841308594,4.309412344462341,7.950468954513763,4.425395818892866,8.571369910404323,9,9
twitch,9,"I'm hiding you, I'm hiding you, I'm hiding you.",11.084644317626953,5.057206353970936,3.47049029545165,4.71190184685919,3.4127429478870233,14,9
twitch,9,"Three? We all go at the same time, yeah?",37.54361343383789,5.601883519779552,5.230495545050005,5.060893456141154,4.857389710059975,11,9
twitch,9,You're up you're both Alice sources you dumbass guys,1136.1080322265625,6.511049270629883,10.149859353798028,6.291894614696503,11.383380797245044,11,9
twitch,9,I don't know how to use on that. Oh,36.654720306396484,6.206791776232421,5.195927481507247,6.560543086263351,5.589618848322111,10,9
twitch,9,I don't know. It's pretty good. Second time around.,23.114850997924805,5.456318502099468,4.53074806156435,5.942224750812683,4.735700087463246,13,9
twitch,9,"Wait, did I just walk right past you guys?",22.02458381652832,5.923897361755371,4.461042709045673,5.546519067552355,4.270520472743457,10,9
twitch,9,I just got two tapped by a baby staggo.,717.4862060546875,7.954106760025025,9.48680049466814,8.206816381878323,9.621777114094222,10,9
twitch,9,Are you swamped as the best spot for growth?,216.66464233398438,7.3784757375717165,7.7593191104581605,7.701208485497369,7.9031267774522895,10,9
twitch,9,"Yeah, I need that food I need that food",40.324310302734375,6.574297746022542,5.333577654760576,6.413015067577362,5.632666211155149,9,9
twitch,9,"Thank you, Bob. What do you think you've done?",14.837681770324707,5.34149128695329,3.891193669932335,5.119112339284685,3.570035660909452,12,9
twitch,9,You know you know what I look like no,63.804134368896484,5.341800332069397,5.995577778505794,5.341800332069397,5.995577778505794,8,9
twitch,9,"Same oh my god, we're gonna be prime score",147.5845184326172,7.094833612442017,7.205395514987531,7.2618749141693115,8.174851773024454,10,9
twitch,9,We the we be ice you can do that,530.6295166015625,9.487883687019348,9.051558094247515,9.487883687019348,9.051558094247515,8,9
twitch,9,this guy mad at me by the way what,181.32839965820312,6.842828631401062,7.502459218289271,6.842828631401062,7.502459218289271,8,9
twitch,9,I killed dinos for just looking at me funny.,259.673583984375,6.662314510345459,8.02055509491981,6.533943467670017,8.147214719939852,10,9
twitch,9,so we're gonna go get deers and sell planes.,174.1965789794922,7.863471334630793,7.444572397073419,7.907020065519545,7.872896254346902,11,9
twitch,9,we're coming over peanut can you see yet what,1559.6083984375,5.928455909093221,10.606761226405885,5.483078956604004,10.88679151442625,9,9
twitch,9,"Oh, yo, GD, there's a GD, there's a GD.",33.65224075317383,6.779356797536214,5.072623919577177,6.801562574174669,5.121106937041313,15,9
twitch,9,We've not been respecting the pack size whatsoever anyways.,525.3252563476562,6.7785484790802,9.037064767954215,6.602247794469197,9.1924514117161,10,9
twitch,9,"we're going to sell planes for food, I think,",71.57479095458984,6.236416242339394,6.161379601543687,5.862652235560947,6.340879070030906,11,9
twitch,9,"Good, good, good. Yeah, I've got no wounding there.",42.88425064086914,6.117003270557949,5.422230733982703,6.027626487943861,6.45083286482296,14,9
twitch,9,professional looking at you taking advantage of the loser,334.7222595214844,7.487799603492022,8.386805077767473,7.487799603492022,8.386805077767473,8,9
twitch,9,"Oh yeah, there's a little fairy in here, Ron.",50.93264389038086,6.104965070883433,5.67051851146368,6.362073699633281,6.128100850999765,12,9
twitch,9,"Oh my god, there's a pack coming for us.",37.05165481567383,5.280553015795621,5.211465572751727,5.396695494651794,5.783375046310912,11,9
twitch,9,"Oh my God, I think I'm gonna go there.",12.628849029541016,5.87007585438815,3.658650817417636,5.9771773020426435,4.017189269118064,11,9
twitch,9,Go up here go north east go north east,142.94058227539062,6.418525815010071,7.159271908186315,6.418525815010071,7.159271908186315,8,9
twitch,9,We got a bull on it with a peasant.,159.26553344726562,7.780390050676134,7.315289413081392,7.780390050676134,7.315289413081392,9,9
twitch,9,"We're gonna find beer and borer, we gotta think.",303.51287841796875,6.527216891447703,8.245612251325321,6.089400220800329,8.454232740800867,12,9
twitch,9,"Well, okay, looks like we're both done getting fried.",35.962974548339844,5.8244316180547075,5.168440382922859,5.7163437604904175,5.038445041296608,12,9
twitch,9,"You get him, kill him, kill him, kill him.",10.826165199279785,5.0766896804173784,3.4364506724714796,4.889812880092197,3.4466767020193574,12,9
twitch,9,"I want you to die so fucking bad, Peter.",67.92329406738281,5.7884891629219055,6.085834561100727,5.683660043610467,5.914220682804378,10,9
twitch,9,"No, no, no, we didn't kill anything, no, oh.",18.590932846069336,4.921091937397917,4.2165274241421615,4.937583843349582,4.523311087514647,15,9
twitch,9,"My healing is almost ready, but I'm at 58%",104.6021499633789,6.457190990447998,6.708767903540305,6.743358453114827,7.3304948855231515,11,9
twitch,9,give him come come come come come he's weak,225.15821838378906,6.631212817298041,7.814795309688638,6.66873300075531,7.597143086098824,9,9
twitch,9,"No, no, no, don't eat the black dinosaur stall!",95.34481048583984,5.725311493071226,6.575080995385003,5.938431033243735,7.910447915162518,13,9
twitch,9,Rip out his guts and feast upon his corpse.,153.99880981445312,7.503204107284546,7.266775726192354,7.117629528045654,6.923762530281184,10,9
twitch,9,The chickens do it Ollie oops on me again,596.2771606445312,6.110621744936163,9.219835779750026,6.721361619730791,9.672118463484654,11,9
twitch,9,I can fuck you. I'm going to fuck you.,12.227880477905273,5.512660958550193,3.6121020741379124,5.384881258010864,3.7282035751239824,11,9
twitch,9,We said we said I think he's coming off.,84.51960754394531,5.64018702507019,6.401214424405668,5.662503083546956,6.57405278576981,10,9
twitch,9,Don't don't let me die. Don't let me die,10.57863712310791,5.263152700538437,3.4030819537546138,5.240722761955112,3.4376517413549945,12,9
twitch,9,"I don't know, I don't know if that's us.",10.473910331726074,4.438766620766658,3.3887278821486677,4.888677089785536,3.6699608768251477,13,9
twitch,9,I'm in fear dragon wrong. That's what I made,282.7456970214844,6.966759226538918,8.143301641146055,6.80607745051384,9.36870807245567,11,9
twitch,9,"Baby Carno, baby Carno, right here on the right.",69.49374389648438,7.042430653021886,6.11880972326674,7.538100628941148,6.14512337560951,13,9
twitch,9,"Well, I got the question, but I'm gonna go.",23.75906753540039,6.582300265630086,4.57040633129694,6.584402322769165,4.8274974878599375,12,9
twitch,9,"No shit, would we just fucking double donkey punch?",730.351806640625,7.252339172363281,9.512428349999217,7.343005180358887,9.738252650927286,10,9
twitch,9,"You can take it to eat up, yep, yep.",54.07655715942383,5.903383122040675,5.756931029176828,6.470501786028897,6.159598677670932,13,9
twitch,9,"Yeah, I got it. I'll bring it back up.",13.949423789978027,5.877629359563191,3.802133491134174,5.631940550274319,3.801842568655895,12,9
twitch,9,You know you're getting surrounded by a chicken and,81.08842468261719,6.6876953972710504,6.341423814021839,6.699462950229645,6.626217226108608,9,9
twitch,9,"All right pal, we're throwing dollars on that horn",336.9369201660156,6.6559080362319945,8.396333549175727,6.753957092761993,9.257922812089715,10,9
twitch,9,"Guys, we gotta get B and A right now.",59.19213104248047,7.486404635689476,5.887333323248011,7.002098842903419,5.8306208926264125,11,9
twitch,9,"Dude, this this old hold left click not right.",1300.7276611328125,7.181028626181862,10.345099783630822,6.985900243123372,11.193179423816195,11,9
twitch,9,"No that one's not good, that one's not good.",15.360025405883789,6.492071509361267,3.9411081999617052,6.594249857796563,4.060029888639723,12,9
twitch,9,"You know, you got to get about my nipples.",65.25052642822266,7.027986669540406,6.027917531552002,7.19338517718845,6.362765258404625,10,9
twitch,9,"Wait, wait, we just gotta go through the eyeballs.",37.67686462402344,5.793593396743138,5.2356064909249795,6.064087357785967,5.64370963044012,12,9
twitch,9,"Job is a female, so we can fuck Java.",200.05819702148438,8.500054836273193,7.644261984585891,8.340327315860325,7.9167353998951695,10,9
twitch,9,"You can't be a part of our pack, Loco!",88.7256851196289,7.498839249213536,6.471266221958796,7.560948464605543,6.385406816736029,12,9
twitch,9,What mutation is the- is- is best for third?,606.3416137695312,8.446159969676625,9.243983842300576,8.24571590953403,9.270216659294649,11,9
twitch,9,"Ready ready ready. Oh you see over there, okay?",127.91061401367188,6.075160525061867,6.998992190332202,5.944095558590359,7.169910365169165,11,9
twitch,9,How big would it be to kill a boar?,32.03893280029297,6.066160559654236,5.001753674455208,6.308167033725315,5.415691045146563,10,9
twitch,9,"Oh yeah, uh, what the fuck, that guy's cheating.",49.83323287963867,6.049435377120972,5.639035754472848,5.924523605240716,5.756844088652307,13,9
courtroom,10,you to read those lines to yourself and let me,43.61126708984375,7.376496156056722,5.446629407416571,7.376496156056722,5.446629407416571,9,10
courtroom,10,Do you want me to do a block around it?,39.952842712402344,5.907131999731064,5.320226355837165,5.907131999731064,5.320226355837165,10,10
courtroom,10,"there was a line in the sand, I don't know.",15.096112251281738,6.03284870639133,3.9161049883208094,6.426702088443562,4.227813478263183,12,10
courtroom,10,the land was as between ownership of one person or,402.9064636230469,7.103021727667914,8.654299522308865,7.103021727667914,8.654299522308865,9,10
courtroom,10,because that was the level of the tanks that the,56.392181396484375,7.938243654039171,5.817422857160953,7.938243654039171,5.817422857160953,9,10
courtroom,10,"18, and let me know when you're done looking at",26.85199737548828,6.475684859535911,4.746957550584613,6.0960214667850074,4.854676240082855,11,10
courtroom,10,just going to read your testimony aloud and if you,120.71066284179688,6.940907637278239,6.915410028947674,6.940907637278239,6.915410028947674,9,10
courtroom,10,"corner of the page, Mr. Nadeau, if you could read",52.01555633544922,8.068681542078654,5.700871799232337,8.140628702110714,5.745481768718693,15,10
courtroom,10,Let me show you Exhibit 4 and ask you to,65.21726989746094,5.477190163400438,6.027178145563772,5.477190163400438,6.027178145563772,9,10
courtroom,10,"or so ago, you observed -- well, we talked about",178.9647979736328,6.705868742682717,7.48352981172069,6.90083713001675,8.409700340672133,11,10
courtroom,10,down in the back part of the facility and dumped,69.36664581298828,7.382071256637573,6.1161698783814655,7.382071256637573,6.1161698783814655,9,10
courtroom,10,delivered by a vendor used for storage to be used,236.0296173095703,8.492701244354247,7.882823138768179,8.349889384375679,7.782773090559049,10,10
courtroom,10,So was most of the work that you did for,29.042896270751953,6.986669805314806,4.86011352978441,6.986669805314806,4.86011352978441,9,10
courtroom,10,I'd ask you to look at Exhibit 8 and see,51.30956268310547,5.99239981174469,5.681154213457594,5.743178023232354,5.398880788755754,10,10
courtroom,10,stretch our legs a minute and let me talk with,218.87216186523438,7.0157630205154415,7.773944412998935,6.63284436861674,7.173848437775059,10,10
courtroom,10,would change to the color of whatever was on the,52.816837310791016,7.760193347930908,5.722925801691567,7.760193347930908,5.722925801691567,9,10
courtroom,10,would get ported by a big flexible hose to a,631.3345336914062,8.351809395684135,9.302253776482017,8.351809395684135,9.302253776482017,9,10
courtroom,10,where the reserve salt was dried and one was the,345.80029296875,8.68072419696384,8.433794273926754,8.68072419696384,8.433794273926754,9,10
courtroom,10,"was -- was cleaned, some of that would be dumped",184.8067626953125,7.642884874343872,7.529873878181671,7.7925253709157305,7.578494847951368,10,10
courtroom,10,to where or what happened to the liners that were,95.9214859008789,7.10478446483612,6.583779987848864,7.390308181444804,6.808653375158007,10,10
courtroom,10,"conversation you said mark it with an ""A"" or mark",93.19158935546875,6.330549478530884,6.542125080576989,6.378476328319973,6.991951923003979,13,10
courtroom,10,that the drums to be reconditioned were fed to the,66.57159423828125,6.424905289585392,6.056833320264531,7.703922069528037,7.208754077210291,12,10
courtroom,10,put it on this rack and it would start getting,102.79730224609375,7.451618459489611,6.683659020158933,7.451618459489611,6.683659020158933,9,10
courtroom,10,"how it was constructed, whether it was metal or --",76.36238098144531,7.11346926689148,6.254789362288216,7.152213282055325,6.353604402229473,10,10
courtroom,10,"knowledge, when it ran out of the drum onto the",120.83465576171875,7.539608097076416,6.916889570616382,7.256131437089708,6.956954671722406,10,10
courtroom,10,sold to a customer was they needed to be painted,197.1671600341797,8.649622864193386,7.623275785173336,8.649622864193386,7.623275785173336,9,10
courtroom,10,Could the folks who are on the phone just identify,100.1514663696289,8.248762793011135,6.64603935596436,8.248762793011135,6.64603935596436,9,10
courtroom,10,"sometimes I fed him the drums, which is taking the",267.4614562988281,7.681713247299195,8.06318556985548,7.841953065660265,8.515191123324145,10,10
courtroom,10,"value at all, he would be chided so that didn't",102.64897918701172,6.319273862522095,6.68157502584227,6.428020862676203,6.706722169185754,12,10
courtroom,10,drums and just passing them to him to keep the,109.21124267578125,7.892141962051392,6.7709772530226875,7.6940310266282825,6.603889685034386,10,10
courtroom,10,were mixed or blended on the second or third floor,106.9265365600586,7.454961717128754,6.740475883104748,7.454961717128754,6.740475883104748,9,10
courtroom,10,-- as opposed to you didn't do a lot of,33.176841735839844,5.697097504138947,5.052104815272782,5.968189728342825,5.302922623613916,10,10
courtroom,10,So it would be fair to say the last time,17.282150268554688,5.633638163407643,4.111211182432858,5.633638163407643,4.111211182432858,9,10
courtroom,10,"You know, in my mind I know it had to",30.5179386138916,6.0280855894088745,4.931585408022096,6.082383977042304,5.072742243989361,10,10
courtroom,10,"sides, most of the time on their sides in long",91.71345520019531,7.845503308556297,6.519061461881594,7.419710821575588,5.975688721508353,11,10
courtroom,10,the river or actually it went onto that piece of,518.7279052734375,7.110899567604065,9.018834592023179,7.110899567604065,9.018834592023179,9,10
courtroom,10,"Public in and for the State of Rhode Island, do",35.60317611694336,6.882588846236468,5.153934316720404,6.749226471616162,4.927883820709597,10,10
courtroom,10,It was -- it was the same kind of a,42.686180114746094,7.3281936786241,5.415696217632556,7.3281936786241,5.415696217632556,9,10
courtroom,10,"would take the drums off of that track, shake any",258.4405212402344,7.176862096786499,8.013686389545677,7.337840053770277,7.967508430764503,10,10
courtroom,10,"Tower, did it appear as if it was constructed out",105.16022491455078,6.91823562708768,6.71644493847544,6.320055034425524,5.925183926801576,11,10
courtroom,10,just Bernie or -- or whatever the guy's name was,100.55941772460938,6.6995909214019775,6.651903310170178,6.937421480814616,7.146772991928799,10,10
courtroom,10,was -- that was connected to the truck and they,121.44648742675781,7.851213587654962,6.924176428577537,7.851213587654962,6.924176428577537,9,10
courtroom,10,"truck, and in some cases it was barrels that may",106.55320739746094,7.972421212629839,6.735425350918113,7.466473155551487,6.523480892463962,11,10
courtroom,10,seemed like the logical thing to do at the time.,16.374141693115234,4.663628231395375,4.033346626357142,4.254860258102417,3.4820912157289037,11,10
courtroom,10,I'd like you to take a look at Lines 1,33.1348876953125,5.17875566482544,5.050228660672005,4.8391289710998535,5.042227403809246,10,10
courtroom,10,off the drums until they came out looking like raw,148.6770782470703,7.384537802802192,7.216038589719698,7.384537802802192,7.216038589719698,9,10
courtroom,10,French drain is that runs -- that the stuff would,1550.24169921875,8.254265944163004,10.598272158596766,8.254265944163004,10.598272158596766,9,10
courtroom,10,ask you to turn to Page 59 of that deposition?,177.68972778320312,7.279669523239136,7.473215617537304,7.279669523239136,7.473215617537304,10,10
courtroom,10,was put in a barrel at the time because that,51.510555267333984,7.287039438883464,5.686796440189864,7.287039438883464,5.686796440189864,9,10
courtroom,10,If we could take a look at the Home Insurance,58.65755081176758,7.437590810987684,5.8742439468056284,7.437590810987684,5.8742439468056284,9,10
courtroom,10,"Murphy, who's long gone to his reward, that had a",181.7818603515625,7.875152092713576,7.506063219684306,7.482196516460842,7.8667672707769,13,10
courtroom,10,They would be put up on a pipe and water,93.49121856689453,7.607856035232544,6.54675891236547,7.607856035232544,6.54675891236547,9,10
courtroom,10,"other side taking it from the belt, but most of",128.08047485351562,7.821846771240234,7.000906967717714,7.896110481686062,7.382916586031936,10,10
courtroom,10,your mind that it was not going to the municipal,136.80116271972656,7.3987411922878685,7.095935648320122,7.3987411922878685,7.095935648320122,9,10
courtroom,10,"they used to filter, but yes, it was black or",97.30101013183594,6.677616899663752,6.604382068847406,6.802719434102376,7.35950839221927,11,10
courtroom,10,that barrel and burn their papers and trash in the,488.50933837890625,8.290327495998806,8.932240000013802,8.290327495998806,8.932240000013802,9,10
courtroom,10,pipe which was on the outside of the main building,31.719650268554688,7.881719350814819,4.98730456864691,7.881719350814819,4.98730456864691,9,10
courtroom,10,then in your earlier deposition a couple -- a week,788.7848510742188,8.054706070158216,9.623485751661542,8.054706070158216,9.623485751661542,9,10
courtroom,10,"whatever we were going to make or, in some cases,",24.803752899169922,5.108382739804008,4.632486517396905,4.935647338628769,4.433422211833162,11,10
courtroom,10,worked at both facilities as did some of the other,69.20541381835938,7.344128820631239,6.11281282780257,7.344128820631239,6.11281282780257,9,10
courtroom,10,"when they were picked up, they were put in another",26.32636070251465,7.169375491142273,4.71843622710379,7.257683753967285,4.886740386633515,10,10
courtroom,10,"into the kettles to make a product, we would throw",73.36107635498047,7.8833880225817365,6.196942958943544,8.538922822033918,6.647826423100428,12,10
courtroom,10,today and a week or so ago during your last,59.64093780517578,6.769189847840203,5.89823103716732,6.769189847840203,5.89823103716732,9,10
courtroom,10,Can you mark that with the -- do we have,124.33931732177734,7.881880707210964,6.958138071485495,7.881880707210964,6.958138071485495,9,10
courtroom,10,Take a look at the -- the first page of,32.787113189697266,7.739848653475444,5.035054366375661,7.739848653475444,5.035054366375661,9,10
courtroom,10,"floor at that time, you were aware that it was",25.486507415771484,6.498947668075561,4.6716617855168865,6.494149578942193,4.714693419483431,10,10
courtroom,10,that were -- that were -- raw products were poured,499.4031677246094,8.50968329111735,8.964059720335596,8.50968329111735,8.964059720335596,9,10
courtroom,10,"There were days when you could not do that, you",28.830181121826172,6.44582200050354,4.849507723627839,6.5578592618306475,5.010070712156714,10,10
courtroom,10,"places, and I think there were a few others who",20.341354370117188,7.004477477073669,4.34634343451266,6.6710294882456465,4.415193906317878,10,10
courtroom,10,filter presses in that basement and if this is the,290.75640869140625,8.455513742234972,8.183663062676569,8.455513742234972,8.183663062676569,9,10
courtroom,10,"the tailrace, did it flow or was it still water?",219.8547821044922,7.2445189754168196,7.780406521680909,7.225101097424824,7.256712129680658,12,10
courtroom,10,but I can't remember whether I saw it happen or,20.081697463989258,6.243383884429932,4.3278091041835385,6.29033178753323,4.489605934471807,10,10
courtroom,10,some way -- were they filled from the right side?,190.7357177734375,7.483394074440002,7.575430850496629,7.483394074440002,7.575430850496629,10,10
courtroom,10,I'm guessing now it was steam because it was very,90.53231048583984,6.955801105499267,6.500360609776919,6.7080236540900335,6.335933654950868,10,10
courtroom,10,percentage of my time when I was across the street,54.74873352050781,7.532462120056152,5.77475333971134,7.350499576992458,5.7543672067458935,10,10
courtroom,10,Was there some kind of a grate or something like,48.97217559814453,7.190757537881534,5.6138863379983235,7.190757537881534,5.6138863379983235,9,10
courtroom,10,I know from the maps I've seen that they're joined,62.90501403808594,6.604996941306374,5.975101715912371,6.809973266389635,6.20627219203021,11,10
courtroom,10,-- the raw stuff was either poured in or dumped,180.45823669433594,8.657054689195421,7.495520862050302,8.657054689195421,7.495520862050302,9,10
courtroom,10,weeks ago you gave a fair amount of testimony as,109.55799865722656,6.283472722768783,6.775550786043889,5.956865436500973,6.462717627805504,10,10
courtroom,10,"was not good for me, I knew formaldehyde was not",66.58092498779297,6.897764075886119,6.057035844147063,7.123921208911472,6.5809903305427655,11,10
courtroom,10,clear as possible a record of when you worked at,99.17501831054688,8.027449978722466,6.631904924363206,8.027449978722466,6.631904924363206,9,10
courtroom,10,these gentlemen in both places and -- and I never,313.91033935546875,7.940960619184706,8.294207111407864,7.940960619184706,8.294207111407864,9,10
courtroom,10,platform when it happened but to say I saw the,104.12213134765625,6.95619445376926,6.702132997268881,6.95619445376926,6.702132997268881,9,10
courtroom,10,you back to Exhibit No. 4 which you were just,127.61636352539062,6.491242814064026,6.995654712150215,6.7759658098220825,7.487015591012051,10,10
courtroom,10,dump them on the ground and then pick them up,20.591144561767578,6.862961391607921,4.3639519490609695,6.862961391607921,4.3639519490609695,9,10
courtroom,10,For the most part if the driver came back with,53.802406311035156,6.24777799182468,5.7495984249136765,6.24777799182468,5.7495984249136765,9,10
courtroom,10,They were away from the areas that I worked in,55.82727813720703,7.090798589918348,5.802897995179006,7.090798589918348,5.802897995179006,9,10
courtroom,10,that may be the area in which Johnny Joyal and,138.11270141601562,7.383565139770508,7.109702023775874,7.376117044024998,6.987717238138718,10,10
courtroom,10,through 13 on Page 35 and just read them to,338.4140930175781,8.06012158923679,8.402645751296635,8.06012158923679,8.402645751296635,9,10
courtroom,10,"to, there was a connection to the river so I'm",58.79356002807617,8.062680006027222,5.87758686387939,7.7867696523666385,5.8150456317656225,11,10
courtroom,10,whatever residue that may or may not have been in,28.68836212158203,5.06927642184827,4.842390991562564,5.06927642184827,4.842390991562564,9,10
courtroom,10,"they went -- they weren't far apart, I can tell",83.1036605834961,5.74148722119968,6.376839961396211,5.978471053919445,6.733970190334839,11,10
courtroom,10,"steaming process, it ran out of the hole that was",116.5739517211914,7.602865620092913,6.865101386699011,7.216922005017598,6.667467558935996,11,10
courtroom,10,I worked there prior to that which might have been,73.99249267578125,5.337587611542808,6.209306516582617,5.337587611542808,6.209306516582617,9,10
courtroom,10,Let's see if we can take a look at a,7.330118179321289,5.275864982604981,2.8738363493636783,4.912434842851427,2.66214294017613,10,10
courtroom,10,I'd like you to take a look at Page 44,27.43558120727539,5.135334777832031,4.777975337620181,4.790883541107178,4.739723711529442,10,10
courtroom,10,"if it was moving north or south, east or west.",27.70224380493164,5.482169481841001,4.791930694966608,5.443595272302628,4.55890061832198,11,10
courtroom,10,to dry off to that -- off to that area.,289.2693786621094,7.865729951858521,8.176269530914075,7.865729951858521,8.176269530914075,10,10
courtroom,10,"1:00 P.M., at the offices of DUFFY & SWEENEY, LTD,",44.075096130371094,6.602239719458988,5.461891275991765,6.773766356110573,6.1193063577425955,21,10
courtroom,10,"That's the burn -- that's the burn area, the track",101.47345733642578,7.167080005009969,6.664957100158245,7.502060068978204,7.957004293105667,12,10
courtroom,10,"thing was and I'm still vague about it, but they",43.471370697021484,6.2324088703502305,5.44199238501562,6.43100372950236,6.049376936959714,11,10
twitch,10,yeah you go there you go my dancer is stuck,331.6632080078125,7.941585169898139,8.37357381823043,7.941585169898139,8.37357381823043,9,10
twitch,10,"Job on by me we'll run away that's cool, too",201.8487091064453,8.043576081593832,7.6571298277695625,8.31619185871548,8.258730615063204,12,10
twitch,10,Oh yeah what do I do with the dinosaur kill?,126.00755310058594,6.602013468742371,6.9773659143884545,6.602013468742371,6.9773659143884545,10,10
twitch,10,I don't know where he is though. I'm up here,19.11638832092285,5.108452771945546,4.256737919853568,5.38052432725413,4.6071702754386115,12,10
twitch,10,"Now, Pino, my game crashed and that's not my fault.",76.62613677978516,6.535576071058001,6.259764126273734,6.006252733866374,6.207832014009654,14,10
twitch,10,"I was literally peeping on you, you absolute shit, dick.",126.4482650756836,6.743318722798274,6.982403267426554,7.061030876636505,7.366014488965969,13,10
twitch,10,"Thank you, Mr. Petty, I think he offered himself up",56.409149169921875,5.887384911378224,5.8178572991564605,5.876719223128425,5.96971465837661,12,10
twitch,10,"He's a little guy, can you take it for yourself?",34.141510009765625,5.967289348443349,5.093455328793584,5.763016164302826,5.155277717410382,12,10
twitch,10,Will we in the patrol zone? Do we get it?,101.58795166015625,7.159736481579867,6.666578703753377,7.146811318397522,6.856846664894704,11,10
twitch,10,"No, I'm not bruised myself. I'm not on my own.",23.887187957763672,6.064329147338867,4.578150475829587,6.085868668556214,5.540827205462628,14,10
twitch,10,"No, don't puke, don't puke, just eat the baby organs.",30.61977767944336,5.751291759531288,4.9363916637077665,6.185641848109663,5.801202829896661,17,10
twitch,10,"No, that's not Java. I have Java on my team.",34.49945831298828,5.922640470358042,5.10849728859812,5.800532412528992,5.801738324513582,13,10
twitch,10,Now this is not this is not packing chat yeah,967.5930786132812,7.110402080747816,9.918214116890194,7.110402080747816,9.918214116890194,9,10
twitch,10,You guys just have to get part of the war!,62.09896469116211,6.302140021324158,5.956497424217501,6.302140021324158,5.956497424217501,10,10
twitch,10,abby quencheses man we need you I'm standing up slow,844.6075439453125,7.117304581862229,9.722136152895224,7.432705574565464,9.68770227635574,13,10
twitch,10,I need to fucking stick my t-peen in a B,152.85890197753906,6.285314917564392,7.256055826146295,6.939304947853088,7.639623297827583,12,10
twitch,10,Which one's you? Is this you right here behind me?,67.11605834960938,6.316125253836314,6.06858606612461,5.9641406536102295,6.1345418567955745,12,10
twitch,10,Locobot the fuck out of here man. Fuck you local,98.36729431152344,7.549131115277608,6.620105767438127,7.1624965402815075,6.550011728081121,12,10
twitch,10,Look up to your left toward the giant fucking cliff.,154.6905517578125,8.439166736602782,7.273241740095363,8.439166736602782,7.273241740095363,10,10
twitch,10,"Well, we need Y and A. That's what we need.",28.41615104675293,6.1082224662487326,4.828638364537081,5.972552037239074,5.2945759209656025,13,10
twitch,10,We need to get to the nearest sanctuary like ASAP,198.13829040527344,7.179950926038954,7.630361647469542,7.179950926038954,7.630361647469542,9,10
twitch,10,"Oh, Mr. ThunderLive, imagine what good man, good, uh, man.",293.6671447753906,6.89208246679867,8.197991087026164,6.6732548157374065,7.9254104313704605,17,10
twitch,10,"Yeah, this what happens when you come around T-Rex territory",74.73711395263672,6.225475112597148,6.223752871679449,5.773335227259883,6.580506688421919,12,10
twitch,10,You buy no more time. I'm ripping you in half,73.99764251708984,6.727811054749922,6.20940671035475,6.744963539971246,6.294307110420142,11,10
twitch,10,"No, we do the guys that warn on our turf.",198.75213623046875,6.535856702110984,7.6348259345901175,6.27402811050415,7.929901086640546,11,10
twitch,10,That's a good point is good point kind of dumb,150.35118103027344,6.253788833320141,7.232193014063259,6.014815388454331,7.579919848397253,10,10
twitch,10,I'm a small guy in the middle of the road.,17.62944793701172,6.618957747112621,4.139915483946205,6.362273705005646,3.9428211183414548,11,10
twitch,10,"There's something on me, something on me, something on me!",15.530750274658203,5.230474600425134,3.9570549714908037,5.000761723518371,4.038713889183798,13,10
twitch,10,"Since we're very clearly being stream-scived, we teleport to road.",485.13873291015625,6.82970085144043,8.922234779752792,7.299814929962158,9.951750517453839,15,10
twitch,10,"I wish I had, we gotta go, we gotta move.",47.71041488647461,5.776748438676198,5.576232478033542,5.591368961334228,5.465911527210703,12,10
twitch,10,Right here on the road! Right here on the road!,16.210947036743164,5.504138838161122,4.01889629288675,5.399506735801697,3.509265907613733,11,10
twitch,10,"I bet you oh, well, he's almost in here. I",103.04695129394531,7.094461110922007,6.687143472455859,7.248719427320692,7.60275711077855,13,10
twitch,10,Is this job to a left I hope it's job,416.6968994140625,6.858057260513306,8.702854289934276,7.012386719385783,8.89869980489554,10,10
twitch,10,I'm already calling. I should do the thought about it.,99.23817443847656,6.730027437210083,6.632823035271218,6.508556985855103,6.617886446084017,12,10
twitch,10,"yeah but eat this, this might have a different letter",207.55587768554688,7.1134284973144535,7.69735554134792,7.024354378382365,7.933342100935296,10,10
twitch,10,"Come back, come back, come back, come back, come back.",4.439904689788818,4.155940693403993,2.1505286344210504,3.674082289636135,2.12269566853461,14,10
twitch,10,"You run faster like 30 seconds on the bottom right,",149.09957885742188,6.820612287521362,7.2201320469125125,6.820612287521362,7.2201320469125125,10,10
twitch,10,I'll tell you look look look look if you Google,185.00796508789062,5.388288396596908,7.531442463537298,4.9784044358465405,7.563607990726148,10,10
twitch,10,You know cat can I can I teleport road back?,2411.473876953125,7.08817081451416,11.23568731961159,7.08817081451416,11.23568731961159,10,10
twitch,10,"I'm up here to yourself, I'm up here to yourself.",29.697099685668945,5.763440838226905,4.892248531311363,5.313202285766602,4.996591483284443,13,10
twitch,10,"First off, well here I'll show you where I'm at.",32.305789947509766,5.2270989051231975,5.013721293094985,5.157393908500671,4.96692477054716,13,10
twitch,10,"Even two is still like a little, a little weird.",90.18916320800781,7.634982911023227,6.4948817766282625,7.6526450395584105,6.521512728473146,11,10
twitch,10,We got a little guy. We got some poison man!,101.81378936767578,7.062141201712868,6.669787626989094,7.191894006729126,6.882598357564514,11,10
twitch,10,"He's coming in my bush, he's coming in my bush!",24.60036849975586,6.090094107847947,4.620607179863111,5.890486741065979,4.974416218160088,13,10
twitch,10,"Thank god, oh my god, oh my god, thank god.",14.694160461425781,3.9993941829754758,3.8771709134927335,3.8086667478084566,3.6493979334608517,13,10
twitch,10,"Guys, we need to find a female T-Rex right now!",37.10422897338867,6.653725343091147,5.213511064325536,6.1045290191968276,5.130353444746204,14,10
twitch,10,"Oh, that's well, that might not be good for us.",19.007869720458984,5.629564633736243,4.248524972884739,5.165318894386291,4.177624691179823,13,10
twitch,10,That's basically a dusting of personality for a whole game,129.9856414794922,7.542109532789751,7.022208148215461,7.618529823091295,7.494633010595472,11,10
twitch,10,I'm always your back shelf and then we're gonna go,226.15213012695312,7.379300507632169,7.82114052267761,7.281606170866224,8.303118507485653,11,10
twitch,10,"Oh my god, anybody got any snack hacks by chance",522.8663940429688,6.52040319442749,9.030295096585021,6.6493858098983765,9.228991288695994,10,10
twitch,10,"Oh, I see it, I see it, I see it!",6.859280586242676,4.985832008031698,2.7780570882325795,4.464082187414169,2.773843971500714,13,10
twitch,10,So maybe do you knock it sung by the bees?,571.746826171875,7.017752361297608,9.158852558714548,7.017752361297608,9.158852558714548,10,10
twitch,10,"Am I saying that's the right person? Oh, I am.",28.68914222717285,6.236391654381385,4.84243292418119,6.449266147613526,5.085058086723535,13,10
twitch,10,Do me does at a game called scan on steam,2108.985107421875,7.722038057115343,11.042323937575176,7.722038057115343,11.042323937575176,9,10
twitch,10,"No, no, no. I think it's because you're, you're wounded.",15.683807373046875,5.596962592181037,3.97120368369931,5.459620734055837,3.7457516234659467,17,10
twitch,10,You track people by cue their footprint on the ground.,326.8067626953125,7.387119722366333,8.352290342492207,7.387119722366333,8.352290342492207,10,10
twitch,10,It's loom out of it. It's loom out loom out,72.86344909667969,4.68434680874149,6.1870869643086115,4.547425870887107,7.049789565989484,15,10
twitch,10,"Oh, no, it was just us, it was just us.",11.384821891784668,6.394443640342126,3.509039593176733,6.1727724313735965,3.496705815225451,13,10
twitch,10,I'd love to wipe all the corpses off the map.,48.100345611572266,5.724427158182317,5.587974168408679,5.473330283164978,5.544887666376837,11,10
twitch,10,Oh I'm in the way of the BATES U X,184.1156768798828,8.211851856925271,7.524468901823931,8.277055899302164,7.245100887423582,11,10
twitch,10,Don't let me kill you! Don't let me kill you!,5.954896450042725,4.436884747818112,2.5740760764911457,4.097483209241181,2.4259537693109774,13,10
twitch,10,"No, I tell you, he could have killed me easily.",20.959875106811523,5.982441107432048,4.38955808726604,5.661396169662476,4.510741193426063,12,10
twitch,10,"We've got a bunch of good man, good old man.",35.925209045410156,7.836756144960721,5.166924917043668,7.682917994260788,5.257728085385676,12,10
twitch,10,"and it like, kind of be okay is just two.",289.1543884277344,7.4138569520278415,8.175696143900046,7.2933384552598,8.29813820808632,11,10
twitch,10,Little like her a little beer like her little beer,245.242919921875,8.825385835435656,7.938066978927746,8.825385835435656,7.938066978927746,9,10
twitch,10,make things interesting you guys find the water near us,402.67694091796875,7.325168874528673,8.65347912087442,7.325168874528673,8.65347912087442,9,10
twitch,10,Are you the one that just killed a little guy?,33.78059387207031,7.0166939973831175,5.07812254026221,7.0166939973831175,5.07812254026221,10,10
twitch,10,"I'm gonna find some boys, good man, good, ah, man!",134.34902954101562,6.685025803248087,7.069841777657746,6.657383620738983,7.205100430367199,15,10
twitch,10,"I see you, Jack. You can go. You can go.",17.88813018798828,6.864209578587459,4.160930429104969,6.7443687438964846,4.130188969579708,13,10
twitch,10,who's this one that's that's on me okay so chicken,372.7436218261719,7.817367235819499,8.54203803575424,7.36305406358507,9.141570813281763,12,10
twitch,10,I'll find you guys to send me your coordinates. Oh,68.49396514892578,7.319394415075129,6.097904783979314,7.2282379203372535,5.866808496555659,11,10
twitch,10,I'm going over here and I'm killing this raptor pack.,77.8078842163086,5.669112856571491,6.28184393771426,5.723445427417755,6.287129179147184,13,10
twitch,10,"Oh my god, I'm gonna watch this for a second.",14.82065486907959,6.037125627199809,3.889537353163988,6.095110833644867,4.135234416224493,12,10
twitch,10,Can't eat anything. I don't eat that is so weird,55.384769439697266,6.7596262802059455,5.791417889987817,6.878689932119515,6.184105390543087,12,10
twitch,10,"Yeah, yeah, dude on me and he's wounded, he's wounded.",50.4626579284668,6.239148505528768,5.657142050263973,6.245033967494964,6.003478611323797,15,10
twitch,10,I think I found some! I think I found some!,30.412242889404297,6.708521973003041,4.9265796949294804,6.553748607635498,4.539579802297122,11,10
twitch,10,We have not regenerating stamina. Should we just lay down?,144.7140350341797,6.414932067816456,7.1770507388376865,6.685163185372948,7.004811037907854,12,10
twitch,10,"Oh my god, wait, I'm actually, I'm kind of cooked.",35.8862419128418,5.711425027747949,5.165358391930849,5.698331632465124,5.426750188008862,15,10
twitch,10,There is one of those stairs that seems like me,107.98023223876953,6.29242820209927,6.754623552453018,6.29242820209927,6.754623552453018,9,10
twitch,10,"I can't move on, we gotta get B and A.",61.43170928955078,6.850270907084147,5.940910889732044,7.023044109344482,6.152269479720783,12,10
twitch,10,"You guys are pronounced to H in our name, Rob.",268.4698486328125,8.2505746754733,8.068612498633529,8.381462860107423,8.044982632534342,11,10
twitch,10,the other side the same shit was happening to me.,50.63941955566406,7.687810301780701,5.662189473336648,7.687810301780701,5.662189473336648,10,10
twitch,10,"If it was rotten, it would have a different outcome.",28.455669403076172,6.62636795910922,4.830643277591121,6.675806379318237,5.131522328180434,11,10
twitch,10,"Say it, say it, say it, say it, say it.",5.40717077255249,4.829690690551486,2.4348739736723073,4.255610865354538,2.1945868369666544,14,10
twitch,10,"Should I eat him chat, since he gotta be killed?",331.7617492675781,6.84181716225364,8.373983468057107,6.9282522916793825,8.2562058530163,11,10
twitch,10,"I can almost reach him, I can almost reach him!",31.233564376831055,5.923499324105003,4.965025029692133,5.892327380180359,5.109173841928461,11,10
twitch,10,No Russian in the chat no Russian in the chat,87.4380111694336,7.7802357408735485,6.450187979920789,7.7802357408735485,6.450187979920789,9,10
twitch,10,I have a watch that will be in 20 years...,76.5329818725586,7.281147861480713,6.258009512754526,7.281147861480713,6.258009512754526,10,10
twitch,10,Just testing out the merchandise. Don't be guys don't mind.,157.9113311767578,6.269865611424813,7.302968325343117,6.738475148379803,8.1318722267528,13,10
twitch,10,"Oh, yeah, no, no, send the spawn code a row",113.20867156982422,6.42907821215116,6.82283936053568,6.641037702560425,7.709118766762213,13,10
twitch,10,"You guys see here, I'm gonna get some gas roads.",162.7600555419922,7.664533774058024,7.34657576012238,7.724276471138,8.138694021168579,12,10
twitch,10,"Come on guys, come on guys. We gotta go north",20.262418746948242,5.5720776536247945,4.340734170290468,5.5939447614881725,4.510632671843317,11,10
twitch,10,I'm just drinking water and then I'll be out there,51.8282470703125,7.1102470918135205,5.695666263734828,6.95294729868571,5.78659090262019,11,10
twitch,10,I was mean check the enough and turn the discord,1787.7945556640625,8.371997382905748,10.803949113237387,8.371997382905748,10.803949113237387,9,10
twitch,10,no no food I need water we should interrupt it,710.1802978515625,7.542459275987413,9.472038559059557,7.542459275987413,9.472038559059557,9,10
twitch,10,"Where'd they go? Oh, they're over there. They're over there",12.864459037780762,5.6771961132685345,3.6853189168637233,5.2158805926640825,3.3265859386870864,15,10
twitch,10,I was just trying to source you're watching this like,223.6439208984375,7.467737317085266,7.805058191069554,7.354537513520983,7.613035547715776,10,10
twitch,10,It's the one with the big disc behind his horns.,125.36717987060547,7.012910409407183,6.970015700807358,6.855254435539246,7.210202083052957,11,10
twitch,10,Not a good record that is not a good record,36.93613052368164,8.029478179083931,5.2069603632466395,8.029478179083931,5.2069603632466395,9,10
twitch,10,Nick don't don't drop that don't drop that food. Oh,69.09492492675781,6.090346914071303,6.110507256917637,6.524671402242449,6.791599557794548,13,10
twitch,10,"Whoever gets up first, just let the other guy know.",39.236656188964844,7.010915236039595,5.294130293582402,7.0542535305023195,5.305255359572207,11,10
courtroom,11,It had to be on -- when you come down the,72.106201171875,6.682706141471863,6.172051069404374,6.682706141471863,6.172051069404374,10,11
courtroom,11,May I ask you to turn to Page 34 of the,47.316349029541016,6.615789175033569,5.564266617978147,6.615789175033569,5.564266617978147,10,11
courtroom,11,"good for me, I knew ammonia was not good for me",44.4145622253418,6.119073445146734,5.472763166382195,6.15031887292862,5.70971577041058,11,11
courtroom,11,"pointed but the -- the river was on one side, the",177.3073272705078,8.36244194706281,7.470106576602369,8.517386734485626,7.736817473770946,12,11
courtroom,11,"more I think about it now, I do remember in fact",43.400577545166016,6.807779528877952,5.439642391985617,6.890199971199036,5.717510409827477,11,11
courtroom,11,that are to the east and to the west of the,18.2891788482666,5.386387324333191,4.1929182194072805,5.386387324333191,4.1929182194072805,10,11
courtroom,11,have a few questions for you and I want to take,18.187658309936523,6.515788567066193,4.184888169884246,6.515788567066193,4.184888169884246,10,11
courtroom,11,"like I said here, most of the time, from what I",29.613718032836914,6.982694784800212,4.888193522641295,7.0817542552948,4.643168497925269,12,11
courtroom,11,"back with bad drums, he was going to be in trouble",71.54353332519531,8.014332814650102,6.160748125543737,8.108158850669861,6.360103883568433,11,11
courtroom,11,arm would kick it out and they would be rolled off,72.85326385498047,6.833028054237365,6.186921497689476,6.833028054237365,6.186921497689476,10,11
courtroom,11,go out and look in the tanks but that was minutes.,211.05926513671875,5.982519496570934,7.721502799129024,5.982519496570934,7.721502799129024,11,11
courtroom,11,"burner would come to an end and, at that point, he",23.814695358276367,6.441127745004801,4.573779722140956,6.077711191773415,4.2499827326229935,13,11
courtroom,11,"ash or whatever was in them off, tip the drum over",347.2979431152344,7.855484789068049,8.440026027040025,7.993418741226196,8.060460390094756,11,11
courtroom,11,"of the Home Insurance -- I'm sorry, Page 14 -- of",299.9509582519531,8.284021059672037,8.228580279226366,8.675658559799194,8.452324779305412,12,11
courtroom,11,and move it to the side to be dealt with in,39.78194046020508,6.810511007905006,5.314041319286551,6.810511007905006,5.314041319286551,10,11
courtroom,11,been on some kind of pile-ons or -- I'm not sure.,52.66383361816406,6.178381201411996,5.718739826511198,6.610609086625504,6.0960559912077095,14,11
courtroom,11,'63 and then there was a period of time when I,38.44021224975586,8.22753136808222,5.264544199443672,7.9700926542282104,4.708621072399604,11,11
courtroom,11,"COMPANY, et al.; that I am in no way related or",46.09883499145508,6.472493950809751,5.526658474008583,5.709831494092941,4.904704272271795,14,11
courtroom,11,reserve salt on the belt to be dried or on the,302.80859375,8.089409177953547,8.242261460995975,7.832384777069092,7.56650259816224,11,11
courtroom,11,where the old paint and -- it was -- was blasted,406.94244384765625,9.326698207855225,8.668675436868636,9.326698207855225,8.668675436868636,10,11
courtroom,11,"there was a set of doors that opened in, big doors",60.284576416015625,6.983363324945623,5.9137170137005395,7.1898788690567015,5.412623882511076,11,11
courtroom,11,May I ask you to go to Page 34 and read,54.54280090332031,7.08263201713562,5.769316402593757,7.08263201713562,5.769316402593757,10,11
courtroom,11,Let me see if we can get the best we can,21.25022315979004,6.158032298088074,4.4094062460032735,6.158032298088074,4.4094062460032735,10,11
courtroom,11,in that drum to below that rack that it was on.,281.62054443359375,8.524186351082541,8.137607280044104,8.524186351082541,8.137607280044104,11,11
courtroom,11,"worked -- as a matter of fact, I worked for a",28.68828010559082,7.100686631419442,4.8423892270089866,7.224118787050247,5.0227180917515994,11,11
courtroom,11,at some other point in time to be used in the,36.178714752197266,7.54014790058136,5.1770693801313294,7.54014790058136,5.1770693801313294,10,11
courtroom,11,an arrow to what you called the door coming in and,242.64236450195312,7.235264825820923,7.9226865319132855,7.235264825820923,7.9226865319132855,10,11
courtroom,11,to the -- again with your back to Smith Street --,561.602783203125,7.332045006752014,9.13340489728584,7.332045006752014,9.13340489728584,10,11
courtroom,11,was that to make sure the drums were back to their,66.47354125976562,7.9007964611053465,6.0547078695259025,7.9007964611053465,6.0547078695259025,10,11
twitch,11,Why is my stamina not going up it's something wrong I,161.45364379882812,6.611521460793235,7.33497587307765,6.620020747184753,7.528160086085189,11,11
twitch,11,"Oh, no chicken! No chicken on the road! Right here, behind!",71.84300231933594,6.104586553573609,6.166774890725391,5.965167392383922,6.516934251884958,15,11
twitch,11,"even if it was done, we can't mix packets against rules.",253.21786499023438,6.450408513729389,7.9842321913773295,6.361708662726662,8.130555810385495,13,11
twitch,11,"You think oh pig right here, okay, that's what that's why",156.2216339111328,6.321652957371303,7.287447393889557,6.381252765655518,8.32648113151302,14,11
twitch,11,"me. What are you? Oh, come on. Come on. Come on.",9.180472373962402,5.125776302069426,3.1985684801121934,4.540403794158589,2.67670097333054,16,11
twitch,11,"Yo, what is that with the feathers? What is that peep?",35.79283905029297,6.575762663568769,5.161599417968112,6.49479912627827,5.472622707331005,14,11
twitch,11,I'll hold that for you. There's a boy on the right.,32.3314094543457,6.082302008356367,5.014864085727589,6.038908470760692,4.971496869152375,14,11
twitch,11,We're not big enough to pull the organs so we can't.,78.06285858154297,6.429652287409856,6.286564041562271,6.084273121573708,6.411799425467506,13,11
twitch,11,"We say, uh, yeah, that'll be cheating buddy that'll be cheating",91.2537612915039,5.798927108446757,6.511810875003529,6.061465114355087,7.561059851125445,15,11
twitch,11,What's his name? Where's he at? Do you guys see him?,17.233869552612305,5.027854092915853,4.107174734194755,4.792012799869884,3.975634896991666,15,11
twitch,11,"Well, I think it's best if we go into the mountains",17.33734130859375,6.298775215943654,4.115810719143289,6.229943370819091,4.232386542705143,12,11
twitch,11,Who's the servers are in the discord of the announcement channel?,266.6369323730469,8.290257891019186,8.058678549010104,8.165279171683572,8.376045111742881,12,11
twitch,11,What if I'm just shooting blanks for like half an hour?,48.77104187011719,5.83477469934867,5.607952391885456,5.841181466525251,5.922110144905333,13,11
twitch,11,"Bro, there's an AREDA behind us talking to us, or ARERA.",189.1185302734375,7.123512688805075,7.563146017683884,6.748907714179069,7.449498740760615,17,11
twitch,11,"Oh my god, there's blood over here, there's blood over here.",13.048713684082031,4.7579747597376505,3.705835581977291,4.795799390836195,3.917185584205157,15,11
twitch,11,"Yeah, well, is it gonna be the only white one around?",43.975074768066406,6.625956315260667,5.4586142544591025,6.61899995803833,5.488045685042894,13,11
twitch,11,There's like nine rafters on you guys and three full-gurn trunks.,229.00961303710938,5.775477381313548,7.8392589977139195,6.049540443853899,7.924098792719391,17,11
twitch,11,"Wait, that gives me some B. That gives me some B.",26.757408142089844,5.916864748184498,4.74186658359419,5.5373237187212165,4.579133472101725,13,11
twitch,11,Boring as fuck this game is sick the reality of man,295.281494140625,7.42149660804055,8.20594799044713,7.053204202651978,8.044196307745622,11,11
twitch,11,We're not necessarily that close right now. Oh my goodness. Oh,48.925296783447266,5.191423322145756,5.612508520580537,4.959994277358055,5.583431222624616,13,11
twitch,11,Who's shabby shabby get out of here? We're not mega packing,156.9907989501953,6.636265103022257,7.294530018853994,6.502479672431946,7.677530072554677,15,11
twitch,11,Boys we need to get this is drastic. This is serious,178.88638305664062,7.087324221928914,7.482898113276671,7.021537709236145,7.25939131874996,12,11
twitch,11,Frisianian institution shaping fossil history. You can't believe dinosaurs hide nephelium,1957.1845703125,6.946300752022687,10.922818909159856,6.482979465614665,12.121177083736624,17,11
twitch,11,We need girls right now. We need girls right come on,111.05284881591797,4.538912209597501,6.795076430695162,4.489934682846069,7.23913147855407,11,11
twitch,11,moving you just kind of left hand on my fucking skates,190.1788330078125,6.70538522370837,7.5712127302287096,6.70538522370837,7.5712127302287096,11,11
twitch,11,You drag him out of the open and we'll scan him!,66.8082504272461,6.043627043565114,6.061954001367057,5.997304634614424,5.867418200586343,12,11
twitch,11,You better not hit me with the drag they found us.,162.38206481933594,7.358502691442316,7.343247806150086,7.358502691442316,7.343247806150086,11,11
twitch,11,Don't know man. He just doesn't seem like a top specimen,57.301753997802734,5.466379708610475,5.840505990386915,5.4195563269313425,6.524976610346378,13,11
twitch,11,I'm at 67% I gotta get there in the next 8%.,147.11326599121094,6.458629901592548,7.2007829464745745,6.208077279004184,7.264814822997176,13,11
courtroom,12,"I'd like you to turn to Page 35, and do you recall",62.3092041015625,6.109130932734563,5.961372818537753,5.840593468059193,6.2834756952379545,13,12
courtroom,12,easier if we double this up so we can fold it in,65.9140853881836,6.517614960670471,6.042514924575657,6.269424915313721,5.828936883119326,12,12
courtroom,12,"it with a ""B"" and what that ""A"" or ""B"" refers to",25.06670379638672,5.682108750238138,4.647700006733759,6.226006137150706,4.90237112440488,17,12
courtroom,12,of those -- you take a look at it and keep going.,53.84537124633789,6.562984744707744,5.750749626142279,6.562984744707744,5.750749626142279,12,12
courtroom,12,the time I would say the bulk of my time was in,34.87386703491211,6.530009952458468,5.124074431569865,6.530009952458468,5.124074431569865,11,12
twitch,12,"Oh my God, drag wish him, wish him luck, oh my God.",117.93678283691406,5.529166626930237,6.881817979200488,5.363369385401408,6.74988327927737,15,12
twitch,12,"You ain't got to add the whoo to it, all right, buddy?",61.885807037353516,6.0872203833423555,5.95153556013261,6.275045552290976,6.3642521298124,16,12
twitch,12,"Yeah, what's the answer key when you have a 60% it's it's",78.81095886230469,6.715630292892456,6.300320587325131,6.553215066591899,6.553826791719356,16,12
twitch,12,I'm pressing E. I'm holding E. I'm holding G. I'm pressing G.,17.915851593017578,5.525325561824598,4.163164567755049,5.378901173671086,4.429287897345012,19,12
twitch,12,There's a vision know the best way to go to get good,137.6747283935547,6.435138175884883,7.105107466283176,6.359501329335299,7.429360005378792,12,12
