doc_id,age_months,age_group,word_count,n_tokens,ppl_min_ctx,ppl_32,ppl_max_fixed,total_benefit_fixed,benefit_ok_fixed,half_life_fixed,early_drop_pct_fixed,early_slope,burst_valid_256,burst_valid_512,burst_n_targets_256,burst_n_targets_512,burst_baseline_512,burst_I_L_max_512,burst_I_L_std_512,burst_spike_mass_c_512,burst_spike_count_c_512,burst_cv_c_512,burst_kurtosis_c_512,burst_spike_mass_512,burst_cv_512,burst_baseline_256,burst_I_L_max_256,burst_I_L_std_256,burst_spike_mass_c_256,burst_spike_count_c_256,burst_cv_c_256,burst_kurtosis_c_256,burst_spike_mass_256,burst_cv_256
ECSC_4051_1_120M_4051_YR1,120,10+yr,649,765,51.41333177067672,27.609530214328196,15.267161172133564,36.14617059854316,True,25.613117047603215,65.85428321225241,-0.660313979528717,True,True,20,20,14.781520597961995,30.536585635039078,5.9703410553512,0.500265278913015,1.0,1.3348695684374166,0.6620887904195745,0.17568530431882504,0.40390574269973023,11.271557769799337,25.629482294595093,6.214189225877938,0.47602234808915556,1.0,1.1983251454208876,-0.5160346314795099,0.20950229122387987,0.5513159185971653
ECSC_4040_1_122F_4040_YR1,122,10+yr,584,660,22.484851074520822,15.114504010847387,9.540801795321281,12.944049279199541,True,7.512466690475803,56.940041749665035,-0.15354889715986322,True,True,20,20,9.11842728459941,22.828401796981584,5.606641847125296,0.4648191658045107,1.0,1.238820535504934,-0.21345744165056413,0.2153528981865539,0.6148693927290123,5.539185584726377,19.127215588745216,5.061595183856239,0.5997842284800886,1.0,1.251870908357643,0.9380798001153017,0.3189006197037073,0.9137796714760678
ECSC_4041_1_122F_4041_YR1,122,10+yr,459,593,29.99388748045102,18.51399645583962,12.652917693991078,17.34096978645994,True,27.90113351267531,66.20097472042796,-0.2990201468810059,True,True,20,20,18.686561899814357,38.4603821768553,10.374569482984557,0.39987757211805824,1.0,1.139618895892741,-1.1479568887624028,0.19740429093163522,0.5551887788993235,9.823374588151149,32.17137401162688,8.509341167860681,0.6776352942666045,1.0,1.333447682726704,1.4484835743412026,0.3201026505694757,0.8662340106753701
ECSC_4058_1_122M_4058_YR1,122,10+yr,254,293,11.27161863391648,5.501105502137071,4.800632796531684,6.470985837384796,True,9.495445823713467,89.17517789084702,-0.18240553604917753,False,False,0,0,,,,,,,,,,,,,,,,,,
ECSC_4061_1_122M_4061_YR1,122,10+yr,463,534,21.193239809402684,9.81311107416276,6.784520981318621,14.408718828084062,True,17.197705183620986,78.98085090715277,-0.4342917636675221,True,False,20,0,,,,,,,,,,6.411565139592317,27.414788335132478,6.807843320612202,0.6716594269438569,1.0,1.3670516210958932,2.4612835532654493,0.3608433071586872,1.061806777657582
ECSC_4077_1_123F_4077_YR1,123,10+yr,258,313,39.26868266273466,12.804272121278734,7.505883021960529,31.762799640774134,True,14.220840405076888,83.31888511327375,-0.7020657945975931,True,False,20,0,,,,,,,,,,6.931948886505903,8.275241535287616,0.7701518129943057,0.4829040550298967,1.0,1.3930750398996565,0.7594651370973233,0.11925649920523568,0.1111017731959224
ECSC_4052_1_124M_4052_YR1,124,10+yr,302,370,61.56465611381812,22.27939305415015,16.368630210861788,45.19602590295633,True,7.490155601105334,86.92194119903421,-1.0942505054318619,True,False,20,0,,,,,,,,,,18.78307857029445,49.51027106790597,13.14149459427736,0.590510154644915,1.0,1.2636622983577623,0.42742032585370016,0.2634723597582156,0.6996454039787019
ECSC_4065_1_125F_4065_YR1,125,10+yr,343,396,20.682699496605128,10.107433274973804,6.37370899606182,14.308990500543308,True,11.647323586061427,73.90644519073363,-0.31528582852689563,True,False,20,0,,,,,,,,,,1.8209655720771494,4.228453772888362,1.2574914278131064,0.3969856514495223,1.0,1.1459388884721,-1.0385854069635374,0.21961527822403118,0.6905629887218043
ECSC_4043_1_126F_4043_YR1,126,10+yr,426,483,10.65235346822517,6.530999060763372,3.7113639844179653,6.940989483807205,True,23.44683650490583,59.37704439801561,-0.16357591046016454,True,False,20,0,,,,,,,,,,2.0965690592785897,3.5930440062743765,0.8725554899400723,0.4063849126740942,1.0,1.2936141437050128,-0.0946501893529601,0.16537123777592846,0.416182565548454
ECSC_4067_1_128F_4067_YR1,128,10+yr,320,378,21.71741348778935,7.350559316978758,5.049676896189443,16.66773659159991,True,14.80718651647962,86.19559165610465,-0.5637837848996098,True,False,20,0,,,,,,,,,,14.820706244630447,38.216689874855746,10.007004335443284,0.5455667021562624,1.0,1.2832289477608485,-0.07049875120123561,0.2435320543048477,0.675204283133864
ECSC_4073_1_129F_4073_YR1,129,10+yr,406,497,49.249735236706876,22.667213596891973,8.979361035086258,40.27037420162062,True,17.50194561837375,66.01011827385784,-0.8821424626638352,True,False,20,0,,,,,,,,,,6.205277105960453,16.46621827782531,4.291902300610099,0.45934567587750974,1.0,1.1618079400155674,-0.4570597105298546,0.23673004083466911,0.6916536082631234
ECSC_4053_1_129M_4053_YR1,129,10+yr,491,579,30.87723058677773,18.5760280435161,10.45378222554143,20.423448361236304,True,28.828011541012117,60.2307814316475,-0.38603573296061355,True,True,20,20,16.50303696203664,19.548792694972988,1.7248863757470334,0.4093487941629376,0.0,1.159121446189333,-1.187920236188012,0.1184557287240086,0.10451933057624112,13.676685106675894,46.296946626123,11.072267254209779,0.5805087794895063,1.0,1.27804150884327,1.470399139658758,0.28386097104822977,0.8095724342446957
ECSC_1059_1_132F_1059_YR1,132,10+yr,243,275,9.183451537333886,5.460600924716023,4.675484167367857,4.507967369966028,True,11.846976666049382,82.58379679988495,-0.13334498456530938,False,False,0,0,,,,,,,,,,,,,,,,,,
ECSC_4046_1_132F_4046_YR1,132,10+yr,521,655,29.06821639397262,13.774028047396882,5.944397184383974,23.123819209588646,True,24.30623110097577,66.14040789695228,-0.4972889973507044,True,True,20,20,14.345040712074578,26.990522793785743,6.137472656190333,0.4062861684609031,1.0,1.1266982376952923,-0.9831631326633445,0.17714045780815055,0.4278463044740103,7.382663454248593,20.765489807516875,4.876826433627865,0.6635101345621468,1.0,1.3609254249069005,1.235398939399933,0.2610302494043639,0.6605781861587279
ECSC_4063_1_132F_4063_YR1,132,10+yr,393,482,9.232213359824348,5.044332903167826,3.961707759634981,5.270505600189367,True,15.16666214048588,79.45879910470173,-0.16271787816568442,True,False,20,0,,,,,,,,,,2.2064458398421842,5.201418714649618,0.9772942017766736,0.7011226271249199,1.0,1.449850890427342,2.3500660681090126,0.20709586390152374,0.44292689361755394
ECSC_4087_1_132M_4087_YR1,132,10+yr,332,385,53.18245183621045,20.18528240918529,12.653879742811801,40.528572093398644,True,12.82343394890324,81.4170540007744,-1.0496373357879332,True,False,20,0,,,,,,,,,,7.322901662231189,15.7141155383616,3.289382061125751,0.5204961284220736,1.0,1.224519666387944,0.22330782833641782,0.19546690888763213,0.44919107381861534
ECSC_4032_1_134M_4032_YR1,134,10+yr,345,402,30.203499967278475,12.22151220482287,8.647410117593951,21.556089849684525,True,12.139520727783223,83.4195250059174,-0.5822396428128783,True,False,20,0,,,,,,,,,,8.216061706716667,20.598407334403333,4.078414436882602,0.5992118441650021,1.0,1.2846850416642517,1.92627494680342,0.21576609637551164,0.4963953025752569
ECSC_4072_1_135F_4072_YR1,135,10+yr,440,492,28.762899778865854,25.48248447982138,12.969568113649213,15.793331665216641,True,50.6848622282724,20.770888426723076,-0.10208296306820752,True,False,20,0,,,,,,,,,,20.882680104828633,52.85407661332614,13.879519647802818,0.527768767821976,1.0,1.194165124714936,-0.15205981035642502,0.24687149214740584,0.6646426406059586
ECSC_2025_1_135M_2025_YR1,135,10+yr,731,850,50.1196857905922,35.54804004857902,22.12877155496812,27.99091423562408,True,29.066766508528985,52.05848447589406,-0.4699162300807962,True,True,20,20,24.566608129325086,49.405876519603275,14.31739839360526,0.39801597232555636,1.0,1.157882679578621,-1.0867448259682084,0.2001670442868077,0.5827991523386016,25.958929802997368,61.30565505735151,15.417326550035073,0.437765496779346,1.0,1.1878398991532575,-0.5905394047789652,0.20943995641327015,0.5939122555142816
ECSC_4028_1_136F_4028_YR1,136,10+yr,677,734,18.577155822764123,14.194168106736074,7.912407255799845,10.664748566964278,True,72.27353898620156,41.097900138077684,-0.14011256439067715,True,True,20,20,5.0489920802093735,14.044849865914632,3.404978167791632,0.5612846083285264,1.0,1.249131130372892,0.5601539160793223,0.2515146921450992,0.6743877022778838,6.26361354257665,16.783989832657014,3.627570041061908,0.5861347841342873,1.0,1.3347954799095711,1.2824586043668829,0.22715798124765707,0.579149721866404
ECSC_4078_1_136F_4078_YR1,136,10+yr,304,338,11.61334300342915,4.770520771377491,4.324169275893068,7.289173727536083,True,14.692343058788097,93.87651451085252,-0.28263979172372966,True,False,20,0,,,,,,,,,,1.5802497071723847,3.501797654402793,1.0012936363258502,0.41576467627765723,1.0,1.1161105492960184,-1.0799806107046146,0.21801742030697044,0.6336300090936338
ECSC_4064_1_138F_4064_YR1,138,10+yr,438,498,36.81156539189536,15.173460886393517,7.705736163236899,29.105829228658457,True,7.46965631186656,74.34285529373038,-0.5283738320593843,True,False,20,0,,,,,,,,,,10.469429353952586,29.78659950809209,7.3156361195635515,0.6452230598712498,1.0,1.3712670804298068,0.7974023747211145,0.26439436211267314,0.6987616872166615
ECSC_4088_1_138F_4088_YR1,138,10+yr,320,353,19.652121897591144,13.908287490753345,6.945489110788689,12.706632786802455,True,67.55808847688922,45.203434326075296,-0.13132287067726928,True,False,20,0,,,,,,,,,,5.351380469897661,9.934552843961008,3.452748757728947,0.28690245451387153,1.0,1.0865265094356624,-1.6816631668459043,0.1851849925161859,0.6452071156501
ECSC_1013_2_62F_1013_YR2,62,4-6yr,310,348,43.258645859300835,15.685723613898922,11.913759138548654,31.34488672075218,True,7.812815323625676,87.96625264926224,-0.7667452907349467,True,False,20,0,,,,,,,,,,3.40716399922377,4.7199339502506525,0.741425928783606,0.37543366131716743,1.0,1.142522125047132,-1.228829708381749,0.13575306889759292,0.2176079369682586
ECSC_3004_1_62F_3004_YR1,62,4-6yr,399,429,48.45647352682642,23.720092541314184,13.821052549848448,34.635420976977976,True,7.28570875233183,71.41931666415837,-0.5697150104303599,True,False,20,0,,,,,,,,,,6.876915651025712,19.117440743290352,4.669445080690987,0.5739586743540137,1.0,1.2886448250162277,0.4609163714899567,0.25121294386466214,0.6790028142913932
ECSC_1037_1_63M_1037_YR1,63,4-6yr,220,241,29.01719951404458,7.224821131886446,5.838684235297723,23.178515278746858,True,6.571745361147914,94.01973387890071,-0.5072634444490796,False,False,0,0,,,,,,,,,,,,,,,,,,
ECSC_1037_2_63M_1037_YR2,63,4-6yr,309,346,44.423564810422995,30.429616792242395,23.95282870812225,20.470736102300744,True,15.306483814113987,68.36074652248482,-0.512884962356701,True,False,20,0,,,,,,,,,,4.860057866991494,6.861789686192154,0.9752513482568695,0.5016164282135567,1.0,1.2302685804394269,-0.4466426995317745,0.14090881900758787,0.20066661240405687
ECSC_1037_3_63M_1037_YR3,63,4-6yr,302,329,29.60756850614541,17.954309694306065,11.128402392062563,18.479166114082844,True,11.311762801296194,63.061605377087204,-0.3048994464115833,True,False,20,0,,,,,,,,,,2.1846436567747083,4.769766756876937,1.1011046042126482,0.5002883694961112,1.0,1.2281821555245187,-0.3333822630628198,0.20265393421765593,0.5040202326809949
ECSC_2017_1_63M_2017_YR1,63,4-6yr,246,281,48.486887607309185,19.148257766123972,14.87375907326289,33.6131285340463,True,7.163689380742401,87.28324651919412,-0.7740312527846134,False,False,0,0,,,,,,,,,,,,,,,,,,
ECSC_4071_1_63M_4071_YR1,63,4-6yr,226,250,34.83068682228336,10.526914272987998,6.472954866495988,28.357731955787372,True,6.905870165225625,85.70421847271655,-0.6202862936273223,False,False,0,0,,,,,,,,,,,,,,,,,,
ECSC_1017_1_64F_1017_YR1,64,4-6yr,342,385,23.22419673835356,9.705384646094915,6.9908313732149905,16.233365365138567,True,14.629330117628736,83.2779389127194,-0.5243751431156753,True,False,20,0,,,,,,,,,,5.505924318834829,10.95541486864515,2.9725385561161444,0.41529200575121644,1.0,1.1609259319955954,-0.877683485119582,0.19656423896563102,0.53988002449427
ECSC_1017_3_64F_1017_YR3,64,4-6yr,364,391,27.433573625972386,12.737648905645598,7.343905498336608,20.08966812763578,True,12.604286317317797,73.15165500474724,-0.46048764709322076,True,False,20,0,,,,,,,,,,6.598220323127919,13.52659343794927,3.8010974259724817,0.41181697701142633,1.0,1.1398494036046247,-1.0385423594385372,0.2040660240809569,0.5760791910280669
ECSC_4050_1_64F_4050_YR1,64,4-6yr,304,341,30.718548181052917,11.27713380076051,10.30693849600405,20.411609685048866,True,9.169147597549022,95.24684569357062,-0.6049487133227044,True,False,20,0,,,,,,,,,,5.409846257097891,17.986429070226844,5.824417801681318,0.4812012597811385,1.0,1.1595260174737616,-0.4362964170394119,0.32340035542634815,1.0766327775099884
ECSC_1032_3_64M_1032_YR3,64,4-6yr,406,479,25.75489105229452,15.663484237450255,6.4456269623378235,19.3092640899567,True,22.447388034886174,52.261995940555266,-0.2876030254555999,True,False,20,0,,,,,,,,,,10.451467012647239,18.522685478931937,4.0243802618156455,0.5204678828725912,1.0,1.3082920384155468,-0.41244837758975983,0.17659157443647117,0.38505410359577025
ECSC_1055_1_64M_1055_YR1,64,4-6yr,289,307,16.288870668663034,5.958226127449246,4.0648296437472595,12.224041024915774,True,14.537023342380758,84.51087917782056,-0.41176647674550293,True,False,20,0,,,,,,,,,,3.6889930172128347,4.241200404460048,0.35293661811900845,0.35514529053330285,0.0,1.134933909582076,-1.0294159494805453,0.11496905482527656,0.09567288863714483
ECSC_1055_2_64M_1055_YR2,64,4-6yr,211,266,62.936434707608086,34.924687931974255,10.843854133871393,52.0925805737367,True,19.9996322457504,53.773006572372424,-1.0991818792084822,False,False,0,0,,,,,,,,,,,,,,,,,,
ECSC_1055_3_64M_1055_YR3,64,4-6yr,312,355,92.12984762660267,23.946175543215823,16.072905263384317,76.05694236321835,True,7.562284223112121,89.64818984934757,-1.8382503135885404,True,False,20,0,,,,,,,,,,6.744076230728027,14.653107407929255,2.304050441096703,0.6493217417864975,1.0,1.4519688488913591,4.374977543846807,0.17639099421234802,0.34164062834858844
ECSC_4002_1_64M_4002_YR1,64,4-6yr,285,334,13.821506405208133,6.710513240620383,5.262505993691795,8.559000411516339,True,13.274174989720686,83.08205190666587,-0.2427698141084335,True,False,20,0,,,,,,,,,,1.9907938794393882,5.218645129214366,1.4748122098555487,0.5267699348725271,1.0,1.3015093142596048,-0.23655028922260257,0.24991812132359773,0.7408161262133571
ECSC_4012_1_65F_4012_YR1,65,4-6yr,283,342,57.745105722316474,20.054207450446416,12.422266650516764,45.322839071799706,True,7.663047405518334,83.16093837846465,-1.0018733227360743,True,False,20,0,,,,,,,,,,5.051631057522381,8.00697115966861,1.17883358344007,0.5294834644364043,1.0,1.2478313867003896,0.06624492102632251,0.14950936727302472,0.23335702271539993
ECSC_1020_1_65M_1020_YR1,65,4-6yr,210,228,76.1482647383579,27.8419506318107,13.204298600770748,62.94396613758715,True,18.40977352221999,76.74494803990585,-1.835327893410803,False,False,0,0,,,,,,,,,,,,,,,,,,
ECSC_1020_2_65M_1020_YR2,65,4-6yr,406,438,15.731864768470258,12.547025349183938,11.966602032823921,3.7652627356463366,True,6.586901699775913,84.58478578758773,-0.07075920385217425,True,False,20,0,,,,,,,,,,7.283458220800587,18.27283915725359,3.9311162495520096,0.5423785814761577,1.0,1.2740594183876792,0.8003767703805411,0.21488441205430497,0.5397321066969623
ECSC_1020_3_65M_1020_YR3,65,4-6yr,298,338,36.37131874843433,16.0995824192408,13.51418316100193,22.857135587432396,True,11.7890080978569,88.68887464770343,-0.7066078765108961,True,False,20,0,,,,,,,,,,4.371595245490913,10.040583843833126,2.5245935289622388,0.4882006819079523,1.0,1.2005909159358774,-0.5895867720886057,0.2174153434400588,0.5774993765871242
ECSC_1053_1_65M_1053_YR1,65,4-6yr,276,305,50.5733132061533,27.79225940075237,10.872066507839017,39.701246698314286,True,19.08048031024468,57.381205125652166,-0.7791078087468328,True,False,20,0,,,,,,,,,,13.086504672476298,15.066676795157173,1.2861534237005774,0.34974052920281085,0.0,1.1358103012581917,-1.356155178748939,0.11513140576677895,0.09828089745045761
ECSC_1053_2_65M_1053_YR2,65,4-6yr,352,437,13.481614886771453,8.033462422827178,5.4950887705117255,7.986526116259728,True,12.093791800152559,68.21679895157932,-0.18759628157834504,True,False,20,0,,,,,,,,,,5.227406139280104,14.675525147351074,3.6890684293828833,0.4904239018031449,1.0,1.1924545992743074,0.00497863107071872,0.24512099491470826,0.7057168184546162
ECSC_1053_3_65M_1053_YR3,65,4-6yr,257,308,43.85298318905535,19.066128810077583,16.273662751022012,27.57932043803334,True,10.337014800971142,89.87478293625897,-0.8355441980225458,True,False,20,0,,,,,,,,,,11.179661759835465,13.018792373213447,1.062180615373879,0.3958499764010601,0.0,1.1431057926797665,-1.025616638561577,0.11645068207685248,0.0950100851163418
ECSC_1097_3_65M_1097_YR3,65,4-6yr,349,378,49.07607190141381,22.85346892748465,22.097490955164854,26.978580946248957,True,6.922482581092886,97.19785865006773,-0.6783590478770346,True,False,20,0,,,,,,,,,,5.122780281410788,9.625115165118391,2.5418442200084685,0.41025811535499773,1.0,1.2642202030846685,-0.40889078810755564,0.17959857704550114,0.49618450926582736
ECSC_2003_2_65M_2003_YR2,65,4-6yr,317,368,98.10787471486333,64.34828910352749,19.611949887766563,78.49592482709676,True,48.931690244703674,43.00807422257677,-0.9764732028333212,True,False,20,0,,,,,,,,,,14.120887562138648,40.36020102919235,14.554929683761914,0.38388371095878143,1.0,1.117654805756667,-1.1551981786618892,0.2761854086704633,1.0307375949077757
ECSC_4005_1_65M_4005_YR1,65,4-6yr,332,390,120.35322641271374,35.58846200614722,20.604317658370395,99.74890875434335,True,15.310752875264903,84.97813706947007,-2.571177457304753,True,False,20,0,,,,,,,,,,9.123335239264517,30.28135382953881,6.183183915498985,0.5840890559526531,1.0,1.377187659394686,4.210915980004153,0.24371909770934244,0.6777328414819322
ECSC_2008_1_66F_2008_YR1,66,4-6yr,423,535,24.675377609922197,11.084630839362045,7.23622345386213,17.439154156060066,True,11.029519706083764,77.93237360561663,-0.42186031181191386,True,False,20,0,,,,,,,,,,2.8339614632016916,6.368242711315613,1.3090429939513524,0.6642280864295816,1.0,1.3368903891496795,1.2642116987850205,0.214749660420328,0.4619127715563394
ECSC_2008_2_66F_2008_YR2,66,4-6yr,351,397,13.245500597605014,9.37945610411728,7.020469193084577,6.225031404520437,True,19.28961945101741,62.10481911272488,-0.1327223766443733,True,False,20,0,,,,,,,,,,10.851668649615448,37.65318353022268,9.052395016945685,0.6390216826871221,1.0,1.2902304739057588,1.8409227521619362,0.3065785744432141,0.8341938285469558
ECSC_4076_1_66F_4076_YR1,66,4-6yr,276,331,72.1218141140718,26.93941741996507,19.762187121545317,52.35962699252648,True,10.400886860261037,86.29243424624819,-1.3329560484638103,True,False,20,0,,,,,,,,,,18.39770433025738,32.95211750205361,9.937287996779542,0.32739752138560574,1.0,1.132279235027468,-1.402800238252715,0.17809011999191546,0.5401373898827366
ECSC_1036_1_66M_1036_YR1,66,4-6yr,365,403,30.823163726581765,14.419917370548342,10.10164978450952,20.721513942072242,True,7.9929169971806004,79.16046289807444,-0.44787120091050076,True,False,20,0,,,,,,,,,,5.2754095806093115,10.262601486626924,2.7304685145940253,0.408653275071451,1.0,1.2051010185318043,-0.8109501736118334,0.1877571526830349,0.5175841748156084
ECSC_1036_2_66M_1036_YR2,66,4-6yr,330,436,24.43583578964217,13.664183474590663,11.264910412695585,13.170925376946585,True,15.41985481202924,81.78356498705406,-0.4698509373753883,True,False,20,0,,,,,,,,,,4.248201909374258,15.823308674403831,3.410942487135552,0.5821718725990392,1.0,1.336956210137654,3.9063746312618868,0.2748128234265194,0.802914399997991
ECSC_1036_3_66M_1036_YR3,66,4-6yr,394,439,62.614680665310225,24.783443566736725,11.925173568866317,50.689507096443904,True,16.343109052189362,74.6332708001959,-1.320410958327478,True,False,20,0,,,,,,,,,,7.511708503453659,14.719116433287773,4.137271372355028,0.3762928301617713,1.0,1.1300400123774341,-1.1846726053259622,0.19170170448998214,0.5507763474118883
ECSC_2001_1_66M_2001_YR1,66,4-6yr,281,322,18.256156697645974,7.512836791310559,5.88622429693615,12.369932400709825,True,14.652206915418601,86.8502717583075,-0.38767256859981586,True,False,20,0,,,,,,,,,,9.529687839989837,20.265133282830003,6.152733546720716,0.3262219289367311,1.0,1.0632437087300435,-1.563351657633474,0.19904664445387238,0.645638519333418
ECSC_2001_2_66M_2001_YR2,66,4-6yr,373,446,44.735501823654474,14.84836058850268,11.493902075779802,33.24159974787467,True,14.093946218526742,89.90885355047526,-1.078559409308656,True,False,20,0,,,,,,,,,,5.971882187796651,16.628950023164364,4.508545134271479,0.5967605514284308,1.0,1.2674659292571806,0.4238207766420463,0.2777292905300224,0.7549621697970776
ECSC_2011_1_66M_2011_YR1,66,4-6yr,309,342,61.889325383140346,34.27843042003396,20.264796926051872,41.62452845708847,True,17.527736221315493,66.3332318384603,-0.8283387891630015,True,False,20,0,,,,,,,,,,11.6405187859318,22.3909930072409,4.871122387441492,0.4058186923179305,1.0,1.2144227603529985,-0.4912019612940255,0.16991797776521955,0.4184626542013324
ECSC_2022_1_66M_2022_YR1,66,4-6yr,253,299,136.51911881065837,61.02532171456764,22.72385527288712,113.79526353777125,True,7.430778441510768,66.34177447203909,-1.769323331598788,True,False,20,0,,,,,,,,,,30.94052651379992,33.92575263795685,2.3387201705608667,0.3333333333333333,0.0,1.305719161236267,0.19532043151524725,0.10964827189616658,0.0755876009258525
ECSC_1057_1_67F_1057_YR1,67,4-6yr,486,529,25.03595467598455,17.87088276276427,11.428243757992236,13.607710917992312,True,15.216206888919793,52.654498294393626,-0.24227448913022429,True,False,20,0,,,,,,,,,,3.6684151374768867,10.33829525525206,2.587669787696834,0.4653869073327273,1.0,1.1649911136121356,0.020441703709511483,0.24053969553763668,0.7053917538560309
ECSC_1057_2_67F_1057_YR2,67,4-6yr,303,337,31.909845102121544,13.759941216509318,7.993280180866264,23.91656492125528,True,7.946555674210989,75.88842271191683,-0.49565078599980034,True,False,20,0,,,,,,,,,,5.972753677201494,9.569669849784695,1.5889564381576318,0.49660528445537727,1.0,1.2371673202784417,-0.33637836206724714,0.1533937333208284,0.266034148406758
ECSC_1057_3_67F_1057_YR3,67,4-6yr,471,539,19.789498883929156,11.125017637900644,6.707306370112504,13.08219251381665,True,18.938738492760315,66.23110947861065,-0.3767393014258262,True,False,20,0,,,,,,,,,,4.029406868116803,8.325581362066822,2.2338102935618407,0.3934660499388919,1.0,1.1619756145290234,-1.053449228519416,0.19386105281735547,0.5543769509197868
ECSC_2013_1_67F_2013_YR1,67,4-6yr,273,326,27.525060646409024,17.723009700122923,12.34374866184149,15.181311984567534,True,15.755384541730594,64.56656023043539,-0.3937413055338074,True,False,20,0,,,,,,,,,,11.556177109790848,21.50551851041115,4.720958746789196,0.42134229529286,1.0,1.143617467500062,-0.9229060561047162,0.17525585552043893,0.40852253318179194
ECSC_1028_1_67M_1028_YR1,67,4-6yr,419,508,64.11762378470195,32.77901239802765,10.834119796265908,53.28350398843604,True,15.792685592863537,58.81484707438839,-1.0522110921031076,True,False,20,0,,,,,,,,,,24.633907988962854,62.71865502527069,15.949695488709903,0.5465177814156785,1.0,1.2658727230317597,0.02250253843253258,0.23976658057370873,0.6474691508897458
ECSC_1028_2_67M_1028_YR2,67,4-6yr,228,262,231.87789941519574,70.40179429611997,49.49081562227142,182.38708379292433,True,7.165243108424214,88.53483577949515,-4.088157930328943,False,False,0,0,,,,,,,,,,,,,,,,,,
ECSC_1028_3_67M_1028_YR3,67,4-6yr,241,273,73.58427856650529,28.23950028696227,20.7917295211752,52.79254904533009,True,10.857317448831317,85.89238273114627,-1.528490332783449,False,False,0,0,,,,,,,,,,,,,,,,,,
ECSC_4034_1_67M_4034_YR1,67,4-6yr,234,286,20.421425274938997,11.890203068592802,7.6372193911971955,12.784205883741802,True,19.22392544172258,66.73251576146548,-0.30948989158324064,False,False,0,0,,,,,,,,,,,,,,,,,,
ECSC_2014_1_68F_2014_YR1,68,4-6yr,371,402,25.947258421376855,12.82867233921484,10.07995138791392,15.867307033462934,True,13.109262393171567,82.67682760846515,-0.4299747531905568,True,False,20,0,,,,,,,,,,4.118206861831284,9.631350045975223,2.003272994309935,0.5927975833826197,1.0,1.3253591184030278,0.9758571942302674,0.20878645808308993,0.48644302278179385
ECSC_2014_2_68F_2014_YR2,68,4-6yr,291,348,24.408004886348646,16.033802090387585,9.904938629861187,14.50306625648746,True,29.511495204086067,57.740912493005695,-0.2602406034690907,True,False,20,0,,,,,,,,,,3.3017496631573073,16.68755438611975,3.8804503861971487,0.8987978202756695,1.0,1.6114446339275463,5.170746166347541,0.42775899490107144,1.1752709266536148
ECSC_2019_1_68F_2019_YR1,68,4-6yr,636,686,27.535319953922397,17.967545687892276,12.493514667746483,15.041805286175913,True,18.999487129178426,63.607885383434194,-0.29267904893662433,True,True,20,20,8.158111808047105,21.426590198299667,4.962916131594258,0.5494794516931201,1.0,1.310383699323307,0.5998349666269114,0.22754700394619126,0.6083412741044897,6.534927040622539,20.542521892176982,4.89569604669471,0.5399081702001173,1.0,1.259908907898277,1.044655746726474,0.2604550206541622,0.7491584858196565
ECSC_4055_1_68F_4055_YR1,68,4-6yr,322,356,35.472250617188166,17.828500702122323,9.648362948061887,25.82388766912628,True,12.399225976037954,68.32336842976517,-0.572618389262986,True,False,20,0,,,,,,,,,,4.429131929721324,10.75874307989858,2.5921535515386975,0.41184205105385924,1.0,1.1668409428549562,-0.3729069992761205,0.20328354611328117,0.5852509233568468
ECSC_1061_2_68M_1061_YR2,68,4-6yr,350,386,21.015599421431546,7.704394932173131,6.298192881853911,14.717406539577635,True,11.557348726646888,90.44531353715276,-0.4710655716218171,True,False,20,0,,,,,,,,,,1.6763988708819397,2.7016995770226693,0.6425091836403126,0.3869013829371042,1.0,1.2404888764102526,-0.47045636595461415,0.15976946825124652,0.3832674877085152
ECSC_2009_1_68M_2009_YR1,68,4-6yr,284,323,29.462714576847493,10.886141403343375,6.821714867509253,22.64099970933824,True,13.901852384168631,82.04837865813073,-0.643158489840744,True,False,20,0,,,,,,,,,,7.658752745887614,16.64933080066198,3.876040234449702,0.6109245820914372,1.0,1.339391365660053,0.38545424196025246,0.21541980527368512,0.5060928800098621
ECSC_2009_2_68M_2009_YR2,68,4-6yr,370,405,37.11414699170917,18.995147375089182,16.644427781971782,20.469719209737388,True,7.5380613794346685,88.51611217021888,-0.5033816036092218,True,False,20,0,,,,,,,,,,6.411911335731626,10.008926582419454,2.2906387895321956,0.3666902071668812,1.0,1.1794560322974994,-0.7129016446575078,0.15553370676631595,0.35724742118113273
ECSC_2006_1_69F_2006_YR1,69,4-6yr,246,290,37.83585449660303,23.37851227818294,13.793805601447824,24.042048895155204,True,26.766375685444732,60.13356965318142,-0.3800275149273042,False,False,0,0,,,,,,,,,,,,,,,,,,
ECSC_2015_1_69F_2015_YR1,69,4-6yr,507,614,27.71792921183377,12.460323031148292,11.36033577344326,16.35759343839051,True,12.850050978939146,93.27537231043159,-0.5536042285850534,True,True,20,20,9.893508616219403,19.30627632338701,6.731393194725156,0.2826260467374221,1.0,1.0661378499411678,-1.6119208979471256,0.19011344584041456,0.6803848316955746,8.224153781226999,19.89041510617219,4.669847537280065,0.4832931726849678,1.0,1.234871513853045,-0.07182659017333615,0.21111440661080588,0.5678210380671346
ECSC_3001_1_69M_3001_YR1,69,4-6yr,322,347,20.16321714839889,7.362783508458358,5.216383049484519,14.946834098914369,True,9.339348420279585,85.63976528561498,-0.34403587750867437,True,False,20,0,,,,,,,,,,2.3854507688754163,4.971774177095784,1.0682668988735773,0.41826219800976355,1.0,1.136668341476131,-0.4692231496044408,0.1823937309846121,0.447826009579395
ECSC_2010_1_70F_2010_YR1,70,4-6yr,241,269,47.549030433242734,27.036227728888115,16.956634610473635,30.5923958227691,True,15.218979438711418,67.05196553807497,-0.8162936754834462,False,False,0,0,,,,,,,,,,,,,,,,,,
ECSC_2010_2_70F_2010_YR2,70,4-6yr,334,369,14.766682989107505,5.5266989029423925,4.281094032526995,10.48558895658051,True,10.898538164382447,88.12079249364733,-0.32813489950314356,True,False,20,0,,,,,,,,,,0.40322952844276927,4.1059582321353645,2.542117096966451,0.293590517717188,1.0,1.2702580520979125,0.12470417650759646,0.2604262752300796,6.304392207544533
ECSC_1073_1_70M_1073_YR1,70,4-6yr,820,974,14.895613921696471,9.105655311423606,6.287516840590498,8.608097081105974,True,18.4659331802369,67.2617717448996,-0.24289354111155714,True,True,20,20,4.239594404713646,9.356276593886681,2.2380920751600577,0.4255224243435949,1.0,1.2385092022492639,-0.46629304091381174,0.19068738046131453,0.5279024032751134,5.178954192212108,24.622457963009577,5.249610155924641,0.8350015799528928,1.0,1.5926467525102475,6.766949678228281,0.36571913175847937,1.0136429018466282
ECSC_1073_2_70M_1073_YR2,70,4-6yr,409,474,90.66682587745771,35.8360706222377,17.47165952751285,73.19516634994486,True,7.682448310303066,74.91034994452379,-1.3789098676517189,True,False,20,0,,,,,,,,,,9.597668266813256,24.412996931661908,7.785080362191267,0.4267293842746822,1.0,1.172649586362348,-0.9059041957777616,0.24758820940859982,0.8111428886441573
ECSC_1073_3_70M_1073_YR3,70,4-6yr,386,434,30.281764886601895,12.546417958313329,6.1204296151310595,24.161335271470836,True,9.677566248380051,73.40383604224914,-0.48413702961396965,True,False,20,0,,,,,,,,,,8.6382111818478,24.059528338954067,6.436937852539806,0.49551160521980525,1.0,1.1422424889715046,-0.21690700172667787,0.26162964635485003,0.7451702345580861
ECSC_1047_2_71F_1047_YR2,71,4-6yr,324,377,48.744353650614435,22.26984326644906,7.971792732964993,40.77256091764944,True,28.60452829555483,64.9321744533962,-0.7568770932597323,True,False,20,0,,,,,,,,,,6.6642480542750295,12.780074242172326,3.1033876171663564,0.361641878039951,1.0,1.0929982938591545,-1.2294700104010703,0.17703961526891357,0.46567708643071487
ECSC_1047_3_71F_1047_YR3,71,4-6yr,532,600,18.445325104955323,10.335050658470957,6.477675321901598,11.967649783053725,True,22.63092486679561,67.76831369153675,-0.30015568853666225,True,True,20,20,4.308468756859229,5.799888572640521,0.9306452809264706,0.36800104862615957,1.0,1.2341335481165465,-0.21111335884109028,0.1322046166536269,0.21600372045053168,5.472273417654621,10.763532669334056,2.2016112204833287,0.5229236648161911,1.0,1.2505758309338382,-0.04185374628137151,0.1841145471115389,0.40232112916370405
ECSC_2030_1_71F_2030_YR1,71,4-6yr,247,284,75.92824679069476,14.460889854938928,9.898746478466386,66.02950031222838,True,13.765645827743088,93.09074980894917,-2.1683995308896606,False,False,0,0,,,,,,,,,,,,,,,,,,
ECSC_4084_1_71F_4084_YR1,71,4-6yr,471,545,15.975231553947136,10.64712578098927,7.801101286567747,8.17413026737939,True,11.973281315925648,65.18254051101691,-0.16034423244609697,True,False,20,0,,,,,,,,,,8.142367816372843,38.33462194849792,9.608727948314074,0.7094257493026029,1.0,1.3677175479525423,2.9161543998582182,0.4060523463430871,1.18009013655618
ECSC_1011_2_71M_1011_YR2,71,4-6yr,246,269,158.0454564072525,46.79214430162796,18.473889142143204,139.57156726510928,True,7.420651570090293,79.71058453066188,-2.8083421553977876,False,False,0,0,,,,,,,,,,,,,,,,,,
ECSC_1011_3_71M_1011_YR3,71,4-6yr,347,419,16.690847823366877,8.025898657740813,6.5967231186622035,10.094124704704672,True,7.624115973147313,85.84151096912348,-0.24958466748686098,True,False,20,0,,,,,,,,,,9.913739594276452,15.850938603329887,3.488586505043031,0.36932895854863945,1.0,1.3237270780264443,0.6758897849728456,0.14909043746809358,0.35189410331668525
ECSC_1083_1_71M_1083_YR1,71,4-6yr,332,378,116.1413767354121,41.47718149889382,27.64347645214075,88.49790028327135,True,13.926739862436643,84.36832399133425,-2.4610064730496894,True,False,20,0,,,,,,,,,,15.208057051324584,33.10723355382309,8.698271837110358,0.428951031631946,1.0,1.144690025671303,-0.9215606807456691,0.20716403693410104,0.5719515522433394
ECSC_1083_2_71M_1083_YR2,71,4-6yr,239,258,38.8131195574005,8.803288637585009,6.625819383811565,32.18730017358893,True,6.73069589847495,93.23500498013142,-0.7046944148214719,False,False,0,0,,,,,,,,,,,,,,,,,,
ECSC_1083_3_71M_1083_YR3,71,4-6yr,551,612,14.60039686882314,10.578696492250687,7.923098235313088,6.677298633510052,True,10.406702517029071,60.2294520180591,-0.10930344711232365,True,True,20,20,9.343878451111475,16.52436618516889,3.2179270985147497,0.4338983942096805,1.0,1.144990099776862,-0.7392648371596553,0.16525372920772927,0.3443888012190452,5.707159511252197,17.36400860269377,4.797635619713323,0.48979534958042664,1.0,1.2172345274922836,-0.2171520655948984,0.2654220778221229,0.8406345766671384
ECSC_1045_1_72F_1045_YR1,72,6-8yr,284,322,50.18955433868427,8.057703380082076,7.476236912397832,42.71331742628644,True,9.984699274637316,98.63867640651483,-1.3618277877814002,True,False,20,0,,,,,,,,,,1.9610180838460665,2.9340631725427535,0.5645423127461296,0.45130363712366606,1.0,1.3214791539674544,-0.2946527043926035,0.14915791120509642,0.28788225738281586
ECSC_1045_2_72F_1045_YR2,72,6-8yr,389,441,40.21737163557599,27.037828815625016,16.127091263915,24.090280371660988,True,30.08614146655806,54.708964016271686,-0.4390165953084927,True,False,20,0,,,,,,,,,,4.068688667283828,11.021017457633352,3.12254453267209,0.49982350114634333,1.0,1.2332047619519901,-0.39429152802545886,0.2542284489757415,0.7674572295934935
ECSC_1045_3_72F_1045_YR3,72,6-8yr,465,515,23.756737460328814,14.094096146766873,8.31764350833424,15.439093951994574,True,12.671428831957929,62.58554642912596,-0.3246493604407662,True,False,20,0,,,,,,,,,,4.7215486174069365,11.3450622396739,3.316461608520727,0.5220785549390069,1.0,1.3235029130979274,-0.45374693978578273,0.23853881401633206,0.7024097128416565
ECSC_2028_1_72F_2028_YR1,72,6-8yr,345,384,46.28255935313763,25.460813696484966,15.211016229027916,31.071543124109713,True,15.162416477417194,67.012267699367,-0.4962449449639836,True,False,20,0,,,,,,,,,,11.438149981798897,26.14929294825071,7.502573876158831,0.45511937667221314,1.0,1.1949632093002287,-0.8890374197261801,0.22490944811887292,0.6559254676759264
ECSC_4008_1_72F_4008_YR1,72,6-8yr,306,338,55.66438390074293,29.93204351305265,18.62135009216555,37.043033808577384,True,22.68642626700551,69.46607159841187,-0.8814909269293788,True,False,20,0,,,,,,,,,,6.029563934724957,15.651743143264557,4.415561887775948,0.4429812943315882,1.0,1.2094280714290733,-0.7964960546425495,0.23411440249581994,0.732318611358645
ECSC_2007_1_72M_2007_YR1,72,6-8yr,467,521,46.008506619952044,24.98608734104694,15.600567199212223,30.407939420739822,True,11.772074793594795,69.13463943751053,-0.7179386607868429,True,False,20,0,,,,,,,,,,3.8016007548343618,8.436374081247024,2.9620885327711988,0.3432105785132122,1.0,1.1466619557827769,-1.3013918549152028,0.21238958241286296,0.7791687564782849
ECSC_2007_2_72M_2007_YR2,72,6-8yr,643,730,11.771110033908931,7.134471785610628,6.419932033031237,5.351178000877694,True,11.06521242252514,86.64705691976248,-0.16030887331549637,True,True,20,20,4.46512183864946,13.01820447419195,3.7791107377617106,0.4469069991230004,1.0,1.1730052182834159,-0.6003864710691342,0.2612291337778688,0.846362288493511,4.90154313680563,19.400963969488828,4.531343661785016,0.6936719068026164,1.0,1.398543942758009,2.972122956703277,0.32926732597549707,0.924472872177582
ECSC_2004_1_73M_2004_YR1,73,6-8yr,304,344,49.86338477699812,31.69931681344394,25.95233670948404,23.911048067514077,True,18.051332392329474,75.96516853743506,-0.6061747124726851,True,False,20,0,,,,,,,,,,11.474645262110023,22.681529550444594,5.742008806024781,0.4680772030812711,1.0,1.2022507587400866,-0.511009395111246,0.19741302290964766,0.5004083938860614
ECSC_2004_2_73M_2004_YR2,73,6-8yr,253,288,81.12962855030861,23.349694557843087,17.224449648209777,63.90517890209883,True,7.585848069449176,90.4151040418539,-1.6638084868444782,False,False,0,0,,,,,,,,,,,,,,,,,,
ECSC_4010_1_73M_4010_YR1,73,6-8yr,347,389,36.977480245406724,21.30860324173831,11.26632853000209,25.711151715404633,True,20.45257598717048,60.94194914761648,-0.5429190511155723,True,False,20,0,,,,,,,,,,10.100402388564179,16.927250122938112,4.13372214263194,0.3391939939477552,1.0,1.1335088169333218,-1.2581278650000252,0.16123445553427565,0.40926311483512773
ECSC_1092_1_74F_1092_YR1,74,6-8yr,499,556,19.46001582325614,15.18034077563201,10.539769378267508,8.920246444988631,True,33.54856317194044,47.97709428788751,-0.09560124798434015,True,False,20,0,,,,,,,,,,8.983124876685206,36.965206909594244,7.348672971430976,0.7761907728731678,1.0,1.6134832348595547,7.675142885677776,0.2967684691504944,0.8180530797811477
ECSC_1092_2_74F_1092_YR2,74,6-8yr,603,676,19.468384576652845,12.253382715894807,10.20248084854387,9.265903728108976,True,14.768083603513022,77.8661431466276,-0.28909004551252615,True,True,20,20,7.667877803629776,14.39259533746847,3.151646116299603,0.4598986752554414,1.0,1.2387513163828103,-0.5066390909531151,0.17629749813563664,0.4110193455101351,7.790134349767982,17.49829448057803,3.9283537547797374,0.4763896382166206,1.0,1.228124609179495,-0.13252498994881856,0.1978037528196328,0.5042729147407756
ECSC_1092_3_74F_1092_YR3,74,6-8yr,515,569,52.655906108639606,27.513757940735925,15.115663651635149,37.54024245700445,True,10.232989589930833,66.97385664650263,-0.6848348524720601,True,False,20,0,,,,,,,,,,20.746272656382516,62.18045007884071,16.95290940270038,0.6062365939876021,1.0,1.2711752369888034,0.6661001639683568,0.2948547010818507,0.8171544683466252
ECSC_2018_2_74F_2018_YR2,74,6-8yr,218,240,52.235245742048164,22.300970105912956,16.94462623510103,35.29061950694714,True,10.42443633648792,84.82218803283544,-0.935190390406845,False,False,0,0,,,,,,,,,,,,,,,,,,
ECSC_2029_1_74F_2029_YR1,74,6-8yr,412,452,55.66202887616993,32.64449250215152,22.389092841931806,33.27293603423812,True,25.168508952698065,69.17795396935567,-0.8554937445062301,True,False,20,0,,,,,,,,,,14.388623121455833,29.194622808311667,6.19526660341073,0.4982047699933164,1.0,1.2702734449876434,-0.09338268375618286,0.1844347903385627,0.4305670216751008
ECSC_2029_2_74F_2029_YR2,74,6-8yr,401,450,60.61868388629623,41.163360142816764,24.69132851180288,35.92735537449335,True,18.907141316586443,54.15183928982368,-0.7468881264146218,True,False,20,0,,,,,,,,,,10.490239046400461,37.66020361881813,9.901057931696544,0.5583927762934336,1.0,1.258489506267087,0.735584302288907,0.30932100875888835,0.9438353013598785
ECSC_1072_1_74M_1072_YR1,74,6-8yr,337,397,49.64842438419975,13.544159552386324,10.110187924708647,39.5382364594911,True,7.431133273926107,91.31480830917698,-1.0336464570376944,True,False,20,0,,,,,,,,,,5.441037974623793,19.01000140150625,5.315863785839161,0.5551174610261566,1.0,1.2322115002211371,0.31832311985491524,0.3117302825944997,0.9769944283850938
ECSC_1072_2_74M_1072_YR2,74,6-8yr,290,354,26.11360212882547,7.975828790437717,5.863766792737554,20.249835336087916,True,6.796402609652834,89.56997939664139,-0.44701905240024375,True,False,20,0,,,,,,,,,,2.7283251924361926,4.037588717324272,0.5567480743043404,0.4623129009769871,1.0,1.2214766641229826,-0.20980470765891868,0.13861743578975994,0.20406221217610995
ECSC_1072_3_74M_1072_YR3,74,6-8yr,214,273,26.556391828716563,7.686582844953435,4.52964111336073,22.02675071535583,True,13.674649776194482,85.66769210589078,-0.7263807376079425,False,False,0,0,,,,,,,,,,,,,,,,,,
ECSC_1025_1_75F_1025_YR1,75,6-8yr,226,257,70.90654281565212,33.71024916255221,31.103550628711353,39.80299218694076,True,7.301004666792535,93.45099855408331,-1.0977623318835588,False,False,0,0,,,,,,,,,,,,,,,,,,
ECSC_1025_2_75F_1025_YR2,75,6-8yr,489,542,36.65037760899804,29.57690345548239,16.706644504489585,19.943733104508457,True,48.50484915903503,35.46715209459271,-0.1952577427739596,True,False,20,0,,,,,,,,,,8.865807977709446,34.20927604531549,7.520798964788957,0.5617558956822613,1.0,1.3161447552720038,3.7248815583865387,0.2810337905966326,0.8482925621328443
ECSC_1042_1_75F_1042_YR1,75,6-8yr,285,306,30.889578744025968,14.419219456989097,13.623581156052047,17.26599758797392,True,10.392846476921466,95.39187760867507,-0.5525650235181109,True,False,20,0,,,,,,,,,,4.89088577452173,8.613737246376012,1.8774119221172998,0.45926156576820765,0.0,1.1580144218244013,-0.7905320525731541,0.17611814390039257,0.383859286163944
ECSC_1042_2_75F_1042_YR2,75,6-8yr,523,591,43.098989696419636,23.265282585538078,11.303435874318579,31.795553822101056,True,22.975290815224408,62.378869768562325,-0.5727597781745202,True,True,20,20,12.884524430563562,21.85104391504284,3.6394533904276347,0.625734027927671,1.0,1.4008005768163387,0.5054091685154263,0.16308864994149044,0.282467033225878,5.189622109791403,16.902929420641748,4.434026102984385,0.4268134107559623,1.0,1.1436297001677775,0.05463232107325977,0.25916662642696,0.8544024996769198
ECSC_1042_3_75F_1042_YR3,75,6-8yr,357,397,15.54861158979196,6.498618301817486,4.807003385493807,10.741608204298153,True,13.246240815425642,84.25175370251546,-0.2772072097098797,True,False,20,0,,,,,,,,,,2.7034431192169857,6.439402707111743,1.6530501015676957,0.42423962140542487,1.0,1.1606366465138118,-0.7192166425050353,0.2117515954130131,0.6114610253188825
ECSC_2020_1_75F_2020_YR1,75,6-8yr,384,466,39.15847133843658,24.56046328704013,14.999338754227036,24.15913258420954,True,14.708980616071948,60.42438817086395,-0.5307360038418478,True,False,20,0,,,,,,,,,,15.24327574990144,33.12503384975433,8.60501088377256,0.4299080189709492,1.0,1.154786302781766,-0.8912784019444775,0.2050792693330982,0.5645119215158328
ECSC_2020_2_75F_2020_YR2,75,6-8yr,278,320,33.04771310683636,14.192489471847992,9.462409027451182,23.585304079385182,True,9.12932072454574,79.9447977076066,-0.5244700921413654,True,False,20,0,,,,,,,,,,5.090099949048133,9.914264242530992,2.976373284791913,0.3336156453955689,1.0,1.079300049897526,-1.500102720221603,0.19037229349283147,0.5847376897478223
ECSC_2012_1_75M_2012_YR1,75,6-8yr,213,247,124.39542837320161,41.781294682356894,27.458081949142432,96.93734642405917,True,6.435040035068173,85.22425745949703,-1.775437077370494,False,False,0,0,,,,,,,,,,,,,,,,,,
ECSC_4003_1_75M_4003_YR1,75,6-8yr,656,766,24.81908099451856,17.855790990680696,12.19033856920992,12.62874242530864,True,22.788700965160842,55.13842763855156,-0.2585679275506646,True,True,20,20,17.49418598348126,34.1190937912519,7.892873050853449,0.43763966495302803,1.0,1.2446798717827379,-0.4898915198396816,0.17931775128489755,0.4511712095839286,12.679734519596234,28.77375026651038,8.129064820401585,0.4907010890664984,1.0,1.2452126355235058,-0.5349956347982205,0.22605954742851533,0.6411068629109153
ECSC_1014_1_76F_1014_YR1,76,6-8yr,296,344,15.094008869805723,7.586959220202416,6.258274072020315,8.835734797785408,True,9.972090316598509,84.96236953020451,-0.2377690469904606,True,False,20,0,,,,,,,,,,1.6363476967900532,5.163287519457278,1.577155518550828,0.46184158421457117,1.0,1.1327751823579093,-0.6139543977882513,0.2963664302225362,0.9638266498279432
ECSC_1014_2_76F_1014_YR2,76,6-8yr,654,735,24.06064241166947,14.3465044821241,11.22114386535712,12.839498546312349,True,19.028708308252135,75.65823458374378,-0.3406464125303219,True,True,20,20,10.729769402337638,22.706590331051057,5.96738211118256,0.4833375626781397,1.0,1.2453426625811588,-0.4443507783127214,0.20792576739783766,0.556151943944152,7.807341366257606,20.09821323303014,6.31255366834618,0.4557833064559181,1.0,1.1840470418806235,-0.7508286560198125,0.2528590752943636,0.8085407531465552
ECSC_1014_3_76F_1014_YR3,76,6-8yr,656,706,13.035705767783783,11.266219495619174,7.122052573245922,5.913653194537861,True,50.84241841043037,29.92205010938067,-0.05048699450484432,True,True,20,20,4.010162726440656,10.276008529996817,2.660097101489973,0.4347845441116999,1.0,1.1551543803911544,-0.551219507159475,0.2248359199965406,0.663338942320434,6.378354912930512,21.363164036414258,5.401105683706721,0.5785854424395507,1.0,1.290716452754985,0.8089067836315675,0.28979320280770016,0.8467866334558047
ECSC_1023_2_76F_1023_YR2,76,6-8yr,352,435,46.9801502929757,30.495072321941198,23.90316585165198,23.07698444132372,True,7.416181145356901,71.43514791956457,-0.3498400435440547,True,False,20,0,,,,,,,,,,17.789160113635404,42.21357686335891,14.260502971146746,0.3680355041888436,1.0,1.0887236845940038,-1.3437267648429687,0.23549443231501146,0.8016400369692586
ECSC_1023_3_76F_1023_YR3,76,6-8yr,247,299,73.1751943772857,24.7584994667656,16.980068954276526,56.19512542300918,True,11.752025607075492,86.15817572443004,-1.66502923411966,True,False,20,0,,,,,,,,,,6.727503471465843,7.625033973032291,1.0870201843196867,0.16919777269222622,0.0,1.024596900815006,-1.7934341792745103,0.11334121201680906,0.16157853933932464
ECSC_1065_1_76F_1065_YR1,76,6-8yr,431,492,12.821774496805384,5.658696955729497,5.0652452081028105,7.756529288702573,True,7.169626983697464,92.34900397409635,-0.1898706184560445,True,False,20,0,,,,,,,,,,8.123760605943561,17.851806258877673,4.679872642457146,0.46844031708459444,1.0,1.175777086656479,-0.6335347009381294,0.21475620973314752,0.5760721997437032
ECSC_1065_2_76F_1065_YR2,76,6-8yr,438,502,30.362132012907534,19.07696040973155,7.760045414664546,22.602086598242987,True,48.076167271870965,49.929777740313824,-0.3648743348919856,True,False,20,0,,,,,,,,,,6.293655089134494,16.327348005517795,3.8994390356384363,0.6162420027349437,1.0,1.3070851309589264,0.796564729028963,0.24605506510242636,0.6195825764857237
ECSC_1065_3_76F_1065_YR3,76,6-8yr,403,443,19.61958758661873,8.946250445867573,5.662700581551793,13.956887005066939,True,9.738860460994493,76.47362292806618,-0.31264873261826526,True,False,20,0,,,,,,,,,,3.4994983232632046,8.275507910351287,1.9217843575979032,0.5837174085673928,1.0,1.2831321943411722,0.38948851683347385,0.2249108353304344,0.5491599595355376
ECSC_3005_1_77M_3005_YR1,77,6-8yr,480,589,45.91052628494425,24.57364708302146,15.947331742944138,29.96319454200011,True,14.502051379628636,71.21029492370845,-0.596721504647145,True,True,20,20,34.21740865560306,52.823165228955695,8.534583034676341,0.5107316785717092,1.0,1.2389595968073484,-0.19893726764051634,0.1514092002777456,0.24942224937535748,24.561707994340402,53.94843365798678,12.432977435133095,0.41558559033285825,1.0,1.1874318619832611,-0.3751939305370646,0.1885805492116273,0.5061935203365314
ECSC_3006_1_77M_3006_YR1,77,6-8yr,361,416,45.41590912432624,12.907258177408025,8.4473627648623,36.96854635946394,True,9.670740445747233,87.93597300478115,-1.0167144137136528,True,False,20,0,,,,,,,,,,12.016965014312431,26.457232985156118,6.344343326244754,0.44728128004468914,1.0,1.2316335911722378,-0.40911081523158055,0.19586522179983526,0.5279488888158135
ECSC_1004_1_78F_1004_YR1,78,6-8yr,548,630,17.62820960011809,11.845055678752036,9.944427351520135,7.6837822485979554,True,19.56986896765753,75.26441710944235,-0.17350039810915094,True,True,20,20,5.674632030575954,21.64509176174481,7.129852921818279,0.4669936430708075,1.0,1.1897794771124246,-0.5349014564952559,0.3222831860087718,1.2564432166528736,6.399043140962382,16.51808428103316,4.6007737983612405,0.4936477957646947,1.0,1.2421501700564268,-0.5032399847217759,0.241091652206101,0.7189783998970366
ECSC_1004_2_78F_1004_YR2,78,6-8yr,434,500,42.146951571458445,25.31307504309186,14.913347992355705,27.23360357910274,True,16.668122206863064,61.81288671354452,-0.5291077932652246,True,False,20,0,,,,,,,,,,6.4641903040029005,16.835896157020546,4.040153835941752,0.6675632907761253,1.0,1.3718881968296,1.0187551740146743,0.2520643815718107,0.6250053983466294
ECSC_1004_3_78F_1004_YR3,78,6-8yr,435,477,11.946574402804746,7.757573662354925,5.632550593872864,6.314023808931882,True,15.260428069125146,66.34439253339553,-0.14323453039398365,True,False,20,0,,,,,,,,,,3.0593194885580375,5.021242695420287,0.9786565498435366,0.5436274256556244,1.0,1.4212165358743722,-0.017191442959875847,0.1611810019032435,0.3198935428299485
ECSC_4066_1_78F_4066_YR1,78,6-8yr,416,458,31.02495596443056,14.924281760904657,9.800167110708621,21.22478885372194,True,28.98966037561301,75.85787691217725,-0.34530640430269904,True,False,20,0,,,,,,,,,,3.7629236226512446,11.333064684292696,2.4049432037177096,0.6919218926126556,1.0,1.4427148961220475,2.669680141728816,0.2532589978358598,0.6391156039524549
ECSC_1068_1_78M_1068_YR1,78,6-8yr,351,414,61.066024195479685,35.92298749920148,25.21363573399125,35.85238846148843,True,23.797792346509496,70.12932129552847,-1.003007424360604,True,False,20,0,,,,,,,,,,16.97751813381857,43.26875622430002,13.339803929625024,0.4316786611193812,1.0,1.1423705292914876,-0.894204359449597,0.248456370265912,0.7857334519968877
ECSC_1068_2_78M_1068_YR2,78,6-8yr,437,503,29.259305482568504,13.875841359989286,11.33597435822805,17.923331124340454,True,10.21072774571839,85.82926921261854,-0.47648809952429827,True,False,20,0,,,,,,,,,,13.906539606970588,42.006255726144175,11.824309023328752,0.6226039318302363,1.0,1.3412179859067193,0.6552354923387949,0.29735093523879247,0.8502696830059631
ECSC_1068_3_78M_1068_YR3,78,6-8yr,497,582,21.92817491864381,14.68897712456229,11.625891333144349,10.30228358549946,True,14.41881754725264,70.26789482159802,-0.23428088425293378,True,True,20,20,4.890259708777834,7.447449880901569,1.7713488921746967,0.30883441307091264,0.0,1.0696378811049834,-1.5996267868138518,0.15229150033757255,0.362219799695953,12.805549048407531,33.110691753228366,8.023547604318665,0.46751741677293557,1.0,1.2508812320493625,0.009821028811067833,0.21709003940505373,0.6265680271879053
ECSC_2026_1_78M_2026_YR1,78,6-8yr,242,273,30.184893690008188,17.458955348146407,17.458955348146407,12.72593834186178,True,13.267463182516913,100.0,-0.5079181295426664,False,False,0,0,,,,,,,,,,,,,,,,,,
ECSC_4017_1_78M_4017_YR1,78,6-8yr,264,297,20.734145405755733,7.760809975071281,6.892797363883046,13.841348041872687,True,7.073487634820792,93.72884340049586,-0.3446650302172274,True,False,20,0,,,,,,,,,,0.4321967800332859,0.4353910166452035,0.013923354593107052,0.10526315789473684,0.0,,15.052631578947366,0.10073906996985764,0.03221531310815119
ECSC_1035_1_79M_1035_YR1,79,6-8yr,306,378,42.95816690640845,19.497363859683567,14.714600472875327,28.243566433533125,True,7.218108367725649,83.06600762313874,-0.6007720455594006,True,False,20,0,,,,,,,,,,6.85246690141729,14.774704980535585,4.479338353217337,0.38171720513716434,1.0,1.121961524171819,-1.2203491717462227,0.2111989530039335,0.6536825960138355
ECSC_1035_2_79M_1035_YR2,79,6-8yr,283,364,52.47732692116209,29.738073263422663,19.903003828677246,32.574323092484846,True,12.672037826241677,69.80729451592366,-0.7144222165853874,True,False,20,0,,,,,,,,,,6.699489988113589,11.05316595939868,2.566592219591017,0.3715620768199073,1.0,1.1411567082952923,-1.234494803046493,0.16236935164042843,0.38310262783357124
ECSC_1035_3_79M_1035_YR3,79,6-8yr,285,330,42.37569126867485,18.69920895696158,6.950578489722427,35.425112778952425,True,20.362278747166577,66.83530539324204,-0.7369054685761097,True,False,20,0,,,,,,,,,,5.895527500805313,8.392706963543226,1.0183914098821694,0.4563971288467477,1.0,1.1898768830421314,-0.13652983403724583,0.1331285889789027,0.1727396589606375
ECSC_1064_1_80F_1064_YR1,80,6-8yr,283,316,81.00640406975778,19.45411256712114,11.65539493545644,69.35100913430134,True,13.495553214139784,88.75471643597552,-2.4877131930348293,True,False,20,0,,,,,,,,,,5.3403750806512,7.0732375931231415,1.706676914016518,0.23043573725113906,1.0,1.1559718565596622,-0.823060776618938,0.13185313112799282,0.3195799711147644
ECSC_1064_2_80F_1064_YR2,80,6-8yr,271,310,9.954363690062502,6.335142545989375,5.669407760356475,4.284955929706027,True,7.327181033211208,84.46343914490218,-0.0909286189474872,True,False,20,0,,,,,,,,,,6.213475041393006,14.254714538509665,4.695945182548918,0.3713282499788312,0.0,1.0842464692524474,-1.4201466996552372,0.22941613901315172,0.7557679319970566
ECSC_1064_3_80F_1064_YR3,80,6-8yr,336,382,49.77700762131645,17.884968666688682,10.29776957093139,39.479238050385064,True,9.764942516380126,80.78179957253938,-0.9300217741341162,True,False,20,0,,,,,,,,,,10.49062255747939,35.17072256129859,9.584584782188553,0.7098427719992325,1.0,1.4475946624913294,1.205814727981462,0.3201333966650928,0.9136335550796393
ECSC_1041_1_80M_1041_YR1,80,6-8yr,314,352,43.54655685161438,20.122294147360122,14.578882373197569,28.967674478416814,True,7.066084617195462,80.86345599370487,-0.5698361091359887,True,False,20,0,,,,,,,,,,2.3681708515356066,4.896468964682416,1.1030905348212463,0.4879845628527318,1.0,1.203919717820731,-0.4328650845733848,0.19440102008242036,0.4657985440982702
ECSC_1041_2_80M_1041_YR2,80,6-8yr,310,360,46.03598185538712,28.701006070213474,19.733994293808184,26.301987561578937,True,17.320232738906363,65.90747465220461,-0.4873910723198081,True,False,20,0,,,,,,,,,,1.6064583480516639,4.016200647122961,0.8854430046855895,0.6309201822707862,1.0,1.3538689686404237,0.9730493974541159,0.22842776711018584,0.5511770695825806
ECSC_1041_3_80M_1041_YR3,80,6-8yr,363,419,23.222042345497798,10.961505435753631,8.384495366571642,14.837546978926156,True,14.719387817730418,82.63183211590076,-0.40838617571992364,True,False,20,0,,,,,,,,,,4.7072382675527304,11.530142090476668,3.6434883287124835,0.4196005402675368,1.0,1.2198880910880952,-0.929273793595871,0.22965954052096424,0.7740182505371063
ECSC_1080_1_81M_1080_YR1,81,6-8yr,289,343,69.18736476149382,47.24003431444413,22.91433919377999,46.27302556771383,True,33.102674468719705,47.43007438520089,-0.5223386973586143,True,False,20,0,,,,,,,,,,12.214915077240441,22.79527098076806,4.107360652973749,0.5954529226777439,1.0,1.260168776100118,0.6131711158762032,0.17944400085470394,0.3362578148927804
ECSC_1080_2_81M_1080_YR2,81,6-8yr,282,329,54.247884183768164,24.37344556130621,19.135108632511994,35.11277555125617,True,10.194938869391374,85.08139317796878,-0.9918438235979208,True,False,20,0,,,,,,,,,,4.922044962437846,8.047148371546495,1.3096923911127718,0.4337083444732957,1.0,1.1511108017619236,-0.5424013967746384,0.1501273078424728,0.2660870433138206
ECSC_1080_3_81M_1080_YR3,81,6-8yr,422,511,64.98867030220887,36.68052709787377,17.095385849765506,47.89328445244337,True,22.617798907499274,59.106706771059436,-0.9952243543617237,True,False,20,0,,,,,,,,,,12.043935728784353,45.229246065997486,11.521914341175487,0.6107389969568013,1.0,1.2637322631731316,1.4269394384317087,0.3311675102414164,0.9566569102190355
ECSC_1084_1_81M_1084_YR1,81,6-8yr,311,355,27.1970938183674,12.51099279851958,10.746290622256517,16.450803196110883,True,12.045978571934938,89.27285096523278,-0.4701693661036726,True,False,20,0,,,,,,,,,,1.8020636618908052,3.282480959841207,0.7973461238279788,0.38413261813582905,1.0,1.1516107060826053,-1.0823825451400757,0.17379420441605095,0.44246279456707305
ECSC_1084_2_81M_1084_YR2,81,6-8yr,300,357,41.28363460840709,17.854635807197038,10.623791984696354,30.659842623710738,True,16.597732229560286,76.41591344337586,-0.8505592771066427,True,False,20,0,,,,,,,,,,5.258759441915741,17.34982678420963,3.830270385238797,0.6302330668386107,1.0,1.322755475239987,2.548730686663097,0.2735152898908177,0.7283600681006712
ECSC_1084_3_81M_1084_YR3,81,6-8yr,273,302,28.992190292706024,15.818996481673102,12.915518675891363,16.07667161681466,True,13.919398436766148,81.93980772273174,-0.5551652274955522,True,False,20,0,,,,,,,,,,15.470955998540665,18.07630728261339,1.5703732882604302,0.3925328412980039,0.0,1.182994194502157,-1.1006728383521482,0.11684027337624436,0.1015046056887861
ECSC_4029_1_81M_4029_YR1,81,6-8yr,269,305,31.41943440441414,11.981833136132806,8.898813497516121,22.520620906898017,True,6.589610133224933,86.31023695411363,-0.4492826419020399,True,False,20,0,,,,,,,,,,2.1205286975094824,3.0207104183337314,0.4107613201255634,0.5445727543351565,0.0,1.2424681500436514,-0.1509597482905427,0.14245081530287676,0.1937070319340616
ECSC_1003_1_82F_1003_YR1,82,6-8yr,301,394,95.58815938871965,34.44622450553556,21.693265631427746,73.8948937572919,True,12.377222547282079,82.74175896917185,-1.6374959807229412,True,False,20,0,,,,,,,,,,12.882918559890092,38.50262416193179,9.145469192375502,0.5600913511154973,1.0,1.231487932415517,0.8849879535915375,0.2614323020724335,0.7098910972587508
ECSC_1003_2_82F_1003_YR2,82,6-8yr,566,633,24.98648144280466,11.9894499643791,8.680694670151393,16.305786772653267,True,10.793620004185566,79.7080917323359,-0.44434417195978976,True,True,20,20,4.0889101862563555,7.958009081593625,2.113997164780393,0.38171822441495035,1.0,1.1069192210258358,-1.2834612092499105,0.18914434530571236,0.517007483286368,6.311466170034348,15.371692015264543,3.6684653244775762,0.6509327860477695,1.0,1.3412712672539917,0.9966187938865207,0.24104045141437086,0.5812382140135296
ECSC_1003_3_82F_1003_YR3,82,6-8yr,339,377,21.94550255736247,14.160186825799501,9.859781581431484,12.085720975930986,True,10.829596316629486,64.417470393927,-0.20923149374308178,True,False,20,0,,,,,,,,,,6.276463865105895,12.07076124460121,3.4038142244068266,0.3580235088155956,1.0,1.1124210919435193,-1.4154920602152223,0.187269633126492,0.5423139999786166
ECSC_1024_1_82F_1024_YR1,82,6-8yr,623,693,37.0618900407451,18.23961669610524,11.021537600570658,26.040352440174438,True,14.183214450439541,72.28117740680537,-0.6341335550181825,True,True,20,20,13.557459549603356,38.483331210103785,7.412229257034257,0.6616549895007298,1.0,1.4847350086688111,3.932458837328534,0.22182128418270594,0.5467270051527546,11.922126314301233,27.443523506999057,6.577163502506466,0.5891000721713879,1.0,1.2978086463821297,0.2271112096763268,0.2252083626678176,0.5516770523238631
ECSC_1024_2_82F_1024_YR2,82,6-8yr,761,861,16.863602721830702,11.576220851650486,8.917333285380831,7.946269436449871,True,16.859947225198304,66.53917177696962,-0.14099942421925538,True,True,20,20,9.877458162022574,25.88757293957004,6.878239473452381,0.5838774416976201,1.0,1.3235761518909657,0.29015311751281825,0.2535942157226232,0.6963572369152862,6.529216186566413,15.911196764626574,4.487313073429986,0.49689726639703613,1.0,1.2470335129646513,-0.5480161615506156,0.236925334021172,0.6872667323625221
ECSC_1024_3_82F_1024_YR3,82,6-8yr,349,381,37.723329255685506,20.09489919900644,10.578268597522527,27.14506065816298,True,10.998304569066933,64.94157548098129,-0.49805732243666256,True,False,20,0,,,,,,,,,,9.002596886999509,14.73158895217957,2.968025998363861,0.4095189298709115,1.0,1.1767970714991365,-0.8882277863369374,0.15736437997600147,0.32968553803069145
ECSC_1039_1_82F_1039_YR1,82,6-8yr,387,461,24.423257919420628,12.431291921347754,7.339022533186697,17.08423538623393,True,14.475855784684738,70.1931677184436,-0.3797082325820031,True,False,20,0,,,,,,,,,,7.248459870637818,18.144382892460072,4.459025147254184,0.5545436019017441,1.0,1.2613006288817912,0.1308633360189182,0.23523256133433657,0.6151686326245493
ECSC_1039_2_82F_1039_YR2,82,6-8yr,597,672,12.17828786712964,10.353363334707792,6.973299931815709,5.204987935313931,True,55.94500831149163,35.06107132430424,-0.05675230910379631,True,True,20,20,8.911694918509172,21.74806373734642,6.062589834503469,0.4463120811060747,1.0,1.143845042963394,-0.8308748555084944,0.23272090339524093,0.6802959358395174,5.553070549805031,17.466788062867238,4.321689247390364,0.5480799848690664,1.0,1.2421250569363325,0.7607520097660427,0.27054682678093567,0.7782521775348414
ECSC_1039_3_82F_1039_YR3,82,6-8yr,601,695,12.37025938311054,8.131110451447235,6.227648440074293,6.142610943036247,True,11.669307853777362,69.0121671545736,-0.141854501484351,True,True,20,20,4.220616119675063,14.116900792603198,2.974757420593596,0.6291585232319284,1.0,1.3673545532515714,3.5217550142168115,0.2621528741103187,0.7048159169762676,3.209752322048923,6.82352626275059,1.4804096744602464,0.6135734850777304,1.0,1.338306354503672,0.4784907509605918,0.20572834664594247,0.461222401582449
ECSC_1018_1_82M_1018_YR1,82,6-8yr,256,302,81.97533200877695,40.421459293933125,20.13336252991984,61.84196947885711,True,11.422617614212998,67.19364383931935,-1.3100384042536246,True,False,20,0,,,,,,,,,,13.024660392061406,14.692212537781149,1.2462816827285228,0.33010348981301857,0.0,1.2335504284369996,-1.0014935571520545,0.11280303743455855,0.09568630929433965
ECSC_1005_2_83F_1005_YR2,83,6-8yr,369,405,27.237310175002417,12.487022368271859,8.340070289380465,18.89723988562195,True,12.25313846152611,78.05524984605492,-0.457194274544059,True,False,20,0,,,,,,,,,,4.6598488808269165,12.624960206438947,2.888294711099611,0.6278506826090255,1.0,1.3234673337011182,1.0365854591298573,0.24702216746068992,0.6198258323319418
ECSC_1005_3_83F_1005_YR3,83,6-8yr,366,428,20.12441723122872,5.097959576778492,3.29531976268662,16.8290974685421,True,11.387492921359662,89.28855324855377,-0.5024398229688897,True,False,20,0,,,,,,,,,,6.485542824189989,12.151011994894658,2.99784148539281,0.3592467697499866,1.0,1.129659976957735,-1.2392907084474833,0.1734983293920789,0.4622344754569137
ECSC_4068_1_84F_4068_YR1,84,6-8yr,216,233,28.980612916095627,9.344335598282406,8.89010888749351,20.09050402860212,True,9.399138287883442,97.73909748534814,-0.6021573692815159,False,False,0,0,,,,,,,,,,,,,,,,,,
ECSC_1094_1_84M_1094_YR1,84,6-8yr,241,268,41.18568812140439,21.263659985996963,18.947923277353677,22.237764844050712,True,13.378794078831907,89.58646822248947,-0.726836763863603,False,False,0,0,,,,,,,,,,,,,,,,,,
ECSC_1094_2_84M_1094_YR2,84,6-8yr,398,438,22.04943478901016,11.746693784352784,6.919261233302973,15.130173555707188,True,7.824648331394423,68.09400412179095,-0.24714670919939397,True,False,20,0,,,,,,,,,,2.6667708956787872,5.4404909462017095,1.2099805908751233,0.4722058829898133,1.0,1.1910084062713644,-0.5452537633929255,0.1899454643444606,0.4537249873379695
ECSC_1094_3_84M_1094_YR3,84,6-8yr,389,447,22.984439279800423,8.3821934909128,4.656688291922733,18.32775098787769,True,8.883664224943775,79.67287311217736,-0.41291385164147015,True,False,20,0,,,,,,,,,,10.062991390362829,17.49330782412314,4.451857300454403,0.37252289244659625,1.0,1.1431456552698784,-1.271070156481839,0.17208344505887543,0.44239899725223636
ECSC_1038_1_85F_1038_YR1,85,6-8yr,496,542,34.94612285626648,17.995098863926856,12.186086465852387,22.76003639041409,True,11.216838705525205,74.47713923462325,-0.5374962727821379,True,False,20,0,,,,,,,,,,10.262130550668822,27.1091957018757,6.852392382665241,0.47472263996376834,1.0,1.1816824120181126,-0.2737309383019766,0.23412627556637242,0.6677358418733667
ECSC_1038_2_85F_1038_YR2,85,6-8yr,514,552,36.30506905301482,24.24810295558818,16.603889897062842,19.701179155951976,True,29.592627480061964,61.19921047357247,-0.35767469269268837,True,False,20,0,,,,,,,,,,5.050037568384088,8.562428739434399,2.4405123067044268,0.3118096690216867,1.0,1.1131205966482012,-1.350116515021096,0.16768676481172332,0.48326616854958215
ECSC_1038_3_85F_1038_YR3,85,6-8yr,479,546,28.589481195786135,17.55239861767254,12.14344959308127,16.446031602704863,True,15.055330735868772,67.1109167533056,-0.3898714117589753,True,False,20,0,,,,,,,,,,10.501892307345548,33.72206048938891,7.73960303440257,0.589081588263585,1.0,1.3475569412738586,1.708377167375426,0.2610829052123599,0.7369722339457914
ECSC_1016_1_85M_1016_YR1,85,6-8yr,249,273,45.5286219407487,14.282630077196567,6.792939232110783,38.73568270863792,True,10.732151617708633,80.66462155469998,-1.0205934824787877,False,False,0,0,,,,,,,,,,,,,,,,,,
ECSC_1016_2_85M_1016_YR2,85,6-8yr,314,367,72.29372286280561,20.59167946962945,14.299071641095713,57.994651221709894,True,8.495498169319522,89.14967553735688,-1.4832724915915998,True,False,20,0,,,,,,,,,,2.0288003956673544,5.53643125288805,1.5990473826541027,0.49233824350097755,1.0,1.3232114240449986,0.00871255460522491,0.23441549783338447,0.7881738322158162
ECSC_1016_3_85M_1016_YR3,85,6-8yr,527,584,32.15375763363848,20.91423096623758,12.371027354056341,19.782730279582136,True,16.79213211245213,56.814840563242555,-0.36016283743116423,True,True,20,20,7.8199856486566075,11.95263278914669,1.3937145776986102,0.5694375089779692,1.0,1.3397990800262012,1.5365871360158492,0.1378742713625732,0.1782246976294689,9.811965773855526,32.73327756010016,8.05657848241977,0.5802232245630582,1.0,1.2716502499753621,1.122289283621317,0.28732340746597135,0.8210972875473054
ECSC_1048_1_85M_1048_YR1,85,6-8yr,225,245,38.606724092901906,15.287226493113636,15.09612965836745,23.510594434534454,True,17.722456751623184,99.1871884172121,-0.9966053109047515,False,False,0,0,,,,,,,,,,,,,,,,,,
ECSC_1048_2_85M_1048_YR2,85,6-8yr,388,452,29.29471352494706,14.535825435558886,7.36858103079915,21.92613249414791,True,21.953692009773956,67.3118621960682,-0.47893738433729627,True,False,20,0,,,,,,,,,,8.138864960927318,24.686481028960394,5.201561638053814,0.6274150619329704,1.0,1.3949034018867814,2.7112889320355604,0.24373108951274824,0.6391016023764036
ECSC_1048_3_85M_1048_YR3,85,6-8yr,282,348,106.11280145341225,31.754432409377568,19.599090691463708,86.51371076194854,True,12.397362734333345,85.9498088674516,-2.270184924746021,True,False,20,0,,,,,,,,,,11.7345998993296,23.692762573420815,7.185337232661669,0.3564247825572488,1.0,1.0930560168433279,-1.4276921621940624,0.19983305191440784,0.6123205984272347
ECSC_1058_1_86F_1058_YR1,86,6-8yr,486,526,33.54014847572793,17.624309151803836,13.228756371398354,20.311392104329578,True,22.080371649378577,78.35917519671867,-0.6474178048695542,True,False,20,0,,,,,,,,,,4.173411604607624,8.498726639833913,2.00049962917004,0.49925282057074394,1.0,1.2246640902221717,-0.41686495347405517,0.19770590321017462,0.47934395614403413
ECSC_1058_2_86F_1058_YR2,86,6-8yr,703,802,23.782957743944067,15.91018957506095,7.779058955567052,16.003898788377015,True,32.67967450093167,49.192814032295615,-0.2145546768866676,True,True,20,20,6.148176069501571,11.918405061771361,2.7859267239856242,0.4286829974975521,1.0,1.1916209291073248,-0.7974987969334557,0.18150636666702466,0.4531306020667488,7.954765541616915,23.330354702810325,5.839963618749635,0.7603361598812127,1.0,1.446778899216022,1.983258123330363,0.2929106663134416,0.7341465424966607
ECSC_1058_3_86F_1058_YR3,86,6-8yr,1113,1247,20.175093801720802,15.792103190503791,11.088674560433354,9.086419241287448,True,33.65486159482034,48.23672004150216,-0.15105928386232342,True,True,20,20,14.561645452122761,39.49597095137455,10.163347018280433,0.5830899065143322,1.0,1.279283365227159,0.4194518581839679,0.2590615012704379,0.6979531984689852,12.380806613493723,35.61052257032093,7.834417120862738,0.5811045799532719,1.0,1.3149653128600272,1.5113487564958428,0.23981950374758293,0.6327872945147275
ECSC_1076_1_87M_1076_YR1,87,6-8yr,268,294,51.953778062230356,20.98825272916993,14.35563000240692,37.59814805982344,True,12.431923197602272,82.35917706316368,-0.967816408771151,False,False,0,0,,,,,,,,,,,,,,,,,,
ECSC_1076_2_87M_1076_YR2,87,6-8yr,324,373,44.440409832220666,24.179086494369972,11.37176447015284,33.06864536206783,True,14.93490242935345,61.27049691939279,-0.5871272677093686,True,False,20,0,,,,,,,,,,4.223657616534969,10.569117485780192,2.6745283881257773,0.46870532155303046,1.0,1.1603201480265344,-0.44578997870812564,0.22789411516630753,0.6332256614871932
ECSC_1076_3_87M_1076_YR3,87,6-8yr,403,452,22.18127281364336,13.70434434238874,10.480682225592567,11.700590588050794,True,12.362429974148347,72.44872305772041,-0.27404026623956856,True,False,20,0,,,,,,,,,,6.008077670378897,10.517997568455757,2.3412841305349055,0.44033107027049767,1.0,1.1766800595481839,-0.9170564530539074,0.1729137650342823,0.38968939134690866
ECSC_1086_2_87M_1086_YR2,87,6-8yr,475,531,24.854091298627278,15.787653800144382,10.43587506961346,14.418216229013819,True,13.813375902236,62.881825008550486,-0.3334862457159457,True,False,20,0,,,,,,,,,,5.609619981251713,13.160119717489872,3.5151859842314095,0.5028151359033958,1.0,1.25707982886535,-0.1302891703679081,0.22317828128530323,0.6266353150444679
ECSC_1086_3_87M_1086_YR3,87,6-8yr,293,322,9.745496320150924,5.687473439372291,4.958088685314,4.787407634836923,True,11.2617970188,84.76451537674133,-0.12234652390334715,True,False,20,0,,,,,,,,,,1.954605709757886,3.552453850233734,1.0736404317845913,0.35087512594682,1.0,1.1821611202242877,-1.1325329793089267,0.18151651585775555,0.5492874733889842
ECSC_2002_1_87M_2002_YR1,87,6-8yr,278,310,34.40437008790915,16.873161519893486,10.583429791444038,23.82094029646511,True,12.83467088148683,73.59578736116136,-0.5007467186298965,True,False,20,0,,,,,,,,,,5.848629237277459,7.297194433435928,0.9866994178302804,0.310685787801176,1.0,1.13531550850112,-1.3157250499084656,0.12308370959495013,0.1687060980958317
ECSC_1075_1_88F_1075_YR1,88,6-8yr,224,259,76.93075106107831,35.16293244918427,11.49538205031872,65.43536901075959,True,11.212966201458986,63.83064578580757,-1.168243981640863,False,False,0,0,,,,,,,,,,,,,,,,,,
ECSC_1075_2_88F_1075_YR2,88,6-8yr,423,497,22.45076362741962,14.988911232800483,8.43608795606022,14.014675671359399,True,26.091162542458676,53.24313291008432,-0.23617150680371707,True,False,20,0,,,,,,,,,,11.706061016577406,27.403850679597056,7.1091782718241445,0.5635613850205564,1.0,1.2776091210411296,-0.017900232448706532,0.23394356378277023,0.6073074676235296
ECSC_1075_3_88F_1075_YR3,88,6-8yr,312,351,20.768471551214375,11.89611109361909,8.101535257542738,12.666936293671638,True,10.726679569150651,70.04346001193586,-0.2632759779063237,True,False,20,0,,,,,,,,,,4.668371137438181,6.858022653908632,1.468331476916742,0.2943786570545068,1.0,1.2404263691950597,-0.21893236163608076,0.13732192774152932,0.3145275801106303
ECSC_4011_1_88F_4011_YR1,88,6-8yr,225,256,26.532790559062384,14.323417022441557,9.022943484845644,17.50984707421674,True,14.095374443099306,69.72861319045519,-0.42553375846050556,False,False,0,0,,,,,,,,,,,,,,,,,,
ECSC_1078_1_88M_1078_YR1,88,6-8yr,273,327,24.656479646218422,7.860562324358908,7.191483202467603,17.46499644375082,True,11.002957695915033,96.16902800956073,-0.6002048667756769,True,False,20,0,,,,,,,,,,5.028773850476701,10.32555694654814,3.9853237407453186,0.26476065121553616,1.0,1.044079698266381,-1.7957384896283441,0.20018988526804177,0.7925040694298733
ECSC_1078_2_88M_1078_YR2,88,6-8yr,271,328,22.393125270798215,10.737876255986134,9.394057956776985,12.99906731402123,True,11.006210100730781,89.66219447329378,-0.44446045872433804,True,False,20,0,,,,,,,,,,3.225576297569506,7.562513074051063,1.6077108013396333,0.4413775709760319,1.0,1.2138765678967245,0.4046945948333138,0.19061630452325906,0.49842590998422653
ECSC_1078_3_88M_1078_YR3,88,6-8yr,483,607,21.3540794983422,12.902462606113268,11.351946858060899,10.002132640281303,True,21.407980257951422,84.49814850676924,-0.3124426390111019,True,True,20,20,10.177011407657178,25.311967754647398,6.49770249247376,0.44661325661837126,1.0,1.191030238824475,-0.5696455319703495,0.21970668044762617,0.6384686262201585,9.825908106356263,37.951234492220074,8.327607560543125,0.6646836327233956,1.0,1.390024416256642,3.9062363136755867,0.30263297134942546,0.8475153105855016
ECSC_1002_1_89F_1002_YR1,89,6-8yr,446,502,21.772553741196813,12.619649971637482,8.284740948453248,13.487812792743565,True,16.450552460901328,67.8605487057441,-0.3575679288195386,True,False,20,0,,,,,,,,,,3.5294258082821353,8.686305001910842,2.187788653807487,0.5315905952405562,1.0,1.2381097024305505,-0.10436698806168687,0.23307285512505627,0.6198709854372436
ECSC_1002_2_89F_1002_YR2,89,6-8yr,545,615,16.84179726115427,12.340085987596416,8.526440190537073,8.315357070617196,True,22.233671425809764,54.13731768013807,-0.13518978555068703,True,True,20,20,8.41428920406965,15.959760876177407,2.4790371264678277,0.559381845822723,1.0,1.3051778091029733,2.0209968557424958,0.16313559632229999,0.2946222867249224,6.123893598188874,13.519504932831492,3.0580705562791253,0.5118220143500449,1.0,1.2564635773313069,-0.12798978479379253,0.2017088929787998,0.4993670296922765
ECSC_1002_3_89F_1002_YR3,89,6-8yr,364,435,16.383319935887315,9.586047677682375,6.431637782296597,9.951682153590717,True,18.27756936289711,68.30274674470367,-0.2130468849305034,True,False,20,0,,,,,,,,,,3.87317004267789,11.874383924933964,3.166376903736034,0.5250615152977517,1.0,1.1925870248172319,0.07391236731075246,0.2799642152064277,0.8175155928725549
ECSC_1030_1_89F_1030_YR1,89,6-8yr,324,369,13.466740733591136,7.781301321800302,6.456973417894991,7.009767315696145,True,16.737027668522007,81.10739138316475,-0.19533604514170988,True,False,20,0,,,,,,,,,,1.6429478893906122,2.6898204202587834,0.5615843915802505,0.47370424764361907,1.0,1.3292979653612027,0.5525553143544526,0.16090405138823505,0.3418150966361742
ECSC_1030_2_89F_1030_YR2,89,6-8yr,484,603,21.56943213598312,12.97967056662597,7.722735697749488,13.846696438233632,True,14.089083164443933,62.03473592184067,-0.2835658420349389,True,True,20,20,9.858808129699003,14.128508087842823,2.5072781234121293,0.4155896567787457,1.0,1.2878607924233065,-0.5708928406373244,0.1410340052497389,0.25431858399385227,7.637792965846515,24.619091739648752,5.658962495632838,0.6652352686345522,1.0,1.3698584244695176,1.9822775564715363,0.2799030470676943,0.7409159322513321
ECSC_1030_3_89F_1030_YR3,89,6-8yr,485,544,21.06778985109329,12.770215454825465,9.237093713282539,11.830696137810753,True,7.1727478153554,70.13597762644656,-0.19244050175473779,True,False,20,0,,,,,,,,,,3.0029560849385897,7.277994611129148,1.9559669447980723,0.46953664887817004,1.0,1.181833599493216,-0.6721363287357187,0.22938850577506237,0.6513471690805868
ECSC_1054_1_89F_1054_YR1,89,6-8yr,357,419,16.356621765731767,7.062474625498484,5.156449078069715,11.20017268766205,True,13.774077252755681,82.98217714510403,-0.32285981459260216,True,False,20,0,,,,,,,,,,7.8122979820058,25.752882215157836,6.596915824321227,0.6179774124651889,1.0,1.3135788032695757,0.965109207113644,0.29863172611011973,0.8444270609641384
ECSC_1054_2_89F_1054_YR2,89,6-8yr,435,479,25.520279888233322,11.799179761935811,9.583718405704001,15.93656148252932,True,8.270421775674851,86.09824736245305,-0.39199690053805275,True,False,20,0,,,,,,,,,,5.5069235364182125,17.291994855799963,4.796367231725231,0.6002673290650722,1.0,1.2963351186179424,0.47320233627271335,0.30032821852901487,0.8709703702995052
ECSC_1054_3_89F_1054_YR3,89,6-8yr,375,446,18.336628075049145,6.552692738259242,4.700220582756005,13.63640749229314,True,15.191785025762666,86.41524788291788,-0.3827358329079234,True,False,20,0,,,,,,,,,,4.027746596094987,8.489378121164366,1.9263461737114864,0.42830919223050656,1.0,1.1969516087841086,-0.5366810358739049,0.1855702896492336,0.47826895951675136
ECSC_1026_1_89M_1026_YR1,89,6-8yr,316,357,28.809548874488133,10.904403732206793,9.322984716762313,19.48656415772582,True,7.779783575930349,91.88456721952447,-0.5136849616052146,True,False,20,0,,,,,,,,,,3.5988067999144624,4.9821795402170475,0.8781186440887384,0.34692472274719693,1.0,1.1519516808485695,-1.2261806806395927,0.1367422423276289,0.24400271893162195
ECSC_1026_2_89M_1026_YR2,89,6-8yr,404,450,39.82782216829378,22.63102071254594,11.185683532295089,28.64213863599869,True,23.75239660585046,60.040214434735496,-0.732326166266534,True,False,20,0,,,,,,,,,,8.753562481145343,25.940308340811775,5.055313410693073,0.6831423943822545,1.0,1.4312564922899342,4.10122252652507,0.23782468914911922,0.5775149742269985
ECSC_1026_3_89M_1026_YR3,89,6-8yr,405,457,41.225196177256684,23.228146658402054,14.354981225074667,26.870214952182017,True,15.663264441203122,66.97769091494806,-0.6219218614336567,True,False,20,0,,,,,,,,,,4.1983222862939655,7.85422804454122,1.56186950368385,0.5921842576760744,1.0,1.3436964372753193,0.4345975206201289,0.1819774995774504,0.372022297759941
ECSC_1031_1_90F_1031_YR1,90,6-8yr,254,312,17.417762860425405,5.43572916565691,5.19299287789646,12.224769982528946,True,7.944812308129251,98.01438973406162,-0.33604989183991807,True,False,20,0,,,,,,,,,,1.5585879989899816,2.435230703316857,0.6220554925947492,0.3530795173155872,0.0,1.2527056461247188,-0.6266853676710196,0.15624595498585706,0.3991147711889624
ECSC_1031_2_90F_1031_YR2,90,6-8yr,384,418,23.31426931106163,8.740425559241665,7.64488523187672,15.669384079184908,True,7.469594589193275,93.00840210547744,-0.40638935870507836,True,False,20,0,,,,,,,,,,6.27476586395357,13.099239935412783,3.2401925725328686,0.5463910445712218,1.0,1.3156117080644008,0.06541356446141533,0.20723070074500316,0.5163846178144575
ECSC_1031_3_90F_1031_YR3,90,6-8yr,409,471,39.58125108492931,17.9917677365956,15.234335451751411,24.3469156331779,True,20.627963487768813,88.67440818217402,-0.8029339844232437,True,False,20,0,,,,,,,,,,9.29495174022778,30.290589234184825,7.8868707485399945,0.4868621104420946,1.0,1.1844514260915746,0.23252314632913285,0.2742835641092648,0.848511210058926
ECSC_1044_1_90F_1044_YR1,90,6-8yr,575,695,30.93933580615795,21.217601828769535,13.658780508725677,17.280555297432272,True,18.890046583067157,56.258226718171336,-0.3210978818262792,True,True,20,20,23.98757868572776,52.23577747535595,10.75777806548347,0.597227475031354,1.0,1.2987081408490426,0.6441011199378783,0.20311797799826725,0.44847286199353587,11.760875665990204,42.677717824135186,10.527406634290319,0.6873507584848726,1.0,1.3761188154696977,1.9685027970358462,0.3235497699919947,0.8951209870140199
ECSC_1044_2_90F_1044_YR2,90,6-8yr,733,814,58.37957332536053,42.65064563489346,27.190138358967964,31.189434966392568,True,30.96929370639971,50.43030663240743,-0.5331843622662463,True,True,20,20,7.6827759115577665,28.53048179740038,7.230790144050176,0.7134839525185761,1.0,1.4225565114185628,2.015357825642644,0.3360218865216548,0.9411689508179414,4.5319264339721945,13.62391088520253,3.5287266095277623,0.5185375208285893,1.0,1.2535851761926242,0.22189945271540035,0.260622543018036,0.7786372221481238
ECSC_1044_3_90F_1044_YR3,90,6-8yr,219,245,25.408184540057917,8.299839254383253,7.155920980581038,18.25226355947688,True,7.483214658108059,93.73273199746082,-0.503922163947771,False,False,0,0,,,,,,,,,,,,,,,,,,
ECSC_1060_2_90M_1060_YR2,90,6-8yr,593,677,23.1995464690335,10.660846685799601,8.729149463400605,14.470397005632895,True,12.485542955154173,86.65069644152096,-0.42645319931338693,True,True,20,20,8.151067694751744,20.005114196880225,4.6963876833766545,0.5903594039454151,1.0,1.3507785300761266,0.4296938434809938,0.22590755232827234,0.5761684063059045,5.6895697922762425,18.863380931889846,4.250790355694273,0.591697427458078,1.0,1.323088080301871,2.1798800855001437,0.26705950334148526,0.7471198194044206
ECSC_1060_3_90M_1060_YR3,90,6-8yr,471,514,42.89192854441742,27.51536372903326,12.835313521367715,30.0566150230497,True,23.712193048382876,51.15867107321378,-0.5149555008745613,True,False,20,0,,,,,,,,,,6.561421513788217,18.635272459713214,4.1712911587538155,0.6160054659577254,1.0,1.3213178937996355,1.3673483151058043,0.24819031471852337,0.6357297957444489
ECSC_1040_1_91F_1040_YR1,91,6-8yr,640,743,11.975148556436046,6.8241088367481195,6.424013269955942,5.551135286480105,True,15.899735183877805,92.79254519761719,-0.19411958168237703,True,True,20,20,11.576849188265246,31.784077192853303,8.439583039184637,0.4962462782071158,1.0,1.2495385620382435,-0.1973175699583991,0.24475988133165988,0.7290051811108789,14.350591265223855,46.66064806839977,11.366649082068005,0.5088147298181105,1.0,1.258193375566279,0.8861640241873121,0.2601566377231466,0.7920683456167474
ECSC_1040_2_91F_1040_YR2,91,6-8yr,434,524,22.85903994982467,12.847293901736602,8.615501724480737,14.243538225343933,True,18.27601934915536,70.28974044015189,-0.3763529107288138,True,False,20,0,,,,,,,,,,12.618900125095522,36.572104291786566,10.077330491715786,0.5842613059745847,1.0,1.303005025169222,0.3044549148945359,0.2790420482334358,0.7985902409731216
ECSC_1040_3_91F_1040_YR3,91,6-8yr,482,541,17.84869837104943,6.534827949109667,4.662263940001097,13.186434431048333,True,12.644327713180658,85.79931505442066,-0.39483451411225334,True,False,20,0,,,,,,,,,,6.627557464871752,17.876732418628112,4.005696334507191,0.5266820756499877,1.0,1.2626963430282,0.7810302479752083,0.22605037473149878,0.6044000909443196
ECSC_1027_1_91M_1027_YR1,91,6-8yr,349,376,22.02971869663807,12.687977913868927,11.31031006334725,10.71940863329082,True,10.773549728009776,87.14791181443432,-0.3320052709709919,True,False,20,0,,,,,,,,,,4.520715173697046,10.093763607062906,2.484097013672702,0.5360423371909759,1.0,1.3057168629846192,0.125157295979911,0.21152461011228935,0.5494920423489552
ECSC_1027_2_91M_1027_YR2,91,6-8yr,430,516,47.571879568022,23.67936234928617,11.327541838258517,36.24433772976348,True,15.740600983259366,65.92068917599656,-0.7291596997970708,True,False,20,0,,,,,,,,,,13.36964344563709,27.19056833643453,7.433379811996358,0.3856120994577796,1.0,1.1417384616010775,-1.1678233725382685,0.19389025618179384,0.5559893831291431
ECSC_1027_3_91M_1027_YR3,91,6-8yr,324,354,58.469892456405994,11.963280988172588,6.662400713692355,51.80749174271364,True,7.987383221222359,89.76812021549806,-1.295419575277971,True,False,20,0,,,,,,,,,,11.840626169204153,20.08673698999154,4.8608875300124135,0.4069411782481161,1.0,1.232886845913632,-0.9795693499181533,0.16775156419560344,0.41052622222420265
ECSC_4070_1_91M_4070_YR1,91,6-8yr,351,393,25.11759420619299,11.698274304434387,8.92728764041576,16.19030656577723,True,11.648073276914213,82.8849030575129,-0.3990253427270845,True,False,20,0,,,,,,,,,,9.573577843110787,25.226361084936812,6.9575425208843455,0.5205851180845332,1.0,1.184752597437699,-0.0890027066610406,0.2596671891806613,0.7267442365751526
ECSC_1098_2_92M_1098_YR2,92,6-8yr,246,265,42.699178770130764,12.955539243482699,9.951513094171036,32.74766567595973,True,11.470276243858263,90.82674722822476,-1.1232260575950612,False,False,0,0,,,,,,,,,,,,,,,,,,
ECSC_1098_3_92M_1098_YR3,92,6-8yr,279,314,18.366135473845954,7.533665173227653,4.4568992424539875,13.909236231391967,True,18.662601313449493,77.87969174159494,-0.44696206188453,True,False,20,0,,,,,,,,,,1.2430160897487674,1.8452412410118617,0.29379660391952855,0.46094702329716725,1.0,1.3149334213522292,-0.4141990526661874,0.1414273617148004,0.23635784471535629
ECSC_1034_1_93F_1034_YR1,93,6-8yr,270,311,39.30789441290957,15.612999072376274,7.525090969837538,31.78280344307203,True,28.146714088675484,74.55256545563878,-0.7569148882538497,True,False,20,0,,,,,,,,,,2.676628888726426,4.3389408590781,0.8016696301951116,0.43063481829381944,1.0,1.3355474124734188,0.31347427817195905,0.1482866532695289,0.2995072023512965
ECSC_1034_2_93F_1034_YR2,93,6-8yr,667,812,31.72485638616489,18.602120248940086,14.253110647570256,17.471745738594635,True,18.591768431066722,75.10832823211834,-0.49223422012067564,True,True,20,20,16.13843346060709,49.278499777946266,10.797009237420308,0.6296415511804615,1.0,1.3930742791142698,2.106832547021143,0.2511928340314563,0.66902461529337,18.37553215358265,59.1888181909201,13.458914820662978,0.6091175348549634,1.0,1.3332707297368698,1.9014704991747058,0.2673103781705673,0.7324367375145058
ECSC_1034_3_93F_1034_YR3,93,6-8yr,342,391,14.569682533822885,7.667166723815106,5.67518725781667,8.894495276006214,True,20.87836702695635,77.60435635541909,-0.2383491371881405,True,False,20,0,,,,,,,,,,12.520802044793609,26.408579334369016,8.63304479138882,0.33547483224059593,1.0,1.1063520311398338,-1.4205877313896698,0.2045366205249421,0.689496148929102
ECSC_1087_3_93F_1087_YR3,93,6-8yr,237,281,63.001392461055,12.255809812197773,8.942024252575116,54.05936820847988,True,18.619125504908457,93.87009935661281,-1.8541718258759594,False,False,0,0,,,,,,,,,,,,,,,,,,
ECSC_4019_1_93M_4019_YR1,93,6-8yr,287,334,34.94156455584172,10.851189671794206,4.356361754345671,30.585202801496052,True,7.813122678377599,78.76480349140975,-0.6517084564005794,True,False,20,0,,,,,,,,,,7.183581119009693,13.886458700417599,3.972374160137583,0.39191000738115644,1.0,1.21659649881155,-0.9596413117737881,0.18906743453008723,0.5529796482182974
ECSC_1008_1_94F_1008_YR1,94,6-8yr,561,656,16.581916909619267,11.190636348216353,6.2324910990574125,10.349425810561854,True,22.064596860961274,52.09255721125103,-0.14030632670995355,True,True,20,20,4.619646736742593,9.85422833861665,2.9702505020515555,0.34995839651621463,1.0,1.0965807255496938,-1.4333941544182995,0.20259592838626364,0.6429605273553752,5.740862795215857,19.701394782014475,4.522502637360162,0.7694234982176795,1.0,1.4758988336908698,2.7977277366224014,0.3053432926688986,0.7877740330476085
ECSC_1008_2_94F_1008_YR2,94,6-8yr,514,608,24.778544459717633,14.758773193204172,9.393797403678235,15.384747056039398,True,9.408537849044507,65.12795582544287,-0.2514436469950298,True,True,20,20,9.370986056526684,13.45165943762224,2.464700526585429,0.38315578954862445,1.0,1.212475066801449,-0.9625493153117888,0.1415576944995163,0.2630139999908355,8.626678751234754,25.30064388984154,6.258063075413688,0.6257251799541452,1.0,1.3280699879082398,0.8254528521926048,0.27089485351329595,0.7254313341061829
ECSC_1008_3_94F_1008_YR3,94,6-8yr,591,752,15.07696981857662,12.63658358569384,6.611135502105127,8.465834316471494,True,66.72321194530865,28.826293329821716,-0.09168585408997601,True,True,20,20,10.767122768658883,27.422751837633694,5.522121232785331,0.8445989252201905,1.0,1.5848878399095525,2.83488296459187,0.23665586246112488,0.5128687906168593,10.881138344412216,26.10943588708887,6.810141956211555,0.513253803152981,1.0,1.2602257910562795,-0.32511653685234787,0.2274487704035314,0.6258666823870283
ECSC_1009_1_94F_1009_YR1,94,6-8yr,585,698,16.561309426132745,8.566632543330705,5.9621980342408705,10.599111391891874,True,10.413003453469862,75.42780321110523,-0.24275523613906272,True,True,20,20,4.30244213644662,7.698021853624414,1.7937716712549507,0.39157253316944085,1.0,1.1203537470558047,-1.1686935193169108,0.1728583240070195,0.4169194179416492,6.005328873731381,18.50462703889083,4.912187980350502,0.5315204670161339,1.0,1.2523349306013352,0.3016135935745785,0.27358319771683726,0.8179715189017348
ECSC_1009_2_94F_1009_YR2,94,6-8yr,1237,1511,17.975662015255864,11.347793104758612,6.768423387948251,11.207238627307614,True,13.408509467287812,59.139178979804655,-0.18079444592196098,True,True,20,20,10.951359212521938,35.391721493988484,6.961764754897883,0.6404633352011494,1.0,1.4592274937021354,4.904587318340428,0.23950590564142304,0.6356986945453952,10.284369882300018,21.05770155404244,5.697904044054681,0.4317327358845183,1.0,1.213616998181718,-0.882055387029995,0.19854640303500082,0.5540353088487313
ECSC_1009_3_94F_1009_YR3,94,6-8yr,625,764,19.367610654179018,10.428466817709852,5.044097780416527,14.32351287376249,True,25.95714943631558,62.40887912939082,-0.3017029799062824,True,True,20,20,11.865790790500949,47.23892418085768,12.675998462720973,0.5204665846326408,1.0,1.2036109288531474,0.792137577705867,0.33097353684559816,1.068280967238073,8.117846961752782,40.14021804565586,8.7331349509245,0.7675518508547545,1.0,1.5088827218151615,6.33538192965967,0.37362234066431466,1.075794479998286
ECSC_1012_1_94F_1012_YR1,94,6-8yr,377,449,20.367277906811243,11.87982974757155,8.206003559862348,12.161274346948895,True,16.946253287192192,69.79077946193264,-0.30226183645083654,True,False,20,0,,,,,,,,,,7.521800754062257,22.04338291858454,5.687871149699261,0.5662953482464274,1.0,1.3058648458779027,0.4999411760317196,0.26396180556069565,0.7561847668761293
ECSC_1012_2_94F_1012_YR2,94,6-8yr,292,340,23.545921631013826,9.962330509369755,7.627628666319524,15.918292964694302,True,6.763002744414321,85.33321475972052,-0.31441303584585495,True,False,20,0,,,,,,,,,,6.407837136996949,9.992228405066093,1.5678984322489213,0.43498988054463483,1.0,1.2605882481987232,0.2035416733355424,0.14221651360227056,0.2446845009833882
ECSC_1012_3_94F_1012_YR3,94,6-8yr,340,379,20.614945888922513,10.62195732343584,8.168480293603961,12.446465595318552,True,13.058197507288336,80.28776112348957,-0.3125014062311955,True,False,20,0,,,,,,,,,,8.172463905330792,29.39951114255949,9.488033733880334,0.5313282668234832,1.0,1.2600749489876926,0.28128697199273356,0.34477088427118213,1.1609759117677365
ECSC_1021_1_94F_1021_YR1,94,6-8yr,867,966,17.3521580231663,12.73790924988189,10.072905010367826,7.279253012798474,True,15.194832760176027,63.389042325793326,-0.17203662944526296,True,True,20,20,7.3934424679310995,17.53726444838779,4.621089643859273,0.48267985360563664,1.0,1.2005364748663576,-0.4355821851080206,0.22564682331319896,0.625025441653621,6.103484230368165,14.24322315492862,4.139781475712414,0.4649843264681453,1.0,1.1999839848798035,-0.8013542942398271,0.23141122341843928,0.6782652857714846
ECSC_1021_2_94F_1021_YR2,94,6-8yr,1268,1403,27.39701597103861,19.93358876372376,14.408603098450547,12.988412872588063,True,14.176212948971749,57.46219557792432,-0.2434044281272804,True,True,20,20,11.89440111691553,28.628199136535113,7.322160764250631,0.4778264487562948,1.0,1.24324542099836,-0.5020064234571597,0.21829870785764413,0.6155972622982655,11.331730140650766,63.300254934228604,14.884236519522913,0.8856409651075157,1.0,1.5971894706883614,5.381714910938879,0.4641678494754689,1.3135007924454625
ECSC_1021_3_94F_1021_YR3,94,6-8yr,851,990,22.488459602389415,16.873556368345355,9.058669307130613,13.429790295258803,True,39.80874339123497,41.80931429753093,-0.17673551490334596,True,True,20,20,14.840452887510512,69.44348472868671,15.265690606123384,0.7121287096130688,1.0,1.4503123361368706,5.470373090184927,0.3525435375989336,1.0286539583283705,13.158113347754172,46.38138688875067,10.843860622584584,0.5972514799513216,1.0,1.2723583428319745,2.050988530128203,0.29342299370151276,0.8241197150376741
ECSC_4045_1_94M_4045_YR1,94,6-8yr,214,238,52.69565611913505,15.507815228009973,13.21014809594284,39.48550802319221,True,7.205496743152137,94.18098627294457,-1.022790548897235,False,False,0,0,,,,,,,,,,,,,,,,,,
ECSC_4020_1_95F_4020_YR1,95,6-8yr,355,410,25.59497320962565,11.018585468091485,8.864537048936176,16.73043616068947,True,17.07701130528901,87.12497152813894,-0.5473687113457762,True,False,20,0,,,,,,,,,,1.7250767791747172,5.2340269839561415,1.717751115724438,0.4495464631641306,1.0,1.2149341143519972,-0.602193778516614,0.27016508785771554,0.99575342759307
ECSC_4039_1_95F_4039_YR1,95,6-8yr,364,417,49.44935906346601,25.589325528065213,17.245889971024997,32.20346909244101,True,8.236628277508597,74.09150072282544,-0.619794076414117,True,False,20,0,,,,,,,,,,5.633149430644002,16.795578562902087,5.273584579046969,0.44747834999846964,1.0,1.1737056526606373,-0.7326116720309894,0.27845859931472816,0.936169836070561
ECSC_4049_1_95F_4049_YR1,95,6-8yr,236,274,74.0968463305614,37.71362048780705,11.888657572607732,62.20818875795367,True,29.123478736264257,58.486232390269606,-0.986485867931919,False,False,0,0,,,,,,,,,,,,,,,,,,
ECSC_4023_1_95M_4023_YR1,95,6-8yr,268,312,33.39150559685318,10.508409482868323,7.205976391439419,26.185529205413758,True,7.391951404230691,87.3883278603125,-0.5918415430043942,True,False,20,0,,,,,,,,,,5.687455690488055,11.90798980463537,2.875725928924561,0.5387982889480672,1.0,1.2560537705190595,-0.25338285446289,0.2084469763265953,0.505626080522095
ECSC_2027_1_100M_2027_YR1,100,8-10yr,488,551,38.304209754631096,21.58679865333797,16.487810444237248,21.816399310393848,True,17.31553656759767,76.62772790067405,-0.5468406549701263,True,False,20,0,,,,,,,,,,10.044096296511889,23.394695192435954,6.580481125975895,0.4781522598004506,1.0,1.2119402822068779,-0.5270177100442575,0.226819529884019,0.6551591035881609
ECSC_1015_1_102F_1015_YR1,102,8-10yr,860,1110,21.178237287590463,13.627033172543612,8.848511465206434,12.32972582238403,True,25.079921597215712,61.24389320432414,-0.22026600402523164,True,True,20,20,9.620525361770701,19.29342512258653,5.33787754537077,0.35500840166902564,1.0,1.1228916480630067,-1.2677231962761224,0.18770828147589905,0.5548426249757642,10.888722888531593,30.8970661387172,7.27570337287166,0.6159394856240151,1.0,1.3182168789378765,0.9668629573270269,0.25610586550005654,0.6681870268307315
ECSC_1015_2_102F_1015_YR2,102,8-10yr,943,1161,18.39964596785047,12.091298657486055,9.753505583031584,8.646140384818887,True,19.079969491691035,72.96142590329407,-0.2340192621607154,True,True,20,20,13.965958747314897,37.10517100382882,9.622236690800381,0.4865069560155829,1.0,1.1903416366964321,-0.3302360011944696,0.2407967772664695,0.6889778829291157,12.386986140727162,58.25388828738671,13.863869762744775,0.5920614941078336,1.0,1.2945658288755506,3.3300048845087664,0.3550630749018368,1.1192286489416314
ECSC_1015_3_102F_1015_YR3,102,8-10yr,670,774,23.54573221353131,15.947796011028611,8.026750160372908,15.518982053158402,True,73.28760688731774,48.95898568911855,-0.19099631711070908,True,True,20,20,8.163131278691898,16.99912799880815,4.392523914860355,0.3864396618047211,1.0,1.1215897346041,-1.143859120236567,0.19269899500765408,0.5380930141753442,8.143249217538026,15.250231214561005,3.7981234094329794,0.3873426262471698,1.0,1.1694260057959174,-1.1153941046272313,0.17724384705436141,0.4664137505767358
ECSC_1059_1_104F_1059_YR1,104,8-10yr,639,722,15.3151487542929,13.171473339804816,8.009489813123384,7.305658941169517,True,77.49259636998762,29.342670274516227,-0.044659904468501765,True,True,20,20,6.113842297567329,15.567892856377847,4.174527613764519,0.4554885060289325,1.0,1.1844607633228919,-0.6282478471772523,0.23128643449819347,0.6827993609559646,5.558528542352501,12.208844135254676,3.395494494768167,0.4190614116495409,1.0,1.1795033205067895,-1.0013197889853998,0.2085154807384742,0.6108621137584577
ECSC_1059_2_104F_1059_YR2,104,8-10yr,344,397,14.221242106568477,6.231410385270168,5.070183177831581,9.151058928736896,True,8.013526774448358,87.31046082774085,-0.22660537195197678,True,False,20,0,,,,,,,,,,2.1600739306027266,4.095245968607309,1.1759652318527802,0.32816517268151774,1.0,1.1265083450046245,-0.8643280265111648,0.17760995252707434,0.5444097144974339
ECSC_1059_3_104F_1059_YR3,104,8-10yr,322,371,43.44994148619369,21.868922901311205,9.528902757686001,33.92103872850768,True,14.228999820386967,63.62133765304042,-0.6048628236287884,True,False,20,0,,,,,,,,,,15.980969944837451,38.151285614662456,9.636931647965845,0.49760252330098015,1.0,1.1683024656576149,-0.3514005945224832,0.22842007788423355,0.6030254534756192
ECSC_4015_1_104F_4015_YR1,104,8-10yr,677,805,16.47767197245542,7.942130057683332,5.599001879066989,10.878670093388429,True,16.36964588921191,78.46126264973886,-0.2401163179781824,True,True,20,20,6.72944326979314,21.46446104410731,4.859731380137654,0.6496492741018058,1.0,1.3474131998930599,2.0439926679057905,0.27409299327638825,0.7221594989814127,4.765398251703822,15.728895512551874,3.2997561015322745,0.6120904230007977,1.0,1.350521067641514,3.4730653221121024,0.256915868453717,0.692440784010545
ECSC_4079_1_104F_4079_YR1,104,8-10yr,315,340,16.90267864009358,11.899780568738246,8.026250104294249,8.87642853579933,True,14.896500200966154,56.361610428994666,-0.19057256028838257,True,False,20,0,,,,,,,,,,7.893852459122243,12.950763069501525,2.6195760456679,0.42898471554719114,1.0,1.16095320363089,-0.9423965519570374,0.16131110090138112,0.3318501402494143
ECSC_1022_1_106M_1022_YR1,106,8-10yr,540,661,22.585723248409497,10.29511246415753,8.79481145626257,13.790911792146927,True,11.151030431633135,89.12108908745766,-0.3744208056809262,True,True,20,20,10.691253418790996,21.56366529054322,7.3176677268975725,0.31392524123468935,1.0,1.0616642308242588,-1.6700483539576898,0.20119361649366382,0.684453678184824,8.569931898409331,19.85679899059714,5.559226967783563,0.41102444308296854,1.0,1.1262634992015448,-1.1131553187764394,0.2183681007140419,0.6486897484932655
ECSC_1022_2_106M_1022_YR2,106,8-10yr,295,334,15.005290997686258,9.052715379168092,6.573904970800262,8.431386026885995,True,16.993811539485655,70.60020261836665,-0.19692434152897564,True,False,20,0,,,,,,,,,,4.098974750996741,9.741583395460367,2.821318088213816,0.4425876960623968,1.0,1.2119589601333356,-0.5516343684114431,0.22196180411291164,0.6882984794009186
ECSC_1022_3_106M_1022_YR3,106,8-10yr,336,403,39.43024491686797,11.546479845515965,8.2413117030095,31.18893321385847,True,7.601569875940594,89.40275347077967,-0.7785360860709489,True,False,20,0,,,,,,,,,,12.253363417693198,38.53008287369306,9.907495013220053,0.5203580936228097,1.0,1.2349777159676647,0.38371366672626905,0.2703420012423771,0.8085531029720512
ECSC_1001_1_107F_1001_YR1,107,8-10yr,323,361,41.909623798840435,14.091040952675893,8.822293259006928,33.08733053983351,True,8.538974684469725,84.076238222585,-0.7983395985080028,True,False,20,0,,,,,,,,,,6.382631121003142,14.67587299881872,3.1800966342854893,0.5186125382371395,1.0,1.2814871180813152,0.46577759226044435,0.20081829382233285,0.4982422725043339
ECSC_1001_2_107F_1001_YR2,107,8-10yr,485,563,21.99925872659394,11.989579347335518,8.92336102921112,13.07589769738282,True,11.928628117946339,76.55060945652619,-0.3876886807841287,True,False,20,0,,,,,,,,,,4.237036736932837,10.046314929033768,2.1110354182036404,0.49655029561757164,1.0,1.3328135228031561,0.9134006931458623,0.19281050781361422,0.4982339189562479
ECSC_1001_3_107F_1001_YR3,107,8-10yr,356,383,28.392885950511907,9.980495976238663,7.174654886930895,21.218231063581012,True,15.75316433354934,86.7762723438161,-0.656646956284393,True,False,20,0,,,,,,,,,,4.76157848836442,14.226819512735366,2.893164310469505,0.6290848131881419,1.0,1.3621739825953476,3.2215579595096866,0.24030358748435207,0.6076061368177286
ECSC_4007_1_107M_4007_YR1,107,8-10yr,542,602,20.51169188166653,10.624144345256786,7.315696927558456,13.195994954108073,True,13.828541025321199,74.92839737204984,-0.3416735830470789,True,True,20,20,4.279848482363188,7.455915494791258,1.696021204872402,0.3972354684362844,1.0,1.153526827396741,-1.0062631196776333,0.16823280224497303,0.3962806655098959,15.405754085002176,52.57367425261958,12.481398033224744,0.6383130882115378,1.0,1.3246618047811585,1.7746378255201112,0.29519963969423235,0.8101776754554096
ECSC_4054_1_96F_4054_YR1,96,8-10yr,473,531,24.61654205792276,17.070568388925626,6.3955002257122,18.22104183221056,True,35.433405719958515,41.41351377426515,-0.20484148847962438,True,False,20,0,,,,,,,,,,5.648028583259907,12.05473293865506,4.325892175245722,0.3169247428369168,1.0,1.0720788674466155,-1.582510573333038,0.2132082872442988,0.7659118772994806
ECSC_4062_1_96F_4062_YR1,96,8-10yr,572,683,10.535573762037851,7.4886893880556995,4.819150738331074,5.716423023706777,True,22.166526192741756,53.30054058886669,-0.09872700528736593,True,True,20,20,5.55899443211654,9.107194360365732,1.7632898207150725,0.42686576414533917,1.0,1.2676228413165873,-0.5006701533908702,0.15340706773145382,0.31719582421738723,6.393674826091808,19.460204971870084,4.472279771033239,0.4868170865431563,1.0,1.2245073336058891,1.1959938485393673,0.23904418974773242,0.699485021162229
ECSC_4056_1_96M_4056_YR1,96,8-10yr,355,416,44.90710160958591,17.03654457658149,8.098856427110155,36.80824518247575,True,11.080513438951638,75.71824436301426,-0.8838163473513063,True,False,20,0,,,,,,,,,,8.363062448958747,21.07232408581428,7.20831955807796,0.40382246862056387,1.0,1.1492162942983788,-1.237160881519277,0.25141805999760997,0.8619234403750555
ECSC_1006_1_97F_1006_YR1,97,8-10yr,206,232,17.673508872832144,8.124667569855864,5.760303556114132,11.913205316718013,True,7.453279920550912,80.15341840517279,-0.2645615886622233,False,False,0,0,,,,,,,,,,,,,,,,,,
ECSC_1006_2_97F_1006_YR2,97,8-10yr,577,656,24.23340903413634,12.398659686852376,8.132627239906995,16.100781794229345,True,15.550506876764457,73.50419065691355,-0.4309079760480519,True,True,20,20,5.810245742967752,11.07505560375324,2.523097622309058,0.5083361066746873,1.0,1.2214874806887581,-0.3641307982042923,0.19035901659539345,0.43424972607446244,4.845319743641124,10.500821510876026,2.4714353346511193,0.5458881245479823,1.0,1.2961241183600027,-0.0501063787924898,0.2074122635913098,0.5100665106558899
ECSC_1006_3_97F_1006_YR3,97,8-10yr,445,511,22.149770369324358,14.450529371365542,7.101728542165726,15.048041827158631,True,23.21230042524017,51.16440455437374,-0.2693035800828192,True,False,20,0,,,,,,,,,,7.950131320386445,31.582949797499587,6.7073310922975615,0.7329485310592966,1.0,1.5153395361422541,5.090663738408109,0.3040370196342279,0.8436755094973107
ECSC_1099_1_97F_1099_YR1,97,8-10yr,662,848,18.68815764476051,11.11550451315888,5.881383013974415,12.806774630786094,True,26.685970608189006,59.13005694187663,-0.23793911142383056,True,True,20,20,19.850789026892045,58.7575699394223,16.27635228836022,0.508210378728289,1.0,1.1900779615858283,-0.11392362267092793,0.2750722966767012,0.8199347777214546,15.834464990702463,47.69611613101915,12.784321331087748,0.49837726255685943,1.0,1.1969091357583959,-0.05928577460070139,0.26808978690220975,0.807373115453811
ECSC_1099_2_97F_1099_YR2,97,8-10yr,794,872,22.211842500362362,14.915566141441436,10.831052928701656,11.380789571660706,True,29.44227173324458,64.11045835597714,-0.16338960401754857,True,True,20,20,9.211078900155908,21.910417745435865,4.962314032068407,0.6594265549650764,1.0,1.3858391332183861,0.9236416362880231,0.22817323854202173,0.5387332022510863,8.796189743561518,25.873183505370303,6.020215181745642,0.565715888056403,1.0,1.276743291065767,1.05106521091282,0.2516289827979346,0.6844117006630301
ECSC_1099_3_97F_1099_YR3,97,8-10yr,687,819,31.23864858732165,12.650056072806512,9.496914253195307,21.741734334126342,True,16.24654576949231,85.49728475588095,-0.5936073282469225,True,True,20,20,9.83804809216485,23.473725152080917,5.4282799232766985,0.4398568085001528,1.0,1.1957111132725426,-0.2189393923860754,0.2014865177906087,0.5517639141853607,10.32228629290434,34.35776627844862,7.083279777472514,0.6375971719008717,1.0,1.392823829934165,3.998214751474995,0.2570647377930192,0.686212296043527
ECSC_4025_1_97F_4025_YR1,97,8-10yr,449,542,30.012552734357456,19.156928069503795,8.51664415549335,21.495908578864107,True,27.343450828404446,50.5008877620901,-0.34716052046968343,True,False,20,0,,,,,,,,,,24.73194397319186,64.73914455296556,17.139446148137896,0.5419708490011438,1.0,1.2608899194830472,0.03491093961065017,0.24893860755969136,0.6930084495871478
ECSC_4047_1_97F_4047_YR1,97,8-10yr,362,433,24.00955996818905,7.701115527363458,5.974968879199563,18.034591088989487,True,6.955484486472129,90.42868984582773,-0.38596857250699446,True,False,20,0,,,,,,,,,,3.0042570760626104,6.50611546687416,1.8363450601871918,0.3782696820996423,1.0,1.2483300876670498,-0.5529685790251682,0.19008121759962243,0.6112476441576404
ECSC_1056_1_97M_1056_YR1,97,8-10yr,630,767,12.836293794763671,6.673657295268282,4.832923657157637,8.003370137606034,True,25.784973483048848,77.00051845082797,-0.21209282830322915,True,True,20,20,10.437654220974133,37.74521257283263,8.666994557390199,0.619581884311141,1.0,1.347369743331076,2.5334805076825413,0.29091829327011554,0.8303584669411782,8.022174254595402,21.228365836801956,5.397981134036723,0.5727436197809822,1.0,1.2323351115602756,0.3432403955537735,0.256365418953084,0.6728825581100482
ECSC_1056_2_97M_1056_YR2,97,8-10yr,281,335,38.0605849055628,10.217914017384425,6.324953906384379,31.73563099917842,True,6.9159982733751395,87.7331567439109,-0.6832829397386171,True,False,20,0,,,,,,,,,,5.1843359008927905,10.45686095183034,1.6481572141040577,0.7981977770289641,1.0,1.488223439731883,3.5084135548829423,0.18525461179650937,0.31791096210032027
ECSC_1056_3_97M_1056_YR3,97,8-10yr,403,457,14.612552957688976,11.481240041753395,7.308354750899261,7.3041982067897155,True,37.284544364321086,42.87004305311467,-0.09617509846787543,True,False,20,0,,,,,,,,,,6.6866521674166135,26.57545659246142,6.188272356169198,0.8045466232027023,1.0,1.462014017971935,3.790472814515888,0.354642196178293,0.9254664668104061
ECSC_4009_2_97M_4009_YR2,97,8-10yr,282,315,48.32141107249277,10.639474847974775,7.233901069300489,41.087510003192286,True,7.570662020350328,91.71141356969626,-1.109933888304414,True,False,20,0,,,,,,,,,,1.5742958778711675,2.058066996832207,0.44090132866405807,0.25664145994474524,1.0,1.1804842269390345,-0.29365551574632187,0.13044329682865202,0.28006255676681585
ECSC_4006_1_98F_4006_YR1,98,8-10yr,361,429,28.034429613345292,15.87511269838351,6.4532148510453755,21.581214762299915,True,11.157035437916148,56.342133883041726,-0.32682563807562587,True,False,20,0,,,,,,,,,,7.7736841163702035,12.910236036743338,2.437234759916273,0.4776634269059655,1.0,1.2218122078475935,-0.5742790145457652,0.1612855388019198,0.31352377115296276
ECSC_4042_1_98F_4042_YR1,98,8-10yr,652,745,27.61529611370434,12.779575316901804,6.766854265322098,20.84844184838224,True,14.422839282362819,71.15985407779398,-0.47264259034751405,True,True,20,20,9.931703145720153,30.522806821719193,8.431910392222788,0.443247176449879,1.0,1.1638801429447478,-0.4426890243174202,0.26166275503936315,0.8489893695479946,8.848746168562005,25.061479986831703,6.314979753802123,0.5568224130965669,1.0,1.254447137547609,0.26195674627336585,0.2583888380463587,0.7136581424652121
ECSC_4074_1_98F_4074_YR1,98,8-10yr,319,351,15.579759085529549,9.369372902247028,7.983172737921026,7.596586347608523,True,7.763981572980236,81.75232794184733,-0.17944963447253376,True,False,20,0,,,,,,,,,,1.6823872743302661,3.000872902549678,0.9120516069764659,0.31101104375393135,1.0,1.1015086951710276,-1.3564577175368084,0.1765334557268328,0.5421175141374868
ECSC_1067_1_98M_1067_YR1,98,8-10yr,422,471,36.920708867489125,23.74217289305359,9.931022255951431,26.989686611537692,True,35.69895143930783,48.82804370467165,-0.3546977159922838,True,False,20,0,,,,,,,,,,6.735206279620563,22.677483888066902,5.602216029854362,0.6145647608535818,1.0,1.321204934966014,1.2516253737768732,0.29345342439876304,0.8317809132001776
ECSC_1067_2_98M_1067_YR2,98,8-10yr,306,335,16.37526291441398,11.690354221121584,7.386778587083904,8.988484327330077,True,28.988504430158592,52.12123115181525,-0.09760226444359157,True,False,20,0,,,,,,,,,,4.6303692494284,7.216041271075332,1.3924602577817546,0.39927566119453883,1.0,1.219765374473817,-0.15793901808079536,0.1492191063976396,0.30072337275340366
ECSC_1067_3_98M_1067_YR3,98,8-10yr,318,360,19.76180696053483,10.75991292611703,5.2802258764296015,14.48158108410523,True,19.573915854276628,62.160989066989,-0.26390254549657277,True,False,20,0,,,,,,,,,,3.0031954866618467,4.620702130784484,0.9686484200633438,0.38409592561401407,1.0,1.231961735383374,-0.7259836092172383,0.1502799755227827,0.3225392500639475
ECSC_1091_1_98M_1091_YR1,98,8-10yr,907,1213,35.05288773722061,21.891238662801037,13.714802490020718,21.338085247199892,True,21.57507878089457,61.68149073332023,-0.42776532375027965,True,True,20,20,17.20962905572017,64.02378056078112,13.727973913631152,0.6262979807052038,1.0,1.3770069777834515,4.103931600085735,0.28140523283484625,0.7976914475718011,20.793356504119462,50.64501658779254,16.25558706786146,0.4141618674863761,1.0,1.1407004920575166,-0.9363224447712262,0.24192096144540448,0.7817683049218627
ECSC_1091_2_98M_1091_YR2,98,8-10yr,501,598,30.570927328838547,23.193302379103276,16.254200827247693,14.316726501590853,True,13.67387454093868,51.531507212318964,-0.19345267431008478,True,True,20,20,17.654198618076776,41.35428486893984,7.855328671785448,0.7554777154541433,1.0,1.4441992653986369,2.5385252784904484,0.216380681378315,0.4449552676801818,17.51093370443782,44.78295304238118,9.40605302366223,0.7556983460387378,1.0,1.465291541996769,2.1471220456725497,0.23851364313274945,0.5371531399995215
ECSC_1091_3_98M_1091_YR3,98,8-10yr,461,529,60.508026309999245,38.46212767133207,15.37092172274379,45.13710458725546,True,34.06245080365725,48.84207536185623,-0.6003052037476857,True,False,20,0,,,,,,,,,,8.548633037337288,38.54529672778439,11.358893991911833,0.6969924172790044,1.0,1.3578469506660837,1.6375936962708577,0.43720589532682824,1.3287380499666273
ECSC_4014_1_98M_4014_YR1,98,8-10yr,272,327,38.07850364662505,20.107960852172383,8.054465665413414,30.024037981211638,True,15.30699047156294,59.85385045708451,-0.6897026242886375,True,False,20,0,,,,,,,,,,3.0901951126299885,7.671048292648362,2.1285095796467073,0.4391482290147337,1.0,1.1890708594649166,-0.8585212657159049,0.22719297101023855,0.6887945589413561
ECSC_4036_1_98M_4036_YR1,98,8-10yr,395,465,31.13531246981374,18.622928710481368,10.811399859629441,20.3239126101843,True,20.144810032063035,61.56483743716957,-0.4474721984255962,True,False,20,0,,,,,,,,,,12.157269167970751,36.85004592526052,8.054213331327706,0.6393881889241655,1.0,1.2916248236773042,2.2567635973782965,0.2639779025372921,0.662501851365366
ECSC_1010_1_99M_1010_YR1,99,8-10yr,718,839,28.535047466435586,20.43165236129137,13.53581825434967,14.999229212085917,True,30.035156372621305,54.02541017650927,-0.2611366033332294,True,True,20,20,15.782221258909633,53.80074833854312,12.46219498861106,0.6852211413693661,1.0,1.3517432948548118,2.385601370578997,0.30013956371250305,0.7896350446598701,12.919807389397814,28.3247674085575,5.6993943510979745,0.569722835824408,1.0,1.293554708960639,0.8009920426396864,0.197145234025752,0.4411361701703837
ECSC_1010_2_99M_1010_YR2,99,8-10yr,207,261,67.84638419812839,48.31415632715109,24.698877876481752,43.14750632164664,True,81.07800127806432,45.2684976169253,-0.5769185201124167,False,False,0,0,,,,,,,,,,,,,,,,,,
ECSC_1010_3_99M_1010_YR3,99,8-10yr,467,606,32.239269669738114,18.879887960754406,13.456693884115044,18.78257578562307,True,14.320328074025724,71.12646242699849,-0.5314393652373886,True,True,20,20,7.458803221233173,12.720956945694086,3.2307535776694993,0.3403135613875351,1.0,1.0764017602825275,-1.483292891506282,0.16847145319835719,0.43314637507427833,6.872728648588394,22.163904625118615,4.436993981224018,0.61291270681539,1.0,1.415537221837153,4.398706661700408,0.23976775135705253,0.6455942331049753
ECSC_3003_1_108F_3003_YR1,108,8-10yr,687,775,24.16423824443285,14.010182494531726,7.377456984915297,16.78678125951755,True,16.863232451006308,60.48840211189449,-0.30432377599577476,True,True,20,20,10.35948125720332,24.204501516120885,6.340423929234828,0.5233478961146005,1.0,1.2236409722765884,-0.131695342906879,0.23088406169199735,0.6120406776957198,9.876603079382727,21.510848969608073,5.291995813945688,0.467852707067,1.0,1.2412789984793913,-0.09293846262666428,0.19940977509387647,0.5358113281875887
ECSC_4021_1_108M_4021_YR1,108,8-10yr,462,568,17.453491086193104,12.33672253147784,6.637140748227463,10.816350337965641,True,33.01056645594143,47.305869307462125,-0.19800001086132113,True,False,20,0,,,,,,,,,,20.061072014732183,147.54603296410994,33.75627494422585,0.7891135457850663,1.0,1.5574324123865806,7.404817142436675,0.5262856101264115,1.68267552797958
ECSC_4024_1_109F_4024_YR1,109,8-10yr,473,546,17.16667311116499,12.77163330948285,5.91953868839369,11.2471344227713,True,47.010316936750016,39.07697406713487,-0.12716506007106454,True,False,20,0,,,,,,,,,,4.265135913484109,9.194094740048861,2.5622333006487645,0.4205745583373726,1.0,1.1734080917029346,-0.9705030539408397,0.20765884578179536,0.6007389571217028
ECSC_4090_1_109M_4090_YR1,109,8-10yr,206,226,26.951375152037883,11.443952726328844,5.270682870437595,21.680692281600287,True,21.813918381552273,71.526417257763,-0.5662783145653669,False,False,0,0,,,,,,,,,,,,,,,,,,
ECSC_4033_1_110M_4033_YR1,110,8-10yr,436,492,14.198062297312289,10.335014463183818,7.966168027956533,6.231894269355756,True,12.316094651624502,61.98834041720395,-0.12746625668702483,True,False,20,0,,,,,,,,,,11.271735477970278,78.77025414195029,18.67269542799547,0.8354376114366044,1.0,1.5367371203268705,6.1388106401957465,0.5460834067802677,1.656594538125011
ECSC_4027_1_111F_4027_YR1,111,8-10yr,415,457,23.700351763167088,12.903464107309965,9.687024656624919,14.01332710654217,True,10.58532465321553,77.04728201781974,-0.3071005553308731,True,False,20,0,,,,,,,,,,3.206830813187994,7.7363569085402055,2.869438919201156,0.37798401837385054,1.0,1.210320589337099,-0.9246177477895325,0.22800747509648328,0.8947896182738034
ECSC_2023_1_111M_2023_YR1,111,8-10yr,491,574,66.11216995705459,35.183352589102604,19.116284101935907,46.995885855118686,True,21.742360178106402,65.81175523172587,-1.0329361595913429,True,True,20,20,9.341355362512887,11.783529920843357,0.6758134672810077,0.6228460291220713,1.0,1.4626567135231177,5.7519645378740485,0.11540370680414566,0.0723464038198424,11.687192859607773,37.76304140766203,8.732155988987046,0.5351865033805109,1.0,1.2704095968193252,1.509193476892503,0.2573775085352101,0.7471559761083724
ECSC_4044_1_113M_4044_YR1,113,8-10yr,639,735,20.323822484174386,14.015882594975194,9.534316514345484,10.789505969828902,True,13.092785810168367,58.46365817710579,-0.1736709202951927,True,True,20,20,13.176912454980188,36.77647497786857,7.895695416789924,0.581751421378522,1.0,1.3256234735983825,1.7567440119614357,0.23148130251029325,0.5992067901920196,10.697589893616456,35.586180724985496,8.720264388971657,0.687796720067329,1.0,1.348250844909734,1.8183150061976603,0.30792327710387035,0.8151615901984873
ECSC_4030_1_114F_4030_YR1,114,8-10yr,255,298,13.497255087707806,8.700528373173722,6.132848938996163,7.364406148711644,True,28.211870673041926,65.13392414367644,-0.15725919951303968,True,False,20,0,,,,,,,,,,1.3056325324487508,1.4889117665521114,0.16387259965404236,0.21056568773233508,1.0,1.0003923854446892,-1.9965246491420072,0.11320908121881684,0.12551203771454336
ECSC_4075_1_114M_4075_YR1,114,8-10yr,350,384,37.07307023459056,21.255975322740717,13.556886160731377,23.516184073859183,True,7.953993100664995,67.2604656528109,-0.3952432900302033,True,False,20,0,,,,,,,,,,8.860284479855585,22.70396649225044,5.616746438376809,0.537079104747938,1.0,1.3173307154502834,0.06077664719480502,0.2292262063194028,0.6339239390277858
ECSC_4060_1_115F_4060_YR1,115,8-10yr,549,616,20.743822614103763,12.395156055619935,7.328655267385742,13.415167346718022,True,15.636940687799099,62.23304072704172,-0.3431127751789635,True,True,20,20,4.987538098117991,9.26979789055369,2.4895219625956813,0.4264677511975656,1.0,1.2438604661004433,-0.7569462336760084,0.18556856946547517,0.49914846034661536,5.1159304055415324,17.038299373941072,3.7508519674589484,0.6551324815917496,1.0,1.410092303234669,2.7741035421565083,0.2703165656420935,0.733171030512076
ECSC_4037_1_115M_4037_YR1,115,8-10yr,326,368,31.837590790924054,19.57079218841313,11.456522035755492,20.381068755168563,True,23.87721321765885,60.187219570613095,-0.4143441816800946,True,False,20,0,,,,,,,,,,9.854723106769736,22.299187072694508,5.304055178142164,0.5616112021337236,1.0,1.3409280650547601,-0.015795309691153392,0.21271037452290154,0.5382246787328326
ECSC_4018_1_116F_4018_YR1,116,8-10yr,374,421,33.8894974323763,20.831608719508303,17.144697583125183,16.74479984925112,True,10.145716197627626,77.9817545173703,-0.41290626903304845,True,False,20,0,,,,,,,,,,4.953670586436351,10.805951092024513,1.7786650332487728,0.6103528074644895,1.0,1.403155027630951,3.3447294624051818,0.17809304163239764,0.3590600146321673
ECSC_4031_1_117F_4031_YR1,117,8-10yr,399,446,21.889052970655783,15.593276594381878,14.29396805675709,7.595084913898694,True,18.9125889112061,82.8927714126394,-0.267781058646831,True,False,20,0,,,,,,,,,,3.0650039295718154,8.59521214518925,2.182944657863887,0.5008098124235656,1.0,1.258501198546046,0.024094973370425876,0.24165608999529584,0.7122159409984334
ECSC_4048_1_117M_4048_YR1,117,8-10yr,370,421,40.084331279913535,27.97304389816048,18.856639604009366,21.22769167590417,True,17.35653015954426,57.054189248003524,-0.4108842255863743,True,False,20,0,,,,,,,,,,11.093150128164277,26.442073126259082,7.6006540393412845,0.423327280040973,1.0,1.1893030585951796,-0.9134064076398278,0.22035984783863755,0.6851664271669836
ECSC_4022_1_118M_4022_YR1,118,8-10yr,411,470,14.668691390951937,8.864888737374885,6.084667716392739,8.584023674559198,True,14.907698229772109,67.61168041483862,-0.1999584423222068,True,False,20,0,,,,,,,,,,4.099046145928341,12.169976999534212,3.0781997373059093,0.5184001435238966,1.0,1.2320240511425993,0.2476491821167115,0.2579901169782113,0.7509551314428462
