doc_id,population,prompt_slug,token_count,half_life,ppl_W4,ppl_W8,ppl_W12,ppl_W16,ppl_W24,ppl_W32,ppl_W48,ppl_W64,ppl_W96,ppl_W128,ppl_W192,ppl_W256,delta_max,auc_full,log_slope,auc_early,auc_late,early_fraction,token_count_z,ppl_W4_z,is_ai
human_electoral_college_915D19B0AB77,human,electoral_college,633,7.778129190295389,10.039359005762483,8.504681442838356,8.58626407338365,8.767646275880287,8.926691678393775,8.97390902211945,8.824267117878005,7.531121211022289,7.24482692824502,7.288444569108054,7.274355190993891,7.140253956674967,2.899105049087516,612.1078072190492,0.6262002201414644,32.74450491402682,340.702505968983,0.05349466961186603,1.0191231098129756,-0.17180969573222554,0
human_electoral_college_0FADC137B8B7,human,electoral_college,666,67.01193700696406,16.862677849914277,15.175255491385503,14.725995944403714,14.384929322867563,14.291267050811062,14.220032600284286,13.82892759034386,13.690214625367533,11.615529374779246,10.688016798718355,10.127912814153682,10.127200070567701,6.735477779346576,1317.9777920385657,1.58699476582786,61.30477560978333,664.7204805116643,0.04651427055911233,1.5518699730822456,0.6457679057053947,0
human_electoral_college_86787CB300DC,human,electoral_college,655,24.55463714862524,7.872738079927377,7.291284990431058,7.223882003367202,7.169026532256947,6.513249779953485,6.31380290488754,5.773975848766578,5.818720568388818,5.838012536274205,5.768617354437909,5.436529109445855,5.1261063184573965,2.7466317614699802,531.5218531242687,0.6450435766366995,26.255153050199034,156.06522086514616,0.049396187373806126,1.3742876853258224,-0.4314166084719192,0
human_electoral_college_7044BE538016,human,electoral_college,519,118.89980260955238,6.910933154785714,6.860329229401004,6.382655523331221,6.300463501049365,5.8876054399203195,5.776276850314793,5.729818301728659,5.689166303569189,5.595853341650974,5.4086932483544325,4.020543430977462,4.01290295396147,2.898030200824244,467.9130618795757,0.6579087389148047,18.703591086581746,195.0464585915077,0.039972363693910704,-0.8212751451172303,-0.5466611370816564,0
human_electoral_college_2333F75DB5E9,human,electoral_college,544,35.13714689796135,22.301392059635347,21.486340660306674,20.180999007188905,17.774931365784663,17.725373009376398,16.7617255226777,13.974690632005274,14.204177311471728,13.63140464342322,13.033940810325362,12.137498178900895,10.129141752997171,12.172250306638176,2231.8235450788698,2.917904074581966,97.66736052010674,893.2708802802503,0.04376123763702623,-0.41767903657990446,1.297440650311133,0
human_electoral_college_F6056CD0CCCA,human,electoral_college,555,67.77070037853247,14.760917007462046,14.421576118366199,13.984732741175083,13.399652796740313,13.267841476009577,12.886428344864365,12.969144677746849,12.865919935660948,11.703518517258951,11.448375512764446,10.92764777986573,10.696981147086404,4.063935860375642,753.4303626174917,0.9972231864310194,32.07224478787212,301.472657407739,0.04256829347366619,-0.24009674882348106,0.39393259980577494,0
human_electoral_college_44DEB18D21BE,human,electoral_college,515,7.994662995311644,10.792946224949471,9.011095502054037,8.42611255315906,8.388585939235105,8.334901340665569,8.351866636889591,8.562972810909097,8.369592971976717,8.48905583792254,8.10375916987992,7.6734838452453,7.233999651989626,3.5589465729598455,690.1556197839938,0.5323697216417085,60.44957671954032,82.90421533904026,0.08758832788822316,-0.8858505224832024,-0.08151404266231053,0
human_electoral_college_14C15C12DA46,human,electoral_college,573,31.313407359426364,23.364706496590298,20.77863331277225,20.44730524881385,20.152543345457286,19.197995446512106,18.477692995569914,18.85758310624675,17.037610229082514,15.096437607934241,14.493712658549937,13.999723862949748,13.714318085000542,9.650388411589756,1955.792638098528,2.328556723626781,94.16861903788312,766.9329948320792,0.04814857015181133,0.050492449323393536,1.4248481607610848,0
human_electoral_college_56EE0E1D79CB,human,electoral_college,420,74.62387952284288,21.91715580891722,21.26367010294821,20.059396882825954,20.352133697923115,19.937171632912428,19.804142775937617,19.148359419883683,19.045459124607547,16.763890590892423,16.42381025585608,14.821389211213246,14.658818113716698,7.25833769520052,1288.833545669167,1.775013762061433,43.727036734162446,771.7915895475737,0.03392760599776227,-2.4195157349250405,1.2514010382949425,0
human_electoral_college_C65C1B3AA577,human,electoral_college,684,44.153356311159435,6.1893482710184085,5.927251065555922,5.679131795250744,5.426759656024341,5.441819144928555,5.330506570961701,4.2513966245256,3.892207037255289,3.514433322304424,3.535853104801357,2.769048823422233,2.8323139111607305,3.357034359857678,649.3790462773511,0.9182803284756684,17.080386223830665,439.9181192408179,0.026302644536725008,1.8424591712291203,-0.6331222349694915,0
human_electoral_college_41753A31F964,human,electoral_college,464,30.55873180306454,11.565163303751094,11.177888559749508,11.039418606705901,10.9729340389489,10.051002044015029,9.306054402825414,9.113547407580464,8.677119352406203,8.315824974153593,8.038775495552025,7.3698381715178725,7.315362837806904,4.2498004659441895,832.70682412682,1.1498543048629706,28.35517903459152,298.31125128487605,0.03405181537250506,-1.7091865838993472,0.011013860766519935,0
human_electoral_college_19ACF5B15261,human,electoral_college,475,10.57782775426578,7.698233028542552,7.184038169082224,6.7520778912744825,6.679256445867629,6.373895051264095,6.310716243923933,6.1650431588491745,6.260793079502491,6.450939008737873,6.240180582037696,6.002235028059385,6.113083713185318,1.585149315357234,367.3983375970068,0.33230155352418816,28.10003043966527,28.494547402770763,0.07648382576648383,-1.5316042961429237,-0.45232599649974614,0
human_electoral_college_306BCA39D2E9,human,electoral_college,442,28.247597569107523,8.185172969539622,7.835596612735753,7.6340500280753,7.601048611798735,7.434728797371403,7.295317211470919,7.0181629573400155,7.046015124030029,6.853968008708172,6.747992717864602,6.660637760801638,6.536243546859105,1.6489294226805162,331.720520013127,0.3901805210914637,16.67051974913864,115.7223104565989,0.05025471366220862,-2.064351159412194,-0.3939803148604105,0
human_electoral_college_57807B412545,human,electoral_college,481,22.795845977472908,19.9014629313759,19.997321107292862,18.555068125663418,18.678429689613452,16.061891663401063,15.380389082643873,15.344369126205065,15.74037882755251,15.214617417317118,14.136163595782634,13.249187047892487,13.009999092765916,6.891463838609983,1343.07524560965,1.7946504767274438,61.14121150848356,269.2134919851926,0.04552329566667747,-1.4347412300939655,1.0098784910278453,0
human_electoral_college_A8F2D9005A0A,human,electoral_college,438,29.530838211043534,11.817343819731482,11.297817519947172,11.087210494656984,10.884012610481959,10.530832680183961,10.065428803166105,9.56406328405844,9.596059438624241,9.053295587456782,8.791178955698769,8.853993093821398,8.600803153991897,3.2165406657395845,657.5662134557123,0.8309645791018972,27.898374937574047,237.23887480749374,0.04242671592106219,-2.1289265367781662,0.041230408768121805,0
human_electoral_college_C1E7BDB2F14F,human,electoral_college,438,27.27794135845154,12.687847787115414,11.86661031508075,11.8809359687558,11.342535716904745,10.5741935258347,9.538710398741687,9.225785310107584,9.349016948199113,8.799843615823967,8.57450184616166,7.766948408125926,7.6119760224847575,5.075871764630657,1004.0304874703029,1.2815598334828182,44.09025322658175,254.53345924800618,0.04391326137682233,-2.1289265367781662,0.14553515576168835,0
human_electoral_college_3983417BC709,human,electoral_college,646,15.597635359871912,8.492329018424487,7.612435604405961,7.362152475724256,6.789290308213863,6.602418826663341,6.606046689569652,6.520338728296096,6.437574922501503,6.470406618922655,6.432068783171344,5.201769213901999,5.201501337939897,3.2908276804845897,616.3754458538474,0.653298540507428,40.92292293764727,152.92528125271716,0.0663928506771679,1.228993086252385,-0.3571765377762456,0
human_electoral_college_5B4D05042A6B,human,electoral_college,605,11.478193361961987,40.87919322637692,36.422531127424314,33.23721025569182,33.58157425801982,31.17853339241483,30.04586656415902,29.41007561205415,29.611197851374293,30.095002005409572,28.76007105497818,29.234417213940556,26.426288072582253,14.452905153794667,2888.2938765516833,2.756042587740873,213.11887940926175,248.50982480561225,0.07378711741884905,0.5670954682511706,3.523453308492537,0
human_electoral_college_8637A3396A66,human,electoral_college,462,23.895166722256413,24.98707317320311,21.493949804783455,20.929794954779993,20.951472585882172,20.52327334956316,19.94335514536972,19.554293393460284,19.318765547587837,18.38188924102846,18.16202766879663,16.03353318075407,16.070695908290865,8.916377264912246,1770.9327863200995,1.804107009680682,110.30048057174992,530.8394675136694,0.0622838322401542,-1.7414742725823331,1.6192419281363677,0
human_electoral_college_9FCF605CC740,human,electoral_college,493,60.52395832005431,17.30993116581652,15.599348461327603,15.064848810243129,14.240766133070334,13.839122677906001,13.999286539885372,13.360401882445059,12.902534298338168,10.528563052106886,10.13737320288022,9.591430321071256,8.694083281641266,8.615847884175253,1601.6795954215636,1.987271608828443,75.24669684373505,784.8485023692515,0.046979868544763506,-1.2410150979960493,0.6993582920851524,0
human_electoral_college_4F6084AE3A42,human,electoral_college,462,23.390319982955194,16.089192608710576,15.544944700587111,14.435413562106842,14.137486735459424,12.25770475229525,11.461755753081743,10.68798999226145,8.923559118408418,8.858568568685408,8.751507560000896,8.839602161402638,8.712733273763938,7.376459334946638,1648.6872727725925,2.1126449999753723,69.66399333225364,542.4774237794803,0.04225421914921434,-1.7414742725823331,0.5530880496566433,0
human_electoral_college_806B6B094F90,human,electoral_college,484,32.65005278955342,16.08754473947639,14.3787378701552,14.498101625234169,14.0018433913326,12.766310380439462,11.876117093671867,9.820069045494082,8.095004459911872,7.561439083540725,7.5972096491433305,7.418411883109824,7.497621976720616,8.589922762755773,1904.9882889999042,2.4498677244897107,69.12279347862987,892.5057028610618,0.036285154023134966,-1.3863096970694864,0.5528906001446475,0
human_electoral_college_8B8882C6C6E6,human,electoral_college,551,109.5474886653464,16.664461174339923,16.83031446823615,16.69918643370957,16.884318940163393,16.89927747837685,13.415035547629573,12.841386557422165,12.562802213233796,12.275287852510864,11.608980534185314,11.295774463955281,7.32194010301601,9.342521071323914,1220.2753659903892,2.129295963224993,8.997711266541678,483.40631434072907,0.007373508895870429,-0.3046721261894532,0.6220173646736038,0
human_electoral_college_CEF86741E2C5,human,electoral_college,670,43.456305526582916,16.87327268254326,16.449786407673454,16.08570183876744,16.1137203674481,15.670924067252134,14.865492435437451,14.439598373064017,13.999284437403638,12.472595264060763,12.677840115269296,12.226656848958633,12.247815625768188,4.625457056775071,938.6286808745792,1.3103147790860235,27.05145227590569,461.83445324697266,0.028820185049853956,1.616445350448218,0.6470373902548175,0
human_electoral_college_65FC63395709,human,electoral_college,531,16.90445960463932,11.957207512989527,10.81661692704878,10.842152371609828,10.234734531222585,9.780168373728063,9.917938972336342,10.009955587073183,9.74223809536809,9.219892130239058,9.13640129535327,8.489508194525165,8.409477367683166,3.5477301453063603,704.0131649654674,0.7539335131456952,44.93080807658787,202.2862037825662,0.06382097709606294,-0.6275490130193139,0.05798903099784909,0
human_electoral_college_725C2A19D865,human,electoral_college,681,12.761728674560395,13.421660225109067,11.718960089475663,10.8862772777882,10.607958622665183,10.27232939545595,9.92364489794703,9.550780272854553,9.81200402634368,8.90683952018937,8.642321239046543,8.292262233113659,8.24489268033119,5.176767544777876,1117.3917673251208,1.1218349456094938,73.02124989235347,260.8150841484711,0.06534972963614731,1.7940276382046412,0.23346137270436476,0
human_electoral_college_3A5D35053D40,human,electoral_college,688,51.90507706218087,11.225193073340723,10.85790281143784,11.05092105756486,10.671244935351945,10.483522268895141,10.008101383390752,9.475046769534844,8.283334543526518,7.2756965751083325,7.179785460169617,7.232571344667776,7.14318445591576,4.082008617424963,831.3508699983639,1.2295108731867401,16.29167113401218,542.4306603155583,0.01959662486916534,1.9070345485950924,-0.029721747796948614,0
human_electoral_college_7E3E96B4F614,human,electoral_college,466,48.885047886636414,13.118754576098471,11.54788663904042,11.448987454145433,11.219377622385233,11.088662584800028,11.158490494313517,10.88712012961907,10.681789395201566,10.472008732009513,10.463102017914903,10.051483890855142,8.632769741569955,4.485984834528516,710.3400507194705,0.7358972051407572,48.44059421585115,222.80030218378954,0.06819352810923152,-1.676898895216361,0.19716688322843387,0
human_electoral_college_ADA2D72FCD40,human,electoral_college,445,65.49515972270633,11.36392121314206,10.683862921130974,10.222471498659708,10.22480044808147,10.215591546044543,10.111633079258112,10.10160092572582,9.750694600648428,9.061100184030874,8.672809658446855,8.333934274179965,8.073027125859186,3.290894087282874,599.3408173017856,0.729981390072001,28.316546488653216,290.5117288231281,0.047246150556095046,-2.015919626387715,-0.013099188836818496,0
human_electoral_college_54DE9CAB7083,human,electoral_college,697,84.69602370025109,9.972908541023704,9.947168008675929,8.893965569921034,8.744355192497748,8.556974299335826,8.470396126856926,8.17029059835161,8.0001963999022,7.578644787655449,7.474305798756589,5.675775784657971,5.4822066239095815,4.490701917114123,732.6029849697961,1.0162316417313337,29.127577695127663,366.91262650131,0.03975902131538345,2.0523291476685297,-0.17977186382321403,0
human_seeking_opinions_23F0ABEF8370,human,seeking_opinions,530,56.90265154837704,22.61442426383683,21.649844454425313,20.845061558205476,19.989200641981785,18.589999261274652,18.290550597572015,17.539033857286913,17.22623693046039,16.27301947057073,14.428020037325602,13.185413415964259,12.115553195119533,10.498871068717298,1856.5846630326623,2.502030291213536,76.17800647685846,811.8589553124853,0.04103125916834006,-0.643692857360807,1.3349485148165614,0
human_seeking_opinions_D9C0995BC85E,human,seeking_opinions,478,59.43729218190277,13.610295673061875,12.399802435456149,11.92428242582173,11.81040391216831,11.502937432666064,11.526485470605584,10.324734504432048,10.016048052691119,9.401166577736603,8.874430225001863,7.027773229277883,6.597856193157739,7.0124394799041365,1210.7740587607595,1.5868234071557146,47.57948323773654,696.4210901728136,0.03929674813683625,-1.4831727631184446,0.2560638804584253,0
human_seeking_opinions_03036B87A396,human,seeking_opinions,677,51.98044080455953,10.17267981974967,10.317479457380363,9.529713946287885,9.205744828636117,8.679619979567358,8.518503070221154,8.625249360385155,7.955085450045656,7.672850719924707,7.420500620695586,7.335166910227892,6.744375429213326,3.4283043905363435,620.9757262840865,0.856526253259045,26.355460609578234,224.0846737801208,0.04244201422701188,1.729452260838669,-0.15583504852447003,0
human_seeking_opinions_2FA001A3D229,human,seeking_opinions,618,40.20680612838748,14.288562497951112,13.571717232994216,13.80172833690457,12.886059859995301,12.163661909240952,11.828118846346557,8.712488322028985,7.716622531768201,7.0626853030116745,6.710639237946429,6.346250118459293,6.171503234646935,8.117059263304178,1669.7202834953252,2.3928107466393014,40.070712847848114,1078.510192688057,0.023998458450756613,0.77696544469058,0.33733456067923023,0
human_seeking_opinions_15398FCF1379,human,seeking_opinions,499,37.55621057734298,11.294351906278486,11.28194003858385,10.631589335477399,9.846218846893809,9.556227748812821,9.235105921509334,9.00353977788809,8.536514234450642,7.974459692220751,7.808122456071578,6.959820823028565,7.015031154672323,4.279320751606162,840.770357204532,1.1398105978314064,33.53147330909288,345.9677833071489,0.039881845288386834,-1.144152031947091,-0.021435060036498484,0
human_seeking_opinions_5C9E6CCEAF57,human,seeking_opinions,620,24.843207063677788,7.953449907928374,7.517546929014055,7.173879693219139,7.266400909699353,6.800288474918315,6.666030532195429,6.5753273262469145,6.5375606548675504,6.677014038461724,6.361524730442267,6.0461487897066615,5.6188252304935595,2.3346246774348147,403.72343170347693,0.47167435898106996,23.3591557308806,91.98233580841664,0.057859301433951,0.8092531333735661,-0.42174562808071864,0
human_seeking_opinions_77B24A0D87C0,human,seeking_opinions,447,36.57239796101322,14.671147480935893,13.183924351741616,12.96791062932172,12.556785319863423,12.266329193415057,12.12880402005414,11.134504915807804,11.209937611938775,10.907615849014334,10.748140802046448,9.371169088202617,9.018169159560733,5.65297832137516,1043.6812548455148,1.2117681549910002,54.85593303336233,419.3403865746397,0.052560044341777586,-1.9836319377047287,0.38317631597150154,0
human_seeking_opinions_25C5C068B05E,human,seeking_opinions,613,46.44814654499283,20.50652857408283,19.092721304500486,18.932144771205824,18.579495609544967,18.315901760899973,18.004731992794607,16.51203722675326,16.17903708230141,15.259751867132659,14.501178177253609,13.283234497291689,12.80710132066774,7.699427253415088,1403.659359612137,1.854125582997974,51.047162907680296,792.2097624958951,0.03636720159924398,0.6962462229831149,1.0823781247362474,0
human_seeking_opinions_4D01E3613C86,human,seeking_opinions,573,24.115094129070936,15.26118017425549,15.331947178318028,15.474399763797685,14.240970171137901,13.164570938697874,12.897811276467483,12.681588924276024,12.621088332274171,12.160708334340164,11.905829610501472,11.300798445182327,11.060286085391342,4.200894088864148,802.9192459512451,1.1492378379265011,31.211663119899544,242.31294972683196,0.03887273007501776,0.050492449323393536,0.4538746850778307,0
human_seeking_opinions_24969BC6AB56,human,seeking_opinions,587,26.994252309091824,19.51269678872567,18.412128102409188,17.257499060433037,16.299524786206955,15.538450220786663,14.792672937081358,13.226580417227062,12.826250709852204,12.262291716586407,11.990113554393682,11.778216472789426,11.005942314396949,8.506754474328721,1742.5087652285638,2.135213732750892,83.37616562363804,601.8472568366001,0.04784834790354793,0.276506270104296,0.963296102356304,0
human_seeking_opinions_24AE99ACFB83,human,seeking_opinions,426,120.31195668315958,8.17563052067134,8.18673394742656,8.123672344796892,7.899347415326001,7.883759769457059,7.608602946119685,7.338188205967615,7.520812996510883,7.3253271332137615,6.344888459361967,6.097451761970096,4.985249835182478,3.1903806854888623,390.2560619820093,0.6681253367863439,6.424193936469825,256.8176913459687,0.016461484041639253,-2.3226526688760822,-0.3951237016250869,0
human_seeking_opinions_4885E69D7C24,human,seeking_opinions,574,53.41841032413698,11.049233414502988,9.894397011613124,9.84492472670366,9.470679564801243,9.41216454099435,9.298071147159437,8.894669799723593,7.058282612448233,6.863079390346179,6.134701486571821,5.753663480745901,5.4963187731134875,5.5529146413895,1069.7384443415747,1.3926513296487788,39.009103518410534,638.4689929382089,0.03646602001148111,0.06663629366488658,-0.05080542849664788,0
human_seeking_opinions_3319B3A22F9B,human,seeking_opinions,640,15.128371568343107,13.83224396096152,12.14010297407105,11.648843720158814,10.950007084729513,10.519175988995997,10.638012901475316,9.537688744127884,8.956817840264826,8.506507120199503,8.377813174260748,8.391543050977214,8.372333148759317,5.459910812202203,1238.51227391927,1.3205976902065426,72.07705418183374,450.9274624125264,0.058196479517918724,1.1321300202034268,0.28265796949468747,0
human_seeking_opinions_5ABF45343C00,human,seeking_opinions,559,52.44544638794661,18.482324614540115,18.102354094153686,18.48495844959765,18.38050232632357,18.08541473125423,17.402479195797408,14.574194200451744,13.591610613140876,13.400022886981478,12.236715607512096,10.559745483785946,10.120060953980031,8.362263660560084,1435.2213163462209,2.327495871826497,9.614941211872775,1183.7210013359818,0.006699274252942706,-0.17552137145750893,0.8398357702217867,0
human_seeking_opinions_179F54C0EE22,human,seeking_opinions,659,32.604465019313025,13.515142295121738,12.398907976011575,12.159459536812667,11.78378915162806,11.352176386438044,11.191197047848132,10.460605675021256,10.145775904926161,9.802547240386962,9.23251028757221,9.13943150451555,8.812049684538808,4.70309261058293,950.1180689450334,1.1246503726809196,46.87529542920297,382.6790381265426,0.0493362845748751,1.4388630626917944,0.24466249760033673,0
human_seeking_opinions_D762D09E389E,human,seeking_opinions,569,64.79651277396364,11.181110042328365,10.384740566475969,9.986499743009853,9.832685212424298,8.885667354319894,9.101409703704583,8.808619209469219,8.71846523840793,8.196853400907743,6.989855352887951,6.355426151606823,6.229853528761274,4.951256513567091,920.3981573264233,1.1659018155228014,42.73681093867093,411.8084705360252,0.046432960125445066,-0.0140829280425786,-0.03500382527015277,0
human_seeking_opinions_42997AC50E1D,human,seeking_opinions,634,49.72753486181416,18.506393957146834,16.87158302173016,16.901998451453146,16.222521650710686,15.57294045277596,15.386327602668826,14.143213842009947,13.292714649532368,12.413274052844242,12.383412834230937,11.448844395518021,9.596375351254334,8.9100186058925,1508.1943672871487,1.982009566137842,62.60795305593736,746.6915508281378,0.0415118597535627,1.0352669541544686,0.8427197854416598,0
human_seeking_opinions_EDDFFD34DBD4,human,seeking_opinions,569,59.80583358479278,15.943974930992843,15.218256039337238,13.705720364952038,14.428868175642448,13.221827736964318,13.54020678950014,12.65828416716529,10.698989492323946,9.09395846417215,7.329655316087321,6.299904348478071,6.481205043994289,9.462769886998554,1802.7366544809493,2.5326311306370126,52.33878448108702,1211.9538063054968,0.029032961831109268,-0.0140829280425786,0.5356879070945578,0
human_seeking_opinions_B5868ECDF875,human,seeking_opinions,581,27.591611631811716,8.813277390289175,7.569326628402301,7.501932531579675,6.7136854106461605,6.587964043933509,6.245263203241556,5.755410551492245,5.52598151694312,5.300102241517227,4.9051020206719596,4.265693206950963,4.054938616162626,4.758338774126549,942.5846327647403,1.0801486355416152,50.89329787927937,316.4561569867942,0.053993345647914706,0.17964320405533782,-0.3187201493166411,0
human_seeking_opinions_273D52E9DC95,human,seeking_opinions,670,16.91770959036108,8.48348683446001,8.05520826856304,7.330595903185491,7.047956986651865,6.371746980108527,6.032321774895836,5.99605405040126,5.822646899460662,5.766687818324476,5.749482172720616,5.667807521721397,5.457286036817982,3.0262007976420273,660.1165334296852,0.7248021702373705,41.63643614860338,69.41912393870692,0.06307437253885785,1.616445350448218,-0.358236018026585,0
human_seeking_opinions_29627B30B5A6,human,seeking_opinions,472,28.462224224152767,10.338735927504343,9.433099508242385,9.091134069331476,8.998563719972822,7.919370558166131,7.615394512841114,7.202313977050317,6.708434453089664,5.817904767339366,5.713361666078121,5.3502330636716815,5.160902870575055,5.1778330569292885,1057.6383956595753,1.3290990012262631,46.902274968287045,400.7076438067247,0.044346229449279184,-1.5800358291674028,-0.13593802225572177,0
human_seeking_opinions_4CAE60F391E8,human,seeking_opinions,484,79.21487414404253,9.417461953551324,9.55981915391415,8.832184396461129,8.738409413264524,8.461377361195316,8.454656063071717,8.297935476298685,7.926236317175366,7.2626859697899535,6.91535651572313,6.6552861844681,5.804020991817862,3.6134409617334624,560.2134354952133,0.8456902730884188,17.345896969396783,327.19901905838435,0.03096301493387692,-1.3863096970694864,-0.24632608752061644,0
human_seeking_opinions_9DF9D4AC395A,human,seeking_opinions,585,44.15728520697831,13.538301501237395,12.45445196007192,12.408839334243476,12.320201591051422,11.630912061655732,11.808827202725181,11.37375258291445,10.618536631010212,10.492764250276633,10.104256821078847,9.736713685096861,9.418187124293377,4.120114376944018,794.3184099447303,0.9552101214602134,38.338859004455585,368.57730807353886,0.048266360850333624,0.24421858142130995,0.2474374592604484,0
human_seeking_opinions_C834107D49D3,human,seeking_opinions,513,49.21483475893069,13.77849925157649,13.183081679276228,13.877625388805543,13.89750797738936,12.748363971026068,12.192375024263939,11.271102756610107,10.284253970966093,9.933590427757174,9.797178144365752,8.616494689116049,8.613848985817615,5.164650265758874,962.3035130217589,1.4752921967121053,15.85669253906119,591.1549935646863,0.016477849581229418,-0.9181382111661885,0.2762182190458811,0
human_seeking_opinions_DBFD15D537CA,human,seeking_opinions,437,46.96847414809427,21.784621208383722,21.08090127578459,20.969075738634263,20.165670993157136,18.14847406190573,17.518327323986973,15.423657947430618,14.723458989402562,12.022046287227031,10.897412924137623,10.443628513231811,9.332782888116654,12.451838320267068,2326.589525975232,3.411488008998097,61.94511561016481,1308.994580260195,0.026624857938445073,-2.145070381119659,1.2355205960517164,0
human_seeking_opinions_191D76BCC101,human,seeking_opinions,644,62.66701531946973,15.277656618687631,14.552366095896543,14.297506085146033,13.969016661543755,14.28353676311585,13.694039438506508,12.655497485475458,12.2360422670013,11.465346431794321,10.854389317298116,9.506906034278316,9.264318837864286,6.0133377808233455,1052.6488623826344,1.4886386266074065,28.961031533492754,668.9575824885699,0.027512528221367624,1.1967053975693989,0.45584891085076173,0
human_seeking_opinions_6872BC56971B,human,seeking_opinions,449,79.95748882663796,9.037946262703175,8.779898931611575,8.837543863208932,8.79030047023689,8.376507493951674,8.014580804902325,7.852618669532395,7.7470144168208055,7.1025433863937035,6.202392297416077,5.887048445819329,5.8133238667426665,3.224622395960508,573.7240344396587,0.8625851025292965,12.70464565835648,331.7855262339119,0.0221441754148661,-1.9513442490217427,-0.29180007683851455,0
human_seeking_opinions_F3F07BA4DCC7,human,seeking_opinions,459,56.41833153961224,14.978088772565096,13.771031020356881,13.451357942600824,13.71075776565089,13.380435244658818,13.063299939805677,11.8349766919506,11.341201631434954,10.286802314247582,9.91796533696366,8.412094283777156,8.172269340659502,6.805819431905594,1222.8898799419303,1.6572183124410291,38.97952392446308,754.9976574793575,0.03187492558717883,-1.7899058056068122,0.4199543606040566,0
human_seeking_opinions_009F4E9310CB,human,seeking_opinions,446,38.83288314045851,24.619928361311757,23.05750740108141,21.856970231321366,22.19335725011917,21.106713908850626,20.057003800930726,17.579434707858628,17.02721446991458,16.888801762717062,14.079123386109426,13.683559530840684,13.37796172987802,11.241966631433737,2222.6200125418527,2.9256089609610942,78.21835688925165,1122.30655412725,0.035191961040519415,-1.9997757820462219,1.5752502312008403,0
human_seeking_opinions_80E2B7016611,human,seeking_opinions,691,22.62233403953312,22.640480404654827,21.630086425665475,19.958395476777493,18.884695817378777,18.633806043751,18.888985768536898,17.815972996919864,17.897660164500582,17.104879761948034,16.640338616307393,15.408651730662909,14.713542258086234,7.9269381465685935,1487.0408401922023,1.739995561412251,84.36399658282537,562.3420451189606,0.056732804037797104,1.9554660816195715,1.338070590392871,0
human_distance_learning_7B279795EF91,human,distance_learning,492,45.91299800980781,8.309553744785923,7.780982436440435,7.603729074610853,7.5395774684334995,7.270214803382994,7.268721173949662,6.495368761179392,6.081166960781072,5.930964951532195,5.392328274850003,4.8190875204062,4.882932280644297,3.4266214641416255,662.053775661154,0.8871845676499541,22.035483386765247,406.8717964070663,0.033283524989733214,-1.2571589423375422,-0.37907687297040105,0
human_distance_learning_0F1439303944,human,distance_learning,406,54.653981726490244,15.977325303359647,15.534925889034888,14.931225421243516,14.854020099971125,14.496119459061479,14.451666957944344,14.276330803511366,13.436864823029094,13.322732303424564,12.72203999630641,12.69241119316966,11.877112391895677,4.10021291146397,713.6803257864537,0.9359001550224181,30.646108542141256,341.28674787128455,0.04294094629604674,-2.6455295557059433,0.539683985552781,0
human_distance_learning_39B6908F453E,human,distance_learning,559,15.173904956742499,16.69892961994809,14.960064169838112,14.587608232282715,14.078005297616967,14.344924116034758,14.37953776000436,13.343160060922735,13.253216664798355,12.55855059012459,12.652988856310218,11.870772449280322,11.66757120446427,5.031358415483819,1010.883277330908,1.0654996841561983,59.2359047561697,432.1035959473431,0.058598164678887156,-0.17552137145750893,0.6261474119027115,0
human_distance_learning_0CDCC84B9EA9,human,distance_learning,572,22.887268184943892,11.465290684696326,10.056010955905057,10.070094102809414,9.999817123969548,9.408278409992072,9.497546341506473,8.747993511179702,8.270166391431735,8.253614793935034,8.255101371944916,8.067999529943405,7.5158221220078465,3.9494685626884793,780.9118581642492,0.8506783197032167,44.33782217746684,295.7993031122552,0.056776986690527706,0.0343486049819005,-0.0009529867751386031,0
human_distance_learning_6C952F781B57,human,distance_learning,442,39.55728319052871,14.91140192318141,14.369981727960624,14.484407047979303,13.793717173077043,13.530027894108043,13.296092130325132,12.747144038523134,12.573358448047838,12.417524608413997,12.520681998333146,11.494151744789527,11.162212814137847,3.749189109043563,664.9923414586667,0.8792634450260647,28.09200018632982,275.07094767253056,0.04224409581125365,-2.064351159412194,0.41196386864378776,0
human_distance_learning_F3454E01E31C,human,distance_learning,631,19.079431186723287,10.847055968420081,10.169278091791767,10.036405285317397,9.332212576859257,8.990282274214028,8.914440075558778,8.700018238366038,8.914826532762143,8.34357427757804,7.52945203492984,7.506485970576781,7.554131475885571,3.2929244925345103,692.3409315304806,0.8076436518401279,37.62742771338257,221.80754381616606,0.05434811954596391,0.9868354211299895,-0.07503055342612702,0
human_distance_learning_27FF1FD699B1,human,distance_learning,649,35.51549996137852,21.18340655901493,22.650967871557704,22.5180780879317,21.31664752873236,20.061550418586506,17.489736046889426,14.431524727027572,13.99430349362601,13.964465511759824,14.342277905682417,12.348980064989005,12.452172812656208,8.731233746358722,1726.0421653391847,2.8936755647516526,11.741153987786653,886.9188166352853,0.006802356410267299,1.2774246192768641,1.1634823926191753,0
human_distance_learning_6A93EFD01EB1,human,distance_learning,491,39.07315839550839,19.903310157207233,19.74965522805275,18.71979967383333,18.39513645531053,17.306212967447433,16.68053357793535,15.362378699151481,15.405019410414056,14.707341674063484,13.992015523402552,13.633868095024207,12.29231721773216,7.610992939475073,1349.2708815089038,1.8969880737098286,48.065587696659705,579.3033400553422,0.03562337878581316,-1.2733027866790352,1.0100998276675348,0
human_distance_learning_8BD27AA126F7,human,distance_learning,582,47.6682687279279,7.118548056122009,6.962673765940399,6.463344340659016,6.476619908527419,6.10781677194868,5.988109441890719,5.90958733808492,5.944433402606334,5.786042194615925,5.534993480326721,4.838657024712235,4.703882649720492,2.414665406401517,418.10224394672025,0.5432829708542468,19.703485638457742,145.18050872045362,0.04712599830238798,0.19578704839683084,-0.52178449025711,0
human_distance_learning_53C9F177EB03,human,distance_learning,661,85.67623407194722,8.1244864050613,8.014825875712715,7.771107084157985,7.622617080570223,7.57932591609449,7.627760350726564,7.297103293137037,7.216653123864326,6.859296413281487,6.807459333991173,5.864656113400231,5.824685611056433,2.2998007940048666,372.13764367400506,0.5427717142220263,11.211563477027466,249.65944402599683,0.030127464038141937,1.4711507513747806,-0.40125184605497016,0
human_distance_learning_750AFA674F45,human,distance_learning,643,42.34417682589381,21.51819980414121,20.29904783720441,20.567672942516968,19.448137950291986,16.748511580461166,16.20332266479373,15.359255993633546,15.040968377226832,14.32878388466404,14.017187573188691,11.941932211846106,9.797048663030688,11.721151141110523,1955.0996320444312,2.7086688835716686,80.51610078416982,684.051052046426,0.04118260750730888,1.180561553227906,1.2035976890870321,0
human_distance_learning_52B0537F4B05,human,distance_learning,429,87.64752999090229,11.31236507370543,11.053421941616909,10.514015740548937,10.743348316394197,10.85268739471258,10.677159588655137,9.941233634624767,9.516026442860678,8.802843507123024,8.356280139992023,7.923258195246878,6.66562438314993,4.646740690555501,671.7886970909626,1.0378897057181242,13.861513776991448,515.6411546627052,0.020633740694083975,-2.274221135851603,-0.019276702416754755,0
human_distance_learning_E193F743822B,human,distance_learning,569,27.242556181856152,7.968503101722813,7.159763654669604,6.821431871547835,6.726569138921319,6.600183282863208,6.00568932322019,5.926354974143736,5.760234622925422,5.568508667318604,5.244744643648675,4.868407849802284,4.7499434480244505,3.218559653698363,644.3882168407875,0.7345877997681541,34.07266015060905,170.6452703055907,0.052875982614417616,-0.0140829280425786,-0.4199419377714227,0
human_distance_learning_047BD3CB80B4,human,distance_learning,681,43.21600768245524,12.028047922757427,11.202163591291264,11.049966242370276,10.674502198146056,10.506666189947733,10.153883015217064,9.91156853332565,9.745521928930433,9.408184782761321,9.421609631317361,7.944619183754594,7.9399929713686666,4.08805495138876,739.7443214404199,0.9155976228934916,35.00485188772048,284.926530263658,0.047320203580014666,1.7940276382046412,0.0664772071516776,0
human_distance_learning_A80542F83A7C,human,distance_learning,597,66.05038732314898,24.85576182863234,24.025464150576266,22.53284210917331,21.908815098050063,20.779896585282803,20.410458482208355,20.03301647063642,19.773455311252683,17.799777450105744,16.770242399458667,16.305938679342862,14.438223539718312,10.417538288914027,1809.8307337354474,2.3947693646834565,80.6826853060463,733.4000988304288,0.04458023825218127,0.43794471351922637,1.603508057773892,0
human_distance_learning_C02B1D9A374B,human,distance_learning,520,26.3899986862405,15.669523304839577,14.890436444891897,14.140962477757391,13.611987801106201,12.989791876732028,12.173600829804329,12.232914218900895,12.052078649021553,11.595184450612173,11.06722696044201,9.973164365229312,9.822386566154861,5.847136738684716,1129.7335576497826,1.3853751795638525,56.99734509552112,289.64957814636585,0.05045202447034887,-0.8051313007757372,0.5028028100697631,0
human_distance_learning_4F2CC610F271,human,distance_learning,534,67.33553644472893,14.078573634074935,14.144370672874066,14.076893217500153,13.920377398415807,13.855296053402785,13.48441610030149,13.422706631924695,12.557168905567194,11.346222642286465,11.620345305182243,11.174681431480856,10.783316964948128,3.2952566691268075,553.3439133964648,0.9209245374265884,4.8555617055283555,415.39706412568455,0.00877494373386086,-0.5791174799948348,0.31217346304070454,0
human_distance_learning_E032A417EBD1,human,distance_learning,596,46.67792591314395,17.87903907758441,17.543004420069042,16.857788262601524,16.763344765938555,15.849863460208917,15.801907087002048,14.598285905584685,13.942111822264797,13.556341107266169,12.838929006738429,11.95911192288441,11.516442280377833,6.362596797206576,1162.9906553277276,1.6449255488124215,36.6652406612015,661.0478487760774,0.03152668552686637,0.4218008691777333,0.7675494307509295,0
human_distance_learning_85C8AC30C12F,human,distance_learning,580,48.93527251796021,11.60805721650989,11.001822339476542,10.977212342022044,11.106271974651554,10.485593409363904,10.57380349946667,10.085988002514013,9.961373320098371,9.424723110004503,9.316766332564189,8.853376117653315,8.549350202543426,3.0587070139664636,547.2501750680453,0.7241525353146664,21.07575578257555,294.50158666778873,0.03851210423085745,0.16349935971384477,0.016153456776996325,0
human_distance_learning_3F65AF00FC67,human,distance_learning,554,66.9549002173997,99.44775624490681,95.93075482375376,95.94498746359852,95.15203977366339,93.70473274308664,87.37025473767623,80.61182199666182,75.81518700146533,71.41975072111727,66.83970771694632,53.26793513673543,51.37086303175091,48.076893213155905,8069.335835400477,12.35671927639565,148.10757368078964,5215.867924100036,0.01835436976498564,-0.2562405931649741,10.541203228442273,0
human_distance_learning_294C41270CAB,human,distance_learning,446,118.50528484848927,12.814601060023863,12.843178721572803,12.909551694816543,13.000818975748574,13.025893266533012,12.111129527913581,11.19788641105858,11.201386351223737,10.665404677424856,9.083202655260193,8.69240037107063,6.290714095033884,6.523886964989979,790.1911220926936,1.4524276919576031,-0.4878722033468179,633.1013711033373,-0.0006174103830156522,-1.9997757820462219,0.16072287294240875,0
human_distance_learning_0B720B5EA0E9,human,distance_learning,465,49.13777070979658,17.569552704149295,16.369561640790387,16.118672041832287,15.656718913613336,14.022045463837095,13.616940851797798,13.59768837985176,12.160236778583217,12.136833214383435,11.275041457771678,10.73654025992576,9.421387764470035,8.14816493967926,1465.302939197657,1.9039027291133654,66.27099497782301,513.6468892930988,0.04522682184348203,-1.693042739557854,0.7304664316049088,0
human_distance_learning_E592D7734E3B,human,distance_learning,514,41.12702393442841,12.9267837860529,12.036797122319546,11.457987232517086,11.506915802318767,10.958367098078833,10.48059814354586,9.814947424560163,9.10194096279336,7.934334108096823,7.622160089221032,7.329201578812628,7.274986245519828,5.651797540533072,1158.1246212304309,1.5003924983253238,43.48641684530215,566.692620463552,0.03754899606494913,-0.9019943668246955,0.17416473110035843,0
human_distance_learning_41A45843C231,human,distance_learning,659,18.075998221202113,20.207536809048644,18.680728777941695,18.27856834794979,17.379597503475924,16.590360968082027,15.972234022214382,15.551193856914795,14.896657394934657,14.990530204984749,14.728618941334764,14.339577051507868,14.14204478700684,6.065492022041804,1312.091813313139,1.4473339061460255,76.66935967732951,286.7146293849349,0.05843292283314619,1.4388630626917944,1.0465526011619293,0
human_distance_learning_2F3210D23414,human,distance_learning,431,65.2318435181127,11.116303652581646,10.840003191802031,10.728249901793264,10.613308592743053,10.761214394790143,10.182383270983657,9.592244519618788,9.32815777047105,8.87874796612495,9.045457365930657,8.038212972425528,7.505411728706702,3.610891923874944,570.5723419647229,0.8626532684054465,12.251782794027527,349.12239369274585,0.021472794758749494,-2.241933447168617,-0.04276899847942858,0
human_distance_learning_CAC42EC32F44,human,distance_learning,562,85.26499095417157,11.39822884740102,10.720013399355324,10.84270813417029,10.718412429598708,10.526247533905321,10.043886775661324,9.871913423610836,9.829034125165025,9.271414486548412,9.10591747112424,8.828252737725808,7.518728367238362,3.8795004801626582,561.0350106280558,0.7806695425251046,21.407061946843957,236.25532461152,0.03815637445313729,-0.12708983843302984,-0.008988410201216495,0
human_distance_learning_AC0B87BB101A,human,distance_learning,535,14.47568799441643,14.049851502385623,12.823418962136447,12.631334239836484,12.096586992652282,12.05177058404722,11.770948846983822,11.79145500495188,11.344561673797921,11.182553941157604,10.93090286490699,10.851810701473623,10.550883307336763,3.4989681950488603,724.7968153843694,0.7349061792671022,47.39964423790773,166.92297633645833,0.06539714749266809,-0.5629736356533418,0.30873194549314775,0
human_distance_learning_F069420C6DB7,human,distance_learning,545,10.164542365219297,23.691822689876616,20.859383400563377,18.806813797397588,18.30482719949002,18.44311027201589,18.025662598495575,18.194165024934787,17.38169162540665,16.95584484728379,16.899035860901513,16.302188365819635,15.805507179443278,7.886315510433338,1679.4848061225844,1.5039199363189608,127.84610537789862,282.4188402753327,0.07612221611760579,-0.4015351922384114,1.4640435843968507,0
human_distance_learning_54AA3CF403CC,human,distance_learning,671,16.634992535517146,8.789334950434393,7.9845603636306866,7.857220878330038,7.673365375158485,7.1296060913938994,6.963285939006277,7.020994843299056,6.962871822194013,6.74683399158819,6.713077839943204,6.5986754198710305,6.471075028305411,2.3182599221289815,500.3692473395216,0.5035224330230158,34.22539900532409,57.10886977429966,0.06840028476430471,1.6325891947897109,-0.3215889589085913,0
human_distance_learning_DDA8E22052DD,human,distance_learning,451,54.73909979057422,8.966237294585861,8.869545370941298,9.12288136261259,8.77972434957907,8.409625768764707,8.11856314936994,7.834737192358643,7.515034822672881,7.530921920724213,7.075796151493736,6.64879934051218,6.433923818556999,2.532313476028862,434.4584391288533,0.6796473668054669,8.722857879945,235.8565727205421,0.020077542739037328,-1.9190565603387566,-0.30039232461324217,0
human_driverless_cars_C76E52421ACB,human,driverless_cars,596,59.63442178103017,22.471762294027673,21.80158579915872,21.691315787945836,21.172896136947664,20.93664604199018,20.698833707541027,20.922885777158648,18.70657936890155,18.2371661224844,17.62200340146866,16.942826982664776,16.150828816581733,6.320933477445941,1086.7154120110672,1.556804111696692,32.96833330852976,656.6110753295286,0.0303375961582424,0.4218008691777333,1.3178545999993012,0
human_driverless_cars_BE6A7B809487,human,driverless_cars,602,32.22286019445309,36.40917336773351,32.76688265443248,32.509263865545805,31.51647990803548,27.65400026282489,25.888393806866134,22.739056394673046,22.251390405645246,20.416099493288524,20.798330121180935,17.975292872881056,15.27988150248879,21.129291865244717,3931.328895024057,5.052504650704869,171.64946470288157,1403.0248086868837,0.04366194467223053,0.5186639352266915,2.9878505911227444,0
human_driverless_cars_FAE077D9355F,human,driverless_cars,648,23.32817686059514,36.1219113836346,36.77792521734295,33.8022550176836,32.62458322934477,30.76261915590873,30.85923787737319,30.140082027352047,28.572421887764012,29.196151249700335,28.065036814799768,26.74815187078895,25.716054565501583,10.405856818133014,1951.8243071454142,2.5998747916492992,91.5635709015621,681.4218708412969,0.04691178943020534,1.2612807749353712,2.9534305428576553,0
human_driverless_cars_89CE2C3E8E32,human,driverless_cars,481,11.593596943173074,20.626065252196472,17.331132659338625,16.372472718017843,16.292207079727785,16.05043079296687,15.986987866591821,14.125177320050893,13.712024612773803,13.852404380568274,12.876668602213059,12.645344406494162,12.313681349144355,8.312383903052117,1783.9130422184458,1.7666184579959117,111.35863475921344,633.4010730837906,0.06242380212699697,-1.4347412300939655,1.0967011415566819,0
human_driverless_cars_09FF4F0D2B79,human,driverless_cars,512,37.49650630555182,18.228922110885897,18.112538492501564,17.63952015067183,16.839176753242217,14.211875321666426,14.508299780268214,12.687965739571647,11.026869724756375,10.016087652400548,9.787617903636933,9.749151383819942,9.536992758038119,8.691929352847778,1838.2903863923916,2.606887273639022,58.18047809648217,946.6905062375483,0.03164923155076723,-0.9342820555076815,0.8094728023072105,0
human_driverless_cars_DE0275A222C1,human,driverless_cars,679,21.417634298994937,21.160276530878637,19.574177874671708,18.703232634410725,18.27228059857263,16.661444693940897,15.791289836179004,15.21602019020915,13.57006766150957,13.171966456167224,13.057047453509501,12.800862548798396,13.20255470452027,7.957721826358366,1845.4226665530891,2.172303644960049,90.96714727883584,551.8024996615356,0.04929339436842714,1.761739949521655,1.1607109270967833,0
human_driverless_cars_B266554D2E66,human,driverless_cars,553,28.963301861623968,15.27851936520169,14.704943973338617,14.706793896630716,14.496034117043221,14.071305393612015,12.313802665750124,12.533472358985579,12.38994171586834,12.062487254477364,11.560755510689226,10.99922092300438,10.68333728177081,4.595182083430881,870.0436623104742,1.1809237337931202,30.792693501210678,175.1544281321127,0.03539212436699796,-0.2723844375064671,0.4559522860911285,0
human_driverless_cars_BA6C6CE73F3C,human,driverless_cars,582,37.533205846444694,16.478810830257483,16.178042333284115,15.497306222931297,15.174484037435848,14.564680736256348,14.258441658760699,13.142855967323664,12.373740621575315,12.456521995309176,12.511200950622591,12.359171198048585,11.266476828505233,5.21233400175225,956.4196282576738,1.2907259032523652,37.149570612124265,421.9073632302698,0.03884233396568856,0.19578704839683084,0.5997725353628525,0
human_driverless_cars_0B54CC968D4A,human,driverless_cars,611,93.54872662097378,13.2443076440885,12.726188330416276,12.387954350171581,11.957653551244404,11.720376456089998,11.489089471248601,11.212292786146822,11.029282343948138,10.322407984433593,8.96245927942051,8.251554508536033,7.508804718515823,5.7355029255726775,934.2465324026277,1.320327515399425,32.43013718276879,508.64752450372134,0.03471261177643047,0.6639585343001289,0.21221079052999617,0
human_driverless_cars_4AFC0853D08D,human,driverless_cars,481,40.19115258664939,24.66505750275581,22.862645469796586,21.76730690198537,21.30516425899826,20.56927868238498,20.531017764254315,18.613279601976792,18.270624741918986,16.10598339774312,15.284992148489044,14.61714593133317,14.433417287195848,10.231640215559963,2066.2418859291756,2.583834975568816,88.2623995144366,1051.9545849904039,0.042716392555727116,-1.4347412300939655,1.5806576547815794,0
human_driverless_cars_675BF8AB227B,human,driverless_cars,506,19.39679083370368,16.319511755941967,15.854321167869799,14.934551786239137,14.264406927987672,13.45269214308158,13.579414282003698,12.311143591028403,12.088772513120263,11.730321449653406,11.699438394820966,11.555398680711237,11.519995764795684,4.799515991146283,1068.3239499217957,1.2861217373415939,53.626177997461944,400.9159377621617,0.050196551337623324,-1.0311451215566396,0.5806851443050918,0
human_driverless_cars_3542AB52FF6C,human,driverless_cars,502,105.2175390468272,12.827764878556158,12.476360206600404,12.271181817854448,11.979200311228494,11.8351071564109,12.053174135382767,11.23494551016455,10.506748243301242,10.283832629090782,8.40090864972636,6.838514546300298,6.6551550482504815,6.172609830305676,981.8796649711013,1.5134740094511265,19.76296308445147,788.6083754158102,0.020127683451956542,-1.095720498922612,0.1623001762206541,0
human_driverless_cars_87EF1E52C4E6,human,driverless_cars,538,36.401809510422254,16.051873320645402,15.995847146463083,15.275479777029643,14.900784356801585,14.229272861616527,14.37846491576768,12.77248023241548,12.494121103589809,11.885547591780155,11.76647110584831,11.715415523034514,11.821401679293432,4.23047164135197,934.6843810103401,1.2682708777778193,31.510649945997105,528.3302483717332,0.033712609931425094,-0.5145421026288627,0.5486164113350902,0
human_driverless_cars_A233228E6FBE,human,driverless_cars,461,11.830191256881257,15.122535414619493,13.670932057651816,12.250053689710077,12.248792038033777,11.603733106316053,10.359374167658055,10.126557184203993,10.346655358708723,10.11727022998784,9.679818395540856,9.574177283228291,9.49821074969306,5.624324664926434,1270.8961395561644,1.295004661284737,81.74186404129594,122.20615619550618,0.06431828809381913,-1.7576181169238263,0.43726211682121946,0
human_driverless_cars_887E812C1008,human,driverless_cars,568,30.78116006777465,12.744195393247868,11.677026202998169,11.76279742812313,11.563845061720805,11.309116814125868,10.890037505633368,10.443185585105295,10.051437999684676,9.940195067084456,9.443362062764699,9.299349247895465,9.163577267008879,3.5806181262389885,733.6671719134305,0.8666280147530759,34.17363079409411,284.1621742936884,0.046579201172335466,-0.030226772384071635,0.15228678817411884,0
human_driverless_cars_C6DDF1883511,human,driverless_cars,585,38.81381075905057,23.830349401295262,22.821604522916168,21.30618587238291,21.119115704428236,20.164382070736263,19.931720424647164,17.617667812020365,16.54202906632167,15.770153231237021,14.919547748326353,14.450218924525569,14.062151874383371,9.76819752691189,1979.3883438011937,2.5817862838194854,75.32129036143233,1030.7741626705877,0.0380528109086397,0.24421858142130995,1.4806420079856544,0
human_driverless_cars_6CA3EC0D0FC8,human,driverless_cars,535,39.469262087018656,12.823680499891587,12.520955790154083,10.722808253932712,10.87049490214683,10.5565690573888,10.315284161981774,9.416690168445472,9.160750924027742,8.284210450586603,8.156434681170394,7.010381632965167,6.967908568129037,5.8557719317625505,1140.7199743041335,1.4527630820255777,49.50397830091562,529.3352163114198,0.04339713463079686,-0.5629736356533418,0.16181078145716524,0
human_driverless_cars_C3B3A972189C,human,driverless_cars,467,32.29584151079085,16.0184354219442,15.290951992823041,15.253710085367398,14.889742307597766,14.427499997608926,14.116056597061837,13.611150475249048,13.30287284214738,12.516541251083982,12.380514857923385,11.956765756221145,12.195006248443894,3.8234291735003065,820.9644768031985,1.0429539603511486,33.07799244308211,361.753627586467,0.04029162451935367,-1.660755050874868,0.5446098453747916,0
human_driverless_cars_73A5A2871074,human,driverless_cars,663,47.55195292725872,13.194486875449067,12.989733350733692,12.776513764485493,12.971212595339562,11.872510460808654,11.510123032848112,10.87437396191027,10.002248202579088,9.139377973081361,8.886790201234506,8.8765922991729,8.589866737150437,4.60462013829863,908.5802869625043,1.3428485151839107,21.143818910899963,510.1389673089903,0.023271271911023243,1.5034384400577665,0.20624121099599596,0
human_driverless_cars_CCDF4588086F,human,driverless_cars,600,18.49813553814768,12.18012775093571,11.44632603109188,10.957218073599586,10.515718959347762,10.168183783682572,9.623239090574783,9.48627085191242,9.206974839877212,9.176636263085149,9.173676383065631,8.779890492521092,8.63426267448841,3.545865076447301,750.5531545042113,0.8329803983177961,44.13640471771633,133.67368986564725,0.058805168498520625,0.4863762465437054,0.08469958016237383,0
human_driverless_cars_954486CDA6EA,human,driverless_cars,471,44.15566223538781,16.481615095503816,15.371122005129509,15.61005797001108,15.38287335260085,15.194945274017055,15.164694652249445,14.050072640089502,14.517782304089918,12.764311935585818,12.438202938694216,12.191863422581513,12.154153121501999,4.327461974001817,852.7140963717175,1.1061354254849625,30.081691665797543,527.6422254169406,0.03527758224449974,-1.596179673508896,0.6001085455224622,0
human_driverless_cars_FE9E14F641F8,human,driverless_cars,515,69.59387371150282,15.926452428147506,14.767441581090988,13.574152365699394,13.757431043600679,13.933196774486628,13.970827926948484,13.473664379853911,13.01581638903232,12.304287751585269,11.079899646555297,10.3156936237337,9.856417766167354,6.070034661980152,1077.4462607327027,1.3053339677710845,50.82791517938259,588.5584572847392,0.04717443183181847,-0.8858505224832024,0.533588341447006,0
human_driverless_cars_4EC13202EA24,human,driverless_cars,489,26.120977379135432,22.210790914962004,21.116862597120246,20.827197167506323,20.74302866716568,18.979544196542978,17.964316338762956,17.378532201908577,16.42381617571832,16.28588174806129,15.702776209857234,15.416162042720016,15.209978647869065,7.00081226709294,1472.5919031167248,1.8817764124690566,61.552533800116095,459.829064248022,0.04179877240248356,-1.3055904753620213,1.286584721071798,0
human_driverless_cars_93D6957AD493,human,driverless_cars,535,88.62612834289801,15.906803988753952,15.943629401924287,16.235894105175795,16.64952244654385,16.069531158546447,14.92262005233188,14.32905202231456,14.59639526555066,12.32915441519258,11.988139391753467,10.864115981093324,9.79640128202366,6.110402706730291,882.1278639491627,1.6010138630011068,-3.2850544777597683,664.9557166683783,-0.003724011690383569,-0.5629736356533418,0.5312340437337835,0
human_driverless_cars_364FBA0A27EA,human,driverless_cars,648,26.989101966058733,11.659014751677297,11.265190369048831,10.943307475532805,10.872998513905367,10.564387712857307,10.455147315211562,10.349131774511436,10.331716115216311,9.770427707342433,9.589176167775337,9.48445288387765,9.388128002193334,2.2708867494839637,456.79831748826365,0.5514452688426844,22.726710118146276,164.40530160179264,0.04975217562777075,1.2612807749353712,0.022259244932132913,0
human_driverless_cars_C66352BF7828,human,driverless_cars,613,42.767414911206245,15.084838016223515,14.718777429585186,14.324134667864564,14.171945492545452,13.489945099637628,13.285977027185687,10.888643805072169,10.611442549579138,10.685103635265943,10.10795141220559,9.114116811845564,8.26048085278346,6.824357163440055,1199.0181281548582,1.7586080883746433,29.938998170895882,766.1342684394892,0.024969595928435482,0.6962462229831149,0.4327451729021413,0
human_driverless_cars_B242BB046FED,human,driverless_cars,595,24.79341259907108,9.059832037278985,8.013759583435258,7.651154821581047,7.303684762888173,7.312032796734095,7.001901870448203,6.835895629044949,6.575366407272563,6.228997673115249,5.993345524570689,5.934981640419832,5.502718110120001,3.5571139271589844,705.8397192340499,0.7554011563742202,42.569996916193794,202.29336494776072,0.06031113828843341,0.4056570248362403,-0.2891776991522319,0
human_driverless_cars_C866BD9DDD68,human,driverless_cars,660,17.91330835904233,12.013879489636127,11.70938224048628,10.763418837071988,10.528799923253555,10.22759387558518,9.731425808394741,9.710842167440278,9.672020937021998,9.301033726730779,9.113829093994129,9.076558011772088,8.899645344671484,3.1142341449646427,663.5207911362822,0.7551143051219465,38.55040864252449,113.70075789568749,0.058099774954311144,1.4550069070332874,0.06477952984360771,0
human_driverless_cars_6320FA8D8D17,human,driverless_cars,448,15.23996016890448,11.348884311099773,10.980822736205074,9.668659352340061,9.506257266806955,9.39040273841379,9.313303582533102,8.236300426105947,7.817240417457395,7.784320576376771,7.65069525757201,7.635361586808717,7.725346249343207,3.623538061756567,839.1023117432873,0.9618260939198288,43.05908389612911,340.0731446482238,0.05131565399536462,-1.9674880933632357,-0.014900927050374494,0
human_driverless_cars_D826F951D496,human,driverless_cars,684,26.12060007832875,14.022904697337522,13.605664975748285,12.885717704908721,12.203539655848202,11.534976656111612,10.859156968617222,10.175880876361536,10.140908410352019,9.828447271728763,8.937818264166882,8.592041551964714,8.688762794326525,5.334141903010996,1126.2971548146093,1.4326617444826162,49.69231234969654,367.9253512315658,0.04412007269775621,1.8424591712291203,0.305503149544895,0
ai_electoral_college_000,ai,electoral_college,568,31.792969677186747,5.1942847620101515,4.618810241431444,4.575210983033756,4.458714823693499,4.255772858298044,4.252551460934054,4.127260852076571,4.075549975687209,3.9301174277159805,3.6000132843636963,3.3578689087250457,3.310984891592001,1.8832998704181505,366.69712118948917,0.4111976636284718,20.466641262121584,135.28222048632176,0.05581347678905157,-0.030226772384071635,-0.7523518438379605,1
ai_electoral_college_001,ai,electoral_college,557,39.17133989463519,4.938489302179958,4.871132691325875,4.4860618949592945,4.552615987887698,4.528222117382263,4.3968522562170556,4.207512282084462,4.141127241453996,4.024266293268253,3.9941873962464274,3.823857052460993,3.68548754648587,1.253001755694088,231.02262770114854,0.29656176924813626,9.843061620285713,99.85286778517268,0.0426064828291137,-0.207809060140495,-0.7830015384049743,1
ai_electoral_college_002,ai,electoral_college,565,57.18101869497215,5.650883149450229,5.43141450991739,5.243308148523237,5.128919966250678,4.953532555866778,4.854600138795254,4.811936931411751,4.54821251096125,4.46211448785137,4.538994999307376,4.216136263205415,3.670333359063679,1.9805497903865503,307.2740117399733,0.4074596002045405,14.403890452324141,114.50272690093466,0.04687637060733028,-0.07865830540855073,-0.6976417206632974,1
ai_electoral_college_003,ai,electoral_college,554,65.70350190980697,5.015327407082426,4.890620721521545,4.668462643170085,4.593876576016421,4.292126198061738,4.187794125054464,4.146489433474664,4.128802011430956,3.714100169139475,3.6810627622579215,3.3033371792027877,3.1981237795079855,1.81720362757444,328.71088214657897,0.4444786337135651,13.510733584566259,129.83269338774926,0.04110217920482944,-0.2562405931649741,-0.7737947117946343,1
ai_electoral_college_004,ai,electoral_college,572,22.761365913127232,5.99339234736045,5.65436390485925,5.52878789032166,5.190033876485857,4.683121083585081,4.586458848498923,4.531603190282678,4.093019982033877,4.008509528574364,3.910286129321996,3.763875676967716,3.5298196858994064,2.4635726614610434,489.42635853991976,0.6115157707690838,24.144586529056575,150.12866826588117,0.049332419694529464,0.0343486049819005,-0.6566018902092698,1
ai_electoral_college_005,ai,electoral_college,559,23.79581433524679,5.946013950621609,5.423668650502553,5.329332576362242,5.411380693254084,4.711624626767837,4.684035986574643,4.250867831322188,4.203276316244854,3.9629861154193042,3.926189585056764,3.8000897554559896,3.5129553423142124,2.4330586083073964,477.3362817649681,0.5864685681438554,22.686932688736874,171.96628512971085,0.04752819669364148,-0.17552137145750893,-0.6622788220441205,1
ai_electoral_college_006,ai,electoral_college,574,27.88605719396545,5.541242590327841,5.04992227089401,4.696972939281116,4.814565202015029,4.45337068436201,4.326364337556635,4.058584004876581,3.9695700672651597,3.6169412571903683,3.6251410117481946,3.522772489454181,3.242110296475604,2.2991322938522374,450.7314547049128,0.5284212353114593,23.264912470610575,155.333813613552,0.05161590616266568,0.06663629366488658,-0.7107789735742311,1
ai_electoral_college_007,ai,electoral_college,568,30.999658007895032,5.346824263748998,4.824077117336068,4.38348416125767,4.109545617585449,4.092523806732172,4.027883536671974,3.9025451270650446,3.7092093325994373,3.5713066736801764,3.0391978981434042,2.8338574787725492,2.7251084037255033,2.621715860023495,513.9483479787054,0.5851560292469238,28.678187437041046,189.8274376764108,0.055799746316587594,-0.030226772384071635,-0.734074392233449,1
ai_electoral_college_008,ai,electoral_college,569,84.59110144624489,6.066577773945851,5.635962863619698,5.757426769722323,5.740858884648457,5.507381371803496,5.332861958638709,5.439784489879092,5.340551676024448,5.038425192884814,4.793949739365606,4.474695895197133,4.225705761607706,1.8408720123381448,300.420229778533,0.39755953072806716,12.321811472350499,123.74607567738272,0.04101525214009064,-0.0140829280425786,-0.6478327315498932,1
ai_electoral_college_009,ai,electoral_college,573,39.98197609704852,5.052111148787276,5.1426252587732115,4.68055071142461,4.741404305597296,4.412413875165468,4.271388508634927,4.111919999873375,3.934657725648671,3.7591006798851634,3.7791725732314196,3.493381928746949,3.3315566403367427,1.7205545084505331,316.63041776194507,0.4482203934056793,11.228895118230657,130.51965124958826,0.03546372833538997,0.050492449323393536,-0.7693872432295784,1
ai_electoral_college_010,ai,electoral_college,599,51.404424672747496,5.928586781040686,5.7556381029568575,5.407672222480393,5.285765405913462,5.30621038724321,4.837366008184412,4.834611348270649,4.369674497265534,4.195850983051186,4.131734956368536,3.785921032106767,3.5427806046466954,2.38580617639399,434.7963820532247,0.58808608288517,15.976275439144727,174.38665349427464,0.03674426949851902,0.4702324022022124,-0.6643669647546183,1
ai_electoral_college_011,ai,electoral_college,567,29.797350115797713,5.076741903630858,4.814743497570468,4.63353104298894,4.313611655854444,4.363576734156074,4.207388248870834,4.206570051454092,4.204975348555282,3.894925329104735,3.770305459203372,3.7256517408678818,3.424041731367627,1.6527001722632315,298.2655863696376,0.3551563467890667,16.58235452830609,86.94801317508606,0.055595936259826305,-0.04637061672556467,-0.7664359589753077,1
ai_electoral_college_012,ai,electoral_college,575,20.799220859857456,4.666319137214072,4.272556804511814,4.078679040010683,4.081577310463915,3.8966908468506287,3.7793975488316387,3.675303329998225,3.7570207344556965,3.6947279474349237,3.512322482326069,3.32785608808968,3.2750077404942184,1.3913113967198534,278.5799179918281,0.29652394920609365,17.1387733565608,62.77070883760225,0.061521926921751596,0.08278013800637961,-0.8156132682300302,1
ai_electoral_college_013,ai,electoral_college,575,30.252585967394502,6.294772495979378,6.494997725680758,5.893989377839766,5.457453468734154,5.34088315192505,5.192928510107708,5.083411505636196,4.509278422873826,4.340369276365122,4.400338744019107,4.236038131324957,4.155719028561224,2.1390534674181536,442.59545531715605,0.6020390855256366,17.864636413145565,177.91776606875658,0.04036335257971432,0.08278013800637961,-0.6204901878754466,1
ai_electoral_college_014,ai,electoral_college,571,30.263444417929225,5.2648460014698655,4.88366465173264,4.690737452060168,4.543547390560254,4.5465775921899825,4.303801856208634,4.259395096565352,4.136808625398324,3.7837777590849067,3.547457165199117,3.428060719501061,3.4481561008248396,1.816689900645026,374.10492254756736,0.4474184605877266,17.739275117329353,141.09175889172212,0.04741791419511142,0.018204760640407467,-0.7438971181788505,1
ai_electoral_college_015,ai,electoral_college,568,39.2773009665061,4.822176932832462,4.442205667157337,4.3027485375120005,4.1615143695164,4.200759396670956,4.010792932089045,3.667613722465161,3.2350951363426708,3.3397362233912506,3.2518904038247722,3.0307441865801965,2.8872316321105425,1.9349453007219193,378.21429828145784,0.4707397194138857,15.778450316144424,180.68583179878812,0.04171828084723145,-0.030226772384071635,-0.7969382149872445,1
ai_electoral_college_016,ai,electoral_college,570,36.196173874592375,4.965127269249061,4.845915799444932,4.683098036258566,4.517677666980769,4.3528450432829695,4.094865303737692,3.886289349835724,3.6302846211961466,3.5715423900047436,3.4775995109639664,3.23982925821342,3.1152007171473706,1.8499265521016905,354.5414629895746,0.4842581626457489,12.668966094562455,146.93381662046554,0.03573338358716873,0.002060916298914434,-0.7798097477645299,1
ai_electoral_college_017,ai,electoral_college,573,68.55279442166044,5.006873343502055,4.841606536187882,4.753341480832604,4.8045002183725884,4.735321016133637,4.507804043155322,4.415182410053448,4.331901949224524,4.2154167599277335,4.052524325545257,3.836426216915305,3.6237847349447123,1.3830886085573426,227.0198671633494,0.32032485102864433,7.058129251045566,108.17021463463568,0.03109035935593678,0.050492449323393536,-0.7748076870318042,1
ai_electoral_college_018,ai,electoral_college,604,73.03395764563986,5.904818512481856,5.918530592261975,5.89349676895659,5.911684579717432,5.932126157957874,5.468667260375722,5.305263390649402,5.2463443587788365,5.183717962626428,4.921188296440279,4.650848877382388,4.552509941929573,1.3523085705522826,224.17825662063265,0.36966687857979585,1.4753860961835183,125.00499005267514,0.006581307743329682,0.5509516239096776,-0.6672149049494853,1
ai_electoral_college_019,ai,electoral_college,566,32.66587630119771,6.2105822538908315,5.911523543303517,5.602756240223089,5.551987957346514,5.504220115869318,5.290332199135763,5.133126804905801,4.757017841399866,4.657345969727823,4.593584459877952,4.4183690333958925,4.356997226075923,1.8535850278149084,377.7336577286504,0.4626851846456303,16.911001999478522,154.6866434640366,0.04476964563117313,-0.0625144610670577,-0.630577955685125,1
ai_electoral_college_020,ai,electoral_college,565,36.73152562479371,5.006707398756844,4.409400493859053,4.211040421986614,4.276444001951186,4.222847639836154,4.121160686360032,3.9985279219199894,3.751862700855074,3.5989537517980956,3.479998331979616,3.380024449219469,3.163083965539801,1.8436234332170431,354.5318694479897,0.3866576627264673,19.766540828458808,136.40286504264498,0.05575391814348184,-0.07865830540855073,-0.7748275707144899,1
ai_electoral_college_021,ai,electoral_college,550,55.21311874801357,6.4347253118662815,6.104200926437213,6.046412961468331,5.970680946343754,5.860754937378768,5.595577498688989,5.496548360155613,5.297342542391616,5.45452296643695,4.998984252479121,4.634430363541905,4.378759506091585,2.0559658057746963,343.92099596710625,0.4569756478666828,13.607967385052515,142.34391843034024,0.03956713182568832,-0.32081597053094624,-0.6037208868738781,1
ai_electoral_college_022,ai,electoral_college,571,85.48420599333025,5.535090215327483,5.129656908950042,5.123018819208936,5.021495028499548,5.005983829278342,5.0692764398846455,4.91417695016093,4.786141089150209,4.240785579380188,3.8235904747375558,3.5299337641729847,3.3049088310043877,2.2301813843230955,367.3491506664351,0.505616047079338,12.447696121116046,250.5591688461234,0.03388519096487297,0.018204760640407467,-0.7115161579431323,1
ai_electoral_college_023,ai,electoral_college,574,64.88029678778744,3.2355934601588676,3.1829757995239447,3.0429735368347646,2.9844360660289038,2.981577406055563,2.976617252386095,2.919899623161583,2.8529574970434095,2.7667956816178165,2.6908581795536564,2.584077848177667,2.465581035843633,0.7700124243152344,129.34832126069125,0.17201724673042965,5.555927964533413,65.78172275505683,0.04295322823197591,0.06663629366488658,-0.9870443993378157,1
ai_electoral_college_024,ai,electoral_college,557,47.811948164776375,4.410924769942435,4.1680593206145975,4.0948670987315845,3.935248629837671,3.722459378484654,3.706393771738588,3.570872043567936,3.234963664610291,2.977524619838728,2.8050973036003244,2.752098898094585,2.734004955905333,1.6769198140371016,343.49056761804474,0.4490494381538911,13.415596447260967,172.26002757312204,0.03905666621442387,-0.207809060140495,-0.8462149034436021,1
ai_electoral_college_025,ai,electoral_college,560,40.4794820058881,6.69263592478305,6.616729506359877,6.498661515403886,6.509360317661628,6.1846213385303255,5.936803962630751,5.60361069222125,5.481313984960142,5.3433719986555825,5.2993884756495095,5.028658406173554,4.827808707863405,1.864827216919645,338.0307627934512,0.49354034644718925,9.266621492568879,159.45778177876736,0.02741354489748353,-0.1593775271160159,-0.5728177523274798,1
ai_electoral_college_026,ai,electoral_college,575,12.125272217113148,4.986566268176733,4.273693271438172,4.246956339648853,4.168184823610046,3.9757912498361705,3.9073564137442283,3.7491772192018664,3.7611312033745468,3.681873964889064,3.6758182450627506,3.5628605482516273,3.5024124698912,1.4841537982855333,324.2417515422512,0.29786642020132664,23.123259932920405,59.37548421644969,0.07131487485166531,0.08278013800637961,-0.777240903229948,1
ai_electoral_college_027,ai,electoral_college,614,27.551506581409985,6.649238467144434,5.524956205460794,5.626613718535799,5.4499301929699975,5.368480631375347,5.124808472953443,5.148569065388718,4.820500287822896,4.622613105588318,4.375187034243799,4.101544215274866,3.871371977020818,2.777866490123616,538.1737671871028,0.5661037930791917,32.12726034913238,164.57418813918864,0.059696815987619355,0.712390067324608,-0.5780176836417084,1
ai_electoral_college_028,ai,electoral_college,592,49.82016862866723,5.818148841387319,5.611771508184797,5.245825207973546,5.168398840322331,4.773983863353571,4.688947657553279,4.702938650440684,4.309805012136378,3.8977583140479,3.715876143237558,3.6009820615140495,3.4982822700796348,2.319866571307684,461.45664344008736,0.5989530715824027,19.883428432461244,188.6321498288012,0.043088399994056614,0.35722549181176116,-0.677599760681618,1
ai_electoral_college_029,ai,electoral_college,563,25.432089677338983,6.338440072053425,5.65837163901373,5.250143344629159,5.181516790792031,5.0736718356310035,4.918046511412639,4.424119666559259,4.417004997093616,4.284484847925718,4.152582674756477,3.91559012979193,3.7531862441221695,2.5852538279312554,526.3596782763111,0.5752119142158858,29.81472046336672,178.37680022940822,0.056643245472377465,-0.1109459940915368,-0.6152578906718924,1
ai_seeking_opinions_000,ai,seeking_opinions,586,52.23723450954958,8.804150256621169,8.96932896707282,8.460824561933743,8.13520492420427,7.938136926657089,7.518583344107204,6.83909943954455,5.755268806388161,5.389201286598222,5.357203579381811,4.8299670761796545,4.299993052303279,4.50415720431789,804.9076990347955,1.2361444918694398,16.79663422121299,500.14407641045443,0.020867776816341378,0.260362425762803,-0.31981377255523336,1
ai_seeking_opinions_001,ai,seeking_opinions,583,14.650063648759488,8.222650919259394,6.754458754245543,6.283540241868454,5.717935909329753,5.508755574764737,5.081871756372337,4.610706888816246,5.035667589180477,4.589532298732522,3.9610646830494525,3.752499440906925,3.594985823856672,4.627665095402722,977.3276314111654,1.0003713071942164,62.93178083670249,210.86131808776224,0.06439169303525692,0.21193089273832388,-0.38948966552413433,1
ai_seeking_opinions_002,ai,seeking_opinions,601,41.94436145580941,9.686075449746172,8.810960563132118,8.707738052426237,8.662164015049095,7.912240106542876,7.611323623864478,6.398680780038575,5.7779386090276,5.696590935231424,5.175892094129258,3.929836260089679,4.0292019535071075,5.656873496239064,1092.6101468444417,1.4754583677568929,36.04696779307156,591.8187700538708,0.03299160995088551,0.5025200908851984,-0.21414052167665998,1
ai_seeking_opinions_003,ai,seeking_opinions,596,20.55881802754297,8.442435207675432,7.145026004662038,7.008291345734541,6.7799431503931755,5.953881014592654,5.794527017434495,5.529477323613387,5.200876381846494,5.14677587753211,4.8103671462425215,4.570522254406621,4.175984353971404,4.266450853704028,861.1184562370503,0.9406344075152037,51.40123090913664,216.5857907139437,0.05969124286773714,0.4218008691777333,-0.36315486929650825,1
ai_seeking_opinions_004,ai,seeking_opinions,574,54.93098953872823,10.110351012945083,9.816155617779296,9.240665857137188,9.235923240626196,8.804491403912385,9.205474083350204,7.792588140975891,7.189380771484417,6.789137031192942,5.729267001297599,5.546690694797574,4.952222273053051,5.158128739892032,912.1002406249046,1.323626284124439,23.968473428449148,685.4393349672025,0.02627833253505963,0.06663629366488658,-0.16330335500870227,1
ai_seeking_opinions_005,ai,seeking_opinions,618,33.17668688154866,8.942807427757279,8.863491172480064,7.714919729562313,7.569388697871425,7.140268755238332,6.510585986661724,5.3517672819675886,5.381092000054635,4.837972309996408,4.661424667644301,4.020759670313281,3.9079186995778192,5.034888728179459,1013.0026994959298,1.3555235754975188,37.61852333773764,430.56657335278794,0.03713565951646192,0.77696544469058,-0.3031997171389679,1
ai_seeking_opinions_006,ai,seeking_opinions,575,44.63259914865356,7.016582576128625,6.439815939513096,6.2429820584037365,6.206256129209139,6.211806578726222,5.733760755847629,5.458015208705643,5.362702466073603,4.89963604467032,4.426842993992514,4.350648242015964,4.015516065057774,3.001066511070851,555.4294123282347,0.7123380246555813,21.832922559221803,246.24440202606974,0.03930818583715818,0.08278013800637961,-0.534002106708359,1
ai_seeking_opinions_007,ai,seeking_opinions,612,41.68431883518843,9.423027622529363,8.314948588811788,7.903913035824397,7.383305420038083,7.767058641137407,7.536973670249132,6.720727689552356,5.936856022234042,6.118616124886322,5.605926798601887,4.720419745535539,4.662821427342823,4.76020619518654,927.7879341565263,1.0998731385544518,43.5390753568944,461.77277348886025,0.04692783097732004,0.6801023786416218,-0.24565920291542753,1
ai_seeking_opinions_008,ai,seeking_opinions,588,45.49765488567866,10.3452093118176,9.935027058647812,9.522253631075312,9.004534508216583,8.464291741762187,8.22013299777854,7.491918553888635,7.140696479144093,6.083213096140599,6.009386111616876,5.37002377201511,4.866408277940437,5.478801033877163,1014.3227171399213,1.3971690718621674,36.52424637385394,501.7813764213181,0.03600850671750812,0.29265011444578903,-0.13516237419633903,1
ai_seeking_opinions_009,ai,seeking_opinions,610,53.76728820578095,7.039743605897755,7.222113898004706,6.599232812550551,6.367430446765765,6.139025330971814,5.949141869665295,5.735603793769999,5.03348884999094,4.430607064034473,4.476356449638154,4.304775195785681,3.9253015773473034,3.1144420285504513,575.6108351306306,0.848430470280454,16.63459410409031,314.6814521104694,0.028899028803575623,0.6478146899586358,-0.5312269265360738,1
ai_seeking_opinions_010,ai,seeking_opinions,578,44.23405005632018,9.712458589208754,8.735668680439627,7.944345752995419,8.209937356531075,7.722869090161985,7.458701633213418,6.5255568500755174,5.286650926838937,4.93477313566145,4.724498189230915,4.017346513140316,3.7779271788801925,5.934531410328562,1166.8665612746656,1.496043255561704,44.92648219235143,617.0985209393589,0.038501816474434306,0.1312116710308587,-0.2109792647615298,1
ai_seeking_opinions_011,ai,seeking_opinions,569,69.82830434305767,7.677815784797994,7.122382141046864,7.108826030218164,7.062580664852853,6.852593779994686,6.754674150306321,6.484104726388067,6.144589894685086,5.4469606854516375,5.309175417339524,4.864691020653308,4.357239295195978,3.3205764896020167,553.1459116522044,0.7670185762483936,18.48344688938785,327.87873863668165,0.033415137850660796,-0.0140829280425786,-0.4547724131995828,1
ai_seeking_opinions_012,ai,seeking_opinions,593,53.3105022760114,8.285765458842764,7.751492778553632,8.120756895231448,8.333897382427578,7.405809527055287,6.713899544279162,6.2512748012140005,5.6742575045606864,4.968950662979153,4.4862119054333025,4.137547793050517,3.8337526851883164,4.452012773654448,820.1053966869218,1.2355377110465071,15.835444546647139,452.1719872780278,0.01930903590028731,0.3733693361532542,-0.38192721167037097,1
ai_seeking_opinions_013,ai,seeking_opinions,577,26.63310832053054,8.267080516514941,8.169751272000994,8.068353010950181,8.025213166521423,6.658203508805714,6.197238781708381,6.18130124322143,6.197803802436791,5.636093020635579,5.5724302637306335,5.151310211338201,4.745883986498719,3.521196530016222,649.002057983817,0.9294677454484066,23.785814101175987,161.57169528597166,0.036649828469063325,0.11506782668936567,-0.38416606210082904,1
ai_seeking_opinions_014,ai,seeking_opinions,608,47.43816769980577,7.159221964919208,6.929763312620043,6.958597949890281,6.834764869234711,6.5783031972493395,6.412639894952146,5.4105938003916085,5.460485112844797,5.538427737580672,4.991091016657231,3.969956545574988,3.732338368639959,3.426883596279249,555.7301060169846,0.8493616756379825,11.300751664646551,377.1949706797161,0.020334963937154723,0.6155270012756497,-0.5169108975736891,1
ai_seeking_opinions_015,ai,seeking_opinions,600,31.981955494020326,7.740484232369806,6.977828676702829,7.396260731746845,7.145358357207609,6.681294865915839,6.0799965029894585,5.734821183362756,5.366659144605795,5.002340076834369,5.276599957837419,4.741923748460379,4.422221306585459,3.3182629257843477,629.439392800769,0.8331365440858064,23.113737325286074,234.37640409428496,0.036721148357808715,0.4863762465437054,-0.4472634105834299,1
ai_seeking_opinions_016,ai,seeking_opinions,572,65.22950778691799,7.632350853488816,6.982310878774197,6.770632045345193,6.729814361373957,6.503028109785968,6.294280752157954,5.951355493981337,5.85953468218069,5.0484003942442035,4.824948343766144,4.336902691002892,4.024387515669183,3.6079633378196334,649.8024354850734,0.8467904299022838,25.849116439068354,324.22561634789184,0.039779962381600115,0.0343486049819005,-0.46022007149289895,1
ai_seeking_opinions_017,ai,seeking_opinions,600,41.40730627149537,8.359103365757418,8.069428407885448,8.170730156448045,7.530145507972058,6.331953982673962,6.2476900020300254,5.622199368820561,5.357959804015531,4.6611014232524655,4.341239056234141,3.9078117952919413,3.400753893733506,4.9583494720239125,919.0013973094606,1.311972204739432,31.548788335014756,414.49601549950967,0.03432942368464229,0.4863762465437054,-0.3731397826495025,1
ai_seeking_opinions_018,ai,seeking_opinions,595,45.368508892156584,7.4857113657034935,6.668260650753547,6.56067965909937,6.522919874036668,6.793075255176797,6.57676573755896,5.736783851831546,5.5303358723046,5.20861535761901,4.950102242324289,4.411207353073558,4.264156945839751,3.2215544198637422,598.5412755465508,0.7552928730427854,21.92355003300894,373.0139048091662,0.03662830105240397,0.4056570248362403,-0.47779057690791726,1
ai_seeking_opinions_019,ai,seeking_opinions,580,36.488324387902395,8.507811174681438,7.976111413895505,7.229957902211967,7.198969573484267,7.203589923717728,6.476817136732243,6.188896667158939,5.307143738934042,4.967769326860913,4.7449905543404025,4.44469218082108,4.284288040612778,4.223523134068659,852.9046955854886,1.0886413643837165,33.64900789971109,364.3130231851579,0.039452248385867125,0.16349935971384477,-0.3553214487108285,1
ai_seeking_opinions_020,ai,seeking_opinions,557,70.9418663752325,7.584822057761697,7.669830416412175,7.092452506629776,6.84599936826132,6.5253846470147305,6.464633287744885,6.403378767606031,6.172882966351402,5.426810849554309,5.371352402678639,4.788670045805261,4.437248066122841,3.147573991638856,535.7487748737217,0.7753546326470566,19.018635272971004,265.8078551169848,0.03549916708153701,-0.207809060140495,-0.4659150243006667,1
ai_seeking_opinions_021,ai,seeking_opinions,591,37.847003644235045,7.607591597487448,7.2299462091817075,7.191244253768739,7.196721934968537,6.795558822921029,6.1803049380196375,5.668228135416983,5.5647438712741515,4.998585111038398,4.995170823500268,4.673734893485108,4.378753912183583,3.2288376853038656,609.2970915392307,0.8556962052083233,17.846597737613862,271.7382820808272,0.02929046927259914,0.34108164747026815,-0.4631867528978473,1
ai_seeking_opinions_022,ai,seeking_opinions,620,45.7922181907913,10.259190333886945,10.062864666415566,9.41190149783937,8.822190843253267,8.80593089682306,8.636378607370476,7.735325211612602,6.501879742111051,7.087448475016794,6.205318090346043,5.6971482198488665,5.460126251373254,4.799064082513691,916.0759204442808,1.2577463983893364,30.913777360454837,521.652316344137,0.033745868296005635,0.8092531333735661,-0.14546926315477265,1
ai_seeking_opinions_023,ai,seeking_opinions,612,37.196489120746904,7.545608819890875,7.134149432102837,6.752199427502078,6.638557974585437,6.144597461853218,5.9369590394033365,5.581398935236408,5.704475089517825,4.998780440775813,4.7114449755838015,4.156802746853477,4.097351232281413,3.4482575876094614,661.154440242434,0.8587015772965151,27.904470178791374,272.9124192344341,0.04220567613303676,0.6801023786416218,-0.47061359778012646,1
ai_seeking_opinions_024,ai,seeking_opinions,607,74.19381510045812,8.128584116103651,8.260065696509011,8.153731275712593,8.309573649927463,7.781713888993571,7.74721352072106,7.308934591097852,6.770396134616493,5.4186757223274356,5.423718430119905,4.7382755136190715,4.551008906229979,3.5775752098736726,599.3626395572855,1.0258636868503292,2.587992035410924,511.3476341561743,0.0043179068307002315,0.5993831569341567,-0.40076085379124765,1
ai_seeking_opinions_025,ai,seeking_opinions,587,56.71866267879862,9.290065126220957,8.925781177377798,8.333379905980546,7.902365861951372,7.52558805868179,7.770552263109748,7.160050923786112,6.713327072385108,6.597388802852361,5.483554440378342,4.676953215211034,4.543182399983877,4.7468827262370805,857.8995485030798,1.1539672535820664,33.80394025470997,483.72472691145896,0.03940314494126187,0.276506270104296,-0.2615909161030878,1
ai_seeking_opinions_026,ai,seeking_opinions,563,38.832008071606026,7.290042026220449,7.067003290049607,6.845789593491832,6.709103665502412,6.241478267605036,5.792849797708244,4.854451470957659,5.209444101061893,4.683160329799014,4.07878077536775,3.7696740448895247,3.4942644513533416,3.795777574867107,705.7425982663278,1.007326385265693,20.532073822878175,349.83946525671576,0.029092864556164902,-0.1109459940915368,-0.5012358933152758,1
ai_seeking_opinions_027,ai,seeking_opinions,595,26.99663051370638,7.523916952061982,7.21333437226546,6.517927577281392,6.192400783899399,5.8572470544320865,5.409276443151575,5.270012417084645,5.080286651419014,4.276574012891822,4.4018899550057675,3.953124846486906,3.8549765560504707,3.6689403960115112,746.3830872316332,0.9357012129157302,35.04730604396474,237.65630719173737,0.0469561899827563,0.4056570248362403,-0.47321274134579,1
ai_seeking_opinions_028,ai,seeking_opinions,603,43.604004804995,9.882180810936491,9.887742315455379,9.670221052751161,9.384477694309949,8.209987208772763,7.847312938553555,7.190826252270926,6.932534417025398,6.3463179088512405,6.151416242955061,5.406684650903239,4.8602107334157605,5.021970077520731,894.8200702454736,1.339482411694869,25.3288320212666,413.68083481042936,0.028306061591039423,0.5348077795681846,-0.1906429606666746,1
ai_seeking_opinions_029,ai,seeking_opinions,587,57.16863538682041,5.544950030329302,5.020047890408715,4.893735619967441,4.812232196072357,4.664612699012657,4.748218271116618,4.638428147004354,4.106647975065708,3.7136130831584584,3.635720391912499,3.3366999411321645,3.1224439508736412,2.4225060794556605,443.8218576319537,0.558984390008933,19.330398894055357,246.0235446742571,0.043554409413709846,0.276506270104296,-0.7103347440177499,1
ai_distance_learning_000,ai,distance_learning,561,41.54527847932927,6.606453834517501,6.315724374924972,5.927969932560814,6.058830324453863,5.921423851129006,5.712337941072177,4.931872877546566,4.568521012884427,4.325315127152786,4.344736264480933,4.12314605812813,3.8870025007844338,2.719451333733067,526.5889304915631,0.7149390344527743,16.21929794746793,310.08767241234284,0.030800681534128432,-0.14323368277452286,-0.5831441855860662,1
ai_distance_learning_001,ai,distance_learning,583,32.2825548301223,9.314355967371256,8.871911179980648,8.602456767645222,8.07888536951097,7.590262850680624,7.4062586844448495,6.913635123979706,6.737799119838563,6.162259454436458,6.172550984282791,5.858604251450837,5.480762255713259,3.833593711657997,744.4858458934423,0.9566412930412235,33.455333600858964,283.6167209170683,0.04493750121026129,0.21193089273832388,-0.2586803606830396,1
ai_distance_learning_002,ai,distance_learning,573,29.67016616346772,6.7383202956565755,5.964637118781411,5.902399428279556,5.837443187603315,5.44989626635862,5.026673750031717,4.8274442998581115,4.40258482336183,4.040297131517533,3.774198513132181,3.779186113461398,3.5615367391370474,3.176783556519528,648.9787451577962,0.7923400718948231,28.99765724221138,236.5722616956165,0.044681982974898095,0.050492449323393536,-0.5673438005431547,1
ai_distance_learning_003,ai,distance_learning,596,74.09523536089326,7.748653751305819,7.304858632970642,7.319403455151598,7.218451459974307,7.362202936567479,6.913305548386724,6.830073143829279,6.192217383759828,6.0525613757282715,5.8168042048446305,5.555947811980631,4.547664749298752,3.2009890020070673,461.6095053292678,0.6765919599720152,13.10639473552978,261.38511313986066,0.028392818137878115,0.4218008691777333,-0.4462845297998755,1
ai_distance_learning_004,ai,distance_learning,564,41.112907750175474,8.86188677564481,8.634439672682474,8.642398864703553,8.347747604555726,7.4493042665845435,7.072544387044918,6.39021785953547,5.9298442707141925,5.460341579777036,5.246492362140565,4.8292231933890575,4.50595466085863,4.355932114786181,827.4297416474126,1.2037708980222899,23.330604709030595,403.286441892006,0.028196478244278917,-0.09480214975004377,-0.31289571906588703,1
ai_distance_learning_005,ai,distance_learning,595,22.412085420709754,6.00695627660895,5.534679538344406,5.484199120175249,5.139560663252547,4.69492503392186,4.820949330862941,4.773038613753737,4.757527428670916,4.349609191791062,4.269790266395137,3.8585153969036403,3.5594046408062923,2.4475516358026574,435.8827613568367,0.5274181718556661,24.424786983412154,145.79241852631864,0.05603522127688994,0.4056570248362403,-0.6549766452230176,1
ai_distance_learning_006,ai,distance_learning,562,61.05530709371307,6.2160625640720255,5.940527681758826,5.6915189848506955,5.467851928317651,5.2584211588633645,5.281309885011647,5.290663542660167,4.918191374703145,4.339031841200252,4.200907153886226,4.04229478164294,3.7574222041808083,2.458640359891217,447.1131063512966,0.5897715586184759,19.089719618575167,218.63878662319672,0.04269550444261945,-0.12708983843302984,-0.6299212988652674,1
ai_distance_learning_007,ai,distance_learning,564,26.576608168062233,6.713864549137227,6.119576849138548,5.904658134209611,5.709400370254884,5.300966942251269,4.658738131356274,4.524461273700203,4.529356621705581,4.614345943855835,4.310914163207345,3.7450725483627245,3.4743763353860766,3.2394882137511507,611.2566268500542,0.7383322517762811,31.16444805921072,119.74386120790987,0.05098422935683868,-0.09480214975004377,-0.5702741151066889,1
ai_distance_learning_008,ai,distance_learning,571,55.259129817621876,6.584634620547182,6.0570854377038295,5.682158127184753,5.64251106462974,5.407019125105187,5.356569308041603,5.23720995909938,5.193883999399715,4.610135130827001,4.806519527776649,4.283610411845661,3.8504717019099637,2.7341629186372183,473.75963212195444,0.5652105939524723,25.706029253886058,172.96697286681874,0.05425964457703913,0.018204760640407467,-0.5857585879070711,1
ai_distance_learning_009,ai,distance_learning,597,51.43079141557827,6.50863048878947,6.127952466794738,5.8806240964782655,5.722260550200785,5.494118469180558,5.515437357106907,5.215998883804041,4.779947646542282,4.485646469946559,4.31032190262738,3.9924526846928585,3.736367173624872,2.7722633151645986,510.9599712057211,0.6684921368148203,20.84182597235742,267.64288373646957,0.04078954741440235,0.43794471351922637,-0.5948654869339395,1
ai_distance_learning_010,ai,distance_learning,601,41.646495393170696,7.170764618447261,6.986982746481448,6.872436420521921,6.994065768948629,6.150238764450681,6.2299384377739075,5.168894516578344,5.019236499868343,4.800650844307773,4.610995709401777,4.226885435418044,4.009692844879958,3.1610717735673024,594.3844637270763,0.8716233711596589,14.916144931222448,368.7232543250227,0.025095112408711102,0.5025200908851984,-0.5155278440771082,1
ai_distance_learning_011,ai,distance_learning,588,46.675259382351136,6.496860756330754,6.609555000307717,6.406321995884849,6.035302820826539,6.064574411922075,5.928019560969827,5.230965503469152,4.697758638410963,4.292739792323159,4.28532684033976,4.08017822501198,4.08049722844106,2.416363527889694,485.07469936704484,0.7419588284525918,8.41438121561421,349.2398903905829,0.017346567913341614,0.29265011444578903,-0.5962757492788404,1
ai_distance_learning_012,ai,distance_learning,581,32.205689777497504,8.950982471881305,8.128930034551333,7.139474609014088,7.03295824257791,6.885148943984371,6.72421723119545,6.4606826554709595,6.488235582550862,6.01868185268911,5.945275830072399,5.256102670709603,4.490676194479136,4.46030627740217,781.5506068673473,0.8778610321633766,47.47611576252803,235.27907719118753,0.06074605450416618,0.17964320405533782,-0.3022201743212822,1
ai_distance_learning_013,ai,distance_learning,566,76.8132839986977,7.219424012982431,6.637032971620739,6.358649921192686,6.3050801911132295,6.2250787337833575,6.192180370756198,5.953999182076963,5.771796946361641,4.891779505695994,4.718896408346935,4.220275278920938,3.619425292799849,3.5999987201825823,588.1856835789629,0.7845382145632154,23.32246026631848,334.7606474539681,0.03965152657984999,-0.0625144610670577,-0.5096974216712186,1
ai_distance_learning_014,ai,distance_learning,572,84.04754195407737,6.098009201660288,5.953936789531849,5.571570849245489,5.411432950620512,5.564678908485741,5.459378390304065,5.407186349663485,5.380370604933558,4.443757184017827,4.343479145861755,3.777331231173133,3.4891822050468257,2.608826996613462,416.1675658451701,0.5972704797387531,13.622666155232874,259.4915979461432,0.03273360846265712,0.0343486049819005,-0.6440665831597218,1
ai_distance_learning_015,ai,distance_learning,579,28.899359356877852,8.382498487932748,7.359358416459279,6.370514440500462,6.485974988327675,6.202928367273949,5.7204954055796255,5.348107114555056,4.919694996454555,4.465246269493954,4.558723559385704,3.8652685400566344,3.4324551353793042,4.950043352553444,960.9551527023622,1.1011909111275042,51.60421076793635,313.0622514873263,0.05370095641073042,0.14735551537235173,-0.37033655326651094,1
ai_distance_learning_016,ai,distance_learning,578,54.45144072592646,11.659225213834837,10.078460620921875,9.65745051581906,9.990655038606338,9.563687534904945,9.193910503362503,8.95791557365337,8.633825426130299,8.436718335778325,8.395661911206401,7.443854094687547,5.995249886396672,5.663975327438165,897.3224260474267,1.0291822913917235,50.96713848841443,294.1247924132093,0.056799135972692864,0.1312116710308587,0.022284462740341054,1
ai_distance_learning_017,ai,distance_learning,585,44.87159517882587,6.776423939142651,6.5739951058716795,6.403035645449521,6.39247397651302,6.370703139354458,5.8610147663137635,5.1461978505680745,4.797729539049222,4.63645413139714,4.448214089776123,3.995744751435612,3.795501347677952,2.980922591464699,545.9960253328925,0.8026514317459509,11.514371373255285,329.42999924596637,0.02108874577655579,0.24421858142130995,-0.5627781798886135,1
ai_distance_learning_018,ai,distance_learning,544,42.78606608992669,4.248293024634919,4.03090655139311,4.221198125245535,4.050770247311733,3.9860249664961636,3.7440531417942595,3.5625263078540406,3.604925750876613,3.421662250079982,3.33480999363474,3.176823180884186,2.9950682054568056,1.2532248191781137,215.70180173986844,0.307876015296456,6.278166150936579,96.47390183262405,0.029105765924514193,-0.41767903657990446,-0.8657016188211334,1
ai_distance_learning_019,ai,distance_learning,594,26.44209026454688,7.363333441337501,6.826976386643483,6.460812991954801,6.3351452354020195,6.007104243016431,5.571104873753918,5.563932765713422,5.522006731843106,5.382549338226382,5.138832321168978,4.641112773119773,4.38468759093922,2.978645850398281,556.9634025336666,0.6601118729505747,29.943387108822648,125.56081628612131,0.05376185755223418,0.38951318049474726,-0.49245403499295426,1
ai_distance_learning_020,ai,distance_learning,546,65.88662975390288,5.788959507737628,5.4464333643569365,5.55264168852088,5.393947441450141,5.165962029972447,5.123868639345848,4.833325798293882,4.741422824358536,4.054030895371526,4.12002957317121,3.956103632387222,3.612832761865719,2.176126745871909,380.6467225883661,0.5342346999850908,12.32979154380325,219.33657652480412,0.032391692380698014,-0.38539134789691837,-0.6810972588841724,1
ai_distance_learning_021,ai,distance_learning,597,92.52991350991786,8.417929695821947,8.405390799721166,8.142807145649547,8.067554586206619,8.117817681745224,8.122913781651468,7.785224538206493,7.9149973222484755,6.679201769581705,6.232826793436711,5.545101283869598,5.208493684079748,3.2094360117421985,478.4748467079345,0.782350929157753,6.833856212080384,405.5574257216668,0.014282581956187623,0.43794471351922637,-0.3660911467973531,1
ai_distance_learning_022,ai,distance_learning,583,23.287570690554862,8.132743346072635,7.079437018928079,7.044828274796621,6.876617115074533,6.477149785232917,6.254320201033826,5.888873196923276,5.8246502645838705,5.37679392302716,5.150228453934161,4.822456303612788,4.892704282879437,3.2400390631931977,690.0743426486889,0.7712323303169422,36.860084046543875,232.44747411345182,0.053414656607960624,0.21193089273832388,-0.40026249026177785,1
ai_distance_learning_023,ai,distance_learning,598,62.2821027622663,7.528127718184106,7.036319975694648,6.922022894688953,6.690483621419766,6.305501878187537,6.280774296643096,6.144954721234696,5.693698760924148,5.032854946735569,4.712407380335186,4.226183218310608,3.9561712246302356,3.571956493553871,640.954186237148,0.8681358921902916,24.187935250661084,337.35908456130045,0.037737385557400416,0.4540885578607194,-0.47270820269752034,1
ai_distance_learning_024,ai,distance_learning,586,35.84478959059101,7.148903473642484,6.812504387816715,6.259497982205784,6.262178072315031,5.99320087860892,5.627520194636399,5.028103796788163,4.8912554007087214,4.771689687504609,4.586949041181226,4.473606256763092,3.8180581747707563,3.330845298871728,602.6928647641644,0.7804994659882314,25.55472459330745,236.34828567349388,0.042400907804520126,0.260362425762803,-0.5181472705970177,1
ai_distance_learning_025,ai,distance_learning,573,33.688915554255885,9.245911041868922,8.573360869275875,8.532387845717514,8.182795161973102,7.799712901175699,7.164583698450019,6.587165932871024,6.441449389288029,6.1438570770614485,5.928875328257238,5.041071881854754,4.961355124332361,4.2845559175365615,823.0144401361099,1.0799799290511716,31.817883253574138,324.9792319567015,0.03866017617906207,0.050492449323393536,-0.26688150726594284,1
ai_distance_learning_026,ai,distance_learning,579,44.701829467663295,6.393631353483875,6.1968810826837,5.974784372406433,5.856284213536737,5.8381881472929065,5.592363796364203,5.042181973431907,4.63322294946525,4.597174068324832,4.4299630559399725,4.061915167686037,3.9175567778577625,2.4760745756261127,463.82515367772953,0.6499380823209013,13.335087725199733,271.0061331577232,0.02875024698307994,0.14735551537235173,-0.6086448103626158,1
ai_distance_learning_027,ai,distance_learning,604,51.79201576717951,8.828949924554037,8.891821440388176,8.782490420941775,8.700093826178067,7.6899502944369775,7.264511719456786,7.0589222940865435,6.3323727476084715,6.026280930015951,6.007804474315592,5.49428809868154,4.9445087466338045,3.884441177920232,679.6519023635965,1.0540198439886042,16.07723840269378,313.1405060191187,0.023655106896313616,0.5509516239096776,-0.3168422489480108,1
ai_distance_learning_028,ai,distance_learning,558,41.91694614271157,4.885640363541458,4.79907330357688,4.461703881202172,4.263938706979399,4.16658649415555,4.048257355577831,3.879107542220456,3.5860006812712095,3.559997727633504,3.3400855970503596,3.129165709634545,3.001193148974853,1.8844472145666047,358.19301053166157,0.4726581287080807,14.87418709552958,155.74502965227956,0.041525620707818955,-0.19166521579900198,-0.7893339566133983,1
ai_distance_learning_029,ai,distance_learning,591,44.311111075701376,7.325639810460013,6.943489302800567,6.7709062246003215,6.857818430330815,6.652666885946607,5.992394937336789,5.418541990640596,5.013947299837292,4.274914077240376,4.145493203827438,3.990951110917822,3.7760541432266432,3.5495856672333694,691.2084506040537,0.9817858095710628,17.27122754345187,375.2903714809996,0.024987002876423716,0.34108164747026815,-0.49697052748380494,1
ai_driverless_cars_000,ai,driverless_cars,606,57.95621326045548,6.765015693124702,6.4045502865280035,6.1873030017524835,6.19849673533418,5.941798808572716,5.798862982061332,5.5625276254836065,5.161757812192775,4.529380451464826,4.474188581876726,4.261844208539894,3.861270841657955,2.9037448514667465,517.6722313058013,0.7124728234384281,17.602172059288158,283.65185196831845,0.03400254252558147,0.5832393125926636,-0.5641451285288576,1
ai_driverless_cars_001,ai,driverless_cars,602,48.32837981902533,4.917013697043806,4.7287336162131695,4.653587631909166,4.378439411236878,4.525048290214921,4.564872287694556,3.991173389955375,3.886666231431616,3.695953942931515,3.5339975591721227,3.3904209692669474,3.0610433276415834,1.8559703694022223,314.4931477016563,0.44312026505623453,9.582559190730743,226.03091281669373,0.03046985049041905,0.5186639352266915,-0.7855747691358944,1
ai_driverless_cars_002,ai,driverless_cars,605,36.92611759242579,8.464386606271177,8.510907242952467,7.801716046251177,7.774651771992645,7.097096931029216,6.647836209453939,5.924869284423015,5.686976161186354,5.259838476116417,5.172076392608751,4.908355056379959,4.386108301619601,4.078278304651575,765.2974140570119,1.0882666260019618,24.807527688230657,333.5825974817202,0.03241553836791429,0.5670954682511706,-0.36052462846766403,1
ai_driverless_cars_003,ai,driverless_cars,620,12.112018146861622,6.452432832794004,6.240977799196864,4.941393080116213,4.802045860842701,4.760856650555266,4.702809865309584,4.669574443412267,4.3379529369275485,4.21211069302323,3.8619882141558195,3.689706935807131,3.4225486188017524,3.029884213992252,600.3960401976428,0.6661419149495693,37.32340230465513,171.1570931764776,0.06216463768210186,0.8092531333735661,-0.6015991521553105,1
ai_driverless_cars_004,ai,driverless_cars,628,44.611388473488276,6.494412835144704,6.505235203728039,6.1748856029562225,6.026097121482372,5.49809372526043,5.281213376548651,4.985029026951085,4.764139190028488,4.575141678136082,4.460128665609743,3.9663184077635587,3.6011019313848025,2.8933109037599016,505.6966779671727,0.733364426801712,16.868064449852987,217.0719347918038,0.03335609108143672,0.9384038881055103,-0.5965690618995036,1
ai_driverless_cars_005,ai,driverless_cars,618,15.937917097129617,5.707535348963256,5.00643184205717,4.770550076934197,4.522973447161444,4.467407707778791,4.396659903104257,4.29479440613434,4.198582094667432,3.907968917430391,3.764727480348014,3.565378036228478,3.3460966832892125,2.361438665674043,461.634995013876,0.48964961452600764,28.82424943946316,139.17464570199706,0.06243948086863898,0.77696544469058,-0.6908535915355308,1
ai_driverless_cars_006,ai,driverless_cars,615,33.926073786326754,5.275592834877921,5.279086811034234,4.849396490990911,4.629134379230316,4.383337186704705,4.258729599844861,3.9891508425355156,3.8292791063339955,3.5003569216091672,3.2316956278242417,3.1956475998129443,3.176962792586291,2.09863004229163,435.391837133791,0.5851946624375403,16.775058330326388,190.83941415605906,0.03852864684087222,0.7285339116661009,-0.7426094207281682,1
ai_driverless_cars_007,ai,driverless_cars,586,7.935290899830459,5.912068147157637,4.44472226547592,4.411525069031775,4.218209664322223,4.132290545276267,4.194139602631518,3.884164375899146,3.7411740870953856,3.6932115468530156,3.5991957490227033,3.478102760558936,3.0248516996147554,2.8872164475428814,571.6219852511508,0.5012278239805923,43.14464172939823,143.66134954790192,0.0754775758151464,0.260362425762803,-0.6663462457141626,1
ai_driverless_cars_008,ai,driverless_cars,625,19.402695472848297,7.186240989231596,6.450226180189084,5.747685281018052,5.788475405390136,5.017981608795289,4.863552326066784,4.773002422508274,4.736672297004918,4.359823755162866,4.330196695448645,4.1843359591270675,3.73527088316593,3.450970106065666,689.7931231671266,0.7492091770776234,43.72170526822269,125.7891573499861,0.06338379406781876,0.8899723550810313,-0.5136734482334109,1
ai_driverless_cars_009,ai,driverless_cars,614,20.370745513505764,6.468284308398847,6.14105167298201,5.492822383283447,5.318175258222768,4.851917044578194,4.789033365427297,4.893230458421839,4.622227350414541,4.468487200209937,4.247699208128704,4.1285939010344475,3.6585922091911303,2.8096920992077163,524.9315360816452,0.6096937607761205,31.75937442563684,117.01995043038119,0.0605019364290911,0.712390067324608,-0.5996998108376521,1
ai_driverless_cars_010,ai,driverless_cars,605,35.48079263641332,5.1493086815089795,4.9004862706698304,4.766898915242327,4.735495221375788,4.353239698592476,4.216050968052287,3.8008956208555054,3.5161353205609998,3.6118345658944317,3.3089166656748175,3.2376265894726415,3.102159545159324,2.0471491363496557,408.74063824046175,0.5419084611490712,15.109392186381154,184.5815182397815,0.036965720490685125,0.5670954682511706,-0.7577409274874415,1
ai_driverless_cars_011,ai,driverless_cars,606,51.50482373651186,4.974963153390366,4.96175801352492,4.740887229216665,4.68740538042557,4.546246023273353,4.229135824782911,4.062392154253644,3.925077263590473,3.7742763216703734,3.6320826302094553,3.2841235975064276,3.08966309409532,1.8853000592950462,326.31611042129293,0.48053432689437875,9.127517249311285,150.12327156391166,0.027971396317292254,0.5832393125926636,-0.77863120126129,1
ai_driverless_cars_012,ai,driverless_cars,625,41.99086847366145,5.422094327131282,5.217405790406,5.13861294875625,5.0206034679837686,4.944634116099528,4.824673189762322,4.066080307061839,3.977176369149418,3.9988410521070796,3.9051232840722907,3.6708273759650383,3.2798768378788363,2.1422174892524453,370.71537486296756,0.5269508119646901,10.5709910530162,226.32204903930437,0.028515113668872504,0.8899723550810313,-0.7250554500902294,1
ai_driverless_cars_013,ai,driverless_cars,645,39.328970364249734,6.405051126182833,6.204210677059449,5.863454584282671,5.664127385118604,5.3323540922644925,5.123934799930897,4.910962875317937,4.894936526120003,4.666608186829104,3.999621109091188,3.7865398950884983,3.6477103581907584,2.757340767992075,518.4288632576979,0.6899074642211933,21.121331986834033,210.33747419043013,0.04074104179715617,1.212849241910892,-0.60727648058272,1
ai_driverless_cars_014,ai,driverless_cars,601,41.455967322631025,5.627770211666826,5.552925083674402,5.199013168718713,5.069491281946272,4.8696271457192095,4.530156728193087,4.364607842314804,4.295556766755834,4.091742433875889,4.027609729365712,3.65483537691987,3.2368651378239712,2.390905073842855,405.5216930053875,0.5614809572262502,15.819680723561369,143.83659198370856,0.039010689184884616,0.5025200908851984,-0.7004111384007271,1
ai_driverless_cars_015,ai,driverless_cars,604,29.01360909174869,7.0733598770085,6.5935576268075105,6.322074595641024,6.00268715368799,5.836525364526197,5.5400013720183825,5.193125906451609,5.095077565376725,4.969265516023397,4.854555067708639,4.569153460529597,4.228027005854194,2.845332871154306,542.3593965635139,0.6555002619106339,27.37649658601583,171.51059485971166,0.05047667056103058,0.5509516239096776,-0.5271989877966207,1
ai_driverless_cars_016,ai,driverless_cars,602,16.432514277149057,6.773413235128631,5.433616386629045,5.354611063675309,5.28003408624994,5.187256397618196,5.074170762971777,4.924898864825974,4.679177664028844,4.721057569528432,4.529133363571168,4.488051592281915,3.7766230186377188,2.996790216490912,548.4739661741505,0.5121172035488407,39.480895561794675,128.3627568492206,0.0719831714843121,0.5186639352266915,-0.5631389257694147,1
ai_driverless_cars_017,ai,driverless_cars,605,14.68031511248914,6.751228618437461,6.195245387423141,5.731124523600359,5.19192098243366,4.985870366719441,4.62403532408227,4.481621771040196,4.32734311695772,4.360291464928819,4.482521952285558,4.156375852551196,3.988402728714876,2.7628258897225844,589.6852566347164,0.6262582766210245,38.29183431059341,74.90212438856025,0.06493605509000114,0.5670954682511706,-0.5657971110480824,1
ai_driverless_cars_018,ai,driverless_cars,588,31.229140789227305,4.708121983396843,4.586920503975709,4.311650557227766,4.152326761773575,3.9865592443936264,3.7641084548046417,3.515161643811634,3.42686503129602,3.3593172717888744,3.319502244250907,3.114211943042997,2.8629644862370225,1.8451574971598208,343.21444023323613,0.44818434458956635,14.954018978494993,116.80139085008794,0.04357048313099175,0.29265011444578903,-0.8106044050219642,1
ai_driverless_cars_019,ai,driverless_cars,593,10.811689369776403,7.751413550770543,6.372890004368498,5.907397894227883,5.830223193527834,5.628840069810483,5.53314043710892,5.2855178172552275,5.127187850770519,4.91032203921933,4.7785973463297,4.586510230230498,4.339956849067876,3.411456701702667,715.7834458549482,0.6729232398594717,50.27097925756205,168.6192891371826,0.0702321065801085,0.3733693361532542,-0.44595384757933826,1
ai_driverless_cars_020,ai,driverless_cars,617,40.90798721831814,6.758316253853685,6.680018662722213,6.435847507413847,6.41094659925219,6.26254952779777,6.266350770561916,5.735067348918337,5.701541315991249,5.550401368340348,5.550443026989542,5.471028912170274,5.18280204610698,1.5755142077467053,284.7256196150454,0.3942472922732734,9.62127901950862,164.90407233818038,0.03379140602983594,0.760821600349087,-0.5649478627429958,1
ai_driverless_cars_021,ai,driverless_cars,630,36.4284093969376,5.124167138278737,5.028320858586486,4.885123606468097,4.7863727121058774,4.159332792722682,4.09712129777628,3.9485731163045688,3.954308196736808,3.6695270068595374,3.613952939088699,3.283968179544488,2.987846436932908,2.136320701345829,375.46943117071424,0.5241381244972116,15.193183929506983,130.2179789686569,0.04046450301462522,0.9706915767884965,-0.7607534149704556,1
ai_driverless_cars_022,ai,driverless_cars,604,37.50247806455455,7.351328437677703,6.781863069129653,6.46215311410669,6.295133204226944,6.187688421720835,6.122564722390077,5.605881971497844,5.467804196917193,5.4982004932934965,5.353754944787618,5.150434751805289,4.538421569212676,2.812906868465027,495.4115816831512,0.5840372927555418,26.39590915798625,193.77260030073688,0.05328076721239875,0.5509516239096776,-0.4938924877930663,1
ai_driverless_cars_023,ai,driverless_cars,606,40.71451203788148,6.527418996298744,6.217923915769457,5.367333116579229,5.327393640241581,5.226243558347836,5.066355087395236,4.6169490684063,4.432923272557515,4.041117817263591,3.825964116351359,3.501041625232735,3.115746908194794,3.4116720881039497,633.9491931380064,0.7946115052572488,29.33213511655948,277.3387424270611,0.04626890519627821,0.5832393125926636,-0.5926142272090344,1
ai_driverless_cars_024,ai,driverless_cars,635,43.47468180136961,6.759435317539991,6.582860725066153,6.459995903498257,6.140937494117309,6.015555852179292,5.651728601564356,5.13226994292297,5.038303910236976,4.9737697199463655,4.352031578758824,4.221535908873074,3.7989440334791986,2.960491284060792,522.0583208794562,0.7457788323235574,15.996905553386506,257.9351109475276,0.030641989436042735,1.0514107984959615,-0.564813775295904,1
